Date,Adj Close,Capital Gains,Close,Dividends,High,Low,Open,Stock Splits,Volume,Spread,ADV_Dollars
2007-12-19,40.76968383789063,0.0,101.22000122070312,0.0,101.22000122070312,101.04000091552734,101.04000091552734,0.0,47900,,
2007-12-20,40.785789489746094,0.0,101.26000213623048,0.0,101.30999755859376,101.26000213623048,101.30999755859376,0.0,1500,,
2007-12-21,40.741477966308594,0.0,101.1500015258789,0.0,101.54000091552734,101.02999877929688,101.5,0.0,23500,,
2007-12-24,40.81401062011719,0.0,101.33000183105467,0.0,101.33000183105467,101.33000183105467,101.33000183105467,0.0,100,,
2007-12-26,40.84620666503906,0.0,101.41000366210938,0.0,101.41000366210938,101.29000091552734,101.29000091552734,0.0,400,,
2007-12-27,40.81435012817383,0.0,101.16999816894533,0.161,101.25,101.0999984741211,101.25,0.0,1300,,
2007-12-28,40.830509185791016,0.0,101.20999908447266,0.0,101.20999908447266,101.16999816894533,101.1999969482422,0.0,2900,,
2007-12-31,40.88697814941406,0.0,101.3499984741211,0.0,101.4000015258789,101.3499984741211,101.37000274658205,0.0,1600,,
2008-01-02,40.94345474243164,0.0,101.48999786376952,0.0,101.52999877929688,101.1500015258789,101.1500015258789,0.0,7600,,
2008-01-03,41.01606750488281,0.0,101.66999816894533,0.0,101.7699966430664,101.66999816894533,101.7699966430664,0.0,2300,,
2008-01-04,41.03624725341797,0.0,101.72000122070312,0.0,101.73999786376952,101.66000366210938,101.73999786376952,0.0,1800,,
2008-01-07,41.129032135009766,0.0,101.9499969482422,0.0,101.9499969482422,101.69000244140624,101.86000061035156,0.0,11000,,
2008-01-08,41.22990036010742,0.0,102.1999969482422,0.0,102.2300033569336,101.23999786376952,102.2300033569336,0.0,45700,,
2008-01-09,41.19758987426758,0.0,102.12000274658205,0.0,102.22000122070312,102.12000274658205,102.22000122070312,0.0,1400,,
2008-01-10,41.2339096069336,0.0,102.20999908447266,0.0,102.20999908447266,102.08999633789062,102.08999633789062,0.0,300,0.00026880983026041555,
2008-01-11,41.08463668823242,0.0,101.83999633789062,0.0,102.06999969482422,101.83999633789062,102.0199966430664,0.0,1800,0.00030159821998948917,
2008-01-14,41.22584915161133,0.0,102.19000244140624,0.0,102.19000244140624,102.0999984741211,102.0999984741211,0.0,13100,0.00030881816910188927,
2008-01-15,41.29441452026367,0.0,102.36000061035156,0.0,102.36000061035156,102.26000213623048,102.26000213623048,0.0,104100,0.0002882302911617633,
2008-01-16,41.35091018676758,0.0,102.5,0.0,102.5,102.11000061035156,102.33999633789062,0.0,3100,0.00028882138907274655,
2008-01-17,41.314579010009766,0.0,102.41000366210938,0.0,102.4800033569336,102.3000030517578,102.4800033569336,0.0,45700,0.0003266039824447995,
2008-01-18,41.33880233764648,0.0,102.47000122070312,0.0,102.4800033569336,102.0500030517578,102.05999755859376,0.0,4300,0.0003557656258093122,
2008-01-22,41.141143798828125,0.0,101.9800033569336,0.0,102.01000213623048,101.5500030517578,102.0,0.0,6000,0.0005651779301222922,
2008-01-23,41.14918518066406,0.0,102.0,0.0,102.25,101.9000015258789,102.04000091552734,0.0,12000,0.000561940681838668,
2008-01-24,41.157257080078125,0.0,102.0199966430664,0.0,102.2699966430664,101.76000213623048,102.2699966430664,0.0,26900,0.0006674193004799939,
2008-01-25,41.221805572509766,0.0,102.18000030517578,0.0,102.25,102.05999755859376,102.05999755859376,0.0,1400,0.0006744908930711741,
2008-01-28,41.20568084716797,0.0,102.13999938964844,0.0,102.13999938964844,102.11000061035156,102.11000061035156,0.0,2000,0.0006271408361529145,
2008-01-29,41.1370964050293,0.0,101.97000122070312,0.0,102.22000122070312,101.97000122070312,102.22000122070312,0.0,1200,0.0006230077596478315,
2008-01-30,41.262149810791016,0.0,102.27999877929688,0.0,102.27999877929688,101.88999938964844,101.88999938964844,0.0,2400,0.0007096061534775191,
2008-01-31,41.27424240112305,0.0,102.30999755859376,0.0,102.33000183105467,102.1500015258789,102.3000030517578,0.0,600,0.0007057069103483297,
2008-02-01,41.27668762207031,0.0,101.83999633789062,0.476,102.27999877929688,101.55999755859376,102.27999877929688,0.0,7300,0.0007081973409108343,
2008-02-04,41.29288864135742,0.0,101.87999725341795,0.0,101.87999725341795,101.87999725341795,101.87999725341795,0.0,1100,0.0007228997965801439,
2008-02-05,41.1996955871582,0.0,101.6500015258789,0.0,101.94000244140624,101.5,101.94000244140624,0.0,11600,0.000763060896390152,
2008-02-06,41.21586990356445,0.0,101.69000244140624,0.0,101.69000244140624,101.6500015258789,101.6500015258789,0.0,1900,0.0007212707029826876,
2008-02-07,41.06998825073242,0.0,101.33000183105467,0.0,101.51000213623048,101.02999877929688,101.51000213623048,0.0,11200,0.0007168760239523211,
2008-02-08,40.91191482543945,0.0,100.94000244140624,0.0,100.94000244140624,100.6999969482422,100.81999969482422,0.0,7300,0.0007576050710012615,
2008-02-11,40.89165115356445,0.0,100.88999938964844,0.0,101.01000213623048,100.73999786376952,101.01000213623048,0.0,4300,0.0007871656581550529,
2008-02-12,40.90380096435547,0.0,100.91999816894533,0.0,100.91999816894533,100.66000366210938,100.83999633789062,0.0,3300,0.0007978314741846769,
2008-02-13,40.98080062866211,0.0,101.11000061035156,0.0,101.11000061035156,100.87999725341795,100.87999725341795,0.0,3200,0.0007978314741846769,
2008-02-14,40.976783752441406,0.0,101.0999984741211,0.0,101.13999938964844,101.0199966430664,101.13999938964844,0.0,3500,0.0007812932598659271,
2008-02-15,41.05376052856445,0.0,101.29000091552734,0.0,101.29000091552734,101.04000091552734,101.04000091552734,0.0,900,0.000739271932247564,
2008-02-19,40.74575805664063,0.0,100.52999877929688,0.0,100.81999969482422,100.52999877929688,100.81999969482422,0.0,2200,0.0008150907652946669,
2008-02-20,40.74575805664063,0.0,100.52999877929688,0.0,100.52999877929688,100.52999877929688,100.52999877929688,0.0,0,0.0006413066057453158,
2008-02-21,40.701148986816406,0.0,100.41999816894533,0.0,100.62999725341795,100.3000030517578,100.62999725341795,0.0,1600,0.0006813882686043981,
2008-02-22,40.85110855102539,0.0,100.79000091552734,0.0,100.79000091552734,100.79000091552734,100.79000091552734,0.0,1700,0.000555745190776434,
2008-02-25,40.90380096435547,0.0,100.91999816894533,0.0,100.91999816894533,100.86000061035156,100.86000061035156,0.0,2100,0.0005376661935244936,
2008-02-26,40.9402961730957,0.0,101.01000213623048,0.0,101.0199966430664,100.8499984741211,100.8499984741211,0.0,1100,0.0005512667689564502,
2008-02-27,41.02135467529297,0.0,101.20999908447266,0.0,101.26000213623048,101.16000366210938,101.16000366210938,0.0,20600,0.0005482393613945811,
2008-02-28,40.98487091064453,0.0,101.12000274658205,0.0,101.12000274658205,101.11000061035156,101.11000061035156,0.0,217400,0.00042537762092452155,
2008-02-29,41.1064567565918,0.0,101.41999816894533,0.0,101.43000030517578,101.2699966430664,101.38999938964844,0.0,3000,0.0004253776209245216,
2008-03-03,41.11219787597656,0.0,101.01000213623048,0.424,101.05999755859376,100.7300033569336,101.05999755859376,0.0,3500,0.00046728113429171474,
2008-03-04,41.05923843383789,0.0,100.87999725341795,0.0,101.01000213623048,100.68000030517578,100.76000213623048,0.0,4100,0.000574451728937266,
2008-03-05,41.1162223815918,0.0,101.0199966430664,0.0,101.0199966430664,100.9000015258789,100.98999786376952,0.0,3400,0.00057012010883143,
2008-03-06,41.05516052246094,0.0,100.87000274658205,0.0,101.02999877929688,100.87000274658205,101.02999877929688,0.0,900,0.0006271993834227286,
2008-03-07,41.01445007324219,0.0,100.7699966430664,0.0,100.8000030517578,100.6999969482422,100.8000030517578,0.0,3600,0.0006247353983019519,
2008-03-10,41.01853942871094,0.0,100.77999877929688,0.0,100.8000030517578,100.77999877929688,100.8000030517578,0.0,1300,0.0005431870776178493,
2008-03-11,40.981895446777344,0.0,100.69000244140624,0.0,100.69000244140624,100.5500030517578,100.69000244140624,0.0,1500,0.0004664902360236855,
2008-03-12,41.00224304199219,0.0,100.73999786376952,0.0,100.81999969482422,100.73999786376952,100.81999969482422,0.0,5500,0.0004293238487676655,
2008-03-13,40.90459060668945,0.0,100.5,0.0,100.83000183105467,100.38999938964844,100.77999877929688,0.0,6000,0.0004401065721013238,
2008-03-14,41.08366012573242,0.0,100.94000244140624,0.0,100.94000244140624,100.69000244140624,100.83000183105467,0.0,7000,0.0005391557780949812,
2008-03-17,40.99818420410156,0.0,100.7300033569336,0.0,100.7300033569336,100.52999877929688,100.5999984741211,0.0,700,0.0006331941326280494,
2008-03-18,41.201698303222656,0.0,101.2300033569336,0.0,101.2300033569336,100.52999877929688,100.55999755859376,0.0,6600,0.0005367808651170151,
2008-03-19,41.250518798828125,0.0,101.3499984741211,0.0,101.3499984741211,101.01000213623048,101.3000030517578,0.0,2100,0.0005052055201101318,
2008-03-20,41.24240112304688,0.0,101.33000183105467,0.0,101.33000183105467,100.91000366210938,100.91000366210938,0.0,2100,0.0006366483050160076,
2008-03-24,41.250518798828125,0.0,101.3499984741211,0.0,101.3499984741211,100.9800033569336,101.30999755859376,0.0,4300,0.0007535103110566826,
2008-03-25,41.169132232666016,0.0,101.1500015258789,0.0,101.38999938964844,101.0999984741211,101.0999984741211,0.0,5400,0.0007874828210311735,
2008-03-26,41.250518798828125,0.0,101.3499984741211,0.0,101.3499984741211,101.1999969482422,101.31999969482422,0.0,7400,0.0008187122504151785,
2008-03-27,41.2342529296875,0.0,101.30999755859376,0.0,101.30999755859376,101.0199966430664,101.0199966430664,0.0,2200,0.0008621868469773641,
2008-03-28,41.15694808959961,0.0,101.12000274658205,0.0,101.22000122070312,100.80999755859376,101.22000122070312,0.0,3900,0.0009715460336555942,
2008-03-31,41.144718170166016,0.0,101.08999633789062,0.0,101.18000030517578,101.08000183105467,101.18000030517578,0.0,2300,0.0009858756651191865,
2008-04-01,41.09933853149414,0.0,100.5199966430664,0.459,100.91000366210938,100.5,100.73999786376952,0.0,19500,0.0009540527751996465,
2008-04-02,41.22605895996094,0.0,100.83000183105467,0.0,100.87999725341795,100.52999877929688,100.87999725341795,0.0,1800,0.0010050500794385301,
2008-04-03,41.25879287719727,0.0,100.91000366210938,0.0,100.91999816894533,100.63999938964844,100.91999816894533,0.0,3700,0.001049512082840465,
2008-04-04,41.389644622802734,0.0,101.2300033569336,0.0,101.25,101.20999908447266,101.25,0.0,2900,0.0010016932771692076,
2008-04-07,41.5000114440918,0.0,101.5,0.0,101.5,101.43000030517578,101.48999786376952,0.0,1600,0.0010016932771692076,
2008-04-08,41.51230239868164,0.0,101.52999877929688,0.0,101.52999877929688,101.23999786376952,101.47000122070312,0.0,3400,0.0010092217964019425,
2008-04-09,41.50819778442383,0.0,101.5199966430664,0.0,101.56999969482422,101.51000213623048,101.56999969482422,0.0,1200,0.0010092217964019425,
2008-04-10,41.61450958251953,0.0,101.77999877929688,0.0,101.77999877929688,101.44000244140624,101.63999938964844,0.0,2300,0.001015470985080836,
2008-04-11,41.65949630737305,0.0,101.88999938964844,0.0,101.88999938964844,101.6500015258789,101.6500015258789,0.0,7600,0.0010068448064139096,
2008-04-14,41.67173004150391,0.0,101.91999816894533,0.0,101.91999816894533,101.91999816894533,101.91999816894533,0.0,40500,0.0009764267806515618,
2008-04-15,41.71675491333008,0.0,102.02999877929688,0.0,102.02999877929688,101.8499984741211,102.0,0.0,1000,0.0009373751989213037,
2008-04-16,41.75351333618164,0.0,102.12000274658205,0.0,102.2699966430664,102.08000183105467,102.08000183105467,0.0,8800,0.0008999507390503411,
2008-04-17,41.70038986206055,0.0,101.98999786376952,0.0,102.13999938964844,101.8000030517578,102.13999938964844,0.0,18500,0.0008999507390503411,
2008-04-18,41.61043167114258,0.0,101.7699966430664,0.0,101.7699966430664,101.5,101.66999816894533,0.0,12800,0.0007591018106049887,
2008-04-21,41.6063232421875,0.0,101.76000213623048,0.0,101.76000213623048,101.54000091552734,101.6999969482422,0.0,5000,0.0007036394816129659,
2008-04-22,41.55315780639648,0.0,101.62999725341795,0.0,101.62999725341795,101.48999786376952,101.62999725341795,0.0,6400,0.0006777826866231909,
2008-04-23,41.50410461425781,0.0,101.51000213623048,0.0,101.58999633789062,101.4000015258789,101.51000213623048,0.0,12800,0.0006901644375745423,
2008-04-24,41.479583740234375,0.0,101.4499969482422,0.0,101.54000091552734,101.27999877929688,101.5,0.0,11900,0.0006577414145726779,
2008-04-25,41.41824722290039,0.0,101.3000030517578,0.0,101.3000030517578,101.0999984741211,101.3000030517578,0.0,6900,0.0005858935684549925,
2008-04-28,41.35691833496094,0.0,101.1500015258789,0.0,101.1500015258789,100.91999816894533,101.0999984741211,0.0,2400,0.000669091318609006,
2008-04-29,41.36100769042969,0.0,101.16000366210938,0.0,101.36000061035156,101.01000213623048,101.36000061035156,0.0,4800,0.000669091318609006,
2008-04-30,41.6226806640625,0.0,101.8000030517578,0.0,101.8000030517578,101.27999877929688,101.48999786376952,0.0,8800,0.0004971587553449698,
2008-05-01,41.69085693359375,0.0,101.5199966430664,0.446,101.56999969482422,101.2300033569336,101.2300033569336,0.0,4600,0.0005532630521562099,
2008-05-02,41.86330795288086,0.0,101.94000244140624,0.0,101.94000244140624,101.88999938964844,101.9000015258789,0.0,7200,0.0005580868545125376,
2008-05-05,41.84690475463867,0.0,101.9000015258789,0.0,101.93000030517578,101.54000091552734,101.62999725341795,0.0,12300,0.0005622812619145611,
2008-05-06,41.78942489624024,0.0,101.76000213623048,0.0,101.76000213623048,101.6500015258789,101.66999816894533,0.0,5900,0.0005712982803402765,
2008-05-07,41.71958541870117,0.0,101.58999633789062,0.0,101.91999816894533,101.48999786376952,101.79000091552734,0.0,31800,0.0005895588705657112,
2008-05-08,41.727840423583984,0.0,101.61000061035156,0.0,101.66000366210938,101.43000030517578,101.66000366210938,0.0,9500,0.0005826153275891626,
2008-05-09,41.74013900756836,0.0,101.63999938964844,0.0,101.66000366210938,101.5,101.5,0.0,2400,0.0006488526478472358,
2008-05-12,41.6826286315918,0.0,101.5,0.0,101.6999969482422,101.08000183105467,101.5,0.0,12000,0.0006400660564056764,
2008-05-13,41.6497917175293,0.0,101.41999816894533,0.0,101.5199966430664,101.37000274658205,101.5199966430664,0.0,27100,0.0006293340653309896,
2008-05-14,41.56354141235352,0.0,101.20999908447266,0.0,101.33999633789062,101.13999938964844,101.13999938964844,0.0,2800,0.0006293340653309896,
2008-05-15,41.69904327392578,0.0,101.54000091552734,0.0,101.81999969482422,101.25,101.27999877929688,0.0,12000,0.0006293340653309896,
2008-05-16,41.83866882324219,0.0,101.87999725341795,0.0,101.87999725341795,101.63999938964844,101.66000366210938,0.0,8500,0.000670021194351874,
2008-05-19,41.84690475463867,0.0,101.9000015258789,0.0,101.9000015258789,101.8499984741211,101.8499984741211,0.0,15000,0.000577085969455253,
2008-05-20,41.90854263305664,0.0,102.0500030517578,0.0,102.08000183105467,101.86000061035156,102.0,0.0,5800,0.0005287090594187254,
2008-05-21,41.91672897338867,0.0,102.06999969482422,0.0,102.13999938964844,101.94000244140624,102.13999938964844,0.0,7600,0.0004945281159684343,
2008-05-22,41.78942489624024,0.0,101.76000213623048,0.0,101.9000015258789,101.72000122070312,101.9000015258789,0.0,3300,0.0005028053389175884,
2008-05-23,41.85923385620117,0.0,101.93000030517578,0.0,101.93000030517578,101.6999969482422,101.6999969482422,0.0,10200,0.0005310994230005645,
2008-05-27,41.8099479675293,0.0,101.80999755859376,0.0,101.83000183105467,101.75,101.8000030517578,0.0,11200,0.00045789368391556265,
2008-05-28,41.7647705078125,0.0,101.6999969482422,0.0,101.83000183105467,101.66999816894533,101.77999877929688,0.0,8000,0.0004802821762001903,
2008-05-29,41.63336563110352,0.0,101.37999725341795,0.0,101.47000122070312,101.16000366210938,101.47000122070312,0.0,5000,0.0004802821762001903,
2008-05-30,41.66617965698242,0.0,101.45999908447266,0.0,101.5199966430664,101.0999984741211,101.48999786376952,0.0,12300,0.00048160792508523736,
2008-06-02,41.7318000793457,0.0,101.16000366210938,0.459,101.16000366210938,101.0,101.12999725341795,0.0,2700,0.0005123039099980503,
2008-06-03,41.80194091796875,0.0,101.33000183105467,0.0,101.38999938964844,101.0199966430664,101.18000030517578,0.0,3200,0.0005242222542017524,
2008-06-04,41.81843185424805,0.0,101.37000274658205,0.0,101.4800033569336,101.18000030517578,101.4800033569336,0.0,2800,0.0005256581324364994,
2008-06-05,41.74005889892578,0.0,101.18000030517578,0.0,101.1999969482422,101.16000366210938,101.16000366210938,0.0,12800,0.000512383974396682,
2008-06-06,41.78131866455078,0.0,101.27999877929688,0.0,101.27999877929688,101.1999969482422,101.2300033569336,0.0,3300,0.000512383974396682,
2008-06-09,41.78131866455078,0.0,101.27999877929688,0.0,101.27999877929688,101.20999908447266,101.2300033569336,0.0,6200,0.0004841266991225131,
2008-06-10,41.579193115234375,0.0,100.79000091552734,0.0,101.06999969482422,100.36000061035156,101.06999969482422,0.0,11100,0.00046412257016344215,
2008-06-11,41.59980010986328,0.0,100.83999633789062,0.0,100.83999633789062,100.26000213623048,100.5500030517578,0.0,10400,0.0005710766459549951,
2008-06-12,41.372894287109375,0.0,100.29000091552734,0.0,100.4499969482422,99.93000030517578,99.94000244140624,0.0,7300,0.0008098201417841795,
2008-06-13,41.31926727294922,0.0,100.16000366210938,0.0,100.16000366210938,99.87000274658205,99.87000274658205,0.0,4700,0.0009007396647118604,
2008-06-16,41.19963455200195,0.0,99.87000274658205,0.0,100.18000030517578,99.87000274658205,100.16000366210938,0.0,3500,0.0009814620632648586,
2008-06-17,41.306861877441406,0.0,100.12999725341795,0.0,100.12999725341795,99.55999755859376,99.8499984741211,0.0,21900,0.0010161952310467981,
2008-06-18,41.25323867797852,0.0,100.0,0.0,100.06999969482422,99.56999969482422,99.56999969482422,0.0,5100,0.0012436119187338853,
2008-06-19,41.20789337158203,0.0,99.88999938964844,0.0,99.88999938964844,99.63999938964844,99.6999969482422,0.0,5300,0.001294412622627295,
2008-06-20,41.19139099121094,0.0,99.8499984741211,0.0,99.86000061035156,99.6500015258789,99.86000061035156,0.0,1200,0.0013643650724970888,
2008-06-23,41.12538528442383,0.0,99.69000244140624,0.0,99.69000244140624,99.47000122070312,99.5999984741211,0.0,4300,0.0013804894133546586,
2008-06-24,41.08827590942383,0.0,99.5999984741211,0.0,99.62000274658205,99.37999725341795,99.38999938964844,0.0,5800,0.001468214668060418,
2008-06-25,41.10887908935547,0.0,99.6500015258789,0.0,99.6500015258789,99.44000244140624,99.56999969482422,0.0,2100,0.001505128226624181,
2008-06-26,41.014007568359375,0.0,99.41999816894533,0.0,99.44000244140624,99.3000030517578,99.44000244140624,0.0,5600,0.0015564963325145138,
2008-06-27,40.77472686767578,0.0,98.83999633789062,0.0,99.0999984741211,98.62999725341795,99.0999984741211,0.0,4100,0.0014354179611355295,
2008-06-30,40.84076690673828,0.0,99.0,0.0,99.01000213623048,98.47000122070312,98.97000122070312,0.0,37900,0.001505261811858841,
2008-07-01,40.624149322509766,0.0,98.0999984741211,0.377,98.2300033569336,97.95999908447266,98.11000061035156,0.0,16000,0.001567304878859915,
2008-07-02,40.7318229675293,0.0,98.36000061035156,0.0,98.41999816894533,98.20999908447266,98.22000122070312,0.0,9100,0.001547852955273448,
2008-07-03,40.698692321777344,0.0,98.27999877929688,0.0,98.27999877929688,97.83000183105467,97.83000183105467,0.0,10500,0.0015446925821103743,
2008-07-07,40.78564453125,0.0,98.48999786376952,0.0,98.48999786376952,98.08000183105467,98.08000183105467,0.0,12100,0.0015446925821103743,
2008-07-08,40.81463623046875,0.0,98.55999755859376,0.0,98.6999969482422,98.45999908447266,98.62000274658205,0.0,15200,0.001513336269152277,
2008-07-09,40.75665664672852,0.0,98.41999816894533,0.0,98.91000366210938,98.1500015258789,98.91000366210938,0.0,14300,0.0015545214247334094,
2008-07-10,40.69455337524414,0.0,98.2699966430664,0.0,98.33999633789062,98.06999969482422,98.33999633789062,0.0,6000,0.0014835823927277308,
2008-07-11,40.82705307006836,0.0,98.58999633789062,0.0,98.5999984741211,98.12000274658205,98.27999877929688,0.0,24500,0.0012703611448122393,
2008-07-14,40.86433410644531,0.0,98.68000030517578,0.0,98.77999877929688,98.4800033569336,98.77999877929688,0.0,3700,0.0011794416218845584,
2008-07-15,40.8519287109375,0.0,98.6500015258789,0.0,98.75,98.41999816894533,98.75,0.0,11600,0.0011464679941226518,
2008-07-16,40.81463623046875,0.0,98.55999755859376,0.0,98.55999755859376,98.13999938964844,98.31999969482422,0.0,12200,0.001129026711630198,
2008-07-17,40.94716262817383,0.0,98.87999725341795,0.0,98.95999908447266,98.48999786376952,98.83000183105467,0.0,7400,0.0009016100239431108,
2008-07-18,40.955413818359375,0.0,98.9000015258789,0.0,98.91000366210938,98.54000091552734,98.86000061035156,0.0,4100,0.0009870234312202742,
2008-07-21,41.04242706298828,0.0,99.11000061035156,0.0,99.12000274658205,98.91000366210938,99.0500030517578,0.0,6800,0.0008944998825408187,
2008-07-22,40.83120727539063,0.0,98.5999984741211,0.0,99.16999816894533,98.2699966430664,99.16999816894533,0.0,23200,0.0008341766360815824,
2008-07-23,40.876766204833984,0.0,98.70999908447266,0.0,98.81999969482422,98.33000183105467,98.81999969482422,0.0,4200,0.0008834008086629451,
2008-07-24,40.75252151489258,0.0,98.41000366210938,0.0,98.9499969482422,98.41000366210938,98.9499969482422,0.0,10100,0.0009577699045839125,
2008-07-25,40.91816711425781,0.0,98.80999755859376,0.0,98.80999755859376,98.33000183105467,98.33000183105467,0.0,3200,0.0010319037208934973,
2008-07-28,40.88917922973633,0.0,98.73999786376952,0.0,98.73999786376952,98.4000015258789,98.6999969482422,0.0,1800,0.001163796120427513,
2008-07-29,40.99272537231445,0.0,98.98999786376952,0.0,98.98999786376952,98.79000091552734,98.79000091552734,0.0,8700,0.0010589148626706936,
2008-07-30,41.08378982543945,0.0,99.20999908447266,0.0,99.22000122070312,98.94000244140624,99.16000366210938,0.0,23000,0.0009811784848040965,
2008-07-31,41.16251373291016,0.0,99.4000015258789,0.0,99.41999816894533,99.4000015258789,99.41999816894533,0.0,5000,0.0009811784848040965,
2008-08-01,41.02856063842773,0.0,98.6500015258789,0.428,99.0,98.6500015258789,98.70999908447266,0.0,7100,0.0009811784848040965,
2008-08-04,41.15333557128906,0.0,98.9499969482422,0.0,99.0,98.91999816894533,98.94000244140624,0.0,1800,0.0009922342768068054,
2008-08-05,41.16168975830078,0.0,98.97000122070312,0.0,98.97000122070312,98.61000061035156,98.95999908447266,0.0,2500,0.0009922342768068054,
2008-08-06,41.16999435424805,0.0,98.98999786376952,0.0,99.02999877929688,98.75,99.02999877929688,0.0,6700,0.0009909768358934861,
2008-08-07,41.19492721557617,0.0,99.0500030517578,0.0,99.08000183105467,98.9499969482422,98.9499969482422,0.0,9800,0.0009336904803620146,
2008-08-08,41.08680725097656,0.0,98.79000091552734,0.0,98.81999969482422,98.63999938964844,98.75,0.0,9500,0.000922841825969283,
2008-08-11,41.120079040527344,0.0,98.87000274658205,0.0,98.87999725341795,98.68000030517578,98.81999969482422,0.0,5900,0.0009583840260704163,
2008-08-12,41.1990966796875,0.0,99.05999755859376,0.0,99.11000061035156,98.8000030517578,99.06999969482422,0.0,7000,0.0008531533794384625,
2008-08-13,41.20739364624024,0.0,99.08000183105467,0.0,99.12999725341795,98.6999969482422,98.6999969482422,0.0,9200,0.0009579200954340922,
2008-08-14,41.21987533569336,0.0,99.11000061035156,0.0,99.13999938964844,99.06999969482422,99.06999969482422,0.0,11000,0.0009579200954340922,
2008-08-15,41.29476547241211,0.0,99.29000091552734,0.0,99.3000030517578,99.16999816894533,99.16999816894533,0.0,2700,0.0008012129240037344,
2008-08-18,41.328033447265625,0.0,99.37000274658205,0.0,99.52999877929688,99.36000061035156,99.37999725341795,0.0,8500,0.0008012129240037344,
2008-08-19,41.27396774291992,0.0,99.23999786376952,0.0,99.30999755859376,99.13999938964844,99.30999755859376,0.0,5000,0.0007718264448494656,958127.8648194813
2008-08-20,41.31142807006836,0.0,99.33000183105467,0.0,99.37999725341795,99.33000183105467,99.37999725341795,0.0,3800,0.0006276263551809579,959848.356961447
2008-08-21,41.27396774291992,0.0,99.23999786376952,0.0,99.3499984741211,99.19000244140624,99.3499984741211,0.0,1800,0.0004939552084116002,959906.2061249263
2008-08-22,41.35299301147461,0.0,99.43000030517578,0.0,99.43000030517578,99.1999969482422,99.3000030517578,0.0,18400,0.00041732639870748845,972744.1427079458
2008-08-25,41.34051513671875,0.0,99.4000015258789,0.0,99.41000366210938,99.0999984741211,99.0999984741211,0.0,7200,0.00037732392164149635,977542.3094431559
2008-08-26,41.26978302001953,0.0,99.2300033569336,0.0,99.26000213623048,98.91000366210938,98.91000366210938,0.0,9200,0.0005081068774760646,968240.6431712802
2008-08-27,41.3155403137207,0.0,99.33999633789062,0.0,99.3499984741211,99.05999755859376,99.23999786376952,0.0,4100,0.0005257874179923861,797001.0033925375
2008-08-28,41.390380859375,0.0,99.5199966430664,0.0,99.5199966430664,99.13999938964844,99.2699966430664,0.0,5600,0.0005477252702135499,799009.3524932861
2008-08-29,41.45692825317383,0.0,99.68000030517578,0.0,99.68000030517578,99.48999786376952,99.54000091552734,0.0,4900,0.0005477252702135499,800079.9635569254
2008-09-02,41.52381896972656,0.0,99.38999938964844,0.45,99.4000015258789,98.9800033569336,99.4000015258789,0.0,10200,0.0005862885993723465,804843.2175651429
2008-09-03,41.50706481933594,0.0,99.3499984741211,0.0,99.37999725341795,99.08000183105467,99.33999633789062,0.0,5000,0.0007031771954420348,806059.7414046999
2008-09-04,41.419342041015625,0.0,99.13999938964844,0.0,99.4499969482422,99.11000061035156,99.38999938964844,0.0,104900,0.0007606516639646399,887877.2250039236
2008-09-05,41.36083984375,0.0,99.0,0.0,99.25,98.86000061035156,99.25,0.0,16100,0.0007606516639646399,897648.0822426932
2008-09-08,41.37757110595703,0.0,99.04000091552734,0.0,99.3000030517578,98.9800033569336,99.29000091552734,0.0,5500,0.000824474058811736,900931.4632476323
2008-09-09,41.3023796081543,0.0,98.86000061035156,0.0,99.26000213623048,98.7300033569336,99.26000213623048,0.0,5100,0.0008486615122675174,903734.2489575583
2008-09-10,41.277286529541016,0.0,98.8000030517578,0.0,99.01000213623048,98.66000366210938,99.01000213623048,0.0,3300,0.0008916282256071436,901924.4872259715
2008-09-11,41.1561393737793,0.0,98.51000213623048,0.0,98.83999633789062,98.25,98.83999633789062,0.0,11600,0.0007695696243220281,906207.9477401007
2008-09-12,40.90130615234375,0.0,97.9000015258789,0.0,98.30999755859376,97.52999877929688,98.30999755859376,0.0,27500,0.0007695696243220281,921967.2336517818
2008-09-15,40.47515869140625,0.0,96.87999725341795,0.0,97.77999877929688,96.8000030517578,97.77999877929688,0.0,87800,0.0007695696243220281,988916.0650525774
2008-09-16,40.02812957763672,0.0,95.80999755859376,0.0,95.80999755859376,94.80999755859376,95.4800033569336,0.0,56500,0.0007695696243220281,1026575.9606073773
2008-09-17,39.12154006958008,0.0,93.63999938964844,0.0,95.4499969482422,93.63999938964844,95.4499969482422,0.0,38600,0.0010949482246924327,1053573.333461701
2008-09-18,37.091087341308594,0.0,88.77999877929688,0.0,95.06999969482422,87.08000183105469,95.06999969482422,0.0,47800,0.0010861970195566153,1085564.5313807896
2008-09-19,38.74969100952149,0.0,92.75,0.0,96.5,87.37000274658203,92.33000183105467,0.0,20300,0.004692994104349741,1097048.817147149
2008-09-22,38.014404296875,0.0,90.98999786376952,0.0,95.3000030517578,90.88999938964844,91.6500015258789,0.0,36800,0.005937513782164261,1119288.6736006965
2008-09-23,38.77479553222656,0.0,92.80999755859376,0.0,93.13999938964844,91.58999633789062,91.58999633789062,0.0,14400,0.006197750790450403,1123943.2289668492
2008-09-24,39.39727020263672,0.0,94.3000030517578,0.0,94.3000030517578,93.12999725341795,93.22000122070312,0.0,6400,0.006066967834615836,1126964.1656724233
2008-09-25,39.159122467041016,0.0,93.7300033569336,0.0,94.6500015258789,93.44000244140624,94.6500015258789,0.0,25000,0.006259142700797929,1142431.483713786
2008-09-26,39.21345138549805,0.0,93.86000061035156,0.0,94.12999725341795,93.12999725341795,94.12999725341795,0.0,6600,0.006301438261690273,1145502.6663522872
2008-09-29,38.50738525390625,0.0,92.16999816894533,0.0,93.73999786376952,91.70999908447266,92.36000061035156,0.0,27100,0.006301438261690273,1149769.864890689
2008-09-30,38.49484634399414,0.0,92.13999938964844,0.0,92.6999969482422,91.80999755859376,92.41000366210938,0.0,11500,0.006497014069946112,1156739.0394119988
2008-10-01,38.6186637878418,0.0,92.0,0.435,92.19000244140624,91.45999908447266,92.19000244140624,0.0,7900,0.006380125473876423,1159544.0631139847
2008-10-02,38.35003662109375,0.0,91.36000061035156,0.0,92.18000030517578,91.2699966430664,92.18000030517578,0.0,8600,0.00660259426167807,1163449.8487926666
2008-10-03,38.27446746826172,0.0,91.18000030517578,0.0,91.83000183105467,90.5999984741211,91.11000061035156,0.0,5700,0.00660259426167807,1166285.7694413927
2008-10-06,37.7917594909668,0.0,90.02999877929688,0.0,91.16000366210938,89.08000183105469,90.61000061035156,0.0,22500,0.0065240982733100125,1179622.8565579369
2008-10-07,37.02775573730469,0.0,88.20999908447266,0.0,88.80999755859375,87.76000213623047,88.70999908447266,0.0,10800,0.006668004727895615,1186216.8565114338
2008-10-08,35.768455505371094,0.0,85.20999908447266,0.0,87.51000213623047,84.3499984741211,85.05000305175781,0.0,62900,0.00662503801455599,1226896.3402036636
2008-10-09,35.3864631652832,0.0,84.30000305175781,0.0,85.66000366210938,84.30000305175781,85.66000366210938,0.0,23800,0.006955584583753792,1236673.928118509
2008-10-10,33.78293228149414,0.0,80.4800033569336,0.0,81.44999694824219,78.02999877929688,80.05000305175781,0.0,39000,0.006955584583753792,1228824.4059365892
2008-10-13,34.24471664428711,0.0,81.58000183105469,0.0,81.58000183105469,79.9800033569336,80.58000183105469,0.0,9800,0.007288439700984392,1234359.755295042
2008-10-14,34.110355377197266,0.0,81.26000213623047,0.0,82.88999938964844,80.37000274658203,82.79000091552734,0.0,25600,0.007402312484252239,1243737.5333150227
2008-10-15,33.91309356689453,0.0,80.79000091552734,0.0,82.91000366210938,80.69000244140625,82.91000366210938,0.0,13200,0.008283077477307662,1237226.5257880802
2008-10-16,32.678955078125,0.0,77.8499984741211,0.0,79.91999816894531,77.31999969482422,79.31999969482422,0.0,17400,0.008283077477307662,1237638.70052156
2008-10-17,32.38093948364258,0.0,77.13999938964844,0.0,77.26000213623047,76.01000213623047,76.26000213623047,0.0,10000,0.004676280392514537,1239722.8273724753
2008-10-20,32.078670501708984,0.0,76.41999816894531,0.0,77.47000122070312,75.54000091552734,77.47000122070312,0.0,13200,0.003963960479187229,1242566.5733519054
2008-10-21,32.51945495605469,0.0,77.47000122070312,0.0,78.31999969482422,76.98999786376953,78.19000244140625,0.0,53000,0.0038199769516370856,1264841.0339658223
2008-10-22,30.810998916625977,0.0,73.4000015258789,0.0,76.02999877929688,73.05000305175781,76.0199966430664,0.0,4400,0.0038199769516370856,1257822.8200216142
2008-10-23,29.245248794555664,0.0,69.66999816894531,0.0,71.73999786376953,68.81999969482422,71.73999786376953,0.0,63100,0.0036101215449386714,1287165.7316359263
2008-10-24,28.46867752075196,0.0,67.81999969482422,0.0,67.81999969482422,64.80000305175781,67.18000030517578,0.0,16300,0.0035458881318251637,1294012.6045832557
2008-10-27,28.472883224487305,0.0,67.83000183105469,0.0,68.56999969482422,66.31999969482422,68.56999969482422,0.0,19900,0.0035458881318251637,1300871.7237805563
2008-10-28,27.37308883666992,0.0,65.20999908447266,0.0,68.93000030517578,62.91999816894531,68.0,0.0,43000,0.004014015304305249,1316016.0883343408
2008-10-29,27.57037353515625,0.0,65.68000030517578,0.0,66.37999725341797,64.33999633789062,65.47000122070312,0.0,52000,0.004640780628768966,1339415.8346145872
2008-10-30,29.42576789855957,0.0,70.0999984741211,0.0,70.0999984741211,68.30000305175781,68.69999694824219,0.0,12800,0.0043168184162130935,1340711.9613041955
2008-10-31,31.029266357421875,0.0,73.91999816894531,0.0,74.83999633789062,71.04000091552734,72.97000122070312,0.0,16800,0.0043168184162130935,1340620.579958719
2008-11-03,32.558143615722656,0.0,77.08999633789062,0.45,86.66000366210938,74.52999877929688,76.33000183105469,0.0,71600,0.0043168184162130935,1379662.323809427
2008-11-04,33.94341278076172,0.0,80.37000274658203,0.0,80.68000030517578,77.0,77.98999786376953,0.0,43100,0.00496557322441406,1381514.587577941
2008-11-05,34.77962875366211,0.0,82.3499984741211,0.0,83.0,81.31999969482422,82.0,0.0,26700,0.00496557322441406,1391303.872922867
2008-11-06,34.52625274658203,0.0,81.75,0.0,81.75,80.06999969482422,81.0,0.0,14200,0.004702671875091081,1398580.9681725882
2008-11-07,32.841102600097656,0.0,77.76000213623047,0.0,81.2300033569336,77.19999694824219,80.0,0.0,46000,0.005197383078734581,1417302.8737143865
2008-11-10,33.981422424316406,0.0,80.45999908447266,0.0,80.45999908447266,78.69999694824219,78.80000305175781,0.0,19700,0.005432423264250241,1408069.3819015746
2008-11-11,33.787139892578125,0.0,80.0,0.0,80.0,79.62999725341797,80.0,0.0,7400,0.005375909150581207,1410518.683509221
2008-11-12,33.71958923339844,0.0,79.83999633789062,0.0,79.83999633789062,78.7699966430664,79.36000061035156,0.0,8700,0.004263394881294146,1406360.9688834539
2008-11-13,33.495731353759766,0.0,79.30999755859375,0.0,80.0,77.25,77.25,0.0,14400,0.0045666143649210214,1408552.111646864
2008-11-14,33.79136276245117,0.0,80.01000213623047,0.0,80.58000183105469,76.72000122070312,78.01000213623047,0.0,26300,0.005917058398037782,1413121.6595301551
2008-11-17,33.32258224487305,0.0,78.9000015258789,0.0,81.87000274658203,75.87000274658203,78.87000274658203,0.0,56100,0.007080890079714105,1443553.406100803
2008-11-18,32.31739807128906,0.0,76.5199966430664,0.0,77.87999725341797,75.58999633789062,77.87999725341797,0.0,32700,0.007536216102487501,1457255.563978165
2008-11-19,32.17802429199219,0.0,76.19000244140625,0.0,76.69999694824219,75.98999786376953,76.04000091552734,0.0,18700,0.0077070694927087015,1465897.9849194724
2008-11-20,30.97861099243164,0.0,73.3499984741211,0.0,76.33999633789062,72.8499984741211,74.66000366210938,0.0,36600,0.0077070694927087015,1478952.9368324885
2008-11-21,31.52763938903809,0.0,74.6500015258789,0.0,77.25,72.79000091552734,73.4800033569336,0.0,35300,0.009662740280398985,1490817.008905562
2008-11-24,32.549705505371094,0.0,77.06999969482422,0.0,78.6500015258789,75.33999633789062,75.88999938964844,0.0,17500,0.010265678837828095,1495064.0328664628
2008-11-25,33.75759506225586,0.0,79.93000030517578,0.0,81.83000183105469,77.27999877929688,79.5999984741211,0.0,26800,0.009552356735930665,1508042.0012943328
2008-11-26,34.16724395751953,0.0,80.9000015258789,0.0,81.6500015258789,78.1500015258789,81.62000274658203,0.0,7600,0.010717825243541437,1503017.2554439967
2008-11-28,33.998294830322266,0.0,80.5,0.0,82.4000015258789,78.9000015258789,81.5,0.0,6100,0.01176993667069828,1504746.763302031
2008-12-01,32.981685638427734,0.0,77.5999984741211,0.508,82.0,77.5,82.0,0.0,19600,0.012964098574984925,1514244.4138118199
2008-12-02,33.45771026611328,0.0,78.72000122070312,0.0,82.13999938964844,78.01000213623047,78.01000213623047,0.0,13700,0.015402391652415665,1520550.9853120835
2008-12-03,35.0090217590332,0.0,82.37000274658203,0.0,82.38999938964844,76.87000274658203,77.0,0.0,65700,0.01661190848662442,1553222.454967196
2008-12-04,34.94526672363281,0.0,82.22000122070312,0.0,82.47000122070312,80.01000213623047,81.70999908447266,0.0,15800,0.017258076166734315,1560880.0107077947
2008-12-05,34.919769287109375,0.0,82.16000366210938,0.0,82.58999633789062,80.02999877929688,82.58000183105469,0.0,23100,0.018632744999322395,1570959.0590582953
2008-12-08,34.27796936035156,0.0,80.6500015258789,0.0,82.38999938964844,79.19000244140625,82.38999938964844,0.0,21800,0.01917186807355277,1576033.6703527542
2008-12-09,34.3799934387207,0.0,80.88999938964844,0.0,80.94999694824219,79.8499984741211,80.44999694824219,0.0,35300,0.018881141304595693,1590372.4085792662
2008-12-10,34.20570373535156,0.0,80.4800033569336,0.0,81.0999984741211,79.9000015258789,81.08999633789062,0.0,15900,0.019391218871924375,1594717.766092694
2008-12-11,34.256736755371094,0.0,80.5999984741211,0.0,81.12000274658203,80.5999984741211,81.08999633789062,0.0,18400,0.01945835146854221,1602751.7974792966
2008-12-12,33.80194854736328,0.0,79.52999877929688,0.0,81.0,78.77999877929688,80.62999725341797,0.0,42300,0.019155131984915336,1626676.9874693856
2008-12-15,34.537235260009766,0.0,81.26000213623047,0.0,82.11000061035156,79.0199966430664,79.04000091552734,0.0,28100,0.018524945136049614,1627395.7106454032
2008-12-16,34.84750747680664,0.0,81.98999786376953,0.0,82.62999725341797,80.0,80.0,0.0,18500,0.017444496896926086,1635386.3055698455
2008-12-17,35.20027542114258,0.0,82.81999969482422,0.0,84.0,82.05000305175781,82.33999633789062,0.0,15800,0.016780566932548358,1641569.948414394
2008-12-18,36.72182083129883,0.0,86.4000015258789,0.0,87.23999786376953,83.94999694824219,83.9800033569336,0.0,47900,0.016609713542327157,1673464.710913764
2008-12-19,37.23188018798828,0.0,87.5999984741211,0.0,88.5999984741211,84.1500015258789,84.1500015258789,0.0,49000,0.017862550269947392,1704129.2578560966
2008-12-22,37.2701301574707,0.0,87.69000244140625,0.0,87.83999633789062,86.0,87.0199966430664,0.0,30200,0.016411318988124295,1720562.2585114979
2008-12-23,37.69091796875,0.0,88.68000030517578,0.0,88.68000030517578,88.02999877929688,88.29000091552734,0.0,35900,0.015808380430695185,1744168.187144446
2008-12-24,37.75040435791016,0.0,88.81999969482422,0.0,88.83000183105469,87.80000305175781,88.48999786376953,0.0,21100,0.016065058821201263,1754623.3459048802
2008-12-26,38.987213134765625,0.0,91.7300033569336,0.0,92.0,86.54000091552734,86.54000091552734,0.0,46100,0.014405813627223828,1784968.656776065
2008-12-29,39.108436584472656,0.0,91.6500015258789,0.364,92.22000122070312,89.79000091552734,92.20999908447266,0.0,34400,0.013738181686370157,1780211.9905259875
2008-12-30,38.95479202270508,0.0,91.29000091552734,0.0,97.8000030517578,90.5,97.1999969482422,0.0,23100,0.012544019782083513,1784491.3480304535
2008-12-31,40.017333984375,0.0,93.77999877929688,0.0,93.9800033569336,92.73999786376952,93.33999633789062,0.0,16300,0.010246293366351808,1789519.4271935357
2009-01-02,40.70431518554688,0.0,95.38999938964844,0.0,95.54000091552734,93.44000244140624,93.93000030517578,0.0,29700,0.008184385615799565,1803814.2128656781
2009-01-05,40.60187911987305,0.0,95.1500015258789,0.0,95.38999938964844,94.6999969482422,95.38999938964844,0.0,37300,0.007677714811815369,1822523.4674907867
2009-01-06,36.49691390991211,0.0,85.52999877929688,0.0,95.93000030517578,85.16999816894531,95.93000030517578,0.0,51400,0.006262113765381057,1845524.4990333677
2009-01-07,37.34181213378906,0.0,87.51000213623047,0.0,88.4800033569336,85.55000305175781,88.4800033569336,0.0,24900,0.005792763339324924,1851648.2536315918
2009-01-08,37.602081298828125,0.0,88.12000274658203,0.0,88.12000274658203,87.44999694824219,87.48999786376953,0.0,10500,0.005618692501542682,1854312.0635441372
2009-01-09,38.19523239135742,0.0,89.51000213623047,0.0,89.51000213623047,88.1500015258789,88.4000015258789,0.0,19800,0.005051256264615186,1849207.6439569867
2009-01-12,36.701751708984375,0.0,86.01000213623047,0.0,89.58000183105469,86.01000213623047,89.48999786376953,0.0,12700,0.005226852907495789,1854979.1600363594
2009-01-13,37.230865478515625,0.0,87.25,0.0,88.44999694824219,85.52999877929688,85.52999877929688,0.0,20000,0.006007736977026568,1859746.3027530247
2009-01-14,37.75572967529297,0.0,88.4800033569336,0.0,89.12000274658203,87.2300033569336,89.12000274658203,0.0,31200,0.0052874797927755296,1872112.5260428777
2009-01-15,37.63197708129883,0.0,88.19000244140625,0.0,88.58999633789062,87.73999786376953,87.80000305175781,0.0,14400,0.004872695204077738,1876384.1455308218
2009-01-16,36.69747543334961,0.0,86.0,0.0,90.22000122070312,85.9000015258789,88.61000061035156,0.0,22700,0.004985946112791004,1888659.6216716464
2009-01-20,35.7586784362793,0.0,83.80000305175781,0.0,87.58000183105469,82.66000366210938,87.58000183105469,0.0,49900,0.004985946112791004,1916498.2895139663
2009-01-21,35.23384475708008,0.0,82.56999969482422,0.0,84.51000213623047,81.52999877929688,84.5,0.0,23800,0.0037331093851707686,1913939.9246579125
2009-01-22,35.54532623291016,0.0,83.30000305175781,0.0,83.30000305175781,82.75,83.23999786376953,0.0,31700,0.003302149877370234,1931606.8143451025
2009-01-23,36.01475143432617,0.0,84.4000015258789,0.0,84.43000030517578,83.12999725341797,83.27999877929688,0.0,134500,0.003302149877370234,2013812.0458390978
2009-01-26,35.95928955078125,0.0,84.2699966430664,0.0,84.9800033569336,83.5,84.9800033569336,0.0,12800,0.003218123978800303,2019863.3471473814
2009-01-27,36.39878082275391,0.0,85.30000305175781,0.0,85.51000213623047,84.54000091552734,84.98999786376953,0.0,9800,0.0031266713840335165,2025087.220431131
2009-01-28,37.41860580444336,0.0,87.69000244140625,0.0,88.51000213623047,84.55999755859375,84.55999755859375,0.0,28300,0.00288310351666869,2037947.6496984088
2009-01-29,37.54663848876953,0.0,87.98999786376953,0.0,88.19000244140625,86.51000213623047,87.44000244140625,0.0,13500,0.003352186948844927,2029265.387731885
2009-01-30,37.230865478515625,0.0,87.25,0.0,87.6500015258789,87.12999725341797,87.6500015258789,0.0,4900,0.003319369294374665,2028713.9987824454
2009-02-02,36.07485961914063,0.0,84.06999969482422,0.486,87.01000213623047,84.0,87.01000213623047,0.0,24800,0.003319369294374665,2039702.260541159
2009-02-03,36.62409591674805,0.0,85.3499984741211,0.0,87.0,82.83000183105469,86.63999938964844,0.0,20500,0.004531672080854104,2052174.9984317357
2009-02-04,36.0147819519043,0.0,83.93000030517578,0.0,85.43000030517578,83.56999969482422,85.31999969482422,0.0,19200,0.005073148943363153,2063000.641311161
2009-02-05,35.40113830566406,0.0,82.5,0.0,84.0999984741211,81.83999633789062,84.0999984741211,0.0,16300,0.00450866509154541,2068409.5065041194
2009-02-06,35.59423065185547,0.0,82.94999694824219,0.0,83.6500015258789,81.43000030517578,83.6500015258789,0.0,16500,0.005132164888877936,2071568.1169782367
2009-02-09,35.898929595947266,0.0,83.66000366210938,0.0,84.5,82.98999786376953,82.98999786376953,0.0,8300,0.005132164888877936,2069630.601277427
2009-02-10,36.45675277709961,0.0,84.95999908447266,0.0,85.0999984741211,83.83000183105469,84.0,0.0,21200,0.004842898125305161,2079295.8311535064
2009-02-11,36.212162017822266,0.0,84.38999938964844,0.0,85.2300033569336,84.08999633789062,85.2300033569336,0.0,10700,0.004499217104680752,2080958.9502849276
2009-02-12,35.486968994140625,0.0,82.69999694824219,0.0,83.87000274658203,82.69999694824219,83.86000061035156,0.0,12300,0.004499217104680752,2081797.6323930044
2009-02-13,35.48268508911133,0.0,82.69000244140625,0.0,82.9800033569336,82.25,82.25,0.0,17300,0.004249545373842731,2084498.6406114367
2009-02-17,34.976356506347656,0.0,81.51000213623047,0.0,82.75,81.5,82.37000274658203,0.0,9400,0.004136294465129466,2088451.9026559496
2009-02-18,35.28529357910156,0.0,82.2300033569336,0.0,83.70999908447266,81.01000213623047,81.13999938964844,0.0,23900,0.00454199442732349,2097345.96659948
2009-02-19,35.06216049194336,0.0,81.70999908447266,0.0,82.05999755859375,81.5,81.86000061035156,0.0,21100,0.004627042770897353,2107091.0538325235
2009-02-20,34.663116455078125,0.0,80.77999877929688,0.0,81.12999725341797,80.5,81.11000061035156,0.0,26100,0.004553562772830701,2120828.3868577746
2009-02-23,35.1651611328125,0.0,81.94999694824219,0.0,81.94999694824219,80.8499984741211,80.8499984741211,0.0,28800,0.004553562772830701,2138142.100476462
2009-02-24,35.830265045166016,0.0,83.5,0.0,83.86000061035156,81.04000091552734,81.94999694824219,0.0,15700,0.004408115348792091,2134026.529003325
2009-02-25,35.29388427734375,0.0,82.25,0.0,83.68000030517578,82.25,83.16999816894531,0.0,12000,0.004861178134310975,2136179.862249465
2009-02-26,35.255271911621094,0.0,82.16000366210938,0.0,83.58999633789062,82.16000366210938,82.2699966430664,0.0,13300,0.005451523002942256,2137606.941755991
2009-02-27,35.143699645996094,0.0,81.9000015258789,0.0,82.5,81.9000015258789,82.11000061035156,0.0,15500,0.004982439570766018,2144449.44999937
2009-03-02,34.966285705566406,0.0,81.0,0.489,81.41999816894531,80.6500015258789,81.2699966430664,0.0,56900,0.0048746905635372465,2176604.9104660274
2009-03-03,34.75043869018555,0.0,80.5,0.0,81.18000030517578,80.0,80.4800033569336,0.0,24100,0.0048746905635372465,2188125.6882319376
2009-03-04,34.23240280151367,0.0,79.30000305175781,0.0,81.13999938964844,78.91000366210938,81.13999938964844,0.0,12600,0.003899461665582473,2188009.8314436655
2009-03-05,34.10723876953125,0.0,79.01000213623047,0.0,80.48999786376953,79.01000213623047,80.47000122070312,0.0,5800,0.004008926751658264,2187704.3395390585
2009-03-06,33.80072784423828,0.0,78.30000305175781,0.0,79.97000122070312,77.55999755859375,79.97000122070312,0.0,131200,0.004008926751658264,2186697.7876693485
2009-03-09,33.64531707763672,0.0,77.94000244140625,0.0,78.87999725341797,77.69000244140625,77.69000244140625,0.0,32600,0.003712991616901429,2194213.2168724425
2009-03-10,33.77051544189453,0.0,78.2300033569336,0.0,79.25,78.08999633789062,78.5199966430664,0.0,13700,0.004100604760409067,2198396.0029117647
2009-03-11,34.95332717895508,0.0,80.97000122070312,0.0,81.3499984741211,78.7300033569336,78.7300033569336,0.0,8900,0.004217472454327469,2200113.8363066176
2009-03-12,35.341854095458984,0.0,81.87000274658203,0.0,81.94999694824219,81.36000061035156,81.88999938964844,0.0,15100,0.003780269405421098,2207337.62227013
2009-03-13,35.6699333190918,0.0,82.62999725341797,0.0,83.5999984741211,82.33000183105469,82.76000213623047,0.0,9500,0.003780269405421098,2204498.4869457427
2009-03-16,36.140438079833984,0.0,83.72000122070312,0.0,84.66999816894531,82.52999877929688,82.91999816894531,0.0,10600,0.003997731781819716,2190174.534334455
2009-03-17,36.15770721435547,0.0,83.76000213623047,0.0,85.44999694824219,83.1500015258789,83.1500015258789,0.0,12300,0.004316955517613008,2130842.663441007
2009-03-18,36.74481201171875,0.0,85.12000274658203,0.0,85.12000274658203,83.88999938964844,84.0199966430664,0.0,6100,0.004351878244511749,2092001.1329227025
2009-03-19,37.16786956787109,0.0,86.0999984741211,0.0,86.0999984741211,85.26000213623047,85.66000366210938,0.0,16400,0.004266829900937886,2074521.2598952036
2009-03-20,37.05134201049805,0.0,85.83000183105469,0.0,86.98999786376953,85.38999938964844,86.98999786376953,0.0,18000,0.004376221331996286,2053102.6574452717
2009-03-23,37.046974182128906,0.0,85.81999969482422,0.0,86.75,83.69000244140625,86.25,0.0,28300,0.004587690252588243,2057435.0462656172
2009-03-24,37.25418472290039,0.0,86.30000305175781,0.0,86.66000366210938,85.81999969482422,85.81999969482422,0.0,19400,0.004717111666498293,2044147.650534009
2009-03-25,36.99516296386719,0.0,85.69999694824219,0.0,86.37000274658203,85.69999694824219,86.37000274658203,0.0,12000,0.004383201543407209,2041702.698141431
2009-03-26,36.88295364379883,0.0,85.44000244140625,0.0,85.6500015258789,84.55000305175781,84.61000061035156,0.0,12500,0.003651945055837584,2045389.0474349733
2009-03-27,37.1160888671875,0.0,85.9800033569336,0.0,86.13999938964844,84.76000213623047,85.88999938964844,0.0,10400,0.0039000351426712416,2033888.586728535
2009-03-30,36.60665512084961,0.0,84.80000305175781,0.0,86.05999755859375,84.80000305175781,85.47000122070312,0.0,20500,0.004590657150640923,2042768.9363994296
2009-03-31,36.9390754699707,0.0,85.56999969482422,0.0,86.18000030517578,84.69999694824219,86.18000030517578,0.0,4900,0.005245917179297178,2026272.7939242409
2009-04-01,36.95730209350586,0.0,85.08999633789062,0.522,85.9000015258789,85.08999633789062,85.38999938964844,0.0,9600,0.005161667325693684,2024346.2381453742
2009-04-02,37.61314010620117,0.0,86.5999984741211,0.0,86.7300033569336,85.5199966430664,86.7300033569336,0.0,57800,0.004832144699515193,2058304.0152231853
2009-04-03,37.52629470825195,0.0,86.4000015258789,0.0,87.16000366210938,85.55999755859375,85.55999755859375,0.0,31700,0.0053459997339589,2073805.4758828783
2009-04-06,38.24727630615234,0.0,88.05999755859375,0.0,88.06999969482422,87.1500015258789,87.7699966430664,0.0,22200,0.005033621091351173,2085195.999248444
2009-04-07,38.221187591552734,0.0,88.0,0.0,88.73999786376953,88.0,88.73999786376953,0.0,10800,0.004646007947843535,2076662.0708949983
2009-04-08,38.49049377441406,0.0,88.62000274658203,0.0,88.62000274658203,87.33000183105469,87.98999786376953,0.0,8000,0.004587003510091543,2074727.8806716676
2009-04-09,38.27765655517578,0.0,88.12999725341797,0.0,89.73999786376953,88.0999984741211,88.12999725341797,0.0,16000,0.004587003510091543,2043381.6188751706
2009-04-13,39.089881896972656,0.0,90.0,0.0,90.12999725341795,88.08999633789062,90.12999725341795,0.0,26000,0.005372244381403639,2046029.7135368227
2009-04-14,38.65554428100586,0.0,89.0,0.0,90.3499984741211,87.47000122070312,87.47000122070312,0.0,51300,0.006032722306723326,2057354.9505930098
2009-04-15,39.337440490722656,0.0,90.56999969482422,0.0,90.56999969482422,89.0,89.04000091552734,0.0,39900,0.005953261033548385,2079690.3392428444
2009-04-16,39.1333122253418,0.0,90.0999984741211,0.0,91.06999969482422,90.0999984741211,90.97000122070312,0.0,13200,0.005512638344455619,2072619.4180140418
2009-04-17,39.28097534179688,0.0,90.44000244140624,0.0,90.6999969482422,90.02999877929688,90.54000091552734,0.0,9300,0.005698425551535949,2070831.0371459476
2009-04-20,38.87269973754883,0.0,89.5,0.0,90.8499984741211,89.5,90.18000030517578,0.0,114200,0.005798513942700677,2141198.577039204
2009-04-21,38.87269973754883,0.0,89.5,0.0,90.22000122070312,89.4800033569336,89.4800033569336,0.0,78800,0.005815480821778526,2191049.3707384383
2009-04-22,38.93352127075195,0.0,89.63999938964844,0.0,90.16000366210938,89.16999816894531,90.16000366210938,0.0,26000,0.005908500465928152,2201540.6088995556
2009-04-23,38.542625427246094,0.0,88.73999786376953,0.0,90.04000091552734,88.7300033569336,90.04000091552734,0.0,47300,0.006032897405150029,2202266.734568278
2009-04-24,38.85532760620117,0.0,89.45999908447266,0.0,89.87999725341797,89.19000244140625,89.80999755859375,0.0,7300,0.006264755817359924,2204886.559858776
2009-04-27,38.45139694213867,0.0,88.52999877929688,0.0,90.7699966430664,88.52999877929688,90.5,0.0,18800,0.006156859376045412,2183205.5050380644
2009-04-28,38.84665298461914,0.0,89.44000244140625,0.0,90.0,88.38999938964844,90.0,0.0,14800,0.005979898226276306,2184937.6164754233
2009-04-29,38.79017639160156,0.0,89.30999755859375,0.0,90.81999969482422,89.30999755859375,89.55999755859375,0.0,14000,0.005324638197620051,2184148.1159149655
2009-04-30,39.793487548828125,0.0,91.62000274658205,0.0,91.88999938964844,89.61000061035156,89.61000061035156,0.0,22600,0.005643876913683934,2178327.3389422703
2009-05-01,39.86346054077149,0.0,91.1999969482422,0.58,91.1999969482422,89.5999984741211,90.87999725341795,0.0,38300,0.005967036933826211,2178943.2109045605
2009-05-04,39.89840698242188,0.0,91.27999877929688,0.0,91.31999969482422,90.79000091552734,90.87000274658205,0.0,19500,0.005453181899382505,2185948.607696049
2009-05-05,40.67206954956055,0.0,93.0500030517578,0.0,93.0500030517578,91.6500015258789,92.1500015258789,0.0,70700,0.0053348981834075975,2228303.9985414534
2009-05-06,40.96055603027344,0.0,93.70999908447266,0.0,93.70999908447266,93.0,93.31999969482422,0.0,25900,0.0053348981834075975,2203759.913132683
2009-05-07,41.26213455200195,0.0,94.4000015258789,0.0,94.6999969482422,94.0,94.6999969482422,0.0,15500,0.005229943127176761,2187880.96793644
2009-05-08,41.47631454467773,0.0,94.88999938964844,0.0,94.9000015258789,94.54000091552734,94.6500015258789,0.0,17300,0.005264464607534961,2183459.158652169
2009-05-11,41.41513442993164,0.0,94.75,0.0,94.79000091552734,94.1999969482422,94.20999908447266,0.0,22000,0.004595270645535146,2190789.714207725
2009-05-12,41.08730697631836,0.0,94.0,0.0,94.73999786376952,93.75,94.68000030517578,0.0,40800,0.0038734807700458373,2192839.237237355
2009-05-13,40.92558288574219,0.0,93.62999725341795,0.0,94.1999969482422,93.13999938964844,94.1999969482422,0.0,52800,0.003633718307427486,2219494.8076581196
2009-05-14,40.7595100402832,0.0,93.25,0.0,93.6999969482422,92.79000091552734,92.79000091552734,0.0,37100,0.003633718307427486,2242253.339404152
2009-05-15,40.610870361328125,0.0,92.91000366210938,0.0,93.29000091552734,92.8000030517578,93.29000091552734,0.0,33900,0.003608502900771887,2261737.793023246
2009-05-18,40.71137237548828,0.0,93.13999938964844,0.0,93.20999908447266,92.73999786376952,93.20999908447266,0.0,26900,0.003566422885522824,2272558.443965609
2009-05-19,40.92120361328125,0.0,93.62000274658205,0.0,94.0999984741211,93.0,93.0,0.0,22900,0.0033379870858530184,2272873.0075109573
2009-05-20,40.79447555541992,0.0,93.33000183105467,0.0,94.48999786376952,93.31999969482422,94.01000213623048,0.0,42900,0.003237713995361973,2269520.3645978654
2009-05-21,41.16162872314453,0.0,94.16999816894533,0.0,94.3000030517578,93.4499969482422,93.9000015258789,0.0,114100,0.003308661362948796,2334937.768572853
2009-05-22,41.02611923217773,0.0,93.86000061035156,0.0,94.1500015258789,93.4499969482422,93.48999786376952,0.0,383800,0.0034000672346279153,2609530.7462601434
2009-05-26,41.08730697631836,0.0,94.0,0.0,94.0,93.83000183105467,93.83000183105467,0.0,24700,0.003285994193822775,2606651.3022589306
2009-05-27,41.19221496582031,0.0,94.23999786376952,0.0,94.29000091552734,94.0,94.22000122070312,0.0,59500,0.0027723333356221985,2630239.6738385395
2009-05-28,41.17036437988281,0.0,94.19000244140624,0.0,94.22000122070312,94.01000213623048,94.06999969482422,0.0,32500,0.002859601779651963,2643830.5475265263
2009-05-29,40.94742584228516,0.0,93.68000030517578,0.0,94.55999755859376,93.68000030517578,94.4499969482422,0.0,40100,0.002279736007702802,2656643.595177787
2009-06-01,41.410587310791016,0.0,94.23999786376952,0.494,94.83000183105467,93.69000244140624,94.79000091552734,0.0,66300,0.001993795567112845,2701352.1018981934
2009-06-02,41.71816253662109,0.0,94.94000244140624,0.0,94.9800033569336,93.83000183105467,93.83000183105467,0.0,58100,0.0024151933820282493,2741232.76969062
2009-06-03,41.66543197631836,0.0,94.81999969482422,0.0,95.12000274658205,94.5,95.0999984741211,0.0,35700,0.002435882076621736,2756027.3253970677
2009-06-04,41.73133850097656,0.0,94.97000122070312,0.0,95.01000213623048,94.8000030517578,94.93000030517578,0.0,56900,0.002479846655659462,2790355.333752102
2009-06-05,41.67424774169922,0.0,94.83999633789062,0.0,94.9499969482422,94.4000015258789,94.94000244140624,0.0,20000,0.002479846655659462,2762459.2285640654
2009-06-08,41.29191589355469,0.0,93.97000122070312,0.0,94.5999984741211,93.97000122070312,94.55999755859376,0.0,27600,0.002568117261944663,2772733.0064561632
2009-06-09,41.30072021484375,0.0,93.98999786376952,0.0,94.66999816894533,93.88999938964844,94.66999816894533,0.0,19600,0.002737105203783604,2772291.005452474
2009-06-10,40.8657112121582,0.0,93.0,0.0,94.5,92.97000122070312,94.44000244140624,0.0,141200,0.0026026370342712244,2862556.32264879
2009-06-11,41.06342697143555,0.0,93.4499969482422,0.0,93.62999725341795,92.88999938964844,93.3499984741211,0.0,65600,0.002719189198003746,2888547.6148817274
2009-06-12,41.43254089355469,0.0,94.29000091552734,0.0,94.36000061035156,93.47000122070312,93.76000213623048,0.0,20200,0.002719189198003746,2893508.138414413
2009-06-15,41.221622467041016,0.0,93.80999755859376,0.0,93.81999969482422,93.16000366210938,93.30999755859376,0.0,22600,0.002838592491283961,2898564.217564416
2009-06-16,40.90088653564453,0.0,93.08000183105467,0.0,93.9499969482422,93.08000183105467,93.87000274658205,0.0,41600,0.002957910741815574,2902596.03603908
2009-06-17,41.47647476196289,0.0,94.38999938964844,0.0,94.41000366210938,93.16999816894533,93.5199966430664,0.0,82700,0.0033131444195212043,2946426.5669080946
2009-06-18,41.27437973022461,0.0,93.93000030517578,0.0,94.3000030517578,93.80999755859376,93.97000122070312,0.0,56000,0.0032829852068634357,2976135.0197383338
2009-06-19,40.909610748291016,0.0,93.0999984741211,0.0,93.9000015258789,92.66000366210938,93.8000030517578,0.0,31100,0.002926952194296668,2988729.098765055
2009-06-22,40.62841033935547,0.0,92.45999908447266,0.0,93.83999633789062,91.91999816894533,93.37000274658205,0.0,65500,0.0029979352387179635,3003947.9072328596
2009-06-23,40.11871337890625,0.0,91.3000030517578,0.0,92.55999755859376,91.3000030517578,92.4800033569336,0.0,15000,0.0029718146340039593,2980750.2891419427
2009-06-24,40.35163116455078,0.0,91.83000183105467,0.0,92.41999816894533,91.43000030517578,92.05999755859376,0.0,19200,0.0034225968781842865,2973725.669788179
2009-06-25,40.38676071166992,0.0,91.91000366210938,0.0,92.79000091552734,91.91000366210938,92.04000091552734,0.0,26800,0.003393627190179347,2968008.019686502
2009-06-26,41.00190353393555,0.0,93.30999755859376,0.0,93.30999755859376,92.41999816894533,92.4800033569336,0.0,18300,0.0038345952248452393,2966686.360652863
2009-06-29,41.21282958984375,0.0,93.79000091552734,0.0,93.8000030517578,93.16000366210938,93.41999816894533,0.0,21400,0.0034492433168579785,2949054.2405325267
2009-06-30,41.34025192260742,0.0,94.08000183105467,0.0,94.11000061035156,93.80999755859376,94.08999633789062,0.0,24600,0.0030278455019425747,2942400.335711525
2009-07-01,41.41225051879883,0.0,93.7699966430664,0.473,93.91000366210938,93.5,93.63999938964844,0.0,102800,0.003094528426682965,3002168.245503259
2009-07-02,41.39902114868164,0.0,93.73999786376952,0.0,93.83999633789062,93.25,93.27999877929688,0.0,28300,0.0031258108696077336,3011090.689625816
2009-07-06,41.27091598510742,0.0,93.4499969482422,0.0,93.88999938964844,93.01000213623048,93.87999725341795,0.0,19400,0.0033572157046940013,3002994.2369188583
2009-07-07,41.10752487182617,0.0,93.08000183105467,0.0,93.54000091552734,92.77999877929688,93.5,0.0,7500,0.0033027923585708142,2980367.2921316964
2009-07-08,40.95733642578125,0.0,92.73999786376952,0.0,93.56999969482422,92.41999816894533,93.56999969482422,0.0,49800,0.0033133193527015658,2982130.8632139177
2009-07-09,40.72333908081055,0.0,92.20999908447266,0.0,92.8000030517578,91.97000122070312,92.6500015258789,0.0,55800,0.00329163709598495,3005673.076672024
2009-07-10,41.18260192871094,0.0,93.25,0.0,93.3000030517578,92.41999816894533,92.70999908447266,0.0,22500,0.0032921458291142007,3014981.5288240947
2009-07-13,41.24001693725586,0.0,93.37999725341795,0.0,93.48999786376952,92.81999969482422,93.16999816894533,0.0,398800,0.0033387307508891107,3296470.7737635053
2009-07-14,41.30628967285156,0.0,93.52999877929688,0.0,93.63999938964844,93.41000366210938,93.61000061035156,0.0,28300,0.003058755657184165,3308808.646289886
2009-07-15,41.24885940551758,0.0,93.4000015258789,0.0,93.94000244140624,93.4000015258789,93.88999938964844,0.0,48300,0.0028327076549770932,3330762.7738589332
2009-07-16,41.55802154541016,0.0,94.0999984741211,0.0,94.0999984741211,93.3000030517578,93.79000091552734,0.0,38300,0.002690414437861585,3337456.851928953
2009-07-17,41.61984252929688,0.0,94.23999786376952,0.0,94.23999786376952,94.13999938964844,94.1999969482422,0.0,84600,0.0025712006150531838,3390653.4216441805
2009-07-20,41.778804779052734,0.0,94.5999984741211,0.0,94.5999984741211,94.23999786376952,94.5,0.0,34000,0.0025712006150531838,3400686.754565769
2009-07-21,42.01290893554688,0.0,95.12999725341795,0.0,95.12999725341795,94.43000030517578,94.76000213623048,0.0,44500,0.002176953286742873,3401096.7920696926
2009-07-22,42.14537811279297,0.0,95.43000030517578,0.0,95.44000244140624,94.9000015258789,95.19000244140624,0.0,28600,0.002176953286742873,3407161.3318791464
2009-07-23,42.11005783081055,0.0,95.3499984741211,0.0,95.6500015258789,94.9000015258789,95.19000244140624,0.0,41100,0.0019472878090405806,3417306.3702961756
2009-07-24,42.30437850952149,0.0,95.79000091552734,0.0,95.8000030517578,95.13999938964844,95.18000030517578,0.0,56600,0.002014249697040619,3370242.1944754464
2009-07-27,42.55170440673828,0.0,96.3499984741211,0.0,96.3499984741211,95.62999725341795,96.0199966430664,0.0,31800,0.0015415878072131354,3385998.337288508
2009-07-28,42.56053924560547,0.0,96.37000274658205,0.0,96.4000015258789,95.8499984741211,96.27999877929688,0.0,38200,0.0017123169085431788,3408580.829947335
2009-07-29,42.31318664550781,0.0,95.80999755859376,0.0,96.33000183105467,95.80999755859376,96.31999969482422,0.0,24600,0.0019722098951738412,3407591.138446142
2009-07-30,42.42361831665039,0.0,96.05999755859376,0.0,96.3499984741211,96.0500030517578,96.2699966430664,0.0,51500,0.0019859882614566737,3437426.2567247665
2009-07-31,42.626747131347656,0.0,96.5199966430664,0.0,96.88999938964844,96.1500015258789,96.30999755859376,0.0,66200,0.0019717450891252155,3484744.5009927903
2009-08-03,43.02165985107422,0.0,96.95999908447266,0.45,96.97000122070312,96.62999725341795,96.7699966430664,0.0,51900,0.0018330408152260902,3508135.675278921
2009-08-04,42.87967300415039,0.0,96.63999938964844,0.0,97.38999938964844,96.63999938964844,97.23999786376952,0.0,138700,0.0018439808317879524,3600630.0637441967
2009-08-05,43.33667755126953,0.0,97.66999816894533,0.0,97.69000244140624,96.88999938964844,96.9800033569336,0.0,92100,0.0019175132378571227,3659232.848073566
2009-08-06,43.47867584228516,0.0,97.98999786376952,0.0,98.0199966430664,97.5,97.87999725341795,0.0,54400,0.0019175132378571227,3690867.0217544315
2009-08-07,43.45204162597656,0.0,97.93000030517578,0.0,98.06999969482422,97.61000061035156,98.0199966430664,0.0,40000,0.0019537555579660876,3711093.4111398365
2009-08-10,43.36776351928711,0.0,97.73999786376952,0.0,97.88999938964844,97.04000091552734,97.80999755859376,0.0,35400,0.0019071706361911776,3733042.7595047723
2009-08-11,43.35442733764648,0.0,97.70999908447266,0.0,97.7699966430664,97.4800033569336,97.58000183105467,0.0,37300,0.0019665611348747324,3747673.164149693
2009-08-12,43.234649658203125,0.0,97.44000244140624,0.0,97.48999786376952,97.02999877929688,97.26000213623048,0.0,28400,0.0019352539989541911,3762469.379037524
2009-08-13,42.999473571777344,0.0,96.91000366210938,0.0,97.52999877929688,96.62999725341795,97.52999877929688,0.0,46600,0.0018595295155815921,3790237.6029120553
2009-08-14,43.363311767578125,0.0,97.7300033569336,0.0,97.7699966430664,97.0,97.4800033569336,0.0,42700,0.002026319896446352,3812003.7465716167
2009-08-17,43.07046508789063,0.0,97.06999969482422,0.0,97.48999786376952,96.3000030517578,97.48999786376952,0.0,61800,0.0022581797473274746,3853533.3653101847
2009-08-18,42.98173904418945,0.0,96.87000274658205,0.0,97.58000183105467,96.70999908447266,97.4499969482422,0.0,62800,0.0024990891071038994,3886217.008899507
2009-08-19,43.24797439575195,0.0,97.47000122070312,0.0,97.47000122070312,97.0,97.36000061035156,0.0,16700,0.0026468689871238737,3885452.4695320735
2009-08-20,43.19470977783203,0.0,97.3499984741211,0.0,97.8000030517578,97.3499984741211,97.68000030517578,0.0,25200,0.0024257522206458395,3888189.469479758
2009-08-21,43.47420120239258,0.0,97.9800033569336,0.0,97.9800033569336,97.75,97.87000274658205,0.0,28800,0.0023691390217091338,3891853.4709446016
2009-08-24,43.32783126831055,0.0,97.6500015258789,0.0,98.3499984741211,97.3499984741211,97.9800033569336,0.0,80100,0.002401338989402225,3943526.606835259
2009-08-25,43.58516311645508,0.0,98.2300033569336,0.0,98.2300033569336,97.66999816894533,97.9000015258789,0.0,61300,0.0024105994983687645,3983482.9497382753
2009-08-26,43.52745056152344,0.0,98.0999984741211,0.0,98.1500015258789,98.0500030517578,98.1500015258789,0.0,41900,0.002161572322910722,4007432.6472570025
2009-08-27,43.54076766967773,0.0,98.12999725341795,0.0,98.16000366210938,97.91999816894533,98.16000366210938,0.0,66500,0.0020850169125986953,4049148.4789530435
2009-08-28,43.57185363769531,0.0,98.1999969482422,0.0,98.1999969482422,98.0,98.1500015258789,0.0,47400,0.0020638956377924756,4049511.8111383347
2009-08-31,43.66502380371094,0.0,98.41000366210938,0.0,98.54000091552734,98.16000366210938,98.4499969482422,0.0,27000,0.001971195076605333,4055202.4468437075
2009-09-01,43.6489486694336,0.0,97.87999725341795,0.494,98.48999786376952,97.87000274658205,97.9800033569336,0.0,369100,0.001961978594475792,4333998.6924610445
2009-09-02,43.47060012817383,0.0,97.4800033569336,0.0,97.97000122070312,96.98999786376952,97.95999908447266,0.0,58000,0.0015928843431246473,4375233.471685743
2009-09-03,43.75599670410156,0.0,98.12000274658205,0.0,98.13999938964844,97.4000015258789,97.66000366210938,0.0,55500,0.001689079197237078,4336921.564955939
2009-09-04,43.74261093139648,0.0,98.08999633789062,0.0,98.43000030517578,97.58000183105467,98.3000030517578,0.0,62700,0.0016555007598880365,4365567.586311461
2009-09-08,43.92992782592773,0.0,98.51000213623048,0.0,98.52999877929688,98.05999755859376,98.52999877929688,0.0,80600,0.0016814916060737515,4420076.753979637
2009-09-09,44.487342834472656,0.0,99.76000213623048,0.0,99.7699966430664,98.70999908447266,99.19000244140624,0.0,84500,0.001622101107390196,4481259.985484774
2009-09-10,44.487342834472656,0.0,99.76000213623048,0.0,99.9499969482422,99.58999633789062,99.9499969482422,0.0,78000,0.0015927381880121304,4533204.772192335
2009-09-11,44.48287582397461,0.0,99.75,0.0,100.19000244140624,99.51000213623048,99.5199966430664,0.0,40600,0.0015637816969765006,4559116.399383545
2009-09-14,44.74155807495117,0.0,100.33000183105467,0.0,100.38999938964844,100.01000213623048,100.01000213623048,0.0,41800,0.001516439007091389,4585357.368142264
2009-09-15,45.14731597900391,0.0,101.23999786376952,0.0,101.23999786376952,100.56999969482422,100.56999969482422,0.0,64800,0.0012845791562102662,4629247.081120809
2009-09-16,45.3658447265625,0.0,101.7300033569336,0.0,101.7300033569336,101.01000213623048,101.01000213623048,0.0,101600,0.001043669796433841,4707156.099567716
2009-09-17,45.78952026367188,0.0,102.68000030517578,0.0,102.68000030517578,102.0,102.23999786376952,0.0,81500,0.0008958899164138673,4762365.465043083
2009-09-18,45.66911697387695,0.0,102.41000366210938,0.0,102.45999908447266,102.25,102.3000030517578,0.0,88300,0.0009330985591387297,4821872.316554236
2009-09-21,45.66911697387695,0.0,102.41000366210938,0.0,102.63999938964844,102.31999969482422,102.58999633789062,0.0,106200,0.0008644511140505721,4888913.87526497
2009-09-22,45.56654739379883,0.0,102.18000030517578,0.0,102.51000213623048,101.9800033569336,102.51000213623048,0.0,57000,0.000832251146357481,4921850.700329977
2009-09-23,45.472877502441406,0.0,101.97000122070312,0.0,102.56999969482422,101.97000122070312,102.45999908447266,0.0,97400,0.0008890886943431903,4992513.225373767
2009-09-24,45.42386245727539,0.0,101.86000061035156,0.0,102.3000030517578,101.86000061035156,102.16999816894533,0.0,92200,0.0009185254398435521,5058572.685895647
2009-09-25,45.49518966674805,0.0,102.0199966430664,0.0,102.04000091552734,101.2300033569336,101.87000274658205,0.0,62300,0.0008939308645388685,5101919.14427621
2009-09-28,45.53977966308594,0.0,102.12000274658205,0.0,102.12000274658205,101.43000030517578,101.95999908447266,0.0,62100,0.0010604484583514636,5138452.891165113
2009-09-29,45.48625183105469,0.0,102.0,0.0,102.1500015258789,101.93000030517578,102.0999984741211,0.0,54300,0.0010653794582226352,5179082.311811902
2009-09-30,45.94113159179688,0.0,103.0199966430664,0.0,103.06999969482422,102.01000213623048,102.4000015258789,0.0,79500,0.0009952871832701006,5237599.97663952
2009-10-01,45.916053771972656,0.0,102.51000213623048,0.454,102.76000213623048,102.33000183105467,102.75,0.0,354300,0.0010935608694661483,5486122.308743189
2009-10-02,45.79063034057617,0.0,102.2300033569336,0.0,102.66999816894533,101.54000091552734,102.51000213623048,0.0,1939300,0.0009973660153537176,7037834.733042642
2009-10-05,46.04145431518555,0.0,102.79000091552734,0.0,102.94000244140624,102.41000366210938,102.70999908447266,0.0,109500,0.000910498996348517,7111648.805697002
2009-10-06,46.47594833374024,0.0,103.76000213623048,0.0,103.80999755859376,103.41000366210938,103.80999755859376,0.0,127800,0.0008845081501628018,7209348.236435179
2009-10-07,46.39082336425781,0.0,103.56999969482422,0.0,103.81999969482422,103.41999816894533,103.69000244140624,0.0,111300,0.0010658813310611074,7295208.402657887
2009-10-08,46.56103515625,0.0,103.9499969482422,0.0,103.9499969482422,103.44000244140624,103.77999877929688,0.0,176600,0.0012035662796965353,7429712.287618243
2009-10-09,46.58345413208008,0.0,104.0,0.0,104.3499984741211,104.0,104.23999786376952,0.0,61300,0.0010953067935146425,7461737.6844436405
2009-10-12,46.668556213378906,0.0,104.19000244140624,0.0,104.29000091552734,103.76000213623048,104.16999816894533,0.0,56900,0.0010281138735027998,7472552.852212815
2009-10-13,46.61031723022461,0.0,104.05999755859376,0.0,104.3499984741211,103.83999633789062,104.1999969482422,0.0,65800,0.001196909753079252,7498214.795478942
2009-10-14,46.64166259765625,0.0,104.12999725341795,0.0,104.43000030517578,103.93000030517578,104.37999725341795,0.0,66100,0.0013408780598777798,7543402.675150312
2009-10-15,46.61476135253906,0.0,104.06999969482422,0.0,104.06999969482422,103.66000366210938,104.0500030517578,0.0,107200,0.0013408780598777798,7625269.436615232
2009-10-16,46.44459915161133,0.0,103.69000244140624,0.0,104.0,103.5,104.0,0.0,68000,0.0014739937477653905,7600110.866504245
2009-10-19,46.53866958618164,0.0,103.9000015258789,0.0,103.98999786376952,103.4499969482422,103.9499969482422,0.0,73700,0.0016903007982090317,7604911.105492001
2009-10-20,46.60136413574219,0.0,104.04000091552734,0.0,104.11000061035156,103.7699966430664,104.04000091552734,0.0,86300,0.0016903007982090317,7657673.10624501
2009-10-21,46.480411529541016,0.0,103.7699966430664,0.0,104.01000213623048,103.6500015258789,103.93000030517578,0.0,76400,0.001529187635070545,7687281.247868613
2009-10-22,46.29228591918945,0.0,103.3499984741211,0.0,103.5500030517578,103.3499984741211,103.5199966430664,0.0,90700,0.0014888850783975635,7756493.84206136
2009-10-23,46.24306106567383,0.0,103.23999786376952,0.0,103.72000122070312,102.22000122070312,103.58999633789062,0.0,82300,0.0015043037434920418,7810718.348784674
2009-10-26,46.023563385009766,0.0,102.75,0.0,103.33999633789062,102.66000366210938,103.33999633789062,0.0,48900,0.0014700546471316338,7840089.48341854
2009-10-27,45.87127685546875,0.0,102.41000366210938,0.0,102.8000030517578,102.41000366210938,102.8000030517578,0.0,114500,0.0014651236472604623,7923229.209239899
2009-10-28,45.43230819702149,0.0,101.43000030517578,0.0,102.37000274658205,100.0199966430664,102.11000061035156,0.0,131700,0.0014651236472604623,8012814.280494811
2009-10-29,45.45468521118164,0.0,101.4800033569336,0.0,101.5199966430664,101.0199966430664,101.5199966430664,0.0,57200,0.0014295027167484501,8031161.076597183
2009-10-30,45.69656753540039,0.0,102.0199966430664,0.0,102.05999755859376,101.62000274658205,101.62000274658205,0.0,182800,0.0014295027167484501,8165044.373503186
2009-11-02,45.46622848510742,0.0,101.05999755859376,0.448,101.69000244140624,100.6500015258789,101.68000030517578,0.0,66100,0.0014547813687518672,8165849.378446548
2009-11-03,45.29976272583008,0.0,100.69000244140624,0.0,100.8499984741211,100.51000213623048,100.81999969482422,0.0,145600,0.0015197582192437657,8262939.659233699
2009-11-04,45.43024826049805,0.0,100.9800033569336,0.0,101.01000213623048,100.61000061035156,100.75,0.0,71500,0.0013683332636656783,8308629.105395363
2009-11-05,45.54718399047852,0.0,101.23999786376952,0.0,101.3000030517578,101.0,101.05999755859376,0.0,99500,0.0012306483150302504,8375548.016490634
2009-11-06,45.62815856933594,0.0,101.41999816894533,0.0,101.52999877929688,101.1999969482422,101.3499984741211,0.0,188300,0.0012306483150302504,8510570.91851613
2009-11-09,45.8171272277832,0.0,101.83999633789062,0.0,101.8499984741211,101.5199966430664,101.7300033569336,0.0,91300,0.0011783935440624453,8553926.407926045
2009-11-10,46.06459426879883,0.0,102.38999938964844,0.0,102.45999908447266,101.83999633789062,101.9800033569336,0.0,129300,0.0010095976644859928,8619762.62273637
2009-11-11,46.08707427978516,0.0,102.44000244140624,0.0,102.48999786376952,102.33999633789062,102.48999786376952,0.0,88000,0.0008656293576874651,8663851.076822432
2009-11-12,46.08707427978516,0.0,102.44000244140624,0.0,102.66000366210938,102.44000244140624,102.54000091552734,0.0,62900,0.0008656293576874651,8689992.5611829
2009-11-13,46.12755584716797,0.0,102.52999877929688,0.0,102.63999938964844,102.27999877929688,102.58999633789062,0.0,197300,0.0007445896416205659,8830656.86892555
2009-11-16,46.31652069091797,0.0,102.9499969482422,0.0,102.9499969482422,102.62999725341795,102.79000091552734,0.0,70200,0.0005282825911769246,8870999.660376897
2009-11-17,46.22202301025391,0.0,102.73999786376952,0.0,103.0500030517578,102.72000122070312,103.01000213623048,0.0,601900,0.0005748504424629026,9330010.355897933
2009-11-18,46.249061584472656,0.0,102.8000030517578,0.0,102.98999786376952,102.66000366210938,102.73999786376952,0.0,93600,0.0005891378214518839,9321099.907442123
2009-11-19,46.226558685302734,0.0,102.75,0.0,102.8000030517578,102.6500015258789,102.79000091552734,0.0,49700,0.000615591761391931,9075728.5325671
2009-11-20,46.18606185913086,0.0,102.66000366210938,0.0,102.73999786376952,102.31999969482422,102.61000061035156,0.0,179700,0.0006001730962974527,9203714.267948696
2009-11-23,46.24452972412109,0.0,102.79000091552734,0.0,102.87999725341795,102.61000061035156,102.6999969482422,0.0,166700,0.0004280220240204498,9295204.849533807
2009-11-24,46.35252380371094,0.0,103.02999877929688,0.0,103.0500030517578,102.83999633789062,103.0,0.0,178700,0.0004280220240204498,9417032.51383948
2009-11-25,46.41999435424805,0.0,103.18000030517578,0.0,103.2699966430664,102.87000274658205,103.22000122070312,0.0,96900,0.00045358539643655313,9466568.815564353
2009-11-27,46.14106369018555,0.0,102.55999755859376,0.0,102.58999633789062,101.87999725341795,102.0199966430664,0.0,41000,0.00040831456021497056,9450353.323830498
2009-11-30,46.06007766723633,0.0,102.37999725341795,0.0,102.62999725341795,101.81999969482422,102.5199966430664,0.0,199300,0.000723691487040771,9568514.588201614
2009-12-01,46.18748474121094,0.0,102.23999786376952,0.422,102.31999969482422,101.7699966430664,102.02999877929688,0.0,143100,0.0008656430166672869,9657764.347766694
2009-12-02,46.119728088378906,0.0,102.08999633789062,0.0,102.5,102.08999633789062,102.4000015258789,0.0,194900,0.0008006661661753885,9772792.500280956
2009-12-03,46.08809661865234,0.0,102.0199966430664,0.0,102.20999908447266,101.83000183105467,102.12000274658205,0.0,108200,0.0007707179408551704,9845346.180519225
2009-12-04,46.05646133422852,0.0,101.9499969482422,0.0,101.97000122070312,101.56999969482422,101.63999938964844,0.0,251100,0.0007707179408551704,10027934.055122497
2009-12-07,46.07905578613281,0.0,102.0,0.0,102.0199966430664,101.88999938964844,101.93000030517578,0.0,53800,0.0007707179408551704,10056865.769740513
2009-12-08,45.984169006347656,0.0,101.79000091552734,0.0,102.0500030517578,101.7300033569336,101.95999908447266,0.0,77400,0.0008007695725471735,10015174.865541004
2009-12-09,45.89835357666016,0.0,101.5999984741211,0.0,101.94000244140624,101.5999984741211,101.94000244140624,0.0,118300,0.0008207998447505211,10061912.643475004
2009-12-10,45.96612930297852,0.0,101.75,0.0,101.91000366210938,101.73999786376952,101.91000366210938,0.0,75000,0.0008684783527776076,10107361.78618537
2009-12-11,46.024845123291016,0.0,101.87999725341795,0.0,101.87999725341795,101.70999908447266,101.8499984741211,0.0,48100,0.0009163957043108196,10129427.833193824
2009-12-14,46.04293441772461,0.0,101.91999816894533,0.0,102.13999938964844,101.8000030517578,102.08000183105467,0.0,50900,0.0008671110897652459,10139869.101690868
2009-12-15,46.01129913330078,0.0,101.8499984741211,0.0,102.08999633789062,101.79000091552734,101.87999725341795,0.0,84600,0.0009895954954024819,10146301.29947965
2009-12-16,46.04293441772461,0.0,101.91999816894533,0.0,102.88999938964844,101.91000366210938,102.0500030517578,0.0,373400,0.0009430276441165038,10406593.738362147
2009-12-17,46.01581573486328,0.0,101.86000061035156,0.0,102.05999755859376,101.76000213623048,102.0199966430664,0.0,66100,0.0008530262699837169,10437050.373979598
2009-12-18,46.08809661865234,0.0,102.0199966430664,0.0,102.13999938964844,101.86000061035156,102.13999938964844,0.0,46000,0.000862515064431529,10426231.246245854
2009-12-21,46.05194091796875,0.0,101.94000244140624,0.0,102.16000366210938,101.9000015258789,101.9499969482422,0.0,80300,0.0009596449689281688,10480328.723628936
2009-12-22,46.10614013671875,0.0,102.05999755859376,0.0,102.11000061035156,101.9499969482422,102.0500030517578,0.0,70400,0.0010132348813519623,10523359.57912869
2009-12-23,46.09713745117188,0.0,102.04000091552734,0.0,102.16999816894533,101.9499969482422,101.9800033569336,0.0,104600,0.0010748072638006167,10588519.864824083
2009-12-24,46.03839874267578,0.0,101.91000366210938,0.0,102.0199966430664,101.9000015258789,101.98999786376952,0.0,67200,0.001049970034481249,10629319.700465126
2009-12-28,45.96612930297852,0.0,101.75,0.0,101.98999786376952,101.75,101.9499969482422,0.0,64800,0.0010325881150187962,10665718.85903979
2009-12-29,45.97880935668945,0.0,101.36000061035156,0.418,101.62999725341795,101.30999755859376,101.62999725341795,0.0,63700,0.0007172111881929958,10698593.970101977
2009-12-30,45.996952056884766,0.0,101.4000015258789,0.0,101.8000030517578,101.25,101.63999938964844,0.0,103300,0.0006198555928261211,10705221.46615528
2009-12-31,46.16937255859375,0.0,101.77999877929688,0.0,101.77999877929688,101.13999938964844,101.36000061035156,0.0,87500,0.0008384024697755173,10754847.719755627
2010-01-04,46.23736190795898,0.0,101.93000030517578,0.0,101.93000030517578,101.33000183105467,101.73999786376952,0.0,120500,0.0009421025638108645,10837940.061787197
2010-01-05,46.51862716674805,0.0,102.5500030517578,0.0,102.58000183105467,102.06999969482422,102.20999908447266,0.0,98700,0.0009421025638108645,10912730.421211606
2010-01-06,46.58213424682617,0.0,102.69000244140624,0.0,102.75,102.2300033569336,102.5999984741211,0.0,135300,0.000999103592139575,10986345.54372515
2010-01-07,46.34171676635742,0.0,102.16000366210938,0.0,102.51000213623048,102.0999984741211,102.37999725341795,0.0,98300,0.0011365424903940374,11025210.705717783
2010-01-08,46.39612579345703,0.0,102.27999877929688,0.0,102.48999786376952,102.18000030517578,102.27999877929688,0.0,327900,0.0012392032343584603,11274730.440636287
2010-01-11,46.74996566772461,0.0,103.05999755859376,0.0,103.0999984741211,102.88999938964844,103.0199966430664,0.0,127000,0.0012674595023118185,11083053.272265479
2010-01-12,46.75906753540039,0.0,103.08000183105467,0.0,103.12999725341795,102.94000244140624,103.12999725341795,0.0,138400,0.001270148709464395,11175270.520582654
2010-01-13,46.65469741821289,0.0,102.8499984741211,0.0,103.19000244140624,102.8000030517578,103.19000244140624,0.0,130200,0.001321465783351366,11245745.51842099
2010-01-14,46.40974426269531,0.0,102.30999755859376,0.0,102.69000244140624,102.30999755859376,102.66000366210938,0.0,90400,0.0011989813777141297,11290545.46951415
2010-01-15,46.382545471191406,0.0,102.25,0.0,102.5999984741211,102.25,102.4499969482422,0.0,180600,0.0012892711648742373,11373828.375710381
2010-01-19,46.45514678955078,0.0,102.41000366210938,0.0,102.54000091552734,102.2699966430664,102.54000091552734,0.0,157100,0.0013978230619012583,11475988.785450043
2010-01-20,46.509559631347656,0.0,102.52999877929688,0.0,102.56999969482422,102.29000091552734,102.56999969482422,0.0,169500,0.001466750591799911,11580318.546682691
2010-01-21,46.427879333496094,0.0,102.3499984741211,0.0,102.5500030517578,102.25,102.3000030517578,0.0,115900,0.0014761179987648472,11652803.203940013
2010-01-22,46.29632568359375,0.0,102.05999755859376,0.0,102.2699966430664,101.88999938964844,102.0999984741211,0.0,68800,0.0014225280863410536,11677428.941199893
2010-01-25,46.314491271972656,0.0,102.0999984741211,0.0,102.16999816894533,101.91999816894533,102.12999725341795,0.0,68000,0.0014495377833661158,11689501.051076254
2010-01-26,46.30086898803711,0.0,102.06999969482422,0.0,102.29000091552734,101.91000366210938,102.11000061035156,0.0,118200,0.0015374082196887742,11760935.527365549
2010-01-27,46.196533203125,0.0,101.83999633789062,0.0,102.12000274658205,101.75,102.0999984741211,0.0,205100,0.0015374082196887742,11897491.472952707
2010-01-28,46.04228210449219,0.0,101.5,0.0,101.95999908447266,101.5,101.95999908447266,0.0,103500,0.0015374082196887742,11962160.7115246
2010-01-29,45.91983795166016,0.0,101.2300033569336,0.0,101.61000061035156,101.1500015258789,101.61000061035156,0.0,165800,0.001434675872809221,12056103.92328898
2010-02-01,45.93305969238281,0.0,100.77999877929688,0.479,101.12000274658205,100.62999725341795,101.0,0.0,76300,0.0012161289958598249,12066420.511615086
2010-02-02,45.82371139526367,0.0,100.54000091552734,0.0,101.1500015258789,100.5,101.1500015258789,0.0,1151900,0.0013086059828464201,12945625.298139784
2010-02-03,45.75987243652344,0.0,100.4000015258789,0.0,100.88999938964844,100.4000015258789,100.73999786376952,0.0,187300,0.0013854166563648104,12988489.999492584
2010-02-04,45.29497909545898,0.0,99.37999725341795,0.0,100.33999633789062,99.36000061035156,100.29000091552734,0.0,219800,0.0013284156280360998,13090460.76588101
2010-02-05,45.13542938232422,0.0,99.02999877929688,0.0,100.2300033569336,97.63999938964844,99.12999725341795,0.0,875400,0.001243305778393908,13736176.678957257
2010-02-08,45.335968017578125,0.0,99.47000122070312,0.0,99.62000274658205,99.25,99.29000091552734,0.0,124500,0.0011525161910802815,13803373.624510992
2010-02-09,45.28130722045898,0.0,99.3499984741211,0.0,99.69000244140624,99.3499984741211,99.66000366210938,0.0,119400,0.0011523987098715726,13870059.290331885
2010-02-10,45.422584533691406,0.0,99.66000366210938,0.0,99.75,99.31999969482422,99.61000061035156,0.0,89600,0.0012451544555464153,13912003.36463565
2010-02-11,45.74164962768555,0.0,100.36000061035156,0.0,100.36000061035156,99.72000122070312,99.93000030517578,0.0,130600,0.0011938373816594444,13994064.634559268
2010-02-12,45.67326736450195,0.0,100.20999908447266,0.0,100.45999908447266,100.01000213623048,100.05999755859376,0.0,137000,0.001244797207668458,14067181.80681259
2010-02-16,45.75075912475586,0.0,100.37999725341795,0.0,100.62999725341795,100.0999984741211,100.38999938964844,0.0,67300,0.0012451572979073312,14087677.859763494
2010-02-17,45.94672393798828,0.0,100.80999755859376,0.0,100.81999969482422,100.43000030517578,100.75,0.0,90700,0.00113660540088031,14112634.532758925
2010-02-18,45.83733367919922,0.0,100.56999969482422,0.0,100.9000015258789,100.4800033569336,100.7300033569336,0.0,129800,0.0011554558669137184,14167956.35647244
2010-02-19,45.99686813354492,0.0,100.91999816894533,0.0,100.91999816894533,100.5,100.8000030517578,0.0,118100,0.001233527565918157,14249630.18792773
2010-02-22,46.01968002319336,0.0,100.97000122070312,0.0,101.18000030517578,100.8499984741211,101.18000030517578,0.0,69800,0.001233527565918157,14286094.363512311
2010-02-23,45.94672393798828,0.0,100.80999755859376,0.0,101.11000061035156,100.7300033569336,101.11000061035156,0.0,70900,0.0012086304303706207,14320424.559783936
2010-02-24,46.01509475708008,0.0,100.95999908447266,0.0,101.13999938964844,100.8499984741211,101.13999938964844,0.0,204500,0.0012372003035601858,14422206.73986768
2010-02-25,46.17919158935547,0.0,101.31999969482422,0.0,101.4800033569336,101.05999755859376,101.2300033569336,0.0,153200,0.0012372003035601858,14497609.31722853
2010-02-26,46.53014755249024,0.0,102.08999633789062,0.0,102.11000061035156,101.23999786376952,101.47000122070312,0.0,140300,0.0012372003035601858,14578663.575562976
2010-03-01,46.56724166870117,0.0,101.68000030517578,0.491,102.13999938964844,101.68000030517578,102.08999633789062,0.0,335400,0.0013366431028874407,14797535.220682053
2010-03-02,46.947364807128906,0.0,102.51000213623048,0.0,102.62999725341795,101.97000122070312,102.16999816894533,0.0,656700,0.0015079238445905182,15294865.685344879
2010-03-03,46.89694595336914,0.0,102.4000015258789,0.0,102.48999786376952,102.18000030517578,102.43000030517578,0.0,362000,0.0013932896222455236,15567974.657197982
2010-03-04,46.9427604675293,0.0,102.5,0.0,102.51000213623048,102.29000091552734,102.41000366210938,0.0,83100,0.001375551316564296,15348849.60175166
2010-03-05,46.99315643310547,0.0,102.61000061035156,0.0,102.69000244140624,102.4499969482422,102.58999633789062,0.0,104400,0.001375551316564296,15388997.568966094
2010-03-08,47.18089294433594,0.0,103.0199966430664,0.0,103.02999877929688,102.6999969482422,102.9000015258789,0.0,78100,0.0012931706362600227,15409634.089485047
2010-03-09,47.212982177734375,0.0,103.08999633789062,0.0,103.38999938964844,102.93000030517578,103.08000183105467,0.0,105900,0.0012612692074058783,15447467.326324705
2010-03-10,47.15800857543945,0.0,102.97000122070312,0.0,103.4800033569336,102.97000122070312,103.45999908447266,0.0,411500,0.0013455297117328908,15720739.146405175
2010-03-11,47.25417709350586,0.0,103.18000030517578,0.0,103.4800033569336,103.11000061035156,103.36000061035156,0.0,58500,0.0013427612805863506,15701741.605431693
2010-03-12,47.57480239868164,0.0,103.87999725341795,0.0,104.01000213623048,103.36000061035156,103.51000213623048,0.0,109300,0.0013754856425346,15730097.1890283
2010-03-15,47.657222747802734,0.0,104.05999755859376,0.0,104.05999755859376,103.88999938964844,104.04000091552734,0.0,91300,0.0013245258165255865,15773357.72694179
2010-03-16,47.70758438110352,0.0,104.16999816894533,0.0,104.41999816894533,104.05999755859376,104.2699966430664,0.0,105200,0.0012338759391266059,15827047.327980163
2010-03-17,47.89994430541992,0.0,104.58999633789062,0.0,104.58999633789062,104.25,104.5,0.0,68500,0.0012861576226422943,15831841.477881538
2010-03-18,47.78544616699219,0.0,104.33999633789062,0.0,104.48999786376952,104.29000091552734,104.4499969482422,0.0,72000,0.0012253154404656445,15809434.425462995
2010-03-19,47.93658447265625,0.0,104.66999816894533,0.0,104.66999816894533,104.38999938964844,104.66999816894533,0.0,199600,0.0010570567121156913,15908828.962047515
2010-03-22,47.80833053588867,0.0,104.38999938964844,0.0,104.38999938964844,104.0,104.26000213623048,0.0,120400,0.0011610633118211858,15936811.125564575
2010-03-23,47.83125305175781,0.0,104.44000244140624,0.0,104.47000122070312,104.19000244140624,104.36000061035156,0.0,131000,0.0011090451751143723,15959078.569460671
2010-03-24,47.79461669921875,0.0,104.36000061035156,0.0,104.41000366210938,104.1999969482422,104.41000366210938,0.0,108100,0.00107286725676492,16002388.538100228
2010-03-25,47.69840240478516,0.0,104.1500015258789,0.0,104.37999725341795,104.02999877929688,104.37000274658205,0.0,114500,0.0011054354977205034,16018208.356003534
2010-03-26,47.67557144165039,0.0,104.0999984741211,0.0,104.29000091552734,103.9800033569336,104.1500015258789,0.0,117300,0.0011837340818739465,16040584.846199883
2010-03-29,47.71219253540039,0.0,104.18000030517578,0.0,104.20999908447266,104.0199966430664,104.20999908447266,0.0,114400,0.0011464391455437409,16084730.451311383
2010-03-30,47.69386672973633,0.0,104.13999938964844,0.0,104.2699966430664,104.0199966430664,104.05999755859376,0.0,111800,0.0010493859646217708,16126803.46528916
2010-03-31,47.744239807128906,0.0,104.25,0.0,104.31999969482422,104.11000061035156,104.31999969482422,0.0,153700,0.0009985283127962451,16210014.77481297
2010-04-01,47.76679992675781,0.0,103.81999969482422,0.479,103.94000244140624,103.76000213623048,103.91999816894533,0.0,115500,0.000970265953213894,16240182.39569891
2010-04-05,47.83119201660156,0.0,103.95999908447266,0.0,103.95999908447266,103.81999969482422,103.93000030517578,0.0,84000,0.001002839999465144,16021240.698605493
2010-04-06,47.78058242797852,0.0,103.8499984741211,0.0,104.12999725341795,103.8499984741211,104.12999725341795,0.0,128400,0.0010063990922295637,14553619.224748157
2010-04-07,47.803592681884766,0.0,103.9000015258789,0.0,104.04000091552734,103.88999938964844,104.04000091552734,0.0,245400,0.0010501525316645617,14666647.441210065
2010-04-08,47.86800384521485,0.0,104.04000091552734,0.0,104.0500030517578,103.83999633789062,103.95999908447266,0.0,338000,0.000945877939451512,14840496.5843564
2010-04-09,47.9185905456543,0.0,104.1500015258789,0.0,104.1500015258789,103.9800033569336,104.0999984741211,0.0,131900,0.000805284066237421,14858036.61796933
2010-04-12,48.03360748291016,0.0,104.4000015258789,0.0,104.41000366210938,104.16000366210938,104.33999633789062,0.0,112500,0.0007725597042891715,14805555.909323314
2010-04-13,48.05660629272461,0.0,104.4499969482422,0.0,104.55999755859376,104.3499984741211,104.55999755859376,0.0,88500,0.0007725597042891715,14828322.772259183
2010-04-14,48.17628860473633,0.0,104.70999908447266,0.0,104.9000015258789,104.6500015258789,104.6999969482422,0.0,120500,0.0007725597042891715,14881411.214725556
2010-04-15,48.4384994506836,0.0,105.27999877929688,0.0,105.27999877929688,104.93000030517578,105.0199966430664,0.0,327600,0.0007434730988509199,15100796.768382238
2010-04-16,48.4569206237793,0.0,105.31999969482422,0.0,105.5,105.1999969482422,105.44000244140624,0.0,133000,0.000680594550707649,15157340.952040657
2010-04-19,48.33272552490234,0.0,105.0500030517578,0.0,105.1999969482422,104.9499969482422,105.1999969482422,0.0,124800,0.0006642842685915878,15172848.383894421
2010-04-20,48.47070693969727,0.0,105.3499984741211,0.0,105.3499984741211,105.08999633789062,105.18000030517578,0.0,247900,0.0005610682674641874,15324160.641479492
2010-04-21,48.41548538208008,0.0,105.2300033569336,0.0,105.38999938964844,105.13999938964844,105.3000030517578,0.0,134700,0.000619009343237121,15375883.271159822
2010-04-22,48.28208923339844,0.0,104.94000244140624,0.0,105.12000274658205,104.87000274658205,105.08999633789062,0.0,265000,0.000538020808977614,15525331.275667462
2010-04-23,48.171661376953125,0.0,104.6999969482422,0.0,104.95999908447266,104.58999633789062,104.95999908447266,0.0,240100,0.0005054525680220308,15661922.081411453
2010-04-26,48.19468688964844,0.0,104.75,0.0,104.8499984741211,104.56999969482422,104.8000030517578,0.0,99000,0.0005124942138270323,15669830.05870032
2010-04-27,47.85879135131836,0.0,104.0199966430664,0.0,104.58000183105467,103.86000061035156,104.58000183105467,0.0,229000,0.00045034635082998313,15791448.530185033
2010-04-28,47.73915863037109,0.0,103.76000213623048,0.0,104.16999816894533,103.6999969482422,104.0999984741211,0.0,115700,0.0003761187900488755,15846849.77817838
2010-04-29,47.82657623291016,0.0,103.9499969482422,0.0,104.30999755859376,103.91999816894533,104.0,0.0,128700,0.0005088301551054899,15859964.216177804
2010-04-30,47.987606048583984,0.0,104.3000030517578,0.0,104.3499984741211,104.0999984741211,104.33999633789062,0.0,167400,0.0005630055283736151,15892515.7199133
2010-05-03,48.05743408203125,0.0,103.9800033569336,0.471,103.98999786376952,103.76000213623048,103.95999908447266,0.0,105700,0.0005996105757992553,15933674.689459423
2010-05-04,47.81244659423828,0.0,103.4499969482422,0.0,103.80999755859376,103.4499969482422,103.80999755859376,0.0,155300,0.0006624908156937764,15913170.95247299
2010-05-05,47.451934814453125,0.0,102.66999816894533,0.0,103.0,102.38999938964844,102.9499969482422,0.0,238800,0.0006187373762587782,16054738.648696173
2010-05-06,45.34446334838867,0.0,98.11000061035156,0.0,102.36000061035156,97.08000183105467,102.36000061035156,0.0,482000,0.0005629341693730802,16313695.441860624
2010-05-07,45.96837615966797,0.0,99.45999908447266,0.0,100.29000091552734,99.01000213623048,100.29000091552734,0.0,298000,0.0007516275666771231,16491624.088584052
2010-05-10,47.516632080078125,0.0,102.80999755859376,0.0,102.87000274658205,101.4800033569336,101.4800033569336,0.0,166100,0.0008116635795136445,16547206.317211334
2010-05-11,47.53974533081055,0.0,102.86000061035156,0.0,102.86000061035156,102.47000122070312,102.72000122070312,0.0,143300,0.0008744831308422913,16512622.606356181
2010-05-12,47.72464370727539,0.0,103.26000213623048,0.0,103.33000183105467,102.94000244140624,103.13999938964844,0.0,209000,0.0008744831308422913,16610109.501442077
2010-05-13,47.87715530395508,0.0,103.58999633789062,0.0,103.86000061035156,103.4000015258789,103.4000015258789,0.0,94100,0.0008512880527648547,16582401.499333458
2010-05-14,47.64146041870117,0.0,103.08000183105467,0.0,103.44000244140624,102.83999633789062,103.43000030517578,0.0,67700,0.0008512880527648547,16566241.149405828
2010-05-17,47.63222122192383,0.0,103.05999755859376,0.0,103.3000030517578,102.8499984741211,103.3000030517578,0.0,54300,0.0010270427059688159,16559516.401103185
2010-05-18,47.56285095214844,0.0,102.91000366210938,0.0,103.4800033569336,102.73999786376952,103.4800033569336,0.0,96500,0.0011739519829642793,16477783.437565396
2010-05-19,47.29942321777344,0.0,102.33999633789062,0.0,102.75,102.0999984741211,102.75,0.0,243200,0.0011043440999719786,16617958.019498795
2010-05-20,46.36122131347656,0.0,100.30999755859376,0.0,101.80999755859376,100.23999786376952,101.80999755859376,0.0,256300,0.0011043440999719786,16331213.953308832
2010-05-21,46.717098236083984,0.0,101.08000183105467,0.0,101.18000030517578,100.0,100.26000213623048,0.0,181200,0.001289434583066444,16400210.906055996
2010-05-24,46.8603401184082,0.0,101.38999938964844,0.0,101.58999633789062,101.0,101.45999908447266,0.0,91000,0.001204094353107999,16432907.85005963
2010-05-25,46.4767951965332,0.0,100.55999755859376,0.0,100.66999816894533,99.75,100.16000366210938,0.0,159900,0.001204094353107999,16414110.556024218
2010-05-26,46.70783233642578,0.0,101.05999755859376,0.0,101.4000015258789,100.58000183105467,100.94000244140624,0.0,172900,0.001204094353107999,16416794.527653286
2010-05-27,47.00362396240234,0.0,101.6999969482422,0.0,101.94000244140624,101.31999969482422,101.31999969482422,0.0,271800,0.0010406977811999625,16490053.245023698
2010-05-28,47.11456680297852,0.0,101.94000244140624,0.0,102.11000061035156,101.36000061035156,102.0,0.0,130100,0.0011732505208529964,16515960.009214614
2010-06-01,47.21672058105469,0.0,101.70999908447266,0.45,101.88999938964844,100.69000244140624,101.11000061035156,0.0,83000,0.0011573147732736077,16549586.7554377
2010-06-02,46.99385452270508,0.0,101.2300033569336,0.0,101.8499984741211,101.04000091552734,101.8499984741211,0.0,1448500,0.001385350176307683,17551390.933294144
2010-06-03,47.38846206665039,0.0,102.08000183105467,0.0,102.31999969482422,101.54000091552734,101.54000091552734,0.0,233900,0.001568986172386035,17624771.637532067
2010-06-04,47.16561508178711,0.0,101.5999984741211,0.0,102.20999908447266,101.58999633789062,102.16999816894533,0.0,1137800,0.001825387068629852,18384320.351640005
2010-06-07,47.012428283691406,0.0,101.2699966430664,0.0,101.76000213623048,101.19000244140624,101.75,0.0,107100,0.001636693671325809,18382792.200875662
2010-06-08,46.89637756347656,0.0,101.0199966430664,0.0,101.55999755859376,100.75,101.55999755859376,0.0,153000,0.0015766576584892874,18302287.56002396
2010-06-09,47.05422592163086,0.0,101.36000061035156,0.0,101.56999969482422,100.9000015258789,101.48999786376952,0.0,76300,0.0017893646926336669,18320114.290552292
2010-06-10,47.27706146240234,0.0,101.83999633789062,0.0,101.91999816894533,101.43000030517578,101.5500030517578,0.0,51700,0.0017893646926336669,18299372.875788856
2010-06-11,47.44881820678711,0.0,102.20999908447266,0.0,102.2300033569336,101.75,101.75,0.0,122500,0.0017893646926336669,18303352.598553613
2010-06-14,47.58341217041016,0.0,102.5,0.0,102.5199966430664,102.26000213623048,102.51000213623048,0.0,101900,0.0017893646926336669,18325681.96363298
2010-06-15,47.727352142333984,0.0,102.80999755859376,0.0,102.80999755859376,102.33000183105467,102.5199966430664,0.0,105400,0.0016136100394297057,18372791.057877313
2010-06-16,47.82948684692383,0.0,103.02999877929688,0.0,103.12999725341795,102.75,102.97000122070312,0.0,234400,0.0014659101638561487,18523287.11983817
2010-06-17,47.9269905090332,0.0,103.23999786376952,0.0,103.51000213623048,103.16000366210938,103.51000213623048,0.0,252800,0.0014659101638561487,18662037.608640157
2010-06-18,48.14982604980469,0.0,103.72000122070312,0.0,103.72000122070312,103.2699966430664,103.29000091552734,0.0,73900,0.0015127602012404147,18420831.106845915
2010-06-21,48.27977752685547,0.0,104.0,0.0,104.16000366210938,103.9499969482422,104.13999938964844,0.0,171000,0.0013276697181459495,18508537.884303503
2010-06-22,48.1637077331543,0.0,103.75,0.0,103.95999908447266,103.6999969482422,103.95999908447266,0.0,107100,0.0013276697181459495,18559479.988703653
2010-06-23,48.210147857666016,0.0,103.8499984741211,0.0,103.9800033569336,103.76000213623048,103.9000015258789,0.0,254100,0.001409698827151007,18703944.29359436
2010-06-24,48.06158447265625,0.0,103.52999877929688,0.0,103.9499969482422,103.52999877929688,103.9499969482422,0.0,105600,0.0014376975114606468,18733688.29393538
2010-06-25,48.04767990112305,0.0,103.5,0.0,103.77999877929688,103.44000244140624,103.44000244140624,0.0,112300,0.0014730924971821748,18741225.32492138
2010-06-28,48.186954498291016,0.0,103.8000030517578,0.0,103.9499969482422,103.66999816894533,103.8499984741211,0.0,77600,0.0013725285629364607,18750800.94389537
2010-06-29,48.1637077331543,0.0,103.75,0.0,103.80999755859376,103.5,103.80999755859376,0.0,105900,0.0013192852168389592,18785671.7772287
2010-06-30,48.24263000488281,0.0,103.91999816894533,0.0,103.91999816894533,103.5500030517578,103.7699966430664,0.0,391000,0.0010978286731831766,19056910.56488885
2010-07-01,48.1461181640625,0.0,103.25,0.463,103.38999938964844,103.12000274658205,103.38999938964844,0.0,143800,0.0010165486999047218,19091614.769987077
2010-07-02,48.19742965698242,0.0,103.36000061035156,0.0,103.44000244140624,103.12000274658205,103.37000274658205,0.0,165300,0.0008755388077584724,19156532.69227043
2010-07-06,48.27202606201172,0.0,103.5199966430664,0.0,103.7699966430664,103.47000122070312,103.55999755859376,0.0,335800,0.0008755388077584724,19334941.024301924
2010-07-07,48.46321868896485,0.0,103.93000030517578,0.0,103.9800033569336,103.68000030517578,103.7699966430664,0.0,84000,0.0009620313397290242,19323896.855448164
2010-07-08,48.691688537597656,0.0,104.41999816894533,0.0,104.41999816894533,104.18000030517578,104.18000030517578,0.0,206200,0.000686504754255998,19384511.50856018
2010-07-09,48.79895782470703,0.0,104.6500015258789,0.0,104.66000366210938,104.25,104.51000213623048,0.0,145700,0.000686504754255998,19425822.43603903
2010-07-12,48.65438461303711,0.0,104.33999633789062,0.0,104.77999877929688,104.33999633789062,104.66000366210938,0.0,176500,0.0007690177422346072,19305809.719800193
2010-07-13,49.06005859375,0.0,105.20999908447266,0.0,105.20999908447266,104.9499969482422,105.0199966430664,0.0,93500,0.0008512062802912282,19280004.28507366
2010-07-14,49.13005065917969,0.0,105.36000061035156,0.0,105.4499969482422,105.06999969482422,105.0999984741211,0.0,878800,0.0008512062802912282,19901624.096843176
2010-07-15,49.064720153808594,0.0,105.22000122070312,0.0,105.4800033569336,105.22000122070312,105.38999938964844,0.0,119700,0.0009089616049197909,19895304.76624625
2010-07-16,49.237281799316406,0.0,105.58999633789062,0.0,105.66000366210938,105.4000015258789,105.4000015258789,0.0,147700,0.0010323608125997643,19945676.343070135
2010-07-19,49.31656646728516,0.0,105.76000213623048,0.0,105.76000213623048,105.58999633789062,105.58999633789062,0.0,110000,0.0009855107752154981,19891448.170331925
2010-07-20,49.40515899658203,0.0,105.9499969482422,0.0,106.04000091552734,105.7699966430664,105.8000030517578,0.0,117500,0.0009855107752154981,19862563.35339622
2010-07-21,49.5916633605957,0.0,106.3499984741211,0.0,106.52999877929688,106.26000213623048,106.27999877929688,0.0,180300,0.0009855107752154981,19876817.87666442
2010-07-22,49.84814453125,0.0,106.9000015258789,0.0,106.91000366210938,106.36000061035156,106.79000091552734,0.0,105500,0.0009034816662104407,19872179.66505989
2010-07-23,49.94609451293945,0.0,107.11000061035156,0.0,107.11000061035156,106.93000030517578,107.05999755859376,0.0,240500,0.0008754829819008008,20020895.75485956
2010-07-26,49.96469879150391,0.0,107.1500015258789,0.0,107.36000061035156,107.08999633789062,107.13999938964844,0.0,117000,0.0008400879961792727,20065290.59836978
2010-07-27,50.23518753051758,0.0,107.7300033569336,0.0,107.83999633789062,107.37999725341795,107.70999908447266,0.0,334600,0.0007382161666442848,20255622.226618208
2010-07-28,50.160552978515625,0.0,107.56999969482422,0.0,107.70999908447266,107.37999725341795,107.37999725341795,0.0,108900,0.0008573551509916951,20182820.557712372
2010-07-29,50.22116470336914,0.0,107.6999969482422,0.0,107.76000213623048,107.61000061035156,107.68000030517578,0.0,122900,0.0008095328685186708,20204495.792830937
2010-07-30,50.19784927368164,0.0,107.6500015258789,0.0,107.9000015258789,107.58000183105467,107.76000213623048,0.0,200900,0.0007446483889319466,20242931.909894187
2010-08-02,50.42027282714844,0.0,107.69000244140624,0.435,108.18000030517578,107.69000244140624,107.7300033569336,0.0,377000,0.0006575683039475826,20504119.34650966
2010-08-03,50.743309020996094,0.0,108.37999725341795,0.0,108.5500030517578,108.06999969482422,108.25,0.0,393000,0.000876710199437216,19923018.64703345
2010-08-04,50.86503601074219,0.0,108.63999938964844,0.0,108.63999938964844,108.38999938964844,108.5500030517578,0.0,189800,0.0007902176674666643,19937423.024798196
2010-08-05,50.939971923828125,0.0,108.8000030517578,0.0,108.80999755859376,108.5500030517578,108.7699966430664,0.0,262400,0.0007902176674666643,19990640.464516293
2010-08-06,51.20217514038086,0.0,109.36000061035156,0.0,109.36000061035156,108.83999633789062,108.83999633789062,0.0,381300,0.0007902176674666643,19633561.951034788
2010-08-09,51.40348815917969,0.0,109.79000091552734,0.0,109.91000366210938,109.56999969482422,109.5999984741211,0.0,302900,0.0007077046794880549,19799207.79329936
2010-08-10,51.445594787597656,0.0,109.87999725341795,0.0,109.95999908447266,109.6999969482422,109.95999908447266,0.0,211400,0.0006672963598845204,19889416.059978426
2010-08-11,51.3847770690918,0.0,109.75,0.0,109.95999908447266,109.68000030517578,109.87999725341795,0.0,203500,0.0007795051211172707,19995801.684358384
2010-08-12,51.337921142578125,0.0,109.6500015258789,0.0,109.77999877929688,109.62999725341795,109.75,0.0,209800,0.000721749796488708,20074353.702139474
2010-08-13,51.3847770690918,0.0,109.75,0.0,109.79000091552734,109.5199966430664,109.5199966430664,0.0,214800,0.0006411020220769215,20152492.83011906
2010-08-16,51.46904373168945,0.0,109.93000030517578,0.0,109.97000122070312,109.6999969482422,109.9000015258789,0.0,134900,0.0006411020220769215,20216572.062071543
2010-08-17,51.78271484375,0.0,110.5999984741211,0.0,110.66999816894533,110.22000122070312,110.30999755859376,0.0,275000,0.0006411020220769215,20385393.750974867
2010-08-18,51.94191360473633,0.0,110.94000244140624,0.0,111.13999938964844,110.66000366210938,110.81999969482422,0.0,220000,0.0006411020220769215,20475495.453964718
2010-08-19,52.1338996887207,0.0,111.3499984741211,0.0,111.36000061035156,111.20999908447266,111.23999786376952,0.0,155800,0.000665969001540387,20518588.13633389
2010-08-20,52.236846923828125,0.0,111.56999969482422,0.0,111.62000274658205,111.23999786376952,111.41000366210938,0.0,284600,0.000665969001540387,20714660.4841747
2010-08-23,52.2977180480957,0.0,111.6999969482422,0.0,111.7300033569336,111.5999984741211,111.7300033569336,0.0,221800,0.000665969001540387,20854562.313509744
2010-08-24,52.1338996887207,0.0,111.3499984741211,0.0,111.5500030517578,111.1999969482422,111.54000091552734,0.0,192700,0.0006508666441451183,20860997.431709655
2010-08-25,51.969993591308594,0.0,111.0,0.0,111.33999633789062,110.77999877929688,111.3000030517578,0.0,328700,0.0005317276597977081,21027374.225731503
2010-08-26,51.71714401245117,0.0,110.45999908447266,0.0,110.91999816894533,110.41999816894533,110.75,0.0,326400,0.0005065317502334993,21199841.822675675
2010-08-27,51.56736755371094,0.0,110.13999938964844,0.0,110.41000366210938,109.91999816894533,110.1500015258789,0.0,146700,0.00046906020702032627,21057413.773533653
2010-08-30,51.49709701538086,0.0,109.98999786376952,0.0,110.1999969482422,109.93000030517578,110.1999969482422,0.0,110300,0.0005169900338581121,20619426.300212316
2010-08-31,51.49709701538086,0.0,109.98999786376952,0.0,110.08999633789062,109.41999816894533,110.0500030517578,0.0,245100,0.00029784813836847876,20539186.204371378
2010-09-01,51.80924606323242,0.0,110.20999908447266,0.444,110.2300033569336,109.76000213623048,109.87999725341795,0.0,243800,0.00030701331727182526,20684832.615298316
2010-09-02,51.77164077758789,0.0,110.12999725341795,0.0,110.18000030517578,109.87999725341795,110.18000030517578,0.0,218100,0.0004030267654071099,20790442.681466967
2010-09-03,51.82807540893555,0.0,110.25,0.0,110.29000091552734,109.7699966430664,110.06999969482422,0.0,150600,0.0004911589859005817,20858361.635928683
2010-09-07,51.59770202636719,0.0,109.76000213623048,0.0,110.11000061035156,109.76000213623048,110.11000061035156,0.0,104300,0.0006082557419689274,20862573.839187622
2010-09-08,51.14641952514648,0.0,108.8000030517578,0.0,109.75,108.7300033569336,109.75,0.0,325900,0.0005664755235158409,20807698.962141976
2010-09-09,51.27334213256836,0.0,109.06999969482422,0.0,109.2699966430664,108.81999969482422,109.13999938964844,0.0,947200,0.0005594757550289832,21579723.356531538
2010-09-10,51.18404769897461,0.0,108.87999725341795,0.0,109.0,108.8000030517578,108.8000030517578,0.0,122700,0.0006065199840865506,21595639.959414043
2010-09-13,51.38143539428711,0.0,109.3000030517578,0.0,109.33999633789062,109.02999877929688,109.05999755859376,0.0,257600,0.0005637685508183639,21743695.538850814
2010-09-14,51.31565475463867,0.0,109.16000366210938,0.0,109.43000030517578,109.16000366210938,109.37000274658205,0.0,163300,0.0005760145121711788,21798196.687982954
2010-09-15,51.51308822631836,0.0,109.58000183105467,0.0,109.62000274658205,108.88999938964844,109.31999969482422,0.0,176200,0.0006293742302638708,21894574.31951856
2010-09-16,51.49895477294922,0.0,109.5500030517578,0.0,109.81999969482422,109.37999725341795,109.56999969482422,0.0,281800,0.0006293742302638708,22079960.91573806
2010-09-17,51.475467681884766,0.0,109.5,0.0,109.66999816894533,109.22000122070312,109.66999816894533,0.0,98000,0.0006368686567698718,21999317.013876777
2010-09-20,51.46611022949219,0.0,109.4800033569336,0.0,109.4800033569336,109.22000122070312,109.43000030517578,0.0,147200,0.0007138558317810179,22027467.018381756
2010-09-21,51.52719879150391,0.0,109.61000061035156,0.0,109.66999816894533,109.30999755859376,109.58999633789062,0.0,269600,0.0007138558317810179,22153413.175879583
2010-09-22,51.68703079223633,0.0,109.9499969482422,0.0,110.01000213623048,109.63999938964844,109.63999938964844,0.0,166800,0.0007138558317810179,22209431.7744906
2010-09-23,51.72932434082031,0.0,110.04000091552734,0.0,110.0500030517578,109.83000183105467,110.0,0.0,144700,0.0007363010761683008,22241158.861456975
2010-09-24,51.73873519897461,0.0,110.05999755859376,0.0,110.05999755859376,109.68000030517578,109.97000122070312,0.0,176700,0.000801145305708777,22298592.764215622
2010-09-27,52.01612854003906,0.0,110.6500015258789,0.0,110.68000030517578,110.01000213623048,110.01000213623048,0.0,227300,0.000801145305708777,22403613.02859594
2010-09-28,52.100730895996094,0.0,110.83000183105467,0.0,110.8499984741211,110.5199966430664,110.69000244140624,0.0,125500,0.0007249045597577875,22421599.642072406
2010-09-29,52.190040588378906,0.0,111.0199966430664,0.0,111.31999969482422,110.94000244140624,111.0,0.0,450100,0.0007249045597577875,22691019.288810853
2010-09-30,52.32631301879883,0.0,111.30999755859376,0.0,111.37999725341795,111.16000366210938,111.29000091552734,0.0,538300,0.0007799204779710615,23071392.00088259
2010-10-01,52.39008712768555,0.0,111.0,0.445,111.02999877929688,110.66000366210938,111.0199966430664,0.0,179500,0.000683907029835777,23160216.287207223
2010-10-04,52.37119674682617,0.0,110.95999908447266,0.0,111.1999969482422,110.95999908447266,111.05999755859376,0.0,194600,0.0005957748093423051,23225759.747665647
2010-10-05,52.729888916015625,0.0,111.72000122070312,0.0,111.77999877929688,111.0999984741211,111.23999786376952,0.0,325400,0.000523435113237949,23311923.462132044
2010-10-06,52.86678314208984,0.0,112.01000213623048,0.0,112.0199966430664,111.7300033569336,111.88999938964844,0.0,358900,0.000523435113237949,23351882.743538752
2010-10-07,52.89511489868164,0.0,112.06999969482422,0.0,112.30999755859376,111.95999908447266,112.11000061035156,0.0,235900,0.00041822612049205644,23452675.820735145
2010-10-08,53.08389663696289,0.0,112.47000122070312,0.0,112.47000122070312,112.0999984741211,112.1999969482422,0.0,175800,0.0004027241239007551,23516383.963933066
2010-10-11,53.30099868774414,0.0,112.93000030517578,0.0,112.97000122070312,112.4499969482422,112.45999908447266,0.0,109900,0.0004027241239007551,23541520.33142211
2010-10-12,53.39066696166992,0.0,113.12000274658205,0.0,113.26000213623048,112.62999725341795,112.76000213623048,0.0,229900,0.00039788316987803354,23647780.12302338
2010-10-13,53.61724853515625,0.0,113.5999984741211,0.0,113.75,113.30999755859376,113.5199966430664,0.0,299000,0.00034452345178534146,23643626.72575088
2010-10-14,53.33879089355469,0.0,113.01000213623048,0.0,113.7300033569336,113.01000213623048,113.7300033569336,0.0,272600,0.0004547752342324014,23776951.857678853
2010-10-15,53.36235046386719,0.0,113.05999755859376,0.0,113.1500015258789,112.83999633789062,112.83999633789062,0.0,155300,0.0004224138282629349,23812253.26434544
2010-10-18,53.0555419921875,0.0,112.41000366210938,0.0,112.9800033569336,112.31999969482422,112.9800033569336,0.0,217200,0.0003454266532517889,23798754.75778731
2010-10-19,52.97063064575195,0.0,112.2300033569336,0.0,112.37000274658205,111.94000244140624,112.02999877929688,0.0,242600,0.0003454266532517889,23902346.165423922
2010-10-20,52.94229888916016,0.0,112.16999816894533,0.0,112.2699966430664,111.95999908447266,112.13999938964844,0.0,245200,0.0004532246249253755,23899925.394821167
2010-10-21,52.95644378662109,0.0,112.1999969482422,0.0,112.36000061035156,112.12999725341795,112.33999633789062,0.0,383000,0.0004307793805380924,24041466.105645802
2010-10-22,53.05086898803711,0.0,112.4000015258789,0.0,112.4000015258789,112.18000030517578,112.23999786376952,0.0,318600,0.00041783793988097817,24243373.96664695
2010-10-25,53.37179183959961,0.0,113.08000183105467,0.0,113.18000030517578,112.51000213623048,112.73999786376952,0.0,307000,0.00041783793988097817,24329842.07244752
2010-10-26,53.29630279541016,0.0,112.91999816894533,0.0,112.97000122070312,112.6500015258789,112.95999908447266,0.0,251800,0.0004952889008579353,24460224.796985444
2010-10-27,53.12168502807617,0.0,112.5500030517578,0.0,112.75,112.4000015258789,112.75,0.0,157800,0.0005747286898078462,24495002.78011504
2010-10-28,53.16884231567383,0.0,112.6500015258789,0.0,112.70999908447266,112.4499969482422,112.6500015258789,0.0,153800,0.0006027619384876076,24493937.301732622
2010-10-29,53.34347915649414,0.0,113.0199966430664,0.0,113.0500030517578,112.6500015258789,112.86000061035156,0.0,410900,0.0006027619384876076,24775280.399080306
2010-11-01,53.36626434326172,0.0,112.62999725341795,0.438,112.93000030517578,112.52999877929688,112.75,0.0,122500,0.0007479117721842164,24757275.55890159
2010-11-02,53.53205108642578,0.0,112.9800033569336,0.0,113.0,112.62999725341795,112.8499984741211,0.0,163600,0.0007832967596288537,24709386.13815913
2010-11-03,53.80217742919922,0.0,113.5500030517578,0.0,113.58999633789062,112.98999786376952,113.13999938964844,0.0,219700,0.0007832967596288537,24532068.00622486
2010-11-04,54.076934814453125,0.0,114.12999725341795,0.0,114.13999938964844,113.5999984741211,113.83999633789062,0.0,345800,0.0007832967596288537,24610060.651645962
2010-11-05,53.8590202331543,0.0,113.66999816894533,0.0,113.97000122070312,113.62999725341795,113.83000183105467,0.0,355200,0.0008556218285039234,24794972.102083478
2010-11-08,53.58892440795898,0.0,113.0999984741211,0.0,113.61000061035156,113.0999984741211,113.61000061035156,0.0,352600,0.0008556218285039234,24994489.73203992
2010-11-09,53.1103630065918,0.0,112.08999633789062,0.0,113.3000030517578,112.08999633789062,113.2300033569336,0.0,184900,0.00084821682117383,24987696.87391614
2010-11-10,53.04404067993164,0.0,111.9499969482422,0.0,112.05999755859376,111.4800033569336,112.04000091552734,0.0,384900,0.00084821682117383,25252313.819709655
2010-11-11,52.93503952026367,0.0,111.72000122070312,0.0,111.98999786376952,111.62999725341795,111.98999786376952,0.0,142300,0.0008487453441996999,25323101.439152066
2010-11-12,52.50863265991211,0.0,110.81999969482422,0.0,111.2699966430664,110.62999725341795,111.26000213623048,0.0,351000,0.0008487453441996999,25587400.34411597
2010-11-15,52.0347900390625,0.0,109.81999969482422,0.0,110.81999969482422,109.72000122070312,110.5,0.0,382200,0.0008487453441996999,25841705.01498873
2010-11-16,51.67941284179688,0.0,109.06999969482422,0.0,109.55999755859376,108.70999908447266,109.29000091552734,0.0,406900,0.0008487453441996999,25996399.425833564
2010-11-17,52.030086517333984,0.0,109.80999755859376,0.0,109.87000274658205,109.26000213623048,109.54000091552734,0.0,233100,0.000824986819823143,25995504.648505315
2010-11-18,52.21956253051758,0.0,110.20999908447266,0.0,110.2699966430664,109.97000122070312,110.1500015258789,0.0,178100,0.000824986819823143,26005922.93822879
2010-11-19,51.91159057617188,0.0,109.55999755859376,0.0,110.20999908447266,109.4000015258789,110.20999908447266,0.0,754000,0.0007730840309397811,26588317.765329756
2010-11-22,52.148475646972656,0.0,110.05999755859376,0.0,110.12000274658205,109.63999938964844,109.63999938964844,0.0,284900,0.0009177040886748034,26709560.223225184
2010-11-23,51.67467880249024,0.0,109.05999755859376,0.0,110.01000213623048,109.0199966430664,109.91000366210938,0.0,409900,0.000895239351769581,26925674.66307746
2010-11-24,51.53727722167969,0.0,108.7699966430664,0.0,109.48999786376952,105.7699966430664,109.45999908447266,0.0,611500,0.0008157995628196701,27234173.026384626
2010-11-26,51.40935134887695,0.0,108.5,0.0,108.98999786376952,108.4499969482422,108.98999786376952,0.0,115500,0.0007664410540048998,27228374.261959016
2010-11-29,51.267215728759766,0.0,108.1999969482422,0.0,108.7699966430664,108.1999969482422,108.7699966430664,0.0,101300,0.0007664410540048998,27248364.180743504
2010-11-30,50.98291397094727,0.0,107.5999984741211,0.0,107.95999908447266,107.18000030517578,107.88999938964844,0.0,286300,0.0006212912203082911,26329111.95614527
2010-12-01,51.19180679321289,0.0,107.58000183105467,0.459,108.19000244140624,107.41000366210938,107.79000091552734,0.0,168500,0.0006454904438635805,26283482.732972644
2010-12-02,51.5248908996582,0.0,108.27999877929688,0.0,108.27999877929688,107.61000061035156,107.75,0.0,171600,0.0008560292975203859,25513485.665724013
2010-12-03,51.82467651367188,0.0,108.91000366210938,0.0,109.41000366210938,108.16999816894533,108.18000030517578,0.0,398900,0.0008560292975203859,25772201.410329908
2010-12-06,52.03408050537109,0.0,109.3499984741211,0.0,109.41000366210938,109.02999877929688,109.05999755859376,0.0,221000,0.0008149685717130029,25841330.69744413
2010-12-07,51.8009147644043,0.0,108.86000061035156,0.0,109.73999786376952,108.86000061035156,109.63999938964844,0.0,267500,0.0009018325921331231,26011063.09519571
2010-12-08,51.272727966308594,0.0,107.75,0.0,108.5,107.56999969482422,108.43000030517578,0.0,383800,0.0009018325921331231,26297486.287174527
2010-12-09,51.42974472045898,0.0,108.08000183105467,0.0,108.08000183105467,107.66000366210938,107.75,0.0,301800,0.0010031794595654812,26456992.792450435
2010-12-10,51.2869873046875,0.0,107.77999877929688,0.0,107.93000030517578,107.45999908447266,107.80999755859376,0.0,240600,0.001071767734696876,26579906.425040107
2010-12-13,51.053829193115234,0.0,107.29000091552734,0.0,107.6999969482422,107.23999786376952,107.6999969482422,0.0,121100,0.0011252141369769869,26597022.65812102
2010-12-14,51.053829193115234,0.0,107.29000091552734,0.0,107.56999969482422,107.1500015258789,107.56999969482422,0.0,132600,0.0012071615314554278,26518264.105799843
2010-12-15,50.68739700317383,0.0,106.5199966430664,0.0,107.08000183105467,106.5199966430664,106.98999786376952,0.0,129900,0.0012071615314554276,26420945.662180584
2010-12-16,50.33528900146485,0.0,105.77999877929688,0.0,106.63999938964844,105.47000122070312,106.63999938964844,0.0,225300,0.001123122084158398,26549257.770393007
2010-12-17,50.42570877075195,0.0,105.97000122070312,0.0,106.02999877929688,105.56999969482422,105.56999969482422,0.0,141700,0.0012228100387794345,26527289.113035657
2010-12-20,50.68267059326172,0.0,106.51000213623048,0.0,106.69000244140624,106.04000091552734,106.69000244140624,0.0,266800,0.0012228100387794345,26664632.31597174
2010-12-21,50.94915771484375,0.0,107.06999969482422,0.0,107.06999969482422,106.70999908447266,106.93000030517578,0.0,261600,0.0010781899810444122,26677499.199367706
2010-12-22,51.030033111572266,0.0,107.23999786376952,0.0,107.27999877929688,107.06999969482422,107.27999877929688,0.0,204500,0.0010232037569726778,26764783.419145856
2010-12-23,51.07760620117188,0.0,107.33999633789062,0.0,107.44000244140624,107.12000274658205,107.44000244140624,0.0,81200,0.0010375794671917417,26741711.654881068
2010-12-27,51.06333541870117,0.0,107.30999755859376,0.0,107.61000061035156,107.02999877929688,107.02999877929688,0.0,130500,0.0010874915504565002,26788926.531425353
2010-12-28,50.99644470214844,0.0,106.70999908447266,0.46,107.27999877929688,106.43000030517578,107.20999908447266,0.0,172600,0.0010874915504565002,26847902.887314085
2010-12-29,50.910404205322266,0.0,106.52999877929688,0.0,106.93000030517578,106.4000015258789,106.93000030517578,0.0,205000,0.001225395747668794,26698743.60529582
2010-12-30,50.94861602783203,0.0,106.61000061035156,0.0,106.83000183105467,106.5999984741211,106.6999969482422,0.0,188100,0.0011751180401078313,26740060.995095875
2010-12-31,51.17323684692383,0.0,107.08000183105467,0.0,107.23999786376952,106.61000061035156,106.61000061035156,0.0,139500,0.0009993453723711088,26723015.37727477
2011-01-03,51.38832473754883,0.0,107.52999877929688,0.0,107.62999725341795,107.04000091552734,107.3499984741211,0.0,263000,0.0009993453723711088,26671573.907482814
2011-01-04,51.70372009277344,0.0,108.19000244140624,0.0,108.19000244140624,107.76000213623048,108.0,0.0,290000,0.0009365387968371557,26851295.976390537
2011-01-05,51.40744018554688,0.0,107.56999969482422,0.0,108.1999969482422,107.56999969482422,108.18000030517578,0.0,186900,0.000997990207638288,26839973.986870904
2011-01-06,51.01077651977539,0.0,106.73999786376952,0.0,107.7300033569336,106.61000061035156,107.7300033569336,0.0,364100,0.000997990207638288,27027406.748774696
2011-01-07,51.11590194702149,0.0,106.95999908447266,0.0,107.3000030517578,106.6500015258789,106.97000122070312,0.0,269800,0.0010943699185249497,27110278.164642576
2011-01-10,50.98690414428711,0.0,106.69000244140624,0.0,107.16999816894533,106.55999755859376,107.16999816894533,0.0,150300,0.0010859735727869156,27159471.596805632
2011-01-11,51.1254997253418,0.0,106.9800033569336,0.0,107.16999816894533,106.8499984741211,106.9800033569336,0.0,104600,0.001121604634548393,26513437.78581165
2011-01-12,51.36921310424805,0.0,107.48999786376952,0.0,107.48999786376952,107.01000213623048,107.29000091552734,0.0,165600,0.0010396572400699525,26554751.353272937
2011-01-13,51.469573974609375,0.0,107.6999969482422,0.0,107.79000091552734,107.26000213623048,107.62000274658205,0.0,209400,0.0010396572400699525,26609963.55090671
2011-01-14,51.53644180297852,0.0,107.83999633789062,0.0,107.83999633789062,107.47000122070312,107.5199966430664,0.0,310500,0.0011140374041086211,26783381.952715676
2011-01-18,51.44084167480469,0.0,107.63999938964844,0.0,107.8499984741211,107.43000030517578,107.81999969482422,0.0,179900,0.0011710078070833831,26838265.375325035
2011-01-19,51.27838516235352,0.0,107.3000030517578,0.0,107.54000091552734,107.08000183105467,107.54000091552734,0.0,362100,0.0011710078070833831,26994443.362469144
2011-01-20,51.09678649902344,0.0,106.91999816894533,0.0,107.1999969482422,106.66999816894533,107.18000030517578,0.0,355400,0.0011710078070833831,27206518.102058534
2011-01-21,51.04423522949219,0.0,106.80999755859376,0.0,106.95999908447266,106.5999984741211,106.95999908447266,0.0,148600,0.0012170642714504991,27128041.994839624
2011-01-24,51.18759536743164,0.0,107.11000061035156,0.0,107.12999725341795,106.73999786376952,106.87999725341795,0.0,200500,0.00120354900652013,27198986.478520952
2011-01-25,51.14936447143555,0.0,107.02999877929688,0.0,107.18000030517578,106.8499984741211,107.18000030517578,0.0,252300,0.0011907280044575882,27127218.30049545
2011-01-26,51.139793395996094,0.0,107.01000213623048,0.0,107.31999969482422,106.9499969482422,107.3000030517578,0.0,204100,0.001219809530108531,27207586.304219563
2011-01-27,50.96297073364258,0.0,106.63999938964844,0.0,107.0500030517578,106.61000061035156,106.9800033569336,0.0,412200,0.0010819053328962372,27451401.20996142
2011-01-28,50.58543014526367,0.0,105.8499984741211,0.0,106.41999816894533,105.77999877929688,106.41999816894533,0.0,198000,0.0010278417694932836,27446094.974971954
2011-01-31,50.64278030395508,0.0,105.97000122070312,0.0,105.9800033569336,105.61000061035156,105.91999816894533,0.0,174600,0.0009930755835732008,27270723.79475548
2011-02-01,50.875606536865234,0.0,106.0,0.455,106.08999633789062,105.72000122070312,105.72000122070312,0.0,283200,0.0010424109505751363,27170929.04141744
2011-02-02,50.94277191162109,0.0,106.13999938964844,0.0,106.31999969482422,105.93000030517578,106.18000030517578,0.0,263000,0.0010424109505751363,27228825.45376127
2011-02-03,50.81319046020508,0.0,105.87000274658205,0.0,106.1999969482422,105.58999633789062,106.01000213623048,0.0,213700,0.000894095519353884,27181804.015556213
2011-02-04,50.50599670410156,0.0,105.2300033569336,0.0,105.98999786376952,105.22000122070312,105.87000274658205,0.0,369100,0.0008967014412788375,27159116.920368254
2011-02-07,50.328392028808594,0.0,104.86000061035156,0.0,105.22000122070312,104.86000061035156,105.08000183105467,0.0,245900,0.0006989748629598176,27099828.68919978
2011-02-08,50.48678970336914,0.0,105.19000244140624,0.0,105.33000183105467,104.91999816894533,104.91999816894533,0.0,185300,0.0006838815000030145,27070170.56247772
2011-02-09,50.246826171875,0.0,104.69000244140624,0.0,105.16999816894533,104.66999816894533,105.16999816894533,0.0,136600,0.0006023704827255814,27006412.858775306
2011-02-10,50.12201690673828,0.0,104.43000030517578,0.0,104.69000244140624,104.27999877929688,104.5999984741211,0.0,114700,0.0006023704827255814,26918901.3565124
2011-02-11,50.19402694702149,0.0,104.58000183105467,0.0,104.80999755859376,104.3499984741211,104.3499984741211,0.0,146900,0.0007019485951750621,26853730.73959956
2011-02-14,50.07404708862305,0.0,104.33000183105467,0.0,104.68000030517578,104.3000030517578,104.68000030517578,0.0,359000,0.0007276952230052161,27033293.546077184
2011-02-15,50.05966567993164,0.0,104.3000030517578,0.0,104.47000122070312,104.12000274658205,104.12000274658205,0.0,133900,0.0005710368654094173,26902744.108206127
2011-02-16,50.1604118347168,0.0,104.51000213623048,0.0,104.72000122070312,104.31999969482422,104.31999969482422,0.0,261100,0.0005710368654094173,26925607.290909782
2011-02-17,50.46761322021485,0.0,105.1500015258789,0.0,105.29000091552734,104.63999938964844,104.63999938964844,0.0,308100,0.0005710368654094173,27045038.923511807
2011-02-18,50.60679244995117,0.0,105.44000244140624,0.0,105.44000244140624,105.12999725341795,105.37999725341795,0.0,273100,0.0005249804010423015,27021569.42155626
2011-02-22,50.29962158203125,0.0,104.8000030517578,0.0,105.25,104.8000030517578,105.25,0.0,139100,0.0006346366160638613,26940637.84299578
2011-02-23,50.246826171875,0.0,104.69000244140624,0.0,105.08000183105467,104.61000061035156,105.08000183105467,0.0,148600,0.0005669808874390265,26893810.776780143
2011-02-24,50.29962158203125,0.0,104.8000030517578,0.0,104.95999908447266,104.63999938964844,104.72000122070312,0.0,177300,0.0006515025417827945,26751710.304883927
2011-02-25,50.57321548461914,0.0,105.37000274658205,0.0,105.38999938964844,104.98999786376952,105.08999633789062,0.0,281600,0.0006515025417827945,26701059.90069556
2011-02-28,50.61159896850586,0.0,105.4499969482422,0.0,105.73999786376952,105.37999725341795,105.58999633789062,0.0,253500,0.0006515025417827945,26784980.823837765
2011-03-01,50.63572311401367,0.0,105.0500030517578,0.45,105.26000213623048,104.95999908447266,105.20999908447266,0.0,157300,0.0006515025417827945,26819841.686660524
2011-03-02,50.70796203613281,0.0,105.1999969482422,0.0,105.33999633789062,104.9800033569336,104.9800033569336,0.0,123400,0.0007039487655779526,26708914.156081185
2011-03-03,50.70796203613281,0.0,105.1999969482422,0.0,105.58999633789062,105.1999969482422,105.58000183105467,0.0,203600,0.0007039487655779526,26665656.391016643
2011-03-04,50.96346664428711,0.0,105.7300033569336,0.0,105.77999877929688,105.3499984741211,105.44000244140624,0.0,188500,0.0008763621167042508,26633202.051586576
2011-03-07,51.0839729309082,0.0,105.9800033569336,0.0,106.01000213623048,105.81999969482422,105.9800033569336,0.0,368600,0.0008737561947792973,26811460.616962492
2011-03-08,51.204498291015625,0.0,106.2300033569336,0.0,106.27999877929688,105.94000244140624,106.08999633789062,0.0,267500,0.0008737561947792973,26946131.70962258
2011-03-09,51.21409225463867,0.0,106.25,0.0,106.38999938964844,106.06999969482422,106.38999938964844,0.0,283800,0.0007370914210483439,26904035.114427596
2011-03-10,51.17554473876953,0.0,106.16999816894533,0.0,106.3499984741211,106.08000183105467,106.3499984741211,0.0,182400,0.0008416916133648329,26237799.431531392
2011-03-11,51.20929718017578,0.0,106.23999786376952,0.0,106.26000213623048,105.88999938964844,105.88999938964844,0.0,109600,0.0008416916133648329,26224182.987903412
2011-03-14,51.0791244506836,0.0,105.97000122070312,0.0,106.30999755859376,105.97000122070312,106.29000091552734,0.0,132900,0.0008359431149811177,26112498.324221656
2011-03-15,51.01651763916016,0.0,105.83999633789062,0.0,105.95999908447266,105.36000061035156,105.54000091552734,0.0,185800,0.0007358163231122952,26127095.488678463
2011-03-16,50.79474639892578,0.0,105.37999725341795,0.0,106.08999633789062,105.33000183105467,106.08999633789062,0.0,421400,0.0009738731419816906,26326294.968995593
2011-03-17,51.03580093383789,0.0,105.87999725341795,0.0,105.95999908447266,105.5500030517578,105.87999725341795,0.0,314300,0.0010923666729845286,26345397.28865245
2011-03-18,51.0550422668457,0.0,105.91999816894533,0.0,106.1999969482422,105.75,105.75,0.0,298200,0.0010923666729845286,26510907.95098562
2011-03-21,51.26713943481445,0.0,106.36000061035156,0.0,106.38999938964844,106.1500015258789,106.1999969482422,0.0,256300,0.001160629973820439,26599357.249892704
2011-03-22,51.2623176574707,0.0,106.3499984741211,0.0,106.51000213623048,106.2699966430664,106.51000213623048,0.0,196100,0.0010501133135101845,26530344.38113258
2011-03-23,51.325008392333984,0.0,106.4800033569336,0.0,106.4800033569336,106.19000244140624,106.3499984741211,0.0,167400,0.0011018482350017317,26526257.81820388
2011-03-24,51.36834335327149,0.0,106.56999969482422,0.0,106.61000061035156,106.47000122070312,106.47000122070312,0.0,272900,0.0009882450550070209,26630703.57045976
2011-03-25,51.33460998535156,0.0,106.5,0.0,106.69000244140624,106.4800033569336,106.69000244140624,0.0,97100,0.0010249489149032997,26558430.14531211
2011-03-28,51.363525390625,0.0,106.55999755859376,0.0,106.55999755859376,106.27999877929688,106.4499969482422,0.0,162800,0.0010249489149032997,26496503.33781772
2011-03-29,51.31533050537109,0.0,106.45999908447266,0.0,106.55999755859376,106.33000183105467,106.55999755859376,0.0,173600,0.0011183195605751946,26532791.358542062
2011-03-30,51.31533050537109,0.0,106.45999908447266,0.0,106.54000091552734,106.3499984741211,106.3499984741211,0.0,112500,0.0010940268760465974,26231256.8300338
2011-03-31,51.39728164672852,0.0,106.62999725341795,0.0,106.68000030517578,106.51000213623048,106.62000274658205,0.0,218500,0.0010940268760465974,25940625.740463015
2011-04-01,51.49507141113281,0.0,106.37999725341795,0.452,106.66999816894533,106.27999877929688,106.38999938964844,0.0,1032500,0.000950387305530932,26654219.76557535
2011-04-04,51.688697814941406,0.0,106.77999877929688,0.0,106.79000091552734,106.55999755859376,106.76000213623048,0.0,208300,0.00102152592062653,26659374.193542723
2011-04-05,51.562835693359375,0.0,106.5199966430664,0.0,106.79000091552734,106.5199966430664,106.72000122070312,0.0,605900,0.001117338599311827,26883078.777422223
2011-04-06,51.688697814941406,0.0,106.77999877929688,0.0,106.80999755859376,106.58000183105467,106.69000244140624,0.0,466300,0.0011939948951920762,26959198.806502327
2011-04-07,51.562835693359375,0.0,106.5199966430664,0.0,106.75,106.5199966430664,106.70999908447266,0.0,595500,0.0011556784885511538,27252812.65628754
2011-04-08,51.70318603515625,0.0,106.80999755859376,0.0,106.80999755859376,106.58999633789062,106.66999816894533,0.0,284500,0.0012556154690908058,27337060.4189131
2011-04-11,51.55312728881836,0.0,106.5,0.0,106.73999786376952,106.5,106.73999786376952,0.0,254600,0.0012585941090380273,27453757.98213898
2011-04-12,51.47566986083984,0.0,106.33999633789062,0.0,106.58999633789062,106.3000030517578,106.58999633789062,0.0,211300,0.0012585941090380273,27425689.351938643
2011-04-13,51.52893829345703,0.0,106.4499969482422,0.0,106.5199966430664,106.37000274658205,106.51000213623048,0.0,160100,0.0010619447815549572,27291373.83580889
2011-04-14,51.53379440307617,0.0,106.45999908447266,0.0,106.48999786376952,106.3000030517578,106.44000244140624,0.0,134200,0.0009684797654657323,27160265.941323176
2011-04-15,51.66450119018555,0.0,106.7300033569336,0.0,106.76000213623048,106.4499969482422,106.4800033569336,0.0,782100,0.0009684797654657323,27683403.38580419
2011-04-18,51.5967025756836,0.0,106.58999633789062,0.0,106.69000244140624,106.38999938964844,106.63999938964844,0.0,357300,0.001015050507662363,27791888.726249572
2011-04-19,51.50959396362305,0.0,106.41000366210938,0.0,106.6999969482422,106.29000091552734,106.66999816894533,0.0,291000,0.001126090457134251,27821557.871101014
2011-04-20,51.65963363647461,0.0,106.72000122070312,0.0,106.7699966430664,106.55999755859376,106.69000244140624,0.0,308100,0.0011194570036382693,27864227.306220643
2011-04-21,51.76612854003906,0.0,106.94000244140624,0.0,106.98999786376952,106.80999755859376,106.87999725341795,0.0,280300,0.0011194570036382693,27761074.00346786
2011-04-25,51.65482711791992,0.0,106.70999908447266,0.0,106.83000183105467,106.68000030517578,106.83000183105467,0.0,213200,0.0011215120953818954,27657422.664727107
2011-04-26,51.74677658081055,0.0,106.9000015258789,0.0,106.9000015258789,106.66000366210938,106.9000015258789,0.0,208400,0.0011701662323584864,27558711.55167837
2011-04-27,51.833927154541016,0.0,107.08000183105467,0.0,107.08000183105467,106.87000274658205,107.01000213623048,0.0,204500,0.0010767955866865914,27506843.336087182
2011-04-28,51.9791259765625,0.0,107.37999725341795,0.0,107.4000015258789,106.94000244140624,106.94000244140624,0.0,274300,0.0009993066804180948,27599652.405651033
2011-04-29,52.2744140625,0.0,107.98999786376952,0.0,107.98999786376952,107.47000122070312,107.5,0.0,349000,0.0009993066804180948,27761263.032792106
2011-05-02,52.22921752929688,0.0,107.4499969482422,0.447,107.7300033569336,107.3000030517578,107.7300033569336,0.0,365100,0.0011438123463594222,27704041.423785497
2011-05-03,52.355567932128906,0.0,107.70999908447266,0.0,107.72000122070312,107.37000274658205,107.5,0.0,176000,0.0012123125442325912,27744992.099780127
2011-05-04,52.38475036621094,0.0,107.7699966430664,0.0,108.0,107.6500015258789,107.91000366210938,0.0,187000,0.001116499865547294,27758241.788852025
2011-05-05,52.355567932128906,0.0,107.70999908447266,0.0,107.83000183105467,107.58000183105467,107.69000244140624,0.0,118300,0.0010319837393272838,27661377.957274422
2011-05-06,52.37990951538086,0.0,107.76000213623048,0.0,107.87000274658205,107.62000274658205,107.83999633789062,0.0,281700,0.0010293468846670547,27589075.09657239
2011-05-09,52.55973434448242,0.0,108.12999725341795,0.0,108.12999725341795,107.8000030517578,107.87000274658205,0.0,137000,0.0009294099041274026,27386203.876525637
2011-05-10,52.53055953979492,0.0,108.06999969482422,0.0,108.19000244140624,108.05999755859376,108.12000274658205,0.0,169600,0.0008326016501144156,27215169.054988075
2011-05-11,52.51596832275391,0.0,108.04000091552734,0.0,108.33000183105467,108.04000091552734,108.25,0.0,273800,0.0008636609500975001,27285454.070288036
2011-05-12,52.53055953979492,0.0,108.06999969482422,0.0,108.27999877929688,107.93000030517578,108.13999938964844,0.0,120000,0.0008830930538499844,27046397.293605503
2011-05-13,52.70553970336914,0.0,108.43000030517578,0.0,108.47000122070312,108.23999786376952,108.30999755859376,0.0,259800,0.000912495097013762,27143796.95952279
2011-05-16,52.71041870117188,0.0,108.44000244140624,0.0,108.4499969482422,108.18000030517578,108.41000366210938,0.0,332900,0.0009845474563534118,27121589.474759784
2011-05-17,52.763858795166016,0.0,108.5500030517578,0.0,108.61000061035156,108.4499969482422,108.5199966430664,0.0,196300,0.0008697134133208705,26957582.82170977
2011-05-18,52.89516830444336,0.0,108.81999969482422,0.0,108.86000061035156,108.66999816894533,108.70999908447266,0.0,245600,0.0007586734638489823,26817468.60781473
2011-05-19,52.856239318847656,0.0,108.73999786376952,0.0,108.79000091552734,108.6500015258789,108.79000091552734,0.0,129900,0.0007523541800680659,26726425.87203374
2011-05-20,52.89516830444336,0.0,108.81999969482422,0.0,108.81999969482422,108.66999816894533,108.66999816894533,0.0,154200,0.0007914181770591439,26703819.865017846
2011-05-23,52.6812629699707,0.0,108.37999725341795,0.0,108.6999969482422,108.37999725341795,108.6999969482422,0.0,234900,0.0007897221096255685,26250250.20784045
2011-05-24,52.637508392333984,0.0,108.29000091552734,0.0,108.61000061035156,108.23999786376952,108.5,0.0,223100,0.0007735261273429774,26193134.381648473
2011-05-25,52.71524810791016,0.0,108.4499969482422,0.0,108.5199966430664,108.3000030517578,108.47000122070312,0.0,95400,0.0008408670622638833,25920455.3079151
2011-05-26,52.57432556152344,0.0,108.16000366210938,0.0,108.4499969482422,108.11000061035156,108.43000030517578,0.0,143600,0.0008408670622638833,25515843.590285286
2011-05-27,52.666648864746094,0.0,108.3499984741211,0.0,108.44000244140624,108.11000061035156,108.11000061035156,0.0,322200,0.000990057822284607,25693451.681621492
2011-05-31,53.03119659423828,0.0,109.0999984741211,0.0,109.0999984741211,108.43000030517578,108.5,0.0,494900,0.000816778375732647,26034982.868557885
2011-06-01,53.019508361816406,0.0,108.62000274658205,0.456,108.66000366210938,108.43000030517578,108.4800033569336,0.0,444100,0.0007195671686245072,26173334.167419918
2011-06-02,53.0390510559082,0.0,108.66000366210938,0.0,108.66999816894533,108.56999969482422,108.58999633789062,0.0,253700,0.0007315629951342377,26248253.315202016
2011-06-03,53.029296875,0.0,108.63999938964844,0.0,108.7300033569336,108.52999877929688,108.58999633789062,0.0,166600,0.0007464440998673882,26244432.490660653
2011-06-06,53.082984924316406,0.0,108.75,0.0,108.76000213623048,108.5999984741211,108.72000122070312,0.0,160600,0.0007042479844990149,26038250.344146244
2011-06-07,53.10742950439453,0.0,108.8000030517578,0.0,108.87000274658205,108.68000030517578,108.83999633789062,0.0,174000,0.0007042479844990149,25996701.54151311
2011-06-08,53.190372467041016,0.0,108.97000122070312,0.0,108.98999786376952,108.76000213623048,108.81999969482422,0.0,208200,0.0007042479844990149,25945649.986678835
2011-06-09,53.248931884765625,0.0,109.08999633789062,0.0,109.08999633789062,108.83000183105467,108.83000183105467,0.0,183600,0.0006921802451655432,25776399.774993412
2011-06-10,53.205020904541016,0.0,109.0,0.0,109.16000366210938,108.87999725341795,108.87999725341795,0.0,423200,0.0006890500072817064,25883624.024575856
2011-06-13,53.19523239135742,0.0,108.9800033569336,0.0,109.12999725341795,108.88999938964844,109.05999755859376,0.0,217000,0.0007329342920962605,25865503.334275503
2011-06-14,53.17081451416016,0.0,108.93000030517578,0.0,109.0,108.8000030517578,109.0,0.0,338000,0.0006608819327566108,26054594.770722162
2011-06-15,53.12202835083008,0.0,108.83000183105467,0.0,108.97000122070312,108.8000030517578,108.97000122070312,0.0,228300,0.0007301634340441146,26138874.41593352
2011-06-16,52.80474472045898,0.0,108.18000030517578,0.0,108.70999908447266,108.18000030517578,108.68000030517578,0.0,394400,0.0007301634340441146,26367677.944159128
2011-06-17,52.78034591674805,0.0,108.12999725341795,0.0,108.55999755859376,108.04000091552734,108.30999755859376,0.0,356700,0.0007598443850064794,26484644.105233088
2011-06-20,52.76079940795898,0.0,108.08999633789062,0.0,108.37999725341795,108.0,108.1999969482422,0.0,131400,0.0008145982846883804,26478192.330199953
2011-06-21,53.11717987060547,0.0,108.81999969482422,0.0,108.81999969482422,108.2699966430664,108.43000030517578,0.0,257600,0.0008093830080817766,26475138.071084403
2011-06-22,53.15132141113281,0.0,108.88999938964844,0.0,109.0199966430664,108.66000366210938,108.7300033569336,0.0,182800,0.0007769248533877769,26410817.277181715
2011-06-23,53.10742950439453,0.0,108.8000030517578,0.0,108.88999938964844,108.58000183105467,108.61000061035156,0.0,357600,0.00074852389386397,26545549.82899257
2011-06-24,53.01464080810547,0.0,108.61000061035156,0.0,108.91999816894533,108.56999969482422,108.91999816894533,0.0,134700,0.0008790244657530153,26592484.427243188
2011-06-27,53.14153671264648,0.0,108.87000274658205,0.0,108.87000274658205,108.54000091552734,108.56999969482422,0.0,153000,0.0008420296229196524,26613541.21882121
2011-06-28,53.31239318847656,0.0,109.22000122070312,0.0,109.23999786376952,108.75,108.8000030517578,0.0,302600,0.0008420296229196524,26729666.826181564
2011-06-29,53.27819442749024,0.0,109.1500015258789,0.0,109.3000030517578,109.08000183105467,109.19000244140624,0.0,238700,0.0007996020170590252,26763122.823121812
2011-06-30,53.36119842529297,0.0,109.31999969482422,0.0,109.5199966430664,109.2300033569336,109.47000122070312,0.0,531900,0.0007920464463986162,27065455.89235094
2011-07-01,53.51706314086914,0.0,109.19000244140624,0.448,109.20999908447266,108.66000366210938,108.66000366210938,0.0,514500,0.0007658110738266933,27392762.209816586
2011-07-05,53.50235366821289,0.0,109.16000366210938,0.0,109.30999755859376,108.7300033569336,109.22000122070312,0.0,491500,0.0009022116138532257,27594125.321887787
2011-07-06,53.37980270385742,0.0,108.91000366210938,0.0,109.1999969482422,108.91000366210938,109.1999969482422,0.0,265500,0.000977963737743537,27574605.522397965
2011-07-07,53.52684020996094,0.0,109.20999908447266,0.0,109.20999908447266,108.95999908447266,108.95999908447266,0.0,159000,0.0010808097876813133,27552855.974076286
2011-07-08,53.62001037597656,0.0,109.4000015258789,0.0,109.41999816894533,109.08000183105467,109.2300033569336,0.0,373200,0.0010618182270317003,27568443.651435487
2011-07-11,53.50235366821289,0.0,109.16000366210938,0.0,109.29000091552734,109.08999633789062,109.2699966430664,0.0,300000,0.001064235590396938,27599318.201797727
2011-07-12,53.213172912597656,0.0,108.56999969482422,0.0,108.93000030517578,108.56999969482422,108.93000030517578,0.0,384500,0.0009659207475049933,27803363.102716114
2011-07-13,53.37003326416016,0.0,108.88999938964844,0.0,109.0199966430664,108.75,108.76000213623048,0.0,263800,0.001065891304245722,27942530.352619715
2011-07-14,53.53178787231445,0.0,109.22000122070312,0.0,109.27999877929688,108.98999786376952,109.0999984741211,0.0,278800,0.000996609802958218,28042928.70733473
2011-07-15,53.453346252441406,0.0,109.05999755859376,0.0,109.12000274658205,108.95999908447266,109.12000274658205,0.0,144800,0.001042188640814673,27989274.011188082
2011-07-18,53.4337043762207,0.0,109.0199966430664,0.0,109.0199966430664,108.87000274658205,109.0,0.0,268000,0.0009717519901247841,27955409.251167662
2011-07-19,53.34550094604492,0.0,108.83999633789062,0.0,109.04000091552734,108.69000244140624,108.88999938964844,0.0,371100,0.0009120222458544486,28122282.955539037
2011-07-20,53.56611251831055,0.0,109.29000091552734,0.0,109.36000061035156,109.05999755859376,109.05999755859376,0.0,320600,0.0008923311430089639,28092005.520526946
2011-07-21,53.58076858520508,0.0,109.31999969482422,0.0,109.56999969482422,109.27999877929688,109.29000091552734,0.0,303100,0.0008923311430089639,28053398.572576612
2011-07-22,53.855224609375,0.0,109.87999725341795,0.0,109.87999725341795,109.6500015258789,109.70999908447266,0.0,171600,0.0009417735526590655,28077076.682826452
2011-07-25,53.79642868041992,0.0,109.76000213623048,0.0,109.77999877929688,109.5500030517578,109.70999908447266,0.0,344200,0.0009160403149921845,28206472.219436888
2011-07-26,53.91898727416992,0.0,110.01000213623048,0.0,110.01000213623048,109.62999725341795,109.66999816894533,0.0,355100,0.0008038443978048235,28302193.513615925
2011-07-27,53.89445114135742,0.0,109.95999908447266,0.0,110.18000030517578,109.9499969482422,110.0199966430664,0.0,429600,0.0008038443978048235,28503765.530843582
2011-07-28,54.12481689453125,0.0,110.43000030517578,0.0,110.43000030517578,110.16000366210938,110.20999908447266,0.0,263400,0.0008857600447475993,28385751.67633541
2011-07-29,54.41399002075195,0.0,111.0199966430664,0.0,111.06999969482422,110.4000015258789,110.41000366210938,0.0,360800,0.0008813197888982776,28537320.84372384
2011-08-01,54.90107345581055,0.0,111.58999633789062,0.42,111.6500015258789,110.75,111.12000274658205,0.0,1386900,0.0008813197888982776,29618763.730294365
2011-08-02,55.083133697509766,0.0,111.95999908447266,0.0,111.95999908447266,111.38999938964844,111.51000213623048,0.0,546000,0.0007159019864606257,29865676.10727946
2011-08-03,55.06342315673828,0.0,111.91999816894533,0.0,112.08999633789062,111.73999786376952,111.97000122070312,0.0,674700,0.0006401498625703143,30243434.86065335
2011-08-04,54.79772567749024,0.0,111.37999725341795,0.0,112.05999755859376,111.3000030517578,112.04000091552734,0.0,370800,0.0005875847549045791,30391651.395531308
2011-08-05,54.0646858215332,0.0,109.88999938964844,0.0,111.06999969482422,109.7300033569336,110.66000366210938,0.0,879100,0.0005875847549045791,30850095.079851907
2011-08-08,53.16433334350586,0.0,108.05999755859376,0.0,109.2699966430664,105.94000244140624,108.27999877929688,0.0,860800,0.0005274580342843688,31383690.09372772
2011-08-09,53.07085418701172,0.0,107.87000274658205,0.0,108.91999816894533,107.01000213623048,107.01000213623048,0.0,1041400,0.0010947475070936681,32120548.13664754
2011-08-10,53.69073867797852,0.0,109.12999725341795,0.0,109.25,108.16000366210938,108.16000366210938,0.0,280900,0.0012712162358344483,32250341.48502047
2011-08-11,53.08559799194336,0.0,107.9000015258789,0.0,108.6999969482422,107.11000061035156,107.62000274658205,0.0,708800,0.001512542527905162,32762257.3584057
2011-08-12,53.35128402709961,0.0,108.44000244140624,0.0,108.8000030517578,108.08999633789062,108.19000244140624,0.0,473700,0.0016351991317279859,33048013.127354212
2011-08-15,53.90726852416992,0.0,109.56999969482422,0.0,109.80999755859376,108.4800033569336,108.51000213623048,0.0,366000,0.001624881457681867,33069030.18474276
2011-08-16,54.28603363037109,0.0,110.33999633789062,0.0,110.36000061035156,109.45999908447266,109.66000366210938,0.0,911300,0.0015907933052792234,33756229.13914029
2011-08-17,54.591102600097656,0.0,110.95999908447266,0.0,110.98999786376952,110.4000015258789,110.5199966430664,0.0,340000,0.0015786368005249823,33839077.06081451
2011-08-18,54.34018325805664,0.0,110.4499969482422,0.0,111.04000091552734,110.05999755859376,110.80999755859376,0.0,288800,0.0017571594145221838,33835118.677072674
2011-08-19,54.4877815246582,0.0,110.75,0.0,110.8000030517578,110.23999786376952,110.23999786376952,0.0,387000,0.0018312459134366098,33946742.37019373
2011-08-22,54.45335388183594,0.0,110.68000030517578,0.0,110.95999908447266,110.66999816894533,110.95999908447266,0.0,120600,0.0017264785792144455,33936983.06552947
2011-08-23,54.34018325805664,0.0,110.4499969482422,0.0,110.4800033569336,109.9800033569336,109.9800033569336,0.0,188400,0.0017264785792144455,33978664.37554738
2011-08-24,53.99087905883789,0.0,109.73999786376952,0.0,110.56999969482422,109.5199966430664,110.56999969482422,0.0,273800,0.0018500018023137146,34069662.55708725
2011-08-25,54.09421920776367,0.0,109.9499969482422,0.0,110.3499984741211,109.5999984741211,109.73999786376952,0.0,194600,0.0020320332263775,34003980.625600666
2011-08-26,54.458309173583984,0.0,110.69000244140624,0.0,110.93000030517578,109.86000061035156,110.19000244140624,0.0,738900,0.0020320332263775,34440943.07462904
2011-08-29,54.53696823120117,0.0,110.8499984741211,0.0,111.01000213623048,110.23999786376952,110.26000213623048,0.0,181400,0.002215444423141526,34469386.12417796
2011-08-30,54.54683303833008,0.0,110.87000274658205,0.0,110.94000244140624,110.41999816894533,110.41999816894533,0.0,321000,0.002388936405649937,34648811.45162431
2011-08-31,54.69442367553711,0.0,111.16999816894533,0.0,111.9000015258789,111.12999725341795,111.25,0.0,474100,0.002388936405649937,34897120.790935695
2011-09-01,54.76161193847656,0.0,110.87000274658205,0.436,111.2300033569336,110.8000030517578,111.2300033569336,0.0,323600,0.0023386554633778958,35023687.67391992
2011-09-02,54.94930648803711,0.0,111.25,0.0,111.41999816894533,110.63999938964844,110.63999938964844,0.0,385800,0.0024590096006315383,35054291.01330591
2011-09-06,54.74677658081055,0.0,110.83999633789062,0.0,111.04000091552734,109.87000274658205,109.87000274658205,0.0,264700,0.0025307484604877328,35061614.99054924
2011-09-07,54.94930648803711,0.0,111.25,0.0,111.2699966430664,110.91999816894533,111.11000061035156,0.0,241300,0.0019634589876784334,35035352.09372384
2011-09-08,54.9542121887207,0.0,111.26000213623048,0.0,111.33000183105467,111.05999755859376,111.05999755859376,0.0,234500,0.001721790205580271,35088725.60828678
2011-09-09,54.53932189941406,0.0,110.41999816894533,0.0,111.1999969482422,109.7699966430664,110.91999816894533,0.0,777200,0.0014804639135095566,35677412.26551722
2011-09-12,54.30225372314453,0.0,109.94000244140624,0.0,111.0,109.86000061035156,109.93000030517578,0.0,463400,0.0017483212677495495,35969974.04304989
2011-09-13,54.46031951904297,0.0,110.26000213623048,0.0,110.3000030517578,109.75,110.12000274658205,0.0,323900,0.0017658065212221615,36097340.26029072
2011-09-14,54.11457443237305,0.0,109.55999755859376,0.0,110.06999969482422,109.55999755859376,110.06999969482422,0.0,216500,0.0019853736158102256,35933154.61448791
2011-09-15,54.203460693359375,0.0,109.73999786376952,0.0,109.75,109.1999969482422,109.37000274658205,0.0,299400,0.0019853736158102256,35929805.981342375
2011-09-16,54.213321685791016,0.0,109.76000213623048,0.0,109.88999938964844,109.47000122070312,109.88999938964844,0.0,259100,0.0018090436936134657,35904833.54562426
2011-09-19,53.99601364135742,0.0,109.31999969482422,0.0,109.52999877929688,109.04000091552734,109.44000244140624,0.0,184000,0.001674490131862488,35848125.70266724
2011-09-20,54.02074432373047,0.0,109.37000274658205,0.0,109.38999938964844,109.04000091552734,109.37999725341795,0.0,232700,0.0017985229168861472,35884595.265670046
2011-09-21,53.74412155151367,0.0,108.80999755859376,0.0,109.22000122070312,108.2699966430664,109.0500030517578,0.0,183200,0.0018452571897608397,35901335.2576604
2011-09-22,52.80070495605469,0.0,106.9000015258789,0.0,107.58999633789062,106.77999877929688,107.58000183105467,0.0,349900,0.0017534446028266283,35967377.77843173
2011-09-23,51.95119094848633,0.0,105.18000030517578,0.0,106.4499969482422,104.95999908447266,106.4499969482422,0.0,753100,0.0014894975318200672,36513964.351684324
2011-09-26,51.17567443847656,0.0,103.61000061035156,0.0,104.94000244140624,103.56999969482422,104.94000244140624,0.0,518900,0.0014894975318200672,36802974.36528887
2011-09-27,52.07955551147461,0.0,105.44000244140624,0.0,105.44000244140624,104.19000244140624,104.19000244140624,0.0,799900,0.0018673180418176307,37325672.79474773
2011-09-28,52.1240348815918,0.0,105.52999877929688,0.0,105.87000274658205,105.37999725341795,105.4800033569336,0.0,274000,0.0016938260593092197,37460105.09449793
2011-09-29,52.50928115844727,0.0,106.30999755859376,0.0,106.38999938964844,105.43000030517578,106.29000091552734,0.0,390800,0.0017715377541318873,37604924.877402894
2011-09-30,52.074668884277344,0.0,105.43000030517578,0.0,106.16000366210938,105.41000366210938,106.13999938964844,0.0,302000,0.002065737938818293,36985897.20222837
2011-10-03,51.65851211547852,0.0,104.1500015258789,0.441,105.0500030517578,104.11000061035156,104.83000183105467,0.0,1895500,0.0019453838015646506,38376167.47323293
2011-10-04,51.19225311279297,0.0,103.20999908447266,0.0,103.47000122070312,102.5,103.47000122070312,0.0,624800,0.001873644941708456,38375732.088010274
2011-10-05,51.62377548217773,0.0,104.08000183105467,0.0,104.08000183105467,103.25,103.25,0.0,435400,0.001873644941708456,38340215.57504563
2011-10-06,52.23884582519531,0.0,105.31999969482422,0.0,105.41999816894533,104.66999816894533,104.77999877929688,0.0,231000,0.00183887443832511,38029868.44749451
2011-10-07,52.1098747253418,0.0,105.05999755859376,0.0,105.6500015258789,104.86000061035156,105.3499984741211,0.0,671500,0.001964401031302857,38348601.336821295
2011-10-10,52.85881805419922,0.0,106.56999969482422,0.0,106.68000030517578,105.29000091552734,105.29000091552734,0.0,401600,0.0015387608778675529,38473074.44695972
2011-10-11,52.71001052856445,0.0,106.2699966430664,0.0,106.5,106.12000274658205,106.44000244140624,0.0,287700,0.00157894460600056,38537393.78670587
2011-10-12,53.12664794921875,0.0,107.11000061035156,0.0,107.33999633789062,106.6500015258789,106.6999969482422,0.0,210000,0.0013593775114124954,38580651.37096587
2011-10-13,53.28038787841797,0.0,107.41999816894533,0.0,107.63999938964844,106.98999786376952,107.63999938964844,0.0,336800,0.0013593775114124954,38754398.38291956
2011-10-14,53.44904327392578,0.0,107.76000213623048,0.0,107.87000274658205,107.54000091552734,107.62999725341795,0.0,143000,0.0013571848196120542,38214209.05498323
2011-10-17,53.5928840637207,0.0,108.0500030517578,0.0,108.73999786376952,107.97000122070312,108.30999755859376,0.0,158200,0.0013292694974014053,38047613.06126307
2011-10-18,53.69215774536133,0.0,108.25,0.0,108.37999725341795,107.7300033569336,107.91999816894533,0.0,249300,0.0012052367123777461,38016036.98137677
2011-10-19,53.687137603759766,0.0,108.23999786376952,0.0,108.58999633789062,108.18000030517578,108.58999633789062,0.0,315700,0.0011585024395030534,38026282.49684894
2011-10-20,53.55818176269531,0.0,107.9800033569336,0.0,108.6999969482422,107.91999816894533,108.6999969482422,0.0,190100,0.0012394207397656586,37951296.1155301
2011-10-21,53.61275863647461,0.0,108.08999633789062,0.0,108.31999969482422,108.01000213623048,108.0999984741211,0.0,306900,0.001305765821363042,38034012.37006415
2011-10-24,53.94506454467773,0.0,108.76000213623048,0.0,108.77999877929688,108.05999755859376,108.16999816894533,0.0,245500,0.0013213695960675553,38069112.530432805
2011-10-25,54.06905364990234,0.0,109.01000213623048,0.0,109.18000030517578,108.83000183105467,108.97000122070312,0.0,543600,0.0007601378893059655,38365620.28270903
2011-10-26,54.24264144897461,0.0,109.36000061035156,0.0,109.48999786376952,109.11000061035156,109.48999786376952,0.0,200900,0.0007601378893059655,38306224.178550355
2011-10-27,54.84282684326172,0.0,110.56999969482422,0.0,110.6500015258789,110.25,110.25,0.0,487800,0.0006824261944832977,38435172.88169861
2011-10-28,54.8626594543457,0.0,110.61000061035156,0.0,110.62999725341795,110.16999816894533,110.16999816894533,0.0,256800,0.0005298331941239729,38349257.43940444
2011-10-31,54.75854110717773,0.0,110.4000015258789,0.0,110.5500030517578,110.19000244140624,110.5500030517578,0.0,264100,0.0006654835154685341,38430207.28515141
2011-11-01,54.741092681884766,0.0,109.91999816894533,0.445,110.56999969482422,108.86000061035156,109.8000030517578,0.0,532800,0.0007062406247621357,38735067.48873998
2011-11-02,54.84069061279297,0.0,110.12000274658205,0.0,110.13999938964844,109.8000030517578,109.87000274658205,0.0,223700,0.0007428984972581535,38829446.47066631
2011-11-03,55.17437744140625,0.0,110.79000091552734,0.0,110.80999755859376,109.95999908447266,109.95999908447266,0.0,273700,0.0007428984972581535,38829186.39645047
2011-11-04,55.224151611328125,0.0,110.88999938964844,0.0,110.98999786376952,110.8000030517578,110.88999938964844,0.0,217200,0.0006173719042804062,38902769.71584502
2011-11-07,55.26399230957031,0.0,110.97000122070312,0.0,110.9800033569336,110.6999969482422,110.77999877929688,0.0,483500,0.0006595642272474351,39183129.4272892
2011-11-08,55.368560791015625,0.0,111.18000030517578,0.0,111.1999969482422,110.98999786376952,110.98999786376952,0.0,724700,0.0006018952456418158,39587818.26832484
2011-11-09,54.98012924194336,0.0,110.4000015258789,0.0,110.87999725341795,110.2699966430664,110.87999725341795,0.0,526600,0.0006182912251383791,39946296.37023078
2011-11-10,55.02495574951172,0.0,110.48999786376952,0.0,110.69000244140624,110.12000274658205,110.25,0.0,352600,0.0007001153424816195,40031920.64933777
2011-11-11,55.24406433105469,0.0,110.93000030517578,0.0,110.98999786376952,110.08999633789062,110.08999633789062,0.0,142900,0.0008810495001137124,39871223.984503366
2011-11-14,54.99508285522461,0.0,110.43000030517578,0.0,110.68000030517578,110.25,110.25,0.0,269000,0.0009871421226982729,39937869.25817823
2011-11-15,54.736114501953125,0.0,109.91000366210938,0.0,110.0999984741211,109.61000061035156,109.8499984741211,0.0,422400,0.0009871421226982729,40094216.82660542
2011-11-16,54.67634963989258,0.0,109.79000091552734,0.0,110.12999725341795,109.5,109.91000366210938,0.0,635300,0.001171824550367709,40535679.22231281
2011-11-17,54.35264587402344,0.0,109.13999938964844,0.0,109.94000244140624,109.0,109.94000244140624,0.0,317300,0.0010608163902638553,40677346.50686355
2011-11-18,54.40242004394531,0.0,109.23999786376952,0.0,109.5,109.0500030517578,109.30999755859376,0.0,231800,0.0011075032435437576,40676262.14297461
2011-11-21,53.91438293457031,0.0,108.26000213623048,0.0,108.86000061035156,108.26000213623048,108.68000030517578,0.0,231200,0.0010918994688392442,40683168.59765431
2011-11-22,53.570762634277344,0.0,107.56999969482422,0.0,108.56999969482422,107.3499984741211,108.56999969482422,0.0,319800,0.0010918994688392442,40874079.36109512
2011-11-23,53.07771682739258,0.0,106.58000183105467,0.0,107.9000015258789,106.4800033569336,107.4800033569336,0.0,469900,0.0010918994688392442,41148287.030416824
2011-11-25,53.1424674987793,0.0,106.70999908447266,0.0,107.36000061035156,106.3000030517578,107.12000274658205,0.0,60100,0.001286484192431811,40922119.58150107
2011-11-28,53.60558319091797,0.0,107.63999938964844,0.0,107.66000366210938,106.88999938964844,107.08000183105467,0.0,240900,0.0012914216613011359,40699396.45934332
2011-11-29,53.67532730102539,0.0,107.77999877929688,0.0,107.83000183105467,107.5500030517578,107.73999786376952,0.0,190000,0.0011557713399565745,40479079.44782197
2011-11-30,54.0538330078125,0.0,108.54000091552734,0.0,108.8000030517578,108.29000091552734,108.48999786376952,0.0,347900,0.001115014230662973,40559984.39535716
2011-12-01,54.29435348510742,0.0,108.58000183105467,0.441,108.7699966430664,108.33999633789062,108.41000366210938,0.0,821300,0.0012530166381640908,41124090.201750256
2011-12-02,54.63936996459961,0.0,109.2699966430664,0.0,109.2699966430664,108.5199966430664,108.5199966430664,0.0,308200,0.0012530166381640908,41252754.98718988
2011-12-05,54.62436294555664,0.0,109.23999786376952,0.0,109.66000366210938,109.19000244140624,109.38999938964844,0.0,515300,0.0012530166381640908,41549264.27582635
2011-12-06,54.80941009521485,0.0,109.61000061035156,0.0,109.76000213623048,109.25,109.5,0.0,350000,0.001347680952124316,41673676.54534597
2011-12-07,54.68440246582031,0.0,109.36000061035156,0.0,109.5500030517578,109.20999908447266,109.5500030517578,0.0,179600,0.0014612844151745497,41670598.23409186
2011-12-08,54.41436767578125,0.0,108.81999969482422,0.0,109.48999786376952,108.33000183105467,109.3000030517578,0.0,324400,0.0014448884356779864,41584664.963464886
2011-12-09,54.51433563232422,0.0,109.0199966430664,0.0,109.16999816894533,108.66999816894533,108.7699966430664,0.0,158600,0.0014773932998978626,41534203.93758501
2011-12-12,54.509376525878906,0.0,109.01000213623048,0.0,109.1999969482422,108.81999969482422,108.81999969482422,0.0,254000,0.0014049517326834913,41461745.21091401
2011-12-13,54.599388122558594,0.0,109.19000244140624,0.0,109.25,108.9499969482422,108.9499969482422,0.0,239800,0.0013587585683759334,41472363.251925275
2011-12-14,54.53433609008789,0.0,109.05999755859376,0.0,109.16000366210938,108.81999969482422,108.81999969482422,0.0,425800,0.0014178840266881561,41502296.226846606
2011-12-15,54.42433166503906,0.0,108.83999633789062,0.0,109.01000213623048,108.8000030517578,109.0,0.0,375500,0.0012992764810947424,41520545.81894647
2011-12-16,54.5543327331543,0.0,109.0999984741211,0.0,109.29000091552734,108.94000244140624,109.0,0.0,1042100,0.0013178200104223786,42310149.651415385
2011-12-19,54.48438262939453,0.0,108.95999908447266,0.0,109.02999877929688,108.86000061035156,109.0,0.0,183300,0.001237036251397418,42246184.06340584
2011-12-20,54.764347076416016,0.0,109.5199966430664,0.0,109.5199966430664,109.06999969482422,109.12999725341795,0.0,660200,0.001237036251397418,42662057.15781318
2011-12-21,54.81435775756836,0.0,109.62000274658205,0.0,109.62000274658205,109.37000274658205,109.61000061035156,0.0,916900,0.001237036251397418,43150975.40723407
2011-12-22,54.85440444946289,0.0,109.6999969482422,0.0,109.72000122070312,109.41999816894533,109.5999984741211,0.0,381700,0.0012817048668128674,43367187.48463827
2011-12-23,54.82437515258789,0.0,109.63999938964844,0.0,109.77999877929688,109.33000183105467,109.66999816894533,0.0,364400,0.0011871793668166047,43552074.035093516
2011-12-27,54.97196960449219,0.0,109.5199966430664,0.414,109.86000061035156,109.01000213623048,109.18000030517578,0.0,271200,0.0011636641645916266,43525501.42176189
2011-12-28,54.89668655395508,0.0,109.37000274658205,0.0,109.51000213623048,109.1999969482422,109.51000213623048,0.0,221400,0.0012241489452403725,43510901.52687194
2011-12-29,55.0020637512207,0.0,109.58000183105467,0.0,109.58999633789062,109.30999755859376,109.3499984741211,0.0,285600,0.0012547421477883223,43297796.294215366
2011-12-30,55.08744812011719,0.0,109.75,0.0,109.83000183105467,109.30999755859376,109.5,0.0,287600,0.0011580115681528126,43102445.847738355
2012-01-03,54.58043670654297,0.0,108.73999786376952,0.0,110.05999755859376,108.18000030517578,109.63999938964844,0.0,2221300,0.0012354704073206785,44593652.31960236
2012-01-04,54.73101806640625,0.0,109.04000091552734,0.0,109.08999633789062,108.54000091552734,108.81999969482422,0.0,733600,0.0013231176436554058,44999018.49975586
2012-01-05,54.65073013305664,0.0,108.87999725341795,0.0,108.98999786376952,108.68000030517578,108.9000015258789,0.0,664200,0.0012659398001398877,45435159.01024228
2012-01-06,54.4098014831543,0.0,108.4000015258789,0.0,109.08999633789062,108.20999908447266,109.08999633789062,0.0,809700,0.0012110308158407694,45807725.68219503
2012-01-09,54.32947540283203,0.0,108.23999786376952,0.0,108.63999938964844,107.97000122070312,108.63999938964844,0.0,331000,0.0012110308158407694,45832165.667863876
2012-01-10,54.314449310302734,0.0,108.20999908447266,0.0,108.5500030517578,108.08999633789062,108.33000183105467,0.0,393000,0.0012557243747168595,45838366.97546338
2012-01-11,54.2993392944336,0.0,108.18000030517578,0.0,108.2699966430664,107.9499969482422,108.18000030517578,0.0,247000,0.0011472317842991379,45822456.485276
2012-01-12,54.34453582763672,0.0,108.2699966430664,0.0,108.48999786376952,108.1999969482422,108.33000183105467,0.0,281200,0.0010873323260221354,45822416.697305344
2012-01-13,54.324501037597656,0.0,108.2300033569336,0.0,108.29000091552734,107.9000015258789,108.20999908447266,0.0,612700,0.0010282068677099126,46223374.12119669
2012-01-17,54.36463165283203,0.0,108.30999755859376,0.0,108.58000183105467,108.30999755859376,108.58000183105467,0.0,557900,0.0009621319856338902,46471062.91911413
2012-01-18,54.6607666015625,0.0,108.9000015258789,0.0,108.9000015258789,108.41000366210938,108.51000213623048,0.0,820400,0.001019359656474846,46859563.22554936
2012-01-19,54.80130386352539,0.0,109.18000030517578,0.0,109.36000061035156,109.04000091552734,109.16000366210938,0.0,325600,0.0009871114806225209,46863615.87480212
2012-01-20,54.95187759399414,0.0,109.4800033569336,0.0,109.56999969482422,109.3000030517578,109.4800033569336,0.0,316000,0.0009967015139172768,46875209.43951077
2012-01-23,55.09242248535156,0.0,109.76000213623048,0.0,109.83000183105467,109.5,109.83000183105467,0.0,213100,0.0009967015139172768,46911197.12940398
2012-01-24,54.92176818847656,0.0,109.41999816894533,0.0,109.63999938964844,109.26000213623048,109.63999938964844,0.0,793100,0.0010106943821845218,47300098.77870953
2012-01-25,55.0823974609375,0.0,109.73999786376952,0.0,109.79000091552734,109.33000183105467,109.48999786376952,0.0,373200,0.0009841564827353954,47315102.075885594
2012-01-26,55.44881820678711,0.0,110.47000122070312,0.0,110.4800033569336,109.98999786376952,110.04000091552734,0.0,342800,0.0008611270317639681,47240739.38391549
2012-01-27,55.38352584838867,0.0,110.33999633789062,0.0,110.51000213623048,110.23999786376952,110.23999786376952,0.0,383800,0.0008437557688140597,47345987.22926549
2012-01-30,55.49397277832031,0.0,110.55999755859376,0.0,110.55999755859376,110.12999725341795,110.12999725341795,0.0,683700,0.0008981651809676982,47628001.95578923
2012-01-31,55.71483612060547,0.0,111.0,0.0,111.04000091552734,110.54000091552734,110.7300033569336,0.0,491500,0.0008202354806060722,46832703.019908115
2012-02-01,55.59993743896485,0.0,110.33999633789062,0.432,111.04000091552734,110.2300033569336,110.91000366210938,0.0,1105900,0.0008971913398327454,47315995.42030456
2012-02-02,55.95270538330078,0.0,111.04000091552734,0.0,111.04000091552734,110.37999725341795,110.37999725341795,0.0,676800,0.0010656353834928487,47313133.911217585
2012-02-03,55.98291015625,0.0,111.0999984741211,0.0,111.33999633789062,111.08000183105467,111.26000213623048,0.0,527200,0.0009755039475971468,47450214.99228099
2012-02-06,56.02825164794922,0.0,111.19000244140624,0.0,111.33999633789062,111.08999633789062,111.33000183105467,0.0,302200,0.0010260987353244934,46950193.72461712
2012-02-07,56.149173736572266,0.0,111.43000030517578,0.0,111.93000030517578,111.13999938964844,111.25,0.0,466700,0.0010260987353244934,46624688.44877576
2012-02-08,56.02825164794922,0.0,111.19000244140624,0.0,115.0,111.04000091552734,111.66000366210938,0.0,617600,0.0009526219184919809,46278141.81899419
2012-02-09,56.09375762939453,0.0,111.31999969482422,0.0,111.36000061035156,111.1500015258789,111.1500015258789,0.0,221200,0.0009587540684186099,46230279.65791491
2012-02-10,55.92240905761719,0.0,110.9800033569336,0.0,111.16000366210938,110.94000244140624,111.08999633789062,0.0,399500,0.001006647933590051,45975176.40600659
2012-02-13,56.21971130371094,0.0,111.56999969482422,0.0,111.66000366210938,111.33999633789062,111.44000244140624,0.0,634400,0.0010374548911141579,46129239.72862486
2012-02-14,56.31044769287109,0.0,111.75,0.0,111.81999969482422,111.62000274658205,111.62000274658205,0.0,472700,0.0010374548911141579,46230204.84855894
2012-02-15,56.38605880737305,0.0,111.9000015258789,0.0,111.98999786376952,111.80999755859376,111.98999786376952,0.0,272500,0.0009600629146217567,45674172.40215483
2012-02-16,56.32052230834961,0.0,111.7699966430664,0.0,111.77999877929688,111.56999969482422,111.63999938964844,0.0,390900,0.0009600629146217567,45721509.64024256
2012-02-17,56.19954681396485,0.0,111.52999877929688,0.0,111.88999938964844,111.37000274658205,111.88999938964844,0.0,1429500,0.0009945606300881074,46733685.62545171
2012-02-21,56.45656967163086,0.0,112.04000091552734,0.0,112.20999908447266,111.70999908447266,111.94000244140624,0.0,338000,0.0010608873232855246,46694076.65965368
2012-02-22,56.60772705078125,0.0,112.33999633789062,0.0,112.36000061035156,112.18000030517578,112.27999877929688,0.0,354500,0.0010252353642389196,46904207.776042394
2012-02-23,56.743743896484375,0.0,112.61000061035156,0.0,112.61000061035156,112.36000061035156,112.5500030517578,0.0,346300,0.0009517140400917423,47048557.4886322
2012-02-24,56.869754791259766,0.0,112.86000061035156,0.0,112.86000061035156,112.56999969482422,112.6999969482422,0.0,440600,0.0009517140400917423,47204742.44778951
2012-02-27,56.874813079833984,0.0,112.87000274658205,0.0,112.91000366210938,112.62000274658205,112.73999786376952,0.0,319200,0.000983677173241073,47320868.12612745
2012-02-28,57.04612350463867,0.0,113.20999908447266,0.0,113.30999755859376,112.9499969482422,113.0199966430664,0.0,429500,0.0008986745585394848,47057652.66424512
2012-02-29,57.09145736694336,0.0,113.3000030517578,0.0,113.47000122070312,113.20999908447266,113.41999816894533,0.0,588000,0.0008986745585394848,47426797.204492964
2012-03-01,57.229583740234375,0.0,113.12000274658205,0.453,113.18000030517578,112.75,112.9499969482422,0.0,573400,0.0007442598601449453,47659128.4639631
2012-03-02,57.50278854370117,0.0,113.66000366210938,0.0,113.70999908447266,113.38999938964844,113.48999786376952,0.0,326000,0.0004881685801501149,47534901.99620081
2012-03-05,57.52806854248047,0.0,113.70999908447266,0.0,113.76000213623048,113.5999984741211,113.66000366210938,0.0,1018200,0.0004881685801501149,48169044.75952633
2012-03-06,57.01708221435547,0.0,112.6999969482422,0.0,113.29000091552734,112.5999984741211,113.11000061035156,0.0,1056100,0.00037887931367165266,48773030.60696314
2012-03-07,57.27006149291992,0.0,113.1999969482422,0.0,113.1999969482422,112.69000244140624,112.97000122070312,0.0,590000,0.0005584486982990035,49070242.124176025
2012-03-08,57.52806854248047,0.0,113.70999908447266,0.0,113.70999908447266,113.2300033569336,113.5500030517578,0.0,343100,0.0004729029746923092,49166823.67723858
2012-03-09,57.60395812988281,0.0,113.86000061035156,0.0,113.87999725341795,113.68000030517578,113.72000122070312,0.0,427000,0.00046677082476568037,49345615.34199791
2012-03-12,57.7708854675293,0.0,114.19000244140624,0.0,114.1999969482422,113.88999938964844,113.95999908447266,0.0,398100,0.00041887695959423913,49025302.78164092
2012-03-13,57.91761016845703,0.0,114.4800033569336,0.0,114.52999877929688,114.2300033569336,114.37999725341795,0.0,483500,0.00038807000207013244,49060262.18236893
2012-03-14,57.60904312133789,0.0,113.87000274658205,0.0,114.31999969482422,113.83999633789062,114.1999969482422,0.0,525000,0.0004260685835527387,49251282.31530568
2012-03-15,57.39147567749024,0.0,113.44000244140624,0.0,113.61000061035156,113.16999816894533,113.5199966430664,0.0,703900,0.0004260685835527387,49696763.88869513
2012-03-16,57.44209289550781,0.0,113.54000091552734,0.0,113.54000091552734,113.29000091552734,113.43000030517578,0.0,172400,0.0004963676369523615,49591352.3077223
2012-03-19,57.29029846191406,0.0,113.23999786376952,0.0,113.4800033569336,113.19000244140624,113.38999938964844,0.0,356300,0.0005511251992268818,49685864.96395535
2012-03-20,57.09296417236328,0.0,112.8499984741211,0.0,113.11000061035156,112.79000091552734,113.06999969482422,0.0,329900,0.0004847985060294646,49821693.01596142
2012-03-21,57.03730392456055,0.0,112.73999786376952,0.0,112.9000015258789,112.48999786376952,112.87000274658205,0.0,788900,0.000461788981393375,50325583.37052966
2012-03-22,57.01201629638672,0.0,112.69000244140624,0.0,112.80999755859376,112.68000030517578,112.7699966430664,0.0,595900,0.000483316307582565,50700329.250705056
2012-03-23,57.01708221435547,0.0,112.6999969482422,0.0,112.91000366210938,112.5,112.6999969482422,0.0,485400,0.0005048454551213253,50837632.96486991
2012-03-26,56.89567565917969,0.0,112.45999908447266,0.0,112.72000122070312,112.4000015258789,112.5999984741211,0.0,488400,0.0004406116160153171,50644890.14997331
2012-03-27,56.91591644287109,0.0,112.5,0.0,112.62999725341795,112.45999908447266,112.58999633789062,0.0,302100,0.00048604242921027285,50487929.996666074
2012-03-28,56.95639419555664,0.0,112.58000183105467,0.0,112.86000061035156,112.55999755859376,112.86000061035156,0.0,313900,0.0004912226849381289,50099020.509538196
2012-03-29,56.88556671142578,0.0,112.44000244140624,0.0,112.62999725341795,112.27999877929688,112.5,0.0,255000,0.0004912226849381289,50097091.78697495
2012-03-30,57.02218246459961,0.0,112.70999908447266,0.0,112.70999908447266,112.31999969482422,112.69000244140624,0.0,539400,0.0005921441106911637,50249868.187453255
2012-04-02,57.263946533203125,0.0,112.73999786376952,0.446,112.7699966430664,112.44000244140624,112.6500015258789,0.0,2533200,0.0006574049013475706,52263781.69932895
2012-04-03,57.10645294189453,0.0,112.43000030517578,0.0,112.7699966430664,112.3000030517578,112.7699966430664,0.0,1071900,0.0007691343956197085,51653443.52024018
2012-04-04,57.096290588378906,0.0,112.41000366210938,0.0,112.41999816894533,112.20999908447266,112.38999938964844,0.0,535400,0.0005895650109923578,51619306.28637283
2012-04-05,56.95917510986328,0.0,112.13999938964844,0.0,112.31999969482422,112.0999984741211,112.31999969482422,0.0,531600,0.0006692507413914509,51732776.0552482
2012-04-09,57.14202499389648,0.0,112.5,0.0,112.5,112.3000030517578,112.45999908447266,0.0,418100,0.000730899979218197,51912992.96056959
2012-04-10,56.898216247558594,0.0,112.0199966430664,0.0,112.4000015258789,112.0,112.0,0.0,616000,0.0007815624534018557,51900743.1952643
2012-04-11,57.09123229980469,0.0,112.4000015258789,0.0,112.4000015258789,112.06999969482422,112.08999633789062,0.0,444300,0.000909141998488331,51957416.280982606
2012-04-12,57.36556243896485,0.0,112.94000244140624,0.0,112.9499969482422,112.45999908447266,112.58000183105467,0.0,1099300,0.000871143417005725,52700123.15915426
2012-04-13,57.345211029052734,0.0,112.9000015258789,0.0,112.98999786376952,112.66999816894533,112.98999786376952,0.0,714100,0.0009301940338571057,53161462.769959465
2012-04-16,57.3553581237793,0.0,112.91999816894533,0.0,113.0199966430664,112.72000122070312,112.72000122070312,0.0,476600,0.0009546899353923942,53301451.783800885
2012-04-17,57.5026741027832,0.0,113.20999908447266,0.0,113.22000122070312,112.9800033569336,112.98999786376952,0.0,229000,0.0008558446243567674,53384907.41463313
2012-04-18,57.49248504638672,0.0,113.19000244140624,0.0,113.25,113.05999755859376,113.11000061035156,0.0,354400,0.000894359135548453,53567613.97322398
2012-04-19,57.49755859375,0.0,113.1999969482422,0.0,113.27999877929688,113.02999877929688,113.19000244140624,0.0,287800,0.0009626409632336319,53611996.78371369
2012-04-20,57.71095275878906,0.0,113.62000274658205,0.0,113.66999816894533,113.27999877929688,113.33999633789062,0.0,585300,0.0009411136370444421,53868587.42087228
2012-04-23,57.5636100769043,0.0,113.33000183105467,0.0,113.48999786376952,113.13999938964844,113.48999786376952,0.0,415500,0.0010515675757722033,54079393.905972674
2012-04-24,57.62459182739258,0.0,113.4499969482422,0.0,113.51000213623048,113.31999969482422,113.37000274658205,0.0,462400,0.0010707609377612717,54232461.0386137
2012-04-25,57.80739212036133,0.0,113.80999755859376,0.0,113.83000183105467,113.47000122070312,113.48999786376952,0.0,493100,0.0010253301245663159,54465946.19156368
2012-04-26,57.83278274536133,0.0,113.86000061035156,0.0,113.87000274658205,113.66000366210938,113.8000030517578,0.0,390600,0.0010379247640596822,54348611.89852518
2012-04-27,57.87851333618164,0.0,113.9499969482422,0.0,113.9499969482422,113.72000122070312,113.83000183105467,0.0,299800,0.0010606828706948154,54445372.09663997
2012-04-30,58.041046142578125,0.0,114.2699966430664,0.0,114.2699966430664,113.98999786376952,113.98999786376952,0.0,906200,0.0009597614449417806,54839145.31177339
2012-05-01,58.064491271972656,0.0,113.87999725341795,0.436,113.93000030517578,113.6999969482422,113.7300033569336,0.0,769000,0.0009815712641190767,55308741.10329038
2012-05-02,58.16648483276367,0.0,114.08000183105467,0.0,114.1999969482422,113.83000183105467,113.9000015258789,0.0,1033000,0.0008698417698469388,56012614.13097684
2012-05-03,58.395904541015625,0.0,114.52999877929688,0.0,114.56999969482422,114.36000061035156,114.37000274658205,0.0,568000,0.0008698417698469388,56064103.530042134
2012-05-04,58.37554168701172,0.0,114.48999786376952,0.0,114.52999877929688,114.38999938964844,114.5,0.0,366500,0.000834860903493204,56201617.33641246
2012-05-07,58.37042236328125,0.0,114.4800033569336,0.0,114.5,114.30999755859376,114.43000030517578,0.0,392000,0.0007900911932275535,56317116.84486753
2012-05-08,58.2684440612793,0.0,114.27999877929688,0.0,114.47000122070312,114.20999908447266,114.4499969482422,0.0,623100,0.000783764742956736,56691105.41131156
2012-05-09,57.97274017333984,0.0,113.6999969482422,0.0,113.91000366210938,113.6500015258789,113.83000183105467,0.0,764300,0.0006561851978702606,56954969.79287768
2012-05-10,57.988040924072266,0.0,113.7300033569336,0.0,113.76000213623048,113.55999755859376,113.70999908447266,0.0,563800,0.0006561851978702606,56824404.94900052
2012-05-11,57.80955505371094,0.0,113.37999725341795,0.0,113.66000366210938,113.26000213623048,113.58000183105467,0.0,571700,0.0006153917689955067,56877442.279367596
2012-05-14,57.13654327392578,0.0,112.05999755859376,0.0,113.0500030517578,112.0,113.0500030517578,0.0,891900,0.0005205968140605951,57361470.36330208
2012-05-15,56.92238998413086,0.0,111.63999938964844,0.0,112.0999984741211,111.58999633789062,111.86000061035156,0.0,928100,0.0005205968140605951,58057987.71560305
2012-05-16,56.7031478881836,0.0,111.20999908447266,0.0,111.70999908447266,111.20999908447266,111.56999969482422,0.0,531900,0.00048208230286890953,58291693.49680098
2012-05-17,56.35136032104492,0.0,110.5199966430664,0.0,111.12999725341795,110.47000122070312,111.05999755859376,0.0,578100,0.0004138004751837305,58430309.56436036
2012-05-18,56.25446319580078,0.0,110.33000183105467,0.0,110.5,110.26000213623048,110.44000244140624,0.0,1098300,0.0004138004751837305,58838451.25824459
2012-05-21,56.59096908569336,0.0,110.98999786376952,0.0,110.98999786376952,110.4000015258789,110.5999984741211,0.0,578300,0.00028181738891720873,59073017.87696112
2012-05-22,56.75927734375,0.0,111.31999969482422,0.0,111.5,111.08999633789062,111.08999633789062,0.0,967900,0.0002517812151859803,59727182.92616587
2012-05-23,56.392120361328125,0.0,110.5999984741211,0.0,111.0,110.47000122070312,110.98999786376952,0.0,968000,0.0002517812151859803,60378223.29147581
2012-05-24,56.27996063232422,0.0,110.37999725341795,0.0,110.7300033569336,110.33000183105467,110.7300033569336,0.0,507600,0.0002340063199647579,60549874.09070938
2012-05-25,56.35136032104492,0.0,110.5199966430664,0.0,110.62999725341795,110.2699966430664,110.47000122070312,0.0,491400,0.00029663927719184675,60583426.34062994
2012-05-29,56.336029052734375,0.0,110.48999786376952,0.0,110.5999984741211,110.3499984741211,110.54000091552734,0.0,613700,0.00038216926698297313,61070683.80685231
2012-05-30,56.33099365234375,0.0,110.4800033569336,0.0,110.56999969482422,110.30999755859376,110.4000015258789,0.0,593300,0.0003723505077982281,61385106.90319122
2012-05-31,56.43292236328125,0.0,110.68000030517578,0.0,110.83000183105467,110.5,110.58000183105467,0.0,967300,0.0003723505077982281,62072270.113724
2012-06-01,55.54269409179688,0.0,108.5,0.441,110.2300033569336,108.5,110.18000030517578,0.0,3183500,0.0003723505077982281,64513926.33341835
2012-06-04,56.13141250610352,0.0,109.6500015258789,0.0,109.73999786376952,108.83000183105467,108.83000183105467,0.0,1140200,0.00057745536387461,64798419.79560852
2012-06-05,56.45902633666992,0.0,110.29000091552734,0.0,110.41000366210938,109.7300033569336,109.7699966430664,0.0,745000,0.0005605758363135144,65183253.42828054
2012-06-06,57.1142578125,0.0,111.56999969482422,0.0,111.56999969482422,110.7300033569336,110.7300033569336,0.0,663000,0.000516239812400673,65323567.229062036
2012-06-07,57.20644760131836,0.0,111.75,0.0,112.16999816894533,111.7300033569336,112.16999816894533,0.0,514300,0.000516239812400673,65475230.124192014
2012-06-08,57.40605926513672,0.0,112.13999938964844,0.0,112.16999816894533,111.58999633789062,111.83000183105467,0.0,1061300,0.0006757500887372452,66263905.72135562
2012-06-11,57.43167495727539,0.0,112.19000244140624,0.0,112.45999908447266,112.16000366210938,112.45999908447266,0.0,326900,0.0006574929007606186,66274808.133237325
2012-06-12,57.65177154541016,0.0,112.62000274658205,0.0,112.62999725341795,112.1999969482422,112.23999786376952,0.0,307000,0.0007266421589841183,66411980.90605963
2012-06-13,57.88727951049805,0.0,113.08000183105467,0.0,113.12000274658205,112.77999877929688,112.9000015258789,0.0,361700,0.0007266421589841183,66516841.98637463
2012-06-14,57.97938919067383,0.0,113.26000213623048,0.0,113.26000213623048,112.98999786376952,113.0999984741211,0.0,338600,0.0007266421589841183,66613398.13032605
2012-06-15,58.11764144897461,0.0,113.52999877929688,0.0,113.86000061035156,113.26000213623048,113.68000030517578,0.0,661600,0.0007266421589841183,66840967.17978583
2012-06-18,58.255855560302734,0.0,113.8000030517578,0.0,114.31999969482422,113.56999969482422,113.7300033569336,0.0,563900,0.0007266421589841183,67025906.88689701
2012-06-19,58.44524765014648,0.0,114.16999816894533,0.0,114.19000244140624,113.9000015258789,113.9000015258789,0.0,548600,0.0007839699210975543,66620673.17725893
2012-06-20,58.4862060546875,0.0,114.25,0.0,114.30999755859376,114.12000274658205,114.30999755859376,0.0,469300,0.0007839699210975543,66887698.234146364
2012-06-21,58.28654098510742,0.0,113.86000061035156,0.0,114.38999938964844,113.86000061035156,114.37000274658205,0.0,335800,0.0008188480935914101,66617294.158124164
2012-06-22,58.383827209472656,0.0,114.0500030517578,0.0,114.0500030517578,113.8499984741211,113.97000122070312,0.0,655300,0.0008469457065337577,66412741.66988191
2012-06-25,58.255855560302734,0.0,113.8000030517578,0.0,113.93000030517578,113.5500030517578,113.87000274658205,0.0,788800,0.0008138708236699068,66792844.47600955
2012-06-26,58.23025894165039,0.0,113.75,0.0,113.83999633789062,113.6500015258789,113.76000213623048,0.0,776700,0.0007759364696015839,67176946.13650489
2012-06-27,58.40941619873047,0.0,114.0999984741211,0.0,114.12999725341795,113.76000213623048,113.79000091552734,0.0,266800,0.0006986846189526257,67182819.60081676
2012-06-28,58.32236862182617,0.0,113.93000030517578,0.0,114.05999755859376,113.88999938964844,114.0500030517578,0.0,720000,0.0007380315230044886,67641669.45487733
2012-06-29,58.72677230834961,0.0,114.72000122070312,0.0,114.83000183105467,114.44000244140624,114.48999786376952,0.0,1216000,0.0007380315230044886,68500427.17679341
2012-07-02,59.090126037597656,0.0,114.9800033569336,0.447,115.02999877929688,114.3499984741211,114.5,0.0,4578400,0.0005976740925782402,72427890.25115362
2012-07-03,59.17745971679688,0.0,115.1500015258789,0.0,115.38999938964844,114.9499969482422,115.16000366210938,0.0,539800,0.0005976740925782402,71004190.35884312
2012-07-05,59.31113815307617,0.0,115.41000366210938,0.0,115.58000183105467,115.29000091552734,115.4800033569336,0.0,606500,0.0006363521434169757,70924860.37907676
2012-07-06,59.39849090576172,0.0,115.58000183105467,0.0,115.58000183105467,115.25,115.3499984741211,0.0,370400,0.0007506511682017188,70690675.76401725
2012-07-09,59.39849090576172,0.0,115.58000183105467,0.0,115.62000274658205,115.30999755859376,115.41999816894533,0.0,686000,0.0006776810369235207,70623345.60545059
2012-07-10,59.41902923583984,0.0,115.62000274658205,0.0,115.97000122070312,115.5999984741211,115.73999786376952,0.0,1303800,0.0006776810369235207,71535392.59186396
2012-07-11,59.706825256347656,0.0,116.18000030517578,0.0,116.26000213623048,115.8499984741211,115.8499984741211,0.0,583800,0.0007360042952515371,71736181.11994304
2012-07-12,59.91240310668945,0.0,116.58000183105467,0.0,116.66999816894533,116.23999786376952,116.31999969482422,0.0,629500,0.0007360042952515371,72106551.36658804
2012-07-13,60.200172424316406,0.0,117.13999938964844,0.0,117.13999938964844,116.77999877929688,116.9000015258789,0.0,746300,0.0007360042952515371,72558742.30697268
2012-07-16,60.47261428833008,0.0,117.66999816894533,0.0,117.76000213623048,117.30999755859376,117.4499969482422,0.0,314300,0.0007360042952515371,72325973.7146529
2012-07-17,60.63703918457031,0.0,117.98999786376952,0.0,118.1500015258789,117.76000213623048,118.12000274658205,0.0,1829400,0.0007360042952515371,73559503.51190719
2012-07-18,60.63703918457031,0.0,117.98999786376952,0.0,118.04000091552734,117.8499984741211,118.04000091552734,0.0,572400,0.0007235288632761287,73386455.20655315
2012-07-19,60.61651992797852,0.0,117.9499969482422,0.0,118.12999725341795,117.94000244140624,118.12999725341795,0.0,433000,0.0007235288632761287,73509656.32226126
2012-07-20,60.63190078735352,0.0,117.9800033569336,0.0,118.08000183105467,117.8499984741211,118.0199966430664,0.0,643700,0.0007073937272655835,73837815.42623006
2012-07-23,60.2515754699707,0.0,117.23999786376952,0.0,117.4499969482422,117.08000183105467,117.4499969482422,0.0,683300,0.0006792961143232359,74287976.0142069
2012-07-24,60.03059768676758,0.0,116.80999755859376,0.0,116.88999938964844,116.6999969482422,116.83999633789062,0.0,806200,0.0006434146636129094,74346636.48630172
2012-07-25,60.16425323486328,0.0,117.06999969482422,0.0,117.08999633789062,116.83000183105467,116.91000366210938,0.0,461200,0.0005958190278901061,74450110.42801993
2012-07-26,60.42119216918945,0.0,117.56999969482422,0.0,117.58999633789062,117.27999877929688,117.27999877929688,0.0,497900,0.0005958190278901061,74614150.002858
2012-07-27,60.62672424316406,0.0,117.97000122070312,0.0,117.9800033569336,117.68000030517578,117.68000030517578,0.0,925800,0.0005564721238382432,75144849.49917263
2012-07-30,60.84261703491211,0.0,118.38999938964844,0.0,118.38999938964844,117.98999786376952,118.08000183105467,0.0,864800,0.0005564721238382432,75357498.71458024
2012-07-31,60.92485427856445,0.0,118.5500030517578,0.0,118.83999633789062,118.37999725341795,118.63999938964844,0.0,913500,0.00044701983414275145,75783998.14146738
2012-08-01,61.170894622802734,0.0,118.58000183105467,0.447,119.29000091552734,118.4000015258789,119.16999816894533,0.0,896100,0.0005406523555887867,75658875.42472719
2012-08-02,61.21212768554688,0.0,118.66000366210938,0.0,118.77999877929688,118.52999877929688,118.62999725341795,0.0,397800,0.0005370707598024731,75437058.57422844
2012-08-03,61.38755416870117,0.0,119.0,0.0,119.16000366210938,118.70999908447266,119.02999877929688,0.0,582500,0.0004227717350177299,75522340.96156529
2012-08-06,61.58357238769531,0.0,119.37999725341795,0.0,119.55999755859376,119.12999725341795,119.30999755859376,0.0,425500,0.0003362315899593559,75658805.80357748
2012-08-07,61.55781173706055,0.0,119.33000183105467,0.0,119.48999786376952,119.1500015258789,119.48999786376952,0.0,690200,0.00045580503803785985,75899735.85215977
2012-08-08,61.40303421020508,0.0,119.02999877929688,0.0,119.2699966430664,119.01000213623048,119.25,0.0,344200,0.00033646614905824735,75679888.0749536
2012-08-09,61.108978271484375,0.0,118.45999908447266,0.0,119.02999877929688,118.45999908447266,119.02999877929688,0.0,454600,0.00033646614905824735,75911855.7864719
2012-08-10,61.04193115234375,0.0,118.33000183105467,0.0,118.41999816894533,118.08000183105467,118.41999816894533,0.0,563700,0.00033646614905824735,76089364.6014804
2012-08-13,61.06772232055664,0.0,118.37999725341795,0.0,118.44000244140624,118.18000030517578,118.1999969482422,0.0,382500,0.0004058472689612482,75886986.35658385
2012-08-14,61.06772232055664,0.0,118.37999725341795,0.0,118.54000091552734,118.2699966430664,118.33000183105467,0.0,372100,0.0004209814449847747,75817343.27704415
2012-08-15,60.86137008666992,0.0,117.9800033569336,0.0,118.19000244140624,117.8499984741211,118.16000366210938,0.0,484900,0.000376129114846747,76029373.06444077
2012-08-16,60.7530403137207,0.0,117.7699966430664,0.0,118.05999755859376,117.75,118.05999755859376,0.0,462700,0.0003967125217752158,76115097.55459134
2012-08-17,60.73755645751953,0.0,117.73999786376952,0.0,117.9800033569336,117.72000122070312,117.9000015258789,0.0,353500,0.00044414399390237835,75180089.2687964
2012-08-20,60.80460739135742,0.0,117.87000274658205,0.0,118.0,117.66999816894533,117.97000122070312,0.0,1008700,0.0005364422765153542,75823152.37562998
2012-08-21,60.933631896972656,0.0,118.12000274658205,0.0,118.22000122070312,117.94000244140624,117.94000244140624,0.0,458400,0.0005200075462273099,75936816.50703673
2012-08-22,61.27925491333008,0.0,118.79000091552734,0.0,118.79000091552734,118.2699966430664,118.2699966430664,0.0,818500,0.0005200075462273099,76398981.36844938
2012-08-23,61.428829193115234,0.0,119.08000183105467,0.0,119.0999984741211,118.9000015258789,118.98999786376952,0.0,815200,0.0005200075462273099,76774758.3622887
2012-08-24,61.4752311706543,0.0,119.16999816894533,0.0,119.22000122070312,119.0,119.12000274658205,0.0,905600,0.0005200075462273099,77345331.73899575
2012-08-27,61.50104522705078,0.0,119.22000122070312,0.0,119.25,119.0199966430664,119.0199966430664,0.0,411800,0.0005892015654712084,77349070.6429315
2012-08-28,61.55781173706055,0.0,119.33000183105467,0.0,119.37999725341795,119.16999816894533,119.16999816894533,0.0,360000,0.0005892015654712084,77161280.15773107
2012-08-29,61.58875274658203,0.0,119.38999938964844,0.0,119.5,119.3499984741211,119.45999908447266,0.0,468400,0.0004955690440251731,77090321.9524868
2012-08-30,61.60940170288086,0.0,119.43000030517578,0.0,119.4800033569336,119.27999877929688,119.4000015258789,0.0,451800,0.0004907947105732731,77224491.10283625
2012-08-31,61.67646026611328,0.0,119.55999755859376,0.0,119.7699966430664,119.44000244140624,119.7699966430664,0.0,370300,0.0004907947105732731,76656979.56337702
2012-09-04,61.76289367675781,0.0,119.3000030517578,0.427,119.55999755859376,119.0,119.55999755859376,0.0,1080000,0.0004907947105732731,76734928.26590765
2012-09-05,61.892337799072266,0.0,119.5500030517578,0.0,119.66000366210938,119.37999725341795,119.41000366210938,0.0,329200,0.00041774372305132,76517212.89134556
2012-09-06,62.01657485961914,0.0,119.79000091552734,0.0,120.04000091552734,119.58000183105467,119.76000213623048,0.0,621800,0.0004096100954794165,76798732.90629311
2012-09-07,62.28578186035156,0.0,120.30999755859376,0.0,120.4800033569336,119.95999908447266,119.97000122070312,0.0,730100,0.0004096100954794165,77110003.61230032
2012-09-10,62.41004180908203,0.0,120.5500030517578,0.0,120.55999755859376,120.33000183105467,120.4499969482422,0.0,528700,0.0004096100954794165,77255049.22056653
2012-09-11,62.492862701416016,0.0,120.70999908447266,0.0,120.91000366210938,120.5999984741211,120.6500015258789,0.0,1848300,0.00034022897557641564,78586455.646636
2012-09-12,62.52392578125,0.0,120.7699966430664,0.0,120.91999816894533,120.72000122070312,120.88999938964844,0.0,783500,0.0003839386869887939,78862975.81273034
2012-09-13,62.38418960571289,0.0,120.5,0.0,120.72000122070312,120.4499969482422,120.6999969482422,0.0,842300,0.0003839386869887939,79034775.27528188
2012-09-14,62.50839614868164,0.0,120.73999786376952,0.0,120.83999633789062,120.51000213623048,120.62999725341795,0.0,765300,0.0004097885443055378,79612775.46740335
2012-09-17,62.42039489746094,0.0,120.56999969482422,0.0,120.6999969482422,120.44000244140624,120.5199966430664,0.0,768300,0.00040379184429118994,80027747.84459916
2012-09-18,62.48251724243164,0.0,120.69000244140624,0.0,120.77999877929688,120.51000213623048,120.51000213623048,0.0,802900,0.0003463567215724631,80501341.40383403
2012-09-19,62.54465103149414,0.0,120.80999755859376,0.0,120.86000061035156,120.6999969482422,120.72000122070312,0.0,542500,0.00034635672157246305,80315617.90669759
2012-09-20,62.503211975097656,0.0,120.7300033569336,0.0,120.8499984741211,120.58999633789062,120.80999755859376,0.0,509600,0.0003816097335478315,80270951.53571235
2012-09-21,62.6326789855957,0.0,120.9800033569336,0.0,121.0,120.5999984741211,120.63999938964844,0.0,840200,0.0004487101901579629,80643513.6015998
2012-09-24,62.46701431274414,0.0,120.66000366210938,0.0,120.76000213623048,120.52999877929688,120.76000213623048,0.0,1643200,0.000510015506984262,81781156.89100236
2012-09-25,62.451438903808594,0.0,120.62999725341795,0.0,120.6999969482422,120.52999877929688,120.6999969482422,0.0,618000,0.0004968823707500666,82103086.1632453
2012-09-26,62.46701431274414,0.0,120.66000366210938,0.0,120.68000030517578,120.4499969482422,120.5,0.0,677100,0.0005329132903338545,82471022.87677583
2012-09-27,62.56534957885742,0.0,120.8499984741211,0.0,120.87000274658205,120.62999725341795,120.87000274658205,0.0,880400,0.0005329132903338545,83087881.11514136
2012-09-28,62.77758026123047,0.0,121.26000213623048,0.0,121.2699966430664,120.87000274658205,121.05999755859376,0.0,1527800,0.0005025911687333327,84075700.62115382
2012-10-01,62.83992385864258,0.0,120.9800033569336,0.4,121.2699966430664,120.70999908447266,121.2699966430664,0.0,827300,0.0006303248885994994,82603429.14646088
2012-10-02,63.021785736083984,0.0,121.33000183105467,0.0,121.33000183105467,121.13999938964844,121.2300033569336,0.0,427100,0.0006615650020066434,82058241.26118252
2012-10-03,63.15157699584961,0.0,121.58000183105467,0.0,121.79000091552734,121.41000366210938,121.5199966430664,0.0,881600,0.0006150425414500925,82431262.00446478
2012-10-04,63.15675735473633,0.0,121.58999633789062,0.0,121.75,121.5500030517578,121.66999816894533,0.0,628900,0.000664060217548544,82565026.48876129
2012-10-05,63.17756652832031,0.0,121.62999725341795,0.0,121.77999877929688,121.5,121.77999877929688,0.0,693900,0.0007276525375119478,82861556.6879212
2012-10-08,62.99578857421875,0.0,121.27999877929688,0.0,121.7300033569336,121.25,121.7300033569336,0.0,234100,0.0007531242524004481,82539233.90841408
2012-10-09,62.93861389160156,0.0,121.16999816894533,0.0,121.52999877929688,121.16000366210938,121.52999877929688,0.0,354800,0.0007890038359901616,82484089.42168705
2012-10-10,62.94898223876953,0.0,121.19000244140624,0.0,121.3499984741211,121.06999969482422,121.31999969482422,0.0,685300,0.0007341568911839071,82157871.67557006
2012-10-11,63.29705047607422,0.0,121.86000061035156,0.0,121.86000061035156,121.31999969482422,121.41000366210938,0.0,680900,0.0007341568911839071,82176542.97180781
2012-10-12,63.65021896362305,0.0,122.54000091552734,0.0,122.58000183105467,122.06999969482422,122.08000183105467,0.0,883000,0.0006877236269386943,82608171.14387996
2012-10-15,63.81646728515625,0.0,122.86000061035156,0.0,122.9000015258789,122.6500015258789,122.76000213623048,0.0,736300,0.000627545818342569,83120367.40307884
2012-10-16,63.96707534790039,0.0,123.1500015258789,0.0,123.25,122.9499969482422,123.0,0.0,546800,0.0005926826584483201,83336429.9742623
2012-10-17,63.97228240966797,0.0,123.16000366210938,0.0,123.18000030517578,123.02999877929688,123.1500015258789,0.0,1746200,0.0006274032300506391,84784708.06373112
2012-10-18,63.84760665893555,0.0,122.91999816894533,0.0,123.3000030517578,122.81999969482422,123.3000030517578,0.0,1140200,0.0006145890700665279,85369244.52646649
2012-10-19,63.74892807006836,0.0,122.7300033569336,0.0,122.9499969482422,122.69000244140624,122.6999969482422,0.0,843300,0.0005474886134563965,85816939.73337203
2012-10-22,63.65542984008789,0.0,122.5500030517578,0.0,122.72000122070312,122.5500030517578,122.72000122070312,0.0,523000,0.00048618329663009733,85909276.02707998
2012-10-23,63.55154037475586,0.0,122.3499984741211,0.0,122.4499969482422,122.12000274658205,122.38999938964844,0.0,758700,0.00043012241362039413,86200603.2814147
2012-10-24,63.55678939819336,0.0,122.36000061035156,0.0,122.45999908447266,122.23999786376952,122.43000030517578,0.0,453400,0.0004499225529515684,86287939.05949669
2012-10-25,63.43727493286133,0.0,122.12999725341795,0.0,122.48999786376952,122.12000274658205,122.48999786376952,0.0,427800,0.0005095596886143972,86431470.83521041
2012-10-26,63.26585388183594,0.0,121.8000030517578,0.0,122.16999816894533,121.7300033569336,122.13999938964844,0.0,707600,0.0005095596886143972,86293647.1145872
2012-10-31,63.16717529296875,0.0,121.61000061035156,0.0,121.98999786376952,121.41999816894533,121.69000244140624,0.0,779000,0.0003818259687482305,86350476.26210773
2012-11-01,62.990570068359375,0.0,121.2699966430664,0.0,121.41000366210938,121.08000183105467,121.23999786376952,0.0,492400,0.0003505858553410864,85889116.77365984
2012-11-02,62.77757263183594,0.0,120.86000061035156,0.0,121.7300033569336,120.83000183105467,121.69000244140624,0.0,906700,0.0004089365131821003,86242535.21212623
2012-11-05,62.99578857421875,0.0,121.27999877929688,0.0,121.44000244140624,121.12999725341795,121.1999969482422,0.0,1158100,0.0004117897719003192,87024231.89759633
2012-11-06,63.09962844848633,0.0,121.4800033569336,0.0,121.76000213623048,121.45999908447266,121.5999984741211,0.0,1153200,0.0003481974519369155,87779903.1559717
2012-11-07,63.08406829833984,0.0,121.4499969482422,0.0,121.94000244140624,121.44000244140624,121.86000061035156,0.0,1375900,0.00040525446669862996,88540976.04138207
2012-11-08,63.1827507019043,0.0,121.63999938964844,0.0,121.83999633789062,121.61000061035156,121.75,0.0,409600,0.00041942936137474607,88246712.83568731
2012-11-09,63.1619758605957,0.0,121.5999984741211,0.0,121.6500015258789,120.8000030517578,121.02999877929688,0.0,480900,0.00041543241874509576,88201922.86246164
2012-11-12,63.15675735473633,0.0,121.58999633789062,0.0,122.0,121.13999938964844,121.26000213623048,0.0,456500,0.00042455967856860265,88128006.10768758
2012-11-13,63.09447479248047,0.0,121.47000122070312,0.0,121.5500030517578,121.4000015258789,121.4499969482422,0.0,409400,0.00043746308381891266,87729462.50988793
2012-11-14,63.0788688659668,0.0,121.44000244140624,0.0,121.58999633789062,121.36000061035156,121.5500030517578,0.0,551000,0.00048177463577046034,87438195.509187
2012-11-15,62.88667297363281,0.0,121.06999969482422,0.0,121.41000366210938,121.0,121.22000122070312,0.0,531900,0.00048177463577046034,87479818.79747784
2012-11-16,62.720458984375,0.0,120.75,0.0,121.0500030517578,120.6999969482422,121.0,0.0,914900,0.0004470540641681413,87849521.69383216
2012-11-19,62.92822647094727,0.0,121.1500015258789,0.0,121.3000030517578,120.86000061035156,120.97000122070312,0.0,625900,0.0004967580024422201,87489619.6695782
2012-11-20,63.12561798095703,0.0,121.52999877929688,0.0,121.5500030517578,121.27999877929688,121.33000183105467,0.0,884700,0.0004967580024422201,87833525.02001807
2012-11-21,63.04772186279297,0.0,121.37999725341795,0.0,121.51000213623048,121.31999969482422,121.51000213623048,0.0,880300,0.0005565432643953419,87826415.36825271
2012-11-23,63.08406829833984,0.0,121.4499969482422,0.0,121.5999984741211,121.16999816894533,121.3499984741211,0.0,1225600,0.0005964088976133116,88158068.68362427
2012-11-26,63.20353698730469,0.0,121.68000030517578,0.0,121.72000122070312,121.44000244140624,121.52999877929688,0.0,1217800,0.0005405778386983495,88889441.84049577
2012-11-27,63.2866325378418,0.0,121.83999633789062,0.0,122.13999938964844,121.80999755859376,121.91999816894533,0.0,2302900,0.0004809407030355207,90685281.53268723
2012-11-28,63.40092849731445,0.0,122.05999755859376,0.0,122.1500015258789,121.91000366210938,122.08999633789062,0.0,1309200,0.0005581914466325953,91415386.58915323
2012-11-29,63.72296524047852,0.0,122.68000030517578,0.0,122.68000030517578,122.36000061035156,122.43000030517578,0.0,1470200,0.0005581914466325953,92326627.4657961
2012-11-30,63.73335266113281,0.0,122.6999969482422,0.0,122.76000213623048,122.61000061035156,122.75,0.0,1679800,0.0005581914466325953,93112744.05768864
2012-12-03,63.75523376464844,0.0,122.3499984741211,0.392,122.37000274658205,122.20999908447266,122.23999786376952,0.0,1271100,0.0004998407887915814,91605675.27245416
2012-12-04,63.79694366455078,0.0,122.43000030517578,0.0,122.5,122.2300033569336,122.3000030517578,0.0,1089300,0.00047151858474042414,91671866.28509401
2012-12-05,63.85943984985352,0.0,122.5500030517578,0.0,124.43000030517578,122.43000030517578,122.58999633789062,0.0,971500,0.00047151858474042414,91964654.20003618
2012-12-06,63.95845031738281,0.0,122.73999786376952,0.0,122.75,122.47000122070312,122.52999877929688,0.0,1417200,0.00040831920201800533,92758116.22523353
2012-12-07,63.83340072631836,0.0,122.5,0.0,122.61000061035156,122.41999816894533,122.56999969482422,0.0,526700,0.0004157104654824883,92814050.55063036
2012-12-10,63.9376335144043,0.0,122.6999969482422,0.0,122.8000030517578,122.5199966430664,122.8000030517578,0.0,862000,0.0004157104654824883,92708917.34441727
2012-12-11,63.90633392333984,0.0,122.63999938964844,0.0,122.63999938964844,122.48999786376952,122.48999786376952,0.0,819400,0.00044365236552091193,93215395.94522506
2012-12-12,63.854225158691406,0.0,122.54000091552734,0.0,122.68000030517578,122.44000244140624,122.62000274658205,0.0,763700,0.00047311718817060253,93683724.97582814
2012-12-13,63.82818603515625,0.0,122.48999786376952,0.0,122.5999984741211,122.4000015258789,122.58000183105467,0.0,726600,0.0004607409757927199,94065472.56142752
2012-12-14,63.78128433227539,0.0,122.4000015258789,0.0,122.52999877929688,122.25,122.52999877929688,0.0,1047900,0.0004607409757927199,94779068.79059927
2012-12-17,63.70832824707031,0.0,122.26000213623048,0.0,122.31999969482422,122.12000274658205,122.3000030517578,0.0,929800,0.00047466142979510757,95085147.38420154
2012-12-18,63.66144561767578,0.0,122.16999816894533,0.0,122.38999938964844,122.04000091552734,122.08000183105467,0.0,1053300,0.00045497244906887003,95597130.22031632
2012-12-19,63.79694366455078,0.0,122.43000030517578,0.0,122.52999877929688,122.29000091552734,122.3000030517578,0.0,548400,0.000508635015223638,95632899.67406137
2012-12-20,63.94282150268555,0.0,122.70999908447266,0.0,122.72000122070312,122.41999816894533,122.54000091552734,0.0,1307300,0.00044884975327051603,96480528.69630843
2012-12-21,64.02100372314453,0.0,122.86000061035156,0.0,122.94000244140624,122.58000183105467,122.58000183105467,0.0,816500,0.00040898412005254645,96973235.06371634
2012-12-24,64.04705810546875,0.0,122.91000366210938,0.0,123.08000183105467,122.54000091552734,122.54000091552734,0.0,222300,0.000516200200531392,96596932.89557563
2012-12-26,64.07369232177734,0.0,122.56999969482422,0.391,122.5999984741211,122.4000015258789,122.54000091552734,0.0,248800,0.0005514334882290985,96126535.85999504
2012-12-27,64.11029815673828,0.0,122.63999938964844,0.0,122.63999938964844,122.25,122.5999984741211,0.0,943000,0.0005217491576691057,96343201.68876043
2012-12-28,64.16777038574219,0.0,122.75,0.0,122.7699966430664,122.58000183105467,122.66999816894533,0.0,510200,0.0005217491576691057,96598639.54913427
2012-12-31,64.1887435913086,0.0,122.79000091552734,0.0,122.80999755859376,122.61000061035156,122.6500015258789,0.0,332700,0.0005668717749508693,96271835.04980783
2013-01-02,64.36644744873047,0.0,123.12999725341795,0.0,123.19000244140624,122.9000015258789,122.98999786376952,0.0,1295400,0.0005668717749508693,96430589.62883723
2013-01-03,64.32464599609375,0.0,123.0500030517578,0.0,123.3499984741211,123.02999877929688,123.33000183105467,0.0,1520400,0.0005433230441853562,93737421.19447617
2013-01-04,64.12603759765625,0.0,122.66999816894533,0.0,122.9000015258789,122.5999984741211,122.9000015258789,0.0,1280800,0.0005433230441853562,94491054.23281837
2013-01-07,64.1625747680664,0.0,122.73999786376952,0.0,122.9499969482422,122.66000366210938,122.8499984741211,0.0,1260400,0.0005901096491445541,95163318.72556777
2013-01-08,63.86983871459961,0.0,122.18000030517578,0.0,122.5500030517578,122.12000274658205,122.5,0.0,1425800,0.0005326639074142416,96206123.58078124
2013-01-09,63.81756210327149,0.0,122.08000183105467,0.0,122.33999633789062,122.0199966430664,122.29000091552734,0.0,1435000,0.0005386067059867369,96967210.2583325
2013-01-10,63.80182266235352,0.0,122.0500030517578,0.0,122.18000030517578,121.86000061035156,122.18000030517578,0.0,783100,0.0005015375461248064,96529368.97110106
2013-01-11,63.48301696777344,0.0,121.44000244140624,0.0,121.69000244140624,121.43000030517578,121.61000061035156,0.0,1170200,0.0004812644238911102,97118918.2304564
2013-01-14,63.57712173461914,0.0,121.62000274658205,0.0,121.83999633789062,121.58999633789062,121.66000366210938,0.0,1067700,0.0005493116555941899,97567065.57791574
2013-01-15,63.82803726196289,0.0,122.0999984741211,0.0,122.0999984741211,121.6999969482422,121.83000183105467,0.0,1146800,0.0005906851344160084,97984547.29780167
2013-01-16,63.7705078125,0.0,121.98999786376952,0.0,122.26000213623048,121.98999786376952,122.0999984741211,0.0,1530500,0.0005767646804136206,99172817.22880167
2013-01-17,63.671173095703125,0.0,121.8000030517578,0.0,122.1999969482422,121.66000366210938,122.05999755859376,0.0,2659300,0.0005279642982848425,100030371.56232198
2013-01-18,63.88026428222656,0.0,122.1999969482422,0.0,122.25,121.79000091552734,121.8000030517578,0.0,1219000,0.0005923737356834999,100676596.33615282
2013-01-22,63.754791259765625,0.0,121.95999908447266,0.0,122.13999938964844,121.91999816894533,121.91999816894533,0.0,1018500,0.0006416869747460493,101257103.56146191
2013-01-23,63.80182266235352,0.0,122.0500030517578,0.0,122.16000366210938,121.95999908447266,122.0199966430664,0.0,614900,0.000698373866730457,101249998.9480942
2013-01-24,63.81756210327149,0.0,122.08000183105467,0.0,122.13999938964844,121.97000122070312,122.0999984741211,0.0,511100,0.0006529573109973109,101109403.69726513
2013-01-25,63.54574966430664,0.0,121.55999755859376,0.0,122.12999725341795,121.54000091552734,122.0500030517578,0.0,1103600,0.0006315358976966274,101426716.3422963
2013-01-28,63.34184265136719,0.0,121.16999816894533,0.0,121.55999755859376,121.08999633789062,121.55999755859376,0.0,1642600,0.0005839694846595456,102577836.62113008
2013-01-29,63.2006950378418,0.0,120.9000015258789,0.0,121.1999969482422,120.86000061035156,121.19000244140624,0.0,941600,0.0005839694846595456,103016736.13373892
2013-01-30,62.65705108642578,0.0,119.86000061035156,0.0,120.66000366210938,119.8499984741211,120.66000366210938,0.0,2245700,0.0005388468673777822,104286204.19914003
2013-01-31,62.359073638916016,0.0,119.29000091552734,0.0,119.86000061035156,119.1500015258789,119.76000213623048,0.0,2805700,0.0005388468673777822,106129920.73958866
2013-02-01,62.46615219116211,0.0,119.05999755859376,0.434,119.31999969482422,118.72000122070312,118.75,0.0,3096500,0.0005388468673777822,108196379.90349664
2013-02-04,62.261451721191406,0.0,118.66999816894533,0.0,118.9499969482422,118.54000091552734,118.61000061035156,0.0,1254000,0.0005964810125814642,108534099.25320338
2013-02-05,62.38214492797852,0.0,118.9000015258789,0.0,119.12000274658205,118.58999633789062,118.62000274658205,0.0,970500,0.0006219587693328985,109075285.77720399
2013-02-06,62.39266204833984,0.0,118.91999816894533,0.0,119.2300033569336,118.87000274658205,119.0999984741211,0.0,617200,0.0006226347460047278,109107666.11744109
2013-02-07,62.57625961303711,0.0,119.2699966430664,0.0,119.5,119.01000213623048,119.05999755859376,0.0,691500,0.0006857030160163125,109359086.86226134
2013-02-08,62.880592346191406,0.0,119.8499984741211,0.0,119.91999816894533,119.52999877929688,119.62000274658205,0.0,835200,0.0006857030160163125,109499857.90560889
2013-02-11,62.96980285644531,0.0,120.0199966430664,0.0,120.0500030517578,119.8499984741211,119.9499969482422,0.0,679700,0.0006636079103500081,109822139.38289824
2013-02-12,62.90682220458984,0.0,119.9000015258789,0.0,120.05999755859376,119.76000213623048,120.04000091552734,0.0,651300,0.0006245508942096705,110014512.0448824
2013-02-13,62.602516174316406,0.0,119.31999969482422,0.0,119.7300033569336,119.27999877929688,119.58000183105467,0.0,756300,0.0005831774153878521,110201330.24914454
2013-02-14,62.60776519775391,0.0,119.33000183105467,0.0,119.3499984741211,119.0500030517578,119.19000244140624,0.0,621500,0.0005831774153878521,110430562.36968873
2013-02-15,62.51860046386719,0.0,119.16000366210938,0.0,119.4499969482422,119.13999938964844,119.4499969482422,0.0,407200,0.0006113062057729341,110466060.43725392
2013-02-19,62.59199523925781,0.0,119.3000030517578,0.0,119.48999786376952,119.12000274658205,119.26000213623048,0.0,596700,0.0006072792528116815,110576995.4229143
2013-02-20,62.32444381713867,0.0,118.79000091552734,0.0,119.3499984741211,118.79000091552734,119.16999816894533,0.0,696400,0.0005579660137491321,110801068.27363513
2013-02-21,62.22476196289063,0.0,118.5999984741211,0.0,118.9000015258789,118.5999984741211,118.75,0.0,2019700,0.0005012791217647244,112371824.84247117
2013-02-22,62.15134048461914,0.0,118.45999908447266,0.0,118.75,118.41999816894533,118.75,0.0,1455700,0.0004394795970190249,112796799.04006474
2013-02-25,62.22476196289063,0.0,118.5999984741211,0.0,118.72000122070312,118.52999877929688,118.63999938964844,0.0,1084200,0.00047739218297064166,113387591.96932353
2013-02-26,62.544830322265625,0.0,119.20999908447266,0.0,119.20999908447266,118.69000244140624,118.8000030517578,0.0,1095500,0.00047739218297064166,113652393.06652735
2013-02-27,62.581573486328125,0.0,119.27999877929688,0.0,119.31999969482422,119.06999969482422,119.1999969482422,0.0,1172900,0.00047739218297064166,113992309.67823815
2013-02-28,62.52383041381836,0.0,119.16999816894533,0.0,119.33000183105467,119.0,119.3000030517578,0.0,522700,0.0005624477638284119,113630165.29491363
2013-03-01,62.2647819519043,0.0,118.25,0.428,118.7699966430664,118.25,118.62999725341795,0.0,3730900,0.0005624477638284119,116741944.09251137
2013-03-04,62.49118041992188,0.0,118.68000030517578,0.0,118.8499984741211,118.51000213623048,118.51000213623048,0.0,1002400,0.0006657601834981025,117345166.5658981
2013-03-05,62.77027130126953,0.0,119.20999908447266,0.0,119.22000122070312,118.83999633789062,118.87999725341795,0.0,1295200,0.0006081260382944204,118126742.08256555
2013-03-06,62.7386360168457,0.0,119.1500015258789,0.0,119.26000213623048,119.08000183105467,119.16999816894533,0.0,691500,0.0005169933644213604,118352406.78032164
2013-03-07,62.51746368408203,0.0,118.7300033569336,0.0,119.13999938964844,118.62999725341795,119.0,0.0,808100,0.0005163173877495311,118762507.16616918
2013-03-08,62.29108428955078,0.0,118.3000030517578,0.0,118.55999755859376,118.1999969482422,118.5,0.0,1847500,0.00044730631916545103,119474532.97840905
2013-03-11,62.19636154174805,0.0,118.12000274658205,0.0,118.3000030517578,118.01000213623048,118.1999969482422,0.0,832800,0.00044730631916545103,119942901.84573218
2013-03-12,62.32796859741211,0.0,118.37000274658205,0.0,118.37000274658205,118.0999984741211,118.16999816894533,0.0,706700,0.0004843069705708643,120015653.10265072
2013-03-13,62.1910400390625,0.0,118.11000061035156,0.0,118.36000061035156,118.02999877929688,118.3000030517578,0.0,601300,0.0005217626037709738,119882170.6752656
2013-03-14,62.10153579711914,0.0,117.94000244140624,0.0,118.08999633789062,117.91999816894533,118.04000091552734,0.0,678600,0.0005217626037709738,120011530.19148205
2013-03-15,62.15419387817383,0.0,118.04000091552734,0.0,118.2300033569336,117.95999908447266,118.0199966430664,0.0,955000,0.0005514961892530874,119135497.7277241
2013-03-18,62.00679016113281,0.0,117.76000213623048,0.0,118.02999877929688,117.76000213623048,117.93000030517578,0.0,498600,0.0005197139714576851,118850512.36816286
2013-03-19,61.95934677124024,0.0,117.66999816894533,0.0,118.0,117.62000274658205,117.95999908447266,0.0,545000,0.00046314369335763146,118553948.86817932
2013-03-20,62.01200485229492,0.0,117.7699966430664,0.0,117.8000030517578,117.63999938964844,117.73999786376952,0.0,304300,0.0004963001098109855,118105021.00796776
2013-03-21,61.93831253051758,0.0,117.62999725341795,0.0,117.8000030517578,117.62000274658205,117.8000030517578,0.0,613200,0.0005586758911578847,117942297.06789047
2013-03-22,61.89619064331055,0.0,117.5500030517578,0.0,117.88999938964844,117.4499969482422,117.88999938964844,0.0,719600,0.0005949612333485971,117844574.68087332
2013-03-25,61.88560485839844,0.0,117.52999877929688,0.0,117.75,117.5,117.63999938964844,0.0,441200,0.0006110552491194783,117735962.07599942
2013-03-26,61.954097747802734,0.0,117.66000366210938,0.0,117.70999908447266,117.54000091552734,117.58999633789062,0.0,422700,0.0006647594932182911,117642397.5826445
2013-03-27,61.91196441650391,0.0,117.58000183105467,0.0,117.62999725341795,117.5,117.5500030517578,0.0,585800,0.0006996781427450385,117382325.8862329
2013-03-28,61.93831253051758,0.0,117.62999725341795,0.0,117.69000244140624,117.45999908447266,117.5,0.0,620900,0.0006497352246029757,116388420.70589218
2013-04-01,61.97581100463867,0.0,117.29000091552734,0.411,117.37999725341795,117.0500030517578,117.12999725341795,0.0,945700,0.0006622907417804563,116677085.90877472
2013-04-02,62.05509948730469,0.0,117.44000244140624,0.0,117.52999877929688,117.2699966430664,117.45999908447266,0.0,765700,0.0005589783221107657,116742363.0626618
2013-04-03,62.329833984375,0.0,117.95999908447266,0.0,118.04000091552734,117.56999969482422,117.58000183105467,0.0,1016700,0.0005589783221107657,116849772.5262536
2013-04-04,62.58876800537109,0.0,118.4499969482422,0.0,118.8000030517578,118.1500015258789,118.23999786376952,0.0,862100,0.0005585172873453974,116189889.28105794
2013-04-05,63.39719772338867,0.0,119.9800033569336,0.0,120.08999633789062,119.20999908447266,119.33000183105467,0.0,1060000,0.0005585172873453974,116404905.52535284
2013-04-08,63.661376953125,0.0,120.4800033569336,0.0,120.56999969482422,120.29000091552734,120.4000015258789,0.0,579600,0.0005585172873453974,116547843.35204835
2013-04-09,63.58744812011719,0.0,120.33999633789062,0.0,120.4800033569336,120.30999755859376,120.3499984741211,0.0,647500,0.0006062238339228473,116315583.17756048
2013-04-10,63.619140625,0.0,120.4000015258789,0.0,120.55999755859376,120.2300033569336,120.41999816894533,0.0,647400,0.0006105487662550125,116327321.37034583
2013-04-11,63.76177597045898,0.0,120.66999816894533,0.0,120.70999908447266,120.45999908447266,120.54000091552734,0.0,653700,0.0005121675779184958,116283535.04263863
2013-04-12,63.97843170166016,0.0,121.08000183105467,0.0,121.08000183105467,120.6999969482422,120.8000030517578,0.0,806300,0.0005121675779184958,116833020.42170328
2013-04-15,63.70367431640625,0.0,120.55999755859376,0.0,120.97000122070312,120.51000213623048,120.94000244140624,0.0,462100,0.0006188571295427572,116933970.10044521
2013-04-16,63.619140625,0.0,120.4000015258789,0.0,120.66999816894533,120.3499984741211,120.5999984741211,0.0,1375900,0.0006188571295427572,117589580.04827347
2013-04-17,63.46064376831055,0.0,120.0999984741211,0.0,120.1999969482422,119.8499984741211,120.12000274658205,0.0,1258300,0.0005613823570506382,118130432.061483
2013-04-18,63.33909606933594,0.0,119.87000274658205,0.0,120.2300033569336,119.83999633789062,120.12000274658205,0.0,772000,0.0006630200143351993,118006121.11951435
2013-04-19,63.50288009643555,0.0,120.18000030517578,0.0,120.1999969482422,119.8499984741211,119.97000122070312,0.0,353500,0.0007354383067262151,117625341.84696259
2013-04-22,63.59801483154297,0.0,120.36000061035156,0.0,120.36000061035156,120.19000244140624,120.20999908447266,0.0,472700,0.0006991529645355027,117542450.98548768
2013-04-23,63.71957015991211,0.0,120.58999633789062,0.0,120.73999786376952,120.4800033569336,120.58999633789062,0.0,700600,0.0006313344884159818,116506128.39056347
2013-04-24,63.77769088745117,0.0,120.6999969482422,0.0,120.80999755859376,120.6500015258789,120.77999877929688,0.0,696300,0.0006129201446168893,116060811.13630022
2013-04-25,63.7142448425293,0.0,120.58000183105467,0.0,120.7699966430664,120.55999755859376,120.70999908447266,0.0,525900,0.0005920004365767662,115742674.71671331
2013-04-26,63.677242279052734,0.0,120.51000213623048,0.0,120.62000274658205,120.4800033569336,120.56999969482422,0.0,1013300,0.0005568877738610589,116203144.0307496
2013-04-29,63.89921951293945,0.0,120.93000030517578,0.0,120.9499969482422,120.6999969482422,120.6999969482422,0.0,817600,0.0005508816463715803,116251123.58953688
2013-04-30,64.14750671386719,0.0,121.4000015258789,0.0,121.4000015258789,121.0500030517578,121.08999633789062,0.0,608000,0.0005508816463715803,116396624.99152894
2013-05-01,64.24882507324219,0.0,121.18000030517578,0.411,121.26000213623048,120.9499969482422,121.08999633789062,0.0,342500,0.0006678997664584321,116311362.58898538
2013-05-02,64.5138931274414,0.0,121.68000030517578,0.0,121.69000244140624,121.41999816894533,121.5,0.0,261200,0.0006678997664584321,115879593.81057496
2013-05-03,64.3548355102539,0.0,121.37999725341795,0.0,121.80999755859376,121.3000030517578,121.80999755859376,0.0,780400,0.0007344980528569046,115879520.47232977
2013-05-06,64.2965316772461,0.0,121.2699966430664,0.0,121.4000015258789,121.1500015258789,121.29000091552734,0.0,543600,0.0007344980528569046,115928798.43921964
2013-05-07,64.1321792602539,0.0,120.95999908447266,0.0,121.29000091552734,120.9499969482422,121.22000122070312,0.0,870700,0.0006867915062794547,115894958.03167555
2013-05-08,64.17459106445312,0.0,121.04000091552734,0.0,121.08000183105467,120.91000366210938,120.9499969482422,0.0,390200,0.0006456181625517634,115155080.58541313
2013-05-09,64.3654556274414,0.0,121.4000015258789,0.0,121.41999816894533,121.1500015258789,121.1500015258789,0.0,331500,0.0006456181625517634,114362646.9396561
2013-05-10,63.888282775878906,0.0,120.5,0.0,121.0500030517578,120.47000122070312,121.02999877929688,0.0,723500,0.0006851398136333837,113728350.90155223
2013-05-13,63.46944046020508,0.0,119.70999908447266,0.0,120.3499984741211,119.68000030517578,120.2300033569336,0.0,1130500,0.0005487166765270087,114406989.07786173
2013-05-14,63.43759536743164,0.0,119.6500015258789,0.0,119.97000122070312,119.5500030517578,119.6999969482422,0.0,624700,0.0005487166765270087,114536099.52775864
2013-05-15,63.25202178955078,0.0,119.3000030517578,0.0,119.62000274658205,119.25,119.5999984741211,0.0,402900,0.0005487166765270087,114477053.00316584
2013-05-16,63.47473907470703,0.0,119.72000122070312,0.0,119.86000061035156,119.31999969482422,119.4000015258789,0.0,796400,0.00047925019294565486,114839078.32437545
2013-05-17,63.40048599243164,0.0,119.58000183105467,0.0,120.0199966430664,119.55999755859376,120.0199966430664,0.0,822900,0.00035388192887616523,115088990.56375292
2013-05-20,63.230838775634766,0.0,119.26000213623048,0.0,119.75,119.26000213623048,119.5500030517578,0.0,680500,0.00035388192887616523,115222000.87022933
2013-05-21,63.16193771362305,0.0,119.12999725341795,0.0,119.36000061035156,119.05999755859376,119.33999633789062,0.0,437600,0.00035388192887616523,114758962.07497612
2013-05-22,63.13538360595703,0.0,119.08000183105467,0.0,119.66000366210938,119.0500030517578,119.4000015258789,0.0,373400,0.0003893281571735568,114510046.890283
2013-05-23,62.74836730957031,0.0,118.3499984741211,0.0,118.66999816894533,118.16000366210938,118.5,0.0,536700,0.0003753292156869324,114160847.320926
2013-05-24,62.4567756652832,0.0,117.8000030517578,0.0,118.20999908447266,117.79000091552734,118.11000061035156,0.0,743200,0.0003753292156869324,114007658.04065523
2013-05-28,62.027320861816406,0.0,116.98999786376952,0.0,117.87999725341795,116.98999786376952,117.87999725341795,0.0,1013400,0.00036877982599893024,113767249.68807887
2013-05-29,61.43877029418945,0.0,115.87999725341795,0.0,116.2300033569336,115.70999908447266,116.12000274658205,0.0,1214600,0.00036877982599893024,113708249.21420869
2013-05-30,61.36984252929688,0.0,115.75,0.0,115.93000030517578,115.52999877929688,115.6999969482422,0.0,1029100,0.00025176170591207855,112426765.0668553
2013-05-31,60.98812103271485,0.0,115.02999877929688,0.0,115.77999877929688,114.66000366210938,115.68000030517578,0.0,1157900,0.00025176170591207855,112215592.73973495
2013-06-03,61.004093170166016,0.0,114.6500015258789,0.41,114.68000030517578,113.37999725341795,114.2300033569336,0.0,1906300,0.00018516341951360597,112518713.06878348
2013-06-04,60.97212219238281,0.0,114.58999633789062,0.0,114.87999725341795,114.5,114.62999725341795,0.0,735700,0.00018516341951360597,111551986.12776862
2013-06-05,60.56775665283203,0.0,113.83000183105467,0.0,114.55999755859376,113.70999908447266,114.3499984741211,0.0,1090000,0.00018516341951360597,111302427.5478908
2013-06-06,60.6582260131836,0.0,114.0,0.0,114.02999877929688,112.72000122070312,113.5,0.0,1740200,0.00018501117950371892,111818457.71191914
2013-06-07,60.32833480834961,0.0,113.37999725341795,0.0,113.9800033569336,113.0199966430664,113.6500015258789,0.0,1327300,0.0005186667652551534,112067917.5721547
2013-06-10,59.727081298828125,0.0,112.25,0.0,113.11000061035156,111.87999725341795,113.11000061035156,0.0,1366700,0.00047914511417353314,111904940.9850711
2013-06-11,58.45005416870117,0.0,109.8499984741211,0.0,111.26000213623048,109.5,110.5199966430664,0.0,2768500,0.00047914511417353314,113806520.1182108
2013-06-12,59.15769958496094,0.0,111.18000030517578,0.0,111.68000030517578,110.94000244140624,110.95999908447266,0.0,1358900,0.0006428058850599923,114166163.80904667
2013-06-13,60.2431755065918,0.0,113.22000122070312,0.0,113.5199966430664,111.23999786376952,111.31999969482422,0.0,1531000,0.0006428058850599923,114744327.35165793
2013-06-14,60.58374786376953,0.0,113.86000061035156,0.0,114.72000122070312,113.30999755859376,114.16000366210938,0.0,1805600,0.0005774782949034311,115633230.67231557
2013-06-17,60.2059440612793,0.0,113.1500015258789,0.0,114.5500030517578,113.0999984741211,114.18000030517578,0.0,1061100,0.0009944711821860365,115879756.34034172
2013-06-18,59.47695541381836,0.0,111.77999877929688,0.0,112.79000091552734,111.7300033569336,112.66000366210938,0.0,2328200,0.0009944711821860365,116927242.30509561
2013-06-19,58.77993774414063,0.0,110.47000122070312,0.0,112.51000213623048,110.08999633789062,112.5,0.0,2628500,0.0009944711821860365,118329568.08463807
2013-06-20,57.06661987304688,0.0,107.25,0.0,108.12000274658205,105.8000030517578,108.11000061035156,0.0,3381800,0.0009237350535889246,120186841.02851625
2013-06-21,56.140769958496094,0.0,105.51000213623048,0.0,108.47000122070312,104.7699966430664,107.70999908447266,0.0,3742200,0.0016746511563638146,122787626.09063406
2013-06-24,55.17241287231445,0.0,103.69000244140624,0.0,104.9800033569336,101.1999969482422,103.5,0.0,2825300,0.0016746511563638146,123839503.72630528
2013-06-25,56.41213607788086,0.0,106.0199966430664,0.0,106.41000366210938,105.23999786376952,105.75,0.0,1038200,0.0018772279497898023,123916922.53595988
2013-06-26,56.98678207397461,0.0,107.0999984741211,0.0,107.8499984741211,106.83999633789062,107.25,0.0,1556100,0.0018772279497898023,125022759.1535114
2013-06-27,58.12019729614258,0.0,109.2300033569336,0.0,109.2300033569336,108.16999816894533,108.30999755859376,0.0,966800,0.002039160942837509,125618855.59257023
2013-06-28,58.2797737121582,0.0,109.52999877929688,0.0,109.91999816894533,108.29000091552734,108.9000015258789,0.0,1356300,0.0022554968962215398,125880014.46495056
2013-07-01,58.696533203125,0.0,109.87000274658205,0.44,110.12999725341795,109.11000061035156,109.11000061035156,0.0,523300,0.002346278526759682,125839283.69064331
2013-07-02,58.97426223754883,0.0,110.38999938964844,0.0,111.11000061035156,109.44000244140624,110.4499969482422,0.0,1218100,0.002346278526759682,126582250.5553412
2013-07-03,58.3919792175293,0.0,109.3000030517578,0.0,109.52999877929688,109.06999969482422,109.3499984741211,0.0,443100,0.002414497785763382,125700728.5943107
2013-07-05,57.227325439453125,0.0,107.12000274658205,0.0,108.5199966430664,106.5500030517578,107.66999816894533,0.0,751800,0.002414497785763382,124855074.5738741
2013-07-08,57.78830337524414,0.0,108.16999816894533,0.0,108.33000183105467,107.37000274658205,107.48999786376952,0.0,710300,0.0023291488125987856,124217911.20914882
2013-07-09,57.83102798461914,0.0,108.25,0.0,108.81999969482422,108.08000183105467,108.41000366210938,0.0,482600,0.0023291488125987856,123404736.26226395
2013-07-10,57.22200775146485,0.0,107.11000061035156,0.0,108.31999969482422,107.11000061035156,108.08000183105467,0.0,1235200,0.0023291488125987856,123072180.93146066
2013-07-11,58.231693267822266,0.0,109.0,0.0,109.48999786376952,108.56999969482422,109.08000183105467,0.0,833500,0.002513765969032871,122402869.00584508
2013-07-12,57.75089263916016,0.0,108.0999984741211,0.0,109.5199966430664,107.91999816894533,109.2699966430664,0.0,1112200,0.0027850525502677538,122598515.52102831
2013-07-15,58.38660430908203,0.0,109.29000091552734,0.0,109.5,108.8000030517578,108.87000274658205,0.0,769500,0.002948400002996874,122138115.24204072
2013-07-16,58.80867767333984,0.0,110.08000183105467,0.0,110.12999725341795,109.8000030517578,109.83999633789062,0.0,476900,0.002521981306045843,121524174.57490346
2013-07-17,59.28950500488281,0.0,110.9800033569336,0.0,111.05999755859376,110.5199966430664,110.73999786376952,0.0,427300,0.002521981306045843,120789233.91763596
2013-07-18,59.594017028808594,0.0,111.5500030517578,0.0,111.9800033569336,111.23999786376952,111.48999786376952,0.0,351700,0.002521981306045843,119618808.87273759
2013-07-19,59.67414855957031,0.0,111.6999969482422,0.0,111.83999633789062,111.5,111.69000244140624,0.0,285700,0.002602331605588874,117301427.45220245
2013-07-22,59.58333587646485,0.0,111.52999877929688,0.0,112.12999725341795,111.4800033569336,112.0199966430664,0.0,2617200,0.0019418283879896272,118435828.37700617
2013-07-23,59.83439254760742,0.0,112.0,0.0,112.0,111.75,111.75,0.0,707500,0.0019920758690011573,118078873.93996224
2013-07-24,59.2734489440918,0.0,110.9499969482422,0.0,111.4800033569336,110.83000183105467,111.3499984741211,0.0,1187900,0.0018395008173890909,118529262.46772645
2013-07-25,59.32688522338867,0.0,111.0500030517578,0.0,111.27999877929688,110.36000061035156,110.4499969482422,0.0,1447300,0.001846393179122921,119309640.09059119
2013-07-26,59.11854553222656,0.0,110.66000366210938,0.0,111.08000183105467,110.6500015258789,110.80999755859376,0.0,571500,0.001788435108652145,118746851.033347
2013-07-29,58.89948654174805,0.0,110.25,0.0,110.97000122070312,110.25,110.94000244140624,0.0,212000,0.00158141201992055,117352717.39055088
2013-07-30,58.81402969360352,0.0,110.08999633789062,0.0,110.56999969482422,110.0199966430664,110.30999755859376,0.0,292900,0.0014906303893824076,116705145.31507947
2013-07-31,58.370635986328125,0.0,109.26000213623048,0.0,109.51000213623048,108.8000030517578,109.33000183105467,0.0,924300,0.0014906303893824076,115370378.7801894
2013-08-01,58.233795166015625,0.0,108.5500030517578,0.455,109.44000244140624,108.4800033569336,109.06999969482422,0.0,262300,0.001603657003510508,112940066.9566321
2013-08-02,58.963417053222656,0.0,109.91000366210938,0.0,109.91000366210938,108.5500030517578,108.58999633789062,0.0,472000,0.0018640236367651684,110425846.63352361
2013-08-05,58.53959274291992,0.0,109.12000274658205,0.0,109.76000213623048,109.0199966430664,109.43000030517578,0.0,464700,0.00182269338433639,109647242.56663853
2013-08-06,58.55566787719727,0.0,109.1500015258789,0.0,109.33999633789062,108.95999908447266,109.02999877929688,0.0,340200,0.0018580355245662542,109026134.4637674
2013-08-07,58.41619873046875,0.0,108.88999938964844,0.0,109.12999725341795,108.80999755859376,109.02999877929688,0.0,181200,0.0018580355245662547,108600209.42423987
2013-08-08,58.50737762451172,0.0,109.05999755859376,0.0,109.16999816894533,108.83999633789062,108.91999816894533,0.0,436100,0.0016201599195578326,108323113.09294322
2013-08-09,58.89368438720703,0.0,109.77999877929688,0.0,109.79000091552734,109.08999633789062,109.37000274658205,0.0,472300,0.0013488733383229502,107940179.55879939
2013-08-12,58.86683654785156,0.0,109.7300033569336,0.0,109.8499984741211,109.61000061035156,109.72000122070312,0.0,241300,0.0011855258855938302,107502880.0198449
2013-08-13,58.38401794433594,0.0,108.83000183105467,0.0,109.45999908447266,108.8000030517578,109.25,0.0,274800,0.0011855258855938302,107120464.25404625
2013-08-14,58.28744888305664,0.0,108.6500015258789,0.0,108.97000122070312,108.61000061035156,108.91999816894533,0.0,676200,0.0011855258855938302,106987348.50216214
2013-08-15,58.14259719848633,0.0,108.37999725341795,0.0,108.5,107.9800033569336,108.18000030517578,0.0,398400,0.0011855258855938302,106741435.76222375
2013-08-16,57.80462646484375,0.0,107.75,0.0,108.33999633789062,107.62999725341795,108.0999984741211,0.0,470000,0.0011609373599883767,106758265.49642049
2013-08-19,57.30031967163086,0.0,106.80999755859376,0.0,107.01000213623048,106.6999969482422,107.01000213623048,0.0,441800,0.0010705244748127332,106567807.91785225
2013-08-20,57.11255645751953,0.0,106.45999908447266,0.0,106.6999969482422,106.37999725341795,106.5199966430664,0.0,876000,0.0010202769938012035,106651407.93817309
2013-08-21,56.93017578125,0.0,106.12000274658205,0.0,106.4499969482422,106.05999755859376,106.31999969482422,0.0,429800,0.000970275251987282,105112312.38469926
2013-08-22,57.0106315612793,0.0,106.2699966430664,0.0,106.41000366210938,105.68000030517578,105.70999908447266,0.0,308400,0.001028760860305233,104003831.79975842
2013-08-23,57.32717514038086,0.0,106.86000061035156,0.0,106.88999938964844,106.4499969482422,106.4499969482422,0.0,421000,0.0009247859377283025,103340355.14826094
2013-08-26,57.42910003662109,0.0,107.0500030517578,0.0,107.30999755859376,106.83999633789062,106.98999786376952,0.0,694400,0.0009154730730758665,102893854.89526173
2013-08-27,57.19308471679688,0.0,106.61000061035156,0.0,106.75,106.3000030517578,106.75,0.0,485000,0.0009154730730758665,102193873.46452986
2013-08-28,56.83897399902344,0.0,105.9499969482422,0.0,106.38999938964844,105.9000015258789,106.26000213623048,0.0,294700,0.0009554632417632834,101947312.40149604
2013-08-29,56.88188552856445,0.0,106.02999877929688,0.0,106.19000244140624,105.95999908447266,106.0,0.0,275600,0.0008326366533091444,98677811.94644505
2013-08-30,56.9516716003418,0.0,106.16000366210938,0.0,106.16000366210938,105.7699966430664,105.97000122070312,0.0,263300,0.0006095311468102083,97955487.31674922
2013-09-03,56.52649688720703,0.0,104.91000366210938,0.461,105.97000122070312,104.87000274658205,105.4000015258789,0.0,525900,0.00047874210401739164,97167958.58747694
2013-09-04,56.53186798095703,0.0,104.91999816894533,0.0,105.37999725341795,104.91999816894533,104.98999786376952,0.0,787000,0.0005496385042790036,97169385.67084055
2013-09-05,56.60734558105469,0.0,105.05999755859376,0.0,105.13999938964844,104.5999984741211,104.93000030517578,0.0,527800,0.0005496385042790036,96847996.39305235
2013-09-06,57.09769058227539,0.0,105.97000122070312,0.0,105.9800033569336,105.25,105.31999969482422,0.0,1185100,0.00043923618196688077,96110105.85978675
2013-09-09,57.03839111328125,0.0,105.86000061035156,0.0,106.4000015258789,105.81999969482422,106.0999984741211,0.0,1248300,0.00043923618196688077,96378159.03815618
2013-09-10,56.76897430419922,0.0,105.36000061035156,0.0,106.0,105.26000213623048,105.9800033569336,0.0,1065300,0.00043923618196688077,96605047.35330854
2013-09-11,57.11381530761719,0.0,106.0,0.0,106.16999816894533,105.5999984741211,105.5999984741211,0.0,524500,0.0006609651786656886,96482646.21547517
2013-09-12,57.4155502319336,0.0,106.55999755859376,0.0,106.6999969482422,106.37000274658205,106.37999725341795,0.0,657200,0.0006609651786656886,96403258.47530667
2013-09-13,57.323917388916016,0.0,106.38999938964844,0.0,106.72000122070312,106.37000274658205,106.43000030517578,0.0,423300,0.0008094482377126826,95866009.95044406
2013-09-16,57.92203903198242,0.0,107.5,0.0,108.12999725341795,107.29000091552734,107.66000366210938,0.0,1114400,0.0008104843029633306,96350794.57691132
2013-09-17,58.23455810546875,0.0,108.08000183105467,0.0,108.12000274658205,107.4499969482422,107.69000244140624,0.0,323300,0.0010729415019672004,96119144.70064072
2013-09-18,59.61392211914063,0.0,110.63999938964844,0.0,111.1500015258789,108.12000274658205,108.12999725341795,0.0,2166800,0.0010729415019672004,97737377.56333125
2013-09-19,59.32835006713867,0.0,110.11000061035156,0.0,110.8499984741211,110.0,110.8000030517578,0.0,1747700,0.0011999152064651186,98692207.19627501
2013-09-20,59.23131561279297,0.0,109.93000030517578,0.0,110.36000061035156,109.8000030517578,110.30999755859376,0.0,1359600,0.0011345372364133372,99207063.11864701
2013-09-23,59.13436508178711,0.0,109.75,0.0,110.08000183105467,109.68000030517578,109.95999908447266,0.0,1435800,0.0011435689133488928,100046148.94831824
2013-09-24,59.1451416015625,0.0,109.7699966430664,0.0,109.93000030517578,109.41000366210938,109.6500015258789,0.0,981700,0.0011435689133488928,100506675.31463987
2013-09-25,59.08046722412109,0.0,109.6500015258789,0.0,110.02999877929688,109.37999725341795,109.95999908447266,0.0,1243000,0.0013443855061301265,101041727.5910211
2013-09-26,59.17744827270508,0.0,109.83000183105467,0.0,109.83999633789062,109.36000061035156,109.61000061035156,0.0,892100,0.001456497921907407,101239686.95085314
2013-09-27,58.7949333190918,0.0,109.12000274658205,0.0,109.38999938964844,109.0,109.25,0.0,498600,0.0015504955670705564,100791163.77231053
2013-09-30,58.74640655517578,0.0,109.02999877929688,0.0,109.08000183105467,108.55999755859376,108.83999633789062,0.0,458800,0.001513234440314832,100474490.38794987
2013-10-01,58.82918548583984,0.0,108.75,0.433,108.75,108.26000213623048,108.58000183105467,0.0,610600,0.0016306723122137333,100049671.4905754
2013-10-02,58.69393157958984,0.0,108.5,0.0,108.9000015258789,108.5,108.8499984741211,0.0,217800,0.001524433771722257,99426779.0908208
2013-10-03,58.66149139404297,0.0,108.44000244140624,0.0,108.68000030517578,108.31999969482422,108.5500030517578,0.0,437300,0.001524433771722257,98793779.16629125
2013-10-04,58.812965393066406,0.0,108.72000122070312,0.0,108.76000213623048,108.48999786376952,108.5199966430664,0.0,353700,0.001591117225972499,98544763.72570461
2013-10-07,59.05636215209961,0.0,109.16999816894533,0.0,109.26000213623048,108.81999969482422,109.0,0.0,969400,0.001591117225972499,98766265.69869027
2013-10-08,59.20783996582031,0.0,109.4499969482422,0.0,109.4800033569336,109.04000091552734,109.41999816894533,0.0,243300,0.001591117225972499,98358981.75638592
2013-10-09,59.1645736694336,0.0,109.37000274658205,0.0,109.66999816894533,109.37000274658205,109.63999938964844,0.0,156200,0.001369388229273691,97868518.39627463
2013-10-10,59.2619514465332,0.0,109.5500030517578,0.0,109.69000244140624,109.44000244140624,109.62000274658205,0.0,176400,0.001469190655962067,97247072.48406789
2013-10-11,59.40801239013672,0.0,109.81999969482422,0.0,110.0999984741211,109.7699966430664,109.9499969482422,0.0,473400,0.0013207075969150727,97217532.90457347
2013-10-14,59.47831726074219,0.0,109.9499969482422,0.0,110.0,109.62999725341795,109.83000183105467,0.0,182000,0.0012922236191803208,96061600.6612808
2013-10-15,59.456668853759766,0.0,109.91000366210938,0.0,110.0999984741211,109.56999969482422,109.86000061035156,0.0,435000,0.0011577084479576737,95241672.27646358
2013-10-16,59.74882125854492,0.0,110.4499969482422,0.0,110.5,109.97000122070312,110.01000213623048,0.0,408600,0.0011577084479576737,94865404.23386589
2013-10-17,60.25187683105469,0.0,111.37999725341795,0.0,111.37999725341795,110.63999938964844,110.63999938964844,0.0,792600,0.0010307347434597557,95228865.78716096
2013-10-18,60.28974533081055,0.0,111.4499969482422,0.0,111.77999877929688,111.43000030517578,111.7300033569336,0.0,740800,0.0010307347434597557,95432579.95740497
2013-10-21,60.16535568237305,0.0,111.22000122070312,0.0,111.8000030517578,111.16999816894533,111.8000030517578,0.0,316300,0.0011197029775811228,95041258.80622864
2013-10-22,60.28435516357422,0.0,111.44000244140624,0.0,111.6999969482422,111.4000015258789,111.56999969482422,0.0,2200000,0.001193235847755166,96320025.45302255
2013-10-23,60.45744705200195,0.0,111.76000213623048,0.0,111.91999816894533,111.6500015258789,111.7699966430664,0.0,515900,0.0010936830516528428,96274342.61285691
2013-10-24,60.403358459472656,0.0,111.66000366210938,0.0,111.98999786376952,111.62000274658205,111.9800033569336,0.0,601000,0.001036662026981753,95837794.0179068
2013-10-25,60.39797592163086,0.0,111.6500015258789,0.0,111.75,111.48999786376952,111.52999877929688,0.0,344100,0.0008842450971409428,95358003.52009365
2013-10-28,60.43583297729492,0.0,111.72000122070312,0.0,111.73999786376952,111.55999755859376,111.68000030517578,0.0,846300,0.0009450222297245848,95522586.34632656
2013-10-29,60.20323944091797,0.0,111.29000091552734,0.0,111.4000015258789,111.19000244140624,111.36000061035156,0.0,332300,0.0008017664084123058,95486693.62568931
2013-10-30,60.02467727661133,0.0,110.95999908447266,0.0,111.5500030517578,110.77999877929688,111.43000030517578,0.0,707700,0.0008322335245440108,95857674.38181922
2013-10-31,60.235687255859375,0.0,111.3499984741211,0.0,111.54000091552734,111.23999786376952,111.37999725341795,0.0,301700,0.0008935115547731882,95372510.45073251
2013-11-01,59.91358947753906,0.0,110.31999969482422,0.437,110.87999725341795,110.30999755859376,110.83999633789062,0.0,1301800,0.0008268281005229464,95989115.25571309
2013-11-04,59.90274429321289,0.0,110.3000030517578,0.0,110.37999725341795,110.13999938964844,110.16999816894533,0.0,618900,0.0008268281005229464,95695026.37226771
2013-11-05,59.59320068359375,0.0,109.7300033569336,0.0,110.0,109.54000091552734,110.0,0.0,609200,0.0008268281005229464,95850722.48090108
2013-11-06,59.54973220825195,0.0,109.6500015258789,0.0,109.8000030517578,109.54000091552734,109.5999984741211,0.0,248500,0.0009021682087992031,95747579.027515
2013-11-07,59.4085578918457,0.0,109.38999938964844,0.0,109.87000274658205,109.38999938964844,109.83000183105467,0.0,622700,0.0008748705491789599,95596272.69910176
2013-11-08,58.95235824584961,0.0,108.5500030517578,0.0,109.05999755859376,108.33000183105467,108.9800033569336,0.0,1973700,0.0008748705491789599,96222566.24718317
2013-11-11,58.6102180480957,0.0,107.91999816894533,0.0,108.33999633789062,107.91000366210938,108.22000122070312,0.0,374700,0.0008465566877254863,95950282.65480769
2013-11-12,58.22460174560547,0.0,107.20999908447266,0.0,107.6500015258789,107.18000030517578,107.51000213623048,0.0,431200,0.0007186146599442636,95935703.13397968
2013-11-13,58.45269775390625,0.0,107.62999725341795,0.0,107.70999908447266,107.3000030517578,107.30999755859376,0.0,670400,0.0008913346367264326,95751656.63546002
2013-11-14,58.843746185302734,0.0,108.3499984741211,0.0,108.38999938964844,107.83999633789062,108.05999755859376,0.0,604800,0.0008913346367264326,95490765.33046299
2013-11-15,59.14243698120117,0.0,108.9000015258789,0.0,109.04000091552734,108.47000122070312,108.62000274658205,0.0,667900,0.0008913346367264326,95423923.10479179
2013-11-18,59.435665130615234,0.0,109.44000244140624,0.0,109.72000122070312,109.25,109.25,0.0,751700,0.00079333472566951,95663087.8908006
2013-11-19,58.968631744384766,0.0,108.58000183105467,0.0,109.4000015258789,108.52999877929688,109.33000183105467,0.0,686500,0.0007198018554954672,95901783.91122364
2013-11-20,58.80569076538086,0.0,108.27999877929688,0.0,108.91000366210938,108.16999816894533,108.66999816894533,0.0,528000,0.0006185380588165561,95851414.03165545
2013-11-21,58.74054718017578,0.0,108.16000366210938,0.0,108.2699966430664,108.0,108.16999816894533,0.0,400100,0.0005234564990229489,95500031.93004547
2013-11-22,58.86546325683594,0.0,108.38999938964844,0.0,108.5999984741211,108.33999633789062,108.44000244140624,0.0,458600,0.0005234564990229489,94953603.27833872
2013-11-25,59.34336853027344,0.0,109.2699966430664,0.0,109.2699966430664,108.72000122070312,108.72000122070312,0.0,1018800,0.0004720307034905823,94720082.86497328
2013-11-26,59.26190948486328,0.0,109.12000274658205,0.0,109.30999755859376,109.0,109.08999633789062,0.0,300700,0.00046732437114483,94035115.08581373
2013-11-27,59.0555305480957,0.0,108.73999786376952,0.0,109.06999969482422,108.52999877929688,108.91999816894533,0.0,548700,0.00043685725501312506,93451562.71471296
2013-11-29,59.01750564575195,0.0,108.66999816894533,0.0,108.76000213623048,108.4000015258789,108.52999877929688,0.0,262100,0.0003755792247839477,91943031.83067565
2013-12-02,58.469688415527344,0.0,107.26000213623048,0.405,108.18000030517578,107.26000213623048,107.83000183105467,0.0,555900,0.0003755792247839477,91747174.48846726
2013-12-03,58.66046524047852,0.0,107.61000061035156,0.0,107.6999969482422,107.22000122070312,107.25,0.0,420600,0.00046303669144903594,91121667.06196618
2013-12-04,58.28978729248047,0.0,106.93000030517578,0.0,107.41999816894533,106.80999755859376,107.2699966430664,0.0,643300,0.000548615097676422,90093137.45241317
2013-12-05,58.54600524902344,0.0,107.4000015258789,0.0,107.4000015258789,107.0,107.0199966430664,0.0,665400,0.0006078545023490206,89465952.45765807
2013-12-06,58.7967414855957,0.0,107.86000061035156,0.0,107.9000015258789,107.37000274658205,107.48999786376952,0.0,733500,0.0005353497352808881,88876295.59613183
2013-12-09,58.96030807495117,0.0,108.16000366210938,0.0,108.20999908447266,107.72000122070312,107.72000122070312,0.0,937400,0.0005353497352808881,87267323.10928465
2013-12-10,59.20017623901367,0.0,108.5999984741211,0.0,108.63999938964844,108.33000183105467,108.4800033569336,0.0,850700,0.0005353497352808881,86801478.00045316
2013-12-11,58.91664505004883,0.0,108.08000183105467,0.0,108.88999938964844,108.08000183105467,108.69000244140624,0.0,1213400,0.0005991001857012117,86466592.7016667
2013-12-12,59.00934600830078,0.0,108.25,0.0,108.33999633789062,108.05999755859376,108.13999938964844,0.0,451400,0.0004566338003028421,85222770.74053931
2013-12-13,59.06388473510742,0.0,108.3499984741211,0.0,108.80999755859376,108.1999969482422,108.68000030517578,0.0,658300,0.0004566338003028421,84835971.83082823
2013-12-16,59.151100158691406,0.0,108.51000213623048,0.0,108.7300033569336,108.41000366210938,108.62999725341795,0.0,379600,0.0005443340732051054,83097433.76458183
2013-12-17,59.30912399291992,0.0,108.8000030517578,0.0,108.9499969482422,108.41000366210938,108.4499969482422,0.0,504300,0.000641920297389593,81228365.85450551
2013-12-18,59.298282623291016,0.0,108.77999877929688,0.0,109.31999969482422,108.31999969482422,108.6500015258789,0.0,992200,0.000793682614122834,79206409.22584534
2013-12-19,59.19468688964844,0.0,108.58999633789062,0.0,108.93000030517578,108.51000213623048,108.72000122070312,0.0,447000,0.0008877134991739008,76457998.10178848
2013-12-20,59.32551956176758,0.0,108.83000183105467,0.0,109.0,108.66000366210938,108.66000366210938,0.0,611700,0.0010212698679868443,74661299.27815634
2013-12-23,59.48905944824219,0.0,109.12999725341795,0.0,109.1999969482422,108.80999755859376,108.80999755859376,0.0,428700,0.0010212698679868443,74159029.98694769
2013-12-24,59.47811126708984,0.0,109.11000061035156,0.0,109.25,108.9800033569336,109.25,0.0,198400,0.0010498826570846938,73008149.9591343
2013-12-26,59.38893127441406,0.0,108.52999877929688,0.417,108.9000015258789,108.38999938964844,108.77999877929688,0.0,457500,0.0010042196214785797,72564093.66703942
2013-12-27,59.31784057617188,0.0,108.4000015258789,0.0,108.47000122070312,108.08000183105467,108.13999938964844,0.0,870900,0.0010042196214785797,72134331.9526309
2013-12-30,59.306884765625,0.0,108.37999725341795,0.0,108.55999755859376,108.26000213623048,108.5,0.0,600900,0.0010176078509930183,72194892.01542687
2013-12-31,59.18647384643555,0.0,108.16000366210938,0.0,108.5,108.16000366210938,108.38999938964844,0.0,309800,0.001077106155177285,71393637.33985537
2014-01-02,59.19744491577149,0.0,108.18000030517578,0.0,108.29000091552734,107.95999908447266,108.1500015258789,0.0,841500,0.0009896486885121968,71731753.5216377
2014-01-03,59.25213623046875,0.0,108.27999877929688,0.0,108.37000274658205,108.1500015258789,108.36000061035156,0.0,442000,0.0009040702822848109,71472443.53271364
2014-01-06,59.48745727539063,0.0,108.70999908447266,0.0,108.77999877929688,108.37999725341795,108.51000213623048,0.0,534100,0.0007694907693359552,71323466.23756772
2014-01-07,59.56404495239258,0.0,108.8499984741211,0.0,108.9000015258789,108.6999969482422,108.83999633789062,0.0,902000,0.0007694907693359552,71688079.32188246
2014-01-08,59.23570251464844,0.0,108.25,0.0,108.69000244140624,108.23999786376952,108.69000244140624,0.0,665400,0.0007694907693359552,71209724.37939113
2014-01-09,59.27949523925781,0.0,108.33000183105467,0.0,108.45999908447266,108.26000213623048,108.38999938964844,0.0,746500,0.0008168195823091128,71130493.00135052
2014-01-10,59.53120040893555,0.0,108.79000091552734,0.0,108.9000015258789,108.4800033569336,108.62000274658205,0.0,1398300,0.0007530691318887892,71383606.0170431
2014-01-13,59.5804557800293,0.0,108.87999725341795,0.0,109.01000213623048,108.75,108.9800033569336,0.0,1013500,0.0007228155405049897,71591949.04491486
2014-01-14,59.63518905639648,0.0,108.9800033569336,0.0,109.02999877929688,108.73999786376952,108.73999786376952,0.0,385700,0.000833117507151184,71508904.87365723
2014-01-15,59.64611053466797,0.0,109.0,0.0,109.0199966430664,108.81999969482422,108.81999969482422,0.0,284000,0.0008144168433738676,71378224.27497137
2014-01-16,59.70085144042969,0.0,109.0999984741211,0.0,109.22000122070312,109.02999877929688,109.02999877929688,0.0,428000,0.00071683061918938,71437451.76126994
2014-01-17,59.73366928100586,0.0,109.16000366210938,0.0,109.2699966430664,109.06999969482422,109.20999908447266,0.0,311100,0.0006047344898398253,71453697.69786653
2014-01-21,59.607852935791016,0.0,108.93000030517578,0.0,109.13999938964844,108.8499984741211,109.0999984741211,0.0,724500,0.0005107036047887583,69763407.79640561
2014-01-22,59.42724990844727,0.0,108.5999984741211,0.0,108.9000015258789,108.56999969482422,108.9000015258789,0.0,643600,0.00037714723597581494,69689240.80448453
2014-01-23,59.17555236816406,0.0,108.13999938964844,0.0,108.5,108.02999877929688,108.5,0.0,1222800,0.00037714723597581494,69692701.83526902
2014-01-24,58.85270309448242,0.0,107.5500030517578,0.0,107.95999908447266,107.5500030517578,107.95999908447266,0.0,678600,0.0003391831098266902,68996358.68173024
2014-01-27,58.78701400756836,0.0,107.43000030517578,0.0,107.75,107.41999816894533,107.75,0.0,396700,0.0003391831098266902,68832670.49941412
2014-01-28,59.11532211303711,0.0,108.02999877929688,0.0,108.02999877929688,107.6999969482422,107.6999969482422,0.0,672000,0.0004813220333042451,69223330.4929037
2014-01-29,58.962158203125,0.0,107.75,0.0,108.04000091552734,107.5999984741211,107.87000274658205,0.0,1109600,0.0005909933112275001,69916299.06490871
2014-01-30,58.84720993041992,0.0,107.54000091552734,0.0,107.83999633789062,107.41000366210938,107.66999816894533,0.0,891800,0.0005314950070432333,69875943.13508292
2014-01-31,58.7049560546875,0.0,107.27999877929688,0.0,107.44000244140624,106.94000244140624,107.0999984741211,0.0,806000,0.0005314950070432333,70336221.0177467
2014-02-03,58.612091064453125,0.0,106.69000244140624,0.421,107.12000274658205,106.69000244140624,107.0500030517578,0.0,730000,0.0006098121597873105,70542619.27214123
2014-02-04,59.0021858215332,0.0,107.4000015258789,0.0,107.48999786376952,107.23999786376952,107.33000183105467,0.0,760700,0.0006860279990439046,70788580.509319
2014-02-05,59.17793655395508,0.0,107.72000122070312,0.0,108.0500030517578,107.5500030517578,107.5500030517578,0.0,1005300,0.0006860279990439046,71353327.22922431
2014-02-06,59.29331207275391,0.0,107.93000030517578,0.0,108.1999969482422,107.91999816894533,108.18000030517578,0.0,901100,0.0007677542961497053,71968603.85926868
2014-02-07,59.661380767822266,0.0,108.5999984741211,0.0,108.61000061035156,108.04000091552734,108.04000091552734,0.0,471600,0.0007820068845533501,71997609.369944
2014-02-10,59.562530517578125,0.0,108.41999816894533,0.0,108.79000091552734,108.41999816894533,108.58999633789062,0.0,603900,0.0007820068845533501,72105750.19114055
2014-02-11,59.6009635925293,0.0,108.48999786376952,0.0,108.79000091552734,108.43000030517578,108.58000183105467,0.0,830700,0.0009445559902526842,72610867.58332631
2014-02-12,59.59542465209961,0.0,108.4800033569336,0.0,108.76000213623048,108.41999816894533,108.72000122070312,0.0,1621400,0.0009734065182330897,73769462.76538788
2014-02-13,59.58995056152344,0.0,108.47000122070312,0.0,108.5,107.81999969482422,107.81999969482422,0.0,1264000,0.0009044069091081426,74274517.92817494
2014-02-14,59.62290954589844,0.0,108.52999877929688,0.0,108.54000091552734,108.31999969482422,108.43000030517578,0.0,475900,0.0009044069091081426,74341746.78145514
2014-02-18,59.62842178344727,0.0,108.54000091552734,0.0,108.9499969482422,108.25,108.3499984741211,0.0,660500,0.0009023781783515482,74508795.75450836
2014-02-19,59.54603958129883,0.0,108.38999938964844,0.0,108.6500015258789,108.25,108.45999908447266,0.0,806300,0.0010207562524935784,74827892.57662334
2014-02-20,59.46360778808594,0.0,108.23999786376952,0.0,108.33000183105467,108.1500015258789,108.27999877929688,0.0,491800,0.0010207562524935784,74510221.7175075
2014-02-21,59.72729110717773,0.0,108.72000122070312,0.0,108.80999755859376,108.5500030517578,108.58000183105467,0.0,860500,0.0010207562524935784,74890723.1767927
2014-02-24,60.07894134521485,0.0,109.36000061035156,0.0,109.41999816894533,109.12000274658205,109.2300033569336,0.0,717500,0.0010207562524935784,75253359.15673877
2014-02-25,60.1338119506836,0.0,109.45999908447266,0.0,109.61000061035156,108.45999908447266,109.47000122070312,0.0,600400,0.0010631821086770645,75417896.64240035
2014-02-26,60.12835693359375,0.0,109.4499969482422,0.0,109.56999969482422,109.36000061035156,109.54000091552734,0.0,675800,0.0009419320790818054,75414966.37111846
2014-02-27,60.40850067138672,0.0,109.95999908447266,0.0,109.97000122070312,109.62000274658205,109.73999786376952,0.0,647800,0.0008188725716441119,75569936.50691925
2014-02-28,60.72716522216797,0.0,110.54000091552734,0.0,110.54000091552734,110.02999877929688,110.16999816894533,0.0,866100,0.0008188725716441119,76081962.14733426
2014-03-03,60.18169021606445,0.0,109.12000274658205,0.431,109.4000015258789,109.0199966430664,109.36000061035156,0.0,696000,0.0009566436336357752,76452800.67311242
2014-03-04,60.578834533691406,0.0,109.83999633789062,0.0,109.86000061035156,109.54000091552734,109.62999725341795,0.0,1571100,0.0009631392222294668,77600560.11186025
2014-03-05,60.644962310791016,0.0,109.95999908447266,0.0,109.98999786376952,109.77999877929688,109.9499969482422,0.0,833500,0.0008869233829728726,77890079.86036028
2014-03-06,60.52365112304688,0.0,109.73999786376952,0.0,109.94000244140624,109.70999908447266,109.87999725341795,0.0,433900,0.0009434428322076243,77612652.45174226
2014-03-07,60.418853759765625,0.0,109.5500030517578,0.0,109.69000244140624,109.27999877929688,109.68000030517578,0.0,772700,0.0008617165351018235,77844387.53623962
2014-03-10,60.29756164550781,0.0,109.33000183105467,0.0,109.68000030517578,109.2699966430664,109.2699966430664,0.0,751500,0.0009763574429107805,77499756.1705998
2014-03-11,60.18169021606445,0.0,109.12000274658205,0.0,109.45999908447266,109.12000274658205,109.33999633789062,0.0,431000,0.0009763574429107805,76824245.71363056
2014-03-12,60.19274520874024,0.0,109.13999938964844,0.0,109.3000030517578,108.9800033569336,109.12000274658205,0.0,611400,0.0008138083372114463,76463040.84836566
2014-03-13,60.0769157409668,0.0,108.93000030517578,0.0,109.33999633789062,108.9000015258789,109.16000366210938,0.0,448600,0.0007897304570349907,76409620.19865854
2014-03-14,60.20376586914063,0.0,109.16000366210938,0.0,109.3000030517578,108.93000030517578,108.93000030517578,0.0,303000,0.0009389651999294653,76116320.60115148
2014-03-17,60.269962310791016,0.0,109.27999877929688,0.0,109.47000122070312,109.0199966430664,109.37000274658205,0.0,442000,0.0009860826262740317,76142248.16241188
2014-03-18,60.44643020629883,0.0,109.5999984741211,0.0,109.62999725341795,109.4000015258789,109.5,0.0,441900,0.0009653746474704133,75575853.23642549
2014-03-19,60.39130401611328,0.0,109.5,0.0,109.9499969482422,109.33000183105467,109.8499984741211,0.0,930900,0.0008925512208700431,76107530.10474311
2014-03-20,60.352664947509766,0.0,109.43000030517578,0.0,109.5,109.16999816894533,109.25,0.0,676300,0.0008925512208700431,74792234.53751215
2014-03-21,60.269962310791016,0.0,109.27999877929688,0.0,109.5,109.1999969482422,109.4800033569336,0.0,481100,0.0010205717295045063,73682197.70692493
2014-03-24,60.49055099487305,0.0,109.68000030517578,0.0,109.77999877929688,109.45999908447266,109.54000091552734,0.0,605600,0.0010632099179668365,73023161.03843205
2014-03-25,60.65047073364258,0.0,109.97000122070312,0.0,109.98999786376952,109.6999969482422,109.6999969482422,0.0,323300,0.0010207840617833504,72054702.71616739
2014-03-26,60.82696533203125,0.0,110.29000091552734,0.0,110.37000274658205,110.1500015258789,110.1500015258789,0.0,528000,0.0009998951679010544,71661622.67473009
2014-03-27,61.24615097045898,0.0,111.0500030517578,0.0,111.12999725341795,110.66999816894533,110.72000122070312,0.0,978100,0.0009998951679010544,71441964.38971625
2014-03-28,61.21303176879883,0.0,110.98999786376952,0.0,111.45999908447266,110.9000015258789,111.11000061035156,0.0,1205300,0.0009998951679010544,71726066.7690156
2014-03-31,61.45018005371094,0.0,111.41999816894533,0.0,111.4499969482422,110.98999786376952,111.12999725341795,0.0,1410100,0.0010408360492178757,72541194.59479801
2014-04-01,61.80177307128906,0.0,111.62999725341795,0.425,111.62999725341795,111.01000213623048,111.12000274658205,0.0,6149800,0.0010993703154314636,77592616.76677522
2014-04-02,61.475093841552734,0.0,111.04000091552734,0.0,111.36000061035156,111.04000091552734,111.33999633789062,0.0,1235300,0.001183422619317759,78154243.45829071
2014-04-03,61.4141845703125,0.0,110.93000030517578,0.0,110.9800033569336,110.6500015258789,110.95999908447266,0.0,390000,0.0011269031700830072,78310048.22114006
2014-04-04,61.78514099121094,0.0,111.5999984741211,0.0,111.5999984741211,111.0,111.0,0.0,530500,0.0011269031700830072,78403563.98402017
2014-04-07,61.63567352294922,0.0,111.33000183105467,0.0,111.5500030517578,111.2699966430664,111.4800033569336,0.0,403700,0.0010178696478366875,78455069.20074584
2014-04-08,61.923526763916016,0.0,111.8499984741211,0.0,111.9000015258789,111.51000213623048,111.51000213623048,0.0,724400,0.0010505030924394855,78258202.07907662
2014-04-09,61.96784973144531,0.0,111.93000030517578,0.0,111.95999908447266,111.66000366210938,111.66000366210938,0.0,946800,0.001095873224789257,78887933.34916736
2014-04-10,62.26125717163086,0.0,112.45999908447266,0.0,112.6500015258789,112.16000366210938,112.1999969482422,0.0,1297100,0.0009807986103391128,79910062.47919476
2014-04-11,62.161651611328125,0.0,112.27999877929688,0.0,112.43000030517578,112.16999816894533,112.37999725341795,0.0,582200,0.0009011409492423982,80275497.35817076
2014-04-14,62.03978729248047,0.0,112.05999755859376,0.0,112.36000061035156,111.97000122070312,112.08999633789062,0.0,387400,0.0008633790395114147,80207427.9549856
2014-04-15,61.82390213012695,0.0,111.66999816894533,0.0,111.97000122070312,111.38999938964844,111.95999908447266,0.0,1013700,0.0008464495616879416,80947023.016091
2014-04-16,62.001068115234375,0.0,111.98999786376952,0.0,112.01000213623048,111.25,111.9499969482422,0.0,373300,0.0010127052565301132,80899364.4018809
2014-04-17,62.067501068115234,0.0,112.11000061035156,0.0,112.48999786376952,111.8499984741211,111.98999786376952,0.0,512500,0.0010127052565301132,80997193.8190218
2014-04-21,62.17822647094727,0.0,112.30999755859376,0.0,112.3499984741211,111.63999938964844,111.83999633789062,0.0,691100,0.000998652043538445,80912572.0213209
2014-04-22,62.1173210144043,0.0,112.1999969482422,0.0,112.33999633789062,112.12000274658205,112.27999877929688,0.0,534500,0.0009917601328849966,80733276.31203182
2014-04-23,62.03978729248047,0.0,112.05999755859376,0.0,112.16000366210938,111.9000015258789,112.08000183105467,0.0,586500,0.0009917601328849966,80975691.40871441
2014-04-24,61.97887802124024,0.0,111.9499969482422,0.0,112.33999633789062,111.88999938964844,112.1999969482422,0.0,550000,0.001066924093558005,79518584.20990838
2014-04-25,61.7574462890625,0.0,111.5500030517578,0.0,111.93000030517578,111.45999908447266,111.81999969482422,0.0,867500,0.001066924093558005,79829002.0078871
2014-04-28,61.77960968017578,0.0,111.58999633789062,0.0,111.91999816894533,111.48999786376952,111.91999816894533,0.0,379800,0.001247401914166614,79632765.64604744
2014-04-29,62.023197174072266,0.0,112.02999877929688,0.0,112.12000274658205,111.75,111.83000183105467,0.0,389900,0.0011737348017305186,79674525.41588072
2014-04-30,62.10070037841797,0.0,112.16999816894533,0.0,112.4000015258789,111.97000122070312,112.12000274658205,0.0,908200,0.0010303877941791621,79732653.63257878
2014-05-01,62.08683395385742,0.0,111.7300033569336,0.415,112.01000213623048,111.6500015258789,112.01000213623048,0.0,6716400,0.0009463354902928669,85394889.56307305
2014-05-02,62.23130035400391,0.0,111.98999786376952,0.0,112.0500030517578,111.77999877929688,111.9000015258789,0.0,1039200,0.0010434305059438364,85695315.07440597
2014-05-05,62.25350570678711,0.0,112.02999877929688,0.0,112.30999755859376,111.97000122070312,112.30999755859376,0.0,1388800,0.0010434305059438364,86663513.23127142
2014-05-06,62.45357131958008,0.0,112.38999938964844,0.0,112.43000030517578,112.11000061035156,112.23999786376952,0.0,521900,0.001069755952492712,85989241.52554709
2014-05-07,62.95363235473633,0.0,113.29000091552734,0.0,113.33000183105467,112.91000366210938,112.91999816894533,0.0,864000,0.001037122507889914,86224304.13588266
2014-05-08,63.22043991088867,0.0,113.7699966430664,0.0,113.91999816894533,113.48999786376952,113.7699966430664,0.0,826600,0.0009917523755401424,86440135.57382008
2014-05-09,63.09819793701172,0.0,113.5500030517578,0.0,113.87999725341795,113.5,113.83999633789062,0.0,634500,0.0011444950636838144,86795686.77665468
2014-05-12,63.0426139831543,0.0,113.4499969482422,0.0,113.75,113.23999786376952,113.41000366210938,0.0,665400,0.0010749179818860546,86854198.48577711
2014-05-13,63.06483459472656,0.0,113.48999786376952,0.0,113.70999908447266,113.38999938964844,113.58999633789062,0.0,328700,0.0011634081799843806,85449905.00382923
2014-05-14,63.38713073730469,0.0,114.06999969482422,0.0,114.08999633789062,113.7699966430664,113.8499984741211,0.0,614800,0.0011979952861552773,85685560.65857902
2014-05-15,63.33712387084961,0.0,113.9800033569336,0.0,114.3000030517578,113.87000274658205,114.02999877929688,0.0,926900,0.0009925594309505535,86157140.92450218
2014-05-16,63.27598571777344,0.0,113.87000274658205,0.0,114.0,113.6500015258789,113.9800033569336,0.0,863200,0.0009925594309505535,86364580.89443994
2014-05-19,63.39823913574219,0.0,114.08999633789062,0.0,114.08999633789062,113.8000030517578,113.93000030517578,0.0,562700,0.0008939812822932297,86354012.3377906
2014-05-20,63.42049407958984,0.0,114.12999725341795,0.0,114.25,114.0199966430664,114.06999969482422,0.0,803800,0.0008582350044843481,86504832.82011728
2014-05-21,63.37600326538086,0.0,114.0500030517578,0.0,114.19000244140624,113.94000244140624,114.11000061035156,0.0,1244200,0.0008896616069588732,86978126.18489341
2014-05-22,63.4871711730957,0.0,114.25,0.0,114.25,114.0999984741211,114.12999725341795,0.0,761800,0.0008478509572210977,87077296.65110755
2014-05-23,63.51497268676758,0.0,114.3000030517578,0.0,114.37999725341795,114.23999786376952,114.25,0.0,374500,0.0008478509572210977,86963276.90338862
2014-05-27,63.598270416259766,0.0,114.4499969482422,0.0,114.56999969482422,114.37000274658205,114.51000213623048,0.0,685500,0.0006673731366124887,87242488.45452203
2014-05-28,63.92617416381836,0.0,115.04000091552734,0.0,115.16999816894533,114.62999725341795,114.7300033569336,0.0,443900,0.0005623283057400995,87253271.01552449
2014-05-29,64.1983871459961,0.0,115.52999877929688,0.0,115.56999969482422,115.1500015258789,115.33999633789062,0.0,2480800,0.0005623283057400995,88644402.35196674
2014-05-30,64.25399017333984,0.0,115.62999725341795,0.0,115.73999786376952,115.41999816894533,115.56999969482422,0.0,1043900,0.0005623283057400995,89341971.94964091
2014-06-02,64.26513671875,0.0,115.23999786376952,0.41,115.48999786376952,114.94000244140624,115.27999877929688,0.0,6032800,0.0004652332900891299,94386053.07888454
2014-06-03,63.79674911499024,0.0,114.4000015258789,0.0,114.88999938964844,114.37000274658205,114.88999938964844,0.0,1237500,0.0004652332900891299,95283573.67704482
2014-06-04,63.7577018737793,0.0,114.33000183105467,0.0,114.41999816894533,114.0999984741211,114.25,0.0,1084600,0.0003717190566008148,95794498.15957205
2014-06-05,63.91940307617188,0.0,114.62000274658205,0.0,114.6500015258789,114.1999969482422,114.3499984741211,0.0,661600,0.0003740452215962163,96037131.71163891
2014-06-06,64.443603515625,0.0,115.55999755859376,0.0,115.69000244140624,115.1999969482422,115.4000015258789,0.0,1663100,0.0003740452215962163,97016494.90801494
2014-06-09,64.4157485961914,0.0,115.51000213623048,0.0,115.91000366210938,115.47000122070312,115.80999755859376,0.0,581200,0.00022130253345254417,96982133.41774714
2014-06-10,64.17591094970703,0.0,115.08000183105467,0.0,115.62999725341795,115.05999755859376,115.62999725341795,0.0,725000,0.00022130253345254417,97016400.80568223
2014-06-11,63.95841979980469,0.0,114.69000244140624,0.0,115.04000091552734,114.66999816894533,114.81999969482422,0.0,491600,0.00012345681874063543,96659197.77208965
2014-06-12,63.88593292236328,0.0,114.55999755859376,0.0,114.7300033569336,114.47000122070312,114.62000274658205,0.0,818300,8.886971256973873e-05,96669978.94113934
2014-06-13,64.0197982788086,0.0,114.8000030517578,0.0,114.86000061035156,114.48999786376952,114.58000183105467,0.0,478600,0.00014805807965482368,96065209.15732005
2014-06-16,63.65176773071289,0.0,114.13999938964844,0.0,114.69000244140624,114.01000213623048,114.6500015258789,0.0,668100,0.00018392571235282735,96282612.99535358
2014-06-17,63.4454345703125,0.0,113.7699966430664,0.0,114.12999725341795,113.72000122070312,114.12999725341795,0.0,1056100,0.00016853656536735596,96670118.46725221
2014-06-18,63.913822174072266,0.0,114.61000061035156,0.0,114.62000274658205,113.6500015258789,113.73999786376952,0.0,744300,0.00025672374019034466,97020228.20251708
2014-06-19,63.80230712890625,0.0,114.41000366210938,0.0,114.8499984741211,114.37000274658205,114.68000030517578,0.0,788900,0.00022529713771581955,97301102.88783482
2014-06-20,63.913822174072266,0.0,114.61000061035156,0.0,114.68000030517578,114.41999816894533,114.5,0.0,496800,0.0002614264013066432,96896394.42366342
2014-06-23,64.058837890625,0.0,114.87000274658205,0.0,114.88999938964844,114.66000366210938,114.69000244140624,0.0,373600,0.0002614264013066432,96851757.15908474
2014-06-24,64.30420684814453,0.0,115.30999755859376,0.0,115.36000061035156,115.05999755859376,115.06999969482422,0.0,458500,0.0002614264013066432,96743013.68099394
2014-06-25,64.45478057861328,0.0,115.58000183105467,0.0,115.61000061035156,115.36000061035156,115.36000061035156,0.0,816600,0.0002614264013066432,97120780.34506299
2014-06-26,64.43806457519531,0.0,115.5500030517578,0.0,115.6500015258789,115.44000244140624,115.58999633789062,0.0,278600,0.00029955198723813164,97204469.28735763
2014-06-27,64.443603515625,0.0,115.55999755859376,0.0,115.66000366210938,115.37999725341795,115.58000183105467,0.0,577600,0.00037266690286904105,97340143.73297918
2014-06-30,64.28187561035156,0.0,115.2699966430664,0.0,115.55999755859376,115.1999969482422,115.1999969482422,0.0,393500,0.00037266690286904105,96950883.27544077
2014-07-01,64.21529388427734,0.0,114.75,0.401,115.16999816894533,114.62999725341795,114.77999877929688,0.0,925300,0.00037266690286904105,97276697.8361584
2014-07-02,64.11457061767578,0.0,114.56999969482422,0.0,114.83000183105467,114.54000091552734,114.75,0.0,383600,0.00037266690286904105,97359563.57225691
2014-07-03,64.06978607177734,0.0,114.48999786376952,0.0,114.6500015258789,114.33999633789062,114.5999984741211,0.0,713600,0.0003703407378736395,97285488.9073266
2014-07-07,64.17051696777344,0.0,114.66999816894533,0.0,114.79000091552734,114.56999969482422,114.63999938964844,0.0,350900,0.00038100371524241086,97224996.39063638
2014-07-08,64.58460998535156,0.0,115.41000366210938,0.0,115.44000244140624,115.01000213623048,115.13999938964844,0.0,760400,0.00038100371524241086,97460676.99598283
2014-07-09,64.79170227050781,0.0,115.77999877929688,0.0,115.83000183105467,115.41000366210938,115.43000030517578,0.0,427500,0.00038100371524241086,97074274.22498673
2014-07-10,64.60142517089844,0.0,115.44000244140624,0.0,115.6999969482422,115.43000030517578,115.63999938964844,0.0,849500,0.000463760167156344,97280914.95573255
2014-07-11,64.66295623779297,0.0,115.5500030517578,0.0,115.68000030517578,115.5,115.52999877929688,0.0,502100,0.0005207188016418791,97099560.27450562
2014-07-14,64.53426361083984,0.0,115.31999969482422,0.0,115.62000274658205,115.3000030517578,115.62000274658205,0.0,358100,0.00045515594737768623,96219997.0491924
2014-07-15,64.4615478515625,0.0,115.19000244140624,0.0,115.3000030517578,115.08999633789062,115.25,0.0,928100,0.0004192883146796825,96192679.30355375
2014-07-16,64.41116333007812,0.0,115.0999984741211,0.0,115.25,115.0199966430664,115.18000030517578,0.0,533300,0.0004522464961237498,96346244.71539089
2014-07-17,64.27124786376953,0.0,114.8499984741211,0.0,115.1999969482422,114.8499984741211,115.1500015258789,0.0,421000,0.0003837602929953668,96484307.01187982
2014-07-18,64.5007095336914,0.0,115.26000213623048,0.0,115.36000061035156,114.91000366210938,114.9800033569336,0.0,894300,0.0005098268428559605,96931784.95286003
2014-07-21,64.64622497558594,0.0,115.5199966430664,0.0,115.54000091552734,115.01000213623048,115.33000183105467,0.0,677800,0.0005087757574043711,97283687.94163296
2014-07-22,64.7469253540039,0.0,115.6999969482422,0.0,115.7300033569336,115.45999908447266,115.6500015258789,0.0,489600,0.0005087757574043711,97106917.57087708
2014-07-23,65.0882797241211,0.0,116.30999755859376,0.0,116.31999969482422,115.95999908447266,115.9800033569336,0.0,634100,0.0005087757574043711,97137530.35209899
2014-07-24,64.9931640625,0.0,116.13999938964844,0.0,116.27999877929688,116.11000061035156,116.26000213623048,0.0,441600,0.0005483405236981428,96495100.45112126
2014-07-25,64.90362548828125,0.0,115.9800033569336,0.0,116.3000030517578,115.93000030517578,116.0500030517578,0.0,516100,0.0005488202928940202,96390924.63891165
2014-07-28,64.6741714477539,0.0,115.56999969482422,0.0,115.87999725341795,115.44000244140624,115.87999725341795,0.0,538100,0.0004757053772631107,96546247.93823485
2014-07-29,64.60142517089844,0.0,115.44000244140624,0.0,115.70999908447266,115.44000244140624,115.48999786376952,0.0,595700,0.0005553782258838916,96515862.62295435
2014-07-30,64.57344818115234,0.0,115.38999938964844,0.0,115.93000030517578,115.3499984741211,115.93000030517578,0.0,688200,0.000617829636156505,96197227.68311274
2014-07-31,64.12016296386719,0.0,114.58000183105467,0.0,115.16999816894533,114.55999755859376,115.04000091552734,0.0,2600400,0.000617829636156505,97800796.44458105
2014-08-01,63.642822265625,0.0,113.33000183105467,0.4,114.0500030517578,113.0199966430664,113.91000366210938,0.0,5321200,0.000617829636156505,101900668.87892465
2014-08-04,63.82255172729492,0.0,113.6500015258789,0.0,114.0500030517578,113.56999969482422,113.58999633789062,0.0,1644700,0.000720176294706137,102766037.57517375
2014-08-05,63.743896484375,0.0,113.51000213623048,0.0,113.79000091552734,113.41000366210938,113.62000274658205,0.0,1832100,0.000720176294706137,103768120.85892813
2014-08-06,63.665306091308594,0.0,113.37000274658205,0.0,113.5199966430664,112.94000244140624,113.05999755859376,0.0,1835200,0.000720176294706137,104559912.2225262
2014-08-07,63.552921295166016,0.0,113.16999816894533,0.0,113.48999786376952,113.12000274658205,113.20999908447266,0.0,452500,0.0007523786141208717,104194465.40424408
2014-08-08,63.77761459350586,0.0,113.56999969482422,0.0,113.6500015258789,113.0199966430664,113.1500015258789,0.0,1237200,0.0008026335049849745,104903140.35933964
2014-08-11,63.90671157836914,0.0,113.8000030517578,0.0,113.88999938964844,113.62999725341795,113.63999938964844,0.0,637400,0.0008026335049849745,104959182.30418856
2014-08-12,63.99099349975586,0.0,113.9499969482422,0.0,114.20999908447266,113.8000030517578,114.0,0.0,659000,0.0008026335049849745,104839899.81818426
2014-08-13,64.15946960449219,0.0,114.25,0.0,114.31999969482422,114.0,114.0,0.0,726400,0.0008226603020245005,104102611.90197052
2014-08-14,64.50762939453125,0.0,114.87000274658205,0.0,114.9000015258789,114.51000213623048,114.52999877929688,0.0,754000,0.0008029593303298946,103701865.0807638
2014-08-15,64.60313415527344,0.0,115.04000091552734,0.0,115.25,114.8000030517578,115.12000274658205,0.0,632700,0.0006768927804693011,103869614.14552718
2014-08-18,64.6087417602539,0.0,115.0500030517578,0.0,115.13999938964844,115.01000213623048,115.06999969482422,0.0,367800,0.0006277552734537177,103636477.00677902
2014-08-19,64.79405212402344,0.0,115.37999725341795,0.0,115.4000015258789,115.19000244140624,115.33000183105467,0.0,562200,0.0006277552734537177,103457681.5936679
2014-08-20,64.48521423339844,0.0,114.83000183105467,0.0,115.4000015258789,114.7699966430664,115.29000091552734,0.0,824000,0.000663372027963251,103786153.74096462
2014-08-21,64.58062744140625,0.0,115.0,0.0,115.08000183105467,114.8000030517578,114.88999938964844,0.0,518800,0.0006862814197721218,103517173.09770736
2014-08-22,64.57503509521484,0.0,114.98999786376952,0.0,115.20999908447266,114.80999755859376,115.19000244140624,0.0,848300,0.0007299061473307086,103668603.37350027
2014-08-25,64.55257415771484,0.0,114.9499969482422,0.0,115.0,114.87999725341795,114.97000122070312,0.0,526300,0.000748414185124644,103627162.10321094
2014-08-26,64.73226928710938,0.0,115.2699966430664,0.0,115.33000183105467,115.16000366210938,115.26000213623048,0.0,548800,0.0006687413365038632,103542192.78749739
2014-08-27,65.14220428466797,0.0,116.0,0.0,116.0,115.54000091552734,115.58000183105467,0.0,686000,0.0006062899262312497,103608414.31601389
2014-08-28,64.97935485839844,0.0,115.70999908447266,0.0,115.9000015258789,115.61000061035156,115.69000244140624,0.0,630700,0.0006935308940581843,103427776.23370942
2014-08-29,64.9344253540039,0.0,115.62999725341795,0.0,115.81999969482422,115.58999633789062,115.75,0.0,460200,0.0007562744628080536,103247342.92279199
2014-09-02,64.64169311523438,0.0,114.81999969482422,0.29,115.29000091552734,114.75,115.25,0.0,1050200,0.0006432648268896504,102834758.36273678
2014-09-03,64.7598876953125,0.0,115.02999877929688,0.0,115.11000061035156,114.80999755859376,114.87000274658205,0.0,819100,0.0007249299494884157,102855150.52752419
2014-09-04,64.74866485595703,0.0,115.01000213623048,0.0,115.43000030517578,114.9000015258789,115.37999725341795,0.0,1366700,0.0007249299494884157,103724737.70884559
2014-09-05,64.97947692871094,0.0,115.41999816894533,0.0,115.51000213623048,115.11000061035156,115.16999816894533,0.0,1036300,0.0007503295389405288,104002201.65126134
2014-09-08,64.5628662109375,0.0,114.68000030517578,0.0,115.27999877929688,114.68000030517578,115.18000030517578,0.0,1249200,0.0006756329316299165,104487096.57193744
2014-09-09,64.36583709716797,0.0,114.33000183105467,0.0,114.61000061035156,114.33000183105467,114.61000061035156,0.0,794700,0.0006756329316299165,104834932.53440857
2014-09-10,64.34890747070312,0.0,114.3000030517578,0.0,114.37999725341795,113.9499969482422,114.08999633789062,0.0,946200,0.0006756329316299165,105163682.27457319
2014-09-11,64.35456848144531,0.0,114.30999755859376,0.0,114.5999984741211,114.2699966430664,114.4800033569336,0.0,441700,0.0006226479531463233,105176576.93953136
2014-09-12,63.99987411499024,0.0,113.68000030517578,0.0,114.1500015258789,113.66000366210938,114.0199966430664,0.0,1504300,0.0006226479531463233,106271286.0137334
2014-09-15,63.86474609375,0.0,113.44000244140624,0.0,113.6999969482422,113.38999938964844,113.5,0.0,591800,0.0006226479531463233,106420746.60091098
2014-09-16,63.94358825683594,0.0,113.58000183105467,0.0,113.79000091552734,113.5,113.58999633789062,0.0,642700,0.0006931544483166666,106615711.90131657
2014-09-17,63.77467346191406,0.0,113.27999877929688,0.0,113.66000366210938,113.2300033569336,113.61000061035156,0.0,487900,0.0006931544483166666,106245360.80135164
2014-09-18,63.79720306396485,0.0,113.31999969482422,0.0,113.4499969482422,113.18000030517578,113.33999633789062,0.0,547400,0.000687111754749511,106150312.06029256
2014-09-19,63.89290618896485,0.0,113.48999786376952,0.0,113.63999938964844,113.37999725341795,113.47000122070312,0.0,396600,0.0006246375966468685,106090276.55029295
2014-09-22,63.98862838745117,0.0,113.66000366210938,0.0,113.8000030517578,113.63999938964844,113.79000091552734,0.0,504900,0.0005798976905713294,106018568.03969124
2014-09-23,64.06177520751953,0.0,113.79000091552734,0.0,113.79000091552734,113.5999984741211,113.68000030517578,0.0,456100,0.0006127556646026724,106148300.72241282
2014-09-24,64.15751647949219,0.0,113.95999908447266,0.0,114.01000213623048,113.80999755859376,113.9000015258789,0.0,717400,0.0006127556646026724,106334981.53876047
2014-09-25,64.05620574951172,0.0,113.77999877929688,0.0,114.13999938964844,113.6500015258789,113.97000122070312,0.0,1003100,0.0006543402967776819,106378749.06884451
2014-09-26,63.86474609375,0.0,113.44000244140624,0.0,113.6999969482422,113.30999755859376,113.33000183105467,0.0,887900,0.0005670993289507472,106116424.7334677
2014-09-29,63.5664176940918,0.0,112.91000366210938,0.0,113.06999969482422,112.6999969482422,113.02999877929688,0.0,1220400,0.0005043557602008779,105963107.5037154
2014-09-30,63.5325813293457,0.0,112.8499984741211,0.0,113.11000061035156,112.75,112.83000183105467,0.0,1136800,0.0006179262029243918,101532835.4494004
2014-10-01,63.9111442565918,0.0,113.12999725341795,0.39,113.1500015258789,112.63999938964844,112.80999755859376,0.0,5037600,0.0006583619136592071,104967247.83855014
2014-10-02,63.67946243286133,0.0,112.72000122070312,0.0,112.97000122070312,112.58999633789062,112.8499984741211,0.0,964700,0.0007929941351669,105486916.76758659
2014-10-03,63.76421737670898,0.0,112.87000274658205,0.0,112.91000366210938,112.56999969482422,112.76000213623048,0.0,608500,0.0007703192190006263,105562135.79521178
2014-10-06,63.894168853759766,0.0,113.0999984741211,0.0,113.2699966430664,112.9499969482422,112.97000122070312,0.0,778300,0.0007378023009616009,105904054.89896743
2014-10-07,63.89986801147461,0.0,113.11000061035156,0.0,113.1999969482422,112.9800033569336,113.01000213623048,0.0,1023800,0.0008107433209002702,106180069.81746127
2014-10-08,64.15402221679688,0.0,113.55999755859376,0.0,113.58000183105467,113.08000183105467,113.19000244140624,0.0,1024800,0.0008107433209002702,106262617.12864466
2014-10-09,64.14839172363281,0.0,113.5500030517578,0.0,113.97000122070312,113.5199966430664,113.76000213623048,0.0,979900,0.0008107433209002702,105987980.4871998
2014-10-10,63.956298828125,0.0,113.20999908447266,0.0,113.51000213623048,113.18000030517578,113.47000122070312,0.0,608300,0.0008107433209002702,106015728.32175359
2014-10-13,63.87155151367188,0.0,113.05999755859376,0.0,113.4800033569336,113.01000213623048,113.36000061035156,0.0,553800,0.0008898168728525627,106168113.90583098
2014-10-14,64.02973175048828,0.0,113.33999633789062,0.0,113.5199966430664,113.19000244140624,113.20999908447266,0.0,1301200,0.0009112052546716085,106440162.52560084
2014-10-15,64.035400390625,0.0,113.3499984741211,0.0,113.52999877929688,113.0199966430664,113.19000244140624,0.0,867600,0.0010149175207467848,106888865.6404707
2014-10-16,64.04102325439453,0.0,113.36000061035156,0.0,113.38999938964844,112.7699966430664,112.95999908447266,0.0,1408700,0.001030946779401507,107700245.46227227
2014-10-17,64.38002014160156,0.0,113.95999908447266,0.0,114.08999633789062,113.6999969482422,113.76000213623048,0.0,811600,0.001030946779401507,107818281.1443692
2014-10-20,64.52120971679688,0.0,114.20999908447266,0.0,114.20999908447266,114.02999877929688,114.02999877929688,0.0,802800,0.0009934566027910935,108070002.48481506
2014-10-21,64.38002014160156,0.0,113.95999908447266,0.0,114.20999908447266,113.91999816894533,114.16999816894533,0.0,822700,0.0009963532361050714,108292476.31559825
2014-10-22,64.51560974121094,0.0,114.1999969482422,0.0,114.3499984741211,114.04000091552734,114.06999969482422,0.0,1474700,0.001075186232261037,109140398.83288427
2014-10-23,64.42516326904297,0.0,114.04000091552734,0.0,114.33999633789062,114.04000091552734,114.23999786376952,0.0,801100,0.0011619280949314898,109097445.00023371
2014-10-24,64.45344543457031,0.0,114.08999633789062,0.0,114.18000030517578,113.94000244140624,114.0500030517578,0.0,424500,0.0011619280949314898,109145455.49893454
2014-10-27,64.57771301269531,0.0,114.30999755859376,0.0,114.30999755859376,113.91999816894533,114.08999633789062,0.0,602100,0.0012338475361860456,109345023.37993439
2014-10-28,64.72465515136719,0.0,114.56999969482422,0.0,114.62000274658205,114.0,114.30999755859376,0.0,983300,0.0011546690726069613,109430609.79551284
2014-10-29,64.54948425292969,0.0,114.26000213623048,0.0,114.8499984741211,114.11000061035156,114.56999969482422,0.0,724500,0.0011544450711277216,104131863.58123657
2014-10-30,64.69071197509766,0.0,114.51000213623048,0.0,114.55999755859376,114.26000213623048,114.26000213623048,0.0,347300,0.0010815662236247023,103523842.29521976
2014-10-31,64.7867660522461,0.0,114.68000030517578,0.0,114.72000122070312,114.41000366210938,114.51000213623048,0.0,590600,0.000963882779010195,102826562.50058128
2014-11-03,64.51744079589844,0.0,113.8000030517578,0.405,114.4800033569336,113.79000091552734,114.4800033569336,0.0,2478600,0.0009916591094150018,104599644.61869738
2014-11-04,64.35873413085938,0.0,113.5199966430664,0.0,113.87000274658205,113.47000122070312,113.6999969482422,0.0,730300,0.0009187180894763326,104480764.4024864
2014-11-05,64.31906127929688,0.0,113.4499969482422,0.0,113.66000366210938,113.43000030517578,113.4800033569336,0.0,1200400,0.0009415074392392506,104815233.42718093
2014-11-06,64.27371978759766,0.0,113.37000274658205,0.0,113.58000183105467,113.26000213623048,113.51000213623048,0.0,1161900,0.0009415074392392506,105288861.43714055
2014-11-07,64.38137817382812,0.0,113.55999755859376,0.0,113.5999984741211,113.20999908447266,113.2699966430664,0.0,1174700,0.0010633336497215136,105748459.06541611
2014-11-10,64.30203247070312,0.0,113.41999816894533,0.0,113.91000366210938,113.27999877929688,113.91000366210938,0.0,911900,0.0010279052405409925,106273249.01805453
2014-11-11,64.26798248291016,0.0,113.36000061035156,0.0,113.41000366210938,113.08999633789062,113.30999755859376,0.0,428500,0.0009167163814927194,106102173.81527007
2014-11-12,64.29068756103516,0.0,113.4000015258789,0.0,113.44000244140624,113.1999969482422,113.33999633789062,0.0,795800,0.0008662558121634632,105979917.11767286
2014-11-13,64.25666046142578,0.0,113.33999633789062,0.0,113.5500030517578,113.18000030517578,113.5500030517578,0.0,542400,0.0008963339247805053,105687718.92436193
2014-11-14,64.20564270019531,0.0,113.25,0.0,113.37000274658205,113.18000030517578,113.26000213623048,0.0,861100,0.0009453171932435614,105952172.36928786
2014-11-17,64.0185775756836,0.0,112.91999816894533,0.0,113.1999969482422,112.91000366210938,113.1999969482422,0.0,459700,0.0009453171932435614,105636074.2055257
2014-11-18,64.14326477050781,0.0,113.13999938964844,0.0,113.18000030517578,112.88999938964844,113.05999755859376,0.0,425400,0.0009979640565157617,104891857.87174284
2014-11-19,64.18295288085938,0.0,113.20999908447266,0.0,113.27999877929688,113.12000274658205,113.12000274658205,0.0,417100,0.0009191310603597963,104575859.78141056
2014-11-20,64.37574005126953,0.0,113.5500030517578,0.0,113.5999984741211,113.2300033569336,113.30999755859376,0.0,808900,0.0007908045655143341,104965107.76812235
2014-11-21,64.63651275634766,0.0,114.01000213623048,0.0,114.11000061035156,113.7300033569336,113.87000274658205,0.0,583900,0.0007908045655143341,104870782.11208524
2014-11-24,64.64786529541016,0.0,114.02999877929688,0.0,114.20999908447266,113.97000122070312,114.0500030517578,0.0,938600,0.0007188851242597783,105314927.3537348
2014-11-25,64.66487121582031,0.0,114.05999755859376,0.0,114.20999908447266,113.91000366210938,114.08999633789062,0.0,379600,0.0007735473776702658,103383898.41803291
2014-11-26,64.8803482055664,0.0,114.44000244140624,0.0,114.44000244140624,114.13999938964844,114.2300033569336,0.0,239300,0.0006516705458159249,102643258.24701217
2014-11-28,64.51744079589844,0.0,113.8000030517578,0.0,114.45999908447266,113.8000030517578,114.38999938964844,0.0,328600,0.0006584646959661543,97422423.50010946
2014-12-01,64.12315368652344,0.0,112.69000244140624,0.417,113.38999938964844,112.66000366210938,113.04000091552734,0.0,3015500,0.0006584646959661543,98995810.01180618
2014-12-02,64.09471893310547,0.0,112.63999938964844,0.0,113.08000183105467,112.61000061035156,112.70999908447266,0.0,2422800,0.0007251505212638577,100177570.88907029
2014-12-03,64.18577575683594,0.0,112.8000030517578,0.0,112.98999786376952,112.5500030517578,112.5999984741211,0.0,741900,0.0008469621889832824,100239902.06722076
2014-12-04,64.25971984863281,0.0,112.93000030517578,0.0,113.16999816894533,112.66000366210938,112.66000366210938,0.0,554500,0.0008815128569026585,99211583.44205825
2014-12-05,64.00932312011719,0.0,112.48999786376952,0.0,113.0199966430664,112.44000244140624,113.0,0.0,1096800,0.0009267681103844475,99657969.28662495
2014-12-08,63.548370361328125,0.0,111.68000030517578,0.0,112.27999877929688,111.66000366210938,112.27999877929688,0.0,829000,0.0008049418999021843,99730586.10349381
2014-12-09,63.35494995117188,0.0,111.33999633789062,0.0,111.47000122070312,110.7300033569336,111.2300033569336,0.0,3242200,0.0007612967571304131,102148085.55529153
2014-12-10,62.75180816650391,0.0,110.27999877929688,0.0,111.0199966430664,110.05999755859376,110.76000213623048,0.0,959200,0.0008938766850662856,102243610.3872511
2014-12-11,62.41607666015625,0.0,109.69000244140624,0.0,110.25,109.66999816894533,110.05999755859376,0.0,1045500,0.0008406249883203653,102717718.45147267
2014-12-12,61.60808563232422,0.0,108.2699966430664,0.0,109.37000274658205,108.13999938964844,109.37000274658205,0.0,1168500,0.0007649435561062235,103116580.01881553
2014-12-15,60.71471786499024,0.0,106.6999969482422,0.0,108.0999984741211,106.5500030517578,108.04000091552734,0.0,1337800,0.0007159602876431674,103295871.78439184
2014-12-16,60.3391227722168,0.0,106.04000091552734,0.0,106.48999786376952,104.94000244140624,105.1500015258789,0.0,2431500,0.0007159602876431674,104665173.67940629
2014-12-17,61.858428955078125,0.0,108.70999908447266,0.0,109.12000274658205,106.95999908447266,107.1999969482422,0.0,1149400,0.0006090507792317106,104940516.70368132
2014-12-18,62.717620849609375,0.0,110.22000122070312,0.0,110.54000091552734,109.4499969482422,110.1500015258789,0.0,1386800,0.0006090507792317106,105701745.66709124
2014-12-19,63.37200546264648,0.0,111.37000274658205,0.0,111.45999908447266,110.23999786376952,110.23999786376952,0.0,816400,0.0006090507792317106,106082753.89896573
2014-12-22,63.4744758605957,0.0,111.5500030517578,0.0,111.9000015258789,111.05999755859376,111.12000274658205,0.0,1746800,0.0006090507792317106,107209626.21206252
2014-12-23,63.224082946777344,0.0,111.11000061035156,0.0,111.5199966430664,111.0999984741211,111.36000061035156,0.0,828000,0.0007166632065092824,107190709.15658738
2014-12-24,63.43351364135742,0.0,110.87999725341795,0.596,111.11000061035156,110.44000244140624,111.11000061035156,0.0,278000,0.0006276089739543653,107179855.25489078
2014-12-26,63.387725830078125,0.0,110.8000030517578,0.0,111.02999877929688,110.68000030517578,110.68000030517578,0.0,201100,0.000721096424380331,106826953.8741278
2014-12-29,63.0787467956543,0.0,110.26000213623048,0.0,110.8499984741211,110.02999877929688,110.4800033569336,0.0,854500,0.0006525489002254282,107214719.17687672
2014-12-30,63.25040817260742,0.0,110.55999755859376,0.0,110.5999984741211,110.05999755859376,110.08999633789062,0.0,690700,0.0008297583696443839,106978097.07619196
2014-12-31,62.76411437988281,0.0,109.70999908447266,0.0,110.86000061035156,109.63999938964844,110.77999877929688,0.0,512400,0.0008601209713463932,107075449.0733979
2015-01-02,62.541015625,0.0,109.31999969482422,0.0,110.30999755859376,108.7300033569336,110.01000213623048,0.0,4506900,0.0007383093036269685,110337308.15394567
2015-01-05,62.14051818847656,0.0,108.62000274658205,0.0,109.88999938964844,108.56999969482422,109.88999938964844,0.0,1378500,0.0010334486076976576,111206315.8636971
2015-01-06,61.94602966308594,0.0,108.27999877929688,0.0,108.9000015258789,108.2699966430664,108.63999938964844,0.0,768100,0.0009881933542158687,111169903.96113925
2015-01-07,62.72407913208008,0.0,109.63999938964844,0.0,109.8000030517578,108.86000061035156,109.1500015258789,0.0,1408700,0.0011903003198870943,112002871.5616317
2015-01-08,62.992950439453125,0.0,110.11000061035156,0.0,110.80999755859376,110.05999755859376,110.1500015258789,0.0,831900,0.0011903003198870943,111951555.9063442
2015-01-09,62.95293426513672,0.0,110.04000091552734,0.0,110.13999938964844,109.77999877929688,109.94000244140624,0.0,606200,0.0010577203919512218,112020512.98588948
2015-01-12,62.58678817749024,0.0,109.4000015258789,0.0,109.86000061035156,109.3499984741211,109.86000061035156,0.0,420100,0.0010733422190761194,112057519.72200301
2015-01-13,62.787017822265625,0.0,109.75,0.0,110.05999755859376,109.4800033569336,109.61000061035156,0.0,1375200,0.0012301057649609002,112406887.64846437
2015-01-14,63.26182174682617,0.0,110.58000183105467,0.0,110.69000244140624,110.01000213623048,110.45999908447266,0.0,685500,0.0012301057649609002,112521330.20456706
2015-01-15,63.347618103027344,0.0,110.7300033569336,0.0,111.4000015258789,110.62000274658205,111.02999877929688,0.0,1117800,0.0012301057649609002,113119918.68389067
2015-01-16,63.3934211730957,0.0,110.80999755859376,0.0,111.0999984741211,110.55999755859376,111.0999984741211,0.0,735500,0.0013485769040300181,112948678.47193761
2015-01-20,63.38199234008789,0.0,110.79000091552734,0.0,111.05999755859376,110.70999908447266,110.81999969482422,0.0,649900,0.0014612067125234318,112898702.02646406
2015-01-21,63.32475662231445,0.0,110.69000244140624,0.0,110.97000122070312,110.52999877929688,110.58999633789062,0.0,1051000,0.0014962805005307711,113372420.07455976
2015-01-22,63.130279541015625,0.0,110.3499984741211,0.0,110.7699966430664,110.18000030517578,110.38999938964844,0.0,1794100,0.0014962805005307711,114358346.7635321
2015-01-23,63.87397003173828,0.0,111.6500015258789,0.0,111.9000015258789,111.13999938964844,111.33999633789062,0.0,1129200,0.0014238262308588307,114951900.39839365
2015-01-26,63.27898406982422,0.0,110.61000061035156,0.0,111.66000366210938,110.61000061035156,111.5199966430664,0.0,1304200,0.0014303843457645954,115621743.9147707
2015-01-27,63.73095703125,0.0,111.4000015258789,0.0,111.41999816894533,110.8000030517578,110.8000030517578,0.0,602400,0.0015215371538079905,115660784.74082945
2015-01-28,63.79390335083008,0.0,111.51000213623048,0.0,111.83999633789062,111.1999969482422,111.41000366210938,0.0,1036700,0.0015215371538079905,116032489.58019678
2015-01-29,63.879695892333984,0.0,111.66000366210938,0.0,111.76000213623048,111.43000030517578,111.75,0.0,391800,0.0014308867484866638,115749449.83301313
2015-01-30,63.93689727783203,0.0,111.76000213623048,0.0,111.94000244140624,111.47000122070312,111.8499984741211,0.0,867800,0.001375629654605904,114154461.68295237
2015-02-02,63.99951934814453,0.0,111.48999786376952,0.379,111.75,111.18000030517578,111.63999938964844,0.0,1557800,0.001375629654605904,110746743.53159344
2015-02-03,64.34388732910156,0.0,112.08999633789062,0.0,112.16999816894533,111.6999969482422,111.8000030517578,0.0,933700,0.0010231503328529206,110093872.67501467
2015-02-04,63.80432891845703,0.0,111.1500015258789,0.0,111.97000122070312,111.0,111.9000015258789,0.0,636400,0.0010530428725914333,109004778.91356452
2015-02-05,64.14297485351562,0.0,111.73999786376952,0.0,111.75,111.29000091552734,111.3000030517578,0.0,505100,0.0009632504297708101,107801471.32531422
2015-02-06,63.97649765014648,0.0,111.4499969482422,0.0,111.91999816894533,111.41999816894533,111.73999786376952,0.0,507300,0.0010167202353268,107843766.240238
2015-02-09,64.01094055175781,0.0,111.51000213623048,0.0,111.55999755859376,111.3499984741211,111.48999786376952,0.0,566800,0.0010167202353268,107230235.01474893
2015-02-10,63.54597854614258,0.0,110.6999969482422,0.0,110.94000244140624,110.51000213623048,110.88999938964844,0.0,829000,0.0010010984082019026,107382887.2014545
2015-02-11,63.488555908203125,0.0,110.5999984741211,0.0,110.83999633789062,110.4800033569336,110.8000030517578,0.0,447800,0.0009543050406688517,107179979.51358007
2015-02-12,63.99373245239258,0.0,111.4800033569336,0.0,111.51000213623048,110.75,111.0,0.0,2686500,0.0009543050406688517,108898232.12483722
2015-02-13,64.14873504638672,0.0,111.75,0.0,111.8499984741211,111.5,111.8000030517578,0.0,539600,0.0009543050406688517,108689409.25125848
2015-02-17,64.03970336914062,0.0,111.55999755859376,0.0,111.76000213623048,111.5,111.58999633789062,0.0,761800,0.000928866417310944,108786239.39063056
2015-02-18,64.01668548583984,0.0,111.5199966430664,0.0,111.56999969482422,111.08999633789062,111.51000213623048,0.0,303300,0.0008162366088175305,108718847.51649885
2015-02-19,63.827266693115234,0.0,111.19000244140624,0.0,111.55999755859376,111.1500015258789,111.30999755859376,0.0,343900,0.0009451087940845889,108507511.06716336
2015-02-20,64.00519561767578,0.0,111.5,0.0,111.5999984741211,111.26000213623048,111.3000030517578,0.0,401400,0.001078035016542173,108111766.45201424
2015-02-23,63.91915512084961,0.0,111.3499984741211,0.0,111.3499984741211,110.9800033569336,111.30999755859376,0.0,649400,0.0010780848266260358,108212152.87272134
2015-02-24,64.21759796142578,0.0,111.87000274658205,0.0,111.87999725341795,111.16000366210938,111.31999969482422,0.0,592500,0.0010715267117202712,107964033.51906669
2015-02-25,64.51036071777344,0.0,112.37999725341795,0.0,112.37999725341795,112.02999877929688,112.22000122070312,0.0,587500,0.0008868864532509101,108007883.24122958
2015-02-26,64.44145202636719,0.0,112.26000213623048,0.0,112.62000274658205,112.16999816894533,112.5,0.0,613300,0.0008868864532509101,108052239.4725981
2015-02-27,64.55056762695312,0.0,112.4499969482422,0.0,112.5500030517578,112.01000213623048,112.2699966430664,0.0,350200,0.0009001174988151683,107733223.5117352
2015-03-02,64.33518981933594,0.0,111.72000122070312,0.356,112.27999877929688,111.6999969482422,112.2300033569336,0.0,1097600,0.0009514842771780063,108127236.02695161
2015-03-03,64.45036315917969,0.0,111.91999816894533,0.0,112.06999969482422,111.7300033569336,111.94000244140624,0.0,381100,0.0010511452215792379,108043424.80922274
2015-03-04,64.19696807861328,0.0,111.4800033569336,0.0,111.97000122070312,111.43000030517578,111.97000122070312,0.0,654700,0.0010511452215792379,107665662.86095512
2015-03-05,64.19122314453125,0.0,111.47000122070312,0.0,111.66000366210938,111.29000091552734,111.5199966430664,0.0,442300,0.0010212526818407254,107309171.6668265
2015-03-06,63.75931167602539,0.0,110.72000122070312,0.0,111.33999633789062,110.63999938964844,111.08999633789062,0.0,623600,0.0009089381589901229,106609654.38779193
2015-03-09,63.7132453918457,0.0,110.63999938964844,0.0,110.83999633789062,110.63999938964844,110.72000122070312,0.0,366300,0.0008860667626509992,105982016.98837884
2015-03-10,63.46562194824219,0.0,110.20999908447266,0.0,110.30999755859376,109.87000274658205,110.29000091552734,0.0,478000,0.0008860667626509992,105263144.95013402
2015-03-11,63.57505798339844,0.0,110.4000015258789,0.0,110.44000244140624,109.9499969482422,110.08000183105467,0.0,460000,0.0009831579720141924,104945096.92034644
2015-03-12,63.64992141723633,0.0,110.52999877929688,0.0,110.98999786376952,110.41000366210938,110.66999816894533,0.0,1303500,0.0008731877936624625,105230217.48003882
2015-03-13,63.1834716796875,0.0,109.72000122070312,0.0,110.2699966430664,109.61000061035156,110.1999969482422,0.0,821600,0.0008731877936624625,105544941.50449358
2015-03-16,62.99921798706055,0.0,109.4000015258789,0.0,109.81999969482422,109.31999969482422,109.73999786376952,0.0,1381800,0.0008731877936624625,105387481.96202837
2015-03-17,63.08559036254883,0.0,109.5500030517578,0.0,109.61000061035156,109.2699966430664,109.5,0.0,447400,0.000840471199133863,105243663.53282624
2015-03-18,63.9148063659668,0.0,110.98999786376952,0.0,111.08999633789062,109.30999755859376,109.4800033569336,0.0,628600,0.000840471199133863,105218032.14774965
2015-03-19,63.626895904541016,0.0,110.48999786376952,0.0,111.02999877929688,110.44000244140624,110.94000244140624,0.0,836300,0.0007798586010604974,105512742.25734529
2015-03-20,64.31787872314453,0.0,111.69000244140624,0.0,111.6999969482422,111.0199966430664,111.0199966430664,0.0,582200,0.0008325746055403542,105536508.53979322
2015-03-23,64.49067687988281,0.0,111.98999786376952,0.0,112.12000274658205,111.75,111.7699966430664,0.0,561500,0.0007973666378508599,105678351.79890224
2015-03-24,64.52520751953125,0.0,112.0500030517578,0.0,112.27999877929688,111.8000030517578,112.0999984741211,0.0,894000,0.0008794052525921345,106017921.37730916
2015-03-25,64.68646240234375,0.0,112.33000183105467,0.0,112.62000274658205,112.04000091552734,112.16999816894533,0.0,674900,0.0008794052525921345,106207698.35205683
2015-03-26,64.33518981933594,0.0,111.72000122070312,0.0,112.19000244140624,111.4800033569336,112.16999816894533,0.0,527600,0.0008794052525921345,106026655.25126988
2015-03-27,64.44461822509766,0.0,111.91000366210938,0.0,111.9800033569336,111.61000061035156,111.6999969482422,0.0,480300,0.0008774996190905775,105547430.31463018
2015-03-30,64.59429931640625,0.0,112.16999816894533,0.0,112.20999908447266,111.88999938964844,112.05999755859376,0.0,397700,0.0007565651772039798,105102086.10910688
2015-03-31,64.56553649902344,0.0,112.12000274658205,0.0,112.3000030517578,112.0,112.04000091552734,0.0,637400,0.0006877298443263432,104575656.91292778
2015-04-01,64.88216400146484,0.0,112.29000091552734,0.378,112.41999816894533,112.0199966430664,112.16000366210938,0.0,1491500,0.0007738685240959133,104886709.75499229
2015-04-02,65.20571899414062,0.0,112.8499984741211,0.0,112.87000274658205,112.51000213623048,112.51000213623048,0.0,681600,0.0007738685240959133,100974129.47559659
2015-04-06,65.44264221191406,0.0,113.26000213623048,0.0,113.51000213623048,112.94000244140624,112.98999786376952,0.0,571400,0.0007738685240959133,100624730.90450953
2015-04-07,65.32125091552734,0.0,113.0500030517578,0.0,113.23999786376952,112.88999938964844,113.16000366210938,0.0,1217500,0.0008168609486047428,101172008.53978112
2015-04-08,65.62751770019531,0.0,113.58000183105467,0.0,113.6500015258789,113.3499984741211,113.3499984741211,0.0,706200,0.0008178879315271949,101109980.51185003
2015-04-09,65.64490509033203,0.0,113.61000061035156,0.0,113.86000061035156,113.45999908447266,113.81999969482422,0.0,872700,0.0007207967221640018,100977801.37619746
2015-04-10,65.65061950683594,0.0,113.62000274658205,0.0,113.87000274658205,113.48999786376952,113.51000213623048,0.0,445300,0.000871284005432524,100455727.58036417
2015-04-13,65.5582046508789,0.0,113.45999908447266,0.0,113.6500015258789,113.43000030517578,113.62000274658205,0.0,529800,0.000871284005432524,100049723.29087636
2015-04-14,65.63330841064453,0.0,113.58999633789062,0.0,113.83999633789062,113.51000213623048,113.66999816894533,0.0,784900,0.0009102272542642262,100210764.12962656
2015-04-15,65.73726654052734,0.0,113.7699966430664,0.0,113.77999877929688,113.51000213623048,113.63999938964844,0.0,457800,0.0009523037499169728,100127202.84244598
2015-04-16,65.59282684326172,0.0,113.5199966430664,0.0,113.77999877929688,113.4499969482422,113.66999816894533,0.0,764300,0.0010546525033714184,99645340.38371131
2015-04-17,65.50621795654297,0.0,113.37000274658205,0.0,113.4800033569336,113.0500030517578,113.4000015258789,0.0,778900,0.000951319128170386,99565669.24453008
2015-04-20,65.35017395019531,0.0,113.0999984741211,0.0,113.22000122070312,112.87999725341795,113.18000030517578,0.0,855600,0.0008703943151507918,99066289.29083689
2015-04-21,65.40796661376953,0.0,113.1999969482422,0.0,113.26000213623048,113.01000213623048,113.02999877929688,0.0,853400,0.0009152117187100602,99098947.56177872
2015-04-22,65.64490509033203,0.0,113.61000061035156,0.0,113.62999725341795,113.43000030517578,113.51000213623048,0.0,1366400,0.0008331731039687856,99603304.05042134
2015-04-23,65.79508209228516,0.0,113.87000274658205,0.0,113.9800033569336,113.54000091552734,113.58999633789062,0.0,1374300,0.0008331731039687856,100101213.99905492
2015-04-24,65.93376159667969,0.0,114.11000061035156,0.0,114.11000061035156,113.9499969482422,114.11000061035156,0.0,744200,0.0008331731039687856,99438594.37171088
2015-04-27,66.00887298583984,0.0,114.23999786376952,0.0,114.30999755859376,114.11000061035156,114.22000122070312,0.0,617700,0.0007352886278084555,99273583.27605233
2015-04-28,65.96263885498047,0.0,114.16000366210938,0.0,114.3000030517578,114.02999877929688,114.12999725341795,0.0,1967500,0.0007944720523125094,100671826.16303459
2015-04-29,65.5466537475586,0.0,113.44000244140624,0.0,113.73999786376952,113.33000183105467,113.70999908447266,0.0,520900,0.0007636464407889141,100594563.04987347
2015-04-30,65.36178588867188,0.0,113.12000274658205,0.0,113.31999969482422,112.97000122070312,113.31999969482422,0.0,455500,0.0006775077610193442,100109400.1971048
2015-05-01,65.42671203613281,0.0,112.83000183105467,0.402,112.9800033569336,112.3499984741211,112.68000030517578,0.0,831200,0.0006775077610193442,100196725.00642444
2015-05-04,65.33393096923828,0.0,112.66999816894533,0.0,112.8000030517578,112.66000366210938,112.8000030517578,0.0,316400,0.0006939456394474893,100164022.33720809
2015-05-05,65.23532104492188,0.0,112.5,0.0,112.69000244140624,112.36000061035156,112.69000244140624,0.0,529100,0.0006203548057217935,100098893.30403161
2015-05-06,65.21794891357422,0.0,112.47000122070312,0.0,112.62000274658205,112.38999938964844,112.52999877929688,0.0,476200,0.0006968537042144846,98285349.86766028
2015-05-07,65.11933898925781,0.0,112.3000030517578,0.0,112.37000274658205,112.08999633789062,112.2699966430664,0.0,488200,0.0006968537042144846,98062502.31163993
2015-05-08,65.47888946533203,0.0,112.91999816894533,0.0,112.9499969482422,112.58999633789062,112.5999984741211,0.0,911500,0.0005463664209459623,97798543.59730917
2015-05-11,65.1773681640625,0.0,112.4000015258789,0.0,112.98999786376952,112.2300033569336,112.87999725341795,0.0,1393900,0.0006329080120406228,97996557.53330654
2015-05-12,64.8294448852539,0.0,111.8000030517578,0.0,112.0500030517578,111.5999984741211,111.75,0.0,752200,0.0005939647632089205,97605264.1457149
2015-05-13,64.89900207519531,0.0,111.91999816894533,0.0,112.4000015258789,111.88999938964844,112.3000030517578,0.0,811200,0.000491572346373563,97504961.02019416
2015-05-14,65.11356353759766,0.0,112.29000091552734,0.0,112.29000091552734,111.93000030517578,111.94000244140624,0.0,679800,0.0005122999778253111,97725278.34051828
2015-05-15,65.43827819824219,0.0,112.8499984741211,0.0,112.8499984741211,112.3499984741211,112.38999938964844,0.0,479700,0.0005122999778253111,97438694.39650036
2015-05-18,65.27010345458984,0.0,112.55999755859376,0.0,113.04000091552734,112.48999786376952,113.04000091552734,0.0,1375100,0.0004647098338969845,98179215.33800155
2015-05-19,64.95121765136719,0.0,112.01000213623048,0.0,112.41000366210938,111.98999786376952,112.41000366210938,0.0,639000,0.0004198924303377161,97973301.18216863
2015-05-20,65.00918579101562,0.0,112.11000061035156,0.0,112.27999877929688,111.91000366210938,112.0999984741211,0.0,849700,0.0004842110011049871,98317353.1215365
2015-05-21,65.35710144042969,0.0,112.70999908447266,0.0,112.77999877929688,112.2699966430664,112.30999755859376,0.0,768600,0.0004842110011049871,98622901.92753625
2015-05-22,65.44408416748047,0.0,112.86000061035156,0.0,112.88999938964844,112.62999725341795,112.66999816894533,0.0,633900,0.0004842110011049871,98815934.17966934
2015-05-26,65.26431274414062,0.0,112.5500030517578,0.0,112.75,112.5199966430664,112.69000244140624,0.0,295800,0.0005775092029372203,98351185.71486095
2015-05-27,65.14832305908203,0.0,112.3499984741211,0.0,112.58999633789062,112.31999969482422,112.5500030517578,0.0,373700,0.0005183257784331664,98156064.71630883
2015-05-28,64.96862030029297,0.0,112.04000091552734,0.0,112.27999877929688,111.9800033569336,112.19000244140624,0.0,469600,0.0005183257784331664,97724203.03040156
2015-05-29,65.15994262695312,0.0,112.37000274658205,0.0,112.44000244140624,112.02999877929688,112.06999969482422,0.0,563300,0.0005700580297010871,97882939.91511512
2015-06-01,64.79850769042969,0.0,111.33000183105467,0.419,111.80999755859376,111.19000244140624,111.66000366210938,0.0,849300,0.00062733147241028,98416011.9625031
2015-06-02,64.71119689941406,0.0,111.18000030517578,0.0,111.36000061035156,111.0,111.2300033569336,0.0,529100,0.0006108935939821349,98586096.54312739
2015-06-03,64.48423767089844,0.0,110.79000091552734,0.0,111.18000030517578,110.66999816894533,111.05999755859376,0.0,699200,0.0006108935939821349,96503935.16438197
2015-06-04,64.41436004638672,0.0,110.66999816894533,0.0,110.9499969482422,110.3499984741211,110.5500030517578,0.0,824900,0.0005333677125669919,95062566.04508294
2015-06-05,64.07093048095703,0.0,110.08000183105467,0.0,110.31999969482422,109.95999908447266,110.20999908447266,0.0,633100,0.000598677076163496,94951497.2109174
2015-06-08,63.913841247558594,0.0,109.80999755859376,0.0,110.05999755859376,109.77999877929688,110.0,0.0,447900,0.000598677076163496,94844863.97867355
2015-06-09,63.67519378662109,0.0,109.4000015258789,0.0,109.8000030517578,109.38999938964844,109.77999877929688,0.0,758600,0.0005121354850688355,94524322.80010647
2015-06-10,63.44818878173828,0.0,109.01000213623048,0.0,109.33999633789062,109.01000213623048,109.1500015258789,0.0,529000,0.0005121354850688355,94247208.28325786
2015-06-11,63.61696243286133,0.0,109.3000030517578,0.0,109.77999877929688,108.9800033569336,109.77999877929688,0.0,679800,0.0005845580401080986,91971935.31459022
2015-06-12,63.70425033569336,0.0,109.4499969482422,0.0,109.54000091552734,109.3499984741211,109.41999816894533,0.0,610300,0.00048603386642601137,91662544.5075141
2015-06-15,63.39000701904297,0.0,108.91000366210938,0.0,109.44000244140624,108.87000274658205,109.44000244140624,0.0,809000,0.0004860338664260114,91451650.02664234
2015-06-16,63.37833023071289,0.0,108.88999938964844,0.0,108.91999816894533,108.70999908447266,108.72000122070312,0.0,1126600,0.0004289065964364916,91421189.56818959
2015-06-17,63.6577033996582,0.0,109.37000274658205,0.0,109.37999725341795,108.83000183105467,108.83000183105467,0.0,501400,0.0004289065964364916,90723529.7543783
2015-06-18,63.98362731933594,0.0,109.93000030517578,0.0,109.9499969482422,109.44000244140624,109.6999969482422,0.0,580800,0.00036458802566922055,89183935.16668895
2015-06-19,64.14661407470703,0.0,110.20999908447266,0.0,110.3499984741211,109.97000122070312,110.08000183105467,0.0,804900,0.00036458802566922055,88896290.36760482
2015-06-22,64.23975372314453,0.0,110.37000274658205,0.0,110.52999877929688,110.27999877929688,110.5199966430664,0.0,521500,0.00036458802566922055,88139979.72267999
2015-06-23,64.21647644042969,0.0,110.33000183105467,0.0,110.56999969482422,110.33000183105467,110.51000213623048,0.0,626800,0.00033310407464051434,87967220.79335773
2015-06-24,64.27468872070312,0.0,110.43000030517578,0.0,110.61000061035156,110.37999725341795,110.58999633789062,0.0,536100,0.00043411581850199795,86890601.56980847
2015-06-25,64.18734741210938,0.0,110.27999877929688,0.0,110.5999984741211,110.16999816894533,110.5,0.0,515800,0.00048612331222676905,86611897.94175284
2015-06-26,63.98362731933594,0.0,109.93000030517578,0.0,110.27999877929688,109.86000061035156,110.16999816894533,0.0,723700,0.00043439106095884833,86998657.48131162
2015-06-29,63.81485748291016,0.0,109.63999938964844,0.0,109.79000091552734,109.36000061035156,109.66999816894533,0.0,595700,0.00037711761824965547,87340170.71165055
2015-06-30,63.97785949707031,0.0,109.91999816894533,0.0,110.04000091552734,109.6500015258789,109.6500015258789,0.0,788300,0.00037711761824965547,87280113.27300905
2015-07-01,64.21268463134766,0.0,109.9000015258789,0.422,110.0500030517578,109.58999633789062,109.80999755859376,0.0,7283200,0.0005343163490290415,93026620.4222119
2015-07-02,64.25362396240234,0.0,109.97000122070312,0.0,110.0199966430664,109.73999786376952,109.75,0.0,1021600,0.0006205300129562794,93472096.21361022
2015-07-06,63.9848518371582,0.0,109.51000213623048,0.0,109.87999725341795,109.48999786376952,109.8499984741211,0.0,915500,0.0005992627533916994,90357509.7083016
2015-07-07,63.9380989074707,0.0,109.43000030517578,0.0,109.83000183105467,109.33000183105467,109.44000244140624,0.0,863400,0.000691809897795878,89919011.20415339
2015-07-08,63.81541442871094,0.0,109.22000122070312,0.0,109.58999633789062,109.22000122070312,109.5500030517578,0.0,940600,0.0007050889340271864,90074268.87150113
2015-07-09,63.96146774291992,0.0,109.47000122070312,0.0,109.73999786376952,109.33999633789062,109.33999633789062,0.0,647600,0.0008649583652716707,89411117.32904343
2015-07-10,64.20103454589844,0.0,109.87999725341795,0.0,109.97000122070312,109.75,109.91000366210938,0.0,584300,0.0008547646904730394,89193675.84402296
2015-07-13,64.10169219970703,0.0,109.70999908447266,0.0,109.87999725341795,109.61000061035156,109.77999877929688,0.0,462500,0.0008302124792489327,89066966.52673389
2015-07-14,63.89139175415039,0.0,109.3499984741211,0.0,109.77999877929688,109.3000030517578,109.56999969482422,0.0,1121400,0.0008302124792489327,89675428.0160026
2015-07-15,63.89139175415039,0.0,109.3499984741211,0.0,109.41999816894533,109.2699966430664,109.30999755859376,0.0,934400,0.0008302124792489327,89288510.86182973
2015-07-16,64.06077575683594,0.0,109.63999938964844,0.0,109.69000244140624,109.37000274658205,109.45999908447266,0.0,676300,0.0008302124792489327,89275391.34065537
2015-07-17,64.08415985107422,0.0,109.68000030517578,0.0,109.87999725341795,109.54000091552734,109.73999786376952,0.0,551100,0.0008302124792489327,88772777.4550665
2015-07-20,63.99653625488281,0.0,109.52999877929688,0.0,109.79000091552734,109.5,109.6500015258789,0.0,452700,0.0009038435015861398,88519471.71890016
2015-07-21,64.03743743896484,0.0,109.5999984741211,0.0,109.70999908447266,109.4800033569336,109.56999969482422,0.0,745000,0.00097008880292433,88596055.66547333
2015-07-22,64.07830047607422,0.0,109.66999816894533,0.0,109.8499984741211,109.47000122070312,109.47000122070312,0.0,508900,0.000979002968473098,88115705.42342776
2015-07-23,63.90887451171875,0.0,109.37999725341795,0.0,109.6500015258789,109.3000030517578,109.62000274658205,0.0,481000,0.0008779912246116144,86961997.85530454
2015-07-24,63.67517852783203,0.0,108.9800033569336,0.0,109.44000244140624,108.9000015258789,109.31999969482422,0.0,641200,0.0008259837308868433,86515988.30315726
2015-07-27,63.42390060424805,0.0,108.5500030517578,0.0,108.77999877929688,108.51000213623048,108.58999633789062,0.0,760800,0.0008259837308868433,86026522.2676474
2015-07-28,63.53488540649414,0.0,108.73999786376952,0.0,108.79000091552734,108.5,108.61000061035156,0.0,750800,0.000944010898744874,86141876.46984524
2015-07-29,63.86212158203125,0.0,109.3000030517578,0.0,109.30999755859376,108.9800033569336,109.0,0.0,823400,0.000944010898744874,85938663.79760863
2015-07-30,64.0666275024414,0.0,109.6500015258789,0.0,109.72000122070312,108.9499969482422,109.18000030517578,0.0,995300,0.0008618415693944185,86457602.3458935
2015-07-31,64.07250213623047,0.0,109.66000366210938,0.0,109.8499984741211,109.51000213623048,109.76000213623048,0.0,419500,0.0007756279054671805,86052975.69257948
2015-08-03,63.79033279418945,0.0,108.76000213623048,0.419,109.3000030517578,108.68000030517578,109.25,0.0,3302800,0.0007315858014352562,87525463.12419346
2015-08-04,63.88420486450195,0.0,108.91999816894533,0.0,109.25,108.77999877929688,109.05999755859376,0.0,1428300,0.0008140269115161032,87929526.64644755
2015-08-05,63.81966400146485,0.0,108.80999755859376,0.0,108.94000244140624,108.76000213623048,108.91999816894533,0.0,810200,0.0008155247484030072,88067796.48018488
2015-08-06,63.5909423828125,0.0,108.41999816894533,0.0,108.86000061035156,108.30999755859376,108.7300033569336,0.0,1426900,0.000655655317158523,88847674.43626647
2015-08-07,63.62029647827149,0.0,108.47000122070312,0.0,108.5500030517578,108.3000030517578,108.41000366210938,0.0,892900,0.000642656033594163,89167629.04450552
2015-08-10,63.63198852539063,0.0,108.48999786376952,0.0,108.55999755859376,108.33999633789062,108.4499969482422,0.0,618600,0.0007239291332149621,89198645.26250325
2015-08-11,63.64959335327149,0.0,108.5199966430664,0.0,108.75,108.30999755859376,108.75,0.0,859400,0.000781773948664012,89210484.84698704
2015-08-12,63.68480682373047,0.0,108.58000183105467,0.0,108.63999938964844,108.33999633789062,108.41999816894533,0.0,905100,0.0008847719389302485,89597382.31000748
2015-08-13,63.63198852539063,0.0,108.48999786376952,0.0,108.6999969482422,108.47000122070312,108.5500030517578,0.0,766200,0.0009047965949737393,87880191.89210922
2015-08-14,63.667213439941406,0.0,108.5500030517578,0.0,108.5500030517578,108.37999725341795,108.4800033569336,0.0,1096000,0.0009047965949737393,88345830.80754356
2015-08-17,63.70826721191406,0.0,108.62000274658205,0.0,108.62999725341795,108.27999877929688,108.27999877929688,0.0,576600,0.0008746810174092062,88168401.34280977
2015-08-18,63.47949981689453,0.0,108.2300033569336,0.0,108.51000213623048,108.1999969482422,108.44000244140624,0.0,544700,0.000939248735614695,88367836.8019104
2015-08-19,63.30945587158203,0.0,107.94000244140624,0.0,108.23999786376952,107.8499984741211,108.12999725341795,0.0,1407000,0.0008685203192624001,89269688.71933468
2015-08-20,63.080665588378906,0.0,107.5500030517578,0.0,107.68000030517578,107.3499984741211,107.3499984741211,0.0,1412800,0.0008685203192624001,90120407.32498169
2015-08-21,62.81088638305664,0.0,107.08999633789062,0.0,107.52999877929688,107.05999755859376,107.25,0.0,1507000,0.0008685203192624001,90827343.32079206
2015-08-24,61.90179443359375,0.0,105.54000091552734,0.0,106.23999786376952,105.02999877929688,105.5999984741211,0.0,1862300,0.0008685203192624001,91861185.91664632
2015-08-25,62.38269805908203,0.0,106.36000061035156,0.0,106.95999908447266,106.3000030517578,106.95999908447266,0.0,1415100,0.000942003644093968,92531715.98392668
2015-08-26,62.37098693847656,0.0,106.33999633789062,0.0,106.61000061035156,106.26000213623048,106.30999755859376,0.0,1745800,0.000995468796099585,93458694.60532779
2015-08-27,63.274208068847656,0.0,107.87999725341795,0.0,107.97000122070312,107.38999938964844,107.38999938964844,0.0,1856000,0.0009402610148680187,94735244.49398707
2015-08-28,63.31526565551758,0.0,107.9499969482422,0.0,108.22000122070312,107.79000091552734,107.79000091552734,0.0,799400,0.0009402610148680187,94446921.90843612
2015-08-31,63.35047149658203,0.0,108.01000213623048,0.0,108.45999908447266,107.9000015258789,108.37000274658205,0.0,523300,0.0009805741485113637,94556992.72443378
2015-09-01,63.39821243286133,0.0,107.62999725341795,0.461,107.77999877929688,107.3499984741211,107.4800033569336,0.0,3986600,0.0008055858940263377,97383118.03278847
2015-09-02,63.12132263183594,0.0,107.16000366210938,0.0,107.4499969482422,107.08999633789062,107.31999969482422,0.0,780100,0.0008478834267368251,97655279.44006541
2015-09-03,63.45124053955078,0.0,107.72000122070312,0.0,107.86000061035156,107.2300033569336,107.25,0.0,792900,0.0008767588882382825,97785169.88615006
2015-09-04,63.404083251953125,0.0,107.63999938964844,0.0,107.87000274658205,107.01000213623048,107.66999816894533,0.0,698600,0.001058639268541834,98060327.5988261
2015-09-08,63.380516052246094,0.0,107.5999984741211,0.0,107.8000030517578,107.5999984741211,107.5999984741211,0.0,582800,0.001003028728425895,98139922.03968593
2015-09-09,63.592559814453125,0.0,107.95999908447266,0.0,108.0,107.66999816894533,107.91999816894533,0.0,972600,0.001007844249906309,98570222.78895302
2015-09-10,63.498313903808594,0.0,107.8000030517578,0.0,107.9800033569336,107.75,107.87999725341795,0.0,602700,0.000985676808302693,97942406.98284572
2015-09-11,63.51008987426758,0.0,107.81999969482422,0.0,107.87000274658205,107.69000244140624,107.8000030517578,0.0,520800,0.0009679690113624268,97672618.91013251
2015-09-14,63.551300048828125,0.0,107.88999938964844,0.0,107.88999938964844,107.70999908447266,107.70999908447266,0.0,235800,0.00102907121611175,96674773.98749457
2015-09-15,63.474735260009766,0.0,107.76000213623048,0.0,108.0,107.73999786376952,107.8000030517578,0.0,576200,0.0010149360671215194,96778572.73245917
2015-09-16,63.73393249511719,0.0,108.1999969482422,0.0,108.27999877929688,107.6999969482422,108.02999877929688,0.0,1286700,0.0009464165866732725,97329784.02941264
2015-09-17,64.10504913330078,0.0,108.83000183105467,0.0,108.97000122070312,108.16999816894533,108.1999969482422,0.0,685600,0.0009464165866732725,97188601.99799916
2015-09-18,64.26996612548828,0.0,109.11000061035156,0.0,109.23999786376952,108.91000366210938,108.95999908447266,0.0,1064900,0.0009464165866732725,97594675.96806723
2015-09-21,63.91065216064453,0.0,108.5,0.0,109.12999725341795,108.48999786376952,109.06999969482422,0.0,790300,0.0009464165866732725,97776145.54107909
2015-09-22,63.39821243286133,0.0,107.62999725341795,0.0,108.87000274658205,107.62000274658205,108.11000061035156,0.0,571000,0.0009464165866732725,97468875.90380472
2015-09-23,63.268585205078125,0.0,107.41000366210938,0.0,107.76000213623048,107.29000091552734,107.70999908447266,0.0,748600,0.0007549060939836739,97505349.00305612
2015-09-24,63.05651473999024,0.0,107.0500030517578,0.0,107.13999938964844,106.5999984741211,106.75,0.0,1100600,0.000701440941978057,97972616.94523644
2015-09-25,62.90925216674805,0.0,106.8000030517578,0.0,107.31999969482422,106.66999816894533,107.31999969482422,0.0,411800,0.0008228828391458399,97895076.20315552
2015-09-28,62.36737823486328,0.0,105.87999725341795,0.0,106.5,105.6999969482422,106.37000274658205,0.0,516300,0.0008228828391458399,97974884.41196623
2015-09-29,62.22598648071289,0.0,105.63999938964844,0.0,105.70999908447266,105.36000061035156,105.55999755859376,0.0,690600,0.000782569705502495,97986707.3788537
2015-09-30,62.67366027832031,0.0,106.4000015258789,0.0,106.4000015258789,106.06999969482422,106.12999725341795,0.0,985100,0.000782569705502495,97489359.00693016
2015-10-01,62.496192932128906,0.0,105.62999725341795,0.47,106.38999938964844,105.58999633789062,106.1500015258789,0.0,3095400,0.0007996438273042099,99473871.1858053
2015-10-02,63.20613479614258,0.0,106.83000183105467,0.0,106.83000183105467,106.04000091552734,106.26000213623048,0.0,1013300,0.001105894137666525,99819379.72258916
2015-10-05,63.51973342895508,0.0,107.36000061035156,0.0,107.54000091552734,107.01000213623048,107.16000366210938,0.0,623000,0.0008747841606867018,99257847.19611879
2015-10-06,63.72090530395508,0.0,107.6999969482422,0.0,107.75,107.3499984741211,107.38999938964844,0.0,726400,0.000849121601181842,99242157.35873874
2015-10-07,63.92205429077149,0.0,108.04000091552734,0.0,108.31999969482422,107.81999969482422,108.12999725341795,0.0,709200,0.000786461264252378,99063383.71680729
2015-10-08,63.9516487121582,0.0,108.08999633789062,0.0,108.11000061035156,107.61000061035156,107.79000091552734,0.0,666900,0.0007056307155897574,99233941.10835242
2015-10-09,64.21788787841797,0.0,108.54000091552734,0.0,108.55999755859376,108.2300033569336,108.27999877929688,0.0,463400,0.0007033138564865329,99156054.82985482
2015-10-12,64.30070495605469,0.0,108.68000030517578,0.0,108.72000122070312,108.36000061035156,108.36000061035156,0.0,277900,0.0006422116517372097,98688161.05175321
2015-10-13,63.851036071777344,0.0,107.91999816894533,0.0,108.41999816894533,107.91999816894533,108.41999816894533,0.0,775200,0.000697441903022784,98938761.67173234
2015-10-14,64.14091491699219,0.0,108.41000366210938,0.0,108.41999816894533,108.02999877929688,108.2300033569336,0.0,701700,0.0007849461025419399,98853904.26010859
2015-10-15,64.46046447753906,0.0,108.9499969482422,0.0,108.95999908447266,108.66000366210938,108.80999755859376,0.0,713700,0.0007849461025419399,98770203.60679626
2015-10-16,64.80951690673828,0.0,109.54000091552734,0.0,109.68000030517578,109.12000274658205,109.37999725341795,0.0,1156300,0.0007849461025419399,99007447.60968648
2015-10-19,64.81543731689453,0.0,109.5500030517578,0.0,109.55999755859376,109.20999908447266,109.20999908447266,0.0,723100,0.0008957302756933625,98869437.52882215
2015-10-20,64.46046447753906,0.0,108.9499969482422,0.0,109.25,108.7699966430664,109.11000061035156,0.0,1121300,0.0010105095568574579,98606968.69345771
2015-10-21,64.23563385009766,0.0,108.56999969482422,0.0,108.70999908447266,108.4499969482422,108.51000213623048,0.0,604000,0.0010105095568574579,97885418.97156125
2015-10-22,64.50779724121094,0.0,109.02999877929688,0.0,109.08999633789062,108.48999786376952,108.62000274658205,0.0,663900,0.001026036273067624,97785929.7154926
2015-10-23,64.63792419433594,0.0,109.25,0.0,109.41999816894533,109.12999725341795,109.33000183105467,0.0,687800,0.000884772755702477,97822247.9958065
2015-10-26,64.67340850830078,0.0,109.30999755859376,0.0,109.4499969482422,109.11000061035156,109.1500015258789,0.0,434600,0.001002841384281146,96416663.21591574
2015-10-27,64.4959487915039,0.0,109.01000213623048,0.0,109.2300033569336,108.86000061035156,109.06999969482422,0.0,1288800,0.001002841384281146,97062704.43402246
2015-10-28,64.22972869873047,0.0,108.55999755859376,0.0,109.23999786376952,108.48999786376952,109.0199966430664,0.0,566300,0.0010982350077605233,97141683.52423169
2015-10-29,64.3243637084961,0.0,108.72000122070312,0.0,108.87999725341795,108.63999938964844,108.73999786376952,0.0,654400,0.0010657645994129946,96962017.42325434
2015-10-30,64.19422149658203,0.0,108.5,0.0,108.81999969482422,108.41000366210938,108.7300033569336,0.0,892300,0.000736249875672075,97447459.98340788
2015-11-02,64.24173736572266,0.0,108.13999938964844,0.44,108.5199966430664,107.9800033569336,108.04000091552734,0.0,3335600,0.000736249875672075,99837841.18947226
2015-11-03,64.59815216064453,0.0,108.73999786376952,0.0,108.83000183105467,108.37000274658205,108.4800033569336,0.0,1028800,0.000835788501537865,100300646.70709883
2015-11-04,64.58625793457031,0.0,108.72000122070312,0.0,109.3000030517578,108.68000030517578,109.01000213623048,0.0,693900,0.000835788501537865,100464265.3369177
2015-11-05,64.66352081298828,0.0,108.8499984741211,0.0,109.01000213623048,108.5999984741211,108.8499984741211,0.0,840900,0.0008838891134656269,100373831.8875994
2015-11-06,64.27144622802734,0.0,108.19000244140624,0.0,108.26000213623048,107.83000183105467,108.22000122070312,0.0,1091200,0.0008884764101800673,100067344.33630686
2015-11-09,63.96257019042969,0.0,107.66999816894533,0.0,108.0,107.5199966430664,107.62999725341795,0.0,640700,0.000993994186482232,99947409.45957123
2015-11-10,64.04570007324219,0.0,107.80999755859376,0.0,107.86000061035156,107.4499969482422,107.55999755859376,0.0,461500,0.0010005117476044188,99621733.359243
2015-11-11,64.06352996826172,0.0,107.83999633789062,0.0,107.91000366210938,107.5199966430664,107.5199966430664,0.0,357600,0.0009693670969895972,99321962.248672
2015-11-12,64.18232727050781,0.0,108.04000091552734,0.0,108.1500015258789,107.88999938964844,107.91999816894533,0.0,834700,0.0009693670969895972,99608048.3161018
2015-11-13,64.0872802734375,0.0,107.87999725341795,0.0,107.97000122070312,107.6999969482422,107.91000366210938,0.0,718900,0.0009693670969895972,98995140.99374196
2015-11-16,64.1229248046875,0.0,107.94000244140624,0.0,107.94000244140624,107.52999877929688,107.63999938964844,0.0,1843200,0.0009155505381763344,100006098.30433679
2015-11-17,64.27144622802734,0.0,108.19000244140624,0.0,108.23999786376952,107.95999908447266,108.12000274658205,0.0,893700,0.0008007712570122394,100017443.84134686
2015-11-18,64.4258804321289,0.0,108.4499969482422,0.0,108.62000274658205,108.36000061035156,108.62000274658205,0.0,539600,0.0008007712570122394,99794354.26243374
2015-11-19,64.54472351074219,0.0,108.6500015258789,0.0,108.7300033569336,108.5500030517578,108.66999816894533,0.0,943100,0.0008366467551062748,100039797.612054
2015-11-20,64.74666595458984,0.0,108.98999786376952,0.0,109.0999984741211,108.8000030517578,108.8499984741211,0.0,1427800,0.0008366467551062748,101010620.0568729
2015-11-23,64.68136596679688,0.0,108.87999725341795,0.0,109.0199966430664,108.79000091552734,108.9000015258789,0.0,647400,0.0007939859646807863,101236840.02347673
2015-11-24,64.61597442626953,0.0,108.7699966430664,0.0,108.87000274658205,108.56999969482422,108.87000274658205,0.0,801300,0.0007939859646807863,101510994.10189068
2015-11-25,64.55659484863281,0.0,108.66999816894533,0.0,109.0,108.55999755859376,108.83000183105467,0.0,432900,0.0008013879781205745,101381987.90871756
2015-11-27,64.56251525878906,0.0,108.68000030517578,0.0,108.73999786376952,108.5500030517578,108.6500015258789,0.0,378300,0.0007922748947835437,100957869.44491069
2015-11-30,64.39022064208984,0.0,108.38999938964844,0.0,108.75,108.36000061035156,108.62000274658205,0.0,1260600,0.0008353118421362442,101575417.81847514
2015-12-01,64.57815551757812,0.0,108.27999877929688,0.425,108.33999633789062,108.08000183105467,108.20999908447266,0.0,2350100,0.0008353118421362442,102980215.09221394
2015-12-02,64.36940002441406,0.0,107.93000030517578,0.0,108.2699966430664,107.80999755859376,108.1500015258789,0.0,793900,0.0007451000477876603,102935722.59818788
2015-12-03,63.922061920166016,0.0,107.18000030517578,0.0,107.93000030517578,107.16000366210938,107.93000030517578,0.0,1245000,0.0007451000477876604,103441654.75073315
2015-12-04,64.01749420166016,0.0,107.33999633789062,0.0,107.38999938964844,106.9000015258789,106.91000366210938,0.0,1114300,0.0006969994358598985,104000583.79845393
2015-12-07,63.862430572509766,0.0,107.08000183105467,0.0,107.41999816894533,107.0199966430664,107.02999877929688,0.0,637200,0.0008190803499625433,103883445.19535246
2015-12-08,63.76107025146485,0.0,106.91000366210938,0.0,107.08000183105467,106.9000015258789,107.0199966430664,0.0,1314400,0.0007135625736603786,104541034.22458588
2015-12-09,63.868412017822266,0.0,107.08999633789062,0.0,107.36000061035156,107.0500030517578,107.18000030517578,0.0,1022100,0.0006658590903888381,104820038.53555709
2015-12-10,63.7729721069336,0.0,106.93000030517578,0.0,107.13999938964844,106.91999816894533,107.0199966430664,0.0,902200,0.0005472060023890723,105055553.71919057
2015-12-11,62.79485321044922,0.0,105.29000091552734,0.0,106.54000091552734,105.1999969482422,106.51000213623048,0.0,1817500,0.0005472060023890723,105875048.82793124
2015-12-14,63.04537963867188,0.0,105.70999908447266,0.0,105.94000244140624,105.13999938964844,105.13999938964844,0.0,1273700,0.0007313767012302923,105970027.81619723
2015-12-15,63.25410079956055,0.0,106.05999755859376,0.0,106.16999816894533,105.77999877929688,105.87000274658205,0.0,1093800,0.0006744090868921323,106455506.4348675
2015-12-16,63.30184173583984,0.0,106.13999938964844,0.0,106.43000030517578,105.63999938964844,106.08999633789062,0.0,1379800,0.0007781396956767497,107111098.71249123
2015-12-17,63.35551834106445,0.0,106.2300033569336,0.0,106.61000061035156,106.1999969482422,106.37999725341795,0.0,943900,0.0007781396956767497,107202864.36253503
2015-12-18,63.2123908996582,0.0,105.98999786376952,0.0,106.36000061035156,105.98999786376952,106.26000213623048,0.0,1017600,0.0007267374813725479,107602050.59581938
2015-12-21,63.09907150268555,0.0,105.8000030517578,0.0,106.20999908447266,105.7300033569336,106.16999816894533,0.0,979800,0.0007267374813725479,107875923.59456864
2015-12-22,63.206424713134766,0.0,105.9800033569336,0.0,106.18000030517578,105.73999786376952,105.8499984741211,0.0,1260300,0.0008463253512332866,108466122.603038
2015-12-23,63.492671966552734,0.0,106.45999908447266,0.0,106.47000122070312,105.94000244140624,105.98999786376952,0.0,1357000,0.0008463253512332866,109161232.09023854
2015-12-24,63.52141952514648,0.0,105.95999908447266,0.548,106.37999725341795,105.9000015258789,105.93000030517578,0.0,955800,0.000953802343600248,109333614.83550905
2015-12-28,63.34159851074219,0.0,105.66000366210938,0.0,106.0,105.63999938964844,106.0,0.0,534100,0.0009212373076543927,109263142.29836237
2015-12-29,63.40149688720703,0.0,105.76000213623048,0.0,105.91000366210938,105.66999816894533,105.7699966430664,0.0,438800,0.0009555415960314503,108943757.80932109
2015-12-30,63.533477783203125,0.0,105.9800033569336,0.0,106.0,105.45999908447266,105.45999908447266,0.0,1078100,0.0010136287227974696,103497990.74984354
2015-12-31,63.413551330566406,0.0,105.77999877929688,0.0,106.04000091552734,105.70999908447266,105.98999786376952,0.0,799600,0.0010644967334847428,103277644.192517
2016-01-04,63.34759521484375,0.0,105.66999816894533,0.0,105.81999969482422,105.4499969482422,105.48999786376952,0.0,1249700,0.0010644967334847428,103530020.3016917
2016-01-05,63.51543045043945,0.0,105.9499969482422,0.0,106.36000061035156,105.72000122070312,105.75,0.0,1170500,0.0010644967334847428,103764406.08871096
2016-01-06,63.50946044921875,0.0,105.94000244140624,0.0,106.02999877929688,105.73999786376952,105.8000030517578,0.0,913900,0.001009332331621408,103717471.44651261
2016-01-07,63.20971298217773,0.0,105.44000244140624,0.0,105.62000274658205,105.1500015258789,105.1500015258789,0.0,1173900,0.001009332331621408,104137179.74869864
2016-01-08,63.15576934814453,0.0,105.3499984741211,0.0,105.80999755859376,105.30999755859376,105.5500030517578,0.0,2015700,0.0009959362893067188,105312982.20527892
2016-01-11,63.04786682128906,0.0,105.16999816894533,0.0,105.4499969482422,105.06999969482422,105.4499969482422,0.0,787800,0.0009959362893067188,105567839.74481007
2016-01-12,62.75408554077149,0.0,104.68000030517578,0.0,105.25,104.61000061035156,105.12999725341795,0.0,1318100,0.0009959362893067188,105689693.87269399
2016-01-13,62.50830078125,0.0,104.2699966430664,0.0,104.97000122070312,104.25,104.91000366210938,0.0,1520200,0.0008117655904654988,106136793.95461915
2016-01-14,62.58022689819336,0.0,104.38999938964844,0.0,104.5,103.8000030517578,103.8000030517578,0.0,720900,0.0008117655904654988,106145565.53376819
2016-01-15,61.962772369384766,0.0,103.36000061035156,0.0,104.23999786376952,103.12000274658205,103.5999984741211,0.0,1434100,0.0008129748666342949,106842263.38065012
2016-01-19,62.19059371948242,0.0,103.73999786376952,0.0,103.98999786376952,103.5500030517578,103.91000366210938,0.0,1688500,0.0009101697936971926,107838936.04688492
2016-01-20,61.81290435791016,0.0,103.11000061035156,0.0,103.36000061035156,102.9000015258789,103.12000274658205,0.0,2162500,0.0009101697936971926,108960550.15368386
2016-01-21,62.094669342041016,0.0,103.58000183105467,0.0,103.69000244140624,103.26000213623048,103.31999969482422,0.0,803000,0.0009101697936971926,109177722.21243116
2016-01-22,62.67617034912109,0.0,104.5500030517578,0.0,104.79000091552734,104.16999816894533,104.4499969482422,0.0,1325000,0.0007151740856832733,109859602.96929374
2016-01-25,62.38843536376953,0.0,104.06999969482422,0.0,104.73999786376952,104.06999969482422,104.66000366210938,0.0,839200,0.0009379947175928275,109998155.07716224
2016-01-26,62.58625030517578,0.0,104.4000015258789,0.0,104.5500030517578,103.83000183105467,104.11000061035156,0.0,1405200,0.0008127666085965005,110507028.40908596
2016-01-27,62.886009216308594,0.0,104.9000015258789,0.0,105.3000030517578,104.70999908447266,104.70999908447266,0.0,773400,0.0008127666085965005,110502962.30419704
2016-01-28,63.21572113037109,0.0,105.4499969482422,0.0,105.9000015258789,105.37999725341795,105.8000030517578,0.0,557400,0.0008175781160505273,110255186.15964253
2016-01-29,63.4375114440918,0.0,105.81999969482422,0.0,106.11000061035156,105.61000061035156,106.11000061035156,0.0,1099100,0.0009324086628121269,110312107.70841931
2016-02-01,63.1239128112793,0.0,104.87999725341795,0.419,105.29000091552734,104.6999969482422,105.1999969482422,0.0,2583100,0.0008722138206076476,112097132.70341177
2016-02-02,62.98553085327149,0.0,104.6500015258789,0.0,104.66999816894533,104.4000015258789,104.61000061035156,0.0,1023500,0.0008722138206076476,110096313.19155617
2016-02-03,63.262393951416016,0.0,105.11000061035156,0.0,105.12999725341795,104.44000244140624,104.69000244140624,0.0,1051300,0.0008849307584502366,109738628.35232568
2016-02-04,63.340633392333984,0.0,105.23999786376952,0.0,105.29000091552734,104.9499969482422,105.23999786376952,0.0,1302600,0.0008134269494964862,110126943.91736832
2016-02-05,63.2744026184082,0.0,105.12999725341795,0.0,105.2699966430664,105.0999984741211,105.12000274658205,0.0,802100,0.0008594551691182706,109568374.67458816
2016-02-08,62.99153518676758,0.0,104.66000366210938,0.0,104.81999969482422,104.4800033569336,104.81999969482422,0.0,1115800,0.0008294265865142952,109726523.62693907
2016-02-09,62.78689956665039,0.0,104.31999969482422,0.0,104.58999633789062,104.25,104.25,0.0,783800,0.0008294265865142952,109842826.03235397
2016-02-10,62.84708786010742,0.0,104.41999816894533,0.0,104.7699966430664,104.4000015258789,104.52999877929688,0.0,745000,0.0009016561931021849,109720054.71109058
2016-02-11,62.77485656738281,0.0,104.3000030517578,0.0,104.36000061035156,103.9499969482422,104.0199966430664,0.0,882000,0.0009016561931021849,109670188.38596646
2016-02-12,63.02161407470703,0.0,104.70999908447266,0.0,104.83000183105467,104.27999877929688,104.41000366210938,0.0,991600,0.0009016561931021849,109834516.94730729
2016-02-16,63.22629165649414,0.0,105.0500030517578,0.0,105.2300033569336,104.73999786376952,105.2300033569336,0.0,2044000,0.0007967163081487715,110594448.71629988
2016-02-17,63.671630859375,0.0,105.79000091552734,0.0,105.91000366210938,105.37000274658205,105.48999786376952,0.0,1727400,0.0006995213810858737,111547713.43056814
2016-02-18,63.86427307128906,0.0,106.11000061035156,0.0,106.30999755859376,105.93000030517578,106.0,0.0,1249500,0.0006995213810858737,112132090.91417222
2016-02-19,63.81005859375,0.0,106.0199966430664,0.0,106.18000030517578,105.75,106.18000030517578,0.0,570100,0.0007152677512051571,111406459.30029248
2016-02-22,64.12306213378906,0.0,106.54000091552734,0.0,106.5999984741211,106.41999816894533,106.52999877929688,0.0,657000,0.0007336142597319677,110756063.55656216
2016-02-23,64.11100769042969,0.0,106.5199966430664,0.0,106.68000030517578,106.25,106.5199966430664,0.0,645600,0.0005517525869769924,110021021.37681265
2016-02-24,64.12306213378906,0.0,106.54000091552734,0.0,106.56999969482422,106.0,106.0,0.0,847600,0.0005052269906772445,109177816.30594768
2016-02-25,64.3457260131836,0.0,106.91000366210938,0.0,106.98999786376952,106.5199966430664,106.54000091552734,0.0,1161100,0.0005052269906772445,108968476.37252203
2016-02-26,64.45406341552734,0.0,107.08999633789062,0.0,107.45999908447266,107.01000213623048,107.2699966430664,0.0,1342000,0.0004174631993706066,108635670.09854393
2016-02-29,64.5503921508789,0.0,107.25,0.0,107.55999755859376,107.11000061035156,107.4000015258789,0.0,1410100,0.0003642722632537471,108246844.30566818
2016-03-01,65.30516052246094,0.0,108.05999755859376,0.439,108.16000366210938,107.33000183105467,107.4499969482422,0.0,7117100,0.0003642722632537471,113665721.933159
2016-03-02,65.14805603027344,0.0,107.8000030517578,0.0,107.86000061035156,107.43000030517578,107.62999725341795,0.0,2353700,0.00048144721491864985,115230858.7035164
2016-03-03,65.22664642333984,0.0,107.93000030517578,0.0,107.97000122070312,107.63999938964844,107.8000030517578,0.0,1836700,0.0004709852014995714,113398773.6599453
2016-03-04,65.38375854492188,0.0,108.19000244140624,0.0,108.25,107.98999786376952,107.98999786376952,0.0,1642800,0.0004709852014995714,114145908.71672252
2016-03-07,65.51065063476562,0.0,108.4000015258789,0.0,108.41999816894533,108.0999984741211,108.29000091552734,0.0,1405400,0.000424956981877787,114677132.313362
2016-03-08,65.25082397460938,0.0,107.97000122070312,0.0,108.4800033569336,107.80999755859376,108.30999755859376,0.0,1896900,0.0005057119030415986,115705790.9779806
2016-03-09,65.40787506103516,0.0,108.2300033569336,0.0,108.25,107.86000061035156,108.0,0.0,989600,0.0006233632529547097,116058133.29711793
2016-03-10,65.37169647216797,0.0,108.16999816894533,0.0,108.7300033569336,108.11000061035156,108.44000244140624,0.0,1198200,0.0005511336463668202,116253430.09629628
2016-03-11,65.77657318115234,0.0,108.83999633789062,0.0,108.9000015258789,108.4499969482422,108.4499969482422,0.0,1250100,0.0007138593150248503,116817634.9977463
2016-03-14,65.63150024414062,0.0,108.5999984741211,0.0,108.9000015258789,108.5999984741211,108.68000030517578,0.0,1188700,0.0008146252038819795,117396525.17508855
2016-03-15,65.26289367675781,0.0,107.98999786376952,0.0,108.56999969482422,107.9800033569336,108.31999969482422,0.0,1062000,0.0008146252038819795,118104818.1582254
2016-03-16,65.9095458984375,0.0,109.05999755859376,0.0,109.1999969482422,107.9000015258789,107.9000015258789,0.0,1478900,0.0009572298881011557,118892100.04043579
2016-03-17,66.42325592041016,0.0,109.91000366210938,0.0,110.11000061035156,109.51000213623048,109.58999633789062,0.0,1627400,0.0009572298881011557,119206755.6268359
2016-03-18,66.47763061523438,0.0,110.0,0.0,110.41000366210938,109.91000366210938,110.36000061035156,0.0,1442700,0.0009414835179818722,119874082.22004724
2016-03-21,66.72543334960938,0.0,110.41000366210938,0.0,110.58000183105467,110.25,110.25,0.0,1932700,0.0010317013911502805,120645496.30280752
2016-03-22,66.5984878540039,0.0,110.1999969482422,0.0,110.4800033569336,110.1500015258789,110.26000213623048,0.0,1738400,0.0010308747319133804,121485370.308322
2016-03-23,66.18148803710938,0.0,109.51000213623048,0.0,110.08999633789062,109.48999786376952,110.0,0.0,1193100,0.0009923558079233284,122034573.92036195
2016-03-24,66.02436065673828,0.0,109.25,0.0,109.48999786376952,108.86000061035156,109.33000183105467,0.0,1100800,0.0009923558079233284,122350885.59701708
2016-03-28,66.15127563476562,0.0,109.45999908447266,0.0,109.5500030517578,108.80999755859376,109.04000091552734,0.0,1212000,0.001248713384839634,122468713.25996642
2016-03-29,66.49575805664062,0.0,110.02999877929688,0.0,110.04000091552734,109.27999877929688,109.4000015258789,0.0,1629600,0.0011289866474288742,123542718.37706187
2016-03-30,66.56222534179688,0.0,110.13999938964844,0.0,110.3000030517578,110.04000091552734,110.04000091552734,0.0,1205200,0.0011289866474288742,124162360.31898619
2016-03-31,66.68914031982422,0.0,110.3499984741211,0.0,110.63999938964844,110.26000213623048,110.3000030517578,0.0,2063500,0.0010118116957639717,125390552.68623109
2016-04-01,66.86449432373047,0.0,110.20999908447266,0.429,110.4800033569336,109.6999969482422,109.91000366210938,0.0,1421900,0.0010095567713404613,125802401.54492211
2016-04-04,66.8462905883789,0.0,110.18000030517578,0.0,110.37000274658205,110.08999633789062,110.08999633789062,0.0,1170200,0.001062862371692538,124230699.50411963
2016-04-05,66.67033386230469,0.0,109.88999938964844,0.0,110.0199966430664,109.72000122070312,110.0199966430664,0.0,1325300,0.001062862371692538,124527416.76868862
2016-04-06,66.82805633544922,0.0,110.1500015258789,0.0,110.1500015258789,109.8000030517578,109.8499984741211,0.0,1525100,0.001016136668827027,125329833.33175902
2016-04-07,66.55504608154297,0.0,109.6999969482422,0.0,110.12999725341795,109.52999877929688,110.12999725341795,0.0,1535600,0.0010022417627738862,126045881.24866788
2016-04-08,66.76742553710938,0.0,110.0500030517578,0.0,110.1500015258789,109.93000030517578,110.0,0.0,1011000,0.0010451890172592962,126320790.64895387
2016-04-11,67.064697265625,0.0,110.54000091552734,0.0,110.70999908447266,110.23999786376952,110.55999755859376,0.0,1608000,0.0008824633486012659,127159386.7038303
2016-04-12,67.15567016601562,0.0,110.69000244140624,0.0,110.83999633789062,110.58999633789062,110.63999938964844,0.0,1618100,0.0007816974597441368,128181688.7397524
2016-04-13,67.43474578857422,0.0,111.1500015258789,0.0,111.2300033569336,111.02999877929688,111.02999877929688,0.0,1859700,0.000803646484463551,129582510.05525135
2016-04-14,67.51972198486328,0.0,111.29000091552734,0.0,111.47000122070312,111.20999908447266,111.37999725341795,0.0,752000,0.0006610418002443746,129582752.10372682
2016-04-15,67.55614471435547,0.0,111.3499984741211,0.0,111.41999816894533,111.23999786376952,111.4000015258789,0.0,734900,0.0007220115987723142,129628464.91570246
2016-04-18,67.5925064086914,0.0,111.41000366210938,0.0,111.41000366210938,111.0,111.01000213623048,0.0,891300,0.0007520958432500164,129799434.14936975
2016-04-19,67.85340118408203,0.0,111.83999633789062,0.0,111.83999633789062,111.48999786376952,111.75,0.0,2069100,0.0006435314615547974,130630759.81098962
2016-04-20,67.90798950195312,0.0,111.93000030517578,0.0,112.18000030517578,111.66999816894533,111.93000030517578,0.0,1628000,0.0006033991616371187,131448271.18630788
2016-04-21,67.6653060913086,0.0,111.52999877929688,0.0,112.47000122070312,111.5199966430664,112.01000213623048,0.0,1460700,0.0007417810925692649,131771654.02471149
2016-04-22,67.56216430664062,0.0,111.36000061035156,0.0,111.58999633789062,111.36000061035156,111.48999786376952,0.0,930200,0.0007417810925692649,132073326.98306128
2016-04-25,67.28915405273438,0.0,110.91000366210938,0.0,111.19000244140624,110.87999725341795,111.16000366210938,0.0,1438000,0.0004854235156529595,132764625.1503354
2016-04-26,67.34982299804688,0.0,111.01000213623048,0.0,111.02999877929688,110.87000274658205,111.0,0.0,1135400,0.0005168420649345502,133168582.34418839
2016-04-27,67.65316772460938,0.0,111.51000213623048,0.0,111.6500015258789,110.98999786376952,111.0999984741211,0.0,1227900,0.0005168420649345502,133878241.12739563
2016-04-28,67.79275512695312,0.0,111.73999786376952,0.0,111.9000015258789,111.61000061035156,111.69000244140624,0.0,1635200,0.0005168420649345502,134213361.39528184
2016-04-29,67.7259750366211,0.0,111.62999725341795,0.0,111.9800033569336,111.54000091552734,111.9000015258789,0.0,1128000,0.0006107878248105133,134724798.77849156
2016-05-02,67.71376037597656,0.0,111.1999969482422,0.41,111.58999633789062,111.18000030517578,111.58999633789062,0.0,1025500,0.0005574822244584365,135065189.47747245
2016-05-03,67.56155395507812,0.0,110.9499969482422,0.0,111.20999908447266,110.7699966430664,111.20999908447266,0.0,1387300,0.0005574822244584365,135518414.7216494
2016-05-04,67.40325164794922,0.0,110.69000244140624,0.0,110.87999725341795,110.63999938964844,110.7699966430664,0.0,1001300,0.000524790959660006,133535256.92387536
2016-05-05,67.56155395507812,0.0,110.9499969482422,0.0,111.04000091552734,110.6999969482422,111.04000091552734,0.0,975200,0.0004495679287247499,133506103.96531726
2016-05-06,67.64679718017578,0.0,111.08999633789062,0.0,111.11000061035156,110.62999725341795,110.79000091552734,0.0,1031200,0.0005244453681155569,133816542.0238616
2016-05-09,67.47634887695312,0.0,110.80999755859376,0.0,111.26000213623048,110.76000213623048,110.76000213623048,0.0,1198500,0.0005931209384313873,134144112.0108226
2016-05-10,67.77469635009766,0.0,111.3000030517578,0.0,111.36000061035156,111.05999755859376,111.20999908447266,0.0,969800,0.0006835547528754847,134063808.933803
2016-05-11,67.93302154541016,0.0,111.55999755859376,0.0,111.61000061035156,111.37000274658205,111.54000091552734,0.0,1114900,0.0006616057281560707,134503444.43738422
2016-05-12,68.06698608398438,0.0,111.77999877929688,0.0,111.91999816894533,111.61000061035156,111.7699966430664,0.0,780200,0.0006616057281560707,134800717.78003752
2016-05-13,68.1095962524414,0.0,111.8499984741211,0.0,111.9000015258789,111.5999984741211,111.9000015258789,0.0,378100,0.0007209604351882682,134830296.36521718
2016-05-16,68.1461410522461,0.0,111.91000366210938,0.0,111.9800033569336,111.77999877929688,111.91999816894533,0.0,863800,0.000690876190710566,134881779.47949606
2016-05-17,68.09745788574219,0.0,111.83000183105467,0.0,111.91999816894533,111.72000122070312,111.87000274658205,0.0,449300,0.0007155273347847585,134665035.7477279
2016-05-18,67.43980407714844,0.0,110.75,0.0,111.81999969482422,110.6999969482422,111.81999969482422,0.0,1817100,0.0007155273347847586,134683200.92629933
2016-05-19,67.2083969116211,0.0,110.37000274658205,0.0,110.4800033569336,110.12999725341795,110.33000183105467,0.0,1662600,0.0005771454038526124,135372183.15951028
2016-05-20,67.2753677368164,0.0,110.4800033569336,0.0,110.83999633789062,110.41000366210938,110.62000274658205,0.0,1528400,0.0005771454038526124,136247881.7212362
2016-05-23,67.2814712524414,0.0,110.48999786376952,0.0,110.81999969482422,110.4000015258789,110.81999969482422,0.0,927700,0.0007529338966170876,136248149.61472163
2016-05-24,67.43980407714844,0.0,110.75,0.0,110.93000030517578,110.43000030517578,110.43000030517578,0.0,1989200,0.0008557631086901545,136761546.2897225
2016-05-25,67.62855529785156,0.0,111.05999755859376,0.0,111.11000061035156,110.91999816894533,111.05999755859376,0.0,972900,0.000882815524256352,137059652.33260262
2016-05-26,67.65292358398438,0.0,111.0999984741211,0.0,111.2300033569336,111.04000091552734,111.20999908447266,0.0,1003800,0.000882815524256352,137253023.6036997
2016-05-27,67.61637115478516,0.0,111.04000091552734,0.0,111.27999877929688,111.04000091552734,111.2300033569336,0.0,555800,0.0008606848652722716,137369474.3203784
2016-05-31,67.579833984375,0.0,110.9800033569336,0.0,111.16000366210938,110.9499969482422,111.01000213623048,0.0,976900,0.0008606848652722716,137903622.90104458
2016-06-01,67.81462860107422,0.0,110.91999816894533,0.444,110.9499969482422,110.52999877929688,110.70999908447266,0.0,1858600,0.0008606848652722716,138455364.76903036
2016-06-02,67.93689727783203,0.0,111.12000274658205,0.0,111.25,110.88999938964844,111.08999633789062,0.0,4650500,0.0008593469117724017,140537069.1153935
2016-06-03,68.47490692138672,0.0,112.0,0.0,112.31999969482422,111.77999877929688,111.79000091552734,0.0,1301800,0.0008308134988476871,141014180.01029605
2016-06-06,68.603271484375,0.0,112.20999908447266,0.0,112.4000015258789,112.05999755859376,112.05999755859376,0.0,903800,0.0007969918392197718,140760023.63563415
2016-06-07,68.71334838867188,0.0,112.38999938964844,0.0,112.9000015258789,112.3499984741211,112.81999969482422,0.0,1512700,0.0007283162689039413,141160050.57339138
2016-06-08,69.07404327392578,0.0,112.9800033569336,0.0,113.18000030517578,112.81999969482422,113.18000030517578,0.0,810000,0.0007530350932906319,141344831.7285689
2016-06-09,68.98844909667969,0.0,112.83999633789062,0.0,112.83999633789062,112.54000091552734,112.83000183105467,0.0,916300,0.0007530350932906319,141050171.2510366
2016-06-10,68.72555541992188,0.0,112.41000366210938,0.0,112.66000366210938,112.4000015258789,112.6500015258789,0.0,893100,0.0008568972331542933,140978240.2114626
2016-06-13,68.47490692138672,0.0,112.0,0.0,112.3499984741211,112.0,112.1999969482422,0.0,816300,0.0007365727275941562,140938187.4632457
2016-06-14,68.16311645507812,0.0,111.48999786376952,0.0,111.62000274658205,111.3499984741211,111.51000213623048,0.0,1144200,0.0007365727275941562,140431856.343339
2016-06-15,68.43211364746094,0.0,111.93000030517578,0.0,112.0199966430664,111.63999938964844,111.66000366210938,0.0,1151300,0.0007119215835199637,140386000.65696958
2016-06-16,68.4443130493164,0.0,111.9499969482422,0.0,112.06999969482422,111.6999969482422,111.88999938964844,0.0,894900,0.0008202363324476538,140260410.39458382
2016-06-17,68.3770980834961,0.0,111.83999633789062,0.0,112.2300033569336,111.83000183105467,112.13999938964844,0.0,761200,0.0008362902914150554,139773748.76009622
2016-06-20,68.84173583984375,0.0,112.5999984741211,0.0,112.73999786376952,112.41999816894533,112.73999786376952,0.0,1483700,0.0009572950803136627,140303860.8042823
2016-06-21,68.78675842285156,0.0,112.51000213623048,0.0,112.70999908447266,112.4800033569336,112.68000030517578,0.0,946300,0.0008609162433955642,140292851.22646755
2016-06-22,69.08628845214844,0.0,113.0,0.0,113.0,112.6999969482422,112.6999969482422,0.0,1392900,0.0007781585194842337,140719318.34559366
2016-06-23,69.2513427734375,0.0,113.2699966430664,0.0,113.41999816894533,113.16999816894533,113.16999816894533,0.0,583900,0.0007511061039180359,140184173.5266186
2016-06-24,68.66443634033203,0.0,112.30999755859376,0.0,112.66999816894533,111.51000213623048,111.51000213623048,0.0,1312400,0.0007511061039180359,140207422.9078747
2016-06-27,68.87232971191406,0.0,112.6500015258789,0.0,112.95999908447266,111.9499969482422,112.56999969482422,0.0,1853900,0.0007738429242855702,141061115.53250873
2016-06-28,69.37975311279297,0.0,113.4800033569336,0.0,113.5500030517578,113.08000183105467,113.23999786376952,0.0,1278400,0.0007738429242855702,141764606.2335847
2016-06-29,70.07674407958984,0.0,114.62000274658205,0.0,114.6999969482422,114.0199966430664,114.37999725341795,0.0,1368300,0.0007738429242855702,142641011.47819397
2016-06-30,70.40080261230469,0.0,115.1500015258789,0.0,115.19000244140624,114.58000183105467,114.69000244140624,0.0,5314800,0.0007738429242855702,146591346.2916117
2016-07-01,70.67041015625,0.0,115.05999755859376,0.529,115.5,114.61000061035156,115.13999938964844,0.0,1587200,0.0009410497942904181,147369453.76066783
2016-07-05,70.83008575439453,0.0,115.31999969482422,0.0,115.4499969482422,115.0999984741211,115.38999938964844,0.0,1809900,0.0009264448192828941,147977881.3061911
2016-07-06,70.92835235595703,0.0,115.4800033569336,0.0,115.51000213623048,115.12000274658205,115.19000244140624,0.0,1354700,0.0010458452297064523,148235232.80714124
2016-07-07,70.90375518798828,0.0,115.44000244140624,0.0,115.77999877929688,115.3499984741211,115.77999877929688,0.0,1119400,0.0009306925908756644,148492415.1127104
2016-07-08,71.46884155273438,0.0,116.36000061035156,0.0,116.36000061035156,115.66999816894533,115.66999816894533,0.0,1447800,0.0009652464834091984,148847097.5731683
2016-07-11,71.67157745361328,0.0,116.69000244140624,0.0,116.93000030517578,116.5500030517578,116.62999725341795,0.0,1456600,0.0008613843435455369,148510721.90357995
2016-07-12,71.42584228515625,0.0,116.29000091552734,0.0,116.66000366210938,116.29000091552734,116.61000061035156,0.0,1644300,0.0008613843435455369,149370743.52221414
2016-07-13,71.46273040771484,0.0,116.3499984741211,0.0,116.56999969482422,116.3000030517578,116.51000213623048,0.0,1701800,0.0009526934778314596,149847138.11746022
2016-07-14,71.49340057373047,0.0,116.4000015258789,0.0,116.86000061035156,116.20999908447266,116.5,0.0,3426400,0.0010085601060234482,151754453.32644024
2016-07-15,71.47500610351562,0.0,116.37000274658205,0.0,116.48999786376952,116.23999786376952,116.3499984741211,0.0,6078700,0.000948463775575594,156771307.17672318
2016-07-18,71.37672424316406,0.0,116.20999908447266,0.0,116.36000061035156,116.08000183105467,116.31999969482422,0.0,3840700,0.0009324098166081923,159137173.57837737
2016-07-19,71.3951416015625,0.0,116.23999786376952,0.0,116.4000015258789,116.08999633789062,116.29000091552734,0.0,2461700,0.0009129225715332949,160017991.168443
2016-07-20,71.36445617675781,0.0,116.19000244140624,0.0,116.4000015258789,116.06999969482422,116.33999633789062,0.0,2212700,0.0009609936681198037,160288770.86750817
2016-07-21,71.36445617675781,0.0,116.19000244140624,0.0,116.3000030517578,116.01000213623048,116.3000030517578,0.0,1963700,0.0009607552520997807,161439465.8383324
2016-07-22,71.37056732177734,0.0,116.1999969482422,0.0,116.73999786376952,116.12999725341795,116.33000183105467,0.0,2897300,0.0009607552520997807,163011985.65670195
2016-07-25,71.19247436523438,0.0,115.91000366210938,0.0,116.43000030517578,115.88999938964844,116.27999877929688,0.0,1088000,0.0009607552520997807,163319720.10305494
2016-07-26,70.98981475830078,0.0,115.58000183105467,0.0,115.87000274658205,115.5500030517578,115.77999877929688,0.0,3716500,0.0008662033308403637,165564562.9178244
2016-07-27,71.30916595458984,0.0,116.0999984741211,0.0,116.45999908447266,115.58000183105467,116.31999969482422,0.0,2657800,0.0008938291427576373,167369649.5429387
2016-07-28,71.13716125488281,0.0,115.81999969482422,0.0,116.47000122070312,115.72000122070312,116.01000213623048,0.0,1636100,0.0011705485727915832,168407072.3461272
2016-07-29,71.36445617675781,0.0,116.19000244140624,0.0,116.1999969482422,115.7699966430664,115.9000015258789,0.0,1852800,0.0012898357237748053,169192549.13072133
2016-08-01,71.09365844726562,0.0,115.25,0.501,115.66999816894533,115.05999755859376,115.58000183105467,0.0,2198100,0.0012540246632511735,169052989.6394094
2016-08-02,70.9271011352539,0.0,114.9800033569336,0.0,115.38999938964844,114.97000122070312,115.38999938964844,0.0,2596900,0.0012272326984766727,170572690.3866783
2016-08-03,71.02581024169922,0.0,115.13999938964844,0.0,115.26000213623048,114.94000244140624,115.0,0.0,2821500,0.0011896747958870077,172274002.80442616
2016-08-04,71.5007553100586,0.0,115.91000366210938,0.0,115.9800033569336,115.6500015258789,115.68000030517578,0.0,1375000,0.0011896747958870077,172450912.59663293
2016-08-05,71.31571960449219,0.0,115.61000061035156,0.0,116.0999984741211,115.5999984741211,116.0999984741211,0.0,1896700,0.0012584189601797108,173521965.90901935
2016-08-08,71.74134063720703,0.0,116.3000030517578,0.0,116.33000183105467,116.06999969482422,116.06999969482422,0.0,2728500,0.0013247656498844812,175113592.3077538
2016-08-09,72.074462890625,0.0,116.83999633789062,0.0,116.87999725341795,116.5999984741211,116.6500015258789,0.0,2394600,0.0013247656498844812,176685171.9860864
2016-08-10,72.2842025756836,0.0,117.18000030517578,0.0,117.1999969482422,116.94000244140624,117.0199966430664,0.0,1565800,0.0012334565155985584,177523962.03245133
2016-08-11,72.17314910888672,0.0,117.0,0.0,117.13999938964844,116.7699966430664,117.0,0.0,2082500,0.0012417178429721966,178727612.01108903
2016-08-12,72.48158264160156,0.0,117.5,0.0,117.5199966430664,117.16999816894533,117.16999816894533,0.0,2981200,0.0011934994244923607,180683648.2405163
2016-08-15,72.56794738769531,0.0,117.63999938964844,0.0,117.66000366210938,117.52999877929688,117.52999877929688,0.0,866400,0.0011934994244923607,179788418.7899877
2016-08-16,72.37673950195312,0.0,117.33000183105467,0.0,117.79000091552734,117.31999969482422,117.7699966430664,0.0,3161200,0.0011100921936430968,181281767.6328992
2016-08-17,72.59881591796875,0.0,117.69000244140624,0.0,117.73999786376952,117.27999877929688,117.5500030517578,0.0,4524200,0.001134257659726899,184455328.4526038
2016-08-18,72.77154541015625,0.0,117.97000122070312,0.0,117.98999786376952,117.68000030517578,117.79000091552734,0.0,2233700,0.001083006038303595,186066976.00530595
2016-08-19,72.4322738647461,0.0,117.41999816894533,0.0,117.77999877929688,117.37999725341795,117.75,0.0,1289400,0.0011711489704519383,186713043.98179433
2016-08-22,72.5247802734375,0.0,117.56999969482422,0.0,117.62000274658205,117.25,117.44000244140624,0.0,2127300,0.001186452142564526,188152229.30336604
2016-08-23,72.58645629882812,0.0,117.66999816894533,0.0,117.83000183105467,117.6500015258789,117.69000244140624,0.0,2851500,0.001186452142564526,190098520.53354657
2016-08-24,72.33975219726562,0.0,117.2699966430664,0.0,117.76000213623048,117.25,117.68000030517578,0.0,1835800,0.0011588263306472526,190821941.6016836
2016-08-25,72.33355712890625,0.0,117.26000213623048,0.0,117.4000015258789,117.08999633789062,117.4000015258789,0.0,1066800,0.0008821069006133067,190674149.50004455
2016-08-26,72.24100494384766,0.0,117.11000061035156,0.0,117.83999633789062,117.08000183105467,117.48999786376952,0.0,2447700,0.0008255175791278896,191748886.98809186
2016-08-29,72.59881591796875,0.0,117.69000244140624,0.0,117.6999969482422,117.12000274658205,117.12000274658205,0.0,1803900,0.0008957627105697568,187330055.13713777
2016-08-30,72.57414245605469,0.0,117.6500015258789,0.0,117.73999786376952,117.37000274658205,117.7300033569336,0.0,1880300,0.000922888706623407,187072026.80925035
2016-08-31,72.30887603759766,0.0,117.22000122070312,0.0,117.66000366210938,117.22000122070312,117.66000366210938,0.0,1646000,0.0008974106742867492,187030035.4636056
2016-09-01,72.21719360351562,0.0,116.58000183105467,0.492,116.75,116.33000183105467,116.5199966430664,0.0,4263800,0.0008974106742867492,189564474.1604033
2016-09-02,72.42784118652344,0.0,116.91999816894533,0.0,116.95999908447266,116.54000091552734,116.95999908447266,0.0,2233500,0.0007941126174605118,190427930.1426721
2016-09-06,72.87382507324219,0.0,117.63999938964844,0.0,117.63999938964844,117.06999969482422,117.31999969482422,0.0,3019200,0.0007277659277557414,191621345.94300285
2016-09-07,73.07825469970703,0.0,117.97000122070312,0.0,118.13999938964844,117.6500015258789,118.0199966430664,0.0,2922700,0.0007277659277557414,193507746.82590544
2016-09-08,72.74372863769531,0.0,117.43000030517578,0.0,118.0500030517578,117.38999938964844,117.87999725341795,0.0,2150400,0.0008014555118747057,194483240.32471672
2016-09-09,72.03134155273438,0.0,116.27999877929688,0.0,117.26000213623048,116.16000366210938,117.20999908447266,0.0,3323500,0.0007373275563090791,196470507.75742304
2016-09-12,72.01898193359375,0.0,116.26000213623048,0.0,116.56999969482422,115.5999984741211,115.5999984741211,0.0,2943900,0.0007373275563090791,198162293.48839653
2016-09-13,71.22599792480469,0.0,114.9800033569336,0.0,116.27999877929688,114.94000244140624,116.18000030517578,0.0,5101800,0.0007623275607716715,201907687.16613528
2016-09-14,71.36231994628906,0.0,115.1999969482422,0.0,115.66999816894533,115.12000274658205,115.33000183105467,0.0,2590800,0.0008581555681384083,202996348.44950116
2016-09-15,71.65963745117188,0.0,115.68000030517578,0.0,115.72000122070312,115.16999816894533,115.16999816894533,0.0,2640900,0.0008924781364318431,204001362.51970926
2016-09-16,71.45520782470703,0.0,115.3499984741211,0.0,115.83000183105467,115.18000030517578,115.83000183105467,0.0,1646400,0.001092739266417188,204249102.49977112
2016-09-19,71.709228515625,0.0,115.76000213623048,0.0,115.83999633789062,115.5199966430664,115.70999908447266,0.0,2041200,0.001082446982392076,204430847.75598314
2016-09-20,71.78974914550781,0.0,115.88999938964844,0.0,116.16999816894533,115.77999877929688,116.0,0.0,3388800,0.0010671438102794885,206027326.76579913
2016-09-21,72.57028198242188,0.0,117.1500015258789,0.0,117.20999908447266,116.22000122070312,116.3499984741211,0.0,2238300,0.0010671438102794885,207071457.4393439
2016-09-22,72.8552474975586,0.0,117.61000061035156,0.0,118.0500030517578,117.5999984741211,117.91000366210938,0.0,4748500,0.0010671438102794885,210549304.16869512
2016-09-23,72.62606048583984,0.0,117.23999786376952,0.0,117.69000244140624,116.98999786376952,117.69000244140624,0.0,2978100,0.0010671438102794885,212267454.31748646
2016-09-26,72.40303039550781,0.0,116.87999725341795,0.0,117.0199966430664,116.73999786376952,116.9499969482422,0.0,1771700,0.0010291797600250918,212487862.29465425
2016-09-27,72.60746765136719,0.0,117.20999908447266,0.0,117.2699966430664,116.86000061035156,116.95999908447266,0.0,2338500,0.000827538819102009,213609726.227945
2016-09-28,72.68177795410156,0.0,117.33000183105467,0.0,117.33999633789062,116.9499969482422,117.18000030517578,0.0,2134600,0.0008463024052431653,213790245.27601817
2016-09-29,72.39069366455078,0.0,116.86000061035156,0.0,117.54000091552734,116.86000061035156,117.47000122070312,0.0,2133100,0.0008970441086001968,214524899.7966827
2016-09-30,72.60746765136719,0.0,117.20999908447266,0.0,117.44000244140624,117.0500030517578,117.11000061035156,0.0,1942900,0.001004304103904383,215308984.48608035
2016-10-03,72.75180053710938,0.0,116.94000244140624,0.502,117.05999755859376,116.6999969482422,116.94000244140624,0.0,2778600,0.001004304103904383,216731939.046339
2016-10-04,72.43453216552734,0.0,116.43000030517578,0.0,117.19000244140624,116.31999969482422,117.19000244140624,0.0,3174200,0.0010781169091532423,218331798.88476416
2016-10-05,72.45317840576172,0.0,116.45999908447266,0.0,116.69000244140624,116.27999877929688,116.4800033569336,0.0,1380400,0.0011318976977631437,218270735.92779976
2016-10-06,72.34117889404297,0.0,116.27999877929688,0.0,116.45999908447266,116.06999969482422,116.45999908447266,0.0,1722100,0.0010582081136441795,218976967.93424818
2016-10-07,72.38472747802734,0.0,116.3499984741211,0.0,116.37000274658205,115.88999938964844,116.1500015258789,0.0,1368300,0.0011085206590422448,218829772.54885113
2016-10-10,72.65226745605469,0.0,116.77999877929688,0.0,116.8000030517578,116.1500015258789,116.3499984741211,0.0,816800,0.0011085206590422448,218165315.48577565
2016-10-11,72.07366180419922,0.0,115.8499984741211,0.0,116.11000061035156,115.61000061035156,116.11000061035156,0.0,2282500,0.0012596165116237961,218623426.30862886
2016-10-12,72.07366180419922,0.0,115.8499984741211,0.0,115.87000274658205,115.37999725341795,115.68000030517578,0.0,1599000,0.0011456781912826135,219429410.96634033
2016-10-13,72.24168395996094,0.0,116.12000274658205,0.0,116.18000030517578,115.5999984741211,115.69000244140624,0.0,2624300,0.000959709404472491,221198479.29435003
2016-10-14,71.88079833984375,0.0,115.54000091552734,0.0,116.2300033569336,115.4800033569336,116.2300033569336,0.0,1840500,0.0009657439339493496,222098095.44848487
2016-10-17,71.89946746826172,0.0,115.56999969482422,0.0,115.5999984741211,115.19000244140624,115.19000244140624,0.0,2873600,0.000887893285826118,222897252.7080112
2016-10-18,72.01144409179688,0.0,115.75,0.0,115.7699966430664,115.4000015258789,115.47000122070312,0.0,2285000,0.000887893285826118,223550163.10089353
2016-10-19,72.10478973388672,0.0,115.9000015258789,0.0,116.04000091552734,115.55999755859376,115.55999755859376,0.0,1739900,0.000887893285826118,223857643.6043694
2016-10-20,72.1669692993164,0.0,116.0,0.0,116.33000183105467,115.9800033569336,116.26000213623048,0.0,1199800,0.000887893285826118,224140101.75859362
2016-10-21,72.46562957763672,0.0,116.4800033569336,0.0,116.5199966430664,116.08999633789062,116.12999725341795,0.0,1019500,0.00099645067811262,223816790.47411963
2016-10-24,72.45938110351562,0.0,116.47000122070312,0.0,116.58999633789062,116.30999755859376,116.43000030517578,0.0,1501300,0.0009852998741457144,224204216.31862095
2016-10-25,72.4904556274414,0.0,116.5199966430664,0.0,116.52999877929688,116.33000183105467,116.4000015258789,0.0,2936800,0.001051757012010965,225833365.48146445
2016-10-26,72.06743621826172,0.0,115.83999633789062,0.0,116.1500015258789,115.73999786376952,116.11000061035156,0.0,947000,0.00100073324910988,225253867.32293385
2016-10-27,71.4515609741211,0.0,114.8499984741211,0.0,115.61000061035156,114.69000244140624,115.61000061035156,0.0,3326400,0.0008936270702556134,227286553.02152482
2016-10-28,71.2773208618164,0.0,114.56999969482422,0.0,115.12999725341795,114.5500030517578,114.9800033569336,0.0,1758700,0.000815459433538152,227980669.38337296
2016-10-31,71.35199737548828,0.0,114.69000244140624,0.0,115.18000030517578,114.68000030517578,114.86000061035156,0.0,1562500,0.0010107847901228498,228181321.74883646
2016-11-01,71.27891540527344,0.0,114.12000274658205,0.453,114.5,113.97000122070312,114.5,0.0,2315400,0.0009369719848739903,229398778.533875
2016-11-02,71.20397186279297,0.0,114.0,0.0,114.19000244140624,113.91999816894533,114.0999984741211,0.0,1960900,0.0008989106405511085,230314208.39876446
2016-11-03,71.39132690429688,0.0,114.3000030517578,0.0,114.41999816894533,114.13999938964844,114.26000213623048,0.0,1557700,0.0009295672467326049,230818090.22836837
2016-11-04,71.21648406982422,0.0,114.0199966430664,0.0,114.4000015258789,114.0,114.2300033569336,0.0,1945200,0.0009513311630841547,231524327.65214708
2016-11-07,71.79108428955078,0.0,114.94000244140624,0.0,114.9499969482422,114.61000061035156,114.76000213623048,0.0,2077200,0.00108344989028495,232562539.00223988
2016-11-08,71.97846221923828,0.0,115.23999786376952,0.0,115.29000091552734,114.97000122070312,115.0999984741211,0.0,2773600,0.0009073540332408062,234112153.4212627
2016-11-09,70.910400390625,0.0,113.52999877929688,0.0,113.97000122070312,113.33999633789062,113.76000213623048,0.0,5961900,0.00093518546932875,238791865.6805856
2016-11-10,68.29332733154297,0.0,109.33999633789062,0.0,112.5199966430664,109.0999984741211,112.5199966430664,0.0,12674300,0.00093518546932875,249454702.43584165
2016-11-11,67.89983367919922,0.0,108.70999908447266,0.0,110.1500015258789,108.5999984741211,109.16000366210938,0.0,4638800,0.0007288898098665467,252689750.71036324
2016-11-14,67.55630493164062,0.0,108.16000366210938,0.0,108.58000183105467,107.73999786376952,107.91000366210938,0.0,5219100,0.0007288898098665467,256771120.99044436
2016-11-15,68.71807861328125,0.0,110.0199966430664,0.0,110.1500015258789,109.5999984741211,110.0999984741211,0.0,4015300,0.0007666731135299719,258680005.6533087
2016-11-16,68.67434692382812,0.0,109.9499969482422,0.0,110.04000091552734,109.62000274658205,109.62000274658205,0.0,1974600,0.0009228182739507808,258946720.71209863
2016-11-17,68.53065490722656,0.0,109.72000122070312,0.0,110.33999633789062,109.70999908447266,110.1500015258789,0.0,1671900,0.000963726950842256,259062460.65583003
2016-11-18,68.14344787597656,0.0,109.0999984741211,0.0,109.91999816894533,109.08000183105467,109.72000122070312,0.0,2975600,0.000855169558555754,260825447.83393618
2016-11-21,68.44327545166016,0.0,109.58000183105467,0.0,109.97000122070312,109.5,109.7300033569336,0.0,2473200,0.0009770648133584528,261227903.07622638
2016-11-22,68.74304962158203,0.0,110.05999755859376,0.0,110.05999755859376,109.7300033569336,109.83000183105467,0.0,1205500,0.0010252971729617392,261423355.89711627
2016-11-23,68.23090362548828,0.0,109.23999786376952,0.0,109.51000213623048,109.02999877929688,109.41999816894533,0.0,2676500,0.0011003396159091593,262858742.21310085
2016-11-25,68.27458190917969,0.0,109.30999755859376,0.0,109.68000030517578,109.29000091552734,109.68000030517578,0.0,742800,0.0011206965865968956,263013340.89308238
2016-11-28,68.51195526123047,0.0,109.69000244140624,0.0,109.87000274658205,109.55999755859376,109.73999786376952,0.0,1923400,0.001210937120356206,263827320.142419
2016-11-29,68.44327545166016,0.0,109.58000183105467,0.0,109.7300033569336,109.43000030517578,109.43000030517578,0.0,1733600,0.0010156117637715083,263698843.81366912
2016-11-30,68.27458190917969,0.0,109.30999755859376,0.0,109.54000091552734,109.16999816894533,109.38999938964844,0.0,7179400,0.0010156117637715083,265825959.87477377
2016-12-01,67.89517211914062,0.0,108.26000213623048,0.445,108.5500030517578,107.9800033569336,108.5,0.0,7691900,0.0009998923194844886,271277733.76708865
2016-12-02,67.93907928466797,0.0,108.33000183105467,0.0,108.76000213623048,108.1999969482422,108.1999969482422,0.0,2809400,0.0009904681915325398,272888264.79860944
2016-12-05,68.22755432128906,0.0,108.79000091552734,0.0,108.97000122070312,108.52999877929688,108.52999877929688,0.0,3110900,0.0010764338528949809,274224951.00314426
2016-12-06,68.55996704101562,0.0,109.31999969482422,0.0,109.56999969482422,109.1500015258789,109.19000244140624,0.0,2678100,0.0009443151256941857,275822221.5465061
2016-12-07,68.96135711669922,0.0,109.95999908447266,0.0,110.33000183105467,109.7699966430664,109.97000122070312,0.0,2872000,0.0009443151256941857,277508013.83798385
2016-12-08,68.9174575805664,0.0,109.88999938964844,0.0,110.08999633789062,109.6999969482422,109.81999969482422,0.0,3290400,0.0009741075627423632,279580939.86751616
2016-12-09,68.62893676757812,0.0,109.43000030517578,0.0,110.16000366210938,109.41999816894533,110.16000366210938,0.0,2115800,0.0010799929768772094,280692895.3805772
2016-12-12,68.80458068847656,0.0,109.70999908447266,0.0,109.83000183105467,109.5199966430664,109.83000183105467,0.0,1565100,0.0011487480911362704,281043214.9362231
2016-12-13,69.01779174804688,0.0,110.0500030517578,0.0,110.11000061035156,109.79000091552734,109.87000274658205,0.0,1972800,0.0011487480911362704,281743545.38597834
2016-12-14,68.4157485961914,0.0,109.08999633789062,0.0,110.48999786376952,108.9800033569336,110.2300033569336,0.0,3543700,0.0011477108235412787,284016546.71735615
2016-12-15,68.290283203125,0.0,108.88999938964844,0.0,109.1999969482422,108.66000366210938,108.9800033569336,0.0,3649500,0.0009915656631204698,286494812.1741825
2016-12-16,68.42822265625,0.0,109.11000061035156,0.0,109.5500030517578,109.0,109.22000122070312,0.0,1879000,0.0009506569862289948,286796027.04252213
2016-12-19,68.73554992675781,0.0,109.5999984741211,0.0,109.87000274658205,109.2699966430664,109.3499984741211,0.0,2697200,0.0010654456922424402,288297177.0493704
2016-12-20,68.85470581054688,0.0,109.79000091552734,0.0,109.91000366210938,109.52999877929688,109.72000122070312,0.0,1981600,0.001007140544611901,288774654.5558324
2016-12-21,69.08049011230469,0.0,110.1500015258789,0.0,110.2699966430664,109.8499984741211,109.87999725341795,0.0,1650500,0.0008924510471433639,289692624.6072497
2016-12-22,69.1012191772461,0.0,109.91999816894533,0.263,110.0999984741211,109.66999816894533,110.0500030517578,0.0,1673300,0.0008359930351980835,289982572.9575687
2016-12-23,69.20808410644531,0.0,110.08999633789062,0.0,110.08999633789062,109.93000030517578,109.9800033569336,0.0,519400,0.0008472108395620461,288778913.4835137
2016-12-27,69.14527893066406,0.0,109.98999786376952,0.0,109.98999786376952,109.83000183105467,109.94000244140624,0.0,554600,0.0008005968069360262,288111672.3448133
2016-12-28,69.23954010009766,0.0,110.13999938964844,0.0,110.20999908447266,110.0,110.0,0.0,645900,0.0008005968069360262,287431552.31185794
2016-12-29,69.40298461914062,0.0,110.4000015258789,0.0,110.4499969482422,110.30999755859376,110.38999938964844,0.0,550200,0.0008005968069360262,283056495.5874912
2016-12-30,69.28983306884766,0.0,110.22000122070312,0.0,110.48999786376952,110.22000122070312,110.36000061035156,0.0,645600,0.0008379225777038884,282171851.1800554
2017-01-03,69.52873992919922,0.0,110.5999984741211,0.0,110.77999877929688,110.43000030517578,110.52999877929688,0.0,2818100,0.0009173948791212068,282989027.27729553
2017-01-04,69.96245574951172,0.0,111.29000091552734,0.0,111.33999633789062,111.11000061035156,111.12000274658205,0.0,1975600,0.000779843291099402,283492390.4936533
2017-01-05,70.50314331054688,0.0,112.1500015258789,0.0,112.16000366210938,111.45999908447266,111.79000091552734,0.0,3175800,0.000779843291099402,285293520.9389944
2017-01-06,70.4654312133789,0.0,112.08999633789062,0.0,112.1500015258789,111.7300033569336,112.1500015258789,0.0,1433300,0.0009051646329667602,285231557.31095815
2017-01-09,70.3836441040039,0.0,111.95999908447266,0.0,111.98999786376952,111.79000091552734,111.97000122070312,0.0,2148100,0.0008962268155375663,285791324.10839623
2017-01-10,70.2705307006836,0.0,111.77999877929688,0.0,112.11000061035156,111.72000122070312,112.06999969482422,0.0,1443800,0.0008424494820862799,285554596.43960375
2017-01-11,70.33967590332031,0.0,111.88999938964844,0.0,111.94000244140624,111.3499984741211,111.93000030517578,0.0,2419800,0.0007736943678272189,286131953.52785623
2017-01-12,70.47797393798828,0.0,112.11000061035156,0.0,112.37000274658205,112.0,112.36000061035156,0.0,2753100,0.0007736943678272189,285416216.04731727
2017-01-13,70.5094223022461,0.0,112.16000366210938,0.0,112.47000122070312,112.02999877929688,112.37000274658205,0.0,3549900,0.0008498290091890811,282962076.85132104
2017-01-17,70.7986068725586,0.0,112.62000274658205,0.0,112.91999816894533,112.5199966430664,112.88999938964844,0.0,2269900,0.0009192851501525215,281448651.4604538
2017-01-18,70.3019790649414,0.0,111.83000183105467,0.0,112.66999816894533,111.7300033569336,112.66999816894533,0.0,3014300,0.0009192851501525215,281852946.4745658
2017-01-19,70.13224029541016,0.0,111.55999755859376,0.0,111.88999938964844,111.43000030517578,111.8499984741211,0.0,2110800,0.0008044964441390759,281681416.50984025
2017-01-20,70.2202377319336,0.0,111.6999969482422,0.0,111.7300033569336,111.3000030517578,111.4499969482422,0.0,1487100,0.0007702665866854534,281188930.4595826
2017-01-23,70.55341339111328,0.0,112.2300033569336,0.0,112.3000030517578,111.69000244140624,111.7300033569336,0.0,2536600,0.0007702665866854534,280776362.01003546
2017-01-24,70.3208236694336,0.0,111.86000061035156,0.0,112.1999969482422,111.8499984741211,112.12999725341795,0.0,1188600,0.0008146458555161117,280830701.0000441
2017-01-25,70.23908233642578,0.0,111.7300033569336,0.0,111.81999969482422,111.5199966430664,111.81999969482422,0.0,2217600,0.0007830710804644129,279387997.6559109
2017-01-26,70.1825180053711,0.0,111.63999938964844,0.0,112.31999969482422,111.36000061035156,111.72000122070312,0.0,1642400,0.0007599147599020328,278394243.3626811
2017-01-27,70.3899917602539,0.0,111.97000122070312,0.0,112.0500030517578,111.7699966430664,111.83000183105467,0.0,1900000,0.0008031345865734667,278578766.3850512
2017-01-30,70.2328109741211,0.0,111.72000122070312,0.0,112.0,111.72000122070312,111.95999908447266,0.0,2616700,0.0008743209526475629,279190360.7554542
2017-01-31,70.49053192138672,0.0,112.12999725341795,0.0,112.12999725341795,111.7300033569336,111.87000274658205,0.0,3715100,0.0009322832213390283,280485941.1347889
2017-02-01,70.50444793701172,0.0,111.70999908447266,0.442,111.8499984741211,111.30999755859376,111.62999725341795,0.0,1830400,0.0009738706917655382,279738976.1475397
2017-02-02,70.71272277832031,0.0,112.04000091552734,0.0,112.36000061035156,112.0199966430664,112.33000183105467,0.0,3683600,0.0009533801566752864,280436143.1244805
2017-02-03,71.12297058105469,0.0,112.69000244140624,0.0,112.77999877929688,112.22000122070312,112.33999633789062,0.0,5082600,0.001034288594614734,283716952.26236373
2017-02-06,71.12297058105469,0.0,112.69000244140624,0.0,113.41000366210938,112.58000183105467,112.7699966430664,0.0,1677300,0.0009089672527473755,283476773.3174218
2017-02-07,71.03462219238281,0.0,112.5500030517578,0.0,112.7699966430664,112.11000061035156,112.69000244140624,0.0,2529500,0.000860281197040448,283217810.41577655
2017-02-08,71.31233215332031,0.0,112.98999786376952,0.0,113.12999725341795,112.5500030517578,112.5500030517578,0.0,2622200,0.0008081731163568885,283348741.50440884
2017-02-09,71.21760559082031,0.0,112.83999633789062,0.0,113.02999877929688,112.76000213623048,112.98999786376952,0.0,1482500,0.000872047007481055,283220208.5686396
2017-02-10,71.32495880126953,0.0,113.01000213623048,0.0,113.0500030517578,112.7300033569336,112.7300033569336,0.0,1131900,0.000977561785869794,282301665.08783007
2017-02-13,71.40064239501953,0.0,113.12999725341795,0.0,113.1999969482422,112.9800033569336,112.9800033569336,0.0,1544100,0.0008646811084394981,280907958.9668698
2017-02-14,71.32495880126953,0.0,113.01000213623048,0.0,113.47000122070312,112.83000183105467,113.33000183105467,0.0,3047100,0.0008344762622826795,282832002.4751088
2017-02-15,71.30602264404297,0.0,112.9800033569336,0.0,113.0500030517578,112.43000030517578,112.54000091552734,0.0,3054300,0.0008344762622826795,282627012.17721003
2017-02-16,71.26807403564453,0.0,112.91999816894533,0.0,113.04000091552734,112.83999633789062,112.94000244140624,0.0,2772000,0.0008680453345390601,280885433.81116956
2017-02-17,71.28702545166016,0.0,112.9499969482422,0.0,112.98999786376952,112.7300033569336,112.79000091552734,0.0,1661100,0.0008443622263273173,280283145.3048524
2017-02-21,71.39434814453125,0.0,113.12000274658205,0.0,113.16000366210938,112.81999969482422,112.93000030517578,0.0,1661400,0.0008443622263273173,280573115.3598059
2017-02-22,71.4953384399414,0.0,113.27999877929688,0.0,113.45999908447266,113.0999984741211,113.3499984741211,0.0,2431600,0.000743926612734521,280774266.0318768
2017-02-23,71.70358276367188,0.0,113.61000061035156,0.0,113.66000366210938,113.4800033569336,113.51000213623048,0.0,2271100,0.0007891381387037492,280159057.0843167
2017-02-24,71.84243774414062,0.0,113.83000183105467,0.0,113.86000061035156,113.58000183105467,113.6999969482422,0.0,2952600,0.0007395755995461141,281117868.22375345
2017-02-27,71.67204284667969,0.0,113.55999755859376,0.0,113.93000030517578,113.5199966430664,113.9000015258789,0.0,1941900,0.0007881619678621865,281875242.7394685
2017-02-28,71.67204284667969,0.0,113.55999755859376,0.0,113.86000061035156,113.5199966430664,113.6999969482422,0.0,1596500,0.0008472162536379205,281039118.83159816
2017-03-01,71.69800567626953,0.0,113.16000366210938,0.441,113.19000244140624,112.88999938964844,113.01000213623048,0.0,2632900,0.0007519282141785932,281718785.3255499
2017-03-02,71.36219787597656,0.0,112.62999725341795,0.0,113.0,112.58000183105467,113.0,0.0,2339300,0.0006802388307121182,282054166.71210396
2017-03-03,71.691650390625,0.0,113.1500015258789,0.0,113.19000244140624,112.75,112.87000274658205,0.0,2121000,0.0008068053569127844,282427555.84882706
2017-03-06,71.66637420654297,0.0,113.11000061035156,0.0,113.2300033569336,112.91999816894533,113.1500015258789,0.0,1129200,0.0007880404771590882,279496206.64947754
2017-03-07,71.61568450927734,0.0,113.02999877929688,0.0,113.30999755859376,112.93000030517578,113.19000244140624,0.0,1074800,0.0008952528178700257,278387824.322316
2017-03-08,71.05809020996094,0.0,112.1500015258789,0.0,112.5500030517578,112.12000274658205,112.51000213623048,0.0,2115400,0.0008952528178700257,277451819.7752574
2017-03-09,70.61458587646484,0.0,111.4499969482422,0.0,111.7300033569336,111.4000015258789,111.5500030517578,0.0,4940400,0.0008952528178700257,279085285.19077605
2017-03-10,70.91238403320312,0.0,111.91999816894533,0.0,112.0999984741211,111.70999908447266,111.98999786376952,0.0,2324600,0.0009080811673017953,279145981.6597227
2017-03-13,70.79830932617188,0.0,111.73999786376952,0.0,112.1999969482422,111.6500015258789,112.0999984741211,0.0,1672700,0.0009366030466181248,277562258.790546
2017-03-14,70.58291625976562,0.0,111.4000015258789,0.0,111.6500015258789,111.31999969482422,111.62000274658205,0.0,1965900,0.0009366030466181248,276584032.1453942
2017-03-15,71.54594421386719,0.0,112.91999816894533,0.0,112.9800033569336,111.4499969482422,111.4499969482422,0.0,2631200,0.0008973517518115027,274286493.3998047
2017-03-16,71.3305435180664,0.0,112.58000183105467,0.0,112.9000015258789,112.56999969482422,112.9000015258789,0.0,2371400,0.0009348412915225681,274036589.1478099
2017-03-17,71.62198638916016,0.0,113.04000091552734,0.0,113.08999633789062,112.81999969482422,112.83999633789062,0.0,2351800,0.001004500707488856,273721892.01564485
2017-03-20,71.7740478515625,0.0,113.27999877929688,0.0,113.29000091552734,113.04000091552734,113.2699966430664,0.0,1591800,0.0009852405907055585,273645756.02016145
2017-03-21,71.78040313720703,0.0,113.29000091552734,0.0,113.45999908447266,113.27999877929688,113.30999755859376,0.0,2333100,0.0009852405907055585,273868197.1691737
2017-03-22,71.85011291503906,0.0,113.4000015258789,0.0,113.4499969482422,113.02999877929688,113.38999938964844,0.0,3487300,0.0010138962441916472,273889878.08496386
2017-03-23,71.95779418945312,0.0,113.56999969482422,0.0,113.66999816894533,113.47000122070312,113.52999877929688,0.0,2970600,0.0009686847182224191,274486339.9316152
2017-03-24,72.06550598144531,0.0,113.73999786376952,0.0,113.87000274658205,113.58999633789062,113.62999725341795,0.0,2324700,0.0009686847182224191,272152532.67078704
2017-03-27,72.05915069580078,0.0,113.7300033569336,0.0,113.9000015258789,113.66000366210938,113.73999786376952,0.0,2234300,0.0009392369839680977,271398203.37604344
2017-03-28,72.0338134765625,0.0,113.69000244140624,0.0,114.08000183105467,113.6500015258789,114.08000183105467,0.0,1393200,0.0008752848321446954,271011827.3464203
2017-03-29,72.26826477050781,0.0,114.05999755859376,0.0,114.08000183105467,113.5999984741211,113.5999984741211,0.0,2221500,0.0010495795194706734,270847451.9632249
2017-03-30,72.14154815673828,0.0,113.86000061035156,0.0,114.0999984741211,113.7699966430664,114.05999755859376,0.0,1982200,0.001066335390791338,270650949.35450476
2017-03-31,72.04016876220703,0.0,113.6999969482422,0.0,113.8000030517578,113.55999755859376,113.69000244140624,0.0,2005300,0.0009397688645906718,270482128.21623784
2017-04-03,72.23542785644531,0.0,113.56999969482422,0.437,113.62000274658205,113.29000091552734,113.5,0.0,3490100,0.0008776253064049208,271820567.4917433
2017-04-04,72.10186004638672,0.0,113.36000061035156,0.0,113.47000122070312,113.2699966430664,113.4499969482422,0.0,1971500,0.0008298496053213205,271015486.1458672
2017-04-05,72.3690414428711,0.0,113.77999877929688,0.0,113.83999633789062,113.43000030517578,113.4800033569336,0.0,1673300,0.0008298496053213205,269593390.6299046
2017-04-06,72.33080291748047,0.0,113.72000122070312,0.0,113.83000183105467,113.63999938964844,113.6999969482422,0.0,1428400,0.0008742694481161994,269606694.3363129
2017-04-07,72.28631591796875,0.0,113.6500015258789,0.0,113.87000274658205,113.58000183105467,113.72000122070312,0.0,1374400,0.0008577402380125874,269257129.0680537
2017-04-10,72.27994537353516,0.0,113.63999938964844,0.0,114.02999877929688,113.58999633789062,114.02999877929688,0.0,1210600,0.0008054546163034041,269085469.3882836
2017-04-11,72.4007797241211,0.0,113.83000183105467,0.0,113.9000015258789,113.61000061035156,113.76000213623048,0.0,1444600,0.0008977824590158015,269633508.4171901
2017-04-12,72.6106948852539,0.0,114.16000366210938,0.0,114.2300033569336,113.86000061035156,113.94000244140624,0.0,2048200,0.0008977824590158015,269390610.7821389
2017-04-13,72.57891082763672,0.0,114.11000061035156,0.0,114.33999633789062,114.08000183105467,114.3000030517578,0.0,2477500,0.0008602929193047362,270164129.66271055
2017-04-17,72.69335174560547,0.0,114.29000091552734,0.0,114.43000030517578,114.20999908447266,114.2300033569336,0.0,1765600,0.0008422281555636238,269347119.36436605
2017-04-18,72.82696533203125,0.0,114.5,0.0,114.5500030517578,114.31999969482422,114.36000061035156,0.0,1632800,0.0008509637532284257,269143184.66845316
2017-04-19,72.61708068847656,0.0,114.16999816894533,0.0,114.61000061035156,114.13999938964844,114.58000183105467,0.0,3407400,0.0009071184477407211,269594937.84811836
2017-04-20,72.66793060302734,0.0,114.25,0.0,114.47000122070312,114.22000122070312,114.41000366210938,0.0,1225200,0.0009443566117161436,268606766.0227215
2017-04-21,72.85242462158203,0.0,114.54000091552734,0.0,114.61000061035156,114.4499969482422,114.5,0.0,1232100,0.0009937933862157917,268126371.7566354
2017-04-24,73.07500457763672,0.0,114.88999938964844,0.0,114.9000015258789,114.58999633789062,114.58999633789062,0.0,2649900,0.0009937933862157917,269438040.08506894
2017-04-25,72.89054870605469,0.0,114.5999984741211,0.0,114.81999969482422,114.51000213623048,114.68000030517578,0.0,1446500,0.001056004953563139,269811195.11975485
2017-04-26,72.87786865234375,0.0,114.58000183105467,0.0,114.7300033569336,114.4800033569336,114.5199966430664,0.0,1123400,0.0010510751035532426,269445026.5580435
2017-04-27,73.0431900024414,0.0,114.83999633789062,0.0,114.8499984741211,114.52999877929688,114.56999969482422,0.0,1377500,0.0009147932451772312,267984678.6914886
2017-04-28,73.27217102050781,0.0,115.1999969482422,0.0,115.1999969482422,114.81999969482422,114.9000015258789,0.0,1998600,0.0008274345072496657,268941331.36901855
2017-05-01,73.17255401611328,0.0,114.5999984741211,0.444,114.80999755859376,114.4800033569336,114.62000274658205,0.0,1754300,0.0009567820979161813,267504869.00710455
2017-05-02,73.43435668945312,0.0,115.01000213623048,0.0,115.01000213623048,114.5999984741211,114.7300033569336,0.0,2119500,0.0009567820979161813,267840340.76158434
2017-05-03,73.34493255615234,0.0,114.87000274658205,0.0,115.13999938964844,114.81999969482422,115.11000061035156,0.0,1898600,0.0008973454582888441,268148984.08221895
2017-05-04,73.01295471191406,0.0,114.3499984741211,0.0,114.6500015258789,114.25,114.61000061035156,0.0,1877900,0.0008973454582888441,267756161.921704
2017-05-05,73.08958435058594,0.0,114.47000122070312,0.0,114.54000091552734,114.18000030517578,114.3000030517578,0.0,2612800,0.0009248467221913729,268355722.39146158
2017-05-08,72.89164733886719,0.0,114.16000366210938,0.0,114.5,114.12000274658205,114.36000061035156,0.0,2107400,0.000973879875360719,268852037.2879997
2017-05-09,72.82139587402344,0.0,114.0500030517578,0.0,114.43000030517578,113.9499969482422,114.2300033569336,0.0,2216200,0.0009578042521828584,269097798.55223155
2017-05-10,73.0321044921875,0.0,114.37999725341795,0.0,114.43000030517578,114.20999908447266,114.27999877929688,0.0,2248200,0.00091625904201961,269243796.46297634
2017-05-11,73.15340423583984,0.0,114.56999969482422,0.0,114.62000274658205,114.37000274658205,114.4499969482422,0.0,1078500,0.00091625904201961,267687717.78516617
2017-05-12,73.40885162353516,0.0,114.97000122070312,0.0,114.9800033569336,114.7300033569336,114.73999786376952,0.0,2239600,0.00091625904201961,264359402.82494077
2017-05-15,73.46631622314453,0.0,115.05999755859376,0.0,115.0999984741211,114.93000030517578,115.05999755859376,0.0,2757200,0.0008310953175380538,255878732.26687112
2017-05-16,73.47904205322266,0.0,115.08000183105467,0.0,115.1999969482422,115.0,115.0999984741211,0.0,1947300,0.0008223597198732519,253655012.77332002
2017-05-17,73.47264099121094,0.0,115.06999969482422,0.0,115.11000061035156,114.87000274658205,114.9800033569336,0.0,3192900,0.0007662050253609564,252090799.49484932
2017-05-18,73.09599304199219,0.0,114.4800033569336,0.0,114.63999938964844,114.04000091552734,114.27999877929688,0.0,2981200,0.0007067889463707185,251293374.83998254
2017-05-19,73.37691497802734,0.0,114.91999816894533,0.0,115.0,114.75,114.77999877929688,0.0,2241000,0.0006573521718710703,251614235.56952703
2017-05-22,73.34493255615234,0.0,114.87000274658205,0.0,115.0500030517578,114.87000274658205,114.91000366210938,0.0,1351200,0.0006658037830392361,251390199.67802137
2017-05-23,73.38966369628906,0.0,114.94000244140624,0.0,114.98999786376952,114.79000091552734,114.87999725341795,0.0,1353400,0.0005507557026012804,250048309.54980397
2017-05-24,73.67062377929688,0.0,115.37999725341795,0.0,115.4800033569336,115.0500030517578,115.2300033569336,0.0,1951100,0.0004893970525847492,249684060.75704664
2017-05-25,73.61314392089844,0.0,115.29000091552734,0.0,115.41999816894533,115.1999969482422,115.37999725341795,0.0,2585300,0.0005068596988631498,250996615.61665004
2017-05-26,73.7408676147461,0.0,115.48999786376952,0.0,115.48999786376952,115.37000274658205,115.41999816894533,0.0,614200,0.0005388686708240745,249239100.55637664
2017-05-30,73.7791519165039,0.0,115.5500030517578,0.0,115.68000030517578,115.43000030517578,115.68000030517578,0.0,1053500,0.0004095210801575589,249560818.5089838
2017-05-31,73.83025360107422,0.0,115.62999725341795,0.0,115.73999786376952,115.38999938964844,115.5199966430664,0.0,2408900,0.0004932180402232942,250097035.56999934
2017-06-01,73.9545669555664,0.0,115.37999725341795,0.444,116.0199966430664,115.04000091552734,115.31999969482422,0.0,7100900,0.0005565236404631948,255091749.31065392
2017-06-02,74.3584213256836,0.0,116.01000213623048,0.0,116.0199966430664,115.44000244140624,115.5500030517578,0.0,4552000,0.0007220384297311946,253054426.5586853
2017-06-05,74.230224609375,0.0,115.80999755859376,0.0,115.88999938964844,115.66999816894533,115.88999938964844,0.0,2083300,0.0006920566693717742,248360314.31648013
2017-06-06,74.3840560913086,0.0,116.0500030517578,0.0,116.05999755859376,115.91999816894533,115.9499969482422,0.0,2215700,0.0005828504857501039,247985629.2737628
2017-06-07,74.3199234008789,0.0,115.9499969482422,0.0,116.3000030517578,115.8000030517578,116.26000213623048,0.0,3462200,0.0005371976956665637,248485686.93714446
2017-06-08,74.2109375,0.0,115.77999877929688,0.0,115.80999755859376,115.48999786376952,115.80999755859376,0.0,2416300,0.0004864150631174147,248382427.57101512
2017-06-09,74.05074310302734,0.0,115.52999877929688,0.0,115.9000015258789,115.48999786376952,115.9000015258789,0.0,4241300,0.0006013630860428563,249764905.87618995
2017-06-12,74.04431915283203,0.0,115.5199966430664,0.0,116.08000183105467,115.5,115.69000244140624,0.0,3099900,0.0007269318818734849,249737274.00001648
2017-06-13,74.15971374511719,0.0,115.6999969482422,0.0,115.6999969482422,115.52999877929688,115.62999725341795,0.0,914900,0.0007524485229951884,248739829.02035183
2017-06-14,74.3199234008789,0.0,115.9499969482422,0.0,116.3499984741211,115.83999633789062,116.06999969482422,0.0,3760600,0.0007524485229951884,250837721.3930221
2017-06-15,74.0827865600586,0.0,115.58000183105467,0.0,115.94000244140624,115.56999969482422,115.94000244140624,0.0,1868700,0.0007524485229951884,250828814.27715847
2017-06-16,74.07636260986328,0.0,115.56999969482422,0.0,115.79000091552734,115.48999786376952,115.66000366210938,0.0,1139400,0.0007734716827294545,248805784.4170767
2017-06-19,73.99947357177734,0.0,115.4499969482422,0.0,115.77999877929688,115.23999786376952,115.54000091552734,0.0,1569000,0.0008441121697897817,247089490.70627728
2017-06-20,73.6533203125,0.0,114.91000366210938,0.0,115.23999786376952,114.81999969482422,115.16999816894533,0.0,2963400,0.0008356605586216159,248164940.02139986
2017-06-21,73.49949645996094,0.0,114.66999816894533,0.0,115.11000061035156,114.54000091552734,115.11000061035156,0.0,2164100,0.0008345260428852178,247788306.90356663
2017-06-22,73.65972137451172,0.0,114.91999816894533,0.0,115.06999969482422,114.75,114.79000091552734,0.0,2058900,0.0009224899158943242,247939488.79575577
2017-06-23,73.9032974243164,0.0,115.3000030517578,0.0,115.31999969482422,115.12000274658205,115.26000213623048,0.0,2985100,0.0008747263027828895,249228214.68140134
2017-06-26,74.03791809082031,0.0,115.51000213623048,0.0,115.58000183105467,115.38999938964844,115.38999938964844,0.0,2732700,0.0008427173308219648,250273651.58538213
2017-06-27,73.6533203125,0.0,114.91000366210938,0.0,115.47000122070312,114.91000366210938,115.45999908447266,0.0,2162400,0.0008427173308219648,251791910.69507295
2017-06-28,73.7366714477539,0.0,115.04000091552734,0.0,115.12999725341795,114.79000091552734,115.12999725341795,0.0,4264600,0.0007590203707562297,255201427.64022464
2017-06-29,73.39053344726562,0.0,114.5,0.0,114.80999755859376,114.45999908447266,114.80999755859376,0.0,5172600,0.0007460870142601044,259337326.6433534
2017-06-30,73.30081939697266,0.0,114.36000061035156,0.0,114.66000366210938,114.33999633789062,114.62000274658205,0.0,4519800,0.0005850443649592478,262957503.23001316
2017-07-03,73.06462860107422,0.0,113.5500030517578,0.443,114.08000183105467,113.44000244140624,113.95999908447266,0.0,6778100,0.0005431050186212605,268501116.2688785
2017-07-05,73.00032043457031,0.0,113.4499969482422,0.0,113.62999725341795,113.4000015258789,113.41999816894533,0.0,6692500,0.0005432315633586408,272053356.3393245
2017-07-06,72.60136413574219,0.0,112.83000183105467,0.0,113.12000274658205,112.8000030517578,112.95999908447266,0.0,5186700,0.0005232089406241567,274952966.21780396
2017-07-07,72.64639282226562,0.0,112.9000015258789,0.0,113.0500030517578,112.5999984741211,112.68000030517578,0.0,2760000,0.00055756983375872,274599299.78419715
2017-07-10,72.9681396484375,0.0,113.4000015258789,0.0,113.58000183105467,113.33000183105467,113.33999633789062,0.0,2521600,0.0004426218108332785,275593671.6262333
2017-07-11,73.0389175415039,0.0,113.51000213623048,0.0,113.5999984741211,113.3499984741211,113.56999969482422,0.0,1543100,0.0004059455489911231,275075068.533083
2017-07-12,73.47003173828125,0.0,114.18000030517578,0.0,114.52999877929688,114.05999755859376,114.1999969482422,0.0,1957700,0.0003804289078694196,275568260.7899076
2017-07-13,73.4764633178711,0.0,114.19000244140624,0.0,114.37000274658205,114.04000091552734,114.3000030517578,0.0,1629700,0.0004695589547411835,274896387.9840003
2017-07-14,73.6630859375,0.0,114.4800033569336,0.0,114.66999816894533,114.43000030517578,114.58000183105467,0.0,2062800,0.000488602927947489,274320985.6684791
2017-07-17,73.68877410888672,0.0,114.5199966430664,0.0,114.5999984741211,114.38999938964844,114.51000213623048,0.0,1854100,0.0005021161453717889,272846181.92860436
2017-07-18,73.90115356445312,0.0,114.8499984741211,0.0,114.9000015258789,114.5999984741211,114.73999786376952,0.0,3067400,0.00043147565831146167,273613283.048327
2017-07-19,73.98478698730469,0.0,114.9800033569336,0.0,115.0500030517578,114.88999938964844,115.0500030517578,0.0,1688400,0.00043147565831146167,272478704.1844262
2017-07-20,74.01051330566406,0.0,115.0199966430664,0.0,115.3000030517578,115.01000213623048,115.20999908447266,0.0,1285900,0.0004230882264052828,271783651.57201856
2017-07-21,74.18424987792969,0.0,115.29000091552734,0.0,115.41000366210938,115.16999816894533,115.2699966430664,0.0,1105900,0.0004257491686255205,271477224.1636912
2017-07-24,74.03629302978516,0.0,115.05999755859376,0.0,115.27999877929688,114.91999816894533,115.25,0.0,1192000,0.00041803730650858816,270306342.34285504
2017-07-25,73.81747436523438,0.0,114.72000122070312,0.0,114.8499984741211,114.6500015258789,114.8499984741211,0.0,1255400,0.00041803730650858816,270394141.49211705
2017-07-26,74.21644592285156,0.0,115.33999633789062,0.0,115.37999725341795,114.88999938964844,114.9499969482422,0.0,1598400,0.00041803730650858816,269890863.6722928
2017-07-27,74.10704040527344,0.0,115.16999816894533,0.0,115.38999938964844,114.98999786376952,115.37999725341795,0.0,1760300,0.0005568855761298562,270044643.13879466
2017-07-28,74.10704040527344,0.0,115.16999816894533,0.0,115.20999908447266,115.0,115.12999725341795,0.0,1821200,0.000560843889050949,270020870.10979426
2017-07-31,74.16496276855469,0.0,115.26000213623048,0.0,115.27999877929688,115.0999984741211,115.25,0.0,967000,0.0005563717490838057,268585304.19607615
2017-08-01,74.25151824951172,0.0,114.94000244140624,0.454,115.06999969482422,114.77999877929688,114.8499984741211,0.0,1365000,0.0005891821499238638,266524343.48604718
2017-08-02,74.3548812866211,0.0,115.0999984741211,0.0,115.12000274658205,114.8000030517578,114.83000183105467,0.0,2062900,0.0006855344663011401,266785976.85531738
2017-08-03,74.61331176757812,0.0,115.5,0.0,115.51000213623048,115.02999877929688,115.02999877929688,0.0,926900,0.0006855344663011401,264360154.65394884
2017-08-04,74.43888092041016,0.0,115.2300033569336,0.0,115.36000061035156,115.08000183105467,115.3499984741211,0.0,1184900,0.0007303278282648207,260898073.89655945
2017-08-07,74.57454681396484,0.0,115.44000244140624,0.0,115.5,115.1500015258789,115.1500015258789,0.0,1293000,0.0007598974624379147,260582589.6272084
2017-08-08,74.41946411132812,0.0,115.1999969482422,0.0,115.55999755859376,115.1999969482422,115.33999633789062,0.0,1029100,0.0007673876690298053,259263995.05689105
2017-08-09,74.4453125,0.0,115.23999786376952,0.0,115.3000030517578,115.1500015258789,115.1999969482422,0.0,1040000,0.0007673876690298053,257863734.94085887
2017-08-10,74.13526153564453,0.0,114.76000213623048,0.0,115.11000061035156,114.7300033569336,115.0999984741211,0.0,1487200,0.0006782576221580414,257890606.21551028
2017-08-11,74.2708969116211,0.0,114.97000122070312,0.0,115.0500030517578,114.79000091552734,114.83999633789062,0.0,935500,0.0007437432493579862,257729006.33236718
2017-08-14,74.43888092041016,0.0,115.2300033569336,0.0,115.58000183105467,114.97000122070312,115.27999877929688,0.0,1168400,0.0007027291337281473,257411154.8019167
2017-08-15,74.45822143554688,0.0,115.26000213623048,0.0,115.33999633789062,115.08000183105467,115.26000213623048,0.0,1926500,0.000758389595812505,256440485.09244162
2017-08-16,74.52286529541016,0.0,115.36000061035156,0.0,115.47000122070312,115.30999755859376,115.4000015258789,0.0,1787200,0.000758389595812505,255338076.90861413
2017-08-17,74.45822143554688,0.0,115.26000213623048,0.0,115.52999877929688,115.20999908447266,115.45999908447266,0.0,790800,0.0007978977105561729,253577230.67659044
2017-08-18,74.6456069946289,0.0,115.5500030517578,0.0,115.69000244140624,115.41000366210938,115.45999908447266,0.0,974500,0.0008068477777045474,252981851.61344135
2017-08-21,74.71663665771484,0.0,115.66000366210938,0.0,115.7300033569336,115.55999755859376,115.6500015258789,0.0,3495100,0.0008251700146545065,254698563.56769744
2017-08-22,74.74249267578125,0.0,115.6999969482422,0.0,115.8499984741211,115.66000366210938,115.80999755859376,0.0,800200,0.0008251700146545065,253247226.20679462
2017-08-23,74.90397644042969,0.0,115.9499969482422,0.0,115.95999908447266,115.56999969482422,115.72000122070312,0.0,723500,0.0008708674965634645,251865243.27350798
2017-08-24,74.98151397705078,0.0,116.06999969482422,0.0,116.0999984741211,115.87000274658205,116.04000091552734,0.0,1635200,0.0007320192269421964,250704157.5599731
2017-08-25,75.1817626953125,0.0,116.37999725341795,0.0,116.4000015258789,116.18000030517578,116.22000122070312,0.0,982200,0.0006776886702773283,249861191.48095146
2017-08-28,75.06546783447266,0.0,116.1999969482422,0.0,116.41999816894533,116.08999633789062,116.2699966430664,0.0,2025900,0.0007468145177850438,250290644.16123042
2017-08-29,75.11068725585938,0.0,116.2699966430664,0.0,116.37000274658205,116.18000030517578,116.30999755859376,0.0,1404900,0.0007667234014351947,249222459.5948961
2017-08-30,75.35618591308594,0.0,116.6500015258789,0.0,116.66999816894533,116.38999938964844,116.38999938964844,0.0,923000,0.0006702445403205382,247985892.91897124
2017-08-31,75.64041137695312,0.0,117.08999633789062,0.0,117.2699966430664,116.8000030517578,116.9000015258789,0.0,1918800,0.0006702445403205382,247864314.59942168
2017-09-01,75.5697021484375,0.0,116.52999877929688,0.451,116.66999816894533,116.37999725341795,116.58000183105467,0.0,1325800,0.0006760565752851763,248076788.08904377
2017-09-05,75.8226547241211,0.0,116.91999816894533,0.0,117.02999877929688,116.6500015258789,116.70999908447266,0.0,1803300,0.0006464869411120823,248785972.13674274
2017-09-06,75.67998504638672,0.0,116.6999969482422,0.0,117.04000091552734,116.6999969482422,117.04000091552734,0.0,2192000,0.0006739366281672207,248933307.69295466
2017-09-07,75.97183990478516,0.0,117.1500015258789,0.0,117.25,116.9000015258789,117.0,0.0,1851500,0.0008164328040910576,246284860.5731298
2017-09-08,76.04316711425781,0.0,117.26000213623048,0.0,117.45999908447266,117.12000274658205,117.45999908447266,0.0,677900,0.0008164328040910576,244850902.85649982
2017-09-11,75.91341400146484,0.0,117.05999755859376,0.0,117.3000030517578,117.02999877929688,117.3000030517578,0.0,1789800,0.0007362043733544044,245030319.4374811
2017-09-12,75.75782775878906,0.0,116.81999969482422,0.0,116.94000244140624,116.77999877929688,116.83999633789062,0.0,1215900,0.0007362043733544044,244419527.1726336
2017-09-13,75.75782775878906,0.0,116.81999969482422,0.0,116.93000030517578,116.7699966430664,116.87999725341795,0.0,881300,0.0007386742304081974,242878561.82778373
2017-09-14,75.80967712402344,0.0,116.9000015258789,0.0,116.93000030517578,116.7300033569336,116.79000091552734,0.0,814300,0.0007966488518434645,241515224.16826278
2017-09-15,75.91341400146484,0.0,117.05999755859376,0.0,117.08000183105467,116.93000030517578,117.02999877929688,0.0,959500,0.0007571407370997965,240296744.7516305
2017-09-18,75.76428985595703,0.0,116.83000183105467,0.0,117.04000091552734,116.79000091552734,117.02999877929688,0.0,2226200,0.000679781749055142,240929822.9105147
2017-09-19,75.65403747558594,0.0,116.66000366210938,0.0,117.04000091552734,116.56999969482422,116.63999938964844,0.0,1706700,0.0007257834227647124,240412257.25269014
2017-09-20,75.16767883300781,0.0,115.91000366210938,0.0,116.5999984741211,115.7300033569336,116.52999877929688,0.0,3079900,0.0007257834227647124,240106950.86346582
2017-09-21,75.38170623779297,0.0,116.23999786376952,0.0,116.2699966430664,116.01000213623048,116.06999969482422,0.0,2297000,0.0007196753298670997,239548476.53012958
2017-09-22,75.5113754272461,0.0,116.44000244140624,0.0,116.4800033569336,116.31999969482422,116.45999908447266,0.0,2095100,0.0007196753298670997,239386112.05458263
2017-09-25,75.4400634765625,0.0,116.33000183105467,0.0,116.4499969482422,116.0999984741211,116.41000366210938,0.0,2725800,0.0007246692475353438,239885995.96323892
2017-09-26,75.41410827636719,0.0,116.29000091552734,0.0,116.47000122070312,116.1999969482422,116.37000274658205,0.0,1232600,0.0007302756530658434,239766520.9134541
2017-09-27,75.09635925292969,0.0,115.8000030517578,0.0,115.9800033569336,115.6999969482422,115.9800033569336,0.0,2150600,0.0006775563685756344,239732038.38953897
2017-09-28,75.25201416015625,0.0,116.04000091552734,0.0,116.12000274658205,115.6500015258789,115.6999969482422,0.0,2359400,0.0007579106348952288,240113716.84152514
2017-09-29,75.49838256835938,0.0,116.41999816894533,0.0,116.51000213623048,116.12000274658205,116.25,0.0,2763000,0.0007579106348952288,240857096.61184645
2017-10-02,75.4281005859375,0.0,115.86000061035156,0.452,116.04000091552734,115.70999908447266,115.73999786376952,0.0,2066100,0.0007673130860904772,239611125.90808564
2017-10-03,75.4085693359375,0.0,115.83000183105467,0.0,115.9800033569336,115.80999755859376,115.91999816894533,0.0,2161300,0.0008102358004732172,239824254.0172456
2017-10-04,75.46717071533203,0.0,115.91999816894533,0.0,116.11000061035156,115.80999755859376,116.11000061035156,0.0,1801000,0.0007331098100502546,239970157.5469668
2017-10-05,75.50621795654297,0.0,115.9800033569336,0.0,116.0999984741211,115.9000015258789,116.04000091552734,0.0,1230600,0.0006536074777554442,239813707.88337466
2017-10-06,75.31742095947266,0.0,115.69000244140624,0.0,115.86000061035156,115.56999969482422,115.73999786376952,0.0,1313700,0.0006536074777554442,239780226.88424852
2017-10-09,75.2132568359375,0.0,115.52999877929688,0.0,115.70999908447266,115.47000122070312,115.70999908447266,0.0,1337900,0.000649306308085847,239915107.8533415
2017-10-10,75.34996032714844,0.0,115.73999786376952,0.0,115.94000244140624,115.58999633789062,115.5999984741211,0.0,1717300,0.0006643404031579744,240187500.53339157
2017-10-11,75.43463897705078,0.0,115.87000274658205,0.0,115.94000244140624,115.77999877929688,115.8000030517578,0.0,2132900,0.000642504097337063,240293187.90924436
2017-10-12,75.57782745361328,0.0,116.08999633789062,0.0,116.13999938964844,115.94000244140624,116.01000213623048,0.0,1418700,0.0005845294759017959,239356595.4591842
2017-10-13,75.79269409179688,0.0,116.41999816894533,0.0,116.45999908447266,116.2699966430664,116.31999969482422,0.0,1276000,0.0005845294759017959,238934067.6182883
2017-10-16,75.65596771240234,0.0,116.20999908447266,0.0,116.33999633789062,116.05999755859376,116.05999755859376,0.0,1054900,0.000581369224166247,238423228.95189315
2017-10-17,75.69498443603516,0.0,116.2699966430664,0.0,116.3499984741211,116.12000274658205,116.27999877929688,0.0,1149100,0.00059216990485521,236396109.91523984
2017-10-18,75.70803833007812,0.0,116.29000091552734,0.0,116.3499984741211,116.19000244140624,116.3000030517578,0.0,1813600,0.0006442504424460767,236959002.34111604
2017-10-19,75.79269409179688,0.0,116.41999816894533,0.0,116.56999969482422,116.2300033569336,116.4499969482422,0.0,1315300,0.0006046610534347314,237054260.1860652
2017-10-20,75.54531860351562,0.0,116.04000091552734,0.0,116.2699966430664,115.98999786376952,116.2699966430664,0.0,940300,0.0006155163344524813,235503985.6104957
2017-10-23,75.48016357421875,0.0,115.94000244140624,0.0,116.16000366210938,115.93000030517578,116.0999984741211,0.0,2075000,0.000633782356611617,236097688.84282187
2017-10-24,75.38252258300781,0.0,115.79000091552734,0.0,115.9499969482422,115.76000213623048,115.8000030517578,0.0,1683400,0.000559050103573402,236623099.2672996
2017-10-25,75.25234985351562,0.0,115.58999633789062,0.0,115.62999725341795,115.37999725341795,115.5199966430664,0.0,2402700,0.000559050103573402,237571797.59464568
2017-10-26,75.03097534179688,0.0,115.25,0.0,115.62000274658205,115.2300033569336,115.62000274658205,0.0,3818800,0.0005447678355216984,239237495.8970206
2017-10-27,75.38902282714844,0.0,115.8000030517578,0.0,115.86000061035156,115.27999877929688,115.41999816894533,0.0,2868200,0.0006482978228378775,240277930.7496389
2017-10-30,75.61035919189453,0.0,116.13999938964844,0.0,116.22000122070312,115.95999908447266,115.97000122070312,0.0,2215200,0.0005539290815797472,240385150.01249766
2017-10-31,75.68196868896484,0.0,116.25,0.0,116.44000244140624,116.12999725341795,116.20999908447266,0.0,1250200,0.0005110063671970071,239807717.97111148
2017-11-01,75.69833374023438,0.0,115.83000183105467,0.445,115.97000122070312,115.6999969482422,115.83999633789062,0.0,2356000,0.0004642999299844675,240269286.4011068
2017-11-02,75.90743255615234,0.0,116.1500015258789,0.0,116.16999816894533,115.80999755859376,115.95999908447266,0.0,4631000,0.00040130608635544106,242164551.78108215
2017-11-03,75.43037414550781,0.0,115.41999816894533,0.0,115.69000244140624,115.3499984741211,115.5,0.0,2022400,0.0005420079900889486,242107762.99202934
2017-11-06,75.3258285522461,0.0,115.26000213623048,0.0,115.2699966430664,115.13999938964844,115.20999908447266,0.0,2305300,0.0005420079900889486,242210550.8187067
2017-11-07,74.92716217041016,0.0,114.6500015258789,0.0,115.1500015258789,114.62000274658205,115.0199966430664,0.0,1668200,0.0005329387400353606,241687614.49109033
2017-11-08,74.89451599121094,0.0,114.5999984741211,0.0,114.80999755859376,114.51000213623048,114.6500015258789,0.0,2401700,0.0004966447267181213,242891353.15509373
2017-11-09,74.7376480102539,0.0,114.36000061035156,0.0,114.5199966430664,114.29000091552734,114.4499969482422,0.0,2011900,0.0004966447267181213,242673845.7780626
2017-11-10,74.79647064208984,0.0,114.4499969482422,0.0,114.47000122070312,114.18000030517578,114.36000061035156,0.0,1948800,0.0005284377662374806,241926200.76841325
2017-11-13,74.88143157958984,0.0,114.58000183105467,0.0,114.69000244140624,114.5,114.5,0.0,1841800,0.0005093821236399653,241822535.3700547
2017-11-14,74.82260131835938,0.0,114.48999786376952,0.0,114.56999969482422,114.31999969482422,114.41000366210938,0.0,1950100,0.000434257532291473,240678566.6621859
2017-11-15,74.87487030029297,0.0,114.56999969482422,0.0,114.63999938964844,114.43000030517578,114.5500030517578,0.0,1337600,0.00038902009470553217,239186194.0080915
2017-11-16,75.175537109375,0.0,115.02999877929688,0.0,115.16000366210938,114.79000091552734,114.86000061035156,0.0,3362800,0.00038902009470553217,240212282.61125353
2017-11-17,75.31272888183594,0.0,115.23999786376952,0.0,115.33000183105467,115.06999969482422,115.12000274658205,0.0,1191700,0.00037816481368778214,240070371.16476998
2017-11-20,75.29317474365234,0.0,115.20999908447266,0.0,115.27999877929688,115.16999816894533,115.1999969482422,0.0,829000,0.00037827438740635114,239593778.22776067
2017-11-21,75.39766693115234,0.0,115.37000274658205,0.0,115.45999908447266,115.25,115.3000030517578,0.0,1248400,0.00037827438740635114,238950206.78956774
2017-11-22,75.71794128417969,0.0,115.86000061035156,0.0,115.93000030517578,115.4800033569336,115.61000061035156,0.0,1209900,0.00037827438740635114,237697189.1337864
2017-11-24,75.69183349609375,0.0,115.81999969482422,0.0,115.9000015258789,115.77999877929688,115.87000274658205,0.0,388600,0.000328571196827982,237491424.80992514
2017-11-27,75.7245101928711,0.0,115.87000274658205,0.0,116.02999877929688,115.80999755859376,116.0199966430664,0.0,1518900,0.00022567535386578698,237922083.69053432
2017-11-28,75.82905578613281,0.0,116.02999877929688,0.0,116.13999938964844,115.86000061035156,116.08000183105467,0.0,1864000,0.0002528461303445115,237427947.3202236
2017-11-29,75.55453491210938,0.0,115.61000061035156,0.0,115.83000183105467,115.58999633789062,115.83000183105467,0.0,1885100,0.00027240321738647986,232655205.96826947
2017-11-30,75.47610473632812,0.0,115.48999786376952,0.0,115.79000091552734,115.41000366210938,115.69000244140624,0.0,5257400,0.0003031001453318571,233282980.4527525
2017-12-01,75.72476196289062,0.0,115.41999816894533,0.449,115.58000183105467,115.1999969482422,115.3499984741211,0.0,2354900,0.0003031001453318571,233525326.3715956
2017-12-04,75.77068328857422,0.0,115.48999786376952,0.0,115.5199966430664,115.33999633789062,115.44000244140624,0.0,2186100,0.00020471222028233964,233488347.74118453
2017-12-05,75.87567138671875,0.0,115.6500015258789,0.0,115.72000122070312,115.51000213623048,115.58999633789062,0.0,1224800,0.00020471222028233964,231426490.93511066
2017-12-06,75.94127655029297,0.0,115.75,0.0,115.8499984741211,115.68000030517578,115.75,0.0,1445000,0.00019874737526380014,230533630.13312325
2017-12-07,75.78385162353516,0.0,115.51000213623048,0.0,115.6500015258789,115.4000015258789,115.6500015258789,0.0,1661400,0.00019874737526380014,228167843.89285737
2017-12-08,75.79693603515625,0.0,115.52999877929688,0.0,115.69000244140624,115.41000366210938,115.58999633789062,0.0,1246200,0.00028794910444779505,226468423.63003927
2017-12-11,75.75760650634766,0.0,115.47000122070312,0.0,115.6999969482422,115.4499969482422,115.62000274658205,0.0,1995500,0.000345316718289034,227457046.33026123
2017-12-12,75.78385162353516,0.0,115.51000213623048,0.0,115.52999877929688,115.33999633789062,115.47000122070312,0.0,1017000,0.000345316718289034,224928729.77191985
2017-12-13,76.00032806396484,0.0,115.83999633789062,0.0,116.1500015258789,115.55999755859376,115.61000061035156,0.0,1888400,0.000345316718289034,224950697.22956097
2017-12-14,76.03971099853516,0.0,115.9000015258789,0.0,115.9499969482422,115.7300033569336,115.8000030517578,0.0,3148300,0.0003798269511458673,226801550.5402883
2017-12-15,76.13811492919922,0.0,116.0500030517578,0.0,116.16999816894533,115.83999633789062,116.02999877929688,0.0,1176800,0.0003798269511458673,226447793.38457018
2017-12-18,76.21684265136719,0.0,116.16999816894533,0.0,116.25,116.0500030517578,116.18000030517578,0.0,1564100,0.0003798269511458673,225187294.88682216
2017-12-19,76.0528335571289,0.0,115.91999816894533,0.0,116.0999984741211,115.81999969482422,116.0500030517578,0.0,1048400,0.0003564574375999184,224182320.14906746
2017-12-20,75.93473052978516,0.0,115.73999786376952,0.0,115.87000274658205,115.62000274658205,115.87000274658205,0.0,1947800,0.0003564574375999184,224093666.05072626
2017-12-21,75.92879486083984,0.0,115.36000061035156,0.371,115.5500030517578,115.30999755859376,115.45999908447266,0.0,1864800,0.0003564574375999184,223069390.57476103
2017-12-22,76.17891693115234,0.0,115.73999786376952,0.0,115.8000030517578,115.41000366210938,115.43000030517578,0.0,1791700,0.0003588613553171433,222210003.04567248
2017-12-26,76.21837615966797,0.0,115.8000030517578,0.0,115.87000274658205,115.68000030517578,115.73999786376952,0.0,619400,0.0003582272109631593,220807186.61687335
2017-12-27,76.29081726074219,0.0,115.91000366210938,0.0,116.01000213623048,115.68000030517578,115.87000274658205,0.0,932700,0.0003840390382349475,217771549.09712172
2017-12-28,76.31716918945312,0.0,115.9499969482422,0.0,116.01000213623048,115.83999633789062,116.01000213623048,0.0,761100,0.0004073738108475452,213771444.67392573
2017-12-29,76.4158935546875,0.0,116.0999984741211,0.0,116.22000122070312,115.87000274658205,116.04000091552734,0.0,1109500,0.00038616928726967615,210691513.06716678
2018-01-02,76.61328125,0.0,116.4000015258789,0.0,116.44000244140624,116.0199966430664,116.02999877929688,0.0,5965300,0.00038616928726967615,210093954.7609541
2018-01-03,76.5804214477539,0.0,116.3499984741211,0.0,116.58000183105467,116.22000122070312,116.58000183105467,0.0,3111100,0.0003438553085856861,206940878.37743607
2018-01-04,76.77787017822266,0.0,116.6500015258789,0.0,116.6500015258789,116.33000183105467,116.5500030517578,0.0,2974500,0.0003973959132443453,205050085.19522652
2018-01-05,76.82395935058594,0.0,116.72000122070312,0.0,116.86000061035156,116.56999969482422,116.81999969482422,0.0,1705400,0.0003973959132443453,204156833.49578494
2018-01-08,76.68571472167969,0.0,116.51000213623048,0.0,116.72000122070312,116.38999938964844,116.5999984741211,0.0,3412900,0.0003973959132443453,205043242.56279355
2018-01-09,76.44878387451172,0.0,116.1500015258789,0.0,116.5,116.05999755859376,116.5,0.0,2979000,0.0003081941840603503,206399223.27905685
2018-01-10,76.2249984741211,0.0,115.80999755859376,0.0,115.81999969482422,115.5999984741211,115.70999908447266,0.0,2124400,0.00021903353069975206,206577767.50299364
2018-01-11,76.3237533569336,0.0,115.95999908447266,0.0,116.0,115.80999755859376,115.8499984741211,0.0,1787900,0.00021903353069975206,206746255.08540925
2018-01-12,76.43563842773438,0.0,116.12999725341795,0.0,116.13999938964844,115.75,115.7699966430664,0.0,1651900,0.00026468596890484277,206394555.01825243
2018-01-16,76.44217681884766,0.0,116.13999938964844,0.0,116.33000183105467,116.06999969482422,116.16000366210938,0.0,3556900,0.00022333263604308362,207987942.6218487
2018-01-17,76.4619140625,0.0,116.16999816894533,0.0,116.22000122070312,116.0199966430664,116.11000061035156,0.0,1973900,0.0002420738897049377,207011887.65411982
2018-01-18,76.28425598144531,0.0,115.9000015258789,0.0,116.02999877929688,115.83000183105467,115.94000244140624,0.0,2175000,0.0002762234705140917,207471810.39738125
2018-01-19,76.06700897216797,0.0,115.56999969482422,0.0,115.7699966430664,115.51000213623048,115.73999786376952,0.0,3803400,0.0002762234705140917,209786530.42242867
2018-01-22,76.08020782470703,0.0,115.58999633789062,0.0,115.66999816894533,115.3499984741211,115.4800033569336,0.0,2131900,0.0002762234705140917,210730396.30481175
2018-01-23,76.2249984741211,0.0,115.80999755859376,0.0,115.9000015258789,115.69000244140624,115.86000061035156,0.0,1812600,0.0002762234705140917,211307901.7372313
2018-01-24,76.11310577392578,0.0,115.63999938964844,0.0,115.66000366210938,115.41999816894533,115.62000274658205,0.0,2539300,0.00025745074510734496,212495403.0143556
2018-01-25,76.21837615966797,0.0,115.8000030517578,0.0,115.87000274658205,115.58000183105467,115.75,0.0,1937700,0.00025745074510734496,212813071.39345804
2018-01-26,76.36319732666016,0.0,116.0199966430664,0.0,116.04000091552734,115.77999877929688,115.98999786376952,0.0,2166400,0.00020446814135683232,213198880.70259094
2018-01-29,75.94856262207031,0.0,115.38999938964844,0.0,115.56999969482422,115.37000274658205,115.48999786376952,0.0,3249100,0.00023240470130604342,214509722.34030223
2018-01-30,75.81692504882812,0.0,115.19000244140624,0.0,115.37999725341795,115.16000366210938,115.37000274658205,0.0,2717200,0.0002229122969385352,216109229.10671538
2018-01-31,75.92879486083984,0.0,115.36000061035156,0.0,115.54000091552734,115.22000122070312,115.43000030517578,0.0,4581600,0.0002630637316344882,219058755.10246035
2018-02-01,75.89579772949219,0.0,115.0,0.31,115.25,114.94000244140624,115.0,0.0,4756500,0.0002630637316344882,221515562.3496646
2018-02-02,75.3084487915039,0.0,114.11000061035156,0.0,114.56999969482422,114.05999755859376,114.55999755859376,0.0,5537200,0.00020952312697582908,225680585.72569346
2018-02-05,74.87944793701172,0.0,113.45999908447266,0.0,114.41999816894533,113.22000122070312,113.9000015258789,0.0,9921100,0.00020952312697582908,233530680.69346595
2018-02-06,75.01805877685547,0.0,113.66999816894533,0.0,113.9800033569336,113.45999908447266,113.70999908447266,0.0,5534000,0.00032406765865303347,237338504.87370566
2018-02-07,74.88603210449219,0.0,113.47000122070312,0.0,114.16999816894533,113.30999755859376,114.04000091552734,0.0,6803800,0.0004779931584240312,242524813.42486426
2018-02-08,74.04130554199219,0.0,112.19000244140624,0.0,113.2699966430664,112.13999938964844,113.23999786376952,0.0,6040300,0.0004779931584240312,246951890.2023921
2018-02-09,73.82352447509766,0.0,111.86000061035156,0.0,112.1500015258789,111.41999816894533,111.9499969482422,0.0,6235200,0.0004779931584240312,251132829.88992116
2018-02-12,73.94229888916016,0.0,112.04000091552734,0.0,112.30999755859376,111.9000015258789,112.18000030517578,0.0,4462100,0.00043234072021894055,254246950.93708947
2018-02-13,73.67174530029297,0.0,111.62999725341795,0.0,112.12000274658205,111.38999938964844,112.12000274658205,0.0,4145500,0.00043234072021894055,256851136.7917863
2018-02-14,73.5067367553711,0.0,111.37999725341795,0.0,111.44000244140624,111.05999755859376,111.12000274658205,0.0,3202800,0.00041359946655708643,257920021.40359426
2018-02-15,73.98854064941406,0.0,112.11000061035156,0.0,112.19000244140624,111.62999725341795,111.63999938964844,0.0,3140100,0.0003794498857479324,259077681.87840173
2018-02-16,74.47688293457031,0.0,112.8499984741211,0.0,113.0199966430664,112.5,112.66000366210938,0.0,4307900,0.0003794498857479324,262212593.7731425
2018-02-20,73.98854064941406,0.0,112.11000061035156,0.0,112.48999786376952,112.01000213623048,112.4000015258789,0.0,2039200,0.0004412517686252557,263133317.86259243
2018-02-21,73.73110961914062,0.0,111.72000122070312,0.0,112.52999877929688,111.6500015258789,112.44000244140624,0.0,2283700,0.000572707522364058,261949918.5609121
2018-02-22,73.8103256225586,0.0,111.83999633789062,0.0,112.33000183105467,111.8000030517578,112.12999725341795,0.0,3240300,0.0007315880717951213,264091283.66071913
2018-02-23,74.36469268798828,0.0,112.68000030517578,0.0,112.80999755859376,112.05999755859376,112.05999755859376,0.0,4685800,0.0008699698575044601,267615935.4276869
2018-02-26,74.56926727294922,0.0,112.98999786376952,0.0,113.06999969482422,112.62000274658205,112.73999786376952,0.0,3160900,0.0008699698575044601,268944129.2431362
2018-02-27,74.43067932128906,0.0,112.77999877929688,0.0,113.19000244140624,112.44000244140624,113.12000274658205,0.0,4536500,0.0009324399979402296,272097446.95075506
2018-02-28,74.27230834960938,0.0,112.54000091552734,0.0,112.91000366210938,112.5,112.69000244140624,0.0,2861200,0.0010447299100000346,272784668.1952159
2018-03-01,74.00086975097656,0.0,111.79000091552734,0.34,112.20999908447266,111.73999786376952,112.0500030517578,0.0,5754700,0.0010045784753040818,276593955.49668205
2018-03-02,74.25245666503906,0.0,112.16999816894533,0.0,112.2300033569336,111.79000091552734,111.80999755859376,0.0,3030800,0.0011703378513753225,278437581.5208253
2018-03-05,74.13990020751953,0.0,112.0,0.0,112.18000030517578,111.87000274658205,112.12000274658205,0.0,2724600,0.0012761788204908135,279076334.8146893
2018-03-06,74.25245666503906,0.0,112.16999816894533,0.0,112.4499969482422,112.02999877929688,112.31999969482422,0.0,2065100,0.0012761788204908135,279688610.93244404
2018-03-07,74.17298889160156,0.0,112.0500030517578,0.0,112.12999725341795,111.88999938964844,112.08000183105467,0.0,1728100,0.001161634288813609,279552037.73860025
2018-03-08,74.17959594726562,0.0,112.05999755859376,0.0,112.18000030517578,111.94000244140624,112.02999877929688,0.0,1478200,0.0010609420601581027,278836487.6995571
2018-03-09,74.32524108886719,0.0,112.27999877929688,0.0,112.37000274658205,112.12999725341795,112.20999908447266,0.0,1943100,0.0010609420601581027,278846551.4916435
2018-03-12,74.31204223632812,0.0,112.26000213623048,0.0,112.30999755859376,112.12000274658205,112.26000213623048,0.0,903300,0.0011213041615934201,279020471.36848086
2018-03-13,74.19285583496094,0.0,112.08000183105467,0.0,112.26000213623048,112.04000091552734,112.23999786376952,0.0,1445100,0.0011435604855973601,278643112.85273236
2018-03-14,74.35833740234375,0.0,112.33000183105467,0.0,112.5199966430664,112.16999816894533,112.26000213623048,0.0,1885800,0.0011687666961469338,279197005.5497487
2018-03-15,74.29877471923828,0.0,112.23999786376952,0.0,112.36000061035156,112.1999969482422,112.30999755859376,0.0,1406300,0.0012062416361411595,279632637.6391517
2018-03-16,74.29212951660156,0.0,112.2300033569336,0.0,112.30999755859376,112.13999938964844,112.22000122070312,0.0,1183500,0.0012207060162759014,279931308.57352
2018-03-19,73.98104858398438,0.0,111.76000213623048,0.0,112.1999969482422,111.6999969482422,111.87999725341795,0.0,1870400,0.0012207060162759014,280698902.54445755
2018-03-20,73.82881164550781,0.0,111.52999877929688,0.0,111.56999969482422,111.45999908447266,111.52999877929688,0.0,1503900,0.001158904133398578,279965910.6007107
2018-03-21,74.05384063720703,0.0,111.87000274658205,0.0,112.0500030517578,111.56999969482422,111.58999633789062,0.0,2371900,0.0010274483796597757,280491631.4837622
2018-03-22,73.83538818359375,0.0,111.54000091552734,0.0,112.0,111.38999938964844,111.9000015258789,0.0,2292300,0.000993984803076795,279687599.1331252
2018-03-23,73.53753662109375,0.0,111.08999633789062,0.0,111.68000030517578,111.01000213623048,111.45999908447266,0.0,3387900,0.0008556030173674561,280555523.92280823
2018-03-26,73.98104858398438,0.0,111.76000213623048,0.0,111.86000061035156,111.44000244140624,111.4499969482422,0.0,4068600,0.0009866166150530767,282228169.12579614
2018-03-27,74.09356689453125,0.0,111.93000030517578,0.0,112.18000030517578,111.88999938964844,112.08000183105467,0.0,2247700,0.00085331805501353,281708270.25829494
2018-03-28,74.2854995727539,0.0,112.22000122070312,0.0,112.3000030517578,112.08000183105467,112.16999816894533,0.0,2312100,0.0008207586101253222,282629895.73205614
2018-03-29,74.68275451660156,0.0,112.81999969482422,0.0,112.91999816894533,112.54000091552734,112.5500030517578,0.0,3034000,0.0008207586101253222,283370025.8313497
2018-04-02,74.53925323486328,0.0,112.2300033569336,0.374,112.27999877929688,112.0500030517578,112.2300033569336,0.0,1588200,0.0007237541289131389,282611763.2374718
2018-04-03,74.5923843383789,0.0,112.30999755859376,0.0,112.4000015258789,112.19000244140624,112.4000015258789,0.0,2351100,0.0006179131597976478,282154490.0654021
2018-04-04,74.67868041992188,0.0,112.44000244140624,0.0,112.56999969482422,112.1999969482422,112.20999908447266,0.0,1686900,0.0006667965400797038,281760019.37379384
2018-04-05,74.65214538574219,0.0,112.4000015258789,0.0,112.66999816894533,112.36000061035156,112.54000091552734,0.0,3002300,0.0006804146191450605,282451409.38668025
2018-04-06,74.76508331298828,0.0,112.56999969482422,0.0,112.77999877929688,112.41000366210938,112.76000213623048,0.0,2940900,0.0007051823506904266,283421926.8104917
2018-04-09,74.6919937133789,0.0,112.45999908447266,0.0,112.51000213623048,112.37000274658205,112.41999816894533,0.0,1191800,0.0007326733881095925,283352917.5626967
2018-04-10,74.57247161865234,0.0,112.27999877929688,0.0,112.45999908447266,112.1999969482422,112.38999938964844,0.0,2810500,0.0006723112866742752,284651179.3116009
2018-04-11,74.59900665283203,0.0,112.31999969482422,0.0,112.38999938964844,112.12999725341795,112.1500015258789,0.0,941000,0.0006905767457833068,284263286.7270455
2018-04-12,74.59900665283203,0.0,112.31999969482422,0.0,112.4800033569336,112.26000213623048,112.4000015258789,0.0,1734000,0.0006653705352337329,284231561.1805326
2018-04-13,74.65880584716797,0.0,112.41000366210938,0.0,112.48999786376952,112.26000213623048,112.31999969482422,0.0,1175200,0.0007227297718955335,283318585.84279865
2018-04-16,74.5658187866211,0.0,112.2699966430664,0.0,112.27999877929688,112.0500030517578,112.26000213623048,0.0,1148000,0.0007246772796067642,283034372.1788437
2018-04-17,74.40641784667969,0.0,112.02999877929688,0.0,112.1999969482422,112.0199966430664,112.11000061035156,0.0,2212200,0.0007914525148251826,283822315.3981769
2018-04-18,74.40641784667969,0.0,112.02999877929688,0.0,112.25,112.02999877929688,112.13999938964844,0.0,3187500,0.0008498718222298652,285683471.6924213
2018-04-19,74.14739990234375,0.0,111.63999938964844,0.0,111.95999908447266,111.47000122070312,111.87999725341795,0.0,3141800,0.0008498718222298652,287406842.30305505
2018-04-20,73.82196044921875,0.0,111.1500015258789,0.0,111.4000015258789,111.05999755859376,111.37000274658205,0.0,3191500,0.0007244548493817827,288548363.6063046
2018-04-23,73.64262390136719,0.0,110.87999725341795,0.0,111.0,110.7300033569336,110.88999938964844,0.0,2048000,0.0007244548493817827,289135308.13633144
2018-04-24,73.52970886230469,0.0,110.70999908447266,0.0,111.16999816894533,110.5999984741211,111.06999969482422,0.0,1668900,0.0006595561624111382,289735716.9030871
2018-04-25,73.2640609741211,0.0,110.30999755859376,0.0,110.5,110.08999633789062,110.4499969482422,0.0,1929800,0.0006595561624111382,289515881.4127907
2018-04-26,73.32384490966797,0.0,110.4000015258789,0.0,110.66999816894533,110.2300033569336,110.55999755859376,0.0,2233400,0.000603253512676239,289925774.0783994
2018-04-27,73.38361358642578,0.0,110.48999786376952,0.0,110.51000213623048,110.25,110.3000030517578,0.0,1253400,0.0006810274411905113,288820695.34126765
2018-04-30,73.15119171142578,0.0,110.13999938964844,0.0,110.5500030517578,110.08000183105467,110.48999786376952,0.0,1981400,0.0006856396696927347,287059700.8554792
2018-05-01,73.01850128173828,0.0,109.52999877929688,0.411,109.6500015258789,109.25,109.56999969482422,0.0,3342500,0.0006856396696927347,287329275.8726756
2018-05-02,72.43849182128906,0.0,108.66000366210938,0.0,109.3499984741211,108.55999755859376,109.0999984741211,0.0,3868800,0.0006367562894106785,288623803.61489797
2018-05-03,72.35848999023438,0.0,108.54000091552734,0.0,108.79000091552734,108.4800033569336,108.79000091552734,0.0,3852100,0.0006231382103453219,290788654.30955434
2018-05-04,72.41851043701172,0.0,108.62999725341795,0.0,108.70999908447266,107.66999816894533,108.18000030517578,0.0,3246100,0.0005451372076844643,291421418.99027145
2018-05-07,72.1185073852539,0.0,108.18000030517578,0.0,108.62000274658205,108.12000274658205,108.5199966430664,0.0,1837600,0.0006443590833725875,288730156.3830845
2018-05-08,71.69185638427734,0.0,107.54000091552734,0.0,108.0999984741211,106.9800033569336,107.9499969482422,0.0,4249400,0.0006443590833725875,290504403.01477945
2018-05-09,71.565185546875,0.0,107.3499984741211,0.0,107.37999725341795,106.93000030517578,107.06999969482422,0.0,3879200,0.0007019098284949655,291700619.13506645
2018-05-10,72.47184753417969,0.0,108.70999908447266,0.0,109.23999786376952,108.5,108.77999877929688,0.0,4064400,0.0007019098284949655,293689363.4821574
2018-05-11,72.77848815917969,0.0,109.16999816894533,0.0,109.25,108.83000183105467,109.0999984741211,0.0,6017200,0.0007299106598172972,296718434.09046596
2018-05-14,72.65178680419922,0.0,108.9800033569336,0.0,109.22000122070312,108.8499984741211,109.12000274658205,0.0,4601200,0.0008682014644702289,298872068.266799
2018-05-15,72.15182495117188,0.0,108.2300033569336,0.0,108.37000274658205,107.98999786376952,108.16999816894533,0.0,5328200,0.0008014262292518105,301678663.1067488
2018-05-16,72.30516052246094,0.0,108.45999908447266,0.0,108.56999969482422,108.2699966430664,108.36000061035156,0.0,3515600,0.0007430069218471279,303030000.6099943
2018-05-17,72.01850128173828,0.0,108.02999877929688,0.0,108.4800033569336,107.9000015258789,108.1999969482422,0.0,4195100,0.0007430069218471279,304854839.523049
2018-05-18,71.9384994506836,0.0,107.91000366210938,0.0,107.98999786376952,107.66999816894533,107.77999877929688,0.0,4913800,0.0007430069218471279,307846897.8119623
2018-05-21,71.95185852050781,0.0,107.93000030517578,0.0,108.0199966430664,107.63999938964844,107.66000366210938,0.0,3281500,0.0008737480578284706,307587766.19375926
2018-05-22,72.23182678222656,0.0,108.3499984741211,0.0,108.5199966430664,108.0500030517578,108.33000183105467,0.0,2728600,0.0008076331471134944,308844213.0221897
2018-05-23,72.67847442626953,0.0,109.0199966430664,0.0,109.0999984741211,108.36000061035156,108.37999725341795,0.0,3099800,0.0008076331471134944,310768269.34245276
2018-05-24,72.89848327636719,0.0,109.3499984741211,0.0,109.44000244140624,109.08999633789062,109.27999877929688,0.0,2598900,0.0007842053296767962,311880664.57741755
2018-05-25,73.07850646972656,0.0,109.62000274658205,0.0,109.6999969482422,109.51000213623048,109.51000213623048,0.0,1687600,0.000706431401162524,312236344.7512006
2018-05-29,72.87846374511719,0.0,109.31999969482422,0.0,109.55999755859376,109.13999938964844,109.51000213623048,0.0,3106400,0.0006330642778012433,314574312.9668402
2018-05-30,72.8584976196289,0.0,109.29000091552734,0.0,109.37000274658205,109.18000030517578,109.27999877929688,0.0,2712800,0.0006783593472917165,315530558.73915654
2018-05-31,72.55852508544922,0.0,108.83999633789062,0.0,109.13999938964844,108.52999877929688,109.0999984741211,0.0,3376800,0.0006783593472917165,316730963.3574834
2018-06-01,72.29877471923828,0.0,108.0,0.452,108.0500030517578,107.58000183105467,107.73999786376952,0.0,2781800,0.0006784723332956641,317385709.2927963
2018-06-04,72.27196502685547,0.0,107.95999908447266,0.0,108.26000213623048,107.93000030517578,108.11000061035156,0.0,2164800,0.0006784723332956641,314421698.90588427
2018-06-05,72.38580322265625,0.0,108.12999725341795,0.0,108.31999969482422,108.06999969482422,108.19000244140624,0.0,1735800,0.0006455835600996715,313754155.219729
2018-06-06,72.22512817382812,0.0,107.88999938964844,0.0,108.0199966430664,107.72000122070312,107.97000122070312,0.0,2139000,0.0006455835600996716,313581964.93690735
2018-06-07,72.02426147460938,0.0,107.58999633789062,0.0,107.9800033569336,107.37999725341795,107.93000030517578,0.0,6189900,0.0005819336389910651,317743260.14693123
2018-06-08,72.09120178222656,0.0,107.69000244140624,0.0,107.7699966430664,107.3499984741211,107.63999938964844,0.0,3288000,0.0006969195088786332,319226006.0042911
2018-06-11,71.9506607055664,0.0,107.4800033569336,0.0,107.55999755859376,107.4499969482422,107.5,0.0,3210300,0.0005899607741171986,320441361.06165326
2018-06-12,71.6493911743164,0.0,107.02999877929688,0.0,107.1500015258789,106.9000015258789,107.01000213623048,0.0,2269100,0.0004352580816182944,321226188.72634643
2018-06-13,71.42180633544922,0.0,106.69000244140624,0.0,106.95999908447266,106.4000015258789,106.8000030517578,0.0,3705400,0.0004352580816182944,322534988.3105566
2018-06-14,71.3347396850586,0.0,106.55999755859376,0.0,107.5500030517578,106.47000122070312,107.31999969482422,0.0,4462400,0.0005108037563443075,325376572.9211353
2018-06-15,71.4820327758789,0.0,106.77999877929688,0.0,106.9800033569336,106.58999633789062,106.86000061035156,0.0,6638500,0.0005881621012818208,329266309.2132932
2018-06-18,71.1004638671875,0.0,106.20999908447266,0.0,106.44000244140624,106.08000183105467,106.44000244140624,0.0,4085100,0.0005881621012818206,329813852.80421424
2018-06-19,71.08039855957031,0.0,106.18000030517578,0.0,106.2300033569336,105.16999816894533,105.2699966430664,0.0,7584900,0.00045742096530047795,335121765.8258287
2018-06-20,71.234375,0.0,106.41000366210938,0.0,106.83000183105467,106.31999969482422,106.73999786376952,0.0,7578500,0.00045742096530047795,340079914.38628304
2018-06-21,71.49544525146484,0.0,106.8000030517578,0.0,106.81999969482422,106.44000244140624,106.52999877929688,0.0,3220000,0.0006000739697586617,341844719.81284124
2018-06-22,71.89708709716797,0.0,107.4000015258789,0.0,107.63999938964844,107.08999633789062,107.33999633789062,0.0,4179500,0.0006000739697586617,343618052.6583838
2018-06-25,71.56910705566406,0.0,106.91000366210938,0.0,107.27999877929688,106.77999877929688,107.11000061035156,0.0,1713300,0.0006038137205988707,343364446.1515275
2018-06-26,71.4686508178711,0.0,106.76000213623048,0.0,106.8499984741211,106.54000091552734,106.76000213623048,0.0,1788500,0.0006038137205988707,343234040.6725444
2018-06-27,71.32809448242188,0.0,106.5500030517578,0.0,106.8499984741211,106.54000091552734,106.8499984741211,0.0,2130400,0.000703791419035871,344466323.2488239
2018-06-28,71.4686508178711,0.0,106.76000213623048,0.0,106.81999969482422,106.4000015258789,106.54000091552734,0.0,2552100,0.0007852374637118398,345770711.6697463
2018-06-29,71.475341796875,0.0,106.7699966430664,0.0,107.1999969482422,106.7300033569336,107.0999984741211,0.0,3386800,0.000785124477707892,347940228.1931862
2018-07-02,71.47266387939453,0.0,106.31999969482422,0.446,106.37999725341795,105.93000030517578,106.08999633789062,0.0,3663300,0.000785124477707892,350009030.6263212
2018-07-03,71.70122528076172,0.0,106.66000366210938,0.0,106.86000061035156,106.41000366210938,106.5999984741211,0.0,2367700,0.0006913003377965955,346502506.5117851
2018-07-05,72.15833282470703,0.0,107.33999633789062,0.0,107.4499969482422,106.91999816894533,107.2699966430664,0.0,3749900,0.0006913003377965955,346824234.86110747
2018-07-06,72.77684783935547,0.0,108.26000213623048,0.0,108.38999938964844,107.47000122070312,107.8000030517578,0.0,3272000,0.0006568777306698526,346881784.8408775
2018-07-09,72.97850036621094,0.0,108.55999755859376,0.0,108.83999633789062,108.45999908447266,108.75,0.0,2391900,0.0005418918607822846,347362819.50816804
2018-07-10,73.10623168945312,0.0,108.75,0.0,108.8499984741211,108.38999938964844,108.45999908447266,0.0,3235400,0.0006778085278031919,346999428.74395585
2018-07-11,72.8037109375,0.0,108.3000030517578,0.0,108.5,108.1999969482422,108.5,0.0,3601600,0.000776952171163257,347348971.8903496
2018-07-12,72.94483947753906,0.0,108.51000213623048,0.0,108.5199966430664,108.2699966430664,108.43000030517578,0.0,2685700,0.0008554705959822745,347709277.8738718
2018-07-13,73.32132720947266,0.0,109.06999969482422,0.0,109.0999984741211,108.79000091552734,108.9000015258789,0.0,1832600,0.0007799249212562614,347650204.8506782
2018-07-16,73.13312530517578,0.0,108.79000091552734,0.0,109.29000091552734,108.63999938964844,109.02999877929688,0.0,2292000,0.0007802916285425789,348106645.6414359
2018-07-17,73.12641143798828,0.0,108.77999877929688,0.0,108.80999755859376,108.45999908447266,108.48999786376952,0.0,3356400,0.0007802916285425789,347725779.1658311
2018-07-18,73.05914306640625,0.0,108.68000030517578,0.0,108.94000244140624,108.58000183105467,108.69000244140624,0.0,3866300,0.000804827942842881,349240711.9102296
2018-07-19,73.04570007324219,0.0,108.66000366210938,0.0,108.77999877929688,108.47000122070312,108.5,0.0,1749900,0.0008104771604512081,348749137.60141647
2018-07-20,72.97850036621094,0.0,108.55999755859376,0.0,108.98999786376952,108.4499969482422,108.98999786376952,0.0,2781200,0.0007597441611744372,347656821.1599138
2018-07-23,72.88434600830078,0.0,108.41999816894533,0.0,108.75,108.33000183105467,108.58000183105467,0.0,1150700,0.0007865814089155224,346691206.70515394
2018-07-24,72.81714630126953,0.0,108.31999969482422,0.0,108.47000122070312,108.29000091552734,108.43000030517578,0.0,1640500,0.0007828416580753133,346435506.3712226
2018-07-25,73.4692153930664,0.0,109.29000091552734,0.0,109.29000091552734,108.58999633789062,108.7300033569336,0.0,2868300,0.0007828416580753133,346592902.07896763
2018-07-26,73.52972412109375,0.0,109.37999725341795,0.0,109.6500015258789,109.30999755859376,109.4499969482422,0.0,1714900,0.00063756889014784,346300759.9470351
2018-07-27,73.65747833251953,0.0,109.56999969482422,0.0,109.7699966430664,109.54000091552734,109.6500015258789,0.0,2253100,0.0006338182479078767,346265255.54691494
2018-07-30,73.44904327392578,0.0,109.26000213623048,0.0,109.5500030517578,109.20999908447266,109.5199966430664,0.0,2849800,0.0006338182479078767,345760934.17446196
2018-07-31,73.31458282470703,0.0,109.05999755859376,0.0,109.33000183105467,109.0199966430664,109.11000061035156,0.0,2014800,0.0006338182479078767,345020773.9240434
2018-08-01,73.00476837158203,0.0,108.16000366210938,0.441,108.4800033569336,108.05999755859376,108.47000122070312,0.0,2994300,0.0006338182479078767,343396409.7984011
2018-08-02,72.9440689086914,0.0,108.06999969482422,0.0,108.16000366210938,107.58999633789062,107.8000030517578,0.0,1924300,0.0006338182479078767,340705628.849296
2018-08-03,73.10603332519531,0.0,108.30999755859376,0.0,108.4800033569336,108.26000213623048,108.26000213623048,0.0,1402300,0.0006338182479078767,336896368.6445085
2018-08-06,72.98451232910156,0.0,108.12999725341795,0.0,108.38999938964844,108.11000061035156,108.33000183105467,0.0,1808200,0.0006338182479078767,329514405.66130745
2018-08-07,72.87654113769531,0.0,107.97000122070312,0.0,108.26000213623048,107.97000122070312,108.16999816894533,0.0,1372500,0.00048202530767004604,325698048.9693112
2018-08-08,72.87654113769531,0.0,107.97000122070312,0.0,108.0199966430664,107.75,107.9000015258789,0.0,4281700,0.00038288166430998095,323239858.17503554
2018-08-09,72.6200942993164,0.0,107.58999633789062,0.0,107.9499969482422,107.38999938964844,107.77999877929688,0.0,3005800,0.00031739263031294957,320428213.2484133
2018-08-10,71.79659271240234,0.0,106.37000274658205,0.0,106.68000030517578,106.08000183105467,106.5999984741211,0.0,7194700,0.00031739263031294957,320966552.7956766
2018-08-13,71.4793701171875,0.0,105.9000015258789,0.0,106.0199966430664,105.2699966430664,105.3000030517578,0.0,7738100,0.00023966757808911894,323502514.01569426
2018-08-14,71.94508361816406,0.0,106.58999633789062,0.0,106.70999908447266,106.29000091552734,106.5500030517578,0.0,2450400,0.00023966757808911894,321902720.15388733
2018-08-15,71.79659271240234,0.0,106.37000274658205,0.0,106.58000183105467,106.01000213623048,106.37000274658205,0.0,2959700,0.00023551823323883378,321570144.29615563
2018-08-16,71.94508361816406,0.0,106.58999633789062,0.0,106.8000030517578,106.44000244140624,106.5199966430664,0.0,2551700,0.0002298690156305066,320934819.54011464
2018-08-17,72.23533630371094,0.0,107.0199966430664,0.0,107.08999633789062,106.52999877929688,106.58999633789062,0.0,1868800,0.00015581600579560748,318663807.32820904
2018-08-20,72.14083862304688,0.0,106.87999725341795,0.0,106.91999816894533,106.62999725341795,106.87000274658205,0.0,1842700,0.00020871508795414833,318412482.3892745
2018-08-21,72.34331512451172,0.0,107.18000030517578,0.0,107.27999877929688,106.98999786376952,106.98999786376952,0.0,2580700,0.00020871508795414833,318582835.24641615
2018-08-22,72.66053771972656,0.0,107.6500015258789,0.0,107.6999969482422,107.37000274658205,107.56999969482422,0.0,2943500,0.00020871508795414833,318221506.9873507
2018-08-23,72.30281829833984,0.0,107.12000274658205,0.0,107.58999633789062,107.08000183105467,107.47000122070312,0.0,2312100,0.0002619389725743495,315996715.02640134
2018-08-24,72.49181365966797,0.0,107.4000015258789,0.0,107.4800033569336,107.05999755859376,107.27999877929688,0.0,1954900,0.0003313371454049842,314828510.09572953
2018-08-27,72.5863037109375,0.0,107.54000091552734,0.0,107.62999725341795,107.30999755859376,107.30999755859376,0.0,1932800,0.0003313371454049842,312417612.0743585
2018-08-28,72.45130157470703,0.0,107.33999633789062,0.0,107.5500030517578,107.31999969482422,107.5199966430664,0.0,3021200,0.0004145967938151456,312435835.45782304
2018-08-29,72.23533630371094,0.0,107.0199966430664,0.0,107.37999725341795,106.8499984741211,107.12000274658205,0.0,3278800,0.0004145967938151456,310115035.828654
2018-08-30,71.83710479736328,0.0,106.43000030517578,0.0,106.79000091552734,106.30999755859376,106.70999908447266,0.0,3149900,0.0004145967938151456,310077567.7930257
2018-08-31,71.61434173583984,0.0,106.0999984741211,0.0,106.5999984741211,106.05999755859376,106.12000274658205,0.0,3586100,0.0004145967938151456,310675424.9718197
2018-09-04,71.39476013183594,0.0,105.33999633789062,0.436,105.51000213623048,104.9800033569336,105.0,0.0,5454600,0.0004145967938151456,313397212.9147242
2018-09-05,71.44220733642578,0.0,105.41000366210938,0.0,105.58000183105467,105.0999984741211,105.11000061035156,0.0,5362700,0.0005464546392871016,316346805.1080976
2018-09-06,71.76073455810547,0.0,105.87999725341795,0.0,106.1999969482422,105.52999877929688,105.9800033569336,0.0,4234200,0.0005464546392871016,318590217.7746001
2018-09-07,71.57099151611328,0.0,105.5999984741211,0.0,105.95999908447266,105.55999755859376,105.86000061035156,0.0,3712900,0.0006594494150902,319970463.55798507
2018-09-10,71.43544006347656,0.0,105.4000015258789,0.0,105.58999633789062,105.3499984741211,105.56999969482422,0.0,1736600,0.0006594494150902,320618345.9605262
2018-09-11,71.29983520507812,0.0,105.1999969482422,0.0,105.30999755859376,105.06999969482422,105.1999969482422,0.0,3783800,0.0006594494150902,322492067.68915087
2018-09-12,71.53031158447266,0.0,105.54000091552734,0.0,105.77999877929688,105.33000183105467,105.41000366210938,0.0,3019300,0.0006594494150902,323339885.2074941
2018-09-13,72.22837829589844,0.0,106.56999969482422,0.0,106.72000122070312,106.26000213623048,106.38999938964844,0.0,5337900,0.0006390624456401831,326601924.0358686
2018-09-14,72.30974578857422,0.0,106.69000244140624,0.0,106.77999877929688,106.4499969482422,106.77999877929688,0.0,2145000,0.000691263752455629,327364033.9268518
2018-09-17,72.08606719970703,0.0,106.36000061035156,0.0,106.55999755859376,106.23999786376952,106.4000015258789,0.0,1811300,0.0007296706052083952,327233985.9991528
2018-09-18,71.86238861083984,0.0,106.02999877929688,0.0,106.36000061035156,105.98999786376952,106.25,0.0,2801500,0.0006499342753087692,328260280.25642276
2018-09-19,72.11996459960938,0.0,106.41000366210938,0.0,106.5,106.26000213623048,106.27999877929688,0.0,1588600,0.0007307120085775847,327495982.4175577
2018-09-20,72.5265884399414,0.0,107.01000213623048,0.0,107.06999969482422,106.63999938964844,106.81999969482422,0.0,2890900,0.0007307120085775847,327921951.2356289
2018-09-21,72.68248748779297,0.0,107.23999786376952,0.0,107.33999633789062,106.97000122070312,107.08000183105467,0.0,5276900,0.0006774881239573836,329426180.9668526
2018-09-24,72.60794067382812,0.0,107.12999725341795,0.0,107.44000244140624,107.12000274658205,107.29000091552734,0.0,2862600,0.0005519704459761924,328251288.7878539
2018-09-25,72.66214752197266,0.0,107.20999908447266,0.0,107.20999908447266,106.81999969482422,107.04000091552734,0.0,3748000,0.0005519704459761924,329443653.98533535
2018-09-26,72.99427032470703,0.0,107.6999969482422,0.0,107.77999877929688,107.31999969482422,107.41999816894533,0.0,4931700,0.00046871079756603096,331599846.1292025
2018-09-27,73.25182342529297,0.0,108.08000183105467,0.0,108.11000061035156,107.87999725341795,108.0500030517578,0.0,3777000,0.00046871079756603096,332123038.8898516
2018-09-28,73.06881713867188,0.0,107.80999755859376,0.0,108.0500030517578,107.80999755859376,108.04000091552734,0.0,4038100,0.0005384843167686656,334163545.7137396
2018-10-01,73.06883239746094,0.0,107.36000061035156,0.45,107.72000122070312,107.33000183105467,107.5199966430664,0.0,3135200,0.0005384843167686656,334739284.115752
2018-10-02,73.14369201660156,0.0,107.47000122070312,0.0,107.56999969482422,107.16999816894533,107.27999877929688,0.0,4698600,0.0005482065440893364,337241534.1762058
2018-10-03,72.76254272460938,0.0,106.91000366210938,0.0,107.6999969482422,106.86000061035156,107.61000061035156,0.0,3699100,0.0005178781343573996,337701949.01720077
2018-10-04,72.25210571289062,0.0,106.16000366210938,0.0,106.62000274658205,105.95999908447266,106.29000091552734,0.0,5843200,0.0005178781343573996,339997639.66240656
2018-10-05,72.03429412841797,0.0,105.83999633789062,0.0,106.0500030517578,105.61000061035156,105.91000366210938,0.0,10611500,0.00039185396773231513,347847570.56899905
2018-10-08,72.01390838623047,0.0,105.80999755859376,0.0,105.9000015258789,105.6500015258789,105.6500015258789,0.0,2111400,0.00046727916173049024,347116176.063253
2018-10-09,72.04112243652344,0.0,105.8499984741211,0.0,105.88999938964844,105.4499969482422,105.5199966430664,0.0,3093500,0.0005312036705702273,348876127.2582281
2018-10-10,71.74166107177734,0.0,105.41000366210938,0.0,105.8499984741211,105.4000015258789,105.77999877929688,0.0,2744400,0.0006904310725496668,349626320.3898112
2018-10-11,71.85052490234375,0.0,105.56999969482422,0.0,105.70999908447266,105.0500030517578,105.48999786376952,0.0,3540000,0.0006904310725496668,351543888.34708077
2018-10-12,72.01390838623047,0.0,105.80999755859376,0.0,106.0199966430664,105.62000274658205,105.95999908447266,0.0,2911400,0.0006382297657342209,352965866.68633354
2018-10-15,72.02751922607422,0.0,105.83000183105467,0.0,105.97000122070312,105.7300033569336,105.7300033569336,0.0,3005000,0.000657746184064423,353522901.5450856
2018-10-16,72.29973602294922,0.0,106.2300033569336,0.0,106.36000061035156,105.9000015258789,106.08000183105467,0.0,3367600,0.000657746184064423,353528016.927592
2018-10-17,72.12960052490234,0.0,105.9800033569336,0.0,106.30999755859376,105.91000366210938,106.20999908447266,0.0,3151700,0.0007471618721903963,353395212.375986
2018-10-18,71.85733795166016,0.0,105.58000183105467,0.0,105.83999633789062,105.4499969482422,105.83999633789062,0.0,3544300,0.0007471618721903963,353549751.8253508
2018-10-19,71.7756576538086,0.0,105.45999908447266,0.0,105.69000244140624,105.38999938964844,105.6500015258789,0.0,5447900,0.0007952599184355681,356307317.6558055
2018-10-22,71.70079803466797,0.0,105.3499984741211,0.0,105.6999969482422,105.3000030517578,105.55999755859376,0.0,3031200,0.0008880271456887101,357375357.32169986
2018-10-23,71.72124481201172,0.0,105.37999725341795,0.0,105.4800033569336,105.12999725341795,105.18000030517578,0.0,2668000,0.0008880271456887101,357917243.03109306
2018-10-24,71.44220733642578,0.0,104.97000122070312,0.0,105.56999969482422,104.91000366210938,105.45999908447266,0.0,2058600,0.00098777392836411,357675369.07160926
2018-10-25,71.66679382324219,0.0,105.3000030517578,0.0,105.58000183105467,105.12000274658205,105.12000274658205,0.0,3057200,0.0011536163650913856,359131202.45262027
2018-10-26,71.76203918457031,0.0,105.44000244140624,0.0,105.5500030517578,105.22000122070312,105.30999755859376,0.0,3098200,0.0012053722251749415,359991859.760345
2018-10-29,71.45579528808594,0.0,104.98999786376952,0.0,105.4800033569336,104.9499969482422,105.4000015258789,0.0,3219200,0.0012332025573951022,359768683.4127517
2018-10-30,71.53065490722656,0.0,105.0999984741211,0.0,105.12000274658205,104.83999633789062,104.94000244140624,0.0,2165600,0.0012234803300744316,358238689.24233574
2018-10-31,71.23120880126953,0.0,104.66000366210938,0.0,104.95999908447266,104.58999633789062,104.9000015258789,0.0,3564500,0.0012070183140414084,357881178.4925491
2018-11-01,71.57367706298828,0.0,104.6999969482422,0.461,104.79000091552734,104.3499984741211,104.48999786376952,0.0,4560400,0.0012070183140414084,358872051.76237804
2018-11-02,71.49163055419922,0.0,104.58000183105467,0.0,104.9800033569336,104.51000213623048,104.91000366210938,0.0,3267200,0.0012229626349494625,360006116.948264
2018-11-05,71.66258239746094,0.0,104.83000183105467,0.0,104.9499969482422,104.62999725341795,104.77999877929688,0.0,8168300,0.0012611698521460134,363175183.8059319
2018-11-06,71.57367706298828,0.0,104.6999969482422,0.0,104.9800033569336,104.6500015258789,104.9499969482422,0.0,3053500,0.001323568651469155,362407480.0487942
2018-11-07,71.74455261230469,0.0,104.9499969482422,0.0,105.1999969482422,104.79000091552734,105.12000274658205,0.0,3426100,0.001240725249394574,361754529.7651866
2018-11-08,71.47801208496094,0.0,104.55999755859376,0.0,104.91999816894533,104.55999755859376,104.81999969482422,0.0,3568400,0.001240725249394574,359502261.37078905
2018-11-09,71.51216125488281,0.0,104.61000061035156,0.0,104.68000030517578,104.3000030517578,104.5199966430664,0.0,2238900,0.001240725249394574,357381408.5050795
2018-11-12,71.25239562988281,0.0,104.2300033569336,0.0,104.45999908447266,104.19000244140624,104.4499969482422,0.0,1380200,0.0012644880525496702,353946385.86021304
2018-11-13,71.16353607177734,0.0,104.0999984741211,0.0,104.31999969482422,104.02999877929688,104.18000030517578,0.0,5848500,0.0012644880525496702,355752154.6562013
2018-11-14,71.3002700805664,0.0,104.3000030517578,0.0,104.3499984741211,104.12000274658205,104.26000213623048,0.0,1844000,0.0011755184382479951,353681778.13039505
2018-11-15,71.00630950927734,0.0,103.87000274658205,0.0,104.16000366210938,103.7699966430664,104.11000061035156,0.0,3862500,0.0011902795221753332,352657569.47653633
2018-11-16,71.11567687988281,0.0,104.02999877929688,0.0,104.11000061035156,103.1999969482422,103.1999969482422,0.0,4184000,0.0011769111568220515,353301134.7058311
2018-11-19,70.86275482177734,0.0,103.66000366210938,0.0,104.0,103.62999725341795,103.9499969482422,0.0,2509900,0.0011465197093891916,353019646.11341083
2018-11-20,70.28851318359375,0.0,102.81999969482422,0.0,103.22000122070312,102.72000122070312,102.91000366210938,0.0,5685500,0.0011465197093891916,354977129.6266707
2018-11-21,70.60978698730469,0.0,103.29000091552734,0.0,103.5500030517578,103.26000213623048,103.38999938964844,0.0,2425700,0.0011382365083049339,354710152.19957864
2018-11-23,70.36373138427734,0.0,102.93000030517578,0.0,103.16000366210938,102.91999816894533,103.1500015258789,0.0,1568500,0.0009723940715776581,354523255.28563845
2018-11-26,70.46626281738281,0.0,103.08000183105467,0.0,103.20999908447266,102.8499984741211,102.95999908447266,0.0,3981700,0.0009359891604337485,355085493.35102504
2018-11-27,69.9740219116211,0.0,102.36000061035156,0.0,103.06999969482422,102.1500015258789,102.70999908447266,0.0,4520700,0.0009081588282135878,356404992.8770217
2018-11-28,70.84909057617188,0.0,103.63999938964844,0.0,103.72000122070312,102.58999633789062,102.8000030517578,0.0,4855600,0.0010460375304534122,357482004.6341851
2018-11-29,70.72602844238281,0.0,103.45999908447266,0.0,103.91000366210938,103.4000015258789,103.80999755859376,0.0,6056000,0.0009609701107464161,360070253.4790705
2018-11-30,70.88328552246094,0.0,103.69000244140624,0.0,103.88999938964844,103.5,103.66000366210938,0.0,4020700,0.001114721423837918,361524178.7711189
2018-12-03,71.38037872314453,0.0,103.95999908447266,0.454,104.44000244140624,103.88999938964844,104.33000183105467,0.0,5506900,0.0010987771029298636,364578188.8483078
2018-12-04,71.17437744140625,0.0,103.66000366210938,0.0,104.2300033569336,103.47000122070312,104.06999969482422,0.0,5871000,0.0009851446917351378,367576690.2197823
2018-12-06,71.38722229003906,0.0,103.97000122070312,0.0,103.9800033569336,103.4499969482422,103.62999725341795,0.0,6485300,0.001029537849347765,367642605.5418832
2018-12-07,71.45586395263672,0.0,104.06999969482422,0.0,104.37000274658205,103.98999786376952,104.16000366210938,0.0,5342800,0.0009531538494429064,369245307.65570986
2018-12-10,71.45586395263672,0.0,104.06999969482422,0.0,104.2699966430664,103.83999633789062,104.18000030517578,0.0,3945400,0.0010039601576540401,369765583.2272908
2018-12-11,71.50395202636719,0.0,104.13999938964844,0.0,104.37000274658205,104.0500030517578,104.22000122070312,0.0,3526200,0.0010108827615603155,370752541.12901837
2018-12-12,71.63441467285156,0.0,104.33000183105467,0.0,104.66999816894533,104.2699966430664,104.48999786376952,0.0,3188100,0.0009371178226800474,370254805.7622819
2018-12-13,71.84037780761719,0.0,104.62999725341795,0.0,104.97000122070312,104.4800033569336,104.91999816894533,0.0,4406700,0.0010324940115564475,370140200.0145927
2018-12-14,71.8541259765625,0.0,104.6500015258789,0.0,104.9000015258789,104.58000183105467,104.72000122070312,0.0,3501100,0.0010610135532777131,367422192.8594014
2018-12-17,71.95024108886719,0.0,104.79000091552734,0.0,104.93000030517578,104.58000183105467,104.8499984741211,0.0,3539200,0.0011894474964044082,366922147.6528955
2018-12-18,72.02669525146484,0.0,103.61000061035156,1.29,103.94000244140624,103.45999908447266,103.66999816894533,0.0,9264900,0.001154717815512518,368148906.46511865
2018-12-19,71.92936706542969,0.0,103.47000122070312,0.0,103.91999816894533,103.22000122070312,103.73999786376952,0.0,9687400,0.0012205222282888832,369703883.2672785
2018-12-20,71.79731750488281,0.0,103.27999877929688,0.0,103.83999633789062,103.26000213623048,103.6500015258789,0.0,5099200,0.001464267443240473,371154275.0129034
2018-12-21,71.56788635253906,0.0,102.9499969482422,0.0,103.41999816894533,102.7699966430664,103.11000061035156,0.0,8372900,0.001372803861649331,374432939.48171705
2018-12-24,71.53311920166016,0.0,102.9000015258789,0.0,103.13999938964844,102.7300033569336,103.11000061035156,0.0,1857300,0.0014649690386454967,374496013.00203234
2018-12-26,71.63742065429688,0.0,103.0500030517578,0.0,103.48999786376952,102.62000274658205,102.98999786376952,0.0,2584800,0.0014875729271257778,375094611.28828263
2018-12-27,71.93637084960938,0.0,103.4800033569336,0.0,103.5500030517578,102.83999633789062,102.8499984741211,0.0,2844200,0.001713174111553663,375628926.3600789
2018-12-28,71.9849853515625,0.0,103.5500030517578,0.0,103.91000366210938,103.36000061035156,103.47000122070312,0.0,3234800,0.001575295409313839,376124968.80785626
2018-12-31,72.23526763916016,0.0,103.91000366210938,0.0,103.9499969482422,103.58999633789062,103.70999908447266,0.0,2039000,0.0017001146809107015,374936586.8462396
2019-01-02,72.23526763916016,0.0,103.91000366210938,0.0,104.2300033569336,103.56999969482422,103.66000366210938,0.0,4241600,0.0016532644989271413,375343433.0101377
2019-01-03,72.54113006591797,0.0,104.3499984741211,0.0,104.70999908447266,103.83999633789062,103.91000366210938,0.0,3988000,0.0016532644989271413,376641916.36921716
2019-01-04,73.09027862548828,0.0,105.13999938964844,0.0,105.27999877929688,104.55999755859376,104.55999755859376,0.0,6787700,0.0016532644989271413,379111317.33421445
2019-01-07,73.40314483642578,0.0,105.58999633789062,0.0,105.69000244140624,105.23999786376952,105.36000061035156,0.0,8315200,0.0014825480331516357,383268263.44976276
2019-01-08,73.34752655029297,0.0,105.51000213623048,0.0,105.54000091552734,105.05999755859376,105.27999877929688,0.0,4462200,0.0015717911160189422,384943994.1908095
2019-01-09,73.47962188720703,0.0,105.6999969482422,0.0,105.87999725341795,105.51000213623048,105.75,0.0,4315400,0.0015209848078078085,385771676.86406696
2019-01-10,73.34752655029297,0.0,105.51000213623048,0.0,105.6999969482422,105.26000213623048,105.45999908447266,0.0,5080300,0.0015140622039015329,386930162.3629676
2019-01-11,73.35447692871094,0.0,105.5199966430664,0.0,105.61000061035156,105.12999725341795,105.4499969482422,0.0,4425400,0.0015811642191290516,388323359.82651484
2019-01-14,73.2710952758789,0.0,105.4000015258789,0.0,105.5199966430664,105.27999877929688,105.33000183105467,0.0,3388900,0.0015506563149913157,389571839.0624697
2019-01-15,73.52132415771484,0.0,105.76000213623048,0.0,105.91000366210938,105.69000244140624,105.72000122070312,0.0,6458700,0.0014409129661769363,393014104.48865134
2019-01-16,73.58391571044922,0.0,105.8499984741211,0.0,106.22000122070312,105.83999633789062,106.20999908447266,0.0,3549200,0.0012977179391229032,393098022.1607269
2019-01-17,73.83413696289062,0.0,106.20999908447266,0.0,106.27999877929688,105.62000274658205,105.87000274658205,0.0,4988600,0.0014132870260095954,393968258.0040039
2019-01-18,74.1886978149414,0.0,106.72000122070312,0.0,106.93000030517578,106.47000122070312,106.58999633789062,0.0,7720500,0.001263530936127499,398998318.5517508
2019-01-22,74.20956420898438,0.0,106.75,0.0,106.86000061035156,106.52999877929688,106.76000213623048,0.0,5983700,0.00113985994494735,401671595.6135765
2019-01-23,74.57801055908203,0.0,107.27999877929688,0.0,107.38999938964844,107.01000213623048,107.1500015258789,0.0,3434100,0.00113985994494735,403605336.5017906
2019-01-24,74.93950653076172,0.0,107.8000030517578,0.0,107.8499984741211,107.62000274658205,107.6999969482422,0.0,3136300,0.0010476947679511843,404878306.2642658
2019-01-25,74.86996459960938,0.0,107.6999969482422,0.0,107.95999908447266,107.5999984741211,107.8499984741211,0.0,6431600,0.0010152840280606965,407887883.9686015
2019-01-28,74.52932739257812,0.0,107.20999908447266,0.0,107.29000091552734,107.0,107.29000091552734,0.0,5485100,0.0007896828436328113,411066311.0216837
2019-01-29,74.59188842773438,0.0,107.3000030517578,0.0,107.30999755859376,106.98999786376952,107.18000030517578,0.0,4031900,0.000915706633304325,412540523.05336607
2019-01-30,75.1202163696289,0.0,108.05999755859376,0.0,108.20999908447266,107.05999755859376,107.08999633789062,0.0,5268100,0.0007908873617074625,414587362.0934501
2019-01-31,75.69027709960938,0.0,108.87999725341795,0.0,109.04000091552734,108.55999755859376,108.5999984741211,0.0,8407900,0.0006839862305995203,420108933.88571966
2019-02-01,75.79634857177734,0.0,108.58999633789062,0.442,108.68000030517578,108.0199966430664,108.25,0.0,13481600,0.0006839862305995203,429157373.5338423
2019-02-04,75.5380630493164,0.0,108.22000122070312,0.0,108.41999816894533,108.01000213623048,108.2300033569336,0.0,5968700,0.0008142320219871714,432633354.651884
2019-02-05,76.04066467285156,0.0,108.94000244140624,0.0,109.04000091552734,108.48999786376952,108.81999969482422,0.0,5913300,0.0008142320219871714,436540591.2142678
2019-02-06,75.64981079101562,0.0,108.37999725341795,0.0,108.5999984741211,108.25,108.4000015258789,0.0,3680400,0.0008381015796823582,438154568.04647297
2019-02-07,75.51019287109375,0.0,108.18000030517578,0.0,108.29000091552734,108.0,108.18000030517578,0.0,7506700,0.0008381015796823582,443423504.4085003
2019-02-08,75.17513275146484,0.0,107.6999969482422,0.0,108.0,107.62000274658205,107.9000015258789,0.0,4336500,0.0008381015796823582,443461170.14293975
2019-02-11,75.00060272216797,0.0,107.4499969482422,0.0,107.69000244140624,107.36000061035156,107.5,0.0,5676600,0.0007452114337505296,445735429.2039235
2019-02-12,75.2798080444336,0.0,107.8499984741211,0.0,108.01000213623048,107.69000244140624,107.93000030517578,0.0,3228900,0.0007360875741757722,442425402.2302113
2019-02-13,75.28677368164062,0.0,107.86000061035156,0.0,108.18000030517578,107.8499984741211,108.0999984741211,0.0,5843400,0.0007360875741757722,440923849.2600456
2019-02-14,75.48224639892578,0.0,108.13999938964844,0.0,108.27999877929688,107.77999877929688,107.91000366210938,0.0,3100100,0.0008468299156551663,441511600.72894627
2019-02-15,75.54508972167969,0.0,108.2300033569336,0.0,108.31999969482422,108.02999877929688,108.27999877929688,0.0,8221800,0.0007736298428561168,446075268.542208
2019-02-19,75.49623107910156,0.0,108.16000366210938,0.0,108.41000366210938,108.13999938964844,108.29000091552734,0.0,3980100,0.0007917282635457443,447333220.4225268
2019-02-20,75.50318145751953,0.0,108.16999816894533,0.0,108.36000061035156,108.08000183105467,108.25,0.0,1981700,0.0007374127341673835,447447200.7054223
2019-02-21,75.454345703125,0.0,108.0999984741211,0.0,108.44000244140624,108.08000183105467,108.4000015258789,0.0,2771000,0.0008446015262172278,448261465.18822324
2019-02-22,75.9220199584961,0.0,108.7699966430664,0.0,108.8000030517578,108.33000183105467,108.33000183105467,0.0,2908100,0.0009584097887861008,448576660.42989093
2019-02-25,75.79634857177734,0.0,108.58999633789062,0.0,109.0500030517578,108.55999755859376,108.95999908447266,0.0,4948700,0.0008830921720540263,450326751.98057264
2019-02-26,76.01973724365234,0.0,108.91000366210938,0.0,109.0199966430664,108.61000061035156,108.73999786376952,0.0,2971200,0.0010483136086838732,450929301.5403384
2019-02-27,76.04066467285156,0.0,108.94000244140624,0.0,109.30999755859376,108.77999877929688,109.27999877929688,0.0,4394400,0.0009222898190123594,453062394.2684779
2019-02-28,75.9917984008789,0.0,108.87000274658205,0.0,109.0,108.69000244140624,109.0,0.0,5154700,0.0009222898190123594,455866671.16838485
2019-03-01,75.7205581665039,0.0,108.04000091552734,0.443,108.43000030517578,108.04000091552734,108.33000183105467,0.0,4825500,0.0009222898190123594,457430571.3864947
2019-03-04,75.67851257324219,0.0,107.9800033569336,0.0,108.25,107.76000213623048,108.25,0.0,5610800,0.0009222898190123594,459454039.9407947
2019-03-05,75.71356964111328,0.0,108.02999877929688,0.0,108.08000183105467,107.81999969482422,107.9800033569336,0.0,3170000,0.0008644340366619133,459511271.9897558
2019-03-06,75.65048217773438,0.0,107.94000244140624,0.0,108.2300033569336,107.91000366210938,108.08000183105467,0.0,3152900,0.0008670246187287766,459192532.5387198
2019-03-07,75.47528076171875,0.0,107.69000244140624,0.0,108.1500015258789,107.63999938964844,108.1500015258789,0.0,7931400,0.0007673600087309533,461411143.1842683
2019-03-08,75.68557739257812,0.0,107.98999786376952,0.0,107.98999786376952,107.4800033569336,107.66000366210938,0.0,4364900,0.0008247379220531536,460665772.6686871
2019-03-11,75.96588134765625,0.0,108.38999938964844,0.0,108.45999908447266,108.20999908447266,108.25,0.0,4401800,0.0008247379220531536,460894296.59680563
2019-03-12,76.20413970947266,0.0,108.7300033569336,0.0,108.80999755859376,108.56999969482422,108.56999969482422,0.0,3538900,0.0008247379220531536,460836378.93446666
2019-03-13,76.22518157958984,0.0,108.76000213623048,0.0,108.79000091552734,108.5,108.6999969482422,0.0,2460200,0.000842764888663653,461507281.4313374
2019-03-14,76.113037109375,0.0,108.5999984741211,0.0,108.81999969482422,108.52999877929688,108.81999969482422,0.0,4132000,0.0009428833503664737,461909499.2507208
2019-03-15,76.42141723632812,0.0,109.04000091552734,0.0,109.08999633789062,108.83000183105467,108.9499969482422,0.0,5163900,0.0008981889821234681,463849298.7424941
2019-03-18,76.49148559570312,0.0,109.13999938964844,0.0,109.3000030517578,109.01000213623048,109.18000030517578,0.0,3647800,0.0008558199680358253,462494226.42822874
2019-03-19,76.54759216308594,0.0,109.22000122070312,0.0,109.5,109.13999938964844,109.33999633789062,0.0,5537900,0.0008377215473461978,465478348.56730264
2019-03-20,77.22740936279297,0.0,110.19000244140624,0.0,110.37000274658205,108.97000122070312,109.22000122070312,0.0,7302200,0.0008224087677916423,470335329.25557333
2019-03-21,77.20639038085938,0.0,110.16000366210938,0.0,110.3000030517578,110.02999877929688,110.1500015258789,0.0,4208900,0.0007433633187800335,471657626.06377375
2019-03-22,76.69476318359375,0.0,109.43000030517578,0.0,109.81999969482422,109.3000030517578,109.75,0.0,5784000,0.0006295550562111605,475339373.6030397
2019-03-25,77.122314453125,0.0,110.04000091552734,0.0,110.04000091552734,109.33999633789062,109.4000015258789,0.0,5680600,0.0007750876453907708,477845230.8572073
2019-03-26,77.1923828125,0.0,110.13999938964844,0.0,110.22000122070312,109.94000244140624,109.9800033569336,0.0,4465800,0.000609866208760924,477257678.9885324
2019-03-27,76.90504455566406,0.0,109.7300033569336,0.0,110.0500030517578,109.41999816894533,109.9000015258789,0.0,6022300,0.000609866208760924,480068446.20344377
2019-03-28,77.06625366210938,0.0,109.95999908447266,0.0,109.98999786376952,109.5199966430664,109.55999755859376,0.0,3530000,0.0007814154442927164,479959999.5383611
2019-03-29,77.13631439208984,0.0,110.05999755859376,0.0,110.33999633789062,109.9499969482422,110.19000244140624,0.0,3849900,0.0007814154442927164,479107427.39273554
2019-04-01,77.27281951904297,0.0,109.8000030517578,0.454,110.08999633789062,109.76000213623048,110.0,0.0,5361100,0.0007814154442927164,480539416.515314
2019-04-02,77.32209777832031,0.0,109.87000274658205,0.0,109.9499969482422,107.7300033569336,109.88999938964844,0.0,3906700,0.0007090254352555117,480490857.6945895
2019-04-03,77.14616394042969,0.0,109.62000274658205,0.0,109.9499969482422,109.61000061035156,109.8499984741211,0.0,2859800,0.0007346549486309752,480307494.2814237
2019-04-04,77.12503814697266,0.0,109.58999633789062,0.0,109.88999938964844,109.58000183105467,109.6999969482422,0.0,3540500,0.0008203267593167599,479379278.6806197
2019-04-05,77.42765808105469,0.0,110.0199966430664,0.0,110.20999908447266,109.75,109.7699966430664,0.0,3366500,0.0008561849101612673,479180163.7929402
2019-04-08,77.11796569824219,0.0,109.58000183105467,0.0,109.97000122070312,109.58000183105467,109.95999908447266,0.0,4782700,0.0008815513359585544,478416466.5021382
2019-04-09,77.16724395751953,0.0,109.6500015258789,0.0,110.02999877929688,109.58000183105467,110.02999877929688,0.0,11591300,0.0010415606085898952,479589997.78426033
2019-04-10,77.32209777832031,0.0,109.87000274658205,0.0,109.93000030517578,109.6999969482422,109.75,0.0,2851500,0.0010287036961857,480303387.33971006
2019-04-11,77.04058074951172,0.0,109.47000122070312,0.0,109.70999908447266,109.4000015258789,109.52999877929688,0.0,5430200,0.0009461737424407047,482422411.3900987
2019-04-12,77.0335693359375,0.0,109.45999908447266,0.0,109.68000030517578,109.30999755859376,109.30999755859376,0.0,7801800,0.0009712366750295432,486904140.0155507
2019-04-15,77.08282470703125,0.0,109.52999877929688,0.0,109.72000122070312,109.36000061035156,109.52999877929688,0.0,8276800,0.0010883223570220747,491133029.6582237
2019-04-16,76.93504333496094,0.0,109.31999969482422,0.0,109.66000366210938,109.31999969482422,109.5500030517578,0.0,4771400,0.0011932437772775406,492827904.41736495
2019-04-17,77.00540924072266,0.0,109.41999816894533,0.0,109.7300033569336,109.4000015258789,109.7300033569336,0.0,6140000,0.0012903373799340546,495635996.7447856
2019-04-18,77.06877136230469,0.0,109.51000213623048,0.0,109.69000244140624,109.43000030517578,109.61000061035156,0.0,5185300,0.0013615058657281195,497303473.3699617
2019-04-22,77.012451171875,0.0,109.43000030517578,0.0,109.5500030517578,109.22000122070312,109.4499969482422,0.0,1927200,0.0013615058657281195,496326301.3065338
2019-04-23,77.24468231201172,0.0,109.76000213623048,0.0,109.91000366210938,109.51000213623048,109.52999877929688,0.0,3612400,0.0012159732765485089,496503204.7289712
2019-04-24,77.02650451660156,0.0,109.4499969482422,0.0,109.91999816894533,109.29000091552734,109.83000183105467,0.0,4366100,0.0013437856714987781,495736015.0675698
2019-04-25,77.132080078125,0.0,109.5999984741211,0.0,109.87000274658205,108.88999938964844,109.01000213623048,0.0,8116000,0.001492295787925841,500261226.7520239
2019-04-26,77.08282470703125,0.0,109.52999877929688,0.0,109.93000030517578,109.38999938964844,109.7699966430664,0.0,2902100,0.0014074328164517627,500552601.17095464
2019-04-29,77.1602554321289,0.0,109.63999938964844,0.0,109.80999755859376,109.4499969482422,109.54000091552734,0.0,3863600,0.001527476441605911,502199536.5449936
2019-04-30,77.27281951904297,0.0,109.8000030517578,0.0,109.9800033569336,109.66000366210938,109.87999725341795,0.0,2829200,0.0015274764416059107,502110036.5394713
2019-05-01,77.25091552734375,0.0,109.31999969482422,0.449,110.04000091552734,109.0999984741211,109.5,0.0,4642800,0.001585579224950337,503545565.73803616
2019-05-02,77.13077545166016,0.0,109.1500015258789,0.0,109.5,109.0,109.47000122070312,0.0,5016700,0.0015848120281064509,505208970.5914634
2019-05-03,77.56893920898438,0.0,109.7699966430664,0.0,109.7699966430664,109.31999969482422,109.37999725341795,0.0,4870700,0.0015659200727721142,507645892.54347783
2019-05-06,77.5547866821289,0.0,109.75,0.0,109.7699966430664,109.31999969482422,109.41000366210938,0.0,2701200,0.0016780776622472558,507037925.2176557
2019-05-07,77.14493560791016,0.0,109.16999816894533,0.0,109.5500030517578,108.93000030517578,109.31999969482422,0.0,6945800,0.0017915770784910916,509266489.5605057
2019-05-08,77.229736328125,0.0,109.29000091552734,0.0,109.5,109.13999938964844,109.1500015258789,0.0,3273800,0.0017385383311395136,509394345.29871863
2019-05-09,76.99653625488281,0.0,108.95999908447266,0.0,109.73999786376952,108.63999938964844,108.93000030517578,0.0,7474800,0.0017409449617689775,509062371.4669727
2019-05-10,77.25802612304688,0.0,109.33000183105467,0.0,109.48999786376952,108.83999633789062,109.13999938964844,0.0,7133800,0.0019198823905313342,512715045.48586893
2019-05-13,76.63612365722656,0.0,108.4499969482422,0.0,108.94000244140624,108.41000366210938,108.87000274658205,0.0,12322200,0.001993392600706773,520467215.07199
2019-05-14,76.87640380859375,0.0,108.79000091552734,0.0,109.0,108.6500015258789,108.80999755859376,0.0,4524400,0.0019931864983555344,521412433.9994037
2019-05-15,77.1590805053711,0.0,109.19000244140624,0.0,109.2699966430664,108.81999969482422,109.04000091552734,0.0,5293900,0.0018882650781000686,524141240.53557867
2019-05-16,77.17321014404297,0.0,109.20999908447266,0.0,109.41999816894533,109.1999969482422,109.38999938964844,0.0,2657300,0.0017407255606050303,525302712.5985463
2019-05-17,76.99653625488281,0.0,108.95999908447266,0.0,109.3000030517578,108.94000244140624,109.16999816894533,0.0,2724900,0.0016414137317727299,522827127.3638589
2019-05-20,77.3427734375,0.0,109.4499969482422,0.0,109.4800033569336,109.01000213623048,109.12999725341795,0.0,5054500,0.001754324734095116,525691300.41106087
2019-05-21,77.43462371826172,0.0,109.58000183105467,0.0,109.7699966430664,109.4800033569336,109.58000183105467,0.0,3295200,0.001754324734095116,525372968.1604658
2019-05-22,77.39225006103516,0.0,109.5199966430664,0.0,109.83999633789062,109.44000244140624,109.75,0.0,2430800,0.0017300976761270063,524031378.42195296
2019-05-23,77.2862777709961,0.0,109.37000274658205,0.0,109.45999908447266,109.1999969482422,109.3499984741211,0.0,3439500,0.0015815875596999437,524952028.27318585
2019-05-24,77.3639907836914,0.0,109.4800033569336,0.0,109.81999969482422,109.38999938964844,109.61000061035156,0.0,2210700,0.0014949012956422295,522233332.5204577
2019-05-28,77.46290588378906,0.0,109.62000274658205,0.0,109.77999877929688,109.5,109.58000183105467,0.0,2661800,0.0014663843595475075,522560602.108474
2019-05-29,77.4205322265625,0.0,109.55999755859376,0.0,109.68000030517578,109.4499969482422,109.51000213623048,0.0,1806600,0.0015020309861140991,522850168.66490805
2019-05-30,77.65372467041016,0.0,109.88999938964844,0.0,109.95999908447266,109.61000061035156,109.81999969482422,0.0,2657100,0.0014439282027696727,521910129.5703646
2019-05-31,77.65372467041016,0.0,109.88999938964844,0.0,109.91999816894533,109.36000061035156,109.5,0.0,3540100,0.0014827996315742765,521325071.88846046
2019-06-03,77.6246337890625,0.0,109.38999938964844,0.459,109.4000015258789,109.08000183105467,109.08999633789062,0.0,7942600,0.0014959898980988443,524226711.7941417
2019-06-04,78.09294891357422,0.0,110.0500030517578,0.0,110.16000366210938,109.58000183105467,109.61000061035156,0.0,5434900,0.001290596244456995,524000973.75549436
2019-06-05,78.3413314819336,0.0,110.4000015258789,0.0,110.63999938964844,110.2699966430664,110.52999877929688,0.0,3103600,0.001151730402415872,523411537.65961784
2019-06-06,78.63935089111328,0.0,110.81999969482422,0.0,110.8499984741211,110.5199966430664,110.54000091552734,0.0,2954000,0.0010838263818700271,521466021.47025454
2019-06-07,79.11478424072266,0.0,111.48999786376952,0.0,111.5999984741211,111.0,111.06999969482422,0.0,4074300,0.001020505271870352,520241067.6353031
2019-06-10,79.01547241210938,0.0,111.3499984741211,0.0,111.51000213623048,111.33000183105467,111.37000274658205,0.0,2191200,0.0008525711857503065,516826095.15704805
2019-06-11,78.90900421142578,0.0,111.1999969482422,0.0,111.47000122070312,111.1999969482422,111.3499984741211,0.0,1921900,0.0007036468601308523,514109349.75836015
2019-06-12,78.84517669677734,0.0,111.11000061035156,0.0,111.33000183105467,111.0199966430664,111.29000091552734,0.0,2438500,0.0005867672804895591,513000968.4860774
2019-06-13,79.02255249023438,0.0,111.36000061035156,0.0,111.36000061035156,111.05999755859376,111.16000366210938,0.0,3000600,0.00068597985560715,512738495.08912224
2019-06-14,78.95866394042969,0.0,111.2699966430664,0.0,111.29000091552734,111.18000030517578,111.2300033569336,0.0,2456400,0.0007071442359940195,512267932.7154432
2019-06-17,78.99417877197266,0.0,111.31999969482422,0.0,111.4000015258789,111.0999984741211,111.27999877929688,0.0,2151400,0.0007283416040005252,510509367.9412115
2019-06-18,79.79607391357422,0.0,112.4499969482422,0.0,112.4499969482422,112.12999725341795,112.13999938964844,0.0,5856700,0.0006154306016781389,512828382.0426759
2019-06-19,80.491455078125,0.0,113.43000030517578,0.0,113.4499969482422,112.16000366210938,112.31999969482422,0.0,5358500,0.000625348463707555,514708873.1966049
2019-06-20,80.85334777832031,0.0,113.94000244140624,0.0,113.9499969482422,113.63999938964844,113.88999938964844,0.0,5624800,0.0005217631267253958,512176757.57023644
2019-06-21,80.06568908691406,0.0,112.83000183105467,0.0,113.5,112.83000183105467,113.3000030517578,0.0,7054300,0.0005834528282893729,510538514.65032667
2019-06-24,80.22181701660156,0.0,113.0500030517578,0.0,113.23999786376952,112.98999786376952,113.18000030517578,0.0,2291200,0.0006317573749668569,508414505.10442823
2019-06-25,79.81021881103516,0.0,112.47000122070312,0.0,113.05999755859376,112.4000015258789,113.0500030517578,0.0,6134200,0.0005402306859074305,507048818.2158576
2019-06-26,79.9450454711914,0.0,112.66000366210938,0.0,112.97000122070312,112.58999633789062,112.87000274658205,0.0,7807900,0.0006134817291451689,512513277.4996621
2019-06-27,80.27149963378906,0.0,113.12000274658205,0.0,113.23999786376952,112.8499984741211,112.91999816894533,0.0,2606900,0.0007039149259285336,512739697.23991513
2019-06-28,80.39214324951172,0.0,113.29000091552734,0.0,113.4000015258789,113.2300033569336,113.38999938964844,0.0,2345000,0.0006375905985254886,512512294.2764161
2019-07-01,80.80386352539062,0.0,113.43000030517578,0.438,113.68000030517578,113.12999725341795,113.5999984741211,0.0,7904100,0.0005715415737107376,516969425.3521329
2019-07-02,80.94629669189453,0.0,113.62999725341795,0.0,113.66999816894533,113.33999633789062,113.4499969482422,0.0,3951800,0.000668675985158638,518851731.11149013
2019-07-03,81.16717529296875,0.0,113.94000244140624,0.0,113.95999908447266,113.6500015258789,113.73999786376952,0.0,2185600,0.000668675985158638,517330164.42738485
2019-07-05,80.74690246582031,0.0,113.3499984741211,0.0,113.69000244140624,113.0199966430664,113.69000244140624,0.0,4950100,0.0006806912168660627,518480529.77287656
2019-07-08,80.6329116821289,0.0,113.19000244140624,0.0,113.45999908447266,113.19000244140624,113.4499969482422,0.0,2867700,0.0007364725264310267,515392721.8057663
2019-07-09,80.44058227539062,0.0,112.91999816894533,0.0,113.04000091552734,112.87999725341795,112.97000122070312,0.0,5124300,0.0007078806758308899,513016801.24281627
2019-07-10,80.5687484741211,0.0,113.0999984741211,0.0,113.33000183105467,113.01000213623048,113.27999877929688,0.0,2810000,0.000692183885449679,511802549.3712289
2019-07-11,80.33370208740234,0.0,112.7699966430664,0.0,113.29000091552734,112.6500015258789,113.18000030517578,0.0,3421400,0.0007300180062574884,511244561.273484
2019-07-12,80.49752044677734,0.0,113.0,0.0,113.05999755859376,112.69000244140624,112.86000061035156,0.0,2587200,0.0007370267954905675,509310681.40163726
2019-07-15,80.6613540649414,0.0,113.2300033569336,0.0,113.3000030517578,112.9800033569336,112.9800033569336,0.0,3883700,0.000715862415103698,509094674.8214237
2019-07-16,80.61865234375,0.0,113.16999816894533,0.0,113.38999938964844,113.06999969482422,113.30999755859376,0.0,4306100,0.0007400461539041736,510127462.630505
2019-07-17,80.71126556396484,0.0,113.3000030517578,0.0,113.5,113.16999816894533,113.41999816894533,0.0,3532600,0.00077166964777384,507882791.7176746
2019-07-18,80.86084747314453,0.0,113.51000213623048,0.0,113.51000213623048,113.0500030517578,113.33999633789062,0.0,4855000,0.0008747423013114278,509274920.65249246
2019-07-19,80.73978424072266,0.0,113.33999633789062,0.0,113.58999633789062,113.18000030517578,113.58999633789062,0.0,5462300,0.0009558758881149857,509983316.37125164
2019-07-22,81.02469635009766,0.0,113.73999786376952,0.0,113.80999755859376,113.62999725341795,113.6999969482422,0.0,2108200,0.0009343687805518925,505347244.1019815
2019-07-23,81.2740478515625,0.0,114.08999633789062,0.0,114.08999633789062,113.83000183105467,113.9000015258789,0.0,2811100,0.0008860642338744087,502823104.52821517
2019-07-24,81.45923614501953,0.0,114.3499984741211,0.0,114.3499984741211,113.5999984741211,113.5999984741211,0.0,3051500,0.0009324502626926214,502668571.00865805
2019-07-25,81.338134765625,0.0,114.18000030517578,0.0,114.5,113.98999786376952,114.45999908447266,0.0,2374400,0.0008308448518617216,502136950.71622455
2019-07-26,81.29541778564453,0.0,114.12000274658205,0.0,114.25,113.91000366210938,114.1500015258789,0.0,4825500,0.0007647270006226704,501009988.596235
2019-07-29,81.28828430175781,0.0,114.11000061035156,0.0,114.12999725341795,113.91999816894533,114.08999633789062,0.0,4986300,0.0008278737915143562,500858632.485641
2019-07-30,81.15293884277344,0.0,113.91999816894533,0.0,113.95999908447266,113.7699966430664,113.94000244140624,0.0,2971000,0.0008780062651458753,500111278.7733835
2019-07-31,80.98197937011719,0.0,113.68000030517578,0.0,114.22000122070312,113.1500015258789,113.94000244140624,0.0,5488000,0.000798589129333955,500544651.53954524
2019-08-01,81.33086395263672,0.0,113.75,0.418,114.01000213623048,113.0199966430664,113.2300033569336,0.0,9045900,0.0010725928206686166,501445595.9529816
2019-08-02,81.28079223632812,0.0,113.68000030517578,0.0,113.68000030517578,113.43000030517578,113.54000091552734,0.0,6155100,0.0010544956214388692,495380079.08988225
2019-08-05,80.48002624511719,0.0,112.55999755859376,0.0,113.1999969482422,112.4800033569336,112.93000030517578,0.0,6506600,0.00104345211001096,496066191.4615389
2019-08-06,81.04491424560547,0.0,113.3499984741211,0.0,113.43000030517578,113.11000061035156,113.27999877929688,0.0,4557900,0.0011162458055947318,495053834.64890736
2019-08-07,81.45240783691406,0.0,113.91999816894533,0.0,114.13999938964844,113.68000030517578,113.77999877929688,0.0,6907900,0.0011162458055947318,498133725.2319215
2019-08-08,81.85997772216797,0.0,114.48999786376952,0.0,114.52999877929688,114.08000183105467,114.08999633789062,0.0,5808600,0.0010784116847869225,496966675.9724027
2019-08-09,81.81709289550781,0.0,114.43000030517578,0.0,114.72000122070312,114.36000061035156,114.56999969482422,0.0,4171000,0.0009721903204362526,497047997.3573775
2019-08-12,80.95909118652344,0.0,113.2300033569336,0.0,113.5199966430664,113.0199966430664,113.23999786376952,0.0,3847200,0.0009721903204362526,495664408.5973649
2019-08-13,80.84465026855469,0.0,113.06999969482422,0.0,113.6999969482422,112.5500030517578,112.7699966430664,0.0,5700300,0.0010375039943773896,498015964.62266105
2019-08-14,80.73738861083984,0.0,112.91999816894533,0.0,113.3000030517578,112.83000183105467,113.16999816894533,0.0,3466600,0.0011045098370709027,496120562.54397804
2019-08-15,81.0591812133789,0.0,113.37000274658205,0.0,113.37999725341795,112.98999786376952,113.16000366210938,0.0,5530800,0.0011310075434247623,498436292.69543
2019-08-16,81.52396392822266,0.0,114.0199966430664,0.0,114.12999725341795,113.63999938964844,113.70999908447266,0.0,2685800,0.0010498739566212043,493804463.0556197
2019-08-19,81.19501495361328,0.0,113.55999755859376,0.0,113.66999816894533,113.47000122070312,113.56999969482422,0.0,2308300,0.0010512625313092655,492468295.6888653
2019-08-20,81.21649169921875,0.0,113.58999633789062,0.0,113.61000061035156,113.38999938964844,113.44000244140624,0.0,2192500,0.0010696748665676293,492743578.08251154
2019-08-21,81.45240783691406,0.0,113.91999816894533,0.0,114.02999877929688,113.61000061035156,113.6999969482422,0.0,3986900,0.0010232888377494165,493970899.8676542
2019-08-22,81.49530029296875,0.0,113.9800033569336,0.0,114.16999816894533,113.88999938964844,113.98999786376952,0.0,3454500,0.0010159965787759865,494585422.838756
2019-08-23,81.53105926513672,0.0,114.02999877929688,0.0,114.20999908447266,113.70999908447266,113.87999725341795,0.0,2006500,0.001068981555790096,492136390.1218778
2019-08-26,81.45960235595703,0.0,113.93000030517578,0.0,114.16000366210938,113.81999969482422,114.04000091552734,0.0,1954400,0.001116631546784827,491335369.4053347
2019-08-27,81.68838500976562,0.0,114.25,0.0,114.33000183105467,114.0,114.04000091552734,0.0,7732800,0.0010749198108492913,494547642.8439973
2019-08-28,81.78132629394531,0.0,114.37999725341795,0.0,114.4800033569336,114.25,114.36000061035156,0.0,3251800,0.001057202535213311,493045648.17662317
2019-08-29,81.9672622680664,0.0,114.63999938964844,0.0,114.6999969482422,114.37999725341795,114.45999908447266,0.0,3618100,0.0007831988438786495,492199870.0605423
2019-08-30,82.23892211914062,0.0,115.0199966430664,0.0,115.0199966430664,114.5500030517578,114.5500030517578,0.0,2256600,0.0007502143066670543,489451456.7398253
2019-09-03,82.4276351928711,0.0,114.87000274658205,0.413,114.91000366210938,114.5,114.5999984741211,0.0,5161600,0.0008670398564246198,491439217.9306696
2019-09-04,82.94428253173828,0.0,115.58999633789062,0.0,115.5999984741211,115.0199966430664,115.16999816894533,0.0,6139300,0.0007942461608408481,494370310.2387625
2019-09-05,82.49940490722656,0.0,114.97000122070312,0.0,115.58999633789062,114.79000091552734,115.5199966430664,0.0,6563100,0.0009805781504188468,493580049.36295164
2019-09-06,82.7936019897461,0.0,115.37999725341795,0.0,115.41000366210938,115.08999633789062,115.08999633789062,0.0,3036400,0.0010452260086982836,492619527.7914017
2019-09-09,82.1119384765625,0.0,114.43000030517578,0.0,115.11000061035156,114.26000213623048,115.06999969482422,0.0,5949600,0.0010746933430023052,494236207.39856297
2019-09-10,81.50199127197266,0.0,113.58000183105467,0.0,114.31999969482422,113.45999908447266,114.3000030517578,0.0,5065000,0.0010746933430023052,495748097.0842331
2019-09-11,81.58808135986328,0.0,113.6999969482422,0.0,114.08999633789062,113.6999969482422,113.83999633789062,0.0,3719300,0.0010535178049123884,496980740.26990014
2019-09-12,81.74594116210938,0.0,113.91999816894533,0.0,114.77999877929688,113.80999755859376,114.6999969482422,0.0,3564600,0.0010350591689372226,496642200.8395664
2019-09-13,80.80593872070312,0.0,112.61000061035156,0.0,113.5199966430664,112.61000061035156,113.47000122070312,0.0,5710500,0.0008955709470163592,497277024.234469
2019-09-16,81.15033721923828,0.0,113.08999633789062,0.0,113.33000183105467,112.9000015258789,113.06999969482422,0.0,3930700,0.0009989918742033805,497645293.749007
2019-09-17,81.40868377685547,0.0,113.4499969482422,0.0,113.5999984741211,112.98999786376952,113.16000366210938,0.0,4057500,0.0010069042873895862,496498261.35104954
2019-09-18,81.41585540771484,0.0,113.45999908447266,0.0,114.0,113.11000061035156,113.76000213623048,0.0,4130300,0.0010620894897728727,493831550.22716826
2019-09-19,81.774658203125,0.0,113.95999908447266,0.0,114.05999755859376,113.66999816894533,113.8000030517578,0.0,3778200,0.0011487905183649887,493568940.93452936
2019-09-20,82.14061737060547,0.0,114.47000122070312,0.0,114.61000061035156,114.12999725341795,114.20999908447266,0.0,2774400,0.0011487905183649887,491066103.23311335
2019-09-23,81.95405578613281,0.0,114.20999908447266,0.0,114.43000030517578,114.11000061035156,114.37000274658205,0.0,3356500,0.0011738474237765143,489147473.3341156
2019-09-24,81.43025970458984,0.0,113.4800033569336,0.0,113.87999725341795,113.47000122070312,113.75,0.0,3782200,0.0010630506418900973,488650178.567626
2019-09-25,81.19342803955078,0.0,113.1500015258789,0.0,113.56999969482422,112.93000030517578,113.37000274658205,0.0,4729300,0.0010272607765681797,487652506.3692123
2019-09-26,81.35848236083984,0.0,113.37999725341795,0.0,113.6999969482422,113.3000030517578,113.4499969482422,0.0,5400400,0.0011493339544866852,489431383.67396766
2019-09-27,81.2508316040039,0.0,113.2300033569336,0.0,113.58999633789062,113.0,113.5500030517578,0.0,2633600,0.0011629094841574348,488435213.4536501
2019-09-30,81.3369369506836,0.0,113.3499984741211,0.0,113.56999969482422,113.26000213623048,113.26000213623048,0.0,2646300,0.0012442762209939203,486144017.45842224
2019-10-01,80.94802856445312,0.0,112.41000366210938,0.4,112.97000122070312,112.3499984741211,112.7699966430664,0.0,15272900,0.0010827128730993,496363046.07112825
2019-10-02,80.93363189697266,0.0,112.38999938964844,0.0,112.61000061035156,112.33000183105467,112.61000061035156,0.0,4805500,0.001126036758903691,498161449.70773363
2019-10-03,81.32252502441406,0.0,112.93000030517578,0.0,113.2699966430664,112.56999969482422,112.83999633789062,0.0,7270800,0.0009397047693256923,501598656.56634134
2019-10-04,82.03546905517578,0.0,113.91999816894533,0.0,114.01000213623048,113.23999786376952,113.43000030517578,0.0,3846100,0.0008750569110462554,502136477.09220403
2019-10-07,81.57459259033203,0.0,113.27999877929688,0.0,113.80999755859376,113.27999877929688,113.68000030517578,0.0,3268900,0.0010205515942692893,500915943.07039654
2019-10-08,81.49532318115234,0.0,113.16999816894533,0.0,113.41999816894533,113.0500030517578,113.3499984741211,0.0,3348100,0.0010205515942692893,493835930.4369245
2019-10-09,81.50254821777344,0.0,113.18000030517578,0.0,113.41000366210938,113.0,113.26000213623048,0.0,2751100,0.0010720210859829504,493820654.13539827
2019-10-10,81.36573791503906,0.0,112.98999786376952,0.0,113.13999938964844,112.8499984741211,113.04000091552734,0.0,2336400,0.0009918503853949367,491198001.995559
2019-10-11,81.30814361572266,0.0,112.91000366210938,0.0,113.25,112.7699966430664,113.12000274658205,0.0,2905700,0.0010781806335928826,487024173.2398745
2019-10-14,81.34415435791016,0.0,112.95999908447266,0.0,113.12999725341795,112.9499969482422,112.9499969482422,0.0,3578800,0.0010096299087004592,483037691.8972318
2019-10-15,81.5169677734375,0.0,113.1999969482422,0.0,113.27999877929688,113.0199966430664,113.12999725341795,0.0,2325400,0.0010095223155213678,480987103.21754575
2019-10-16,81.38734436035156,0.0,113.0199966430664,0.0,113.08000183105467,112.80999755859376,113.08000183105467,0.0,2079100,0.0009624231240954907,477519968.98154
2019-10-17,81.50254821777344,0.0,113.18000030517578,0.0,113.25,112.88999938964844,113.08000183105467,0.0,1922000,0.0008864234845705048,474739728.874473
2019-10-18,81.57459259033203,0.0,113.27999877929688,0.0,113.3499984741211,113.1500015258789,113.25,0.0,1463400,0.0008864234845705048,474381637.23658
2019-10-21,81.27932739257812,0.0,112.87000274658205,0.0,113.1999969482422,112.86000061035156,113.19000244140624,0.0,3033400,0.0007840662566005562,473952135.92399716
2019-10-22,81.57459259033203,0.0,113.27999877929688,0.0,113.33000183105467,113.0,113.08999633789062,0.0,2694700,0.0009269570555304165,472582183.39252776
2019-10-23,81.7186050415039,0.0,113.4800033569336,0.0,113.56999969482422,113.1500015258789,113.20999908447266,0.0,2369400,0.0009269570555304165,467656516.1888607
2019-10-24,81.7186050415039,0.0,113.4800033569336,0.0,113.5999984741211,113.37000274658205,113.4800033569336,0.0,1706400,0.0008355406889552335,466670605.61958194
2019-10-25,81.69698333740234,0.0,113.4499969482422,0.0,113.63999938964844,113.4000015258789,113.55999755859376,0.0,1786500,0.0008883471498100075,464917219.253758
2019-10-28,81.56739807128906,0.0,113.2699966430664,0.0,113.4499969482422,113.1500015258789,113.41000366210938,0.0,4973500,0.0008069804129735219,466922791.9495537
2019-10-29,81.35133361816406,0.0,112.97000122070312,0.0,113.22000122070312,112.75,113.12000274658205,0.0,3403100,0.0008069804129735219,465945786.52551436
2019-10-30,81.437744140625,0.0,113.08999633789062,0.0,113.19000244140624,112.4800033569336,112.8499984741211,0.0,3228600,0.0008826449132679182,464497767.0772734
2019-10-31,81.80501556396484,0.0,113.5999984741211,0.0,113.5999984741211,113.01000213623048,113.11000061035156,0.0,3954300,0.0008826449132679182,463819606.3734388
2019-11-01,82.09771728515625,0.0,113.5999984741211,0.405,113.73999786376952,113.12000274658205,113.16000366210938,0.0,8561800,0.0010166839813261933,469185985.4761033
2019-11-04,81.92425537109375,0.0,113.36000061035156,0.0,113.5,113.22000122070312,113.44000244140624,0.0,3434800,0.0009058534948442762,466258175.60955226
2019-11-05,81.33164978027344,0.0,112.54000091552734,0.0,112.97000122070312,112.5199966430664,112.87000274658205,0.0,5758600,0.0009058534948442762,468561979.1355436
2019-11-06,81.36775970458984,0.0,112.58999633789062,0.0,112.83000183105467,112.58999633789062,112.77999877929688,0.0,2212200,0.0008291973007694941,464074815.5541314
2019-11-07,81.08592987060547,0.0,112.1999969482422,0.0,112.6500015258789,112.04000091552734,112.6500015258789,0.0,3859100,0.0008291973007694941,461321265.0871519
2019-11-08,81.2015609741211,0.0,112.36000061035156,0.0,112.58999633789062,112.27999877929688,112.36000061035156,0.0,1800700,0.0008226327597303991,452321138.9022585
2019-11-11,81.13651275634766,0.0,112.2699966430664,0.0,112.31999969482422,112.22000122070312,112.2699966430664,0.0,1274800,0.000787762557435801,449550601.692563
2019-11-12,80.97029876708984,0.0,112.04000091552734,0.0,112.30999755859376,111.98999786376952,112.29000091552734,0.0,2738200,0.000744027988018536,447397799.91940695
2019-11-13,80.84744262695312,0.0,111.87000274658205,0.0,111.98999786376952,111.83000183105467,111.91999816894533,0.0,2235600,0.0007175296418027624,447079489.18586004
2019-11-14,81.27381134033203,0.0,112.45999908447266,0.0,112.61000061035156,112.31999969482422,112.4800033569336,0.0,2826800,0.0007081434840153536,447246130.64543706
2019-11-15,81.33893585205078,0.0,112.5500030517578,0.0,112.79000091552734,112.5500030517578,112.62000274658205,0.0,2150500,0.0007081434840153536,444776478.0421666
2019-11-18,80.95584106445312,0.0,112.0199966430664,0.0,112.41999816894533,111.91000366210938,112.37999725341795,0.0,3833100,0.0007081434840153536,445318508.4159669
2019-11-19,80.77517700195312,0.0,111.7699966430664,0.0,111.88999938964844,111.6500015258789,111.7699966430664,0.0,1810200,0.0005652526850854931,444811403.9721837
2019-11-20,80.9124526977539,0.0,111.95999908447266,0.0,112.08000183105467,111.81999969482422,111.94000244140624,0.0,2766400,0.0005652526850854931,444284007.28186953
2019-11-21,80.91973114013672,0.0,111.97000122070312,0.0,112.23999786376952,111.86000061035156,112.13999938964844,0.0,1863800,0.0005782170016662811,444019421.9235678
2019-11-22,81.13651275634766,0.0,112.2699966430664,0.0,112.27999877929688,112.11000061035156,112.1999969482422,0.0,2549500,0.0005509294770443566,443975341.2341284
2019-11-25,81.12928009033203,0.0,112.26000213623048,0.0,112.5199966430664,112.25,112.33999633789062,0.0,1791700,0.0005509294770443566,444000778.9661771
2019-11-26,81.3460922241211,0.0,112.55999755859376,0.0,112.6500015258789,112.38999938964844,112.45999908447266,0.0,1805300,0.0006635147985760163,443296142.8250207
2019-11-27,81.23046112060547,0.0,112.4000015258789,0.0,112.54000091552734,112.30999755859376,112.5199966430664,0.0,1398100,0.0005736461400481678,441455863.8987829
2019-11-29,81.0280990600586,0.0,112.12000274658205,0.0,112.31999969482422,112.04000091552734,112.3000030517578,0.0,2158500,0.0005736461400481678,436481022.76208663
2019-12-02,80.70028686523438,0.0,111.26000213623048,0.408,111.72000122070312,111.18000030517578,111.61000061035156,0.0,4050000,0.0004396070719898925,435310326.3102274
2019-12-03,80.85984802246094,0.0,111.4800033569336,0.0,111.52999877929688,111.2699966430664,111.36000061035156,0.0,2708500,0.0004398052923175981,434987359.20194596
2019-12-04,81.04839324951172,0.0,111.73999786376952,0.0,112.0500030517578,111.6999969482422,111.8499984741211,0.0,2499700,0.0004398052923175981,434606043.2778313
2019-12-05,81.28778076171875,0.0,112.06999969482422,0.0,112.18000030517578,111.77999877929688,111.87999725341795,0.0,3857300,0.0004742122650179286,434431788.6074066
2019-12-06,81.45462799072266,0.0,112.3000030517578,0.0,112.37999725341795,112.0199966430664,112.08000183105467,0.0,2503200,0.0004742122650179286,434726385.8374278
2019-12-09,81.67223358154297,0.0,112.5999984741211,0.0,112.76000213623048,112.44000244140624,112.5500030517578,0.0,2468900,0.0003944465578590779,435236567.28264946
2019-12-10,81.67223358154297,0.0,112.5999984741211,0.0,112.7699966430664,112.56999969482422,112.76000213623048,0.0,2367500,0.00044516642513041003,435201954.26597595
2019-12-11,82.21621704101562,0.0,113.3499984741211,0.0,113.3499984741211,112.6999969482422,112.9000015258789,0.0,2229100,0.0004396494033154191,434555300.8038112
2019-12-12,82.22345733642578,0.0,113.36000061035156,0.0,113.47000122070312,113.19000244140624,113.47000122070312,0.0,4475400,0.0004396494033154191,436412504.9861726
2019-12-13,82.528076171875,0.0,113.77999877929688,0.0,113.8499984741211,113.36000061035156,113.52999877929688,0.0,1843700,0.0004383341720356979,436176650.5132039
2019-12-16,82.57884979248047,0.0,113.8499984741211,0.0,113.91000366210938,113.76000213623048,113.80999755859376,0.0,3503500,0.0004383341720356979,434115440.77135724
2019-12-17,82.88353729248047,0.0,114.2699966430664,0.0,114.36000061035156,114.0,114.05999755859376,0.0,2569600,0.0004383341720356979,431621897.3327758
2019-12-18,83.04307556152344,0.0,114.48999786376952,0.0,114.54000091552734,114.31999969482422,114.37000274658205,0.0,4039900,0.0004383341720356979,430206329.21085054
2019-12-19,82.75981903076172,0.0,113.66000366210938,0.441,113.93000030517578,113.5500030517578,113.5500030517578,0.0,5080500,0.00044789871134148464,428472305.1369501
2019-12-20,82.96372985839844,0.0,113.94000244140624,0.0,113.94000244140624,113.73999786376952,113.79000091552734,0.0,3204900,0.0004567096341176668,429314734.87371415
2019-12-23,83.0583724975586,0.0,114.06999969482422,0.0,114.1500015258789,113.9000015258789,113.95999908447266,0.0,1556300,0.00041761516821406787,425248176.61210316
2019-12-24,83.20402526855469,0.0,114.2699966430664,0.0,114.33999633789062,113.93000030517578,113.9800033569336,0.0,680100,0.00046021343463377396,418883708.21625847
2019-12-26,83.32049560546875,0.0,114.43000030517578,0.0,114.44000244140624,114.12000274658205,114.3000030517578,0.0,731500,0.0003582718644816131,417207620.9945376
2019-12-27,83.54623413085938,0.0,114.73999786376952,0.0,114.73999786376952,114.36000061035156,114.36000061035156,0.0,1828400,0.0003291521369106746,416764173.05761063
2019-12-30,83.40787506103516,0.0,114.5500030517578,0.0,114.5999984741211,114.33999633789062,114.51000213623048,0.0,1572200,0.0004138333921340812,411077930.59241885
2019-12-31,83.4151611328125,0.0,114.55999755859376,0.0,114.63999938964844,114.36000061035156,114.43000030517578,0.0,1120400,0.0005004046888362261,408532771.8473283
2020-01-02,83.51709747314453,0.0,114.6999969482422,0.0,114.7699966430664,114.25,114.75,0.0,2004500,0.0005105024201808949,408381096.2484935
2020-01-03,83.30593872070312,0.0,114.41000366210938,0.0,114.51000213623048,114.19000244140624,114.23999786376952,0.0,1904400,0.0006059344509153151,405657196.1177584
2020-01-06,83.13847351074219,0.0,114.18000030517578,0.0,114.36000061035156,114.08999633789062,114.3000030517578,0.0,4713700,0.0005586265546528986,407352555.6212289
2020-01-07,83.26956176757812,0.0,114.36000061035156,0.0,114.55999755859376,114.33000183105467,114.51000213623048,0.0,3098800,0.0005952570488481042,405572736.758326
2020-01-08,83.48796844482422,0.0,114.66000366210938,0.0,114.7300033569336,114.48999786376952,114.51000213623048,0.0,3606200,0.0006610800242392394,406332069.3733579
2020-01-09,83.4297103881836,0.0,114.58000183105467,0.0,114.66999816894533,114.37999725341795,114.58000183105467,0.0,3172700,0.000638193244521482,406155059.09791976
2020-01-10,83.4443130493164,0.0,114.5999984741211,0.0,114.77999877929688,114.54000091552734,114.72000122070312,0.0,1465600,0.0006380688470576789,405167790.5087426
2020-01-13,83.52438354492188,0.0,114.70999908447266,0.0,114.75,114.4800033569336,114.66000366210938,0.0,2108600,0.0007025501865551343,403597363.0486806
2020-01-14,83.50252532958984,0.0,114.68000030517578,0.0,114.75,114.54000091552734,114.58999633789062,0.0,1912600,0.0007783994772172043,401470503.0444614
2020-01-15,83.81566619873047,0.0,115.11000061035156,0.0,115.16000366210938,114.79000091552734,114.86000061035156,0.0,2834400,0.0007783994772172043,400883393.48056734
2020-01-16,83.99039459228516,0.0,115.3499984741211,0.0,115.3499984741211,115.11000061035156,115.33000183105467,0.0,2948900,0.0007783994772172043,399209302.60857475
2020-01-17,83.88843536376953,0.0,115.20999908447266,0.0,115.3000030517578,115.0999984741211,115.3000030517578,0.0,2723800,0.0008542338118056889,396786381.4459543
2020-01-21,83.81566619873047,0.0,115.11000061035156,0.0,115.16000366210938,114.62000274658205,114.9000015258789,0.0,2871400,0.0008446692724999021,397506541.7019556
2020-01-22,83.88115692138672,0.0,115.1999969482422,0.0,115.3000030517578,115.1500015258789,115.2699966430664,0.0,3377900,0.0007922372217996094,398049523.2970828
2020-01-23,83.68458557128906,0.0,114.93000030517578,0.0,115.20999908447266,114.9000015258789,115.18000030517578,0.0,2747300,0.0007922372217996094,397786096.0708497
2020-01-24,83.5753402709961,0.0,114.77999877929688,0.0,115.13999938964844,114.76000213623048,115.13999938964844,0.0,6578300,0.0007920272253822299,401626955.38231987
2020-01-27,83.473388671875,0.0,114.63999938964844,0.0,114.75,114.37000274658205,114.56999969482422,0.0,6335300,0.000781383474002731,403020548.35755485
2020-01-28,83.86660766601562,0.0,115.18000030517578,0.0,115.22000122070312,115.01000213623048,115.16000366210938,0.0,3189700,0.000781383474002731,401420571.7776344
2020-01-29,84.25251007080078,0.0,115.70999908447266,0.0,115.7699966430664,115.38999938964844,115.43000030517578,0.0,3100700,0.0006967022187793246,401581886.69510496
2020-01-30,84.19426727294922,0.0,115.62999725341795,0.0,115.80999755859376,115.4000015258789,115.68000030517578,0.0,1993600,0.0007553238688817858,398460014.6383558
2020-01-31,84.4491195678711,0.0,115.9800033569336,0.0,116.0,115.68000030517578,115.76000213623048,0.0,3835900,0.0006808963861642731,393824431.8596007
2020-02-03,84.42793273925781,0.0,115.54000091552734,0.411,115.62000274658205,115.27999877929688,115.41999816894533,0.0,3997000,0.0006968682294928925,391936349.429291
2020-02-04,84.32563781738281,0.0,115.4000015258789,0.0,115.54000091552734,115.25,115.48999786376952,0.0,3943000,0.0007258621391864981,389735074.23803544
2020-02-05,84.35484313964844,0.0,115.44000244140624,0.0,115.56999969482422,115.43000030517578,115.54000091552734,0.0,1883700,0.0007226899898908014,387360601.02020746
2020-02-06,84.5594482421875,0.0,115.72000122070312,0.0,115.75,115.48999786376952,115.69000244140624,0.0,1559500,0.0006833156921967132,382547246.9452268
2020-02-07,84.5594482421875,0.0,115.72000122070312,0.0,115.91000366210938,115.6999969482422,115.80999755859376,0.0,1486400,0.0006554826046431386,378634386.69302803
2020-02-10,84.5740737915039,0.0,115.73999786376952,0.0,115.86000061035156,115.5,115.6999969482422,0.0,2546900,0.0006625238913561096,377185899.9413324
2020-02-11,84.53755950927734,0.0,115.69000244140624,0.0,115.98999786376952,115.58000183105467,115.91999816894533,0.0,2251100,0.000656075172880513,375795513.39832485
2020-02-12,84.66177368164062,0.0,115.86000061035156,0.0,115.88999938964844,115.75,115.83000183105467,0.0,2525200,0.0006044684651187348,373002154.3053158
2020-02-13,84.68367767333984,0.0,115.88999938964844,0.0,116.0,115.73999786376952,115.8499984741211,0.0,2066400,0.0006412687807873356,371796016.44092137
2020-02-14,85.0197982788086,0.0,116.3499984741211,0.0,116.37000274658205,116.22000122070312,116.23999786376952,0.0,2163000,0.0006414318234887553,368816954.81797475
2020-02-18,85.09285736083984,0.0,116.4499969482422,0.0,116.5,116.36000061035156,116.41999816894533,0.0,1412300,0.0005655974889002708,367691775.64103866
2020-02-19,85.260986328125,0.0,116.68000030517578,0.0,116.68000030517578,116.43000030517578,116.55999755859376,0.0,1355500,0.0005655974889002708,366866610.5461908
2020-02-20,85.3121109008789,0.0,116.75,0.0,116.7699966430664,116.62999725341795,116.72000122070312,0.0,1528900,0.0005655974889002708,366306713.7845176
2020-02-21,85.50212860107422,0.0,117.01000213623048,0.0,117.1999969482422,116.9499969482422,117.0,0.0,2561600,0.0005655974889002708,365080881.88588583
2020-02-24,85.12943267822266,0.0,116.5,0.0,116.87000274658205,116.4499969482422,116.66000366210938,0.0,5879600,0.0005232092188979441,367392226.95258003
2020-02-25,84.6032943725586,0.0,115.77999877929688,0.0,116.54000091552734,115.7699966430664,116.41999816894533,0.0,5312500,0.0005232092188979441,370457941.64277333
2020-02-26,84.5594482421875,0.0,115.72000122070312,0.0,116.08000183105467,115.5199966430664,115.5199966430664,0.0,3743300,0.0005232092188979441,372128655.0393846
2020-02-27,83.5072250366211,0.0,114.27999877929688,0.0,115.16000366210938,113.87000274658205,114.4800033569336,0.0,11337200,0.0005232092188979441,375399629.6597072
2020-02-28,83.39030456542969,0.0,114.12000274658205,0.0,114.33000183105467,112.98999786376952,113.30999755859376,0.0,8073800,0.00037801627209333805,379760274.1288079
2020-03-02,84.06278991699219,0.0,114.62000274658205,0.417,114.94000244140624,114.0500030517578,114.08999633789062,0.0,9913200,0.00037801627209333805,385486242.6163931
2020-03-03,85.03826904296875,0.0,115.9499969482422,0.0,116.48999786376952,115.1500015258789,115.5999984741211,0.0,8219900,0.0002666123980302985,390990554.1679019
2020-03-04,85.66899108886719,0.0,116.80999755859376,0.0,117.08000183105467,116.25,116.63999938964844,0.0,5128000,0.0001861868716016981,391038876.87666154
2020-03-05,84.91358184814453,0.0,115.77999877929688,0.0,116.2300033569336,115.45999908447266,115.94000244140624,0.0,4645000,0.00024823195425614406,389675039.01803154
2020-03-06,84.5615463256836,0.0,115.3000030517578,0.0,115.37999725341795,114.33999633789062,115.08000183105467,0.0,7200500,0.00022178327655909686,390275499.78757584
2020-03-09,77.71154022216797,0.0,105.95999908447266,0.0,110.4499969482422,105.95999908447266,110.0,0.0,9597300,0.0002610636046582101,395565897.2126007
2020-03-10,78.6136245727539,0.0,107.19000244140624,0.0,110.0,106.86000061035156,109.33999633789062,0.0,11389100,0.0013699464102516668,399851491.8712495
2020-03-11,75.05659484863281,0.0,102.33999633789062,0.0,107.1999969482422,102.04000091552734,106.66000366210938,0.0,12859200,0.001311913789229808,405730283.70961386
2020-03-12,71.36027526855469,0.0,97.3000030517578,0.0,102.26000213623048,96.20999908447266,97.1500015258789,0.0,11103900,0.0012876712063295162,410948736.92577904
2020-03-13,73.38449096679688,0.0,100.05999755859376,0.0,101.75,97.94000244140624,100.02999877929688,0.0,9183100,0.002589210357008276,415018433.259964
2020-03-16,69.99613952636719,0.0,95.44000244140624,0.0,99.25,93.48999786376952,94.44000244140624,0.0,7732300,0.0025890473143068563,415771697.72339475
2020-03-17,69.31405639648438,0.0,94.51000213623048,0.0,96.5,93.52999877929688,93.88999938964844,0.0,7953500,0.003516005936436177,418209494.97248334
2020-03-18,62.92610549926758,0.0,85.80000305175781,0.0,92.31999969482422,85.0,91.4000015258789,0.0,7929400,0.003516005936436177,419955678.9532858
2020-03-19,64.52494049072266,0.0,87.9800033569336,0.0,88.70999908447266,85.0999984741211,85.86000061035156,0.0,11321200,0.004705998203839931,424141515.3007931
2020-03-20,66.80581665039062,0.0,91.08999633789062,0.0,94.1500015258789,88.63999938964844,91.08000183105467,0.0,9272900,0.004705998203839931,427428061.0031794
2020-03-23,66.9964828491211,0.0,91.3499984741211,0.0,92.86000061035156,90.0,90.41999816894533,0.0,5752200,0.005627135645063848,429077885.5256883
2020-03-24,69.08671569824219,0.0,94.1999969482422,0.0,94.29000091552734,92.7300033569336,92.7300033569336,0.0,4422000,0.00607985710687482,429341429.3715462
2020-03-25,71.85899353027344,0.0,97.9800033569336,0.0,99.08000183105467,95.8499984741211,96.30999755859376,0.0,5611500,0.00607985710687482,430298657.3091719
2020-03-26,73.04708862304688,0.0,99.5999984741211,0.0,99.91000366210938,98.70999908447266,98.97000122070312,0.0,3529800,0.0062193942084390035,428841893.59804183
2020-03-27,71.54361724853516,0.0,97.5500030517578,0.0,98.5999984741211,97.48999786376952,98.0,0.0,4298600,0.006480836308845973,427310394.4389222
2020-03-30,71.44827270507812,0.0,97.41999816894533,0.0,97.83000183105467,96.05999755859376,96.26000213623048,0.0,3480000,0.006480836308845973,427634355.20707387
2020-03-31,70.90557098388672,0.0,96.68000030517578,0.0,98.61000061035156,96.68000030517578,97.9000015258789,0.0,2813100,0.006566391797421451,427412231.4602201
2020-04-01,69.12242889404297,0.0,93.8499984741211,0.409,96.2300033569336,93.79000091552734,95.12000274658205,0.0,6601300,0.006566391797421451,418703542.96812636
2020-04-02,70.5365219116211,0.0,95.7699966430664,0.0,96.29000091552734,94.76000213623048,95.01000213623048,0.0,10052400,0.007034239529860639,422057734.8108867
2020-04-03,70.41133880615234,0.0,95.5999984741211,0.0,96.5,95.22000122070312,96.33000183105467,0.0,6628100,0.007355018822604542,420570075.3161839
2020-04-06,71.83283996582031,0.0,97.52999877929688,0.0,97.6999969482422,96.63999938964844,96.98999786376952,0.0,4993300,0.007594315721516154,420957764.5062401
2020-04-07,72.24529266357422,0.0,98.08999633789062,0.0,99.29000091552734,97.4800033569336,98.7699966430664,0.0,6479300,0.006478391629209726,423062951.21467227
2020-04-08,72.55465698242188,0.0,98.51000213623048,0.0,98.6500015258789,97.7300033569336,98.12000274658205,0.0,3984800,0.006749809940270318,423171190.78326756
2020-04-09,74.64632415771484,0.0,101.3499984741211,0.0,102.36000061035156,99.31999969482422,99.33000183105467,0.0,7431400,0.006749809940270318,426677562.8453391
2020-04-13,74.49901580810547,0.0,101.1500015258789,0.0,101.54000091552734,100.6500015258789,100.9800033569336,0.0,4715400,0.005563452523482145,428367823.846817
2020-04-14,74.99252319335938,0.0,101.81999969482422,0.0,102.23999786376952,101.19000244140624,101.56999969482422,0.0,6225400,0.005563452523482145,430794709.7869691
2020-04-15,73.50474548339844,0.0,99.8000030517578,0.0,100.16000366210938,99.4000015258789,100.0,0.0,5294400,0.004774910729530136,431779788.29041135
2020-04-16,73.02599334716797,0.0,99.1500015258789,0.0,99.86000061035156,98.77999877929688,99.76000213623048,0.0,3219500,0.004774910729530136,432224059.3777853
2020-04-17,73.54158020019531,0.0,99.8499984741211,0.0,100.08000183105467,99.37999725341795,99.37999725341795,0.0,3354200,0.0038356803475830792,433017210.0909702
2020-04-20,73.07756805419922,0.0,99.22000122070312,0.0,99.66999816894533,99.02999877929688,99.25,0.0,3843700,0.003930812006498993,434317527.2187914
2020-04-21,72.05377960205078,0.0,97.83000183105467,0.0,98.22000122070312,97.0999984741211,97.9000015258789,0.0,4927900,0.0030096745652750767,436828023.3760107
2020-04-22,72.11272430419922,0.0,97.91000366210938,0.0,98.11000061035156,97.5,98.0500030517578,0.0,2738100,0.0027484264970891337,436238400.4767706
2020-04-23,72.45886993408203,0.0,98.37999725341795,0.0,98.87999725341795,98.13999938964844,98.5500030517578,0.0,2403100,0.0027484264970891333,435692062.0536683
2020-04-24,72.14218139648438,0.0,97.9499969482422,0.0,98.68000030517578,97.52999877929688,98.66000366210938,0.0,2309900,0.00263010207029215,435353769.8155479
2020-04-27,72.01697540283203,0.0,97.77999877929688,0.0,98.08000183105467,97.56999969482422,97.9499969482422,0.0,3672700,0.0025022923147948756,436667058.0995832
2020-04-28,72.72404479980469,0.0,98.73999786376952,0.0,98.9000015258789,97.70999908447266,98.2699966430664,0.0,4193800,0.0025022923147948756,438344973.8415915
2020-04-29,73.88772583007812,0.0,100.31999969482422,0.0,100.56999969482422,99.41000366210938,99.77999877929688,0.0,4191600,0.0024167368262193976,437211267.3528338
2020-04-30,74.02029418945312,0.0,100.5,0.0,100.51000213623048,99.73999786376952,99.7699966430664,0.0,3266400,0.0026964860854192365,436765433.9309753
2020-05-01,73.70164489746094,0.0,99.69000244140624,0.379,100.0199966430664,99.0999984741211,99.0999984741211,0.0,3527800,0.002458122405839546,436658799.23602515
2020-05-04,73.70164489746094,0.0,99.69000244140624,0.0,99.76000213623048,99.05999755859376,99.47000122070312,0.0,3424400,0.0023755588321773156,435803005.3502643
2020-05-05,74.50751495361328,0.0,100.77999877929688,0.0,100.95999908447266,100.30999755859376,100.55999755859376,0.0,2744600,0.002096981605166591,430279039.61783516
2020-05-06,74.17483520507812,0.0,100.33000183105467,0.0,100.94000244140624,100.23999786376952,100.94000244140624,0.0,3071400,0.0023791385310140785,429634473.2490055
2020-05-07,74.76626586914062,0.0,101.12999725341795,0.0,101.30999755859376,100.73999786376952,100.98999786376952,0.0,2229800,0.0023508784932694308,426280717.84109694
2020-05-08,75.15068817138672,0.0,101.6500015258789,0.0,102.4499969482422,101.36000061035156,101.66000366210938,0.0,3845000,0.0023508784932694308,427405897.72973436
2020-05-11,75.56471252441406,0.0,102.20999908447266,0.0,102.2699966430664,101.62000274658205,102.08000183105467,0.0,2173700,0.0024108823567498034,425732745.8788372
2020-05-12,75.42424011230469,0.0,102.0199966430664,0.0,103.0500030517578,102.0199966430664,102.6500015258789,0.0,4866600,0.0024108823567498034,428067379.7087109
2020-05-13,74.9732437133789,0.0,101.41000366210938,0.0,102.54000091552734,101.08999633789062,102.06999969482422,0.0,3231500,0.002272465528572491,429532337.1302468
2020-05-14,75.32072448730469,0.0,101.87999725341795,0.0,101.9000015258789,100.36000061035156,100.6500015258789,0.0,4075100,0.002272465528572491,430392521.6246953
2020-05-15,75.52772521972656,0.0,102.16000366210938,0.0,102.37000274658205,101.66999816894533,101.66999816894533,0.0,2010300,0.0020217036431157943,430037566.68201023
2020-05-18,76.8437271118164,0.0,103.94000244140624,0.0,104.0,103.26000213623048,103.52999877929688,0.0,4484300,0.0019265719841998804,431213727.2180103
2020-05-19,76.90284729003906,0.0,104.0199966430664,0.0,104.58000183105467,103.93000030517578,104.1500015258789,0.0,2976200,0.0019265719841998804,431749802.8723459
2020-05-20,78.38147735595703,0.0,106.0199966430664,0.0,106.13999938964844,104.94000244140624,105.2699966430664,0.0,4965400,0.0018219401170422194,432520023.8421788
2020-05-21,78.3592758178711,0.0,105.98999786376952,0.0,106.6500015258789,105.9000015258789,106.30999755859376,0.0,4151600,0.0018219401170422194,434406547.8676387
2020-05-22,78.00442504882812,0.0,105.51000213623048,0.0,105.9000015258789,105.3000030517578,105.8499984741211,0.0,2975800,0.0018007274422750183,434440282.17628723
2020-05-26,78.48495483398438,0.0,106.16000366210938,0.0,106.9000015258789,104.79000091552734,106.87000274658205,0.0,3645200,0.001762925062055467,435855240.5657632
2020-05-27,78.61803436279297,0.0,106.33999633789062,0.0,106.87000274658205,105.86000061035156,106.6500015258789,0.0,2772400,0.0020219692260622594,435923372.70390344
2020-05-28,78.39625549316406,0.0,106.04000091552734,0.0,106.5,105.87000274658205,106.23999786376952,0.0,2717800,0.0022273146184016387,436614319.28057593
2020-05-29,78.66241455078125,0.0,106.4000015258789,0.0,106.62999725341795,105.51000213623048,105.58999633789062,0.0,4575500,0.002134991214317396,438865340.25985473
2020-06-01,79.04585266113281,0.0,106.58000183105467,0.337,106.75,106.0500030517578,106.33000183105467,0.0,6075600,0.0019013890671744469,442757332.4581994
2020-06-02,79.80973052978516,0.0,107.61000061035156,0.0,107.66000366210938,106.62999725341795,106.77999877929688,0.0,5772600,0.0016631733480927742,445766685.34387255
2020-06-03,80.1657485961914,0.0,108.08999633789062,0.0,108.5500030517578,107.81999969482422,108.0999984741211,0.0,4908900,0.0016631733480927742,446401605.7753911
2020-06-04,79.7874984741211,0.0,107.58000183105467,0.0,108.11000061035156,107.4800033569336,108.08999633789062,0.0,4919100,0.0013810164222452864,448205202.5842394
2020-06-05,80.44013214111328,0.0,108.45999908447266,0.0,108.87999725341795,108.19000244140624,108.83000183105467,0.0,3594900,0.0012994670739483777,449082872.25129265
2020-06-08,81.01124572753906,0.0,109.2300033569336,0.0,109.31999969482422,108.66999816894533,108.9000015258789,0.0,7028700,0.0013304879415259132,451745231.89234054
2020-06-09,80.79615020751953,0.0,108.94000244140624,0.0,109.2300033569336,108.5999984741211,109.12000274658205,0.0,5815600,0.0013237207001960036,454542391.49995226
2020-06-10,80.80354309082031,0.0,108.9499969482422,0.0,109.55999755859376,108.36000061035156,109.13999938964844,0.0,5336500,0.0014959303284501667,456950435.3291708
2020-06-11,78.94942474365234,0.0,106.4499969482422,0.0,108.41000366210938,106.33000183105467,108.04000091552734,0.0,11072100,0.0014959303284501667,464188883.8595133
2020-06-12,79.86908721923828,0.0,107.69000244140624,0.0,108.0,106.9800033569336,107.95999908447266,0.0,4210500,0.0017638998929676863,465782219.3649171
2020-06-15,80.2918472290039,0.0,108.26000213623048,0.0,108.33999633789062,106.5,106.69000244140624,0.0,5394100,0.0020599795506236304,466390425.1648494
2020-06-16,80.6700668334961,0.0,108.7699966430664,0.0,109.44000244140624,107.98999786376952,109.13999938964844,0.0,4984800,0.0020599795506236304,469028683.0657777
2020-06-17,80.5588150024414,0.0,108.62000274658205,0.0,108.94000244140624,108.11000061035156,108.62000274658205,0.0,4069500,0.002305886371308279,469371188.0778661
2020-06-18,80.46980285644531,0.0,108.5,0.0,108.88999938964844,108.20999908447266,108.4499969482422,0.0,3256600,0.0024892042173215428,469845100.1145802
2020-06-19,80.64785766601562,0.0,108.73999786376952,0.0,109.2300033569336,108.44000244140624,108.76000213623048,0.0,2908400,0.002514085006435654,468684237.1575734
2020-06-22,80.78873443603516,0.0,108.93000030517578,0.0,109.16000366210938,108.69000244140624,108.79000091552734,0.0,2703100,0.0026572060554037854,466438197.75455415
2020-06-23,80.95193481445312,0.0,109.1500015258789,0.0,109.55999755859376,109.0199966430664,109.44000244140624,0.0,3764400,0.002561376090713641,466801038.64280456
2020-06-24,80.69973754882812,0.0,108.80999755859376,0.0,109.04000091552734,108.47000122070312,108.81999969482422,0.0,4442800,0.0023023319267068488,469228768.1398543
2020-06-25,80.75166320800781,0.0,108.87999725341795,0.0,109.02999877929688,108.4800033569336,108.62999725341795,0.0,2757700,0.002343483340965764,470994985.1534162
2020-06-26,80.5885009765625,0.0,108.66000366210938,0.0,109.4000015258789,108.5199966430664,109.08999633789062,0.0,2899300,0.0022869177489704988,472830956.60892665
2020-06-29,80.6923599243164,0.0,108.8000030517578,0.0,109.52999877929688,108.3000030517578,108.72000122070312,0.0,3111500,0.0025082661697126895,473852707.3819539
2020-06-30,81.00382232666016,0.0,109.22000122070312,0.0,109.22000122070312,108.72000122070312,108.79000091552734,0.0,3466200,0.002616488586650124,475427968.1234874
2020-07-01,81.18980407714844,0.0,109.13999938964844,0.33,109.37999725341795,108.80999755859376,108.94000244140624,0.0,6178800,0.002725289008503218,479761311.035901
2020-07-02,81.62128448486328,0.0,109.72000122070312,0.0,110.0,109.4800033569336,109.7300033569336,0.0,3606500,0.002725289008503218,481077097.0717718
2020-07-06,82.1270980834961,0.0,110.4000015258789,0.0,110.44000244140624,110.01000213623048,110.2699966430664,0.0,3296800,0.002568882352703272,482236496.3896797
2020-07-07,81.66590881347656,0.0,109.77999877929688,0.0,110.37999725341795,109.43000030517578,109.9800033569336,0.0,3478100,0.0025954920359581935,480995349.9318683
2020-07-08,82.01554870605469,0.0,110.25,0.0,110.25,109.87000274658205,110.01000213623048,0.0,2129300,0.00247055694443609,480045957.51209563
2020-07-09,81.65845489501953,0.0,109.7699966430664,0.0,110.20999908447266,109.5999984741211,110.12999725341795,0.0,2471400,0.002417436201490428,478917375.48429704
2020-07-10,81.65100860595703,0.0,109.76000213623048,0.0,109.83999633789062,109.55999755859376,109.83999633789062,0.0,1959300,0.0024408207377869255,477739000.88410753
2020-07-13,81.48737335205078,0.0,109.54000091552734,0.0,110.12000274658205,109.33000183105467,109.95999908447266,0.0,3220000,0.00222584774625407,479205358.38557047
2020-07-14,81.68080139160156,0.0,109.8000030517578,0.0,109.86000061035156,109.37999725341795,109.5999984741211,0.0,2875600,0.0020778793886399188,479791575.72450787
2020-07-15,82.01554870605469,0.0,110.25,0.0,110.31999969482422,109.9800033569336,110.1500015258789,0.0,2276300,0.0020778793886399188,480042568.6325739
2020-07-16,82.16432189941406,0.0,110.4499969482422,0.0,110.58000183105467,110.04000091552734,110.29000091552734,0.0,3154900,0.0018737986122628902,480218686.9630662
2020-07-17,82.35027313232422,0.0,110.6999969482422,0.0,110.70999908447266,110.1999969482422,110.58999633789062,0.0,1385400,0.0016831975741687614,478736212.08427066
2020-07-20,82.90078735351562,0.0,111.44000244140624,0.0,111.4800033569336,111.0,111.12000274658205,0.0,1641000,0.0016583167850546497,477697037.86601716
2020-07-21,83.34712982177734,0.0,112.04000091552734,0.0,112.23999786376952,111.87999725341795,111.91999816894533,0.0,3489300,0.0015151957360865186,478176516.5917472
2020-07-22,83.58518981933594,0.0,112.36000061035156,0.0,112.36000061035156,112.04000091552734,112.19000244140624,0.0,6438100,0.0015169752791395147,480829301.11744595
2020-07-23,83.54800415039062,0.0,112.30999755859376,0.0,112.66000366210938,112.05999755859376,112.66000366210938,0.0,3418200,0.0015816085169523906,481370180.8302743
2020-07-24,83.60749816894531,0.0,112.38999938964844,0.0,112.38999938964844,111.66000366210938,111.79000091552734,0.0,2239800,0.0013351117103540962,477375528.88315594
2020-07-27,83.74884033203125,0.0,112.58000183105467,0.0,112.61000061035156,112.2300033569336,112.29000091552734,0.0,1879000,0.0012042514472337651,473290283.13162667
2020-07-28,83.46613311767578,0.0,112.1999969482422,0.0,112.56999969482422,112.1500015258789,112.37000274658205,0.0,1547900,0.0010164915057049944,471752860.34037876
2020-07-29,83.95712280273438,0.0,112.86000061035156,0.0,112.91000366210938,112.27999877929688,112.3499984741211,0.0,2066600,0.0009912409673452746,470756467.34910995
2020-07-30,83.93482208251953,0.0,112.83000183105467,0.0,112.87000274658205,112.18000030517578,112.44000244140624,0.0,2301100,0.0011015079539299269,470987524.13235617
2020-07-31,84.12825012207031,0.0,113.08999633789062,0.0,113.19000244140624,112.73999786376952,113.0,0.0,2590300,0.0011015079539299269,469781566.37550837
2020-08-03,84.44010162353516,0.0,113.18000030517578,0.328,113.23999786376952,112.76000213623048,113.0,0.0,4053800,0.0012650896076515214,469757722.7372366
2020-08-04,84.87281036376953,0.0,113.76000213623048,0.0,113.76000213623048,113.27999877929688,113.27999877929688,0.0,4032300,0.0012074590568190643,469787026.31340635
2020-08-05,85.14138793945312,0.0,114.12000274658205,0.0,114.27999877929688,113.79000091552734,113.98999786376952,0.0,2666300,0.0011271754766315164,470476104.33502805
2020-08-06,85.35775756835938,0.0,114.41000366210938,0.0,114.5,114.16000366210938,114.33999633789062,0.0,1508900,0.001008086591323016,470413944.91139364
2020-08-07,85.1786880493164,0.0,114.16999816894533,0.0,114.43000030517578,114.04000091552734,114.38999938964844,0.0,1806300,0.0010453035922308436,470685524.73582315
2020-08-10,85.3055419921875,0.0,114.33999633789062,0.0,114.54000091552734,114.26000213623048,114.54000091552734,0.0,1660000,0.0010663127713703767,469852399.2863125
2020-08-11,85.21598815917969,0.0,114.22000122070312,0.0,114.6500015258789,114.19000244140624,114.6500015258789,0.0,3212600,0.0010010609821836307,470697743.8214378
2020-08-12,85.11898040771484,0.0,114.08999633789062,0.0,114.37000274658205,113.98999786376952,113.98999786376952,0.0,4393500,0.0010010609821836307,472353971.8005589
2020-08-13,84.92505645751953,0.0,113.83000183105467,0.0,114.33000183105467,113.7300033569336,114.11000061035156,0.0,2916000,0.0010333975187262626,473087727.28151596
2020-08-14,84.54452514648438,0.0,113.31999969482422,0.0,113.66000366210938,113.2300033569336,113.62000274658205,0.0,2582400,0.0009538391843397607,473412906.0157412
2020-08-17,84.64151763916016,0.0,113.4499969482422,0.0,113.4499969482422,113.31999969482422,113.36000061035156,0.0,1896600,0.0009743121023364903,473815341.99607486
2020-08-18,84.52962493896484,0.0,113.3000030517578,0.0,113.41999816894533,113.13999938964844,113.3000030517578,0.0,1893800,0.0010048543535825442,474263022.9910411
2020-08-19,84.33563995361328,0.0,113.04000091552734,0.0,113.61000061035156,112.83999633789062,113.51000213623048,0.0,2538200,0.0010556147259347464,475123491.6840871
2020-08-20,84.52962493896484,0.0,113.3000030517578,0.0,113.33000183105467,112.88999938964844,113.01000213623048,0.0,1667100,0.0011157922850232815,474243726.7127809
2020-08-21,84.79821014404297,0.0,113.66000366210938,0.0,113.66999816894533,113.1500015258789,113.1500015258789,0.0,4261700,0.0011157922850232815,472651753.9953746
2020-08-24,84.96978759765625,0.0,113.88999938964844,0.0,114.06999969482422,113.69000244140624,113.69000244140624,0.0,2523900,0.0011157922850232815,470051481.9790613
2020-08-25,84.55200958251953,0.0,113.33000183105467,0.0,113.79000091552734,113.08000183105467,113.79000091552734,0.0,2978500,0.0009908184725393597,469292583.00988936
2020-08-26,84.3580322265625,0.0,113.06999969482422,0.0,113.29000091552734,113.01000213623048,113.16999816894533,0.0,3300800,0.0009326857228461464,461971997.7149055
2020-08-27,83.962646484375,0.0,112.54000091552734,0.0,113.5,112.4800033569336,113.0999984741211,0.0,3802300,0.0007538177479278404,458055559.36018926
2020-08-28,84.7459716796875,0.0,113.58999633789062,0.0,113.7300033569336,112.6500015258789,112.87999725341795,0.0,4215200,0.0011229362231318899,452837730.3231739
2020-08-31,84.73849487304688,0.0,113.58000183105467,0.0,113.66999816894533,113.05999755859376,113.4800033569336,0.0,3170600,0.001124676111140747,448131534.87786186
2020-09-01,85.30943298339844,0.0,114.01000213623048,0.333,114.0500030517578,113.30999755859376,113.58000183105467,0.0,4618400,0.001124676111140747,447556472.3888579
2020-09-02,85.66112518310547,0.0,114.4800033569336,0.0,114.5199966430664,114.08000183105467,114.33999633789062,0.0,3914600,0.001124676111140747,446844927.36355007
2020-09-03,85.2271499633789,0.0,113.9000015258789,0.0,114.55999755859376,113.83999633789062,114.55999755859376,0.0,3250700,0.0012553197739476499,443194427.8634389
2020-09-04,84.86051177978516,0.0,113.41000366210938,0.0,113.94000244140624,113.37000274658205,113.94000244140624,0.0,3473600,0.001194718236743325,438250071.43095714
2020-09-08,84.5237808227539,0.0,112.95999908447266,0.0,113.47000122070312,112.9499969482422,113.1500015258789,0.0,4107700,0.0011207124846191277,432243786.75979733
2020-09-09,84.95025634765625,0.0,113.52999877929688,0.0,113.72000122070312,113.18000030517578,113.27999877929688,0.0,2678600,0.0012507534189586632,424212762.7425118
2020-09-10,84.71080017089844,0.0,113.20999908447266,0.0,113.7300033569336,113.1999969482422,113.7300033569336,0.0,3250400,0.0014705910755893118,418558542.7197956
2020-09-11,84.74075317382812,0.0,113.25,0.0,113.41999816894533,113.04000091552734,113.41000366210938,0.0,2613300,0.0013964284947390597,413614854.31836444
2020-09-14,84.82305908203125,0.0,113.36000061035156,0.0,113.44000244140624,112.9800033569336,113.20999908447266,0.0,3124200,0.0015420927926577848,410568731.96145314
2020-09-15,84.9652328491211,0.0,113.5500030517578,0.0,113.66000366210938,113.4499969482422,113.55999755859376,0.0,2293200,0.0015216198746610553,406669585.6519911
2020-09-16,84.76319122314453,0.0,113.27999877929688,0.0,113.69000244140624,113.1999969482422,113.68000030517578,0.0,3710300,0.0015368594421682796,404605777.9954214
2020-09-17,84.41151428222656,0.0,112.80999755859376,0.0,113.0199966430664,112.7300033569336,112.87999725341795,0.0,4151000,0.001484319526763081,400417167.56574845
2020-09-18,84.02241516113281,0.0,112.29000091552734,0.0,112.8499984741211,112.08000183105467,112.8499984741211,0.0,4581800,0.0013595087298616704,397796706.4479162
2020-09-21,83.19932556152344,0.0,111.19000244140624,0.0,111.45999908447266,110.91999816894533,111.3499984741211,0.0,4541800,0.0013595087298616704,397634319.87542045
2020-09-22,83.02720642089844,0.0,110.95999908447266,0.0,111.27999877929688,110.77999877929688,111.12000274658205,0.0,4286700,0.0014202991075191256,398103366.2370894
2020-09-23,81.95722961425781,0.0,109.52999877929688,0.0,110.63999938964844,109.45999908447266,110.56999969482422,0.0,8371000,0.0014202991075191256,401016547.4350581
2020-09-24,82.17420959472656,0.0,109.81999969482422,0.0,110.41999816894533,109.1999969482422,109.51000213623048,0.0,7563100,0.0016779051577361904,404818226.52297854
2020-09-25,82.57080841064453,0.0,110.3499984741211,0.0,110.38999938964844,110.02999877929688,110.33000183105467,0.0,3296300,0.0016946809649311637,404377101.57735914
2020-09-28,82.7578353881836,0.0,110.5999984741211,0.0,110.87000274658205,110.48999786376952,110.7300033569336,0.0,3870200,0.001325562489727114,405083629.5175704
2020-09-29,82.57080841064453,0.0,110.3499984741211,0.0,110.62000274658205,110.2699966430664,110.56999969482422,0.0,3130600,0.0011550386787775725,405666892.98078144
2020-09-30,82.97486114501953,0.0,110.88999938964844,0.0,111.0500030517578,110.27999877929688,110.36000061035156,0.0,5666300,0.0012271023192138052,405736766.0650223
2020-10-01,83.1295166015625,0.0,110.7300033569336,0.366,111.0,110.68000030517578,110.94000244140624,0.0,13558400,0.0012965325228661564,410011395.93216425
2020-10-02,82.83670806884766,0.0,110.33999633789062,0.0,110.55999755859376,110.0199966430664,110.2300033569336,0.0,7086200,0.0011658888600592535,411187943.0128249
2020-10-05,83.15953063964844,0.0,110.7699966430664,0.0,110.91999816894533,110.45999908447266,110.5,0.0,3906300,0.0011658888600592535,410757024.7190324
2020-10-06,83.21957397460938,0.0,110.8499984741211,0.0,111.1500015258789,110.72000122070312,110.9800033569336,0.0,5501400,0.0011658888600592535,410552863.35659933
2020-10-07,83.39977264404297,0.0,111.08999633789062,0.0,111.25,110.88999938964844,111.16000366210938,0.0,4359900,0.0010299624620369982,411281423.8210527
2020-10-08,84.21052551269531,0.0,112.16999816894533,0.0,112.33999633789062,111.54000091552734,111.6500015258789,0.0,4718100,0.0008101248054063495,409504097.54883295
2020-10-09,84.41326141357422,0.0,112.44000244140624,0.0,112.5500030517578,112.30999755859376,112.44000244140624,0.0,3917900,0.0008101248054063495,409214938.5676429
2020-10-12,84.63099670410156,0.0,112.7300033569336,0.0,112.80999755859376,112.47000122070312,112.70999908447266,0.0,2194600,0.0006644605074876243,406147692.8475395
2020-10-13,84.42076110839844,0.0,112.4499969482422,0.0,112.73999786376952,112.4000015258789,112.73999786376952,0.0,3141500,0.0007403905504390241,404757855.7781401
2020-10-14,84.39073944091797,0.0,112.41000366210938,0.0,112.5500030517578,112.27999877929688,112.47000122070312,0.0,3652400,0.000694608731685746,405482878.53578234
2020-10-15,84.05293273925781,0.0,111.95999908447266,0.0,112.05999755859376,111.8000030517578,111.83000183105467,0.0,2951000,0.000694608731685746,405446982.44384885
2020-10-16,84.18053436279297,0.0,112.12999725341795,0.0,112.47000122070312,112.08000183105467,112.22000122070312,0.0,2711400,0.000694608731685746,404833151.9348084
2020-10-19,83.69254302978516,0.0,111.4800033569336,0.0,112.3499984741211,111.47000122070312,112.2699966430664,0.0,3641600,0.000694608731685746,404228938.5554541
2020-10-20,83.73758697509766,0.0,111.54000091552734,0.0,111.73999786376952,111.45999908447266,111.62999725341795,0.0,3683600,0.0006701311731475701,405362124.00263834
2020-10-21,83.3096694946289,0.0,110.97000122070312,0.0,111.41000366210938,110.97000122070312,111.20999908447266,0.0,4228000,0.0006701311731475701,407209458.8737609
2020-10-22,82.9193344116211,0.0,110.4499969482422,0.0,110.94000244140624,110.43000030517578,110.7699966430664,0.0,4235400,0.0003876859940460035,409126484.4223628
2020-10-23,83.3096694946289,0.0,110.97000122070312,0.0,111.01000213623048,110.51000213623048,110.7300033569336,0.0,3120100,0.0005424943172466992,409024269.3373786
2020-10-26,83.0093765258789,0.0,110.56999969482422,0.0,110.88999938964844,110.51000213623048,110.79000091552734,0.0,2802300,0.0006819606341235818,408196924.1556622
2020-10-27,83.50486755371094,0.0,111.2300033569336,0.0,111.25,110.58999633789062,111.0,0.0,3592200,0.0007273770249633767,408030726.59485227
2020-10-28,82.7916488647461,0.0,110.27999877929688,0.0,110.94000244140624,110.25,110.9000015258789,0.0,5907000,0.0009217565534868442,410595415.10905313
2020-10-29,82.82170104980469,0.0,110.31999969482422,0.0,110.41000366210938,109.98999786376952,110.1500015258789,0.0,4872700,0.0008523263498344931,412070572.8225466
2020-10-30,82.59648132324219,0.0,110.0199966430664,0.0,110.25,109.81999969482422,110.1999969482422,0.0,4039300,0.0009411741650446115,412888234.1565147
2020-11-02,82.72911071777344,0.0,109.8000030517578,0.396,110.11000061035156,109.75,109.8499984741211,0.0,5619600,0.0010079444230926373,415590069.97000676
2020-11-03,83.3996353149414,0.0,110.69000244140624,0.0,110.75,110.11000061035156,110.51000213623048,0.0,4640600,0.0010566668784358234,417221137.0946551
2020-11-04,85.01201629638672,0.0,112.83000183105467,0.0,112.95999908447266,111.30999755859376,111.30999755859376,0.0,8412000,0.0009796928312634967,422964203.0274103
2020-11-05,85.33602905273438,0.0,113.26000213623048,0.0,113.56999969482422,112.79000091552734,113.41000366210938,0.0,7675400,0.0009796928312634967,426761596.39669144
2020-11-06,84.95928955078125,0.0,112.76000213623048,0.0,113.0199966430664,112.5,112.9000015258789,0.0,5941400,0.0010945822530820212,430315393.2354397
2020-11-09,85.36616516113281,0.0,113.3000030517578,0.0,114.3499984741211,113.12999725341795,114.23999786376952,0.0,6858300,0.0010945822530820212,432542019.38835025
2020-11-10,85.2757568359375,0.0,113.18000030517578,0.0,113.44000244140624,112.75,112.9499969482422,0.0,3642000,0.0010186522101306216,433212615.6921387
2020-11-11,85.59974670410156,0.0,113.61000061035156,0.0,113.83000183105467,113.51000213623048,113.66999816894533,0.0,2757100,0.001029860728480193,432403591.5324196
2020-11-12,85.4339828491211,0.0,113.38999938964844,0.0,113.91999816894533,113.30999755859376,113.88999938964844,0.0,4903200,0.0011135474301625424,435186143.8311925
2020-11-13,85.7655029296875,0.0,113.83000183105467,0.0,113.8499984741211,113.5999984741211,113.75,0.0,2239500,0.0011659534024205409,433510144.9117691
2020-11-16,85.95389556884766,0.0,114.08000183105467,0.0,114.12999725341795,113.88999938964844,114.05999755859376,0.0,2678200,0.0011659534024205409,433477960.3633154
2020-11-17,85.80316162109375,0.0,113.87999725341795,0.0,113.98999786376952,113.5199966430664,113.87999725341795,0.0,4046500,0.0011377948603083425,432957196.21692234
2020-11-18,85.72781372070312,0.0,113.77999877929688,0.0,114.0999984741211,113.7300033569336,114.01000213623048,0.0,2573600,0.0011570211451093926,431788911.5322174
2020-11-19,85.92369079589844,0.0,114.04000091552734,0.0,114.11000061035156,113.80999755859376,113.9800033569336,0.0,3831500,0.0012696819822714683,432764844.8588114
2020-11-20,85.98402404785156,0.0,114.12000274658205,0.0,114.2300033569336,113.93000030517578,114.12000274658205,0.0,3414200,0.001062411075437706,432785908.8907817
2020-11-23,85.91622161865234,0.0,114.02999877929688,0.0,114.45999908447266,113.9499969482422,114.45999908447266,0.0,2943500,0.0009882834580123927,433109958.85554117
2020-11-24,86.03677368164062,0.0,114.19000244140624,0.0,114.27999877929688,114.13999938964844,114.2699966430664,0.0,3987700,0.0009628443046576443,434436625.1908378
2020-11-25,85.96894836425781,0.0,114.0999984741211,0.0,114.33999633789062,113.95999908447266,114.12999725341795,0.0,3188500,0.0007227784084910667,433460233.43014795
2020-11-27,86.24771118164062,0.0,114.47000122070312,0.0,114.58000183105467,114.16000366210938,114.51000213623048,0.0,2213700,0.0007295422039695316,430332176.1490171
2020-11-30,86.08197021484375,0.0,114.25,0.0,114.56999969482422,113.73999786376952,114.25,0.0,4760200,0.0007357488065910027,429718393.29565746
2020-12-01,86.29814910888672,0.0,114.13999938964844,0.396,114.16999816894533,113.8499984741211,114.0,0.0,11012000,0.0007320177847887487,435482732.10721093
2020-12-02,86.34355163574219,0.0,114.1999969482422,0.0,114.33000183105467,114.08000183105467,114.3000030517578,0.0,5828100,0.0006832953294455627,436565051.2755197
2020-12-03,86.70646667480469,0.0,114.68000030517578,0.0,114.68000030517578,114.51000213623048,114.66000366210938,0.0,6414400,0.0006963106174448193,439308706.3806685
2020-12-04,86.78207397460938,0.0,114.77999877929688,0.0,114.91000366210938,114.69000244140624,114.87999725341795,0.0,3710000,0.0006963106174448193,436595125.990798
2020-12-07,86.7669677734375,0.0,114.76000213623048,0.0,114.79000091552734,114.62000274658205,114.68000030517578,0.0,3639400,0.0005814211956262948,434881682.13029283
2020-12-08,86.6233139038086,0.0,114.56999969482422,0.0,114.69000244140624,114.4800033569336,114.56999969482422,0.0,3035700,0.0006131848227292891,433027622.5220332
2020-12-09,86.41159057617188,0.0,114.29000091552734,0.0,114.94000244140624,114.1500015258789,114.44000244140624,0.0,6346700,0.0006420763752902944,429430315.67758834
2020-12-10,86.84255981445312,0.0,114.86000061035156,0.0,114.95999908447266,114.29000091552734,114.44000244140624,0.0,4956400,0.0008686400382056071,430349866.08826774
2020-12-11,86.8879165649414,0.0,114.91999816894533,0.0,114.9800033569336,114.7300033569336,114.83999633789062,0.0,3868100,0.0008112841004332877,429243173.7659999
2020-12-14,86.8879165649414,0.0,114.91999816894533,0.0,115.06999969482422,114.91000366210938,115.0199966430664,0.0,2532600,0.0007588781281752893,427249917.48105
2020-12-15,87.18277740478516,0.0,115.30999755859376,0.0,115.33999633789062,114.98999786376952,115.12000274658205,0.0,3161300,0.0007849790937951888,426634841.2437863
2020-12-16,87.2432861328125,0.0,115.38999938964844,0.0,115.52999877929688,114.4499969482422,115.37999725341795,0.0,3171300,0.0008347002312661083,426734803.1887418
2020-12-17,87.52777862548828,0.0,115.37000274658205,0.395,115.48999786376952,115.16999816894533,115.31999969482422,0.0,5549600,0.0008639116447224602,429306215.5494993
2020-12-18,87.41397857666016,0.0,115.22000122070312,0.0,115.38999938964844,115.08000183105467,115.36000061035156,0.0,2648100,0.0007884626277243031,429390861.59241694
2020-12-21,87.16362762451172,0.0,114.88999938964844,0.0,114.91000366210938,114.54000091552734,114.7699966430664,0.0,4485300,0.0007839499706429563,430219685.78700715
2020-12-22,87.26983642578125,0.0,115.02999877929688,0.0,115.08999633789062,114.93000030517578,115.01000213623048,0.0,2104400,0.0007186112711913872,428304194.2971487
2020-12-23,87.3988037109375,0.0,115.1999969482422,0.0,115.3000030517578,115.02999877929688,115.22000122070312,0.0,1369700,0.0006986340337063405,427173488.4828174
2020-12-24,87.61880493164062,0.0,115.48999786376952,0.0,115.51000213623048,115.25,115.31999969482422,0.0,1067800,0.0006722567609132178,425651919.2058442
2020-12-28,87.64159393310547,0.0,115.5199966430664,0.0,115.62999725341795,115.27999877929688,115.3499984741211,0.0,2473200,0.0007241035826275838,425232656.08046395
2020-12-29,87.77056121826172,0.0,115.69000244140624,0.0,115.79000091552734,115.51000213623048,115.51000213623048,0.0,2680800,0.0006290491647959942,424689508.3845411
2020-12-30,87.88433837890625,0.0,115.83999633789062,0.0,115.9000015258789,115.63999938964844,115.79000091552734,0.0,1902200,0.0005660099285502223,421086306.8988679
2020-12-31,87.93745422363281,0.0,115.91000366210938,0.0,115.95999908447266,115.75,115.87000274658205,0.0,1790600,0.0005808189831559756,419592999.50327194
2021-01-04,87.45188903808594,0.0,115.2699966430664,0.0,116.08999633789062,115.22000122070312,116.0199966430664,0.0,7154100,0.0005937930583416296,423249240.43941194
2021-01-05,87.51261138916016,0.0,115.3499984741211,0.0,115.4000015258789,115.12999725341795,115.4000015258789,0.0,3575900,0.0005937930583416296,423492528.1044067
2021-01-06,86.88292694091797,0.0,114.5199966430664,0.0,114.68000030517578,114.37999725341795,114.66000366210938,0.0,4796000,0.0006499379618047773,425988421.5877412
2021-01-07,86.85252380371094,0.0,114.4800033569336,0.0,114.5500030517578,114.23999786376952,114.5500030517578,0.0,2780500,0.000618174334701783,426361644.4419497
2021-01-08,86.89807891845703,0.0,114.54000091552734,0.0,114.58999633789062,114.27999877929688,114.55999755859376,0.0,4835200,0.0006825571769294043,429050303.4914834
2021-01-11,86.2153091430664,0.0,113.63999938964844,0.0,114.11000061035156,113.55999755859376,114.08000183105467,0.0,4847500,0.000477803756764545,430622931.2223828
2021-01-12,85.80557250976562,0.0,113.0999984741211,0.0,113.3000030517578,112.80999755859376,113.12999725341795,0.0,7312000,0.0004514729928545147,434680441.54037595
2021-01-13,86.20771026611328,0.0,113.62999725341795,0.0,113.83000183105467,113.4000015258789,113.4499969482422,0.0,5885000,0.0004514729928545147,437995921.3724106
2021-01-14,85.95732879638672,0.0,113.3000030517578,0.0,113.93000030517578,113.29000091552734,113.93000030517578,0.0,4375200,0.0005645892244286277,439164583.8960617
2021-01-15,86.05595397949219,0.0,113.43000030517578,0.0,113.58000183105467,113.1999969482422,113.4499969482422,0.0,2748100,0.0005220105332932345,440421355.38865346
2021-01-19,86.17735290527344,0.0,113.58999633789062,0.0,113.72000122070312,113.47000122070312,113.6500015258789,0.0,4028400,0.00047357283503583265,442601616.47786945
2021-01-20,86.2759780883789,0.0,113.72000122070312,0.0,113.81999969482422,113.5999984741211,113.69000244140624,0.0,3085500,0.000436361014871914,442283694.95859903
2021-01-21,86.33668518066406,0.0,113.8000030517578,0.0,113.83000183105467,113.52999877929688,113.7300033569336,0.0,2646800,0.000512800466269557,438933067.4042172
2021-01-22,86.37459564208984,0.0,113.8499984741211,0.0,113.87999725341795,113.62999725341795,113.6500015258789,0.0,2056700,0.000555792203627667,437744632.9455421
2021-01-25,86.71598052978516,0.0,114.3000030517578,0.0,114.3000030517578,113.94000244140624,114.11000061035156,0.0,2804700,0.000555792203627667,438291030.54813206
2021-01-26,86.6021957397461,0.0,114.1500015258789,0.0,114.20999908447266,114.11000061035156,114.18000030517578,0.0,3185400,0.000570177587058104,439497979.68638587
2021-01-27,86.20011901855469,0.0,113.62000274658205,0.0,113.95999908447266,113.5999984741211,113.94000244140624,0.0,4735800,0.0005115669698652731,442390100.58901346
2021-01-28,86.38216400146484,0.0,113.86000061035156,0.0,114.0500030517578,113.72000122070312,113.77999877929688,0.0,4140000,0.0006477413944430568,444280131.7419143
2021-01-29,86.37459564208984,0.0,113.8499984741211,0.0,114.06999969482422,113.69000244140624,113.75,0.0,4655400,0.000778417536776318,446426037.8187634
2021-02-01,86.80233001708984,0.0,114.0500030517578,0.362,114.1999969482422,113.61000061035156,113.61000061035156,0.0,4772900,0.0008821176783800622,448421373.07314193
2021-02-02,86.80233001708984,0.0,114.0500030517578,0.0,114.13999938964844,113.91000366210938,113.97000122070312,0.0,5958300,0.0009018632204397895,450173238.5330321
2021-02-03,86.58158874511719,0.0,113.76000213623048,0.0,114.05999755859376,113.76000213623048,114.05999755859376,0.0,2827000,0.0009018632204397895,449085024.79831153
2021-02-04,86.83277130126953,0.0,114.08999633789062,0.0,114.16999816894533,113.63999938964844,113.80999755859376,0.0,3177400,0.0009294458402797445,449547178.69546074
2021-02-05,86.93169403076172,0.0,114.22000122070312,0.0,114.45999908447266,114.12999725341795,114.44000244140624,0.0,3336800,0.0009294458402797445,451201909.2156789
2021-02-08,86.93169403076172,0.0,114.22000122070312,0.0,114.2300033569336,113.87000274658205,114.0500030517578,0.0,5153500,0.0008361714454911179,454236889.4426497
2021-02-09,86.61963653564453,0.0,113.80999755859376,0.0,114.1500015258789,113.80999755859376,114.1500015258789,0.0,2742400,0.0009462266395384642,455207588.9933147
2021-02-10,86.79473114013672,0.0,114.04000091552734,0.0,114.08999633789062,113.91999816894533,114.05999755859376,0.0,1984400,0.0009887868009882058,454091381.07184756
2021-02-11,86.84801483154297,0.0,114.11000061035156,0.0,114.33000183105467,113.98999786376952,114.1999969482422,0.0,3366600,0.0009887868009882058,453162082.09680223
2021-02-12,86.36852264404297,0.0,113.4800033569336,0.0,113.86000061035156,113.41000366210938,113.86000061035156,0.0,6524400,0.0008495696037941931,456403833.2758707
2021-02-16,85.31059265136719,0.0,112.08999633789062,0.0,113.1999969482422,112.06999969482422,113.19000244140624,0.0,8498000,0.0008342728804515859,461641160.4319618
2021-02-17,85.78245544433594,0.0,112.70999908447266,0.0,112.76000213623048,112.0999984741211,112.0999984741211,0.0,6065900,0.0010263896674728879,465359559.7909655
2021-02-18,85.6911392211914,0.0,112.58999633789062,0.0,112.66999816894533,112.31999969482422,112.62000274658205,0.0,2652400,0.0011196972219864832,466026751.54102266
2021-02-19,85.23450469970703,0.0,111.98999786376952,0.0,112.52999877929688,111.9800033569336,112.4800033569336,0.0,4524200,0.0010667319864014267,467770775.4934947
2021-02-22,84.65607452392578,0.0,111.2300033569336,0.0,111.5199966430664,111.08000183105467,111.1500015258789,0.0,5033900,0.001023740249043317,470715523.7380255
2021-02-23,84.7550048828125,0.0,111.36000061035156,0.0,111.41000366210938,110.80999755859376,111.1999969482422,0.0,7176400,0.0010606261672597467,473213770.33146447
2021-02-24,84.8843765258789,0.0,111.52999877929688,0.0,111.72000122070312,110.48999786376952,110.48999786376952,0.0,5420300,0.0011967465653133186,475730270.9895906
2021-02-25,83.36983489990234,0.0,109.54000091552734,0.0,110.93000030517578,109.23999786376952,110.7300033569336,0.0,9819200,0.0014247672493363018,481587745.3271775
2021-02-26,83.74274444580078,0.0,110.02999877929688,0.0,110.12000274658205,109.54000091552734,110.08000183105467,0.0,8060000,0.0013951676606099308,485664097.1935938
2021-03-01,84.20924377441406,0.0,110.29000091552734,0.351,110.5500030517578,110.06999969482422,110.22000122070312,0.0,5013500,0.0012644915182766698,486656383.4960453
2021-03-02,84.15579986572266,0.0,110.22000122070312,0.0,110.5199966430664,110.05999755859376,110.19000244140624,0.0,5862300,0.0013373320051412272,487984464.1356695
2021-03-03,83.65189361572266,0.0,109.55999755859376,0.0,109.97000122070312,109.5500030517578,109.97000122070312,0.0,5171300,0.001291597099896589,489622963.0370125
2021-03-04,82.93416595458984,0.0,108.62000274658205,0.0,109.73999786376952,108.56999969482422,109.5500030517578,0.0,8697800,0.001291597099896589,492942100.0689431
2021-03-05,82.91889953613281,0.0,108.5999984741211,0.0,108.76000213623048,108.1999969482422,108.76000213623048,0.0,12208400,0.0012078695765934864,499907884.1977559
2021-03-08,81.48351287841797,0.0,106.72000122070312,0.0,108.0500030517578,106.6999969482422,108.0500030517578,0.0,9895300,0.0012078695765934864,505350516.68282765
2021-03-09,82.44551849365234,0.0,107.9800033569336,0.0,108.23999786376952,107.81999969482422,107.8499984741211,0.0,8196200,0.0012802041752297316,509248014.4192832
2021-03-10,83.24723052978516,0.0,109.02999877929688,0.0,109.0999984741211,108.12999725341795,108.12999725341795,0.0,5711600,0.0011371302200823608,510507775.949351
2021-03-11,83.86566925048828,0.0,109.83999633789062,0.0,109.9800033569336,109.20999908447266,109.77999877929688,0.0,6994400,0.001094570058632619,514191612.58153766
2021-03-12,82.81200408935547,0.0,108.45999908447266,0.0,108.9000015258789,108.29000091552734,108.88999938964844,0.0,5986400,0.0013286790933861763,516424209.06959414
2021-03-15,83.3541030883789,0.0,109.16999816894533,0.0,109.19000244140624,108.5500030517578,108.83999633789062,0.0,3879300,0.0014110426189030364,517436486.4417909
2021-03-16,83.6442642211914,0.0,109.5500030517578,0.0,109.87000274658205,109.4000015258789,109.61000061035156,0.0,4319300,0.0014110426189030364,518381089.7296845
2021-03-17,84.34667205810547,0.0,110.47000122070312,0.0,111.16000366210938,108.68000030517578,109.08999633789062,0.0,9837300,0.0012676511856374313,524939293.50754267
2021-03-18,83.20138549804688,0.0,108.97000122070312,0.0,109.58999633789062,108.72000122070312,109.04000091552734,0.0,7538500,0.001336726574093691,528123163.14826846
2021-03-19,83.44573974609375,0.0,109.29000091552734,0.0,109.44000244140624,108.76000213623048,109.0500030517578,0.0,4752000,0.001572501790634187,528528494.7711642
2021-03-22,83.62899780273438,0.0,109.52999877929688,0.0,109.73999786376952,108.87000274658205,108.98999786376952,0.0,4615900,0.0017100063397168497,528457774.09791493
2021-03-23,83.3311996459961,0.0,109.13999938964844,0.0,109.5999984741211,109.11000061035156,109.5999984741211,0.0,4658400,0.0018149056394245015,528484877.43179077
2021-03-24,83.51445770263672,0.0,109.37999725341795,0.0,109.58000183105467,109.0999984741211,109.44000244140624,0.0,4270500,0.0018696638161679671,528417060.36984885
2021-03-25,83.39229583740234,0.0,109.22000122070312,0.0,109.38999938964844,108.88999938964844,109.3499984741211,0.0,3860500,0.001645071813525643,524486649.2185078
2021-03-26,83.4228286743164,0.0,109.26000213623048,0.0,109.26000213623048,108.93000030517578,109.12999725341795,0.0,1997500,0.0016481680420764749,519626865.2071998
2021-03-29,82.9876480102539,0.0,108.69000244140624,0.0,109.1999969482422,108.58999633789062,108.98999786376952,0.0,7379700,0.001740501029003717,523105856.5647125
2021-03-30,83.02579498291016,0.0,108.73999786376952,0.0,108.76000213623048,108.12000274658205,108.23999786376952,0.0,6058900,0.001549151345929662,524937607.82631767
2021-03-31,83.13268280029297,0.0,108.87999725341795,0.0,109.23999786376952,108.56999969482422,108.56999969482422,0.0,8844400,0.001549151345929662,529838532.7666752
2021-04-01,83.78990936279297,0.0,109.38999938964844,0.348,109.4499969482422,108.86000061035156,109.02999877929688,0.0,7724400,0.0015632285593385731,531557866.95511836
2021-04-05,83.69033813476562,0.0,109.26000213623048,0.0,109.26000213623048,108.80999755859376,108.80999755859376,0.0,3134600,0.001731323048082154,522360761.59941655
2021-04-06,83.97370147705078,0.0,109.62999725341795,0.0,109.75,109.29000091552734,109.4800033569336,0.0,3791300,0.001731323048082154,519454007.0481255
2021-04-07,83.68267822265625,0.0,109.25,0.0,109.7699966430664,109.16000366210938,109.43000030517578,0.0,3194000,0.0018286597659226713,518789274.20775396
2021-04-08,84.16523742675781,0.0,109.87999725341795,0.0,109.87999725341795,109.5,109.52999877929688,0.0,3091400,0.0019485541668850786,516645249.1434975
2021-04-09,83.93541717529297,0.0,109.58000183105467,0.0,109.63999938964844,109.33999633789062,109.54000091552734,0.0,5464200,0.0020630950055831503,517553390.1829553
2021-04-12,84.07329559326172,0.0,109.76000213623048,0.0,109.91999816894533,109.66000366210938,109.91999816894533,0.0,2741200,0.0018289859708295927,515741047.71862936
2021-04-13,84.51753997802734,0.0,110.33999633789062,0.0,110.36000061035156,109.63999938964844,109.72000122070312,0.0,3270400,0.0017967430103237002,515108724.2143298
2021-04-14,84.44096374511719,0.0,110.23999786376952,0.0,110.37999725341795,110.1500015258789,110.27999877929688,0.0,3239700,0.0018140209063037499,515979734.18029904
2021-04-15,85.46736907958984,0.0,111.58000183105467,0.0,111.72000122070312,110.7699966430664,110.86000061035156,0.0,6935200,0.0017652955525480536,519317575.158758
2021-04-16,85.19161224365234,0.0,111.22000122070312,0.0,111.3499984741211,111.08000183105467,111.3499984741211,0.0,3335900,0.0016435923385436958,519003706.148414
2021-04-19,85.13036346435547,0.0,111.13999938964844,0.0,111.23999786376952,111.01000213623048,111.18000030517578,0.0,3153900,0.0014002925516497808,519163471.91648334
2021-04-20,84.9158706665039,0.0,110.86000061035156,0.0,111.0,110.77999877929688,111.0,0.0,2521400,0.0012627880025671179,518968972.9560549
2021-04-21,85.07673645019531,0.0,111.06999969482422,0.0,111.12999725341795,110.79000091552734,110.83000183105467,0.0,1670000,0.0011808662976397321,517219142.15657675
2021-04-22,85.2069320678711,0.0,111.23999786376952,0.0,111.30999755859376,111.06999969482422,111.1999969482422,0.0,1552400,0.0009756023394122577,515328826.484444
2021-04-23,85.35250854492188,0.0,111.43000030517578,0.0,111.44000244140624,111.08999633789062,111.2300033569336,0.0,1935100,0.0010312366119171767,513316501.3132489
2021-04-26,84.9618148803711,0.0,110.91999816894533,0.0,111.2699966430664,110.68000030517578,110.68000030517578,0.0,2746100,0.0010147829617750963,512021243.29655963
2021-04-27,84.50224304199219,0.0,110.31999969482422,0.0,110.76000213623048,110.22000122070312,110.75,0.0,3286000,0.0009224499748478538,512150402.17107135
2021-04-28,84.78568267822266,0.0,110.69000244140624,0.0,110.81999969482422,110.1999969482422,110.3000030517578,0.0,4071600,0.0011433756258760652,513268141.09008425
2021-04-29,84.88521575927734,0.0,110.81999969482422,0.0,110.83000183105467,110.38999938964844,110.73999786376952,0.0,3306300,0.0012854409878601508,513004996.224467
2021-04-30,85.13036346435547,0.0,111.13999938964844,0.0,111.16000366210938,110.76000213623048,110.83999633789062,0.0,3777200,0.0012713637744512396,511166695.0570485
2021-05-03,85.01354217529297,0.0,110.63999938964844,0.348,111.0500030517578,110.5199966430664,110.7699966430664,0.0,3258500,0.0012272333608238325,509761648.83084375
2021-05-04,85.09037017822266,0.0,110.73999786376952,0.0,110.87999725341795,110.45999908447266,110.62000274658205,0.0,4239900,0.0013213204023022668,509961035.6919728
2021-05-05,85.20565032958984,0.0,110.88999938964844,0.0,110.91000366210938,110.62000274658205,110.62000274658205,0.0,2036400,0.0012174264582482642,506856149.1650475
2021-05-06,85.36698913574219,0.0,111.0999984741211,0.0,111.20999908447266,110.87000274658205,110.91000366210938,0.0,2512600,0.0010975320572858569,504994893.854226
2021-05-07,85.7511978149414,0.0,111.5999984741211,0.0,111.8000030517578,111.37999725341795,111.58000183105467,0.0,5003600,0.0009829912185877854,501893907.9571012
2021-05-10,85.55908203125,0.0,111.3499984741211,0.0,111.58999633789062,111.26000213623048,111.5,0.0,2708300,0.0009874900570111846,497387982.4052841
2021-05-11,85.35932922363281,0.0,111.08999633789062,0.0,111.12999725341795,110.8000030517578,110.8000030517578,0.0,2550400,0.0009373694920002168,494319503.4367758
2021-05-12,84.5832748413086,0.0,110.08000183105467,0.0,110.69000244140624,110.04000091552734,110.5999984741211,0.0,5320800,0.0009624007918866412,492800997.58608377
2021-05-13,85.021240234375,0.0,110.6500015258789,0.0,110.76000213623048,110.0999984741211,110.29000091552734,0.0,3533200,0.0012099173172899717,492632323.1756059
2021-05-14,85.46691131591797,0.0,111.2300033569336,0.0,111.3499984741211,111.0500030517578,111.22000122070312,0.0,3731600,0.0011692375883244745,493440511.65055776
2021-05-17,85.42078399658203,0.0,111.16999816894533,0.0,111.18000030517578,111.01000213623048,111.12999725341795,0.0,1495000,0.0012019846638842084,490347061.66845655
2021-05-18,85.41310119628906,0.0,111.16000366210938,0.0,111.3499984741211,111.1500015258789,111.3499984741211,0.0,1917800,0.0012019846638842084,490015794.7313339
2021-05-19,85.01354217529297,0.0,110.63999938964844,0.0,111.02999877929688,110.48999786376952,110.8499984741211,0.0,3791600,0.0011421211508875126,490920346.80103123
2021-05-20,85.605224609375,0.0,111.41000366210938,0.0,111.4800033569336,110.98999786376952,111.0500030517578,0.0,2877000,0.001239217396841536,489806943.4014275
2021-05-21,85.4361572265625,0.0,111.19000244140624,0.0,111.47000122070312,111.12000274658205,111.41999816894533,0.0,1784100,0.0013017508163202423,489057339.2625173
2021-05-24,85.52835845947266,0.0,111.30999755859376,0.0,111.5500030517578,111.22000122070312,111.2699966430664,0.0,1688000,0.0012963936306357047,487080728.2495892
2021-05-25,85.9432601928711,0.0,111.8499984741211,0.0,111.86000061035156,111.37999725341795,111.37999725341795,0.0,2543400,0.0013099691773576028,486246210.57293606
2021-05-26,85.93560791015625,0.0,111.83999633789062,0.0,112.0,111.75,112.0,0.0,2000700,0.0010890435263293916,485358202.47187537
2021-05-27,85.77424621582031,0.0,111.62999725341795,0.0,111.6999969482422,111.3000030517578,111.3000030517578,0.0,2739000,0.0009469781643453058,484170893.66030014
2021-05-28,85.95100402832031,0.0,111.86000061035156,0.0,112.0999984741211,111.70999908447266,111.79000091552734,0.0,3458600,0.0009469781643453058,484353998.0490003
2021-06-01,86.06507873535156,0.0,111.6500015258789,0.358,111.9499969482422,111.43000030517578,111.62999725341795,0.0,1936500,0.0008230140892291323,484058823.33671933
2021-06-02,86.19610595703125,0.0,111.81999969482422,0.0,111.91000366210938,111.66000366210938,111.91000366210938,0.0,2728300,0.0007904148059998031,482163788.8539208
2021-06-03,85.7721176147461,0.0,111.2699966430664,0.0,111.54000091552734,111.23999786376952,111.54000091552734,0.0,3296400,0.0007251780410778123,475099350.31150335
2021-06-04,86.34256744384766,0.0,112.01000213623048,0.0,112.12000274658205,111.55999755859376,111.5999984741211,0.0,2624700,0.0007743293695431877,472150331.6638281
2021-06-07,86.14984130859375,0.0,111.76000213623048,0.0,111.9000015258789,111.75,111.86000061035156,0.0,1554800,0.0007956011501449274,467691292.43655735
2021-06-08,86.48902893066406,0.0,112.1999969482422,0.0,112.33000183105467,112.13999938964844,112.26000213623048,0.0,3897200,0.0008365231561678664,467782022.85429937
2021-06-09,86.7973861694336,0.0,112.5999984741211,0.0,112.80999755859376,112.5500030517578,112.73999786376952,0.0,3847200,0.0008387144096173784,467905333.666641
2021-06-10,86.92842102050781,0.0,112.7699966430664,0.0,112.8000030517578,112.05999755859376,112.33999633789062,0.0,3290600,0.0008331158542377197,468090101.94346714
2021-06-11,87.02861785888672,0.0,112.9000015258789,0.0,113.01000213623048,112.73999786376952,113.0,0.0,2102300,0.0005855993288343892,464216969.5974138
2021-06-14,86.50440979003906,0.0,112.22000122070312,0.0,112.7300033569336,112.12999725341795,112.72000122070312,0.0,4677300,0.0005855993288343892,463864545.03141737
2021-06-15,86.69718170166016,0.0,112.47000122070312,0.0,112.5500030517578,111.91999816894533,112.05999755859376,0.0,7737400,0.000601361438758775,467243142.987987
2021-06-16,85.9571533203125,0.0,111.51000213623048,0.0,112.54000091552734,111.0,112.36000061035156,0.0,6415100,0.0007233591898227038,470610614.6335541
2021-06-17,86.29632568359375,0.0,111.9499969482422,0.0,112.27999877929688,111.75,111.93000030517578,0.0,5237800,0.000819090256361017,472371267.0044551
2021-06-18,86.54296875,0.0,112.2699966430664,0.0,112.6500015258789,112.13999938964844,112.13999938964844,0.0,6615000,0.000749472433914208,475361185.43881613
2021-06-21,86.48902893066406,0.0,112.1999969482422,0.0,112.33999633789062,111.97000122070312,112.08000183105467,0.0,2978500,0.0006278760605499236,472932061.0234821
2021-06-22,86.45048522949219,0.0,112.1500015258789,0.0,112.19000244140624,111.73999786376952,111.9000015258789,0.0,2929800,0.000540015831974297,473118275.22378343
2021-06-23,86.55071258544922,0.0,112.27999877929688,0.0,112.3499984741211,112.08999633789062,112.22000122070312,0.0,2097600,0.0005264402852523992,470897659.43947446
2021-06-24,86.58152770996094,0.0,112.31999969482422,0.0,112.38999938964844,112.2300033569336,112.27999877929688,0.0,2504200,0.0005321086467192307,471208791.2950667
2021-06-25,86.43505859375,0.0,112.12999725341795,0.0,112.55999755859376,111.95999908447266,112.55999755859376,0.0,3713000,0.0005546331622204164,473260769.4219075
2021-06-28,86.59696197509766,0.0,112.33999633789062,0.0,112.41000366210938,112.16000366210938,112.27999877929688,0.0,3114800,0.000608401701522534,475059153.5558307
2021-06-29,86.57382202148438,0.0,112.30999755859376,0.0,112.30999755859376,112.08000183105467,112.11000061035156,0.0,3136500,0.0006510981574190938,475587377.77523464
2021-06-30,86.68946838378906,0.0,112.45999908447266,0.0,112.63999938964844,112.1999969482422,112.1999969482422,0.0,9725700,0.0005896103991699885,481806508.3669087
2021-07-01,86.60050964355469,0.0,111.98999786376952,0.355,112.06999969482422,111.81999969482422,112.01000213623048,0.0,5653200,0.0006601050099025427,485082310.07238114
2021-07-02,86.7010498046875,0.0,112.12000274658205,0.0,112.20999908447266,111.76000213623048,111.7699966430664,0.0,3669100,0.0006808299965238669,486700016.8146043
2021-07-06,86.80156707763672,0.0,112.25,0.0,112.26000213623048,111.8000030517578,111.8000030517578,0.0,4849800,0.0008142208437498943,484475707.02901566
2021-07-07,86.92530822753906,0.0,112.41000366210938,0.0,112.5,112.23999786376952,112.44000244140624,0.0,3602700,0.000768799999303556,484416178.9389353
2021-07-08,86.74745178222656,0.0,112.18000030517578,0.0,112.37000274658205,112.04000091552734,112.04000091552734,0.0,3741600,0.0007667300219262989,483388359.77418685
2021-07-09,86.72423553466797,0.0,112.1500015258789,0.0,112.26000213623048,112.04000091552734,112.18000030517578,0.0,3386300,0.000801744207227258,483876152.6379419
2021-07-12,86.77836608886719,0.0,112.22000122070312,0.0,112.30999755859376,112.05999755859376,112.26000213623048,0.0,3274900,0.0008695771378982427,482397465.88850474
2021-07-13,86.46907043457031,0.0,111.81999969482422,0.0,112.33000183105467,111.76000213623048,112.1500015258789,0.0,5184100,0.0009259106200108285,482626165.597843
2021-07-14,86.8402099609375,0.0,112.3000030517578,0.0,112.37999725341795,112.1500015258789,112.25,0.0,3359300,0.00090964917016791,479056818.069343
2021-07-15,87.11089324951172,0.0,112.6500015258789,0.0,112.7300033569336,112.3499984741211,112.47000122070312,0.0,4205600,0.000787651419103981,477509582.45490545
2021-07-16,86.99491119384766,0.0,112.5,0.0,112.6999969482422,112.48999786376952,112.63999938964844,0.0,2693000,0.0007499644367440391,475979839.0156034
2021-07-19,87.01036834716797,0.0,112.5199966430664,0.0,112.73999786376952,112.43000030517578,112.73999786376952,0.0,4850000,0.0007915579570101569,477837021.55433536
2021-07-20,87.2500991821289,0.0,112.83000183105467,0.0,112.91999816894533,112.61000061035156,112.81999969482422,0.0,5233900,0.0008327224259463892,478892220.00938296
2021-07-21,86.9175796508789,0.0,112.4000015258789,0.0,112.5,112.2300033569336,112.41999816894533,0.0,4152700,0.000887454443751237,479811905.902796
2021-07-22,87.11089324951172,0.0,112.6500015258789,0.0,112.69000244140624,112.37999725341795,112.4499969482422,0.0,2874000,0.000887454443751237,479990876.19095457
2021-07-23,87.1186294555664,0.0,112.66000366210938,0.0,112.6999969482422,112.36000061035156,112.37000274658205,0.0,2527700,0.0010106212139508078,480392585.70996237
2021-07-26,86.87889099121094,0.0,112.3499984741211,0.0,112.62999725341795,112.3000030517578,112.48999786376952,0.0,3296000,0.0010994881180280806,480787255.3640214
2021-07-27,86.64691925048828,0.0,112.0500030517578,0.0,112.45999908447266,111.88999938964844,112.45999908447266,0.0,4321800,0.0010457195787259628,481744749.71583533
2021-07-28,86.86343383789062,0.0,112.33000183105467,0.0,112.3499984741211,111.8499984741211,111.9499969482422,0.0,3771700,0.0011626425774010098,480836761.29439825
2021-07-29,86.94075012207031,0.0,112.43000030517578,0.0,112.4800033569336,112.30999755859376,112.33999633789062,0.0,2915700,0.0011626425774010098,479697330.7337867
2021-07-30,87.17274475097656,0.0,112.7300033569336,0.0,112.81999969482422,112.33000183105467,112.37999725341795,0.0,6666600,0.0011009293487509067,481455335.1582542
2021-08-02,87.28911590576172,0.0,112.52999877929688,0.35,112.75,112.33000183105467,112.68000030517578,0.0,6646600,0.0011977398534376172,483071149.6846093
2021-08-03,87.3279037475586,0.0,112.58000183105467,0.0,112.6500015258789,112.4499969482422,112.6500015258789,0.0,3001200,0.0010915402060202516,480359490.7029591
2021-08-04,87.36666107177734,0.0,112.62999725341795,0.0,112.83999633789062,112.3000030517578,112.8000030517578,0.0,3663100,0.001129995095142196,481081517.82121205
2021-08-05,87.3123779296875,0.0,112.55999755859376,0.0,112.63999938964844,112.44000244140624,112.58000183105467,0.0,1716000,0.0011683324856582172,479737417.83269244
2021-08-06,86.84696197509766,0.0,111.95999908447266,0.0,112.2699966430664,111.91999816894533,112.1999969482422,0.0,6417800,0.0010966076598704422,482415255.7854789
2021-08-09,86.55995178222656,0.0,111.58999633789062,0.0,112.02999877929688,111.55999755859376,111.9000015258789,0.0,4868500,0.0010287747291994576,482055280.55436873
2021-08-10,86.54443359375,0.0,111.56999969482422,0.0,111.81999969482422,111.5,111.79000091552734,0.0,2832900,0.0010141974399004168,482086662.4181051
2021-08-11,86.59871673583984,0.0,111.63999938964844,0.0,111.83999633789062,111.45999908447266,111.66999816894533,0.0,4094700,0.001092248048515107,483918657.082264
2021-08-12,86.71509552001953,0.0,111.79000091552734,0.0,111.83000183105467,111.5199966430664,111.58999633789062,0.0,2356600,0.0012115727054113176,482960574.4481586
2021-08-13,87.126220703125,0.0,112.31999969482422,0.0,112.36000061035156,111.83000183105467,111.9499969482422,0.0,3617000,0.0011535286212329466,480308768.9322396
2021-08-16,87.14173889160156,0.0,112.33999633789062,0.0,112.41000366210938,112.22000122070312,112.26000213623048,0.0,2098900,0.0010844566774596144,474620273.92774916
2021-08-17,87.06416320800781,0.0,112.23999786376952,0.0,112.2699966430664,112.08000183105467,112.08000183105467,0.0,3205500,0.001052641681250101,472049620.9889064
2021-08-18,86.99433135986328,0.0,112.1500015258789,0.0,112.33000183105467,112.0500030517578,112.2300033569336,0.0,2362400,0.0010607343523570919,471782235.72952634
2021-08-19,87.07965087890625,0.0,112.26000213623048,0.0,112.27999877929688,112.0199966430664,112.0999984741211,0.0,1829100,0.0011383279585038555,469390724.7896225
2021-08-20,86.95555877685547,0.0,112.0999984741211,0.0,112.33000183105467,112.04000091552734,112.2699966430664,0.0,4432600,0.001095045613793129,468890516.3716695
2021-08-23,87.28136444091797,0.0,112.5199966430664,0.0,112.54000091552734,112.16000366210938,112.27999877929688,0.0,3305400,0.0010245761254017503,465499720.248843
2021-08-24,87.33564758300781,0.0,112.58999633789062,0.0,112.63999938964844,112.4000015258789,112.5199966430664,0.0,1994800,0.0010245761254017503,462484390.66401285
2021-08-25,87.27362060546875,0.0,112.51000213623048,0.0,112.6999969482422,112.4499969482422,112.6999969482422,0.0,1684100,0.0009148945318870469,455451715.40693253
2021-08-26,87.13395690917969,0.0,112.33000183105467,0.0,112.4800033569336,112.23999786376952,112.43000030517578,0.0,2477300,0.0009148945318870469,450621821.14800346
2021-08-27,87.6924819946289,0.0,113.0500030517578,0.0,113.08999633789062,112.36000061035156,112.5,0.0,4964400,0.0009055725423038266,450687587.1445126
2021-08-30,87.9251480102539,0.0,113.3499984741211,0.0,113.37000274658205,112.94000244140624,112.94000244140624,0.0,2226400,0.0007388857225304167,447562346.8544067
2021-08-31,87.95621490478516,0.0,113.38999938964844,0.0,113.63999938964844,113.3000030517578,113.52999877929688,0.0,5386200,0.0006904227421200153,447912930.976135
2021-09-01,88.1102523803711,0.0,113.23999786376952,0.348,113.3000030517578,113.08000183105467,113.22000122070312,0.0,5756700,0.000651967852998071,445588594.7524298
2021-09-02,88.35148620605469,0.0,113.5500030517578,0.0,113.5500030517578,113.2300033569336,113.31999969482422,0.0,3752800,0.0006135091864097951,438448104.5149788
2021-09-03,88.06359100341797,0.0,113.18000030517578,0.0,113.31999969482422,113.11000061035156,113.16000366210938,0.0,4474200,0.0006802538866849963,434085910.30296445
2021-09-07,87.8223876953125,0.0,112.87000274658205,0.0,113.0999984741211,112.87000274658205,113.08999633789062,0.0,3497900,0.0006802538866849963,430195293.4703706
2021-09-08,87.9780044555664,0.0,113.06999969482422,0.0,113.13999938964844,112.9000015258789,112.98999786376952,0.0,3241000,0.0007372328994173238,428161357.9781729
2021-09-09,88.12584686279297,0.0,113.26000213623048,0.0,113.38999938964844,112.9000015258789,112.95999908447266,0.0,4375000,0.0006704467010197031,425996656.7000798
2021-09-10,87.845703125,0.0,112.9000015258789,0.0,113.1999969482422,112.83999633789062,113.16999816894533,0.0,3135900,0.0006771754754924507,423653467.62282354
2021-09-13,87.96246337890625,0.0,113.0500030517578,0.0,113.1500015258789,112.8000030517578,112.8000030517578,0.0,3367200,0.0007862523852085557,423313458.0702767
2021-09-14,88.13361358642578,0.0,113.2699966430664,0.0,113.44000244140624,113.16999816894533,113.26000213623048,0.0,2110100,0.0007862523852085557,421454979.43325347
2021-09-15,88.11804962158203,0.0,113.25,0.0,113.26000213623048,113.0500030517578,113.0500030517578,0.0,2088400,0.0007769029124818366,414707239.4093771
2021-09-16,87.8223876953125,0.0,112.87000274658205,0.0,113.0199966430664,112.76000213623048,112.76000213623048,0.0,4144800,0.00078257035117551,411900519.03780377
2021-09-17,87.53446960449219,0.0,112.5,0.0,112.70999908447266,112.5,112.6999969482422,0.0,4562500,0.0007049767450287463,411852385.43184674
2021-09-20,87.12986755371094,0.0,111.9800033569336,0.0,112.37999725341795,111.80999755859376,112.20999908447266,0.0,8051500,0.0006194239580730703,414995460.6355213
2021-09-21,87.29327392578125,0.0,112.19000244140624,0.0,112.43000030517578,112.0999984741211,112.43000030517578,0.0,3619900,0.0006738710795091681,414183546.4821952
2021-09-22,87.34771728515625,0.0,112.26000213623048,0.0,112.4800033569336,112.06999969482422,112.19000244140624,0.0,4988400,0.0007989378297953448,414920772.8027162
2021-09-23,86.6785888671875,0.0,111.4000015258789,0.0,112.23999786376952,111.29000091552734,112.16000366210938,0.0,8424200,0.0007489999687384412,419022455.9625716
2021-09-24,86.3206787109375,0.0,110.94000244140624,0.0,111.3000030517578,110.80999755859376,111.2699966430664,0.0,5935900,0.0007489999687384412,422516756.8056258
2021-09-27,86.06392669677734,0.0,110.61000061035156,0.0,110.73999786376952,110.41000366210938,110.6500015258789,0.0,5592000,0.0007489999687384412,421059864.0468658
2021-09-28,85.57369995117188,0.0,109.9800033569336,0.0,110.1999969482422,109.91000366210938,110.13999938964844,0.0,6043600,0.0007701103375521548,421106136.8661608
2021-09-29,85.6515121459961,0.0,110.08000183105467,0.0,110.47000122070312,109.98999786376952,110.0,0.0,5891000,0.0007819921416668424,418610129.2715466
2021-09-30,85.6359634399414,0.0,110.05999755859376,0.0,110.37000274658205,110.04000091552734,110.3499984741211,0.0,5882900,0.0008942788675935596,417042667.75053114
2021-10-01,85.6164321899414,0.0,109.69000244140624,0.345,109.87999725341795,109.3499984741211,109.73999786376952,0.0,8394300,0.0008942788675935596,421632226.36003643
2021-10-04,85.2027816772461,0.0,109.16000366210938,0.0,109.66999816894533,109.08000183105467,109.5,0.0,11547300,0.000841950903807867,428337489.0719459
2021-10-05,85.25741577148438,0.0,109.2300033569336,0.0,109.31999969482422,109.04000091552734,109.31999969482422,0.0,6736600,0.0008675195475402993,431408079.07682145
2021-10-06,85.07791137695312,0.0,109.0,0.0,109.11000061035156,108.61000061035156,108.91000366210938,0.0,9146900,0.0007687843419944269,436624976.509288
2021-10-07,85.17154693603516,0.0,109.12000274658205,0.0,109.47000122070312,109.08999633789062,109.31999969482422,0.0,5635700,0.0007093225506769887,436753552.3305076
2021-10-08,84.9607925415039,0.0,108.8499984741211,0.0,109.19000244140624,108.81999969482422,109.19000244140624,0.0,4164900,0.0005832691193080304,437963673.28915066
2021-10-11,84.7266616821289,0.0,108.5500030517578,0.0,108.91000366210938,108.5199966430664,108.72000122070312,0.0,1997500,0.00047419220959192554,436820599.5357574
2021-10-12,84.99983978271484,0.0,108.9000015258789,0.0,108.93000030517578,108.66000366210938,108.72000122070312,0.0,5427200,0.0005678837403595092,438676770.70402724
2021-10-13,85.53841400146484,0.0,109.58999633789062,0.0,109.62999725341795,109.04000091552734,109.04000091552734,0.0,6229200,0.0005678837403595092,437953186.3904499
2021-10-14,85.9052505493164,0.0,110.05999755859376,0.0,110.16000366210938,109.8499984741211,109.94000244140624,0.0,6519200,0.0004993916127539972,440703062.0572105
2021-10-15,85.80377960205078,0.0,109.93000030517578,0.0,110.04000091552734,109.66999816894533,109.87999725341795,0.0,6233700,0.0005133172561812201,443359777.9209198
2021-10-18,85.52279663085938,0.0,109.56999969482422,0.0,109.76000213623048,109.3499984741211,109.58999633789062,0.0,6353300,0.0005487798750682735,446666195.96474665
2021-10-19,85.46034240722656,0.0,109.48999786376952,0.0,109.75,109.4499969482422,109.5999984741211,0.0,5955600,0.0005613499823559422,450369304.947184
2021-10-20,85.50714874267578,0.0,109.5500030517578,0.0,109.69000244140624,109.4000015258789,109.43000030517578,0.0,4268100,0.0005103821622550828,452709633.4816403
2021-10-21,85.14033508300781,0.0,109.08000183105467,0.0,109.44000244140624,109.02999877929688,109.41000366210938,0.0,8084000,0.0005103821622550828,457996733.0150665
2021-10-22,85.47595977783203,0.0,109.51000213623048,0.0,109.52999877929688,109.12999725341795,109.30999755859376,0.0,6091900,0.00064604595202274,460873928.055082
2021-10-25,85.53841400146484,0.0,109.58999633789062,0.0,109.66000366210938,109.45999908447266,109.45999908447266,0.0,4612800,0.00064604595202274,462008890.08770293
2021-10-26,85.7178955078125,0.0,109.81999969482422,0.0,109.9000015258789,109.72000122070312,109.79000091552734,0.0,3541700,0.0006249355832090263,461518922.46054995
2021-10-27,86.22528076171875,0.0,110.47000122070312,0.0,110.6999969482422,110.05999755859376,110.18000030517578,0.0,7438500,0.0006130537790943388,465132628.3263373
2021-10-28,86.06134796142578,0.0,110.26000213623048,0.0,110.44000244140624,110.20999908447266,110.27999877929688,0.0,6509900,0.0005446116035813343,467497577.39151245
2021-10-29,85.7725830078125,0.0,109.88999938964844,0.0,110.1500015258789,109.75,109.98999786376952,0.0,6552600,0.0005446116035813343,470351107.3279366
2021-11-01,85.53605651855469,0.0,109.2300033569336,0.358,109.47000122070312,109.12000274658205,109.27999877929688,0.0,9179200,0.0005301948670918255,474582198.83485216
2021-11-02,85.64566040039062,0.0,109.37000274658205,0.0,109.62000274658205,109.23999786376952,109.52999877929688,0.0,3496000,0.0005340208848631671,475824588.79393923
2021-11-03,85.5125732421875,0.0,109.1999969482422,0.0,109.51000213623048,108.94000244140624,109.27999877929688,0.0,5427500,0.0005395506500324128,478312946.9468798
2021-11-04,86.13117980957031,0.0,109.98999786376952,0.0,110.05999755859376,109.47000122070312,109.56999969482422,0.0,6439700,0.0005395506500324128,479502636.12845284
2021-11-05,86.78117370605469,0.0,110.81999969482422,0.0,110.88999938964844,110.20999908447266,110.33999633789062,0.0,8755800,0.0005395506500324128,484810164.3225836
2021-11-08,86.70285034179688,0.0,110.72000122070312,0.0,110.86000061035156,110.6500015258789,110.73999786376952,0.0,5875300,0.000574025724298794,487724365.0885506
2021-11-09,86.85945892333984,0.0,110.91999816894533,0.0,111.08000183105467,110.62000274658205,110.94000244140624,0.0,3725500,0.0005301455849052337,486355466.5126437
2021-11-10,85.59089660644531,0.0,109.3000030517578,0.0,110.54000091552734,109.16000366210938,110.52999877929688,0.0,12496500,0.0005301455849052337,494092918.12173146
2021-11-11,85.59089660644531,0.0,109.3000030517578,0.0,109.69000244140624,109.27999877929688,109.5,0.0,4485300,0.0005960869272212446,494689564.3372975
2021-11-12,85.81011962890625,0.0,109.58000183105467,0.0,109.7300033569336,109.4000015258789,109.6999969482422,0.0,4477400,0.0007104364538310946,497264440.1542482
2021-11-15,85.58306121826172,0.0,109.29000091552734,0.0,109.76000213623048,109.19000244140624,109.51000213623048,0.0,4157800,0.0007725568605342623,499178910.87475127
2021-11-16,85.38729095458984,0.0,109.04000091552734,0.0,109.4499969482422,109.02999877929688,109.2699966430664,0.0,3689500,0.0006646177006234163,499042406.6024659
2021-11-17,85.48126983642578,0.0,109.16000366210938,0.0,109.18000030517578,108.81999969482422,109.04000091552734,0.0,4397400,0.000590518770438099,500308228.9799887
2021-11-18,85.70052337646484,0.0,109.44000244140624,0.0,109.4800033569336,109.05999755859376,109.12000274658205,0.0,6348500,0.000590518770438099,504247957.33033437
2021-11-19,85.67699432373047,0.0,109.41000366210938,0.0,109.56999969482422,109.36000061035156,109.47000122070312,0.0,6923900,0.0004548549806704419,508769010.09602624
2021-11-22,84.7921371459961,0.0,108.27999877929688,0.0,109.3000030517578,108.2300033569336,109.13999938964844,0.0,6330400,0.0004548549806704419,511951362.62105304
2021-11-23,84.25962829589844,0.0,107.5999984741211,0.0,108.06999969482422,107.5199966430664,107.94000244140624,0.0,7929400,0.0004548549806704419,516946959.0276204
2021-11-24,84.39275360107422,0.0,107.7699966430664,0.0,107.83999633789062,107.54000091552734,107.7300033569336,0.0,6138800,0.0005406729258932729,519770958.1777421
2021-11-26,83.45305633544922,0.0,106.56999969482422,0.0,107.33999633789062,106.16000366210938,107.0,0.0,7474000,0.0004968283754795603,523021951.6666957
2021-11-29,84.17353057861328,0.0,107.48999786376952,0.0,107.58999633789062,106.8499984741211,106.8499984741211,0.0,8511300,0.0007367119553599,528566946.8322754
2021-11-30,84.15785217285156,0.0,107.47000122070312,0.0,107.9800033569336,107.30999755859376,107.5,0.0,8287600,0.0007367119553599,533214485.5382223
2021-12-01,84.7447509765625,0.0,107.86000061035156,0.357,108.05999755859376,107.62000274658205,107.76000213623048,0.0,11077400,0.0008547292677143989,539786056.6003406
2021-12-02,85.24760437011719,0.0,108.5,0.0,108.5500030517578,107.86000061035156,107.86000061035156,0.0,6419400,0.0008491995025451532,542980598.246317
2021-12-03,85.35757446289062,0.0,108.63999938964844,0.0,108.86000061035156,108.0500030517578,108.38999938964844,0.0,5562500,0.0009206582969478693,546397626.3834878
2021-12-06,85.4361572265625,0.0,108.73999786376952,0.0,108.91999816894533,108.62000274658205,108.7699966430664,0.0,5079500,0.0009206582969478693,547310951.7092205
2021-12-07,85.8918685913086,0.0,109.31999969482422,0.0,109.43000030517578,108.91999816894533,109.1999969482422,0.0,5701800,0.000886183222681488,548819888.6943817
2021-12-08,85.76617431640625,0.0,109.16000366210938,0.0,109.4000015258789,108.9800033569336,109.30999755859376,0.0,5153900,0.0010029322337291031,550339879.1064489
2021-12-09,85.71113586425781,0.0,109.08999633789062,0.0,109.38999938964844,109.0500030517578,109.08999633789062,0.0,4640100,0.0011359357212663197,552473520.5254933
2021-12-10,85.72685241699219,0.0,109.11000061035156,0.0,109.4000015258789,109.01000213623048,109.2699966430664,0.0,4148900,0.0012107776901851878,551900503.6193242
2021-12-13,86.08041381835938,0.0,109.55999755859376,0.0,109.6999969482422,109.11000061035156,109.11000061035156,0.0,4684400,0.0011016208772779623,549067150.167883
2021-12-14,85.86046600341797,0.0,109.27999877929688,0.0,109.52999877929688,109.12999725341795,109.18000030517578,0.0,6808200,0.001139643738734784,549294549.1598281
2021-12-15,85.58541870117188,0.0,108.93000030517578,0.0,109.08999633789062,108.33999633789062,109.0199966430664,0.0,10297700,0.001139643738734784,553543412.414805
2021-12-16,85.67060089111328,0.0,108.66999816894533,0.368,108.87999725341795,108.58999633789062,108.79000091552734,0.0,4734900,0.0011996546761660046,551732900.8793786
2021-12-17,85.52076721191406,0.0,108.4800033569336,0.0,108.6500015258789,108.37999725341795,108.51000213623048,0.0,5209800,0.0011996546761660046,553566007.4712723
2021-12-20,85.0635757446289,0.0,107.9000015258789,0.0,108.16000366210938,107.4800033569336,108.02999877929688,0.0,6982200,0.0011996546761660046,556937454.4251094
2021-12-21,85.31581115722656,0.0,108.22000122070312,0.0,108.23999786376952,107.70999908447266,107.81999969482422,0.0,5202800,0.0013138126317451696,559536886.940281
2021-12-22,85.4104232788086,0.0,108.33999633789062,0.0,108.37999725341795,108.0500030517578,108.18000030517578,0.0,2978900,0.0013138126317451696,559865952.5899252
2021-12-23,85.53657531738281,0.0,108.5,0.0,108.56999969482422,108.22000122070312,108.41000366210938,0.0,2573300,0.0012279946865223384,558777574.575624
2021-12-27,85.85192108154297,0.0,108.9000015258789,0.0,108.91000366210938,108.20999908447266,108.23999786376952,0.0,3472600,0.0013201298563607887,559001777.1526518
2021-12-28,85.77308654785156,0.0,108.8000030517578,0.0,108.97000122070312,108.77999877929688,108.9000015258789,0.0,2277500,0.001080246276480449,558172663.6574761
2021-12-29,85.68633270263672,0.0,108.69000244140624,0.0,108.77999877929688,108.5,108.77999877929688,0.0,2931200,0.001080246276480449,552020599.5468442
2021-12-30,86.08843231201172,0.0,109.1999969482422,0.0,109.30999755859376,108.69000244140624,108.75,0.0,3857000,0.0009328343026221763,550338714.8826054
2021-12-31,85.97803497314453,0.0,109.05999755859376,0.0,109.44000244140624,109.0,109.0999984741211,0.0,2557400,0.0009441231805784381,549287369.9276757
2022-01-03,85.12664794921875,0.0,107.9800033569336,0.0,108.7300033569336,107.93000030517578,108.70999908447266,0.0,7038900,0.000872664386175722,550999039.734256
2022-01-04,85.07928466796875,0.0,107.91999816894533,0.0,108.16000366210938,107.73999786376952,108.04000091552734,0.0,5048300,0.000872664386175722,552108825.5006275
2022-01-05,84.2673110961914,0.0,106.88999938964844,0.0,107.93000030517578,106.88999938964844,107.93000030517578,0.0,7721100,0.000872664386175722,555327680.14464
2022-01-06,84.1884994506836,0.0,106.79000091552734,0.0,106.88999938964844,106.51000213623048,106.55999755859376,0.0,8509900,0.0007061039837540836,559526082.3559413
2022-01-07,84.02290344238281,0.0,106.58000183105467,0.0,106.70999908447266,106.26000213623048,106.61000061035156,0.0,6154800,0.0006171982104316596,561815521.3501643
2022-01-10,83.73914337158203,0.0,106.22000122070312,0.0,106.25,105.58999633789062,106.0,0.0,7931400,0.0004863381410268215,563901134.5030527
2022-01-11,83.91254425048828,0.0,106.44000244140624,0.0,106.44000244140624,105.81999969482422,106.12999725341795,0.0,7766000,0.0005304211854798773,567467512.7467685
2022-01-12,83.73914337158203,0.0,106.22000122070312,0.0,106.5500030517578,106.12999725341795,106.43000030517578,0.0,5497000,0.00041617552562358314,568341564.3363953
2022-01-13,83.4552993774414,0.0,105.86000061035156,0.0,106.05999755859376,105.6999969482422,105.9499969482422,0.0,7146100,0.00041617552562358314,571940958.3868845
2022-01-14,82.72216033935547,0.0,104.93000030517578,0.0,105.33999633789062,104.87999725341795,105.33999633789062,0.0,8349900,0.0003561645881923625,574563442.7188631
2022-01-18,81.95743560791016,0.0,103.95999908447266,0.0,104.37000274658205,103.66000366210938,104.30999755859376,0.0,9744600,0.0003561645881923625,577916678.119617
2022-01-19,82.50926208496094,0.0,104.66000366210938,0.0,105.04000091552734,104.4800033569336,104.83999633789062,0.0,9557500,0.0004073920776647332,582150999.537586
2022-01-20,82.80098724365234,0.0,105.02999877929688,0.0,105.4000015258789,104.9000015258789,105.08999633789062,0.0,7904600,0.000374633598287424,586170555.2833436
2022-01-21,83.24243927001953,0.0,105.58999633789062,0.0,105.83999633789062,105.38999938964844,105.72000122070312,0.0,8765600,0.00048094273018657206,591256182.1138412
2022-01-24,82.68270874023438,0.0,104.87999725341795,0.0,105.1500015258789,104.45999908447266,105.12000274658205,0.0,14850600,0.00048094273018657206,600678605.0681341
2022-01-25,82.80886840820312,0.0,105.04000091552734,0.0,105.08999633789062,104.6999969482422,104.88999938964844,0.0,6197500,0.000506777421366944,602001840.8021412
2022-01-26,82.375244140625,0.0,104.48999786376952,0.0,105.79000091552734,104.43000030517578,105.44000244140624,0.0,10195900,0.0005699799573010536,607094654.3046255
2022-01-27,82.84039306640625,0.0,105.08000183105467,0.0,105.5500030517578,104.83999633789062,105.3000030517578,0.0,7410800,0.0007709659796473159,610673342.6036713
2022-01-28,83.10054016113281,0.0,105.41000366210938,0.0,105.51000213623048,104.7699966430664,105.01000213623048,0.0,7223200,0.0010527287241837847,610751689.4137731
2022-01-31,83.07688903808594,0.0,105.37999725341795,0.0,105.4800033569336,105.04000091552734,105.08000183105467,0.0,4809900,0.001179984759065659,608838398.6114138
2022-02-01,83.29289245605469,0.0,105.27999877929688,0.373,105.27999877929688,104.76000213623048,105.27999877929688,0.0,5899800,0.0012501329560205554,611086460.7963562
2022-02-02,83.6726303100586,0.0,105.76000213623048,0.0,105.83000183105467,105.5199966430664,105.62999725341795,0.0,7244800,0.0012501329560205554,613893088.7371305
2022-02-03,82.95267486572266,0.0,104.8499984741211,0.0,105.20999908447266,104.79000091552734,105.12000274658205,0.0,6752600,0.0012866875530652326,617979256.545748
2022-02-04,82.55712890625,0.0,104.3499984741211,0.0,104.56999969482422,104.08999633789062,104.38999938964844,0.0,9835900,0.0012866875530652326,620422425.3383455
2022-02-07,82.462158203125,0.0,104.2300033569336,0.0,104.37000274658205,103.98999786376952,104.11000061035156,0.0,5035500,0.0012799311680049893,620276189.5028917
2022-02-08,82.24856567382812,0.0,103.95999908447266,0.0,104.0,103.77999877929688,103.95999908447266,0.0,6037700,0.0013385474773466625,622749305.6484222
2022-02-09,82.54129028320312,0.0,104.33000183105467,0.0,104.47000122070312,104.19000244140624,104.29000091552734,0.0,5457700,0.0012753460757637593,623640333.7872521
2022-02-10,81.45740509033203,0.0,102.95999908447266,0.0,104.13999938964844,102.87999725341795,103.87000274658205,0.0,9866500,0.0012539858485730107,629611845.809549
2022-02-11,80.98271942138672,0.0,102.36000061035156,0.0,103.4000015258789,101.8499984741211,103.19000244140624,0.0,11060200,0.0012539858485730107,635372644.5385524
2022-02-14,81.29126739501953,0.0,102.75,0.0,102.97000122070312,102.36000061035156,102.6999969482422,0.0,11158600,0.00138998704272583,642600864.6313016
2022-02-15,81.59979248046875,0.0,103.13999938964844,0.0,103.37000274658205,103.0,103.23999786376952,0.0,7384300,0.00138998704272583,645790002.6022593
2022-02-16,81.83718872070312,0.0,103.44000244140624,0.0,103.51000213623048,103.04000091552734,103.36000061035156,0.0,5539500,0.0014419262254207412,648234944.9032072
2022-02-17,81.45740509033203,0.0,102.95999908447266,0.0,103.30999755859376,102.8000030517578,103.18000030517578,0.0,10384200,0.001493261240601338,655090678.6538866
2022-02-18,81.48904418945312,0.0,103.0,0.0,103.22000122070312,102.69000244140624,103.06999969482422,0.0,7250700,0.0015223181376451689,657074231.4059787
2022-02-22,80.46053314208984,0.0,101.6999969482422,0.0,102.5500030517578,101.47000122070312,102.31999969482422,0.0,16308300,0.0015223181376451689,667285584.2895266
2022-02-23,79.10768127441406,0.0,99.98999786376952,0.0,101.54000091552734,99.98999786376952,101.44000244140624,0.0,14922100,0.0014043482766263465,677344840.0230832
2022-02-24,78.30859375,0.0,98.9800033569336,0.0,99.0500030517578,96.86000061035156,97.18000030517578,0.0,21996200,0.0013411457406922371,693120283.3186558
2022-02-25,79.25006103515625,0.0,100.16999816894533,0.0,100.98999786376952,99.77999877929688,100.8000030517578,0.0,15088800,0.0011401597183459747,702907346.452271
2022-02-28,78.4826431274414,0.0,99.1999969482422,0.0,99.56999969482422,97.91999816894533,97.94000244140624,0.0,11971600,0.0008583969738095059,707878435.7246157
2022-03-01,77.27257537841797,0.0,97.31999969482422,0.356,100.5199966430664,96.93000030517578,97.87000274658205,0.0,15640900,0.001161079272270758,717956292.4438537
2022-03-02,77.10586547851562,0.0,97.11000061035156,0.0,98.6999969482422,96.75,97.5999984741211,0.0,15469300,0.00148396759997171,725031550.5210695
2022-03-03,76.77236938476562,0.0,96.69000244140624,0.0,97.83000183105467,96.41000366210938,97.01000213623048,0.0,9996600,0.0016364315095590484,727529031.3361758
2022-03-04,75.12088775634766,0.0,94.61000061035156,0.0,95.80999755859376,94.27999877929688,95.77999877929688,0.0,9520700,0.001599876912514371,731295880.3945754
2022-03-07,74.53328704833984,0.0,93.87000274658205,0.0,94.5999984741211,93.68000030517578,94.5999984741211,0.0,6372900,0.001599876912514371,732024723.117895
2022-03-08,75.18436431884766,0.0,94.69000244140624,0.0,95.87000274658205,94.0,94.0,0.0,10283000,0.001594165726755167,736619082.7408926
2022-03-09,75.91484069824219,0.0,95.61000061035156,0.0,96.2699966430664,95.26000213623048,95.66999816894533,0.0,10222200,0.0018485988117033288,741467373.8458785
2022-03-10,76.0260009765625,0.0,95.75,0.0,95.87000274658205,94.95999908447266,95.26000213623048,0.0,7325500,0.0019111928967658113,743101533.493926
2022-03-11,75.43846130371094,0.0,95.01000213623048,0.0,95.88999938964844,94.8000030517578,95.77999877929688,0.0,5711300,0.002328359420075099,744598259.7670661
2022-03-14,75.27962493896484,0.0,94.80999755859376,0.0,95.33999633789062,94.5,95.13999938964844,0.0,5511300,0.002328359420075099,745724167.4596757
2022-03-15,75.73221588134766,0.0,95.37999725341795,0.0,95.5199966430664,94.95999908447266,95.0500030517578,0.0,7626000,0.002369299495864413,749600015.3893425
2022-03-16,77.2805404663086,0.0,97.33000183105467,0.0,97.41000366210938,95.29000091552734,96.3000030517578,0.0,13249500,0.002369299495864413,757957654.7485533
2022-03-17,77.7728271484375,0.0,97.9499969482422,0.0,98.41000366210938,96.75,96.97000122070312,0.0,8794700,0.002266132823697131,761081601.1832888
2022-03-18,77.45520782470703,0.0,97.5500030517578,0.0,97.91000366210938,97.23999786376952,97.37999725341795,0.0,6990100,0.0022942408124259784,762419720.4398928
2022-03-21,76.09742736816406,0.0,95.83999633789062,0.0,97.12999725341795,95.7300033569336,96.91999816894533,0.0,7045800,0.0021588747834829997,760623390.671394
2022-03-22,75.96251678466797,0.0,95.66999816894533,0.0,95.95999908447266,95.56999969482422,95.80999755859376,0.0,7197500,0.0021588747834829997,762865201.956976
2022-03-23,76.0260009765625,0.0,95.75,0.0,96.0199966430664,95.4499969482422,95.5199966430664,0.0,6127700,0.0023109152732092787,763077340.689862
2022-03-24,76.32775115966797,0.0,96.12999725341795,0.0,96.18000030517578,95.36000061035156,95.73999786376952,0.0,6757200,0.0025362381309318627,760784592.4722944
2022-03-25,76.15304565429688,0.0,95.91000366210938,0.0,95.98999786376952,95.43000030517578,95.9800033569336,0.0,4222800,0.0027539260368216823,758772529.0038215
2022-03-28,76.8914566040039,0.0,96.83999633789062,0.0,96.86000061035156,96.18000030517578,96.30999755859376,0.0,8095700,0.0027539260368216823,760085675.3128657
2022-03-29,77.64576721191406,0.0,97.79000091552734,0.0,98.08000183105467,97.55999755859376,97.61000061035156,0.0,9243600,0.002312698825522294,761984536.4571102
2022-03-30,77.70137786865234,0.0,97.86000061035156,0.0,97.9800033569336,97.29000091552734,97.29000091552734,0.0,4751900,0.0020109262438189933,760528501.9024562
2022-03-31,77.62195587158203,0.0,97.76000213623048,0.0,98.1999969482422,97.63999938964844,97.8499984741211,0.0,5240700,0.0018584623342316551,759455953.3592649
2022-04-01,77.90335083007812,0.0,97.7300033569336,0.383,98.0,96.76000213623048,96.98999786376952,0.0,8681300,0.0018584623342316551,758881768.3644128
2022-04-04,78.20626831054688,0.0,98.11000061035156,0.0,98.31999969482422,97.56999969482422,97.69000244140624,0.0,5114000,0.0018584623342316551,752859794.0218245
2022-04-05,76.94678497314453,0.0,96.52999877929688,0.0,97.72000122070312,96.38999938964844,97.5,0.0,7746100,0.00182683219083631,752954176.4260308
2022-04-06,76.71562957763672,0.0,96.23999786376952,0.0,96.68000030517578,95.5999984741211,95.77999877929688,0.0,7718500,0.0015038595547164344,750936845.660249
2022-04-07,76.492431640625,0.0,95.95999908447266,0.0,96.25,95.6999969482422,96.0199966430664,0.0,4554800,0.0016075179395178285,749525028.2344637
2022-04-08,75.83080291748047,0.0,95.12999725341795,0.0,95.62000274658205,95.05999755859376,95.56999969482422,0.0,5904700,0.0011903514162085408,750385065.8228556
2022-04-11,74.93004608154297,0.0,94.0,0.0,94.5199966430664,93.88999938964844,94.51000213623048,0.0,6380400,0.0011903514162085408,753424184.6236819
2022-04-12,75.20906066894531,0.0,94.3499984741211,0.0,94.9000015258789,94.26000213623048,94.69000244140624,0.0,5625300,0.0012030155472021722,752945811.2755488
2022-04-13,75.40035247802734,0.0,94.58999633789062,0.0,94.93000030517578,94.38999938964844,94.4800033569336,0.0,4503100,0.0014547369472242904,750908431.9685739
2022-04-14,74.6988754272461,0.0,93.70999908447266,0.0,94.5500030517578,93.6500015258789,94.4499969482422,0.0,6758600,0.0014547369472242904,750240537.2362591
2022-04-18,74.6590576171875,0.0,93.66000366210938,0.0,94.11000061035156,93.5500030517578,93.81999969482422,0.0,2539000,0.0013712696785022928,746689204.7473363
2022-04-19,74.36408233642578,0.0,93.29000091552734,0.0,93.58000183105467,93.18000030517578,93.29000091552734,0.0,4402100,0.0013712696785022928,744423655.8105832
2022-04-20,74.87427520751953,0.0,93.93000030517578,0.0,94.01000213623048,93.56999969482422,93.76000213623048,0.0,3247600,0.0014289632056058883,741669437.0622786
2022-04-21,74.19669342041016,0.0,93.08000183105467,0.0,93.86000061035156,92.88999938964844,93.83999633789062,0.0,5492200,0.0012961794537330014,742015814.983162
2022-04-22,73.40755462646484,0.0,92.08999633789062,0.0,93.16999816894533,91.37000274658205,92.98999786376952,0.0,8558800,0.0010708565960104177,741272776.2994676
2022-04-25,74.2684555053711,0.0,93.16999816894533,0.0,93.29000091552734,92.1500015258789,92.1500015258789,0.0,9107500,0.00120465112425228,742712631.667007
2022-04-26,73.75827026367188,0.0,92.52999877929688,0.0,93.23999786376952,92.52999877929688,93.23999786376952,0.0,5247000,0.0014680892339421817,742553807.6073843
2022-04-27,73.55897521972656,0.0,92.27999877929688,0.0,92.6999969482422,92.18000030517578,92.33999633789062,0.0,5571400,0.0014680892339421817,743547294.0540495
2022-04-28,73.69448852539062,0.0,92.4499969482422,0.0,92.54000091552734,91.77999877929688,92.1500015258789,0.0,4298700,0.0013778429649543833,740179704.3540591
2022-04-29,72.44300842285156,0.0,90.87999725341795,0.0,91.91999816894533,90.79000091552734,91.63999938964844,0.0,8270000,0.0015632436105827746,740447926.4919887
2022-05-02,72.04603576660156,0.0,90.0199966430664,0.364,90.63999938964844,89.58999633789062,90.5999984741211,0.0,6916200,0.0015632436105827746,739674363.7204186
2022-05-03,72.35018920898438,0.0,90.4000015258789,0.0,90.7300033569336,90.36000061035156,90.54000091552734,0.0,5186200,0.0016478489413189173,735437764.0466055
2022-05-04,73.5906753540039,0.0,91.9499969482422,0.0,92.05999755859376,90.22000122070312,90.5199966430664,0.0,9656000,0.0016972679426862564,739449761.1968449
2022-05-05,72.4862289428711,0.0,90.56999969482422,0.0,91.04000091552734,89.91000366210938,91.04000091552734,0.0,9182500,0.0021180387896504527,741346396.425108
2022-05-06,71.50984191894531,0.0,89.3499984741211,0.0,90.02999877929688,89.16000366210938,89.81999969482422,0.0,6780900,0.0020672612594524993,740533466.3886782
2022-05-09,70.87754821777344,0.0,88.55999755859375,0.0,89.0,88.22000122070312,88.87000274658203,0.0,7282100,0.0020672612594524993,737950807.6973567
2022-05-10,71.22972106933594,0.0,89.0,0.0,89.43000030517578,88.87999725341797,89.19000244140625,0.0,6853800,0.0021546642087445765,737629180.529325
2022-05-11,71.5418472290039,0.0,89.38999938964844,0.0,89.76000213623047,88.58000183105469,88.91000366210938,0.0,7871400,0.0021301071765771123,739933878.8469224
2022-05-12,71.58983612060547,0.0,89.44999694824219,0.0,89.5999984741211,89.0,89.12999725341797,0.0,5886400,0.00207248813058426,733272537.369937
2022-05-13,71.46981048583984,0.0,89.30000305175781,0.0,89.87999725341797,89.08000183105469,89.5199966430664,0.0,5150200,0.002234815022520084,733031819.6876284
2022-05-16,71.08564758300781,0.0,88.81999969482422,0.0,89.47000122070312,88.7699966430664,89.25,0.0,4832700,0.002157439811130782,732544572.9600633
2022-05-17,71.34176635742188,0.0,89.13999938964844,0.0,89.33000183105469,88.9000015258789,89.11000061035156,0.0,4366000,0.0023223296166111794,732026948.1309255
2022-05-18,70.88557434082031,0.0,88.56999969482422,0.0,89.06999969482422,88.5199966430664,88.95999908447266,0.0,4977500,0.002264636089507584,732332932.973014
2022-05-19,71.26972961425781,0.0,89.05000305175781,0.0,89.3499984741211,88.5999984741211,88.70999908447266,0.0,5067200,0.0024223182046504313,732104472.459999
2022-05-20,71.7339096069336,0.0,89.62999725341797,0.0,89.69999694824219,89.0199966430664,89.30000305175781,0.0,3836000,0.0024223182046504313,729319082.0946406
2022-05-23,71.78194427490234,0.0,89.69000244140625,0.0,89.94999694824219,89.4800033569336,89.66999816894531,0.0,3635900,0.0020708357705187495,725894954.7575027
2022-05-24,72.40617370605469,0.0,90.47000122070312,0.0,90.48999786376952,89.6500015258789,89.69000244140625,0.0,4470900,0.0018073976608288477,723665007.330401
2022-05-25,73.04649353027344,0.0,91.2699966430664,0.0,91.37000274658205,90.55999755859376,90.61000061035156,0.0,6416700,0.0018073976608288477,721541584.7872174
2022-05-26,73.28654479980469,0.0,91.56999969482422,0.0,91.76000213623048,91.19000244140624,91.2300033569336,0.0,4621300,0.0018063799868640977,719649473.5506876
2022-05-27,73.40660858154297,0.0,91.72000122070312,0.0,92.62000274658205,91.5500030517578,92.04000091552734,0.0,6038200,0.0016209793412357068,717723438.103479
2022-05-31,73.03044891357422,0.0,91.25,0.0,91.6500015258789,91.01000213623048,91.62000274658205,0.0,7140700,0.0016209793412357068,715633829.0255592
2022-06-01,72.89789581298828,0.0,90.75,0.335,91.44000244140624,90.33999633789062,91.36000061035156,0.0,6394200,0.001536374010499564,713170378.7706648
2022-06-02,73.60479736328125,0.0,91.62999725341795,0.0,91.75,90.55999755859376,91.1500015258789,0.0,5463100,0.0017663618262163578,707660660.2566493
2022-06-03,73.10675811767578,0.0,91.01000213623048,0.0,91.22000122070312,90.68000030517578,90.7300033569336,0.0,5257500,0.001499584910897341,705930344.2743574
2022-06-06,72.14285278320312,0.0,89.80999755859375,0.0,90.91999816894533,89.7699966430664,90.91999816894533,0.0,5603500,0.0013841099712314168,705128283.3593944
2022-06-07,72.56857299804688,0.0,90.33999633789062,0.0,90.47000122070312,89.87999725341797,89.9000015258789,0.0,4521000,0.0015754884030137859,703986079.4252244
2022-06-08,71.85363006591797,0.0,89.44999694824219,0.0,90.05000305175781,89.41000366210938,89.93000030517578,0.0,5419800,0.0016226141737313263,702886716.8791938
2022-06-09,71.25921630859375,0.0,88.70999908447266,0.0,89.33000183105469,88.62000274658203,89.20999908447266,0.0,6635200,0.0014575658049630256,703093136.2684885
2022-06-10,70.06233978271484,0.0,87.22000122070312,0.0,88.29000091552734,87.16999816894531,88.16999816894531,0.0,9099400,0.0012634634509337602,705374574.2613474
2022-06-13,68.20674133300781,0.0,84.91000366210938,0.0,85.88999938964844,84.31999969482422,85.66999816894531,0.0,11596600,0.0011011365589979358,709596644.6338532
2022-06-14,68.17459869384766,0.0,84.87000274658203,0.0,85.93000030517578,84.43000030517578,85.79000091552734,0.0,9132200,0.001896626332924746,711674636.5903522
2022-06-15,70.2149429321289,0.0,87.41000366210938,0.0,87.54000091552734,84.94999694824219,86.05000305175781,0.0,10108900,0.0017317365274443484,712782723.0850401
2022-06-16,68.65657806396484,0.0,85.47000122070312,0.0,85.7699966430664,84.75,85.29000091552734,0.0,10930700,0.001998776206772873,711294774.49933
2022-06-17,69.02608489990234,0.0,85.93000030517578,0.0,86.22000122070312,85.25,85.93000030517578,0.0,7681200,0.0018218373537766334,712449567.7057902
2022-06-21,68.82527160644531,0.0,85.68000030517578,0.0,86.29000091552734,85.55999755859375,85.69999694824219,0.0,6653800,0.0020660548692299197,712488761.868819
2022-06-22,68.92970275878906,0.0,85.80999755859375,0.0,86.19999694824219,85.75,85.77999877929688,0.0,4419200,0.0022453224059117037,709519175.7621281
2022-06-23,69.3875732421875,0.0,86.37999725341797,0.0,86.4800033569336,86.05999755859375,86.20999908447266,0.0,6705000,0.002435540055217342,709647198.4544542
2022-06-24,69.47591400146484,0.0,86.48999786376953,0.0,86.95999908447266,86.30999755859375,86.37000274658203,0.0,2827100,0.002435540055217342,709026419.5486584
2022-06-27,68.52806854248047,0.0,85.30999755859375,0.0,86.29000091552734,85.27999877929688,86.19999694824219,0.0,7757100,0.002435540055217342,712062571.3904184
2022-06-28,68.00592803955078,0.0,84.66000366210938,0.0,85.33999633789062,84.44999694824219,85.16999816894531,0.0,5845000,0.002435540055217342,712988536.2801507
2022-06-29,68.25494384765625,0.0,84.97000122070312,0.0,85.02999877929688,84.06999969482422,84.58000183105469,0.0,5625600,0.002491138263396658,714815641.2953634
2022-06-30,68.53610229492188,0.0,85.31999969482422,0.0,85.47000122070312,84.27999877929688,84.70999908447266,0.0,5880200,0.002675356478985102,716268867.7005162
2022-07-01,69.4968490600586,0.0,86.1500015258789,0.361,86.3499984741211,85.68000030517578,85.68000030517578,0.0,6095200,0.0023959496619009686,717093606.5979065
2022-07-05,68.94831085205078,0.0,85.47000122070312,0.0,85.51000213623047,85.0,85.22000122070312,0.0,4720100,0.0024276046680545395,718081836.082077
2022-07-06,68.39167785644531,0.0,84.77999877929688,0.0,85.33000183105469,84.68000030517578,85.12000274658203,0.0,5243200,0.002620344326010828,715577534.8437476
2022-07-07,68.5933609008789,0.0,85.02999877929688,0.0,85.29000091552734,84.91000366210938,84.97000122070312,0.0,5542500,0.002575237122362605,714993933.5856363
2022-07-08,68.27070617675781,0.0,84.62999725341797,0.0,84.83000183105469,84.22000122070312,84.83000183105469,0.0,3599100,0.0024407084023529875,710861262.5445836
2022-07-11,67.69795989990234,0.0,83.91999816894531,0.0,84.58000183105469,83.54000091552734,84.37999725341797,0.0,9389500,0.0024407084023529875,709902489.4812206
2022-07-12,67.50431060791016,0.0,83.68000030517578,0.0,83.77999877929688,83.37000274658203,83.41000366210938,0.0,7325900,0.0025101070260080374,709561638.044442
2022-07-13,67.23002624511719,0.0,83.33999633789062,0.0,83.41000366210938,82.26000213623047,82.37000274658203,0.0,11472300,0.0025101070260080374,710463448.5389285
2022-07-14,66.05227661132812,0.0,81.87999725341797,0.0,82.54000091552734,81.87000274658203,82.37000274658203,0.0,10206900,0.0019772809348261753,710535892.0707219
2022-07-15,66.71376037597656,0.0,82.69999694824219,0.0,82.95999908447266,82.37000274658203,82.55999755859375,0.0,6155800,0.0023045733818783123,709942188.0588471
2022-07-18,66.74605560302734,0.0,82.73999786376953,0.0,83.5199966430664,82.5999984741211,83.13999938964844,0.0,7826400,0.0020375337025497877,709077665.5899532
2022-07-19,67.72211456298828,0.0,83.94999694824219,0.0,83.9800033569336,82.93000030517578,82.9800033569336,0.0,6148300,0.002336930195540122,706220481.1192286
2022-07-20,68.25457000732422,0.0,84.61000061035156,0.0,84.66000366210938,84.08000183105469,84.19000244140625,0.0,6210000,0.0020927126800868354,702350477.1248772
2022-07-21,68.63371276855469,0.0,85.08000183105469,0.0,85.13999938964844,84.7300033569336,84.73999786376953,0.0,7452400,0.0019134451434050515,699443828.0823783
2022-07-22,69.38391876220703,0.0,86.01000213623047,0.0,86.01000213623047,85.38999938964844,85.38999938964844,0.0,5028700,0.0017232274940994136,696287465.9346929
2022-07-25,69.43230438232422,0.0,86.06999969482422,0.0,86.1500015258789,85.63999938964844,85.63999938964844,0.0,5464100,0.0017833605919606488,692674254.9301934
2022-07-26,68.78697204589844,0.0,85.2699966430664,0.0,85.83000183105469,85.16000366210938,85.73999786376953,0.0,6867700,0.0019126030338294114,684960587.221733
2022-07-27,69.8276138305664,0.0,86.55999755859375,0.0,86.69000244140625,85.31999969482422,85.4000015258789,0.0,5732300,0.0019767730077302472,683732035.3830913
2022-07-28,70.73113250732422,0.0,87.68000030517578,0.0,87.80999755859375,86.83999633789062,86.93000030517578,0.0,6680000,0.0019211747995509312,679925153.1038799
2022-07-29,71.00538635253906,0.0,88.0199966430664,0.0,88.3499984741211,87.69999694824219,87.70999908447266,0.0,6618000,0.0017369565839624877,678367926.5976436
2022-08-01,71.32611846923828,0.0,88.06999969482422,0.346,88.25,87.4800033569336,87.68000030517578,0.0,4347000,0.0019257268128247314,675363503.980352
2022-08-02,70.28946685791016,0.0,86.79000091552734,0.0,87.70999908447266,86.79000091552734,87.62000274658203,0.0,6272500,0.0018770292359949936,675661305.8212522
2022-08-03,71.6419448852539,0.0,88.45999908447266,0.0,88.52999877929688,87.0199966430664,87.12000274658203,0.0,4489400,0.0020425239179645118,673883539.020393
2022-08-04,71.79583740234375,0.0,88.6500015258789,0.0,88.98999786376953,88.4800033569336,88.61000061035156,0.0,6175700,0.0018962526898303653,672147552.9167962
2022-08-05,71.65006256103516,0.0,88.47000122070312,0.0,88.47000122070312,87.5999984741211,87.70999908447266,0.0,5134400,0.0018962526898303653,670133507.4768853
2022-08-08,72.71098327636719,0.0,89.77999877929688,0.0,89.8499984741211,89.0,89.01000213623047,0.0,7124400,0.0018962526898303653,667064082.6618981
2022-08-09,71.49615478515625,0.0,88.27999877929688,0.0,89.25,88.26000213623047,89.16000366210938,0.0,6196200,0.0021572545525633305,667239879.0629493
2022-08-10,72.7757797241211,0.0,89.86000061035156,0.0,90.16999816894533,88.87000274658203,89.19999694824219,0.0,8858600,0.0025849344989039356,668576026.0068742
2022-08-11,72.47610473632812,0.0,89.48999786376953,0.0,90.70999908447266,89.29000091552734,90.5,0.0,10298400,0.0024370579482590957,671371279.522802
2022-08-12,73.02685546875,0.0,90.16999816894533,0.0,90.2300033569336,89.43000030517578,89.55000305175781,0.0,6929200,0.002392215405598151,668267716.98586
2022-08-15,72.88917541503906,0.0,90.0,0.0,90.51000213623048,89.68000030517578,89.76000213623047,0.0,11595900,0.002489907105719391,667565406.8370456
2022-08-16,72.25746154785156,0.0,89.22000122070312,0.0,89.5,88.88999938964844,89.22000122070312,0.0,9588300,0.002190510612729057,665255263.8823191
2022-08-17,71.4637680053711,0.0,88.23999786376953,0.0,88.44000244140625,87.62999725341797,88.30999755859375,0.0,7841700,0.002190510612729057,664702366.2137107
2022-08-18,71.3827896118164,0.0,88.13999938964844,0.0,88.30999755859375,87.87999725341797,88.30000305175781,0.0,4122100,0.002337119119148168,663038207.4673607
2022-08-19,70.29755401611328,0.0,86.80000305175781,0.0,87.55000305175781,86.77999877929688,87.41999816894531,0.0,6266700,0.002337119119148168,658869892.8374517
2022-08-22,69.77922821044922,0.0,86.16000366210938,0.0,86.37999725341797,86.0,86.37000274658203,0.0,5196500,0.0022769860212869327,656496149.6551514
2022-08-23,70.51620483398438,0.0,87.06999969482422,0.0,87.44000244140625,86.5199966430664,86.6500015258789,0.0,5325700,0.00214774357941817,647013249.9499427
2022-08-24,70.4514389038086,0.0,86.98999786376953,0.0,87.38999938964844,86.87000274658203,87.23999786376953,0.0,3069300,0.002272792193149869,637290532.9128023
2022-08-25,71.196533203125,0.0,87.91000366210938,0.0,87.91000366210938,86.87999725341797,87.31999969482422,0.0,3939900,0.002430907567663068,622760157.3063624
2022-08-26,70.08699035644531,0.0,86.54000091552734,0.0,87.93000030517578,86.54000091552734,87.75,0.0,4766200,0.002899870854606782,614038108.7666163
2022-08-29,69.66584014892578,0.0,86.0199966430664,0.0,86.37999725341797,85.88999938964844,86.37999725341797,0.0,4392200,0.0027111006257445384,607611397.2252679
2022-08-30,69.64154052734375,0.0,85.98999786376953,0.0,86.43000030517578,85.5199966430664,86.36000061035156,0.0,4848200,0.0027469904530407186,598839368.0539691
2022-08-31,69.08275604248047,0.0,85.30000305175781,0.0,85.87999725341797,85.26000213623047,85.75,0.0,4062600,0.002446898646812057,589667273.291718
2022-09-01,68.91365051269531,0.0,84.77999877929688,0.312,84.8499984741211,84.23999786376953,84.5,0.0,8189300,0.002446898646812057,587506301.5901111
2022-09-02,69.15752410888672,0.0,85.08000183105469,0.0,85.93000030517578,84.62000274658203,85.22000122070312,0.0,7373700,0.002446898646812057,585336468.0717832
2022-09-06,68.52349853515625,0.0,84.30000305175781,0.0,85.05000305175781,84.18000030517578,84.88999938964844,0.0,7778300,0.002446898646812057,585792710.7164959
2022-09-07,69.56394958496094,0.0,85.58000183105469,0.0,85.61000061035156,84.41999816894531,84.61000061035156,0.0,7897800,0.002350933282482671,583429190.425673
2022-09-08,69.58832550048828,0.0,85.61000061035156,0.0,85.80000305175781,85.18000030517578,85.37000274658203,0.0,5656300,0.0019232533361420653,579515629.300381
2022-09-09,70.01103210449219,0.0,86.12999725341797,0.0,86.37999725341797,85.79000091552734,85.79000091552734,0.0,7071000,0.001808466204041958,578782364.1065627
2022-09-12,69.98658752441406,0.0,86.0999984741211,0.0,86.70999908447266,86.06999969482422,86.51000213623047,0.0,4478500,0.0015260162996507654,577536080.1221635
2022-09-13,68.91365051269531,0.0,84.77999877929688,0.0,85.29000091552734,84.70999908447266,84.91999816894531,0.0,6781300,0.0014283245995295258,577951891.7584919
2022-09-14,68.86489868164062,0.0,84.72000122070312,0.0,85.12999725341797,84.55000305175781,84.61000061035156,0.0,5210000,0.0015423867611435152,575682235.7847244
2022-09-15,68.8161392211914,0.0,84.66000366210938,0.0,85.2699966430664,84.48999786376953,84.76000213623047,0.0,6520100,0.0018156752609799938,569828409.0435876
2022-09-16,68.44221496582031,0.0,84.19999694824219,0.0,84.52999877929688,83.87999725341797,83.95999908447266,0.0,5536100,0.0016690667545608828,566691097.6542579
2022-09-19,68.68606567382812,0.0,84.5,0.0,84.5199966430664,83.9800033569336,84.01000213623047,0.0,4833500,0.0019483984499137311,564520831.5722572
2022-09-20,68.05200958251953,0.0,83.72000122070312,0.0,83.94000244140625,83.48999786376953,83.77999877929688,0.0,4509000,0.0021817124500891323,562157530.296913
2022-09-21,67.85694122314453,0.0,83.4800033569336,0.0,84.23999786376953,83.11000061035156,83.88999938964844,0.0,7387000,0.0023061052164581354,561586752.3046645
2022-09-22,67.40174865722656,0.0,82.91999816894531,0.0,83.45999908447266,82.61000061035156,83.45999908447266,0.0,7297100,0.0021168866288256,561732373.2859234
2022-09-23,66.58889770507812,0.0,81.91999816894531,0.0,82.43000030517578,81.41000366210938,82.41999816894531,0.0,9751000,0.001958771254312401,562916756.4978645
2022-09-26,65.02010345458984,0.0,79.98999786376953,0.0,81.30000305175781,79.80000305175781,80.94000244140625,0.0,11960800,0.0014898079673686866,567295610.4898059
2022-09-27,63.979618072509766,0.0,78.70999908447266,0.0,80.55000305175781,78.58999633789062,80.43000030517578,0.0,13911900,0.0014898079673686868,569764007.9335409
2022-09-28,65.51593017578125,0.0,80.5999984741211,0.0,80.6500015258789,78.80000305175781,79.01000213623047,0.0,10066800,0.0024157402600131334,569029503.2682751
2022-09-29,64.68683624267578,0.0,79.58000183105469,0.0,79.9000015258789,78.70999908447266,79.73999786376953,0.0,8970900,0.0028836352054004664,571004767.5660996
2022-09-30,64.54051208496094,0.0,79.4000015258789,0.0,80.05000305175781,79.20999908447266,80.01000213623047,0.0,11578700,0.0030600298104455316,574235068.7920706
2022-10-03,65.52132415771484,0.0,80.2300033569336,0.371,80.95999908447266,79.6500015258789,79.73999786376953,0.0,13613000,0.0031456882697444193,576169573.2171134
2022-10-04,66.75450134277344,0.0,81.73999786376953,0.0,81.93000030517578,81.33999633789062,81.66999816894531,0.0,9842100,0.0033351928519608407,578572419.9619838
2022-10-05,65.80716705322266,0.0,80.58000183105469,0.0,80.88999938964844,80.16999816894531,80.83000183105469,0.0,11026900,0.0031315353464849566,579690012.0147341
2022-10-06,65.55398559570312,0.0,80.2699966430664,0.0,80.94999694824219,80.0999984741211,80.72000122070312,0.0,8467700,0.00352717708786955,579189010.6422182
2022-10-07,64.67198944091797,0.0,79.19000244140625,0.0,79.81999969482422,79.0,79.6500015258789,0.0,6037600,0.00352717708786955,579514716.6335696
2022-10-10,64.4841537475586,0.0,78.95999908447266,0.0,79.43000030517578,78.44999694824219,79.43000030517578,0.0,2397800,0.00352717708786955,576559289.5781926
2022-10-11,64.43517303466797,0.0,78.9000015258789,0.0,79.36000061035156,78.5,78.88999938964844,0.0,9676300,0.004022485005897438,577858515.647755
2022-10-12,64.2065200805664,0.0,78.62000274658203,0.0,78.91000366210938,78.38999938964844,78.9000015258789,0.0,6756800,0.0039623592886648615,577862266.3472917
2022-10-13,64.01049041748047,0.0,78.37999725341797,0.0,78.88999938964844,77.08999633789062,77.33000183105469,0.0,9200400,0.0037705217363535977,580204957.7299997
2022-10-14,63.53681945800781,0.0,77.80000305175781,0.0,79.05999755859375,77.73999786376953,79.05999755859375,0.0,8054800,0.004173215539190165,580151902.6884836
2022-10-17,63.88801574707031,0.0,78.2300033569336,0.0,78.94000244140625,78.13999938964844,78.5,0.0,7339800,0.004239639522960822,582821663.23881
2022-10-18,64.56581115722656,0.0,79.05999755859375,0.0,79.12999725341797,78.18000030517578,78.63999938964844,0.0,9070600,0.004393799811859606,585253803.7215459
2022-10-19,63.602169036865234,0.0,77.87999725341797,0.0,78.41000366210938,77.73999786376953,78.08999633789062,0.0,8645200,0.004595001974855233,588176352.0014203
2022-10-20,62.957008361816406,0.0,77.08999633789062,0.0,78.08999633789062,76.8499984741211,77.36000061035156,0.0,6567000,0.004595001974855233,588136955.3339156
2022-10-21,63.651145935058594,0.0,77.94000244140625,0.0,77.98999786376953,76.3499984741211,76.98999786376953,0.0,10789100,0.005086540447065068,588555388.8234699
2022-10-24,63.6103401184082,0.0,77.88999938964844,0.0,78.26000213623047,77.26000213623047,77.63999938964844,0.0,7385800,0.00510247707886467,586386612.6263937
2022-10-25,64.71282196044922,0.0,79.23999786376953,0.0,79.30999755859375,78.23999786376953,78.33000183105469,0.0,9292400,0.00510247707886467,588377286.0593644
2022-10-26,65.13752746582031,0.0,79.76000213623047,0.0,80.22000122070312,79.26000213623047,79.26000213623047,0.0,7021500,0.004003703597955031,588741619.9466705
2022-10-27,65.28446960449219,0.0,79.94000244140625,0.0,80.29000091552734,79.58999633789062,79.75,0.0,6896000,0.0037161343931504933,589962663.2399604
2022-10-28,65.44782257080078,0.0,80.13999938964844,0.0,80.36000061035156,79.7699966430664,79.80999755859375,0.0,4777500,0.0037590278916757452,587036403.4764547
2022-10-31,64.43517303466797,0.0,78.9000015258789,0.0,79.66000366210938,78.73999786376953,79.66000366210938,0.0,27070100,0.003673369432376858,599046202.1313986
2022-11-01,65.67596435546875,0.0,80.02999877929688,0.382,80.08000183105469,79.26000213623047,79.69999694824219,0.0,11197900,0.0038679599360443295,602437753.206138
2022-11-02,65.17538452148438,0.0,79.41999816894531,0.0,80.91999816894531,79.29000091552734,80.02999877929688,0.0,8725500,0.004087837355901247,600891007.3608277
2022-11-03,64.94559478759766,0.0,79.13999938964844,0.0,79.33000183105469,78.23999786376953,78.5199966430664,0.0,9378500,0.003692195614516654,600181130.0757333
2022-11-04,65.98782348632812,0.0,80.41000366210938,0.0,80.54000091552734,79.63999938964844,79.87000274658203,0.0,10249600,0.003692195614516654,601913645.7017808
2022-11-07,65.96318054199219,0.0,80.37999725341797,0.0,80.66000366210938,80.0999984741211,80.66000366210938,0.0,4683100,0.003752020149536013,599782890.2011144
2022-11-08,66.42273712158203,0.0,80.94000244140625,0.0,81.30999755859375,80.43000030517578,80.55000305175781,0.0,5413800,0.003256712231508125,598419436.1155374
2022-11-09,65.52825927734375,0.0,79.8499984741211,0.0,81.29000091552734,79.48999786376953,80.66999816894531,0.0,11738800,0.0034753540256047995,600274346.5988098
2022-11-10,68.53999328613281,0.0,83.5199966430664,0.0,83.58000183105469,82.08999633789062,82.2300033569336,0.0,14982500,0.004121921871809704,606026726.6596719
2022-11-11,68.52359771728516,0.0,83.5,0.0,83.79000091552734,83.0,83.63999938964844,0.0,6558300,0.0037192280689731377,606722799.4714404
2022-11-14,67.94096374511719,0.0,82.79000091552734,0.0,83.26000213623047,82.7300033569336,82.94000244140625,0.0,9605600,0.0035641529354061515,609627618.6799246
2022-11-15,69.22113800048828,0.0,84.3499984741211,0.0,84.41000366210938,83.04000091552734,83.95999908447266,0.0,19587600,0.003233850387479368,619651656.7178333
2022-11-16,69.22113800048828,0.0,84.3499984741211,0.0,84.48999786376953,84.05000305175781,84.2699966430664,0.0,10058400,0.002908255458114739,622886330.1398262
2022-11-17,68.59745788574219,0.0,83.58999633789062,0.0,83.8499984741211,83.29000091552734,83.38999938964844,0.0,6657500,0.002925648538295994,623721776.3712202
2022-11-18,68.59745788574219,0.0,83.58999633789062,0.0,84.0199966430664,83.23999786376953,83.93000030517578,0.0,4390700,0.0026945573228608624,623905886.9065906
2022-11-21,68.60562896728516,0.0,83.5999984741211,0.0,83.98999786376953,83.43000030517578,83.93000030517578,0.0,4628300,0.0029382790535524713,624388601.137234
2022-11-22,69.31962585449219,0.0,84.47000122070312,0.0,84.4800033569336,83.9000015258789,83.91999816894531,0.0,5782300,0.0030192895501544607,625054859.5467643
2022-11-23,69.7709732055664,0.0,85.0199966430664,0.0,85.16999816894531,84.55999755859375,84.68000030517578,0.0,2946500,0.0030192895501544607,622395012.1868376
2022-11-25,70.09101867675781,0.0,85.41000366210938,0.0,85.43000030517578,84.95999908447266,84.95999908447266,0.0,1722000,0.0027808212758745204,620203770.8115714
2022-11-28,69.81201171875,0.0,85.06999969482422,0.0,85.62999725341797,84.9800033569336,85.41000366210938,0.0,5452400,0.0027488807266185444,619489579.9779619
2022-11-29,70.13203430175781,0.0,85.45999908447266,0.0,85.5999984741211,85.0999984741211,85.33000183105469,0.0,4721800,0.0029894509870383554,617520819.2531767
2022-11-30,70.92809295654297,0.0,86.43000030517578,0.0,86.58000183105469,85.29000091552734,85.45999908447266,0.0,5681500,0.0026053559011544616,616812711.290747
2022-12-01,72.3360824584961,0.0,87.80000305175781,0.339,87.86000061035156,86.3499984741211,86.52999877929688,0.0,13699700,0.0023547008647147984,622386122.9083107
2022-12-02,72.03121948242188,0.0,87.43000030517578,0.0,87.44000244140625,86.30999755859375,86.51000213623047,0.0,5625500,0.0028743694872055423,622492094.1820054
2022-12-05,70.92723083496094,0.0,86.08999633789062,0.0,86.91999816894531,85.97000122070312,86.72000122070312,0.0,6933900,0.003354729739665651,623235658.5017492
2022-12-06,70.54003143310547,0.0,85.62000274658203,0.0,86.02999877929688,85.37000274658203,85.97000122070312,0.0,6509200,0.0032949052046462915,624417329.9178956
2022-12-07,71.56163024902344,0.0,86.86000061035156,0.0,86.87999725341797,86.12999725341797,86.13999938964844,0.0,6651200,0.0032949052046462915,625154807.2401137
2022-12-08,71.42981719970703,0.0,86.69999694824219,0.0,87.18000030517578,86.54000091552734,86.86000061035156,0.0,5667700,0.0030223269661682046,624383227.7701
2022-12-09,70.93547821044922,0.0,86.0999984741211,0.0,86.7300033569336,86.0999984741211,86.36000061035156,0.0,6389800,0.002294308172438085,622450784.0490068
2022-12-12,71.19914245605469,0.0,86.41999816894531,0.0,86.62999725341797,86.16999816894531,86.55999755859375,0.0,5203800,0.0025042994612894916,618205109.7474476
2022-12-13,71.88294219970703,0.0,87.25,0.0,88.38999938964844,87.08999633789062,88.37999725341797,0.0,10831800,0.002313618915732973,619554512.2150482
2022-12-14,71.77583312988281,0.0,87.12000274658203,0.0,87.55999755859375,86.22000122070312,87.18000030517578,0.0,6368200,0.00225644717458557,616944818.6870394
2022-12-15,71.39537811279297,0.0,86.31999969482422,0.34,86.79000091552734,86.08999633789062,86.69000244140625,0.0,6104000,0.002495770121776449,613711884.844135
2022-12-16,71.02318572998047,0.0,85.87000274658203,0.0,86.06999969482422,85.58000183105469,85.95999908447266,0.0,5663900,0.0024783770415951942,612333421.274391
2022-12-19,70.63445281982422,0.0,85.4000015258789,0.0,85.77999877929688,85.33999633789062,85.72000122070312,0.0,5357500,0.002244089606974051,611440031.7675999
2022-12-20,70.27877807617188,0.0,84.97000122070312,0.0,85.2300033569336,84.75,84.93000030517578,0.0,5477500,0.001984431244482841,612124251.1364528
2022-12-21,71.19689178466797,0.0,86.08000183105469,0.0,86.18000030517578,85.63999938964844,85.75,0.0,6668600,0.0019034207478808522,612083419.5382496
2022-12-22,70.83292388916016,0.0,85.63999938964844,0.0,86.04000091552734,85.41000366210938,86.04000091552734,0.0,4473700,0.002043593906207038,613183513.128002
2022-12-23,70.45248413085938,0.0,85.18000030517578,0.0,85.4800033569336,84.9800033569336,85.37999725341797,0.0,2268000,0.002043593906207038,609464704.069513
2022-12-27,70.0306625366211,0.0,84.66999816894531,0.0,85.08000183105469,84.62999725341797,85.05999755859375,0.0,2358600,0.0018562463518926968,607122362.2939277
2022-12-28,69.77423858642578,0.0,84.36000061035156,0.0,85.11000061035156,84.27999877929688,84.83999633789062,0.0,5823400,0.001777778940257704,607227559.0295398
2022-12-29,70.31187438964844,0.0,85.01000213623047,0.0,85.12999725341797,84.62000274658203,84.95999908447266,0.0,4332000,0.0019836053729035386,606168548.4505608
2022-12-30,69.96451568603516,0.0,84.58999633789062,0.0,84.86000061035156,84.41999816894531,84.70999908447266,0.0,2465700,0.0021453048160649775,603656421.9796861
2023-01-03,70.2705307006836,0.0,84.95999908447266,0.0,85.62000274658203,84.91000366210938,85.5999984741211,0.0,6537900,0.0016256361935742334,604863033.2912142
2023-01-04,71.13070678710938,0.0,86.0,0.0,86.08999633789062,85.52999877929688,85.66999816894531,0.0,6395700,0.0014204449756881122,605700427.8182014
2023-01-05,70.48560333251953,0.0,85.22000122070312,0.0,85.37999725341797,84.87999725341797,85.16999816894531,0.0,6627500,0.0016467364125550023,606442624.56309
2023-01-06,71.73451232910156,0.0,86.7300033569336,0.0,86.75,85.2300033569336,85.3499984741211,0.0,8135400,0.0016467364125550023,609625096.3582902
2023-01-09,71.59390258789062,0.0,86.55999755859375,0.0,86.91999816894531,86.1500015258789,86.26000213623047,0.0,8375400,0.0016655108324661154,609125158.1102341
2023-01-10,71.14724731445312,0.0,86.0199966430664,0.0,86.13999938964844,85.73999786376953,86.13999938964844,0.0,8733300,0.0018023160583438668,610222040.0344182
2023-01-11,71.95783233642578,0.0,87.0,0.0,87.16999816894531,86.75,87.0,0.0,21637000,0.0015923247694924602,617573766.7011867
2023-01-12,72.80972290039062,0.0,88.02999877929688,0.0,88.16000366210938,86.66000366210938,87.41000366210938,0.0,11072000,0.0016728027332127235,618676363.5465713
2023-01-13,72.63601684570312,0.0,87.81999969482422,0.0,88.20999908447266,87.62000274658203,87.66000366210938,0.0,7729700,0.0017571327400681066,620023487.4388498
2023-01-17,72.7104721069336,0.0,87.91000366210938,0.0,88.04000091552734,87.25,87.31999969482422,0.0,7286400,0.0015534045683579668,619967861.4976004
2023-01-18,73.5706558227539,0.0,88.94999694824219,0.0,89.4800033569336,88.61000061035156,89.08000183105469,0.0,13413400,0.0015534045683579668,625340656.1232249
2023-01-19,73.3638916015625,0.0,88.69999694824219,0.0,88.83999633789062,88.27999877929688,88.62999725341797,0.0,10619900,0.0015272447462044054,628646664.0105293
2023-01-20,73.19845581054688,0.0,88.5,0.0,88.54000091552734,88.18000030517578,88.33000183105469,0.0,6131600,0.0016714832150793817,627921238.5688963
2023-01-23,73.1571044921875,0.0,88.44999694824219,0.0,88.6500015258789,88.25,88.3499984741211,0.0,4270800,0.0017645639203420823,627486585.7849605
2023-01-24,73.47969055175781,0.0,88.83999633789062,0.0,88.87000274658203,88.0199966430664,88.18000030517578,0.0,6428700,0.001746411349759566,628286828.6351582
2023-01-25,73.4300308227539,0.0,88.77999877929688,0.0,88.80000305175781,88.30999755859375,88.45999908447266,0.0,6291200,0.0019248047757248795,628071939.5270212
2023-01-26,73.4300308227539,0.0,88.77999877929688,0.0,88.80999755859375,88.20999908447266,88.5199966430664,0.0,5835000,0.002162799557394196,628245299.9942598
2023-01-27,73.28942108154297,0.0,88.61000061035156,0.0,88.75,88.2699966430664,88.2699966430664,0.0,4154600,0.0022301925050243606,626518607.188682
2023-01-30,72.35479736328125,0.0,87.4800033569336,0.0,88.25,87.4800033569336,87.91999816894531,0.0,6648700,0.002024366072378526,626511559.2564235
2023-01-31,72.7104721069336,0.0,87.91000366210938,0.0,87.97000122070312,87.5,87.69999694824219,0.0,10027600,0.0020447368956643653,630469385.1615725
2023-02-01,74.09001159667969,0.0,89.26000213623047,0.312,89.31999969482422,87.87000274658203,88.0199966430664,0.0,8472000,0.0020447368956643653,632150499.9024891
2023-02-02,74.33072662353516,0.0,89.55000305175781,0.0,89.97000122070312,89.33000183105469,89.79000091552734,0.0,14188400,0.001769567861090378,639082555.0089155
2023-02-03,73.30975341796875,0.0,88.31999969482422,0.0,88.79000091552734,88.23999786376953,88.37000274658203,0.0,9056000,0.0015432764242234872,641085333.6026691
2023-02-06,72.272216796875,0.0,87.06999969482422,0.0,87.58000183105469,87.0,87.5,0.0,8997700,0.0015432764242234872,643697947.5866894
2023-02-07,72.33860778808594,0.0,87.1500015258789,0.0,87.81999969482422,86.76000213623047,87.05999755859375,0.0,8378700,0.0017295884535052327,644416797.5428929
2023-02-08,72.2970962524414,0.0,87.0999984741211,0.0,87.23999786376953,86.66000366210938,87.1500015258789,0.0,7534900,0.0016601627670957534,645284172.5434197
2023-02-09,71.82398223876953,0.0,86.52999877929688,0.0,87.63999938964844,86.38999938964844,87.52999877929688,0.0,7788500,0.0018379856681925177,644315165.3536236
2023-02-10,71.26785278320312,0.0,85.86000061035156,0.0,86.33999633789062,85.55000305175781,86.30000305175781,0.0,10120200,0.0017575077044722544,643897043.0058192
2023-02-13,71.4670639038086,0.0,86.0999984741211,0.0,86.25,85.87000274658203,86.11000061035156,0.0,6715100,0.0017945830110036858,643526917.1997979
2023-02-14,71.50857543945312,0.0,86.1500015258789,0.0,86.37000274658203,85.72000122070312,86.19999694824219,0.0,13109600,0.0019033337913115784,644207560.5331602
2023-02-15,71.30107879638672,0.0,85.9000015258789,0.0,86.05999755859375,85.69000244140625,85.9000015258789,0.0,8657100,0.0020409534551429566,643320074.5451064
2023-02-16,70.83621215820312,0.0,85.33999633789062,0.0,85.80999755859375,85.31999969482422,85.69000244140625,0.0,8208900,0.0020409534551429566,643388296.0108984
2023-02-17,70.86112213134766,0.0,85.37000274658203,0.0,85.44000244140625,85.01000213623047,85.11000061035156,0.0,8941400,0.0018967149862679806,646562942.4479954
2023-02-21,69.79037475585938,0.0,84.08000183105469,0.0,84.75,84.01000213623047,84.69999694824219,0.0,7284700,0.0018684273010901118,647106974.2750925
2023-02-22,70.06426239013672,0.0,84.41000366210938,0.0,84.83000183105469,84.33000183105469,84.5999984741211,0.0,8897100,0.0019656410408323923,649513909.0731243
2023-02-23,71.18484497070312,0.0,85.76000213623047,0.0,85.83999633789062,85.05000305175781,85.31999969482422,0.0,7930200,0.001880097924145775,651231252.4982513
2023-02-24,70.69511413574219,0.0,85.16999816894531,0.0,85.3499984741211,84.8499984741211,85.0,0.0,5162400,0.0018465684344476214,652601754.070506
2023-02-27,71.0520248413086,0.0,85.5999984741211,0.0,85.70999908447266,85.2699966430664,85.62000274658203,0.0,6826400,0.001617072638032639,654490509.6749139
2023-02-28,70.75322723388672,0.0,85.23999786376953,0.0,85.37999725341797,84.80000305175781,85.19000244140625,0.0,5695100,0.0016706950916509835,655069742.6865835
2023-03-01,70.28546905517578,0.0,84.30000305175781,0.379,84.8499984741211,84.23999786376953,84.75,0.0,7304200,0.0016188211647439447,656958052.6313055
2023-03-02,70.02702331542969,0.0,83.98999786376953,0.0,84.08000183105469,83.5999984741211,83.70999908447266,0.0,8891400,0.0016188211647439447,659576242.7849785
2023-03-03,71.10254669189453,0.0,85.27999877929688,0.0,85.30000305175781,84.5,84.5999984741211,0.0,6299900,0.0016188211647439447,661089859.2287215
2023-03-06,70.81909942626953,0.0,84.94000244140625,0.0,85.48999786376953,84.87000274658203,85.47000122070312,0.0,4664800,0.0016500759457003713,658724297.9540023
2023-03-07,70.52729034423828,0.0,84.58999633789062,0.0,85.12999725341797,84.41999816894531,85.11000061035156,0.0,6995000,0.0016500759457003713,658441382.1990967
2023-03-08,70.19377136230469,0.0,84.19000244140625,0.0,84.98999786376953,84.08000183105469,84.58000183105469,0.0,6783900,0.0015932663550965137,657770158.7373885
2023-03-09,70.21044921875,0.0,84.20999908447266,0.0,84.69999694824219,84.0999984741211,84.41999816894531,0.0,11879300,0.001783669393779015,660345254.7982049
2023-03-10,70.86912536621094,0.0,85.0,0.0,85.18000030517578,84.63999938964844,84.87999725341797,0.0,8826200,0.0018304849447303869,662456295.699377
2023-03-13,70.75237274169922,0.0,84.86000061035156,0.0,85.6500015258789,84.7300033569336,84.75,0.0,14656800,0.0019114400756865013,667494000.8292727
2023-03-14,70.56063079833984,0.0,84.62999725341797,0.0,85.19000244140625,84.51000213623047,84.88999938964844,0.0,7247100,0.00179593973379889,669301327.8922006
2023-03-15,70.81909942626953,0.0,84.94000244140625,0.0,84.94999694824219,84.30000305175781,84.5999984741211,0.0,11381500,0.0017238310390145233,672411058.3054134
2023-03-16,70.51895904541016,0.0,84.58000183105469,0.0,85.16000366210938,84.37999725341797,85.0,0.0,7268600,0.0018078378269851473,673787145.5669161
2023-03-17,70.20211029052734,0.0,84.19999694824219,0.0,84.6500015258789,84.19000244140625,84.5999984741211,0.0,20251600,0.0018078378269851473,682939470.7123106
2023-03-20,70.21044921875,0.0,84.20999908447266,0.0,84.55999755859375,84.06999969482422,84.06999969482422,0.0,9517700,0.0019395503564007977,685600946.1502559
2023-03-21,70.710693359375,0.0,84.80999755859375,0.0,84.91999816894531,84.62000274658203,84.79000091552734,0.0,5544000,0.0019956721774216815,686091072.1539452
2023-03-22,71.32766723632812,0.0,85.55000305175781,0.0,86.05999755859375,84.62999725341797,84.77999877929688,0.0,9077600,0.0018068014517712352,689258494.5523459
2023-03-23,71.58613586425781,0.0,85.86000061035156,0.0,85.86000061035156,85.33000183105469,85.51000213623047,0.0,6410200,0.0018476361239281244,688732407.1802412
2023-03-24,71.19428253173828,0.0,85.38999938964844,0.0,85.83999633789062,85.33999633789062,85.5999984741211,0.0,4949900,0.001923203614934398,687284759.8734175
2023-03-27,70.89410400390625,0.0,85.02999877929688,0.0,85.27999877929688,84.98999786376953,85.05000305175781,0.0,4239500,0.001923203614934398,683806051.7597623
2023-03-28,70.64398956298828,0.0,84.7300033569336,0.0,85.04000091552734,84.56999969482422,85.01000213623047,0.0,11901400,0.0018695811613160533,684216062.041534
2023-03-29,70.98585510253906,0.0,85.13999938964844,0.0,85.16000366210938,84.91000366210938,84.9800033569336,0.0,6385500,0.0018280391446020053,679840314.6593064
2023-03-30,71.47773742675781,0.0,85.7300033569336,0.0,85.7699966430664,85.41000366210938,85.56999969482422,0.0,6493100,0.0018280391446020053,677818643.3907161
2023-03-31,71.93631744384766,0.0,86.27999877929688,0.0,86.4000015258789,85.80000305175781,85.83000183105469,0.0,7196100,0.0018280391446020053,677080351.8096802
2023-04-03,72.20591735839844,0.0,86.23999786376953,0.362,86.3499984741211,85.8499984741211,85.9800033569336,0.0,6277000,0.0020505786046729254,674080190.4519278
2023-04-04,72.30638885498047,0.0,86.36000061035156,0.0,86.44999694824219,86.04000091552734,86.0999984741211,0.0,4683200,0.002115793285610036,668622016.7944711
2023-04-05,72.15568542480469,0.0,86.18000030517578,0.0,86.41999816894531,85.93000030517578,86.19000244140625,0.0,4970000,0.002133900788355028,665636472.1003578
2023-04-06,72.08030700683594,0.0,86.08999633789062,0.0,86.23999786376953,86.0199966430664,86.19000244140625,0.0,3563700,0.0019421916935331498,661019418.9079648
2023-04-10,71.70357513427734,0.0,85.63999938964844,0.0,85.70999908447266,85.44999694824219,85.63999938964844,0.0,4056100,0.0017175532414850138,658381816.9313763
2023-04-11,71.77892303466797,0.0,85.7300033569336,0.0,85.9000015258789,85.66999816894531,85.8499984741211,0.0,4433000,0.0016365981105288994,657603432.3769403
2023-04-12,71.98825073242188,0.0,85.9800033569336,0.0,86.33999633789062,85.73999786376953,86.2300033569336,0.0,4639100,0.001630693139029696,659266444.6608166
2023-04-13,72.0635986328125,0.0,86.06999969482422,0.0,86.3499984741211,86.0,86.16999816894531,0.0,2987600,0.0016908763496295998,655248052.9649705
2023-04-14,71.9128646850586,0.0,85.88999938964844,0.0,86.05999755859375,85.66999816894531,85.88999938964844,0.0,4158300,0.0014692498978275972,653866598.5991281
2023-04-17,71.4523696899414,0.0,85.33999633789062,0.0,85.72000122070312,85.18000030517578,85.70999908447266,0.0,6169600,0.0014692498978275972,652322045.5410004
2023-04-18,71.43563079833984,0.0,85.31999969482422,0.0,85.5999984741211,85.23999786376953,85.23999786376953,0.0,4666100,0.001491614015753221,650508142.2552441
2023-04-19,71.09236145019531,0.0,84.91000366210938,0.0,85.08999633789062,84.87000274658203,85.0,0.0,5465800,0.0013706991746475056,649634400.3455389
2023-04-20,71.00859832763672,0.0,84.80999755859375,0.0,85.04000091552734,84.76000213623047,84.83999633789062,0.0,6161300,0.0013773874077592598,648090100.5368308
2023-04-21,71.0169906616211,0.0,84.81999969482422,0.0,85.12000274658203,84.63999938964844,85.01000213623047,0.0,2954900,0.0013513058389663457,644735707.4006641
2023-04-24,71.2095718383789,0.0,85.05000305175781,0.0,85.08999633789062,84.70999908447266,84.70999908447266,0.0,4877100,0.0012592095355569628,644009892.8287022
2023-04-25,71.64494323730469,0.0,85.56999969482422,0.0,85.68000030517578,85.20999908447266,85.20999908447266,0.0,4325800,0.0012592095355569628,640273831.1171093
2023-04-26,71.4523696899414,0.0,85.33999633789062,0.0,85.76000213623047,85.27999877929688,85.69000244140625,0.0,5070500,0.0014312026019179113,639142374.7198014
2023-04-27,71.46910858154297,0.0,85.36000061035156,0.0,85.45999908447266,85.27999877929688,85.43000030517578,0.0,3661100,0.0013887762835775928,635778737.7522242
2023-04-28,72.13056945800781,0.0,86.1500015258789,0.0,86.1500015258789,85.68000030517578,85.68000030517578,0.0,7019700,0.0013887762835775928,636133597.3610469
2023-05-01,71.41597747802734,0.0,84.94999694824219,0.35,85.56999969482422,84.81999969482422,85.37999725341797,0.0,7072300,0.001578328695132572,636526657.7307383
2023-05-02,71.7186279296875,0.0,85.30999755859375,0.0,85.41000366210938,85.04000091552734,85.11000061035156,0.0,4142900,0.0014469775672313005,636293022.3482102
2023-05-03,71.94561004638672,0.0,85.58000183105469,0.0,85.81999969482422,85.4000015258789,85.55000305175781,0.0,3694700,0.0013817628862941894,621851446.9629681
2023-05-04,71.58411407470703,0.0,85.1500015258789,0.0,85.58999633789062,85.11000061035156,85.58999633789062,0.0,6763800,0.0012153785249601969,619309936.304159
2023-05-05,71.78587341308594,0.0,85.38999938964844,0.0,85.47000122070312,85.08999633789062,85.13999938964844,0.0,4066400,0.0013081929815474366,616565894.2366585
2023-05-08,71.50005340576172,0.0,85.05000305175781,0.0,85.22000122070312,84.97000122070312,85.22000122070312,0.0,3406100,0.001414191272490728,612974420.6741091
2023-05-09,71.46642303466797,0.0,85.01000213623047,0.0,85.11000061035156,84.88999938964844,85.0,0.0,3094500,0.0014184789332790696,608521191.135025
2023-05-10,71.8615493774414,0.0,85.4800033569336,0.0,85.54000091552734,85.33999633789062,85.44999694824219,0.0,3712700,0.0014184789332790696,608052413.7011029
2023-05-11,72.08854675292969,0.0,85.75,0.0,85.87999725341797,85.5999984741211,85.76000213623047,0.0,3556600,0.0012860588616749,606995155.4850926
2023-05-12,71.63456726074219,0.0,85.20999908447266,0.0,85.66999816894531,85.18000030517578,85.58000183105469,0.0,5072200,0.0012860588616749,602986099.8919835
2023-05-15,71.32351684570312,0.0,84.83999633789062,0.0,84.94999694824219,84.79000091552734,84.83999633789062,0.0,4737000,0.0012860588616749,596244423.0106173
2023-05-16,71.04608154296875,0.0,84.51000213623047,0.0,84.73999786376953,84.47000122070312,84.68000030517578,0.0,2822800,0.0011319822143336256,593791540.3441899
2023-05-17,71.05447387695312,0.0,84.5199966430664,0.0,84.72000122070312,84.44000244140625,84.6500015258789,0.0,4034600,0.0012589360001180243,590186435.1510305
2023-05-18,70.76863098144531,0.0,84.18000030517578,0.0,84.43000030517578,84.1500015258789,84.3499984741211,0.0,4421200,0.0012218841651707665,580027408.0656142
2023-05-19,70.76026153564453,0.0,84.16999816894531,0.0,84.45999908447266,84.1500015258789,84.30999755859375,0.0,4407400,0.0012685824878906967,576238081.282104
2023-05-22,70.75183868408203,0.0,84.16000366210938,0.0,84.37999725341797,84.08999633789062,84.31999969482422,0.0,3578900,0.00115872186179539,574211889.5081898
2023-05-23,70.83590698242188,0.0,84.26000213623047,0.0,84.30000305175781,83.98999786376953,84.2300033569336,0.0,3190700,0.0012081827112477262,573432760.8724382
2023-05-24,70.71821594238281,0.0,84.12000274658203,0.0,84.45999908447266,84.02999877929688,84.45999908447266,0.0,4770700,0.0011224474453579063,573546930.9054965
2023-05-25,70.53326416015625,0.0,83.9000015258789,0.0,84.33999633789062,83.80000305175781,84.2699966430664,0.0,4019000,0.0011195845289470462,572346638.9854492
2023-05-26,70.8274917602539,0.0,84.25,0.0,84.29000091552734,83.88999938964844,83.88999938964844,0.0,4146700,0.0013090536765562061,573131147.3576016
2023-05-30,71.36553955078125,0.0,84.88999938964844,0.0,84.91000366210938,84.4800033569336,84.52999877929688,0.0,4482100,0.0011195012650012273,574983603.2302856
2023-05-31,71.2730712890625,0.0,84.77999877929688,0.0,84.9800033569336,84.51000213623047,84.51000213623047,0.0,4623600,0.0011923548921530375,574413390.0240943
2023-06-01,71.74835968017578,0.0,84.98999786376953,0.353,84.98999786376953,84.38999938964844,84.5,0.0,9882600,0.0014232301088631968,577876859.3035501
2023-06-02,71.63858795166016,0.0,84.86000061035156,0.0,85.12999725341797,84.80999755859375,85.06999969482422,0.0,4724100,0.0014232301088631968,577161264.7174351
2023-06-05,71.8749771118164,0.0,85.13999938964844,0.0,85.16000366210938,84.7699966430664,84.91000366210938,0.0,6430300,0.0014269655009231269,571960011.0370152
2023-06-06,72.0016098022461,0.0,85.29000091552734,0.0,85.33000183105469,84.83999633789062,85.04000091552734,0.0,3854300,0.001415132993207007,570665533.1307608
2023-06-07,71.57951354980469,0.0,84.79000091552734,0.0,85.33999633789062,84.77999877929688,85.22000122070312,0.0,3861300,0.0016719919419782674,568526328.4079658
2023-06-08,71.9847412109375,0.0,85.2699966430664,0.0,85.27999877929688,84.79000091552734,84.80999755859375,0.0,4117700,0.0019334005859075036,566889808.9103396
2023-06-09,71.90029907226562,0.0,85.16999816894531,0.0,85.33999633789062,85.08999633789062,85.12999725341797,0.0,3415200,0.0019334674752574514,564613216.3840461
2023-06-12,72.29707336425781,0.0,85.63999938964844,0.0,85.68000030517578,85.2300033569336,85.47000122070312,0.0,5517600,0.0019334674752574514,564463515.4945918
2023-06-13,72.18732452392578,0.0,85.51000213623047,0.0,85.91000366210938,85.31999969482422,85.72000122070312,0.0,3637300,0.0020211334963887067,562565608.8320535
2023-06-14,72.33929443359375,0.0,85.69000244140625,0.0,85.88999938964844,85.26000213623047,85.54000091552734,0.0,3561100,0.002321616642485697,561418293.603661
2023-06-15,72.71072387695312,0.0,86.12999725341797,0.0,86.12999725341797,85.69999694824219,85.8499984741211,0.0,5592400,0.002194662856701298,557740506.6722325
2023-06-16,72.4237060546875,0.0,85.79000091552734,0.0,86.02999877929688,85.70999908447266,86.0199966430664,0.0,2511600,0.002343426154630504,555047431.7897615
2023-06-20,72.45748901367188,0.0,85.83000183105469,0.0,86.12999725341797,85.81999969482422,85.9000015258789,0.0,3889800,0.0022671465195043122,553515402.1309141
2023-06-21,72.83737182617188,0.0,86.27999877929688,0.0,86.44999694824219,85.69999694824219,85.93000030517578,0.0,11177200,0.0022755677558275685,557309129.8594823
2023-06-22,72.55878448486328,0.0,85.94999694824219,0.0,86.16999816894531,85.86000061035156,86.11000061035156,0.0,3848200,0.0023123143596830227,556302957.3998103
2023-06-23,72.64318084716797,0.0,86.05000305175781,0.0,86.41000366210938,86.05000305175781,86.18000030517578,0.0,2917300,0.0022612561642921494,554601453.3697824
2023-06-26,72.87113952636719,0.0,86.31999969482422,0.0,86.41999816894531,86.19999694824219,86.27999877929688,0.0,3700900,0.0023046748266333053,552581045.3274015
2023-06-27,72.87113952636719,0.0,86.31999969482422,0.0,86.52999877929688,86.20999908447266,86.37000274658203,0.0,4381300,0.002196819736031817,552541887.7829052
2023-06-28,72.92178344726562,0.0,86.37999725341797,0.0,86.44000244140625,86.16999816894531,86.33999633789062,0.0,4503600,0.002278911951759533,554096115.6792414
2023-06-29,72.53346252441406,0.0,85.91999816894531,0.0,86.05000305175781,85.76000213623047,86.05000305175781,0.0,4319000,0.0021482883717071815,555456320.5555143
2023-06-30,73.0568618774414,0.0,86.54000091552734,0.0,86.62000274658203,86.12999725341797,86.18000030517578,0.0,4943300,0.001917413154997022,554952599.59497
2023-07-03,73.19754028320312,0.0,86.36000061035156,0.346,86.41000366210938,86.12000274658203,86.22000122070312,0.0,5083100,0.0020283077552779778,555513815.3874171
2023-07-05,72.82463073730469,0.0,85.91999816894531,0.0,86.20999908447266,85.81999969482422,86.20999908447266,0.0,5234100,0.0019300268954179044,557427627.3592086
2023-07-06,71.78207397460938,0.0,84.69000244140625,0.0,85.27999877929688,84.55000305175781,85.27999877929688,0.0,7823100,0.0018358611121907324,558277455.7725816
2023-07-07,71.69732666015625,0.0,84.58999633789062,0.0,84.9000015258789,84.2699966430664,84.52999877929688,0.0,5414500,0.0015747145026311304,557547156.8453714
2023-07-10,72.00243377685547,0.0,84.94999694824219,0.0,85.01000213623047,84.69000244140625,84.69000244140625,0.0,3788700,0.0014080249614144475,555619017.9195585
2023-07-11,72.46014404296875,0.0,85.48999786376953,0.0,85.5199966430664,85.29000091552734,85.37000274658203,0.0,5984500,0.0014079580720644997,554079586.3553183
2023-07-12,73.32469177246094,0.0,86.51000213623047,0.0,86.58000183105469,86.16999816894531,86.20999908447266,0.0,4950600,0.0014079580720644997,551724838.8396308
2023-07-13,74.12142181396484,0.0,87.44999694824219,0.0,87.52999877929688,87.01000213623047,87.19000244140625,0.0,6892500,0.0013202920509332446,550546352.0720346
2023-07-14,73.68915557861328,0.0,86.94000244140625,0.0,87.30000305175781,86.93000030517578,87.25,0.0,3907100,0.001183322346067651,538302417.8144062
2023-07-17,73.79934692382812,0.0,87.06999969482422,0.0,87.13999938964844,86.8499984741211,86.87999725341797,0.0,2214500,0.001211235207049458,532097246.13059515
2023-07-18,74.16381072998047,0.0,87.5,0.0,87.5999984741211,87.12999725341797,87.1500015258789,0.0,5535800,0.0010624719091202521,530554073.49852306
2023-07-19,73.96037292480469,0.0,87.26000213623047,0.0,87.62999725341797,87.13999938964844,87.45999908447266,0.0,6555500,0.0012317350177210062,530010307.572495
2023-07-20,73.51115417480469,0.0,86.7300033569336,0.0,86.94999694824219,86.58000183105469,86.94000244140625,0.0,6902800,0.0011452379279250032,525292513.7479449
2023-07-21,73.7400131225586,0.0,87.0,0.0,87.13999938964844,86.87000274658203,86.95999908447266,0.0,6036800,0.0011118596365082853,521984708.21151125
2023-07-24,73.88407897949219,0.0,87.16999816894531,0.0,87.45999908447266,87.11000061035156,87.33000183105469,0.0,5910100,0.0010766600314280293,521766746.35578334
2023-07-25,73.79086303710938,0.0,87.05999755859375,0.0,87.16000366210938,86.81999969482422,86.94000244140625,0.0,3301300,0.0009898762810118616,521049753.6809709
2023-07-26,74.02818298339844,0.0,87.33999633789062,0.0,87.47000122070312,87.05000305175781,87.23999786376953,0.0,3514400,0.0009082622240041891,518953102.8767843
2023-07-27,73.32469177246094,0.0,86.51000213623047,0.0,87.41999816894531,86.47000122070312,87.41000366210938,0.0,6565000,0.0008794424716608419,519027749.1918957
2023-07-28,74.21466064453125,0.0,87.55999755859375,0.0,87.56999969482422,86.98999786376953,87.08000183105469,0.0,4310300,0.0010418557251495955,517911706.0537974
2023-07-31,74.31636810302734,0.0,87.68000030517578,0.0,87.79000091552734,87.51000213623047,87.63999938964844,0.0,4705600,0.0010418557251495955,518264467.1720535
2023-08-01,73.57432556152344,0.0,86.45999908447266,0.348,86.93000030517578,86.45999908447266,86.87999725341797,0.0,8951300,0.0009309611248686396,519790666.3108281
2023-08-02,73.04673767089844,0.0,85.83999633789062,0.0,86.29000091552734,85.52999877929688,86.29000091552734,0.0,8745800,0.0008666186527526486,518752674.93979436
2023-08-03,72.42552947998047,0.0,85.11000061035156,0.0,85.43000030517578,85.08999633789062,85.37999725341797,0.0,7354000,0.0009268010722864022,517718454.35559106
2023-08-04,73.38710021972656,0.0,86.23999786376953,0.0,86.4000015258789,85.69999694824219,85.69999694824219,0.0,6336600,0.0010093804287606106,511971605.9997498
2023-08-07,73.14885711669922,0.0,85.95999908447266,0.0,86.20999908447266,85.91999816894531,86.11000061035156,0.0,2721200,0.0009955124703582819,507480244.35111755
2023-08-08,73.33605194091797,0.0,86.18000030517578,0.0,86.27999877929688,86.0,86.20999908447266,0.0,4013300,0.0011120501016502302,504007517.83501154
2023-08-09,73.48921966552734,0.0,86.36000061035156,0.0,86.4000015258789,86.16999816894531,86.29000091552734,0.0,3013000,0.0011120501016502302,500277350.88306004
2023-08-10,73.20841217041016,0.0,86.02999877929688,0.0,86.72000122070312,86.0199966430664,86.41000366210938,0.0,4229100,0.0011636060224366074,497956237.3063527
2023-08-11,73.03821563720703,0.0,85.83000183105469,0.0,86.13999938964844,85.7699966430664,86.05000305175781,0.0,4950500,0.0010000925812052109,495979749.4378771
2023-08-14,72.45105743408203,0.0,85.13999938964844,0.0,85.4000015258789,85.0999984741211,85.38999938964844,0.0,4343600,0.0009721797202234036,492018588.5106707
2023-08-15,71.83836364746094,0.0,84.41999816894531,0.0,84.7699966430664,84.41000366210938,84.7300033569336,0.0,8907200,0.0009721797202234036,493397760.7958839
2023-08-16,71.70219421386719,0.0,84.26000213623047,0.0,84.68000030517578,84.25,84.58999633789062,0.0,6894600,0.0007831126538167162,489044958.81750923
2023-08-17,71.64262390136719,0.0,84.19000244140625,0.0,84.30000305175781,84.01000213623047,84.20999908447266,0.0,6233600,0.0007831126538167162,487308148.46837485
2023-08-18,71.62562561035156,0.0,84.16999816894531,0.0,84.4000015258789,84.04000091552734,84.11000061035156,0.0,4198800,0.0008339805755053118,484553112.69356257
2023-08-21,71.2682113647461,0.0,83.75,0.0,84.08999633789062,83.62999725341797,84.08999633789062,0.0,5360900,0.0008339805755053118,482058255.8081793
2023-08-22,71.46392822265625,0.0,83.9800033569336,0.0,84.08000183105469,83.86000061035156,83.97000122070312,0.0,5616800,0.000905811775102945,480940805.7567233
2023-08-23,72.61275482177734,0.0,85.33000183105469,0.0,85.33000183105469,84.58999633789062,84.62999725341797,0.0,5303800,0.000905811775102945,478572305.9164804
2023-08-24,72.1191635131836,0.0,84.75,0.0,85.19000244140625,84.70999908447266,85.19000244140625,0.0,5073700,0.0010537875768797875,476587401.99631584
2023-08-25,72.22981262207031,0.0,84.87999725341797,0.0,85.1500015258789,84.61000061035156,84.80999755859375,0.0,4679700,0.0010291709071924824,476250349.01694643
2023-08-28,72.45957946777344,0.0,85.1500015258789,0.0,85.23999786376953,85.0,85.0999984741211,0.0,3304400,0.0011014051838716264,473845823.9015367
2023-08-29,73.20841217041016,0.0,86.02999877929688,0.0,86.05000305175781,85.12000274658203,85.12999725341797,0.0,5650000,0.0011014051838716264,473850738.0385929
2023-08-30,73.01270294189453,0.0,85.80000305175781,0.0,85.9800033569336,85.72000122070312,85.80999755859375,0.0,3956700,0.001151340211566565,471658204.6241821
2023-08-31,72.94461059570312,0.0,85.72000122070312,0.0,85.8499984741211,85.68000030517578,85.68000030517578,0.0,3925100,0.001106152693209511,468401624.5431143
2023-09-01,72.7643051147461,0.0,85.1500015258789,0.359,85.56999969482422,84.80999755859375,85.52999877929688,0.0,5214400,0.0010235733367353027,467661550.7625338
2023-09-05,72.0550308227539,0.0,84.31999969482422,0.0,84.87999725341797,84.30000305175781,84.83999633789062,0.0,5055600,0.0009427221924250783,467900122.72339475
2023-09-06,71.94392395019531,0.0,84.19000244140625,0.0,84.44000244140625,84.06999969482422,84.30999755859375,0.0,5023300,0.0008261845611331299,466560476.80974686
2023-09-07,72.32849884033203,0.0,84.63999938964844,0.0,84.6500015258789,84.29000091552734,84.33999633789062,0.0,3756900,0.0008780562477330068,464551329.6362922
2023-09-08,72.38831329345703,0.0,84.70999908447266,0.0,85.0199966430664,84.5999984741211,84.83999633789062,0.0,3568000,0.0008265003269466297,459010769.5935083
2023-09-11,72.27723693847656,0.0,84.58000183105469,0.0,84.5999984741211,84.41999816894531,84.47000122070312,0.0,2913700,0.0008265003269466297,455012466.0326761
2023-09-12,72.32849884033203,0.0,84.63999938964844,0.0,84.66999816894531,84.44000244140625,84.52999877929688,0.0,2630600,0.0008865850430686935,446908322.5838555
2023-09-13,72.3712158203125,0.0,84.69000244140625,0.0,84.80000305175781,84.45999908447266,84.63999938964844,0.0,3380600,0.0009586998049107862,444312933.45019025
2023-09-14,72.39684295654297,0.0,84.72000122070312,0.0,84.9800033569336,84.68000030517578,84.8499984741211,0.0,5665500,0.00090048166248031,440449731.3004206
2023-09-15,72.15757751464844,0.0,84.44000244140625,0.0,84.6500015258789,84.43000030517578,84.63999938964844,0.0,5196300,0.00090048166248031,439052885.1367466
2023-09-18,72.20033264160156,0.0,84.48999786376953,0.0,84.55999755859375,84.3499984741211,84.38999938964844,0.0,2504100,0.0008026946558882368,427198811.687966
2023-09-19,72.1148452758789,0.0,84.38999938964844,0.0,84.48999786376953,84.30000305175781,84.41000366210938,0.0,3252200,0.0008358698545292848,423016015.2413686
2023-09-20,72.0550308227539,0.0,84.31999969482422,0.0,84.87000274658203,84.31999969482422,84.6500015258789,0.0,5410200,0.0007811252878801623,422904915.526163
2023-09-21,71.32865905761719,0.0,83.47000122070312,0.0,83.77999877929688,83.33999633789062,83.73999786376953,0.0,9740000,0.0007811252878801623,423193876.6705044
2023-09-22,71.61920928955078,0.0,83.80999755859375,0.0,84.0199966430664,83.69999694824219,83.75,0.0,4928300,0.0007155615089619002,422103884.8852309
2023-09-25,71.20904541015625,0.0,83.33000183105469,0.0,83.47000122070312,83.27999877929688,83.47000122070312,0.0,5234100,0.0005130917649349184,422210913.4932079
2023-09-26,70.73905944824219,0.0,82.77999877929688,0.0,83.31999969482422,82.69000244140625,83.2699966430664,0.0,12528200,0.00044085748825577426,427580752.38909644
2023-09-27,70.43141174316406,0.0,82.41999816894531,0.0,83.18000030517578,82.30999755859375,83.08999633789062,0.0,8379700,0.0005339927356062914,425058920.61690676
2023-09-28,70.59378051757812,0.0,82.61000061035156,0.0,82.62000274658203,81.83999633789062,82.02999877929688,0.0,9125200,0.0004840577079113529,426726946.89839077
2023-09-29,70.516845703125,0.0,82.5199966430664,0.0,83.12999725341797,82.41999816894531,83.08999633789062,0.0,6968200,0.00046906280673465316,426872679.8810202
2023-10-02,69.74703979492188,0.0,81.2699966430664,0.353,81.88999938964844,81.25,81.81999969482422,0.0,9072800,0.00046906280673465316,427797020.5661592
2023-10-03,68.966064453125,0.0,80.36000061035156,0.0,81.1500015258789,80.22000122070312,81.0199966430664,0.0,8120300,0.00046906280673465316,428679709.82302713
2023-10-04,69.29218292236328,0.0,80.73999786376953,0.0,80.83999633789062,80.31999969482422,80.69999694824219,0.0,8236500,0.0006722791389261468,430747756.1527616
2023-10-05,69.2664566040039,0.0,80.70999908447266,0.0,81.04000091552734,80.58000183105469,80.98999786376953,0.0,4510100,0.0006204074523262696,430237403.49684215
2023-10-06,69.29218292236328,0.0,80.73999786376953,0.0,80.88999938964844,79.83999633789062,80.04000091552734,0.0,7133400,0.0006204074523262696,432373528.7413824
2023-10-09,69.63546752929688,0.0,81.13999938964844,0.0,81.16000366210938,80.37000274658203,80.62999725341797,0.0,3437800,0.0006204074523262696,431830502.4586632
2023-10-10,69.74703979492188,0.0,81.2699966430664,0.0,81.7699966430664,80.95999908447266,81.05000305175781,0.0,8594900,0.0005603227362042058,434358013.48458546
2023-10-11,70.3134765625,0.0,81.93000030517578,0.0,81.93000030517578,81.51000213623047,81.86000061035156,0.0,6297200,0.0006397408635068064,435287059.2333839
2023-10-12,69.57540893554688,0.0,81.06999969482422,0.0,81.75,80.93000030517578,81.75,0.0,6076200,0.0007890508385817719,437155748.1306651
2023-10-13,69.77279663085938,0.0,81.30000305175781,0.0,81.76000213623047,81.18000030517578,81.62999725341797,0.0,6175000,0.0010625699430163275,438305519.0384638
2023-10-16,69.69552612304688,0.0,81.20999908447266,0.0,81.30999755859375,81.05000305175781,81.05999755859375,0.0,4714200,0.0010566598660287333,437165253.4533667
2023-10-17,69.3608169555664,0.0,80.81999969482422,0.0,80.9800033569336,80.58000183105469,80.62000274658203,0.0,4325300,0.0010234846673876853,436780008.16847783
2023-10-18,68.9145736694336,0.0,80.30000305175781,0.0,80.56999969482422,80.0999984741211,80.47000122070312,0.0,6891700,0.0010063980344391745,437488757.6368544
2023-10-19,68.40824890136719,0.0,79.70999908447266,0.0,80.66000366210938,79.69999694824219,80.18000030517578,0.0,9761700,0.0011697122426366168,439517053.3519745
2023-10-20,68.78582000732422,0.0,80.1500015258789,0.0,80.29000091552734,80.0,80.19000244140625,0.0,6853500,0.001099046314409172,441887477.30720764
2023-10-23,69.18061828613281,0.0,80.61000061035156,0.0,80.91999816894531,79.87000274658203,80.02999877929688,0.0,6475900,0.0011584337096216116,442738468.83950007
2023-10-24,69.72989654541016,0.0,81.25,0.0,81.27999877929688,80.72000122070312,80.87999725341797,0.0,5009200,0.0011584337096216116,443030840.2309297
2023-10-25,69.20635986328125,0.0,80.63999938964844,0.0,80.97000122070312,80.55000305175781,80.91999816894531,0.0,5211400,0.0012737478296850984,442931878.6546435
2023-10-26,69.48099517822266,0.0,80.95999908447266,0.0,81.08000183105469,80.66000366210938,80.80000305175781,0.0,5260400,0.0013991902469762,443831644.3764641
2023-10-27,69.51531982421875,0.0,81.0,0.0,81.08000183105469,80.77999877929688,81.0,0.0,3549800,0.001542503159003949,441314077.9819307
2023-10-30,69.69552612304688,0.0,81.20999908447266,0.0,81.27999877929688,80.93000030517578,81.04000091552734,0.0,4727100,0.001542503159003949,439592617.05538434
2023-10-31,69.67838287353516,0.0,81.19000244140625,0.0,81.51000213623047,81.16999816894531,81.29000091552734,0.0,5369200,0.001542503159003949,440247335.8825502
2023-11-01,70.5938949584961,0.0,81.88999938964844,0.362,81.93000030517578,80.87999725341797,80.97000122070312,0.0,12803100,0.001419004235769944,446058870.94937885
2023-11-02,71.30078125,0.0,82.70999908447266,0.0,82.95999908447266,82.5,82.61000061035156,0.0,9214200,0.001419004235769944,447536401.84813607
2023-11-03,71.9990234375,0.0,83.5199966430664,0.0,83.87000274658203,83.44000244140625,83.55000305175781,0.0,9055000,0.001419004235769944,450782780.22976226
2023-11-06,71.40422821044922,0.0,82.83000183105469,0.0,83.25,82.7699966430664,83.19999694824219,0.0,7707800,0.001419004235769944,453550623.66403854
2023-11-07,71.64559936523438,0.0,83.11000061035156,0.0,83.25,82.88999938964844,82.94000244140625,0.0,5946400,0.00159350414547917,455385082.83879113
2023-11-08,71.78352355957031,0.0,83.2699966430664,0.0,83.29000091552734,83.06999969482422,83.08000183105469,0.0,4679200,0.001473713957566899,455958696.80568755
2023-11-09,71.05077362060547,0.0,82.41999816894531,0.0,83.0999984741211,82.29000091552734,83.01000213623047,0.0,6049700,0.0013378387090844477,457495504.84475636
2023-11-10,71.36111450195312,0.0,82.77999877929688,0.0,82.80999755859375,82.4800033569336,82.68000030517578,0.0,5256700,0.0011589180945321474,457518897.4021124
2023-11-13,70.9818115234375,0.0,82.33999633789062,0.0,82.5,82.01000213623047,82.20999908447266,0.0,5480400,0.0012621872730671068,457910715.2852679
2023-11-14,72.21453857421875,0.0,83.7699966430664,0.0,83.86000061035156,83.38999938964844,83.44999694824219,0.0,11433000,0.0012621872730671068,463618552.88518876
2023-11-15,71.76627349853516,0.0,83.25,0.0,83.66000366210938,83.19000244140625,83.55999755859375,0.0,5009800,0.001413367043524598,464222215.35775924
2023-11-16,72.36112213134766,0.0,83.94000244140625,0.0,84.04000091552734,83.5999984741211,83.5999984741211,0.0,6221400,0.0014580456074717244,465413070.2295031
2023-11-17,72.5938491821289,0.0,84.20999908447266,0.0,84.31999969482422,83.9800033569336,84.11000061035156,0.0,6150700,0.0013930270494562197,466579574.9234639
2023-11-20,73.05075073242188,0.0,84.73999786376953,0.0,84.83999633789062,84.0,84.06999969482422,0.0,5572400,0.0014001438437842542,467936756.88369995
2023-11-21,73.05075073242188,0.0,84.73999786376953,0.0,84.93000030517578,84.52999877929688,84.77999877929688,0.0,4787600,0.0014004837667332829,469022890.4151008
2023-11-22,73.41283416748047,0.0,85.16000366210938,0.0,85.16999816894531,84.62000274658203,84.9000015258789,0.0,8192200,0.001249178843495201,471374767.2793676
2023-11-24,73.26626586914062,0.0,84.98999786376953,0.0,85.08000183105469,84.87999725341797,85.0,0.0,1816800,0.001173650560277412,469924098.4062437
2023-11-27,73.58523559570312,0.0,85.36000061035156,0.0,85.4000015258789,84.8499984741211,84.98999786376953,0.0,5156700,0.0010804696318321442,470644863.8042389
2023-11-28,73.96453857421875,0.0,85.80000305175781,0.0,85.83000183105469,85.05999755859375,85.20999908447266,0.0,16016500,0.0010804696318321442,478531612.0789543
2023-11-29,74.55073547363281,0.0,86.4800033569336,0.0,86.4800033569336,86.08000183105469,86.19999694824219,0.0,7601600,0.0010804696318321442,480637942.16754246
2023-11-30,74.02486419677734,0.0,85.87000274658203,0.0,86.30999755859375,85.63999938964844,86.29000091552734,0.0,8840400,0.0011548906226632074,479996696.2897043
2023-12-01,75.1602783203125,0.0,86.8499984741211,0.332,86.86000061035156,85.37999725341797,85.5,0.0,12641400,0.0013582086361713732,485528588.68515986
2023-12-04,74.64104461669922,0.0,86.25,0.0,86.30000305175781,85.93000030517578,86.18000030517578,0.0,6375900,0.0014212636246015925,485547998.50202286
2023-12-05,75.07373809814453,0.0,86.75,0.0,86.88999938964844,86.43000030517578,86.58000183105469,0.0,5618200,0.0014212636246015925,486807090.56131876
2023-12-06,75.4891357421875,0.0,87.2300033569336,0.0,87.30999755859375,86.94000244140625,87.26000213623047,0.0,7588800,0.0012467637148923666,489462419.2830646
2023-12-07,75.41124725341797,0.0,87.13999938964844,0.0,87.41000366210938,87.05999755859375,87.05999755859375,0.0,5604900,0.0012694411511930343,490552059.8973653
2023-12-08,75.151611328125,0.0,86.83999633789062,0.0,86.91999816894531,86.5999984741211,86.66000366210938,0.0,7276300,0.0012560064246005202,493258419.32281613
2023-12-11,75.03047943115234,0.0,86.69999694824219,0.0,86.80000305175781,86.37999725341797,86.68000030517578,0.0,5497300,0.0012003560425749029,493290868.78782606
2023-12-12,75.18624114990234,0.0,86.87999725341797,0.0,86.94999694824219,86.4800033569336,86.7300033569336,0.0,8047900,0.0011811540721652937,496371630.68564886
2023-12-13,76.43241882324219,0.0,88.31999969482422,0.0,88.31999969482422,86.91999816894531,87.0199966430664,0.0,13651500,0.0011811540721652937,503518851.38517106
2023-12-14,77.2266845703125,0.0,88.87000274658203,0.364,89.05999755859375,88.61000061035156,88.7300033569336,0.0,9352500,0.0010299743017078025,506292528.40142024
2023-12-15,77.1224136352539,0.0,88.75,0.0,88.98999786376953,88.5999984741211,88.7699966430664,0.0,5146200,0.0010061970805391595,508207251.28793263
2023-12-18,77.13977813720703,0.0,88.7699966430664,0.0,88.94000244140625,88.58999633789062,88.83000183105469,0.0,6359600,0.0011748772645854854,510038045.9667327
2023-12-19,77.3309555053711,0.0,88.98999786376953,0.0,89.13999938964844,88.77999877929688,88.80999755859375,0.0,4787700,0.0011083730750450116,505765733.35098994
2023-12-20,77.33966064453125,0.0,89.0,0.0,89.16999816894531,88.95999908447266,89.0199966430664,0.0,3027600,0.0011442828595804836,505279254.1584802
2023-12-21,77.47868347167969,0.0,89.16000366210938,0.0,89.4800033569336,88.94999694824219,89.37999725341797,0.0,2706800,0.00114155357048322,505202306.7299858
2023-12-22,77.3744125366211,0.0,89.04000091552734,0.0,89.30999755859375,88.94000244140625,89.18000030517578,0.0,1791700,0.0012358179017340973,503933031.19641256
2023-12-26,77.65247344970703,0.0,89.36000061035156,0.0,89.36000061035156,88.91000366210938,88.94999694824219,0.0,2646100,0.0013652648471158036,502808123.9182548
2023-12-27,77.9305648803711,0.0,89.68000030517578,0.0,89.7300033569336,89.3499984741211,89.4800033569336,0.0,3327200,0.0013652648471158036,502088777.4213095
2023-12-28,77.71333312988281,0.0,89.43000030517578,0.0,89.5999984741211,89.26000213623047,89.41999816894531,0.0,2700200,0.0015269825802015579,501060129.91918534
2023-12-29,77.39179229736328,0.0,89.05999755859375,0.0,89.44000244140625,89.04000091552734,89.20999908447266,0.0,3815500,0.001372844180413006,500361838.12679714
2024-01-02,76.62709045410156,0.0,88.18000030517578,0.0,88.7699966430664,88.08999633789062,88.73999786376953,0.0,11544700,0.0011695261669048406,504957355.0348978
2024-01-03,76.33162689208984,0.0,87.83999633789062,0.0,87.88999938964844,87.20999908447266,87.51000213623047,0.0,12091700,0.001106471178474621,509817839.33095175
2024-01-04,75.98401641845703,0.0,87.44000244140625,0.0,87.5999984741211,87.2699966430664,87.2699966430664,0.0,6256600,0.0012107596584040783,508901480.2926624
2024-01-05,75.7494125366211,0.0,87.16999816894531,0.0,87.95999908447266,86.94000244140625,86.9800033569336,0.0,9775000,0.001282636429834144,512029053.28416973
2024-01-08,75.84497833251953,0.0,87.27999877929688,0.0,87.48999786376953,86.97000122070312,86.97000122070312,0.0,6378700,0.0014014435590408148,513893203.08397686
2024-01-09,75.54954528808594,0.0,86.94000244140625,0.0,87.16999816894531,86.81999969482422,86.81999969482422,0.0,7946800,0.0014941151561523765,515316059.5854502
2024-01-10,76.08830261230469,0.0,87.55999755859375,0.0,87.66999816894531,87.38999938964844,87.4800033569336,0.0,5611000,0.0015219908506463684,515816239.9800982
2024-01-11,76.77479553222656,0.0,88.3499984741211,0.0,88.4000015258789,87.62000274658203,87.88999938964844,0.0,7736900,0.0014379236425210184,516457557.434294
2024-01-12,76.91384887695312,0.0,88.51000213623047,0.0,88.77999877929688,88.37999725341797,88.44999694824219,0.0,7683800,0.0014379236425210184,519159223.0761634
2024-01-16,76.20130157470703,0.0,87.69000244140625,0.0,88.29000091552734,87.55999755859375,88.29000091552734,0.0,4901100,0.0014379236425210184,521039865.5891903
2024-01-17,75.91452026367188,0.0,87.36000061035156,0.0,87.44999694824219,87.13999938964844,87.4000015258789,0.0,7209800,0.0012537080915450925,522194354.7352261
2024-01-18,75.99273681640625,0.0,87.44999694824219,0.0,87.6500015258789,87.19999694824219,87.51000213623047,0.0,5795600,0.001135465863113569,521676832.9757751
2024-01-19,76.0274658203125,0.0,87.48999786376953,0.0,87.48999786376953,87.08999633789062,87.4000015258789,0.0,6268200,0.0011936457318282143,521277824.5427389
2024-01-22,76.07960510253906,0.0,87.55000305175781,0.0,87.69999694824219,87.30999755859375,87.52999877929688,0.0,7577600,0.0011573960243437137,522374787.2659532
2024-01-23,75.68855285644531,0.0,87.0999984741211,0.0,87.29000091552734,86.79000091552734,87.19000244140625,0.0,7750000,0.0011029808692650553,523643371.25004965
2024-01-24,75.48004150390625,0.0,86.86000061035156,0.0,87.4800033569336,86.7699966430664,87.30999755859375,0.0,6172900,0.0011786366557185542,525617711.94709295
2024-01-25,76.01879119873047,0.0,87.4800033569336,0.0,87.4800033569336,87.1500015258789,87.18000030517578,0.0,6469800,0.001100341070293968,527673509.11049616
2024-01-26,76.13175201416016,0.0,87.61000061035156,0.0,87.66000366210938,87.27999877929688,87.44000244140625,0.0,3695900,0.001100341070293968,525735887.1837616
2024-01-29,76.41851806640625,0.0,87.94000244140625,0.0,88.0199966430664,87.37000274658203,87.80999755859375,0.0,4938200,0.0009565717135502338,526187121.0137564
2024-01-30,76.59231567382812,0.0,88.13999938964844,0.0,88.1500015258789,87.7300033569336,87.94999694824219,0.0,4118500,0.0009565717135502338,525793609.72844076
2024-01-31,76.45330047607422,0.0,87.9800033569336,0.0,88.52999877929688,87.80999755859375,88.18000030517578,0.0,7832100,0.001002764942841554,525120108.0973852
2024-02-01,77.09638977050781,0.0,88.3499984741211,0.367,88.5199966430664,87.9800033569336,88.0999984741211,0.0,11164700,0.0012487890391561047,526990439.74811614
2024-02-02,76.47683715820312,0.0,87.63999938964844,0.0,87.83000183105469,87.45999908447266,87.58999633789062,0.0,8210600,0.0013015212991888392,527733916.2124028
2024-02-05,75.83110809326172,0.0,86.9000015258789,0.0,87.26000213623047,86.77999877929688,87.19999694824219,0.0,9149600,0.0012296445277587735,529707185.1290506
2024-02-06,76.52050018310547,0.0,87.69000244140625,0.0,87.80999755859375,87.18000030517578,87.27999877929688,0.0,6415500,0.001114764834065576,532315604.66202027
2024-02-07,76.4157485961914,0.0,87.56999969482422,0.0,87.76000213623047,87.44999694824219,87.62999725341797,0.0,6450300,0.0011213854786676762,534053593.3430263
2024-02-08,76.31978607177734,0.0,87.45999908447266,0.0,87.62000274658203,87.41000366210938,87.45999908447266,0.0,5166300,0.0010882916599804819,535574560.89406693
2024-02-09,76.34593963623047,0.0,87.48999786376953,0.0,87.48999786376953,87.18000030517578,87.2300033569336,0.0,3689300,0.0010882916599804819,535248746.4597914
2024-02-12,76.4157485961914,0.0,87.56999969482422,0.0,87.69999694824219,87.48999786376953,87.55000305175781,0.0,3728200,0.0010882916599804819,534467611.92643905
2024-02-13,75.47334289550781,0.0,86.48999786376953,0.0,86.88999938964844,86.41999816894531,86.77999877929688,0.0,10951600,0.0010882916599804819,539050070.3332325
2024-02-14,75.9881820678711,0.0,87.08000183105469,0.0,87.18000030517578,86.76000213623047,86.77999877929688,0.0,4939200,0.0012836330799378777,536495782.53445095
2024-02-15,76.60772705078125,0.0,87.79000091552734,0.0,87.80000305175781,87.4000015258789,87.58000183105469,0.0,7131300,0.0012331951243230754,536853860.4931846
2024-02-16,76.08418273925781,0.0,87.19000244140625,0.0,87.44000244140625,87.13999938964844,87.22000122070312,0.0,6211200,0.0013127017125345814,536986779.0959252
2024-02-20,76.07542419433594,0.0,87.18000030517578,0.0,87.36000061035156,87.1500015258789,87.16000366210938,0.0,3810100,0.0014043083658324379,536818140.4518854
2024-02-21,76.01436614990234,0.0,87.11000061035156,0.0,87.45999908447266,87.01000213623047,87.37000274658203,0.0,5773300,0.0014687462239629902,537246210.2258834
2024-02-22,76.49429321289062,0.0,87.66000366210938,0.0,87.7300033569336,87.30999755859375,87.30999755859375,0.0,6108600,0.0013810251555606977,537752408.7617178
2024-02-23,76.9218978881836,0.0,88.1500015258789,0.0,88.27999877929688,87.81999969482422,87.83000183105469,0.0,6189200,0.001279741812021096,538490541.5056258
2024-02-26,76.70374298095703,0.0,87.9000015258789,0.0,88.4000015258789,87.88999938964844,88.30999755859375,0.0,6410900,0.0014261435365807954,539550240.2737391
2024-02-27,76.63392639160156,0.0,87.81999969482422,0.0,87.94999694824219,87.70999908447266,87.9000015258789,0.0,5653000,0.0014081951602387753,540337808.0128503
2024-02-28,76.79100036621094,0.0,88.0,0.0,88.05999755859375,87.83000183105469,87.91999816894531,0.0,6391900,0.0014081951602387753,542568899.5601351
2024-02-29,77.05278778076172,0.0,88.30000305175781,0.0,88.41999816894531,88.26000213623047,88.36000061035156,0.0,6174300,0.0013620019309474552,543038115.5580672
2024-03-01,77.50505828857422,0.0,88.43000030517578,0.386,88.5199966430664,87.69000244140625,87.94999694824219,0.0,7205200,0.0011368027535460373,545400583.543178
2024-03-04,77.43489837646484,0.0,88.3499984741211,0.0,88.43000030517578,88.20999908447266,88.43000030517578,0.0,6826100,0.0010188634986677578,547516665.6685178
2024-03-05,77.60144805908203,0.0,88.54000091552734,0.0,88.75,88.41000366210938,88.5199966430664,0.0,8346000,0.0010188634986677578,549857528.205696
2024-03-06,77.89067840576172,0.0,88.87000274658203,0.0,89.06999969482422,88.77999877929688,88.91999816894531,0.0,6322200,0.0009970973823898715,550933446.7843252
2024-03-07,78.10102081298828,0.0,89.11000061035156,0.0,89.2300033569336,88.91999816894531,89.19000244140625,0.0,9071100,0.0009310458381325216,553992288.7468065
2024-03-08,78.18866729736328,0.0,89.20999908447266,0.0,89.51000213623047,89.13999938964844,89.23999786376953,0.0,5010300,0.0008973158544690859,555015977.9905046
2024-03-11,78.06595611572266,0.0,89.06999969482422,0.0,89.29000091552734,89.04000091552734,89.22000122070312,0.0,5336100,0.0008973158544690859,556389320.4400138
2024-03-12,77.96078491210938,0.0,88.94999694824219,0.0,89.0199966430664,88.73999786376953,88.91999816894531,0.0,5657800,0.0008973158544690859,558427578.7050823
2024-03-13,78.0396499633789,0.0,89.04000091552734,0.0,89.22000122070312,88.95999908447266,89.0,0.0,5381400,0.0008973158544690859,560463339.6458156
2024-03-14,77.645263671875,0.0,88.58999633789062,0.0,89.16999816894531,88.52999877929688,89.08000183105469,0.0,13262600,0.0007029585853248956,567515963.9567481
2024-03-15,77.39986419677734,0.0,88.30999755859375,0.0,88.48999786376953,88.30000305175781,88.47000122070312,0.0,5383100,0.0007029585853248956,567479459.0435876
2024-03-18,77.44366455078125,0.0,88.36000061035156,0.0,88.44999694824219,88.30999755859375,88.37999725341797,0.0,6625100,0.0006281206383430217,568643095.9908682
2024-03-19,77.80301666259766,0.0,88.7699966430664,0.0,88.98999786376953,88.45999908447266,88.51000213623047,0.0,5647900,0.000536513985045165,570943037.7399929
2024-03-20,78.171142578125,0.0,89.19000244140625,0.0,89.27999877929688,88.69999694824219,89.0,0.0,5660700,0.00047207612691461276,572771805.1273346
2024-03-21,78.44284057617188,0.0,89.5,0.0,89.81999969482422,89.45999908447266,89.79000091552734,0.0,5595300,0.00033996294353921645,573125704.2356764
2024-03-22,78.6969985961914,0.0,89.79000091552734,0.0,89.9800033569336,89.5999984741211,89.5999984741211,0.0,6202500,0.00047925008699405066,571093360.3371756
2024-03-25,78.63565063476562,0.0,89.72000122070312,0.0,89.72000122070312,89.55000305175781,89.62999725341797,0.0,5487300,0.0003817265275776202,571722564.7159879
2024-03-26,78.62688446044922,0.0,89.70999908447266,0.0,89.79000091552734,89.62999725341797,89.69999694824219,0.0,4173200,0.0003817265275776202,571232248.88738
2024-03-27,78.95118713378906,0.0,90.08000183105467,0.0,90.08000183105467,89.68000030517578,89.72000122070312,0.0,5799200,0.0003817265275776202,567147388.2993789
2024-03-28,78.5918197631836,0.0,89.66999816894531,0.0,90.06999969482422,89.6500015258789,90.06999969482422,0.0,5938500,0.0005965945759727634,565892232.945966
2024-04-01,78.2538833618164,0.0,88.91999816894531,0.366,89.38999938964844,88.7300033569336,89.38999938964844,0.0,5906000,0.0005757696570596303,564077381.6095867
2024-04-02,78.2890853881836,0.0,88.95999908447266,0.0,88.9800033569336,88.36000061035156,88.38999938964844,0.0,11510400,0.0005366881719757183,567640471.55287
2024-04-03,78.45630645751953,0.0,89.1500015258789,0.0,89.16999816894531,88.51000213623047,88.69999694824219,0.0,6781000,0.0006666764588400115,566586342.4640111
2024-04-04,78.4211196899414,0.0,89.11000061035156,0.0,89.58000183105469,89.05000305175781,89.4800033569336,0.0,6796000,0.0006300950020713344,566213677.7909294
2024-04-05,78.54431915283203,0.0,89.25,0.0,89.33000183105469,88.79000091552734,88.79000091552734,0.0,6478900,0.0005968543046150224,565525001.8591442
2024-04-08,78.57072448730469,0.0,89.27999877929688,0.0,89.31999969482422,88.33000183105469,88.33000183105469,0.0,4387000,0.0007695376595492511,565744535.0954449
2024-04-09,79.09872436523438,0.0,89.87999725341797,0.0,89.87999725341797,89.5999984741211,89.69000244140625,0.0,6975100,0.0007695376595492511,566149068.9691029
2024-04-10,77.84906768798828,0.0,88.45999908447266,0.0,89.1500015258789,88.33999633789062,89.02999877929688,0.0,11693800,0.0008326202867043501,572145024.9007876
2024-04-11,77.6202392578125,0.0,88.19999694824219,0.0,88.69999694824219,87.97000122070312,88.23999786376953,0.0,7787900,0.0008326202867043501,572052844.4411504
2024-04-12,77.4002685546875,0.0,87.94999694824219,0.0,88.36000061035156,87.9000015258789,88.26000213623047,0.0,7635000,0.0009178588401555956,573287516.0981194
2024-04-15,76.50261688232422,0.0,86.93000030517578,0.0,87.66000366210938,86.80000305175781,87.62999725341797,0.0,12162000,0.0009178588401555956,577768826.6661023
2024-04-16,76.2650146484375,0.0,86.66000366210938,0.0,86.87000274658203,86.4000015258789,86.63999938964844,0.0,9436100,0.0008550103302113182,580274421.4415898
2024-04-17,76.86339569091797,0.0,87.33999633789062,0.0,87.52999877929688,87.12000274658203,87.43000030517578,0.0,7853500,0.0008550103302113182,582679853.8507613
2024-04-18,76.80181121826172,0.0,87.2699966430664,0.0,87.62000274658203,87.19000244140625,87.5999984741211,0.0,5759000,0.0009850972422796522,583894275.8030422
2024-04-19,77.0218276977539,0.0,87.5199966430664,0.0,87.6500015258789,87.37999725341797,87.58000183105469,0.0,5004000,0.00109246320917814,582977978.4393129
2024-04-22,77.43546295166016,0.0,87.98999786376953,0.0,88.02999877929688,87.55000305175781,87.61000061035156,0.0,3935100,0.0009531760657233058,579550552.5863829
2024-04-23,77.54105377197266,0.0,88.11000061035156,0.0,88.22000122070312,87.69999694824219,87.69999694824219,0.0,8467800,0.0009560788961402911,581112376.615833
2024-04-24,76.98662567138672,0.0,87.4800033569336,0.0,87.68000030517578,87.29000091552734,87.6500015258789,0.0,7289500,0.0011346452195278387,582030338.3739108
2024-04-25,76.76661682128906,0.0,87.2300033569336,0.0,87.30000305175781,86.77999877929688,86.9000015258789,0.0,6358100,0.0011346452195278387,583201922.3766388
2024-04-26,77.10100555419922,0.0,87.61000061035156,0.0,87.63999938964844,87.4000015258789,87.4000015258789,0.0,3072800,0.0009197771711326956,582003197.9088314
2024-04-29,77.47947692871094,0.0,88.04000091552734,0.0,88.0999984741211,87.76000213623047,87.9800033569336,0.0,5154200,0.0009197771711326956,582224577.2226001
2024-04-30,76.69619750976562,0.0,87.1500015258789,0.0,87.69999694824219,87.1500015258789,87.68000030517578,0.0,8032900,0.0009699515121094386,585498652.200832
2024-05-01,77.01522827148438,0.0,87.1500015258789,0.361,87.63999938964844,86.83999633789062,86.83999633789062,0.0,7677600,0.0009928012282041567,587762263.8281565
2024-05-02,77.64266204833984,0.0,87.86000061035156,0.0,87.87999725341797,87.2300033569336,87.36000061035156,0.0,6833700,0.0010904208745804824,589067688.6302403
2024-05-03,78.27891540527344,0.0,88.58000183105469,0.0,88.80000305175781,88.27999877929688,88.5999984741211,0.0,7832500,0.0010904208745804824,586253061.750527
2024-05-06,78.49987030029297,0.0,88.83000183105469,0.0,88.86000061035156,88.58000183105469,88.58999633789062,0.0,3552800,0.0009320812379838232,582709321.726251
2024-05-07,78.56172180175781,0.0,88.9000015258789,0.0,89.19000244140625,88.87000274658203,89.19000244140625,0.0,4844000,0.0009320812379838232,580124861.7086986
2024-05-08,78.27010345458984,0.0,88.56999969482422,0.0,88.69000244140625,88.48999786376953,88.55000305175781,0.0,3699400,0.0008689986108287242,577658344.0004258
2024-05-09,78.53523254394531,0.0,88.87000274658203,0.0,88.9000015258789,88.58000183105469,88.58999633789062,0.0,3371700,0.0008689986108287242,576114198.6086104
2024-05-10,78.3496322631836,0.0,88.66000366210938,0.0,88.80000305175781,88.54000091552734,88.66999816894531,0.0,3446100,0.0009083454375529984,575446692.8175608
2024-05-13,78.42916870117188,0.0,88.75,0.0,88.87999725341797,88.72000122070312,88.73999786376953,0.0,2199600,0.0009427236843589197,573038742.3181746
2024-05-14,78.60590362548828,0.0,88.94999694824219,0.0,89.01000213623047,88.73999786376953,88.80000305175781,0.0,3054200,0.0009751631885818514,571741293.5967158
2024-05-15,79.42774200439453,0.0,89.87999725341797,0.0,89.87999725341797,89.3499984741211,89.4000015258789,0.0,5781600,0.0009751631885818514,572284103.7252094
2024-05-16,79.16263580322266,0.0,89.58000183105469,0.0,89.94999694824219,89.56999969482422,89.94999694824219,0.0,3590600,0.0009151539481705741,567235719.4629427
2024-05-17,79.01243591308594,0.0,89.41000366210938,0.0,89.47000122070312,89.27999877929688,89.29000091552734,0.0,3692300,0.0008077879812720863,566545740.943273
2024-05-20,79.02125549316406,0.0,89.41999816894531,0.0,89.47000122070312,89.33000183105469,89.47000122070312,0.0,2007700,0.0008698949398652418,563825932.9998986
2024-05-21,79.08309936523438,0.0,89.48999786376953,0.0,89.58000183105469,89.44000244140625,89.47000122070312,0.0,3202000,0.0008181139443049878,561989397.5379217
2024-05-22,78.82683563232422,0.0,89.19999694824219,0.0,89.33999633789062,89.06999969482422,89.1500015258789,0.0,3410300,0.0006395476209174403,560656013.2958306
2024-05-23,78.28777313232422,0.0,88.58999633789062,0.0,89.2300033569336,88.56999969482422,89.1500015258789,0.0,4828600,0.0006395476209174403,560831127.9192001
2024-05-24,78.59705352783203,0.0,88.94000244140625,0.0,88.98999786376953,88.66000366210938,88.69000244140625,0.0,2493100,0.0007456488281461407,557054052.8246441
2024-05-28,78.12870025634766,0.0,88.41000366210938,0.0,88.93000030517578,88.33000183105469,88.87000274658203,0.0,4121900,0.0007927895755238749,558720777.9514374
2024-05-29,77.84590911865234,0.0,88.08999633789062,0.0,88.25,87.9800033569336,88.19999694824219,0.0,6739400,0.000742615234547132,559939014.5083594
2024-05-30,78.31427001953125,0.0,88.62000274658203,0.0,88.75,88.41999816894531,88.41999816894531,0.0,4333500,0.0005897772315881205,552080435.4053739
2024-05-31,78.69428253173828,0.0,89.05000305175781,0.0,89.08999633789062,88.7300033569336,89.08000183105469,0.0,3414600,0.0004921575852117948,549276338.1585681
2024-06-03,79.05186462402344,0.0,89.08999633789062,0.363,89.08999633789062,88.6500015258789,88.8499984741211,0.0,7177200,0.0006665625481750921,548326271.0905954
2024-06-04,79.1051025390625,0.0,89.1500015258789,0.0,89.20999908447266,88.9000015258789,89.05999755859375,0.0,4822700,0.0006522188298375227,543024986.5005009
2024-06-05,79.31807708740234,0.0,89.38999938964844,0.0,89.38999938964844,88.91000366210938,89.30999755859375,0.0,6391400,0.0007626401554688049,543194874.3346199
2024-06-06,79.13172912597656,0.0,89.18000030517578,0.0,89.19999694824219,88.98999786376953,89.0199966430664,0.0,6800300,0.0008219464238360541,544139889.4622016
2024-06-07,78.5106201171875,0.0,88.4800033569336,0.0,88.91000366210938,88.44000244140625,88.91000366210938,0.0,5313900,0.0008554611380910791,542617689.7825453
2024-06-10,78.49285888671875,0.0,88.45999908447266,0.0,88.55000305175781,88.2300033569336,88.44000244140625,0.0,2466700,0.0007298916071023538,540473192.1409788
2024-06-11,78.79454040527344,0.0,88.80000305175781,0.0,88.81999969482422,88.44000244140625,88.44000244140625,0.0,2707200,0.0006955133602964325,537366251.6878704
2024-06-12,79.1051025390625,0.0,89.1500015258789,0.0,89.56999969482422,89.04000091552734,89.38999938964844,0.0,7730500,0.0006630738560735007,539053221.4781262
2024-06-13,79.31807708740234,0.0,89.38999938964844,0.0,89.62999725341797,89.26000213623047,89.44000244140625,0.0,7293500,0.0008202738070843587,538678336.0071152
2024-06-14,79.22046661376953,0.0,89.27999877929688,0.0,89.41000366210938,89.16999816894531,89.20999908447266,0.0,6126000,0.000750196135427302,533449993.12368727
2024-06-17,78.98088073730469,0.0,89.01000213623047,0.0,89.29000091552734,88.75,89.29000091552734,0.0,6689500,0.000750196135427302,531579165.41418654
2024-06-18,79.50440216064453,0.0,89.5999984741211,0.0,89.68000030517578,89.19000244140625,89.29000091552734,0.0,6888900,0.0006880891768341464,532853135.0926657
2024-06-20,79.21158599853516,0.0,89.2699966430664,0.0,89.55999755859375,89.08999633789062,89.55999755859375,0.0,3845200,0.0008622496654709939,531096939.2231472
2024-06-21,79.30918884277344,0.0,89.37999725341797,0.0,89.51000213623047,89.20999908447266,89.38999938964844,0.0,5485300,0.0009805241688343068,531606611.33554244
2024-06-24,79.34468841552734,0.0,89.41999816894531,0.0,89.5199966430664,89.33000183105469,89.37999725341797,0.0,4124100,0.0010413810569849561,532394870.1803722
2024-06-25,79.33583068847656,0.0,89.41000366210938,0.0,89.45999908447266,89.2699966430664,89.38999938964844,0.0,3534700,0.0009605287192351947,532987721.3076092
2024-06-26,79.06963348388672,0.0,89.11000061035156,0.0,89.2300033569336,88.94000244140625,89.16000366210938,0.0,6212800,0.0009224252721973158,536115416.8802413
2024-06-27,79.1406021118164,0.0,89.19000244140625,0.0,89.37000274658203,89.0999984741211,89.2300033569336,0.0,3116800,0.0009224252721973158,536445035.15003747
2024-06-28,78.5106201171875,0.0,88.4800033569336,0.0,89.33000183105469,88.4800033569336,89.31999969482422,0.0,6568000,0.0009248008617441291,538689109.4756958
2024-07-01,78.19956970214844,0.0,87.75,0.381,88.12000274658203,87.51000213623047,87.51000213623047,0.0,7698900,0.0009248008617441291,542134344.3024893
2024-07-02,78.5827865600586,0.0,88.18000030517578,0.0,88.19999694824219,87.54000091552734,87.54000091552734,0.0,7236900,0.001037322956791671,544502133.3780743
2024-07-03,79.19770050048828,0.0,88.87000274658203,0.0,88.88999938964844,88.23999786376953,88.23999786376953,0.0,3882100,0.001037322956791671,539160788.8394977
2024-07-05,79.71456909179688,0.0,89.44999694824219,0.0,89.47000122070312,89.12000274658203,89.19000244140625,0.0,5429100,0.000926901631160389,534585376.89277405
2024-07-08,79.6967544555664,0.0,89.43000030517578,0.0,89.5,89.31999969482422,89.44999694824219,0.0,6185200,0.0008858891854200369,534633514.34208095
2024-07-09,79.44721221923828,0.0,89.1500015258789,0.0,89.37000274658203,89.0199966430664,89.37000274658203,0.0,7367000,0.0008523744711650119,533083366.1606501
2024-07-10,79.82150268554688,0.0,89.56999969482422,0.0,89.58999633789062,89.2699966430664,89.33999633789062,0.0,5750400,0.000885138336800435,532752655.0339169
2024-07-11,80.28490447998047,0.0,90.08999633789062,0.0,90.33999633789062,89.9800033569336,90.16000366210938,0.0,7045200,0.000885138336800435,532306680.6751736
2024-07-12,80.43639373779297,0.0,90.26000213623048,0.0,90.37999725341795,89.83999633789062,90.12000274658205,0.0,6538200,0.0010309990304959399,533091115.59315634
2024-07-15,80.106689453125,0.0,89.88999938964844,0.0,90.26000213623048,89.7699966430664,90.26000213623048,0.0,4998100,0.001033601131915877,531231783.0753387
2024-07-16,80.463134765625,0.0,90.29000091552734,0.0,90.30999755859376,90.01000213623047,90.05999755859375,0.0,4479100,0.0011469115287594358,529043884.5728496
2024-07-17,80.177978515625,0.0,89.97000122070312,0.0,90.0999984741211,89.9000015258789,90.0,0.0,6142000,0.0012279350755707511,530018632.7992939
2024-07-18,79.7591323852539,0.0,89.5,0.0,90.0,89.44000244140625,89.91999816894531,0.0,7227300,0.0012279350755707511,530153515.4786549
2024-07-19,79.54524230957031,0.0,89.26000213623047,0.0,89.58999633789062,89.22000122070312,89.41000366210938,0.0,5649200,0.0010537745869339038,530133058.3497244
2024-07-22,79.90170288085938,0.0,89.66000366210938,0.0,89.93000030517578,89.5199966430664,89.61000061035156,0.0,4999200,0.0010735669282730485,529338006.6489144
2024-07-23,79.9284439086914,0.0,89.69000244140625,0.0,89.93000030517578,89.68000030517578,89.68000030517578,0.0,2737800,0.00110704632835312,526021612.8835103
2024-07-24,79.41157531738281,0.0,89.11000061035156,0.0,89.80000305175781,89.11000061035156,89.5999984741211,0.0,5463800,0.001081797458874181,524528392.51176745
2024-07-25,79.54524230957031,0.0,89.26000213623047,0.0,89.62999725341797,89.25,89.25,0.0,4761100,0.0012050484061477253,523645834.56258625
2024-07-26,79.99080657958984,0.0,89.76000213623047,0.0,89.9000015258789,89.44999694824219,89.80999755859375,0.0,4145200,0.0013791636975609845,522106906.2700181
2024-07-29,80.12449645996094,0.0,89.91000366210938,0.0,90.05999755859375,89.7699966430664,89.83000183105469,0.0,4848400,0.0013767881080141713,522996762.305729
2024-07-30,80.23143768310547,0.0,90.02999877929688,0.0,90.0999984741211,89.75,90.0999984741211,0.0,5755700,0.001517136317643161,523662796.78126746
2024-07-31,80.60572052001953,0.0,90.4499969482422,0.0,90.4499969482422,90.04000091552734,90.2699966430664,0.0,8133900,0.0012302092596323216,526620786.00897413
2024-08-01,80.56188201904297,0.0,90.01000213623047,0.391,90.45999908447266,89.94999694824219,90.12999725341795,0.0,10278100,0.001423246097519609,528494306.7920261
2024-08-02,81.09889221191406,0.0,90.61000061035156,0.0,90.6500015258789,90.12000274658205,90.31999969482422,0.0,8525900,0.0016179366004263132,526796930.4129767
2024-08-05,80.27547454833984,0.0,89.69000244140625,0.0,90.0,89.5,89.5999984741211,0.0,9960500,0.0018516442002695453,528176139.0663813
2024-08-06,80.00694274902344,0.0,89.38999938964844,0.0,89.94000244140625,89.3499984741211,89.70999908447266,0.0,11282400,0.002017551048275404,529870055.5358463
2024-08-07,80.17699432373047,0.0,89.58000183105469,0.0,90.0999984741211,89.5,89.91000366210938,0.0,7626700,0.0022560516144017233,530827393.5461801
2024-08-08,80.55292510986328,0.0,90.0,0.0,90.04000091552734,89.7300033569336,89.73999786376953,0.0,4410200,0.0023574778555895642,529494577.9189458
2024-08-09,80.91093444824219,0.0,90.4000015258789,0.0,90.48999786376952,90.23999786376952,90.23999786376952,0.0,2746500,0.0022116171618940593,527879014.51355463
2024-08-12,81.00044250488281,0.0,90.5,0.0,90.51000213623048,90.33000183105467,90.4800033569336,0.0,2962100,0.002102602984253263,527444833.5681673
2024-08-13,81.43900299072266,0.0,90.98999786376952,0.0,91.0,90.75,90.83999633789062,0.0,4940500,0.001989292587409704,528421481.2791491
2024-08-14,81.61801147460938,0.0,91.19000244140624,0.0,91.26000213623048,91.0,91.05999755859376,0.0,4819500,0.0019082690405983886,524392007.9153515
2024-08-15,81.59117126464844,0.0,91.16000366210938,0.0,91.19000244140624,90.8000030517578,91.01000213623048,0.0,3591700,0.0019197918347384358,523577038.3924091
2024-08-16,81.9223403930664,0.0,91.52999877929688,0.0,91.5500030517578,91.25,91.3499984741211,0.0,3384000,0.0019197918347384358,521066567.6173316
2024-08-19,82.17291259765625,0.0,91.80999755859376,0.0,91.80999755859376,91.52999877929688,91.55999755859376,0.0,3313700,0.0017817249900359787,519183045.7581717
2024-08-20,82.3698501586914,0.0,92.02999877929688,0.0,92.04000091552734,91.83999633789062,91.94000244140624,0.0,4948200,0.0016873887018052577,520160968.93909997
2024-08-21,82.61150360107422,0.0,92.3000030517578,0.0,92.41000366210938,92.01000213623048,92.08000183105467,0.0,9428100,0.0016873887018052577,523076060.1474217
2024-08-22,81.9223403930664,0.0,91.52999877929688,0.0,92.05999755859376,91.4800033569336,91.94000244140624,0.0,9946700,0.0015740927422792275,526051786.6592286
2024-08-23,82.80840301513672,0.0,92.5199966430664,0.0,92.55999755859376,91.80999755859376,91.93000030517578,0.0,9595800,0.0015949010091936369,528767861.2175109
2024-08-26,82.63832092285156,0.0,92.33000183105467,0.0,92.52999877929688,92.23999786376952,92.5199966430664,0.0,3212700,0.0016654645366009791,526649690.4008472
2024-08-27,82.53093719482422,0.0,92.20999908447266,0.0,92.27999877929688,92.05999755859376,92.20999908447266,0.0,4374000,0.0015251163269719894,525910643.39863
2024-08-28,82.39668273925781,0.0,92.05999755859376,0.0,92.26000213623048,91.95999908447266,92.25,0.0,3237400,0.0015932298590083803,523811816.7009808
2024-08-29,82.3608627319336,0.0,92.0199966430664,0.0,92.20999908447266,91.91000366210938,92.08999633789062,0.0,4481200,0.0014975434879320087,522757604.7971271
2024-08-30,82.43248748779297,0.0,92.0999984741211,0.0,92.27999877929688,91.9000015258789,92.1999969482422,0.0,4776700,0.001439446582051993,521192352.61071825
2024-09-03,82.1072006225586,0.0,91.37000274658205,0.368,91.76000213623048,91.30999755859376,91.73999786376952,0.0,4829800,0.001187445159581864,519908328.12406147
2024-09-04,82.4756088256836,0.0,91.77999877929688,0.0,91.87000274658205,91.44000244140624,91.45999908447266,0.0,7196000,0.0011960831065724123,519285264.8190998
2024-09-05,82.79014587402344,0.0,92.12999725341795,0.0,92.20999908447266,91.86000061035156,91.87000274658205,0.0,5510700,0.0009248186748106694,518855477.8706868
2024-09-06,82.60142517089844,0.0,91.91999816894533,0.0,92.37999725341795,91.80999755859376,92.26000213623048,0.0,7799300,0.0009531512988700797,518129969.2610241
2024-09-09,82.82608795166016,0.0,92.16999816894533,0.0,92.2699966430664,91.9000015258789,92.0500030517578,0.0,3758200,0.0010967770829870861,517331750.44122726
2024-09-10,82.88898468017578,0.0,92.23999786376952,0.0,92.33999633789062,91.98999786376952,92.1500015258789,0.0,5013500,0.0011367953365961068,517229836.18661183
2024-09-11,83.10466003417969,0.0,92.4800033569336,0.0,92.5199966430664,92.02999877929688,92.02999877929688,0.0,7223400,0.0012313611649286756,518537445.4208556
2024-09-12,83.23945617675781,0.0,92.62999725341795,0.0,92.63999938964844,92.31999969482422,92.37999725341795,0.0,5108800,0.0012313611649286756,518490368.19102573
2024-09-13,83.61686706542969,0.0,93.0500030517578,0.0,93.12000274658205,92.80999755859376,92.86000061035156,0.0,5162900,0.0012198383707886279,512978258.471383
2024-09-16,84.12908935546875,0.0,93.62000274658205,0.0,93.62999725341795,93.16999816894533,93.1999969482422,0.0,5280200,0.0012198383707886279,513128661.57173884
2024-09-17,84.11112213134766,0.0,93.5999984741211,0.0,93.77999877929688,93.45999908447266,93.73999786376952,0.0,6273200,0.0012198383707886279,513142770.0668517
2024-09-18,83.86849975585938,0.0,93.33000183105467,0.0,93.97000122070312,93.25,93.4800033569336,0.0,9523100,0.0013073885177048148,516217586.54619247
2024-09-19,84.23690795898438,0.0,93.73999786376952,0.0,93.7699966430664,93.5199966430664,93.68000030517578,0.0,6006200,0.0013619395906913564,516679041.5330917
2024-09-20,84.07518005371094,0.0,93.55999755859376,0.0,93.62999725341795,93.22000122070312,93.5500030517578,0.0,5187800,0.0013947336419606194,516556749.5119367
2024-09-23,83.83255767822266,0.0,93.29000091552734,0.0,93.41999816894533,93.08000183105467,93.23999786376952,0.0,5260500,0.0013583650198015526,516031587.36223495
2024-09-24,83.94038391113281,0.0,93.41000366210938,0.0,93.47000122070312,93.12999725341795,93.2300033569336,0.0,6010800,0.0014053524263693206,516580383.2932972
2024-09-25,83.68873596191406,0.0,93.12999725341795,0.0,93.4000015258789,93.12000274658205,93.33000183105467,0.0,4842300,0.0015353911673479394,517188205.6545742
2024-09-26,83.80558776855469,0.0,93.26000213623048,0.0,93.41999816894533,93.0500030517578,93.41000366210938,0.0,6844300,0.001588925996916756,518108106.3371325
2024-09-27,83.94937133789062,0.0,93.41999816894533,0.0,93.5500030517578,93.4000015258789,93.45999908447266,0.0,5447800,0.0015293674120455195,517921028.41569203
2024-09-30,84.09314727783203,0.0,93.58000183105467,0.0,93.66999816894533,93.3499984741211,93.54000091552734,0.0,5789700,0.0014359364212915904,518053081.0142275
2024-10-01,84.3322525024414,0.0,93.45999908447266,0.385,93.55999755859376,93.27999877929688,93.48999786376952,0.0,6208000,0.001507256250121988,514531132.60831076
2024-10-02,84.14277648925781,0.0,93.25,0.0,93.3000030517578,93.02999877929688,93.2699966430664,0.0,8465100,0.0013572420824807942,515998151.7722236
2024-10-03,83.79086303710938,0.0,92.86000061035156,0.0,93.0999984741211,92.80999755859376,93.08999633789062,0.0,7976900,0.001430111355503943,517070718.2382614
2024-10-04,83.47503662109375,0.0,92.51000213623048,0.0,92.66000366210938,92.37000274658205,92.44000244140624,0.0,8880000,0.0013003524902566919,519001249.93643385
2024-10-07,83.09605407714844,0.0,92.08999633789062,0.0,92.47000122070312,92.02999877929688,92.44000244140624,0.0,4694000,0.0011567267061396856,519323464.92187256
2024-10-08,83.23140716552734,0.0,92.23999786376952,0.0,92.2699966430664,92.12999725341795,92.23999786376952,0.0,4639500,0.0010944161446499632,517744302.23335385
2024-10-09,83.09605407714844,0.0,92.08999633789062,0.0,92.33000183105467,91.98999786376952,92.16000366210938,0.0,5971100,0.0010360947657326546,513898627.94636315
2024-10-10,82.96070861816406,0.0,91.94000244140624,0.0,92.18000030517578,91.73999786376952,92.18000030517578,0.0,5923300,0.0010360947657326546,512769226.83706135
2024-10-11,83.0689926147461,0.0,92.05999755859376,0.0,92.19000244140624,91.9000015258789,91.9000015258789,0.0,4002300,0.0011369681179731368,510364095.89681476
2024-10-14,83.24044036865234,0.0,92.25,0.0,92.25,91.9000015258789,92.01000213623048,0.0,1876600,0.0012740912013438055,503347220.3911675
2024-10-15,83.46603393554688,0.0,92.5,0.0,92.52999877929688,92.30999755859376,92.5,0.0,4980100,0.0012740912013438055,500513306.0216752
2024-10-16,83.6735610961914,0.0,92.7300033569336,0.0,92.76000213623048,92.58999633789062,92.69000244140624,0.0,3762500,0.0011865410544276188,497838480.43747556
2024-10-17,83.14119720458984,0.0,92.13999938964844,0.0,92.5500030517578,92.12000274658205,92.5500030517578,0.0,6027500,0.0011350626837167207,498257416.434727
2024-10-18,83.33067321777344,0.0,92.3499984741211,0.0,92.45999908447266,92.30999755859376,92.3499984741211,0.0,4612500,0.0011165823269388745,498162291.86933005
2024-10-21,82.50956726074219,0.0,91.44000244140624,0.0,92.16000366210938,91.41999816894533,91.95999908447266,0.0,5709900,0.0009580273907702728,499558036.54668295
2024-10-22,82.32006072998047,0.0,91.2300033569336,0.0,91.38999938964844,91.13999938964844,91.38999938964844,0.0,5541200,0.0008404764567951627,497648717.74853295
2024-10-23,82.01324462890625,0.0,90.88999938964844,0.0,91.04000091552734,90.73999786376952,90.95999908447266,0.0,5110400,0.0007104377158165439,496274104.7994099
2024-10-24,82.34713745117188,0.0,91.26000213623048,0.0,91.33000183105467,91.08000183105467,91.23999786376952,0.0,4880700,0.0005887893542113362,495407403.2762558
2024-10-25,82.34713745117188,0.0,91.26000213623048,0.0,91.69000244140624,91.25,91.69000244140624,0.0,4617700,0.0005509974722716573,496615365.9904541
2024-10-28,82.42833709716797,0.0,91.3499984741211,0.0,91.45999908447266,91.18000030517578,91.36000061035156,0.0,4655100,0.0005231256966614767,496388918.4125022
2024-10-29,82.6178207397461,0.0,91.55999755859376,0.0,91.58000183105467,91.1500015258789,91.3000030517578,0.0,6079000,0.0005617319366163646,495250235.6974344
2024-10-30,82.527587890625,0.0,91.45999908447266,0.0,91.88999938964844,91.41000366210938,91.58999633789062,0.0,4005000,0.0005372013092611518,492847017.0039283
2024-10-31,82.04033660888672,0.0,90.91999816894533,0.0,91.44000244140624,90.91999816894533,91.3499984741211,0.0,10214600,0.00046433203623800264,495452592.6160358
2024-11-01,81.71578979492188,0.0,90.13999938964844,0.422,90.88999938964844,90.0999984741211,90.83999633789062,0.0,8926100,0.00046433203623800264,496331924.23675174
2024-11-04,82.0693359375,0.0,90.52999877929688,0.0,90.87000274658205,90.44000244140624,90.70999908447266,0.0,4915700,0.0006107437945735285,497359091.57400584
2024-11-05,82.32317352294922,0.0,90.80999755859376,0.0,90.81999969482422,90.20999908447266,90.4800033569336,0.0,6384800,0.0006970985013749741,498542996.8519483
2024-11-06,82.0602798461914,0.0,90.5199966430664,0.0,90.6999969482422,89.83000183105469,89.93000030517578,0.0,7362600,0.000904011843061185,501231938.6806246
2024-11-07,82.95777130126953,0.0,91.51000213623048,0.0,91.6500015258789,90.83000183105467,91.0,0.0,8684600,0.000904011843061185,505161182.9369076
2024-11-08,83.18439483642578,0.0,91.76000213623048,0.0,91.76000213623048,91.44000244140624,91.70999908447266,0.0,7686300,0.0008031384908207028,508333910.44325453
2024-11-11,83.01215362548828,0.0,91.56999969482422,0.0,91.68000030517578,91.45999908447266,91.68000030517578,0.0,2220000,0.0007559718797477395,508397965.1997824
2024-11-12,82.3685073852539,0.0,90.86000061035156,0.0,91.26000213623048,90.75,91.16000366210938,0.0,7934800,0.0007559718797477395,511963717.9947323
2024-11-13,82.25065612792969,0.0,90.7300033569336,0.0,91.27999877929688,90.66999816894533,91.0999984741211,0.0,4797400,0.001001444659109831,511294018.99460685
2024-11-14,82.04216003417969,0.0,90.5,0.0,91.04000091552734,90.5,91.02999877929688,0.0,6237600,0.0010444901987151172,513221454.27576095
2024-11-15,81.92430114746094,0.0,90.37000274658205,0.0,90.44000244140624,90.12999725341795,90.19000244140624,0.0,8478400,0.0010111842161363304,516682283.44056267
2024-11-18,82.02400207519531,0.0,90.4800033569336,0.0,90.52999877929688,90.13999938964844,90.47000122070312,0.0,4404400,0.001142514957889018,518420232.6188284
2024-11-19,82.41383361816406,0.0,90.91000366210938,0.0,90.98999786376952,90.43000030517578,90.56999969482422,0.0,5749500,0.001142514957889018,520294360.34022135
2024-11-20,82.42289733886719,0.0,90.91999816894533,0.0,90.91999816894533,90.61000061035156,90.70999908447266,0.0,6009600,0.00124895510981833,522216535.5100904
2024-11-21,82.45916748046875,0.0,90.95999908447266,0.0,91.11000061035156,90.9000015258789,90.97000122070312,0.0,4023400,0.00124895510981833,521726081.57357717
2024-11-22,82.35943603515625,0.0,90.8499984741211,0.0,91.12000274658205,90.76000213623048,91.0999984741211,0.0,4167500,0.001324213043342818,522971169.2605155
2024-11-25,83.1299819946289,0.0,91.6999969482422,0.0,91.73999786376952,91.4499969482422,91.47000122070312,0.0,7184700,0.001418048357789977,525307834.13336617
2024-11-26,83.01215362548828,0.0,91.56999969482422,0.0,91.58000183105467,91.37999725341795,91.48999786376952,0.0,4765600,0.0013901922811284625,524059518.8097636
2024-11-27,83.30224609375,0.0,91.88999938964844,0.0,91.98999786376952,91.68000030517578,91.68000030517578,0.0,3478100,0.0013901922811284625,523548152.3413098
2024-11-29,83.53795623779297,0.0,92.1500015258789,0.0,92.23999786376952,92.05999755859376,92.23999786376952,0.0,2447300,0.0013901922811284625,522924728.20094275
2024-12-02,83.44507598876953,0.0,91.66000366210938,0.388,91.8000030517578,91.4000015258789,91.44000244140624,0.0,5734200,0.0013901922811284625,522021395.43334717
2024-12-03,83.46327209472656,0.0,91.68000030517578,0.0,91.86000061035156,91.62999725341795,91.76000213623048,0.0,4021700,0.0012456042895349537,521535409.28150964
2024-12-04,83.77281951904297,0.0,92.0199966430664,0.0,92.04000091552734,91.4800033569336,91.4800033569336,0.0,3907000,0.0011904885593695283,519854416.30361646
2024-12-05,83.88207244873047,0.0,92.13999938964844,0.0,92.20999908447266,91.9499969482422,92.05999755859376,0.0,4392800,0.0009473307682680572,518253637.2023749
2024-12-06,84.16426849365234,0.0,92.4499969482422,0.0,92.58999633789062,92.26000213623048,92.4499969482422,0.0,4125200,0.0009473307682680572,517548881.94501364
2024-12-09,83.97309112548828,0.0,92.23999786376952,0.0,92.51000213623048,92.2300033569336,92.51000213623048,0.0,4377000,0.0010424533719199283,519021343.7776172
2024-12-10,83.83654022216797,0.0,92.08999633789062,0.0,92.26000213623048,92.0500030517578,92.26000213623048,0.0,4801300,0.0009524968996222228,520622552.75504094
2024-12-11,83.79103088378906,0.0,92.04000091552734,0.0,92.36000061035156,91.98999786376952,92.2699966430664,0.0,3577500,0.0010251297001422689,517766195.74297345
2024-12-12,83.35404968261719,0.0,91.55999755859376,0.0,92.01000213623048,91.55999755859376,92.01000213623048,0.0,4609100,0.0007796569207801774,515941141.96677434
2024-12-13,82.92615509033203,0.0,91.08999633789062,0.0,91.62000274658205,91.06999969482422,91.61000061035156,0.0,5677100,0.0007335386788992476,515704616.1389003
2024-12-16,82.99898529052734,0.0,91.16999816894533,0.0,91.3000030517578,90.98999786376952,91.23999786376952,0.0,5256300,0.0007353959762467192,514782270.52052814
2024-12-17,82.9534912109375,0.0,91.12000274658205,0.0,91.2300033569336,90.95999908447266,91.11000061035156,0.0,7183900,0.0006982819044590971,515078711.45896304
2024-12-18,81.70861053466797,0.0,89.33000183105469,0.429,90.68000030517578,89.25,90.62000274658205,0.0,9094400,0.0006982819044590971,518802058.8999188
2024-12-19,81.35189056396484,0.0,88.94000244140625,0.0,89.52999877929688,88.91999816894531,89.5199966430664,0.0,15042100,0.0005918417525297852,525528791.5331704
2024-12-20,81.91899108886719,0.0,89.55999755859375,0.0,89.8499984741211,89.01000213623047,89.01000213623047,0.0,6712000,0.000833054860071333,527372836.6852715
2024-12-23,81.70861053466797,0.0,89.33000183105469,0.0,89.73999786376953,89.25,89.73999786376953,0.0,4949100,0.0009363602778427076,528373357.09890336
2024-12-24,82.074462890625,0.0,89.7300033569336,0.0,89.73999786376953,89.25,89.4000015258789,0.0,2512500,0.0011009912530288613,525768785.8420962
2024-12-26,81.99215698242188,0.0,89.63999938964844,0.0,89.69999694824219,89.37999725341797,89.4800033569336,0.0,2379700,0.0011471766237404007,525255523.1987484
2024-12-27,81.68115997314453,0.0,89.30000305175781,0.0,89.4800033569336,89.2300033569336,89.45999908447266,0.0,2166200,0.001263279226646823,522178578.7905133
2024-12-30,81.8324966430664,0.0,89.20999908447266,0.255,89.44999694824219,89.1500015258789,89.1500015258789,0.0,4014100,0.0013450110352583563,519658891.3486481
2024-12-31,81.67656707763672,0.0,89.04000091552734,0.0,89.44000244140625,88.8499984741211,89.43000030517578,0.0,4415200,0.0014285474795038959,517714284.7441537
2025-01-02,81.95175170898438,0.0,89.33999633789062,0.0,89.5,89.05999755859375,89.36000061035156,0.0,7709700,0.001569993039504107,520442715.95132613
2025-01-03,82.09851837158203,0.0,89.5,0.0,89.76000213623047,89.4800033569336,89.66000366210938,0.0,4988400,0.00151025849595879,520131833.5828206
2025-01-06,82.13521575927734,0.0,89.54000091552734,0.0,89.66999816894531,89.41000366210938,89.55999755859375,0.0,5044200,0.0015535181805200562,519326398.9378248
2025-01-07,81.80499267578125,0.0,89.18000030517578,0.0,89.6500015258789,89.11000061035156,89.55000305175781,0.0,9445600,0.0016064520831193143,520799339.8079948
2025-01-08,81.86920166015625,0.0,89.25,0.0,89.25,88.9000015258789,89.06999969482422,0.0,5579300,0.0015113294794674432,520663539.7981129
2025-01-10,81.42888641357422,0.0,88.7699966430664,0.0,89.0,88.63999938964844,88.87000274658203,0.0,7313600,0.0017038820174523292,520778827.1413591
2025-01-13,81.30965423583984,0.0,88.63999938964844,0.0,88.73999786376953,88.44000244140625,88.73999786376953,0.0,6512900,0.001631249216932283,520676966.07832533
2025-01-14,81.42888641357422,0.0,88.7699966430664,0.0,88.81999969482422,88.56999969482422,88.73999786376953,0.0,4067100,0.001645547495135158,519976626.77195716
2025-01-15,82.36454772949219,0.0,89.79000091552734,0.0,89.91999816894531,89.54000091552734,89.6500015258789,0.0,6638700,0.001645547495135158,521497824.6765379
2025-01-16,82.26362609863281,0.0,89.68000030517578,0.0,89.80000305175781,89.41999816894531,89.5199966430664,0.0,5421800,0.0016940401970901014,520971088.78889537
2025-01-17,82.41957092285156,0.0,89.8499984741211,0.0,90.05000305175781,89.75,89.94000244140625,0.0,3558200,0.0015998235271250355,518374746.8410431
2025-01-21,82.97911834716797,0.0,90.45999908447266,0.0,90.45999908447266,90.13999938964844,90.25,0.0,6997100,0.0016248418123558516,519396255.2182334
2025-01-22,82.74980926513672,0.0,90.20999908447266,0.0,90.5500030517578,90.1999969482422,90.52999877929688,0.0,6916200,0.0017106982381930689,520790557.6417287
2025-01-23,82.73145294189453,0.0,90.19000244140624,0.0,90.1999969482422,89.87999725341797,89.95999908447266,0.0,8020700,0.0014694851306515208,524582888.3075835
2025-01-24,82.86906433105469,0.0,90.33999633789062,0.0,90.37999725341795,90.16000366210938,90.19000244140624,0.0,3170300,0.0012909217793556581,522991822.1889738
2025-01-27,83.1075668334961,0.0,90.5999984741211,0.0,90.61000061035156,90.26000213623048,90.26000213623048,0.0,5632600,0.0010171646590597663,523669105.96067643
2025-01-28,83.07086181640625,0.0,90.55999755859376,0.0,90.58000183105467,90.30999755859376,90.55999755859376,0.0,5528600,0.0010116941622648908,524689715.8150204
2025-01-29,82.99746704101562,0.0,90.4800033569336,0.0,90.73999786376952,90.22000122070312,90.66000366210938,0.0,5118400,0.0009836010909864122,524905534.7628518
2025-01-30,83.3460464477539,0.0,90.86000061035156,0.0,90.9800033569336,90.68000030517578,90.87000274658205,0.0,5949100,0.0009555034281008249,525082912.2680664
2025-01-31,83.06169128417969,0.0,90.5500030517578,0.0,90.94000244140624,90.4000015258789,90.79000091552734,0.0,9075200,0.0009220368796467795,525765834.15312994
2025-02-03,83.19168090820312,0.0,90.25,0.441,90.41999816894533,89.91999816894531,89.91999816894531,0.0,6566100,0.0007787675529045512,523126617.66141254
2025-02-04,83.48662567138672,0.0,90.56999969482422,0.0,90.5999984741211,90.16000366210938,90.19000244140624,0.0,7381700,0.0007787675529045512,522301449.1101704
2025-02-05,83.95675659179688,0.0,91.08000183105467,0.0,91.1500015258789,90.81999969482422,90.83000183105467,0.0,5726900,0.0007355078683432853,519351042.7067469
2025-02-06,83.88299560546875,0.0,91.0,0.0,91.18000030517578,90.88999938964844,91.06999969482422,0.0,3296400,0.0007877464457988382,513727540.0947329
2025-02-07,83.56038665771484,0.0,90.6500015258789,0.0,90.83000183105467,90.5999984741211,90.73999786376952,0.0,4935800,0.0007877464457988382,511856353.4087529
2025-02-10,83.56038665771484,0.0,90.6500015258789,0.0,90.83000183105467,90.56999969482422,90.68000030517578,0.0,3331500,0.0007111235215933506,511103039.7586217
2025-02-11,83.20086669921875,0.0,90.26000213623048,0.0,90.41000366210938,90.22000122070312,90.31999969482422,0.0,5996000,0.0007111235215933506,513427764.9063837
2025-02-12,82.93358612060547,0.0,89.97000122070312,0.0,90.13999938964844,89.61000061035156,89.68000030517578,0.0,6819800,0.000696825243390476,516169886.8454706
2025-02-13,83.61569213867188,0.0,90.70999908447266,0.0,90.7699966430664,90.3499984741211,90.37000274658205,0.0,6017900,0.000696825243390476,516934550.4886809
2025-02-14,83.87378692626953,0.0,90.98999786376952,0.0,91.18000030517578,90.91999816894533,90.91999816894533,0.0,7764000,0.0006464752440880614,519053249.90652174
2025-02-18,83.51431274414062,0.0,90.5999984741211,0.0,90.93000030517578,90.54000091552734,90.79000091552734,0.0,7565300,0.0006464752440880614,521894494.2184509
2025-02-19,83.53272247314453,0.0,90.62000274658205,0.0,90.68000030517578,90.33000183105467,90.4000015258789,0.0,4731700,0.0006214569588572456,522839328.7512038
2025-02-20,83.68944549560547,0.0,90.79000091552734,0.0,90.79000091552734,90.5199966430664,90.5999984741211,0.0,5621400,0.0005356005330200283,524475329.72133577
2025-02-21,83.71707916259766,0.0,90.81999969482422,0.0,91.01000213623048,90.73999786376952,90.93000030517578,0.0,5734700,0.0005356005330200283,524994715.53316265
2025-02-24,83.80005645751953,0.0,90.91000366210938,0.0,91.02999877929688,90.77999877929688,90.8499984741211,0.0,5036700,0.000639136682414224,521722277.09405684
2025-02-25,84.32549285888672,0.0,91.4800033569336,0.0,91.5,91.22000122070312,91.22000122070312,0.0,8637600,0.000639136682414224,520767882.1586427
2025-02-26,84.60200500488281,0.0,91.77999877929688,0.0,91.80999755859376,91.55999755859376,91.6500015258789,0.0,5851900,0.0005163518163737895,517984421.7703017
2025-02-27,84.31624603271484,0.0,91.47000122070312,0.0,91.66999816894533,91.41999816894533,91.66999816894533,0.0,8490500,0.0005251986859364942,521793925.3296807
2025-02-28,84.83245849609375,0.0,92.02999877929688,0.0,92.04000091552734,91.5500030517578,91.66999816894533,0.0,8204300,0.00048492547903430624,524585315.6708672
2025-03-03,84.65284729003906,0.0,91.4499969482422,0.386,91.58999633789062,91.18000030517578,91.18000030517578,0.0,8870600,0.000630550732897904,528658183.1854139
2025-03-04,84.52328491210938,0.0,91.30999755859376,0.0,91.45999908447266,91.2300033569336,91.43000030517578,0.0,7549800,0.0007100083398054361,530856692.7934374
2025-03-05,84.49549865722656,0.0,91.27999877929688,0.0,91.55999755859376,91.1500015258789,91.33999633789062,0.0,7621500,0.0007894431991506293,532886505.87268406
2025-03-06,83.9956283569336,0.0,90.73999786376952,0.0,90.91000366210938,90.66000366210938,90.83999633789062,0.0,6056200,0.0007894431991506293,533745559.33139133
2025-03-07,84.22705078125,0.0,90.98999786376952,0.0,91.08999633789062,90.87000274658205,90.97000122070312,0.0,5292900,0.0007281526107369462,532326131.46216375
2025-03-10,84.1159896850586,0.0,90.87000274658205,0.0,91.11000061035156,90.8000030517578,90.9800033569336,0.0,6780900,0.0008211767459193033,533187080.8729565
2025-03-11,83.94935607910156,0.0,90.69000244140624,0.0,91.01000213623048,90.62999725341795,90.91999816894533,0.0,10043100,0.0007190430920221555,534725946.91899014
2025-03-12,83.93084716796875,0.0,90.66999816894533,0.0,90.91999816894533,90.66999816894533,90.83000183105467,0.0,7540800,0.0008185936791133195,537403177.3560842
2025-03-13,83.8938217163086,0.0,90.62999725341795,0.0,90.68000030517578,90.47000122070312,90.5999984741211,0.0,9328700,0.0008185936791133195,540442977.5631315
2025-03-14,83.97712707519531,0.0,90.72000122070312,0.0,90.81999969482422,90.44000244140624,90.44000244140624,0.0,4198700,0.0008908195358489146,538164295.1256465
2025-03-17,84.19928741455078,0.0,90.95999908447266,0.0,90.9800033569336,90.77999877929688,90.80999755859376,0.0,6304400,0.0008908195358489146,538959692.6515186
2025-03-18,84.17151641845703,0.0,90.93000030517578,0.0,91.0500030517578,90.73999786376952,90.75,0.0,4764700,0.0009690890702069519,538585457.0300753
2025-03-19,84.63436126708984,0.0,91.43000030517578,0.0,91.5,90.9000015258789,90.94000244140624,0.0,7578200,0.0009690890702069519,540161191.0761878
2025-03-20,84.46772766113281,0.0,91.25,0.0,91.66000366210938,91.19000244140624,91.58000183105467,0.0,8001200,0.0009718906678578643,541295619.5648557
2025-03-21,84.21780395507812,0.0,90.9800033569336,0.0,91.1500015258789,90.87000274658205,91.1500015258789,0.0,5559800,0.0009718906678578643,538256251.9634792
2025-03-24,84.1622543334961,0.0,90.91999816894533,0.0,91.05999755859376,90.79000091552734,91.01000213623048,0.0,4259200,0.0009067999128067411,536861214.5113506
2025-03-25,84.2455825805664,0.0,91.01000213623048,0.0,91.0999984741211,90.79000091552734,90.79000091552734,0.0,4176200,0.0010410337124912923,536025543.2064844
2025-03-26,83.76422882080078,0.0,90.48999786376952,0.0,90.93000030517578,90.45999908447266,90.93000030517578,0.0,8930700,0.0010450064758078458,538544487.4454195
2025-03-27,83.57908630371094,0.0,90.29000091552734,0.0,90.45999908447266,90.29000091552734,90.3000030517578,0.0,5748800,0.0009481500746171975,538207902.582332
2025-03-28,83.67166137695312,0.0,90.38999938964844,0.0,90.58000183105467,90.27999877929688,90.58000183105467,0.0,5205100,0.0009946819401938259,538362867.662672
2025-03-31,83.85679626464844,0.0,90.58999633789062,0.0,90.62000274658205,90.2300033569336,90.2300033569336,0.0,6536500,0.0009351872005806408,537996534.9518912
2025-04-01,84.12642669677734,0.0,90.4800033569336,0.4,90.62999725341795,90.31999969482422,90.38999938964844,0.0,10159100,0.0009867076366592991,541252582.0636265
2025-04-02,84.0892333984375,0.0,90.44000244140624,0.0,90.62000274658205,90.2300033569336,90.62000274658205,0.0,4780700,0.0010382508203002963,540384061.2943437
2025-04-03,83.587158203125,0.0,89.9000015258789,0.0,90.37000274658205,89.86000061035156,90.1999969482422,0.0,7118300,0.0010382508203002963,540858152.6161315
2025-04-04,82.36914825439453,0.0,88.58999633789062,0.0,89.44999694824219,88.55000305175781,89.36000061035156,0.0,15339200,0.0009943689286591683,545378224.8131646
2025-04-07,81.03954315185547,0.0,87.16000366210938,0.0,89.4000015258789,87.04000091552734,87.63999938964844,0.0,21774200,0.0010568604302733692,554561593.169282
2025-04-08,80.46308898925781,0.0,86.54000091552734,0.0,88.33000183105469,86.36000061035156,88.26000213623047,0.0,13280700,0.001090881905116608,557163362.781894
2025-04-09,82.53650665283203,0.0,88.7699966430664,0.0,88.94000244140625,84.77999877929688,86.26000213623047,0.0,18436700,0.0016002528456359126,566721738.6096652
2025-04-10,80.93728637695312,0.0,87.05000305175781,0.0,88.08000183105469,86.83000183105469,88.08000183105469,0.0,10675300,0.001848325898075972,570700607.0818038
2025-04-11,81.22550964355469,0.0,87.36000061035156,0.0,87.62999725341797,86.19000244140625,86.58999633789062,0.0,7298400,0.0017991569807857366,571396715.4256245
2025-04-14,82.07161712646484,0.0,88.2699966430664,0.0,88.87000274658203,87.9000015258789,88.87000274658203,0.0,5177600,0.0017991569807857366,570701783.0300528
2025-04-15,82.32266235351562,0.0,88.54000091552734,0.0,88.8499984741211,88.31999969482422,88.44000244140625,0.0,4518700,0.0019051514006039945,570952846.3150388
2025-04-16,82.35054016113281,0.0,88.56999969482422,0.0,88.75,88.3499984741211,88.63999938964844,0.0,3566900,0.0020878824102845183,572086211.2508441
2025-04-17,82.56440734863281,0.0,88.80000305175781,0.0,88.97000122070312,88.75,88.93000030517578,0.0,3325400,0.0021075076974832246,570773800.7758307
2025-04-21,81.60673522949219,0.0,87.7699966430664,0.0,88.51000213623047,87.55000305175781,88.36000061035156,0.0,5740000,0.0021075076974832246,572003190.8004397
2025-04-22,82.45282745361328,0.0,88.68000030517578,0.0,89.01000213623047,88.37000274658203,88.5199966430664,0.0,5868000,0.002334444798335792,571725416.1613101
2025-04-23,82.81544494628906,0.0,89.06999969482422,0.0,90.06999969482422,88.95999908447266,89.83999633789062,0.0,5841800,0.002200210998651241,572474342.7982572
2025-04-24,83.69871520996094,0.0,90.0199966430664,0.0,90.02999877929688,89.45999908447266,89.55000305175781,0.0,3271700,0.002382686198018056,570668034.489344
2025-04-25,84.03345489501953,0.0,90.37999725341795,0.0,90.4499969482422,90.02999877929688,90.16000366210938,0.0,4015100,0.002382686198018056,569535979.1906992
2025-04-28,84.12642669677734,0.0,90.4800033569336,0.0,90.5199966430664,90.08999633789062,90.2300033569336,0.0,5043500,0.002471343324699589,569471309.6990312
2025-04-29,84.23802185058594,0.0,90.5999984741211,0.0,90.62000274658205,90.16999816894533,90.27999877929688,0.0,5574100,0.00245862841810867,569944331.5963987
2025-04-30,83.64293670654297,0.0,89.95999908447266,0.0,90.20999908447266,89.76000213623047,89.76000213623047,0.0,12070400,0.0025498749646065784,575217679.700246
2025-05-01,83.68217468261719,0.0,89.5999984741211,0.402,89.83999633789062,89.43000030517578,89.81999969482422,0.0,4837600,0.0024188969216203883,575282803.309147
2025-05-02,83.45801544189453,0.0,89.36000061035156,0.0,89.58000183105469,89.31999969482422,89.54000091552734,0.0,3303100,0.0024188969216203883,573207976.2683324
2025-05-05,83.28992462158203,0.0,89.18000030517578,0.0,89.37000274658203,89.08999633789062,89.36000061035156,0.0,4309000,0.0024188969216203883,573350669.3237426
2025-05-06,83.6354751586914,0.0,89.55000305175781,0.0,89.62000274658203,89.16999816894531,89.48999786376953,0.0,7230400,0.0022634308422107897,571118692.5679404
2025-05-07,83.96236419677734,0.0,89.9000015258789,0.0,90.02999877929688,89.6500015258789,90.0,0.0,4383400,0.0022156134074853,567860510.172199
2025-05-08,83.62612915039062,0.0,89.54000091552734,0.0,89.94999694824219,89.52999877929688,89.94999694824219,0.0,5234500,0.0016959101805310566,568048437.3134129
2025-05-09,83.75688934326172,0.0,89.68000030517578,0.0,89.76000213623047,89.61000061035156,89.68000030517578,0.0,3615800,0.0014828815107714901,566020352.1760426
2025-05-12,84.24253845214844,0.0,90.1999969482422,0.0,90.26000213623048,90.06999969482422,90.20999908447266,0.0,6084800,0.0014598245713261303,565086911.0184745
2025-05-13,84.3172607421875,0.0,90.27999877929688,0.0,90.4499969482422,90.22000122070312,90.41999816894533,0.0,4821800,0.0014598245713261303,562234405.7292817
2025-05-14,84.0370864868164,0.0,89.9800033569336,0.0,90.20999908447266,89.87000274658203,90.1999969482422,0.0,3366700,0.0012755606171498347,559041078.5299331
2025-05-15,84.3172607421875,0.0,90.27999877929688,0.0,90.31999969482422,89.95999908447266,90.1500015258789,0.0,4056700,0.001153375095849791,560334360.0515639
2025-05-16,84.47603607177734,0.0,90.4499969482422,0.0,90.69000244140624,90.26000213623048,90.5199966430664,0.0,3062000,0.001130948211000173,556810566.0659487
2025-05-19,84.53207397460938,0.0,90.51000213623048,0.0,90.5199966430664,89.81999969482422,89.9000015258789,0.0,3858700,0.001130948211000173,556127890.0908576
2025-05-20,84.40132141113281,0.0,90.37000274658205,0.0,90.4499969482422,90.16000366210938,90.16000366210938,0.0,5181900,0.0009424768440362477,555364283.0847665
2025-05-21,83.62612915039062,0.0,89.54000091552734,0.0,90.1999969482422,89.5,90.0999984741211,0.0,7544900,0.0009424768440362479,554645055.4785835
2025-05-22,83.90631103515625,0.0,89.83999633789062,0.0,89.98999786376953,89.44999694824219,89.58999633789062,0.0,6326100,0.0009365216000709493,555992886.224995
2025-05-23,83.99037170410156,0.0,89.93000030517578,0.0,89.98999786376953,89.68000030517578,89.93000030517578,0.0,4432900,0.001047460113221064,555008470.6083086
2025-05-27,84.5040512084961,0.0,90.4800033569336,0.0,90.55999755859376,90.08999633789062,90.08999633789062,0.0,6079000,0.0008989101821391447,555037320.7623618
2025-05-28,84.32659149169922,0.0,90.29000091552734,0.0,90.44000244140624,90.12999725341795,90.36000061035156,0.0,4109700,0.0008997504970010336,555077768.0357434
2025-05-29,84.61612701416016,0.0,90.5999984741211,0.0,90.6500015258789,90.19000244140624,90.19000244140624,0.0,4568700,0.0007239720740899884,555357981.0864403
2025-05-30,84.61612701416016,0.0,90.5999984741211,0.0,90.66999816894533,90.43000030517578,90.62000274658205,0.0,8235700,0.0007756912206226229,556050976.6369108
2025-06-02,84.58328247070312,0.0,90.16000366210938,0.405,90.27999877929688,89.95999908447266,90.08000183105467,0.0,5414800,0.0007890046851834578,556462186.1391643
2025-06-03,84.85535430908203,0.0,90.4499969482422,0.0,90.4499969482422,90.30999755859376,90.38999938964844,0.0,5761600,0.0008013942237783281,558061663.0878932
2025-06-04,85.17430877685547,0.0,90.79000091552734,0.0,90.91999816894533,90.6999969482422,90.76000213623048,0.0,4655800,0.0008013446663913685,559626594.7349427
2025-06-05,84.9679183959961,0.0,90.56999969482422,0.0,90.91999816894533,90.47000122070312,90.91000366210938,0.0,6480100,0.0008689273149832726,560113149.195444
2025-06-06,84.83659362792969,0.0,90.43000030517578,0.0,90.66000366210938,90.38999938964844,90.66000366210938,0.0,5160200,0.000779709014327048,560890351.0235983
2025-06-09,85.05236053466797,0.0,90.66000366210938,0.0,90.76000213623048,90.45999908447266,90.5999984741211,0.0,3577600,0.0008294799035112793,560611169.2951627
2025-06-10,85.42760467529297,0.0,91.05999755859376,0.0,91.05999755859376,90.8000030517578,90.95999908447266,0.0,6668200,0.0008294799035112793,562217944.5840623
2025-06-11,85.68091583251953,0.0,91.33000183105467,0.0,91.4000015258789,91.1500015258789,91.1500015258789,0.0,6011000,0.0008294799035112793,563548181.9935511
2025-06-12,85.83100128173828,0.0,91.48999786376952,0.0,91.48999786376952,91.3000030517578,91.33999633789062,0.0,5468100,0.0008294799035112793,564314388.2369571
2025-06-13,85.28691101074219,0.0,90.91000366210938,0.0,91.19000244140624,90.83999633789062,91.19000244140624,0.0,6522400,0.0008326026030094442,565511211.3200414
2025-06-16,85.38072204589844,0.0,91.01000213623048,0.0,91.33000183105467,90.9800033569336,91.0999984741211,0.0,5454100,0.0009319978430075765,566837437.90239
2025-06-17,85.44638061523438,0.0,91.08000183105467,0.0,91.25,90.9800033569336,91.18000030517578,0.0,4668500,0.001053974996141202,566862817.2976358
2025-06-18,85.39007568359375,0.0,91.0199966430664,0.0,91.27999877929688,90.80999755859376,91.27999877929688,0.0,5097600,0.00107242857233655,566441043.6204759
2025-06-20,85.50267028808594,0.0,91.13999938964844,0.0,91.25,90.9499969482422,91.06999969482422,0.0,3351300,0.0011884233059893906,565061842.1806275
2025-06-23,85.74658966064453,0.0,91.4000015258789,0.0,91.47000122070312,90.95999908447266,91.18000030517578,0.0,5895700,0.0011030209988061681,564143350.1271747
2025-06-24,86.26256561279297,0.0,91.9499969482422,0.0,92.0500030517578,91.48999786376952,91.62999725341795,0.0,10997500,0.0009920824856560532,565721265.3873807
2025-06-25,86.21566009521484,0.0,91.9000015258789,0.0,91.91000366210938,91.66000366210938,91.83000183105467,0.0,5299300,0.0010620706791273373,558968577.0331125
2025-06-26,86.47834777832031,0.0,92.18000030517578,0.0,92.19000244140624,91.80999755859376,92.0,0.0,5574800,0.0009377448608144601,558276183.0814301
2025-06-27,86.40328979492188,0.0,92.0999984741211,0.0,92.2699966430664,91.94000244140624,92.08000183105467,0.0,6464900,0.0009480366192050286,559492962.1931227
2025-06-30,86.89112854003906,0.0,92.62000274658205,0.0,92.62999725341795,92.26000213623048,92.44000244140624,0.0,13050700,0.0008963174726723943,567297003.7519364
2025-07-01,87.06068420410156,0.0,92.41999816894533,0.38,92.62000274658205,92.18000030517578,92.62000274658205,0.0,10515400,0.0010460437235753472,573316979.483668
2025-07-02,86.97589874267578,0.0,92.33000183105467,0.0,92.33999633789062,92.04000091552734,92.20999908447266,0.0,10020700,0.0010762634362984935,579124674.5847611
2025-07-03,87.12662506103516,0.0,92.48999786376952,0.0,92.58000183105467,92.19000244140624,92.25,0.0,3216900,0.0010762634362984935,578643985.8292292
2025-07-07,86.68387603759766,0.0,92.0199966430664,0.0,92.29000091552734,91.95999908447266,92.29000091552734,0.0,6999300,0.0011275122529392058,580635621.9440036
2025-07-08,86.41068267822266,0.0,91.7300033569336,0.0,91.9000015258789,91.6500015258789,91.9000015258789,0.0,8096700,0.0011275122529392058,581063604.0742723
2025-07-09,87.02300262451172,0.0,92.37999725341795,0.0,92.4000015258789,91.80999755859376,91.87000274658205,0.0,6169000,0.0010426969810744815,582043210.4477353
2025-07-10,86.89112091064453,0.0,92.23999786376952,0.0,92.30999755859376,92.02999877929688,92.2699966430664,0.0,5247600,0.0011251231698869706,582300202.0364004
2025-07-11,86.43896484375,0.0,91.76000213623048,0.0,92.18000030517578,91.73999786376952,92.18000030517578,0.0,6748000,0.0011401882407677134,580529074.1279299
2025-07-14,86.4483642578125,0.0,91.7699966430664,0.0,91.87999725341795,91.62000274658205,91.66000366210938,0.0,5403400,0.0011401882407677134,580512546.1506374
2025-07-15,86.2128677368164,0.0,91.5199966430664,0.0,91.93000030517578,91.45999908447266,91.93000030517578,0.0,8144400,0.0011647788007993465,581275619.2713602
2025-07-16,86.27880859375,0.0,91.58999633789062,0.0,91.6999969482422,91.22000122070312,91.4800033569336,0.0,9524600,0.0010653835608012143,583617322.6610032
2025-07-17,86.37300109863281,0.0,91.69000244140624,0.0,91.7699966430664,91.5199966430664,91.5999984741211,0.0,5462500,0.0009434064076675889,584727006.6688538
2025-07-18,86.5614242553711,0.0,91.88999938964844,0.0,92.06999969482422,91.86000061035156,92.06999969482422,0.0,6848100,0.0008480417032405254,584990364.0160152
2025-07-21,86.89112091064453,0.0,92.23999786376952,0.0,92.4800033569336,92.18000030517578,92.4800033569336,0.0,4334500,0.0007795773576952561,584304548.500824
2025-07-22,87.04183959960938,0.0,92.4000015258789,0.0,92.5199966430664,92.2300033569336,92.36000061035156,0.0,8572600,0.0007854554960194341,588053786.5048727
2025-07-23,87.07952880859375,0.0,92.44000244140624,0.0,92.47000122070312,92.33000183105467,92.41999816894533,0.0,7278700,0.0008272828273936173,588370337.1888115
2025-07-24,87.06068420410156,0.0,92.41999816894533,0.0,92.55999755859376,92.3000030517578,92.3000030517578,0.0,3561900,0.0008034193163457273,586031292.7111126
2025-07-25,87.34329223632812,0.0,92.72000122070312,0.0,92.73999786376952,92.41000366210938,92.51000213623048,0.0,4583200,0.0008034193163457273,583662779.6715328
2025-07-28,87.28678131103516,0.0,92.66000366210938,0.0,92.70999908447266,92.56999969482422,92.68000030517578,0.0,7068100,0.0007837453046954332,586587583.4929148
2025-07-29,87.6164779663086,0.0,93.01000213623048,0.0,93.08999633789062,92.80999755859376,92.87000274658205,0.0,6547900,0.0007837453046954332,587370969.5372204
2025-07-30,87.46574401855469,0.0,92.8499984741211,0.0,93.04000091552734,92.6500015258789,92.87999725341795,0.0,6119000,0.0006727653640104761,587906518.2527815
2025-07-31,87.48458862304688,0.0,92.87000274658205,0.0,93.0500030517578,92.79000091552734,92.91999816894533,0.0,7525700,0.000719378805837897,589777938.3360182
2025-08-01,87.73155212402344,0.0,92.72000122070312,0.411,92.77999877929688,92.5500030517578,92.63999938964844,0.0,11771400,0.000719378805837897,594150231.9291795
2025-08-04,88.16680145263672,0.0,93.18000030517578,0.0,93.1999969482422,92.91999816894533,93.0,0.0,5397900,0.0006005473406052806,591620207.6113383
2025-08-05,88.16680145263672,0.0,93.18000030517578,0.0,93.2699966430664,93.08000183105467,93.16999816894533,0.0,8602300,0.0006005473406052806,593278713.8940781
2025-08-06,88.22355651855469,0.0,93.23999786376952,0.0,93.25,92.87000274658205,93.18000030517578,0.0,5786400,0.0006327060900394819,592254613.5519482
2025-08-07,88.35604095458984,0.0,93.37999725341795,0.0,93.4800033569336,93.26000213623048,93.33999633789062,0.0,5698300,0.0005502799012269928,592337956.2175267
2025-08-08,88.35604095458984,0.0,93.37999725341795,0.0,93.4000015258789,93.2300033569336,93.2300033569336,0.0,3442600,0.0005714780508969669,592508571.9202617
2025-08-11,88.46958923339844,0.0,93.5,0.0,93.5999984741211,93.37999725341795,93.37999725341795,0.0,3606600,0.0005714780508969669,591633864.1620758
2025-08-12,88.63990020751953,0.0,93.68000030517578,0.0,93.72000122070312,93.5,93.56999969482422,0.0,7298100,0.0004832193029866884,594663114.4013118
2025-08-13,89.07515716552734,0.0,94.13999938964844,0.0,94.18000030517578,94.0,94.11000061035156,0.0,6574900,0.0004832193029866884,595280273.9979638
2025-08-14,88.87645721435547,0.0,93.93000030517578,0.0,94.08000183105467,93.8000030517578,93.9499969482422,0.0,7868300,0.0004997087353533064,596276242.3080928
2025-08-15,88.80074310302734,0.0,93.8499984741211,0.0,94.0,93.73999786376952,93.95999908447266,0.0,3679500,0.0005538310174473973,594684475.3707522
2025-08-18,88.88590240478516,0.0,93.94000244140624,0.0,94.04000091552734,93.6999969482422,93.6999969482422,0.0,2727200,0.0006194875112444885,591111037.5234816
2025-08-19,88.92375183105469,0.0,93.9800033569336,0.0,94.08999633789062,93.91000366210938,93.94000244140624,0.0,4412700,0.0005185189613854631,588962540.6374251
2025-08-20,88.7818374633789,0.0,93.83000183105467,0.0,93.94000244140624,93.73999786376952,93.87000274658205,0.0,4509500,0.00047669163001127986,588917617.8299737
2025-08-21,88.49797058105469,0.0,93.52999877929688,0.0,93.79000091552734,93.45999908447266,93.75,0.0,11054800,0.0004305669475878859,593073082.2693295
2025-08-22,89.1413803100586,0.0,94.20999908447266,0.0,94.2699966430664,93.52999877929688,93.52999877929688,0.0,8250400,0.00043100396660407977,595108357.8581916
2025-08-25,88.7912826538086,0.0,93.83999633789062,0.0,94.02999877929688,93.83999633789062,93.97000122070312,0.0,4721200,0.0004246581034283533,594990508.4555368
2025-08-26,88.7723617553711,0.0,93.81999969482422,0.0,93.83000183105467,93.5999984741211,93.75,0.0,6172100,0.0004246581034283533,593315101.6549065
2025-08-27,88.66829681396484,0.0,93.70999908447266,0.0,93.73999786376952,93.48999786376952,93.73999786376952,0.0,4194700,0.000475261383332414,592172228.3081055
2025-08-28,89.18869018554688,0.0,94.26000213623048,0.0,94.3000030517578,93.86000061035156,93.91000366210938,0.0,9425600,0.0003860386901869766,593059776.1713663
2025-08-29,89.05623626708984,0.0,94.12000274658205,0.0,94.19000244140624,94.0,94.06999969482422,0.0,8476400,0.00043633870129700895,593399118.0149865
2025-09-02,88.71603393554688,0.0,93.36000061035156,0.402,93.37999725341795,93.02999877929688,93.12000274658205,0.0,9614900,0.00043633870129700895,594085076.1652992
2025-09-03,89.09614562988281,0.0,93.76000213623048,0.0,93.77999877929688,93.4000015258789,93.41999816894533,0.0,9263900,0.00043633870129700895,595507386.1988068
2025-09-04,89.4477310180664,0.0,94.12999725341795,0.0,94.13999938964844,93.8499984741211,94.0199966430664,0.0,5900200,0.0004041799518628078,594393856.8265703
2025-09-05,90.04640197753906,0.0,94.76000213623048,0.0,94.77999877929688,94.5500030517578,94.66000366210938,0.0,10635500,0.0004041799518628078,598031003.0778189
2025-09-08,90.03689575195312,0.0,94.75,0.0,94.79000091552734,94.5,94.5,0.0,6535200,0.00047007927213355195,599123139.905651
2025-09-09,89.95137786865234,0.0,94.66000366210938,0.0,94.76000213623048,94.5500030517578,94.6999969482422,0.0,6004100,0.0005568533957452887,598743518.6863127
2025-09-10,90.4455108642578,0.0,95.18000030517578,0.0,95.30999755859376,94.75,94.83999633789062,0.0,9816200,0.0005568533957452887,598930004.0472363
2025-09-11,90.77806854248048,0.0,95.52999877929688,0.0,95.6999969482422,95.27999877929688,95.30999755859376,0.0,11143500,0.0005568533957452887,601952339.1202897
2025-09-12,90.51203155517578,0.0,95.25,0.0,95.41999816894533,95.18000030517578,95.41999816894533,0.0,5215800,0.0006210583079442514,599185235.1093534
2025-09-15,90.83511352539062,0.0,95.58999633789062,0.0,95.6500015258789,95.33999633789062,95.37999725341795,0.0,5308700,0.0005822025858546146,600189620.382636
2025-09-16,90.77806854248048,0.0,95.52999877929688,0.0,95.70999908447266,95.4499969482422,95.70999908447266,0.0,5454700,0.0005127123073258743,599774059.0025827
2025-09-17,90.7305679321289,0.0,95.4800033569336,0.0,95.9000015258789,95.30999755859376,95.73999786376952,0.0,8381900,0.0005818722007661077,602687151.6032445
2025-09-18,90.35047149658205,0.0,95.08000183105467,0.0,95.7699966430664,95.04000091552734,95.7699966430664,0.0,7793600,0.0006810963249047852,603069220.4441798
2025-09-19,90.25545501708984,0.0,94.9800033569336,0.0,95.0500030517578,94.83999633789062,94.95999908447266,0.0,6499600,0.0006810963249047852,602174161.1570268
2025-09-22,90.45499420166016,0.0,95.19000244140624,0.0,95.23999786376952,95.04000091552734,95.12000274658205,0.0,5110100,0.0006806593058885913,602020191.3856931
2025-09-23,90.8065948486328,0.0,95.55999755859376,0.0,95.56999969482422,95.3000030517578,95.33999633789062,0.0,5840300,0.0006499412557509897,603376164.3820444
2025-09-24,90.74958038330078,0.0,95.5,0.0,95.8000030517578,95.43000030517578,95.7300033569336,0.0,7173600,0.0006499412557509897,605796821.7556847
2025-09-25,90.5215301513672,0.0,95.26000213623048,0.0,95.5999984741211,95.18000030517578,95.5999984741211,0.0,7982600,0.0005472782010680983,605418119.129738
2025-09-26,90.4930191040039,0.0,95.2300033569336,0.0,95.4000015258789,95.0999984741211,95.3000030517578,0.0,6119900,0.0005677606912752839,605923983.7351421
2025-09-29,90.6450653076172,0.0,95.38999938964844,0.0,95.47000122070312,95.2300033569336,95.2300033569336,0.0,4182200,0.0005354111298906201,605356135.0813669
2025-09-30,90.45499420166016,0.0,95.19000244140624,0.0,95.51000213623048,95.16999816894533,95.43000030517578,0.0,7422900,0.0006318334985776551,606264423.6373962
2025-10-01,90.7632064819336,0.0,95.12000274658205,0.393,95.16999816894533,94.83999633789062,94.87999725341795,0.0,10072500,0.0006318334985776551,606573160.348202
2025-10-02,90.8109130859375,0.0,95.16999816894533,0.0,95.23999786376952,94.91000366210938,94.91999816894533,0.0,6074000,0.0007165317747833021,607729478.1990476
2025-10-03,90.8490982055664,0.0,95.20999908447266,0.0,95.33000183105467,95.12999725341795,95.2699966430664,0.0,4600800,0.0007165317747833021,606127152.6667156
2025-10-06,90.73458099365234,0.0,95.08999633789062,0.0,95.18000030517578,95.02999877929688,95.18000030517578,0.0,5126800,0.0006143692339618409,599211340.9317864
2025-10-07,90.69641876220705,0.0,95.0500030517578,0.0,95.18000030517578,94.97000122070312,95.06999969482422,0.0,7018300,0.000588592647714801,589443484.4609821
2025-10-08,90.7441177368164,0.0,95.0999984741211,0.0,95.2699966430664,95.01000213623048,95.2699966430664,0.0,10027500,0.0006320382233528825,587890337.1954297
2025-10-09,90.69641876220705,0.0,95.0500030517578,0.0,95.22000122070312,94.87999725341795,95.19000244140624,0.0,7375700,0.0006802617142955761,580465214.2620934
2025-10-10,90.29564666748048,0.0,94.62999725341795,0.0,95.2300033569336,94.56999969482422,95.13999938964844,0.0,16586400,0.0007041037450524687,585546849.8880113
2025-10-13,90.91587829589844,0.0,95.27999877929688,0.0,95.3000030517578,94.91999816894533,95.01000213623048,0.0,4121700,0.0008182470809507859,583603416.0984403
2025-10-14,90.87771606445312,0.0,95.23999786376952,0.0,95.44000244140624,94.91000366210938,95.02999877929688,0.0,9988300,0.0009296697756644498,587526106.0670398
2025-10-15,91.19259643554688,0.0,95.56999969482422,0.0,95.7699966430664,95.38999938964844,95.62999725341795,0.0,11401300,0.0008605098822242164,592998618.252624
2025-10-16,91.32618713378906,0.0,95.70999908447266,0.0,95.77999877929688,95.55999755859376,95.66000366210938,0.0,7380300,0.0008231761777313168,596097413.2870023
2025-10-17,91.35481262207033,0.0,95.73999786376952,0.0,95.76000213623048,95.5199966430664,95.70999908447266,0.0,6359200,0.0009059214309280285,598585780.4637243
2025-10-20,91.75557708740234,0.0,96.16000366210938,0.0,96.16000366210938,95.9499969482422,95.97000122070312,0.0,7665700,0.0009059214309280285,600437637.2838944
2025-10-21,91.8700714111328,0.0,96.27999877929688,0.0,96.51000213623048,96.26000213623048,96.41000366210938,0.0,4754100,0.0009059214309280285,599940419.0331475
2025-10-22,91.6792449951172,0.0,96.08000183105467,0.0,96.31999969482422,95.9800033569336,96.31999969482422,0.0,6725600,0.0009059214309280285,600939359.7958277
2025-10-23,91.61244201660156,0.0,96.01000213623048,0.0,96.12999725341795,95.93000030517578,96.0999984741211,0.0,4820500,0.0009115492102399854,602275056.5599593
2025-10-24,91.8796157836914,0.0,96.29000091552734,0.0,96.44000244140624,96.12999725341795,96.33000183105467,0.0,4003300,0.0008910667200327998,602454366.351173
2025-10-27,92.5857391357422,0.0,97.02999877929688,0.0,97.04000091552734,96.75,96.98999786376952,0.0,5751700,0.0008731162703074311,603261918.311873
2025-10-28,92.5857391357422,0.0,97.02999877929688,0.0,97.06999969482422,96.9000015258789,97.06999969482422,0.0,4779900,0.0007967817308047536,602934777.3568774
2025-10-29,92.17542266845705,0.0,96.5999984741211,0.0,97.02999877929688,96.5500030517578,96.98999786376952,0.0,7368500,0.0007967817308047536,599966078.2759833
2025-10-30,92.07044982910156,0.0,96.48999786376952,0.0,96.68000030517578,96.30999755859376,96.5199966430664,0.0,9112500,0.0007120834545991065,603504301.7118181
2025-10-31,92.2422103881836,0.0,96.66999816894533,0.0,96.81999969482422,96.5500030517578,96.72000122070312,0.0,8851600,0.0007221094225007952,607952866.2973434
2025-11-03,91.97195434570312,0.0,95.97000122070312,0.418,96.51000213623048,95.93000030517578,96.51000213623048,0.0,9436800,0.0007221094225007952,612090747.9338872
2025-11-04,91.86654663085938,0.0,95.86000061035156,0.0,96.01000213623048,95.75,95.80999755859376,0.0,6231700,0.0006611118851360983,611693037.0111738
2025-11-05,91.665283203125,0.0,95.6500015258789,0.0,95.94000244140624,95.6500015258789,95.94000244140624,0.0,5893900,0.0006547960279204045,613039734.4501011
2025-11-06,91.97195434570312,0.0,95.97000122070312,0.0,96.08999633789062,95.88999938964844,96.05999755859376,0.0,6867800,0.0006851138837955712,614550890.3198726
2025-11-07,92.01988220214844,0.0,96.0199966430664,0.0,96.12000274658205,95.72000122070312,96.12000274658205,0.0,6388900,0.0006399095171325399,616846106.2837571
2025-11-10,92.230712890625,0.0,96.23999786376952,0.0,96.2699966430664,95.94000244140624,95.94000244140624,0.0,6128300,0.0005104996212297687,617171016.10501
2025-11-11,92.44153594970705,0.0,96.45999908447266,0.0,96.48999786376952,96.22000122070312,96.2699966430664,0.0,2303500,0.00035538032314018294,615479615.388955
2025-11-12,92.4798812866211,0.0,96.5,0.0,96.5199966430664,96.2300033569336,96.45999908447266,0.0,7200700,0.00047593725100156497,618590185.8071948
2025-11-13,92.02945709228516,0.0,96.02999877929688,0.0,96.5500030517578,96.0,96.54000091552734,0.0,6880200,0.0005038545816806806,620927223.319523
2025-11-14,91.97195434570312,0.0,95.97000122070312,0.0,96.16000366210938,95.97000122070312,96.0500030517578,0.0,7216100,0.00042354218143835133,624225407.7255007
2025-11-17,91.99112701416016,0.0,95.98999786376952,0.0,96.3499984741211,95.97000122070312,96.20999908447266,0.0,9950600,0.00047995374878532035,629034194.4516923
2025-11-18,91.96238708496094,0.0,95.95999908447266,0.0,96.12000274658205,95.87000274658205,96.0199966430664,0.0,6411200,0.00047995374878532035,630200308.9667547
2025-11-19,92.11571502685548,0.0,96.12000274658205,0.0,96.18000030517578,95.98999786376952,96.05999755859376,0.0,8184800,0.0005226837349294048,631082472.820506
2025-11-20,91.8952865600586,0.0,95.88999938964844,0.0,96.3499984741211,95.86000061035156,96.19000244140624,0.0,14798800,0.0005617236280393444,637834219.8215727
2025-11-21,92.14446258544922,0.0,96.1500015258789,0.0,96.25,95.88999938964844,95.88999938964844,0.0,5329600,0.0007100707155658257,638737317.8356957
2025-11-24,92.33612823486328,0.0,96.3499984741211,0.0,96.43000030517578,96.23999786376952,96.38999938964844,0.0,5421700,0.0007100707155658257,638517895.9810953
2025-11-25,92.5757064819336,0.0,96.5999984741211,0.0,96.63999938964844,96.31999969482422,96.4000015258789,0.0,10391300,0.0006899828863814683,643539600.3253937
2025-11-26,92.67156219482422,0.0,96.6999969482422,0.0,96.73999786376952,96.4499969482422,96.61000061035156,0.0,4718700,0.0007048016685822731,643875902.4092901
2025-11-28,92.70030975341795,0.0,96.7300033569336,0.0,96.8000030517578,96.61000061035156,96.75,0.0,2628400,0.0007048016685822731,639971860.6107985
2025-12-01,92.3751220703125,0.0,96.0199966430664,0.372,96.22000122070312,95.93000030517578,95.94000244140624,0.0,11152100,0.0006947757006805844,644595878.2039218
2025-12-02,92.75994110107422,0.0,96.41999816894533,0.0,96.47000122070312,96.04000091552734,96.11000061035156,0.0,10879900,0.0006947757006805844,648785586.4234561
2025-12-03,92.8753890991211,0.0,96.54000091552734,0.0,96.7300033569336,96.41999816894533,96.72000122070312,0.0,6136300,0.0006947757006805844,650132398.4977056
2025-12-04,92.79842376708984,0.0,96.45999908447266,0.0,96.51000213623048,96.3000030517578,96.47000122070312,0.0,8229000,0.0006576459822581965,651774197.5250366
2025-12-05,92.67337036132812,0.0,96.33000183105467,0.0,96.62999725341795,96.27999877929688,96.47000122070312,0.0,5998300,0.0006519683061949353,652656573.4171671
2025-12-08,92.28854370117188,0.0,95.93000030517578,0.0,96.25,95.87999725341795,96.23999786376952,0.0,6617200,0.0005926362975354931,655120404.916515
2025-12-09,92.21157836914062,0.0,95.8499984741211,0.0,95.9800033569336,95.72000122070312,95.9800033569336,0.0,7763900,0.0005926362975354931,656207417.0389993
2025-12-10,92.58678436279295,0.0,96.23999786376952,0.0,96.25,95.68000030517578,95.8499984741211,0.0,7249100,0.0006638671656054422,657387327.5747753
2025-12-11,92.65411376953124,0.0,96.30999755859376,0.0,96.44000244140624,96.23999786376952,96.3499984741211,0.0,4875800,0.0005433102377440602,657143770.6603096
2025-12-12,92.6060028076172,0.0,96.26000213623048,0.0,96.37999725341795,96.18000030517578,96.26000213623048,0.0,8805800,0.00048213118671016394,659165158.9057498
2025-12-15,92.7310791015625,0.0,96.38999938964844,0.0,96.54000091552734,96.30999755859376,96.4499969482422,0.0,7951600,0.00047969833375578156,661308627.6874603
2025-12-16,92.98120880126952,0.0,96.6500015258789,0.0,96.66000366210938,96.4000015258789,96.4499969482422,0.0,8632600,0.00043221627180314436,664555721.4543176
2025-12-17,92.625244140625,0.0,96.27999877929688,0.0,96.54000091552734,96.25,96.54000091552734,0.0,7068300,0.0005441104999630326,666274391.1406987
2025-12-18,93.0293197631836,0.0,96.6999969482422,0.0,96.73999786376952,96.5,96.68000030517578,0.0,5520100,0.0006096013653798515,668086741.7216468
2025-12-19,92.9839324951172,0.0,96.2699966430664,0.383,96.43000030517578,96.19000244140624,96.4000015258789,0.0,4903900,0.0006391713160490843,667556832.5751531
2025-12-22,93.02254486083984,0.0,96.30999755859376,0.0,96.5,96.20999908447266,96.41999816894533,0.0,2877200,0.0005740979790994623,661730507.4444968
2025-12-23,92.9742660522461,0.0,96.26000213623048,0.0,96.36000061035156,96.1500015258789,96.25,0.0,4529900,0.0005842088946125145,661326082.8856938
2025-12-24,93.25437927246094,0.0,96.5500030517578,0.0,96.56999969482422,96.3499984741211,96.4800033569336,0.0,1328900,0.0005842088946125145,658265926.0075524
2025-12-26,93.24470520019533,0.0,96.54000091552734,0.0,96.72000122070312,96.41000366210938,96.63999938964844,0.0,2965600,0.0005820793310041426,655812606.535963
2025-12-29,93.29298400878906,0.0,96.58999633789062,0.0,96.6500015258789,96.45999908447266,96.62000274658205,0.0,4935600,0.0006490881443009528,650002874.1239033
2025-12-30,93.17710876464844,0.0,96.47000122070312,0.0,96.62000274658205,96.47000122070312,96.58000183105467,0.0,4021700,0.0007142027921620575,645369065.8315507
2025-12-31,92.99356842041016,0.0,96.27999877929688,0.0,96.61000061035156,96.27999877929688,96.54000091552734,0.0,3672200,0.0007422925111258694,640832146.4836848
2026-01-02,93.01290130615234,0.0,96.3000030517578,0.0,96.5,96.20999908447266,96.5,0.0,9525800,0.0007915449686586786,645751221.840371
2026-01-05,93.15776824951172,0.0,96.4499969482422,0.0,96.47000122070312,96.27999877929688,96.4499969482422,0.0,6030100,0.0008625498392317314,645255408.8569883
2026-01-06,93.0611801147461,0.0,96.3499984741211,0.0,96.4499969482422,96.20999908447266,96.4499969482422,0.0,7385000,0.0008474214939175401,645008062.9883479
2026-01-07,92.87767791748048,0.0,96.16000366210938,0.0,96.4499969482422,96.13999938964844,96.4499969482422,0.0,9562600,0.0009502023042560672,647783042.7340856
2026-01-08,92.73280334472656,0.0,96.01000213623048,0.0,96.08999633789062,95.83999633789062,95.93000030517578,0.0,8138000,0.0009502023042560672,650142493.4054723
2026-01-09,93.07085418701172,0.0,96.36000061035156,0.0,96.36000061035156,96.08999633789062,96.19000244140624,0.0,6646400,0.000878971436186118,650311149.0692925
2026-01-12,92.99356842041016,0.0,96.27999877929688,0.0,96.38999938964844,96.0999984741211,96.0999984741211,0.0,7895000,0.0009996951981122355,652408455.3431133
2026-01-13,92.87767791748048,0.0,96.16000366210938,0.0,96.31999969482422,96.08999633789062,96.29000091552734,0.0,7871300,0.0010590847518181213,652499953.5666511
2026-01-14,93.07085418701172,0.0,96.36000061035156,0.0,96.37000274658205,96.0999984741211,96.25,0.0,6723900,0.0011528008542676267,650718659.352239
2026-01-15,93.1094970703125,0.0,96.4000015258789,0.0,96.5199966430664,96.36000061035156,96.44000244140624,0.0,7041300,0.001143871348873295,652130760.0856357
2026-01-16,92.92596435546876,0.0,96.20999908447266,0.0,96.48999786376952,96.1999969482422,96.4499969482422,0.0,9285200,0.0010459879454504484,654226451.9799126
2026-01-20,92.46236419677734,0.0,95.7300033569336,0.0,95.91999816894533,95.66999816894533,95.77999877929688,0.0,7840300,0.0009377670938895452,657010084.3178401
2026-01-21,93.20606994628906,0.0,96.5,0.0,96.51000213623048,95.97000122070312,96.0,0.0,15998700,0.0008635294707984159,662976483.4997389
2026-01-22,93.18675231933594,0.0,96.4800033569336,0.0,96.72000122070312,96.2699966430664,96.5,0.0,10693000,0.0007802557202215565,665824242.4689883
2026-01-23,93.4185562133789,0.0,96.72000122070312,0.0,96.73999786376952,96.37999725341795,96.55999755859376,0.0,14874100,0.0009029724182007592,674629259.7600907
2026-01-26,93.51514434814452,0.0,96.81999969482422,0.0,96.87000274658205,96.75,96.79000091552734,0.0,7558300,0.0009029724182007592,677064500.1894451
2026-01-27,93.4765167236328,0.0,96.77999877929688,0.0,96.87000274658205,96.6500015258789,96.81999969482422,0.0,7602600,0.0009284210484119414,677706162.465916
2026-01-28,93.36061096191406,0.0,96.66000366210938,0.0,96.8000030517578,96.5500030517578,96.76000213623048,0.0,6810800,0.0008776514202978025,678097525.6401546
2026-01-29,93.37026977539062,0.0,96.66999816894533,0.0,96.75,96.4499969482422,96.56999969482422,0.0,8092100,0.0008631140912905115,679796844.30301
2026-01-30,93.28336334228516,0.0,96.58000183105467,0.0,96.76000213623048,96.5500030517578,96.73999786376952,0.0,10989800,0.0009051777150817043,682673694.4970812
2026-02-02,93.25909423828124,0.0,96.13999938964844,0.415,96.45999908447266,96.13999938964844,96.20999908447266,0.0,16267300,0.0008559252575488952,686423646.7963022
2026-02-03,93.27848815917967,0.0,96.16000366210938,0.0,96.3000030517578,95.97000122070312,96.3000030517578,0.0,10483100,0.000784920386975842,690432207.199024
2026-02-04,93.3172836303711,0.0,96.1999969482422,0.0,96.4000015258789,96.08999633789062,96.37000274658205,0.0,12475700,0.0007557565290409894,693595699.1458651
2026-02-05,93.55010986328124,0.0,96.44000244140624,0.0,96.5,96.2300033569336,96.33999633789062,0.0,12106900,0.0006919473913212323,698580346.303952
2026-02-06,93.79261016845705,0.0,96.69000244140624,0.0,96.69000244140624,96.44000244140624,96.5999984741211,0.0,7991400,0.0006919473913212323,700489721.281421
2026-02-09,93.82171630859376,0.0,96.72000122070312,0.0,96.87999725341795,96.41999816894533,96.6500015258789,0.0,12302300,0.0007714438046051205,707381852.1740626
2026-02-10,94.06422424316406,0.0,96.97000122070312,0.0,97.08999633789062,96.94000244140624,97.06999969482422,0.0,5804900,0.0006804041605370492,709172995.5080789
2026-02-11,94.07392120361328,0.0,96.9800033569336,0.0,97.08999633789062,96.83000183105467,96.9499969482422,0.0,6827200,0.000642335692459527,709001692.8786445
2026-02-12,94.33582305908205,0.0,97.25,0.0,97.4000015258789,97.0500030517578,97.1999969482422,0.0,7447200,0.0005486195900100216,709837241.4343032
2026-02-13,94.500732421875,0.0,97.41999816894533,0.0,97.61000061035156,97.30999755859376,97.4800033569336,0.0,6711900,0.0005486195900100216,709161081.6272311
2026-02-17,94.69474029541016,0.0,97.62000274658205,0.0,97.76000213623048,97.54000091552734,97.5999984741211,0.0,4672100,0.0005866040417076481,710040203.4164913
2026-02-18,94.73353576660156,0.0,97.66000366210938,0.0,97.7699966430664,97.5500030517578,97.70999908447266,0.0,7574300,0.0006868852920716541,713877608.1076001
2026-02-19,94.62683868408205,0.0,97.5500030517578,0.0,97.58000183105467,97.23999786376952,97.45999908447266,0.0,6826600,0.0006868852920716541,715871491.361727
2026-02-20,94.72384643554688,0.0,97.6500015258789,0.0,97.6500015258789,97.4000015258789,97.5500030517578,0.0,7931600,0.0007017444901869685,718660335.4795486
2026-02-23,94.78204345703124,0.0,97.70999908447266,0.0,97.8000030517578,97.5,97.72000122070312,0.0,7163400,0.0005689168766947135,716009386.0901545
2026-02-24,94.72384643554688,0.0,97.6500015258789,0.0,97.75,97.52999877929688,97.52999877929688,0.0,6290800,0.0006579633488081303,714715945.2421582
2026-02-25,94.81114196777344,0.0,97.73999786376952,0.0,97.79000091552734,97.5999984741211,97.62999725341795,0.0,5507900,0.0006577454140867804,715472332.0955186
2026-02-26,94.75294494628906,0.0,97.68000030517578,0.0,97.77999877929688,97.5500030517578,97.75,0.0,4959600,0.0007135682697390783,714721437.7256545
2026-02-27,94.80145263671876,0.0,97.7300033569336,0.0,97.73999786376952,97.4800033569336,97.62999725341795,0.0,8824800,0.0007212431312380578,718446536.1420405
2026-03-02,94.4731903076172,0.0,96.98999786376952,0.403,97.0,96.69000244140624,96.76000213623048,0.0,16800000,0.0007556965179995647,724327289.2212156
2026-03-03,94.04461669921876,0.0,96.5500030517578,0.0,96.66999816894533,95.91000366210938,95.95999908447266,0.0,16425800,0.00081885108567065,730582148.3390445
2026-03-04,94.35631561279295,0.0,96.87000274658205,0.0,96.93000030517578,96.41999816894533,96.5199966430664,0.0,12548500,0.00081885108567065,733105371.8279097
2026-03-05,93.87902069091795,0.0,96.37999725341795,0.0,96.58000183105467,96.22000122070312,96.33999633789062,0.0,12868300,0.000932906457083275,736055081.6284361
2026-03-06,93.26536560058594,0.0,95.75,0.0,96.01000213623048,95.5,95.7300033569336,0.0,12473300,0.0008939347844645052,741125975.7967328
2026-03-09,93.46991729736328,0.0,95.95999908447266,0.0,96.08999633789062,95.04000091552734,95.08999633789062,0.0,21921600,0.0010415482630680903,749822616.377767
2026-03-10,93.46017456054688,0.0,95.9499969482422,0.0,96.5,95.94000244140624,96.05999755859376,0.0,13780800,0.0009620518497842021,755402437.9487537
2026-03-11,93.15821075439452,0.0,95.63999938964844,0.0,96.11000061035156,95.5999984741211,96.11000061035156,0.0,14478700,0.0009323677319261561,761881761.2120492
2026-03-12,92.37897491455078,0.0,94.83999633789062,0.0,95.36000061035156,94.83999633789062,95.27999877929688,0.0,39160000,0.000882417947006795,783942303.5739232
2026-03-13,91.93092346191406,0.0,94.37999725341795,0.0,95.2699966430664,94.3499984741211,95.05999755859376,0.0,20572100,0.0009415995941591887,790903067.06678
2026-03-16,92.29132080078124,0.0,94.75,0.0,94.95999908447266,94.55999755859376,94.55999755859376,0.0,11271600,0.0010480168767915455,795436234.9239228
2026-03-17,92.63223266601562,0.0,95.0999984741211,0.0,95.23999786376952,95.01000213623048,95.02999877929688,0.0,10304200,0.0010486691571889226,799186003.104225
2026-03-18,91.91144561767578,0.0,94.36000061035156,0.0,95.0500030517578,94.36000061035156,95.01000213623048,0.0,12867800,0.0009483879068249168,804686940.6559112
2026-03-19,92.17442321777344,0.0,94.62999725341795,0.0,94.69000244140624,93.86000061035156,93.93000030517578,0.0,15194700,0.0009483879068249168,809747024.6172527
2026-03-20,90.73284149169922,0.0,93.1500015258789,0.0,94.3499984741211,93.0999984741211,94.30999755859376,0.0,13836900,0.001176944914689039,814095371.8699743
2026-03-23,91.61921691894533,0.0,94.05999755859376,0.0,94.3499984741211,93.4499969482422,93.5199966430664,0.0,24642000,0.0015517241752003095,827591359.4098166
2026-03-24,91.15167999267578,0.0,93.58000183105467,0.0,93.93000030517578,93.4000015258789,93.68000030517578,0.0,12780100,0.0016487721044353837,833222560.5996995
2026-03-25,91.97962188720705,0.0,94.43000030517578,0.0,94.5500030517578,94.1500015258789,94.3000030517578,0.0,14139200,0.0017189268549194358,839389747.9534574
2026-03-26,91.0347900390625,0.0,93.45999908447266,0.0,94.31999969482422,93.43000030517578,94.2699966430664,0.0,16244200,0.0016468648140844666,846001685.3909811
2026-03-27,90.53801727294922,0.0,92.9499969482422,0.0,93.33000183105467,92.87000274658205,93.18000030517578,0.0,15107100,0.0015886126337316734,851111069.564347
2026-03-30,90.69387817382812,0.0,93.11000061035156,0.0,93.43000030517578,92.87999725341795,93.2699966430664,0.0,12637900,0.0016876495140941202,855824694.7958508
2026-03-31,91.49259948730467,0.0,93.93000030517578,0.0,94.22000122070312,93.3000030517578,93.5999984741211,0.0,17521100,0.0016244949464230348,865720066.8029907
2026-04-01,91.8694305419922,0.0,93.86000061035156,0.455,94.12000274658205,93.7300033569336,93.83000183105467,0.0,13253800,0.0017261798283118707,869985271.6201904
2026-04-02,91.9770965576172,0.0,93.97000122070312,0.0,94.12000274658205,93.43000030517578,93.5500030517578,0.0,9752600,0.0017152162512341115,869654760.5586036
2026-04-06,91.94773864746094,0.0,93.94000244140624,0.0,94.05999755859376,93.76000213623048,93.81999969482422,0.0,4038400,0.0017953108973244806,868077814.0267085
2026-04-07,91.99666595458984,0.0,93.98999786376952,0.0,94.0500030517578,93.41000366210938,93.94000244140624,0.0,6875500,0.0017206132519527826,869730084.3959506
2026-04-08,93.09291076660156,0.0,95.11000061035156,0.0,95.61000061035156,94.94000244140624,95.51000213623048,0.0,10216200,0.0017206132519527826,873572587.5309535
2026-04-09,93.48443603515624,0.0,95.51000213623048,0.0,95.73999786376952,94.91000366210938,95.08000183105467,0.0,8487600,0.0020205987129018497,874711962.5921704
2026-04-10,93.47464752197266,0.0,95.5,0.0,95.75,95.33999633789062,95.7300033569336,0.0,7361300,0.0021287018914727587,872722985.7294779
2026-04-13,93.99341583251952,0.0,96.02999877929688,0.0,96.02999877929688,95.37000274658205,95.51000213623048,0.0,7197500,0.0021795347112157984,872644538.1795187
2026-04-14,94.41429138183594,0.0,96.45999908447266,0.0,96.55999755859376,96.11000061035156,96.22000122070312,0.0,5340600,0.0020731174285834415,864276151.5498873
2026-04-15,94.208740234375,0.0,96.25,0.0,96.41999816894533,96.13999938964844,96.20999908447266,0.0,5840000,0.0021207408771482805,865620472.4152156
2026-04-16,93.91510772705078,0.0,95.9499969482422,0.0,96.2699966430664,95.8000030517578,96.2699966430664,0.0,5145700,0.0021207408771482805,861989077.4043734
2026-04-17,94.61983489990234,0.0,96.66999816894533,0.0,96.93000030517578,96.4800033569336,96.6999969482422,0.0,6010300,0.002184400884097884,857952517.503375
2026-04-20,94.54151916503906,0.0,96.58999633789062,0.0,96.72000122070312,96.47000122070312,96.62000274658205,0.0,4514100,0.002009505586838348,855806869.854373
2026-04-21,94.09127807617188,0.0,96.12999725341795,0.0,96.55999755859376,96.12000274658205,96.48999786376952,0.0,4455900,0.0016347263263270773,854374456.047597
2026-04-22,94.3359832763672,0.0,96.37999725341795,0.0,96.54000091552734,96.1999969482422,96.5,0.0,5613500,0.0015941605896886868,852818070.1310052
2026-04-23,93.8955307006836,0.0,95.93000030517578,0.0,96.4499969482422,95.7300033569336,96.31999969482422,0.0,9456500,0.0014860859251223696,856385032.8745706
2026-04-24,94.15979766845705,0.0,96.1999969482422,0.0,96.2300033569336,95.87000274658205,96.16000366210938,0.0,7559100,0.001592930736078828,857027808.5620033
2026-04-27,93.99341583251952,0.0,96.02999877929688,0.0,96.1999969482422,95.94000244140624,96.13999938964844,0.0,4898200,0.0016985441358038443,857087792.0915513
2026-04-28,93.91510772705078,0.0,95.9499969482422,0.0,95.9499969482422,95.6500015258789,95.7300033569336,0.0,6547400,0.0014949005259248859,859014341.6895972
2026-04-29,93.47464752197266,0.0,95.5,0.0,95.83000183105467,95.33000183105467,95.70999908447266,0.0,6457200,0.0015995060000658016,859479223.880241
2026-04-30,93.76829528808594,0.0,95.8000030517578,0.0,95.93000030517578,95.62000274658205,95.70999908447266,0.0,9821500,0.0016091776093289788,863265779.7437941
2026-05-01,93.9452133178711,0.0,95.56999969482422,0.41,95.91999816894533,95.5500030517578,95.62999725341795,0.0,8328500,0.0016069249339344554,863933697.6303161
2026-05-04,93.46355438232422,0.0,95.08000183105467,0.0,95.56999969482422,94.81999969482422,95.56999969482422,0.0,9252300,0.001526830287844086,863937218.2287912
2026-05-05,93.89608001708984,0.0,95.5199966430664,0.0,95.55999755859376,95.19000244140624,95.41000366210938,0.0,6227200,0.001563192201572318,861866884.6359617
2026-05-06,94.6333236694336,0.0,96.2699966430664,0.0,96.29000091552734,96.05999755859376,96.0999984741211,0.0,6394300,0.001563192201572318,859564738.0646539
2026-05-07,94.26961517333984,0.0,95.9000015258789,0.0,96.41999816894533,95.8499984741211,96.41000366210938,0.0,4231300,0.0013192329920877959,858044189.7365025
2026-05-08,94.51536560058594,0.0,96.1500015258789,0.0,96.3000030517578,96.08000183105467,96.18000030517578,0.0,3380900,0.0012627194072908393,856149919.8647999
2026-05-11,94.3384246826172,0.0,95.97000122070312,0.0,96.16000366210938,95.9000015258789,96.12999725341795,0.0,2376800,0.0011527049403954055,852729274.8212905
2026-05-12,94.0926742553711,0.0,95.72000122070312,0.0,95.79000091552734,95.55999755859376,95.7699966430664,0.0,7073800,0.0011527049403954055,853234369.9647994
2026-05-13,93.91574096679688,0.0,95.54000091552734,0.0,95.66000366210938,95.44000244140624,95.52999877929688,0.0,8683000,0.0010881283745966498,855137435.4333787
2026-05-14,93.91574096679688,0.0,95.54000091552734,0.0,95.94000244140624,95.5199966430664,95.77999877929688,0.0,4858000,0.0010881283745966498,857057576.0409703
2026-05-15,93.09983825683594,0.0,94.70999908447266,0.0,95.05999755859376,94.70999908447266,95.05999755859376,0.0,7101100,0.001024468367647046,856880414.3306429
2026-05-18,93.0113754272461,0.0,94.62000274658205,0.0,94.93000030517578,94.4800033569336,94.66000366210938,0.0,7403000,0.0009559474589271455,857196019.7491479
2026-05-19,92.6476593017578,0.0,94.25,0.0,94.43000030517578,94.0500030517578,94.37000274658205,0.0,10819800,0.0009559474589271455,859793138.9887613
2026-05-20,93.3062744140625,0.0,94.91999816894533,0.0,95.06999969482422,94.25,94.29000091552734,0.0,13079900,0.0008104187942170446,862066043.8404022
2026-05-21,93.37507629394533,0.0,94.98999786376952,0.0,95.0999984741211,94.56999969482422,94.73999786376952,0.0,9653100,0.0009710621865528518,864460720.0487227
2026-05-22,93.5520248413086,0.0,95.16999816894533,0.0,95.23999786376952,94.98999786376952,95.23999786376952,0.0,3282600,0.0008642173755963933,860696291.7749859
2026-05-26,94.0140380859375,0.0,95.63999938964844,0.0,95.70999908447266,95.43000030517578,95.66999816894533,0.0,5666400,0.0007586039758713774,853735002.6446207
2026-05-27,94.34825134277344,0.0,95.9800033569336,0.0,95.98999786376952,95.7699966430664,95.93000030517578,0.0,6074500,0.0007586039758713774,854295236.6308061
2026-05-28,94.59400177001952,0.0,96.2300033569336,0.0,96.2699966430664,95.8000030517578,95.88999938964844,0.0,6077900,0.0006778910821964071,854791233.0647423
2026-05-29,94.79060363769533,0.0,96.43000030517578,0.0,96.51000213623048,96.29000091552734,96.30999755859376,0.0,7382900,0.0005665345910443939,852474832.1529086
2026-06-01,94.77776336669922,0.0,96.01000213623048,0.407,96.01000213623048,95.68000030517578,95.95999908447266,0.0,6351100,0.00043712400459849715,853692854.7637637
2026-06-02,95.02456665039062,0.0,96.26000213623048,0.0,96.2699966430664,96.06999969482422,96.26000213623048,0.0,4572000,0.00043712400459849715,855167899.120458
2026-06-03,94.66918182373048,0.0,95.9000015258789,0.0,96.06999969482422,95.7300033569336,95.97000122070312,0.0,5619400,0.0003836225797324123,850946278.9935641
2026-06-04,94.86661529541016,0.0,96.0999984741211,0.0,96.19000244140624,95.97000122070312,96.1500015258789,0.0,4132200,0.0004024175937907589,845772187.5302027
2026-06-05,94.17560577392578,0.0,95.4000015258789,0.0,95.8499984741211,95.37999725341795,95.75,0.0,7364100,0.00034639134232621396,846646288.6700343
2026-06-08,94.05713653564452,0.0,95.27999877929688,0.0,95.6999969482422,95.2699966430664,95.6999969482422,0.0,6165200,0.0003668689922790277,845008597.5272405
2026-06-09,94.44212341308594,0.0,95.66999816894533,0.0,95.79000091552734,95.20999908447266,95.61000061035156,0.0,6926100,0.0005464195809215825,845681642.9584684
2026-06-10,94.1262435913086,0.0,95.3499984741211,0.0,95.75,95.26000213623048,95.2699966430664,0.0,8400300,0.0007729986649803735,847000536.5629348
2026-06-11,95.03443145751952,0.0,96.2699966430664,0.0,96.3000030517578,95.48999786376952,95.54000091552734,0.0,8187200,0.0007964520807732233,847349837.4626402
2026-06-12,95.12328338623048,0.0,96.36000061035156,0.0,96.38999938964844,96.08999633789062,96.3000030517578,0.0,5364400,0.0007964520807732233,845915394.7543856
2026-06-15,95.46878051757812,0.0,96.70999908447266,0.0,96.81999969482422,96.63999938964844,96.68000030517578,0.0,5828000,0.0007964520807732233,846661724.8223865
2026-06-16,95.4292984008789,0.0,96.66999816894533,0.0,96.87000274658205,96.5,96.5,0.0,6190200,0.0008481697337731365,844683631.9323404
2026-06-17,95.04429626464844,0.0,96.27999877929688,0.0,96.8000030517578,96.26000213623048,96.62000274658205,0.0,8741800,0.0009037996814894034,845280503.156008
2026-06-18,95.48854064941406,0.0,96.7300033569336,0.0,96.83999633789062,96.66999816894533,96.80999755859376,0.0,3129100,0.0009365802957083568,841060955.9364197
2026-06-22,95.16276550292967,0.0,96.4000015258789,0.0,96.7699966430664,96.36000061035156,96.48999786376952,0.0,5290700,0.0007759369033725498,839707682.7038901
2026-06-23,95.02456665039062,0.0,96.26000213623048,0.0,96.44000244140624,96.20999908447266,96.2699966430664,0.0,5800700,0.0007759369033725498,839902775.8883158
2026-06-24,95.33058166503906,0.0,96.56999969482422,0.0,96.66999816894533,96.44000244140624,96.5199966430664,0.0,8401100,0.0008326523490480421,842594805.9510005
2026-06-25,95.32070922851562,0.0,96.55999755859376,0.0,96.83000183105467,96.5500030517578,96.8000030517578,0.0,4464600,0.0008326523490480421,843817017.38056
2026-06-26,95.30096435546876,0.0,96.54000091552734,0.0,96.66000366210938,96.48999786376952,96.54000091552734,0.0,3732600,0.0008087597685820967,843216200.1086583
2026-06-29,95.57737731933594,0.0,96.81999969482422,0.0,96.8499984741211,96.61000061035156,96.79000091552734,0.0,6278800,0.000813906032975918,847022613.7199947
2026-06-30,95.20225524902344,0.0,96.44000244140624,0.0,96.80999755859376,96.44000244140624,96.73999786376952,0.0,7812100,0.0008650659647511733,850729755.9133075
2026-07-01,95.18242645263672,0.0,96.0199966430664,0.4,96.12999725341795,95.81999969482422,95.9499969482422,0.0,6533200,0.0008650659647511733,851924900.8033328
2026-07-02,95.36084747314452,0.0,96.1999969482422,0.0,96.23999786376952,96.0199966430664,96.11000061035156,0.0,7169200,0.0008092896426571391,854319373.9319998
2026-07-06,95.5095443725586,0.0,96.3499984741211,0.0,96.41000366210938,96.13999938964844,96.29000091552734,0.0,3853900,0.0007904946285987926,854460356.8494767
2026-07-07,95.10311889648438,0.0,95.94000244140624,0.0,96.20999908447266,95.83000183105467,96.0999984741211,0.0,4552500,0.0008232613981674075,850646327.421255
2026-07-08,94.95442962646484,0.0,95.79000091552734,0.0,95.79000091552734,95.45999908447266,95.7699966430664,0.0,11891900,0.0007511941544406415,855071105.0822848
2026-07-09,95.1229476928711,0.0,95.95999908447266,0.0,96.02999877929688,95.6999969482422,95.7300033569336,0.0,4765200,0.0005716435657980867,853053040.3910621
2026-07-10,95.1526870727539,0.0,95.98999786376952,0.0,96.0,95.7699966430664,95.93000030517578,0.0,5939700,0.00043599929708334616,850280120.8616347
2026-07-13,94.54800415039062,0.0,95.37999725341795,0.0,95.91000366210938,95.33000183105467,95.69000244140624,0.0,7052500,0.0004194915413416762,849417724.3000878
2026-07-14,94.73634338378906,0.0,95.56999969482422,0.0,95.79000091552734,95.41999816894533,95.7300033569336,0.0,5672500,0.0005559363545280538,848637356.9605025
2026-07-15,94.89495849609376,0.0,95.7300033569336,0.0,95.83000183105467,95.62999725341795,95.70999908447266,0.0,4021400,0.000619737996401807,845659881.1282567
2026-07-16,94.75617218017578,0.0,95.58999633789062,0.0,95.69000244140624,95.47000122070312,95.5,0.0,4193900,0.0005680203434018938,842834410.0871131
2026-07-17,94.69669342041016,0.0,95.52999877929688,0.0,95.75,95.5,95.66999816894533,0.0,5382000,0.0005793483889147751,841772723.1452578
2026-07-20,94.53809356689452,0.0,95.37000274658205,0.0,95.6500015258789,95.33000183105467,95.5999984741211,0.0,2928500,0.0005465677746958216,838602165.3857276
2026-07-21,94.54800415039062,0.0,95.37999725341795,0.0,95.61000061035156,95.23999786376952,95.61000061035156,0.0,4001700,0.0006466587132270751,834541475.3183455
2026-07-22,94.26053619384766,0.0,95.08999633789062,0.0,95.3499984741211,95.02999877929688,95.22000122070312,0.0,3737500,0.0006466587132270751,831405339.7309924
2026-07-23,93.7054214477539,0.0,94.52999877929688,0.0,94.6999969482422,94.48999786376952,94.66000366210938,0.0,7675300,0.0005899432675515829,824910669.4899665
2026-07-24,93.81446075439452,0.0,94.63999938964844,0.0,94.77999877929688,94.4800033569336,94.6500015258789,0.0,7179100,0.000674441414021016,822115188.090939
2026-07-27,94.13166809082033,0.0,94.95999908447266,0.0,95.1500015258789,94.86000061035156,95.1500015258789,0.0,3460300,0.0006744414140210158,813305403.2867734
2026-07-28,94.3596649169922,0.0,95.19000244140624,0.0,95.2300033569336,94.87000274658205,94.88999938964844,0.0,6840300,0.0007865666956348202,812665193.5249207
2026-07-29,93.7351531982422,0.0,94.55999755859376,0.0,95.05999755859376,94.51000213623048,94.97000122070312,0.0,7479400,0.0008208540304982779,812438784.2155578
2026-07-30,93.9631576538086,0.0,94.79000091552734,0.0,94.80999755859376,94.55999755859376,94.62000274658205,0.0,6212100,0.0008899577333970708,811887300.1817915
2026-07-31,93.83428955078124,0.0,94.66000366210938,0.0,94.79000091552734,94.48999786376952,94.73999786376952,0.0,7046900,0.0009798438860571374,810972985.004201
2026-08-03,94.3360824584961,0.0,94.75,0.414,94.83999633789062,94.5199966430664,94.5199966430664,0.0,8311500,0.0010928907686209828,808799331.995289
2026-08-04,94.80403137207033,0.0,95.22000122070312,0.0,95.25,94.91000366210938,95.0500030517578,0.0,9029600,0.0010601239990523678,803210921.7647431
2026-08-05,94.7542495727539,0.0,95.16999816894533,0.0,95.3000030517578,95.11000061035156,95.23999786376952,0.0,3735100,0.0010601239990523678,798031671.9692714
2026-08-06,94.53520965576172,0.0,94.9499969482422,0.0,95.29000091552734,94.91999816894533,95.16999816894533,0.0,4901700,0.001105638988249612,792200355.2876366
2026-08-07,94.82394409179688,0.0,95.23999786376952,0.0,95.33000183105467,95.04000091552734,95.3000030517578,0.0,3435300,0.001141786610155803,785530422.7408394
2026-08-10,94.42568969726562,0.0,94.83999633789062,0.0,95.22000122070312,94.81999969482422,95.22000122070312,0.0,3522500,0.001104269226918477,782049354.4994899
2026-08-11,94.41574096679688,0.0,94.83000183105467,0.0,95.01000213623048,94.70999908447266,94.70999908447266,0.0,5224900,0.0009678244137320994,776538233.9086139
2026-08-12,94.52526092529295,0.0,94.94000244140624,0.0,95.11000061035156,94.9000015258789,95.04000091552734,0.0,2388400,0.0009500289752770036,773870404.8748441
2026-08-13,94.94342041015624,0.0,95.36000061035156,0.0,95.4499969482422,95.16000366210938,95.19000244140624,0.0,4024900,0.000985682091486363,771661774.6172103
2026-08-14,94.63478088378906,0.0,95.0500030517578,0.0,95.33000183105467,95.0,95.33000183105467,0.0,3715400,0.0009431892138540331,768716604.6278332
2026-08-17,94.28630065917967,0.0,94.6999969482422,0.0,95.01000213623048,94.69000244140624,95.0,0.0,3237300,0.0009431892138540331,765960247.5993444
2026-08-18,94.2265625,0.0,94.63999938964844,0.0,94.7300033569336,94.45999908447266,94.4800033569336,0.0,6019800,0.0008430982753227796,766862021.039769
2026-08-19,94.69451141357422,0.0,95.11000061035156,0.0,95.16999816894533,94.97000122070312,95.05999755859376,0.0,5536900,0.0008430982753227796,765170817.8385113
2026-08-20,94.25643157958984,0.0,94.66999816894533,0.0,94.93000030517578,94.66999816894533,94.80999755859376,0.0,4191500,0.0008532782786054782,763034900.7471781
2026-08-21,94.30622100830078,0.0,94.72000122070312,0.0,94.86000061035156,94.62000274658205,94.79000091552734,0.0,4552800,0.000824627857948488,760310460.0285666
2026-08-24,94.4356460571289,0.0,94.8499984741211,0.0,95.0199966430664,94.80999755859376,94.83000183105467,0.0,1328900,0.0008359612543585535,755755780.3105551
2026-08-25,94.9633331298828,0.0,95.37999725341795,0.0,95.4000015258789,95.08000183105467,95.18000030517578,0.0,4576200,0.0007476461021990111,754344520.8965241
2026-08-26,94.89363861083984,0.0,95.30999755859376,0.0,95.33000183105467,95.16999816894533,95.27999877929688,0.0,5428500,0.0007100160464480089,754178236.6704365
2026-08-27,94.71442413330078,0.0,95.12999725341795,0.0,95.27999877929688,95.0999984741211,95.18000030517578,0.0,8893100,0.000692656797309114,757047656.1074272
2026-08-28,94.47547149658205,0.0,94.88999938964844,0.0,95.31999969482422,94.87000274658205,95.2300033569336,0.0,6784200,0.0006466888369468036,755311981.5061176
2026-08-31,94.35599517822266,0.0,94.7699966430664,0.0,94.87000274658205,94.68000030517578,94.81999969482422,0.0,4355100,0.0005336419543829584,745655639.0320611
2026-09-01,94.08999633789062,0.0,94.08999633789062,0.414,94.31999969482422,94.04000091552734,94.1500015258789,0.0,7165400,0.0005336419543829584,738419777.2831085
2026-09-02,94.1500015258789,0.0,94.1500015258789,0.0,94.1999969482422,94.0999984741211,94.1500015258789,0.0,7330200,0.0005558605357243492,734249659.1221522
2026-09-03,94.4499969482422,0.0,94.4499969482422,0.0,94.52999877929688,94.36000061035156,94.44000244140624,0.0,7905600,0.000510345546527105,730332493.8619765
2026-09-04,94.47000122070312,0.0,94.47000122070312,0.0,94.56999969482422,94.37999725341795,94.41999816894533,0.0,4754100,0.00044071648350088355,724418218.9239078
2026-09-08,94.36000061035156,0.0,94.36000061035156,0.0,94.45999908447266,94.29000091552734,94.41000366210938,0.0,9794300,0.0004355937670889014,715057849.3846046
2026-09-09,94.16999816894533,0.0,94.16999816894533,0.0,94.36000061035156,93.97000122070312,94.2699966430664,0.0,7390300,0.0004355937670889014,710087030.4919349
2026-09-10,93.41000366210938,0.0,93.41000366210938,0.0,93.75,93.4000015258789,93.6500015258789,0.0,10107300,0.0003895875636702443,706590046.9272614
2026-09-11,93.33999633789062,0.0,93.33999633789062,0.0,93.8000030517578,93.33000183105467,93.62999725341795,0.0,7128800,0.0005035631589084954,682395347.7947357
2026-09-14,93.22000122070312,0.0,93.22000122070312,0.0,93.43000030517578,92.94000244140624,93.12999725341795,0.0,8971800,0.000479098043311677,673623573.7110441
2026-09-15,92.98999786376952,0.0,92.98999786376952,0.0,93.12000274658205,92.88999938964844,93.08999633789062,0.0,7677000,0.0005456554565705714,670813257.1523151
2026-09-16,93.05999755859376,0.0,93.05999755859376,0.0,93.5,92.98999786376952,93.16999816894533,0.0,7563600,0.0005456554565705714,668622298.3686417
2026-09-17,93.66000366210938,0.0,93.66000366210938,0.0,93.66999816894533,93.41999816894533,93.47000122070312,0.0,6177200,0.0006208036016522674,663577464.7080679
2026-09-18,93.37999725341795,0.0,93.37999725341795,0.0,93.58000183105467,93.30999755859376,93.52999877929688,0.0,4687400,0.0007241392490014412,655639647.0879025
2026-09-21,93.77999877929688,0.0,93.77999877929688,0.0,93.8000030517578,93.51000213623048,93.54000091552734,0.0,7489900,0.0007150887411012672,650984849.9192011
2026-09-23,92.66000366210938,0.0,92.66000366210938,0.0,93.58999633789062,92.625,93.58999633789062,0.0,9840444,0.0007327580183030013,639826033.3893433
