Date,Adj Close,Capital Gains,Close,Dividends,High,Low,Open,Stock Splits,Volume,Spread,ADV_Dollars
2007-04-11,31.22307777404785,0.0,104.3499984741211,0.0,104.38999938964844,104.3499984741211,104.3499984741211,0.0,1900,,
2007-04-12,31.24402236938477,0.0,104.41999816894533,0.0,104.41999816894533,104.3499984741211,104.41999816894533,0.0,6100,,
2007-04-13,31.18716812133789,0.0,104.2300033569336,0.0,104.48999786376952,104.2300033569336,104.38999938964844,0.0,3400,,
2007-04-16,31.175195693969727,0.0,104.19000244140624,0.0,104.2699966430664,104.1500015258789,104.2699966430664,0.0,7600,,
2007-04-17,31.16024208068848,0.0,104.13999938964844,0.0,104.4000015258789,104.13999938964844,104.1500015258789,0.0,28100,,
2007-04-18,31.16921043395996,0.0,104.16999816894533,0.0,104.2699966430664,104.1500015258789,104.19000244140624,0.0,6300,,
2007-04-19,31.276931762695312,0.0,104.52999877929688,0.0,104.56999969482422,104.05999755859376,104.1999969482422,0.0,47500,,
2007-04-20,31.258983612060547,0.0,104.47000122070312,0.0,104.54000091552734,104.4499969482422,104.54000091552734,0.0,4900,,
2007-04-23,31.276931762695312,0.0,104.52999877929688,0.0,104.66000366210938,104.4499969482422,104.58999633789062,0.0,1700,,
2007-04-24,31.49237632751465,0.0,105.25,0.0,105.30999755859376,104.41999816894533,104.58999633789062,0.0,398500,,
2007-04-25,31.54023742675781,0.0,105.41000366210938,0.0,105.41000366210938,105.27999877929688,105.27999877929688,0.0,16300,,
2007-04-26,31.59708595275879,0.0,105.5999984741211,0.0,105.5999984741211,105.29000091552734,105.43000030517578,0.0,48200,,
2007-04-27,31.59708595275879,0.0,105.5999984741211,0.0,105.5999984741211,105.51000213623048,105.51000213623048,0.0,8300,0.00032020607750491884,
2007-04-30,31.600067138671875,0.0,105.61000061035156,0.0,105.62999725341795,105.33000183105467,105.55999755859376,0.0,15500,0.0003187971666946743,
2007-05-01,31.603988647460938,0.0,105.33000183105467,0.293,105.43000030517578,105.2699966430664,105.2699966430664,0.0,8600,0.0003613652477088885,
2007-05-02,31.591991424560547,0.0,105.29000091552734,0.0,105.38999938964844,105.1999969482422,105.3499984741211,0.0,4700,0.0003653772948914213,
2007-05-03,31.5949935913086,0.0,105.3000030517578,0.0,105.4800033569336,105.1999969482422,105.37000274658205,0.0,17200,0.0004262278769505976,
2007-05-04,31.63399314880371,0.0,105.43000030517578,0.0,105.44000244140624,105.20999908447266,105.3499984741211,0.0,4600,0.0005122081252604537,
2007-05-07,31.63097381591797,0.0,105.41999816894533,0.0,105.41999816894533,105.3000030517578,105.31999969482422,0.0,4200,0.0005211856909384917,
2007-05-08,31.65498161315918,0.0,105.5,0.0,105.5500030517578,105.4499969482422,105.54000091552734,0.0,16100,0.0004937548650996238,
2007-05-09,31.57100486755371,0.0,105.22000122070312,0.0,105.5999984741211,105.16000366210938,105.58999633789062,0.0,9400,0.00048189287394616103,
2007-05-10,31.68500709533692,0.0,105.5999984741211,0.0,105.80999755859376,105.51000213623048,105.6999969482422,0.0,17400,0.0005756254373027045,
2007-05-11,31.70300674438477,0.0,105.66000366210938,0.0,105.77999877929688,105.55999755859376,105.63999938964844,0.0,12200,0.0006471899051333697,
2007-05-14,31.699989318847656,0.0,105.6500015258789,0.0,105.6999969482422,105.5500030517578,105.69000244140624,0.0,11600,0.0006886538501136501,
2007-05-15,31.676006317138672,0.0,105.56999969482422,0.0,105.93000030517578,105.56999969482422,105.6999969482422,0.0,39400,0.0006695634684213726,
2007-05-16,31.7600154876709,0.0,105.8499984741211,0.0,105.86000061035156,105.81999969482422,105.83000183105467,0.0,78100,0.0006415513882807735,
2007-05-17,31.75100898742676,0.0,105.81999969482422,0.0,105.93000030517578,105.69000244140624,105.88999938964844,0.0,14500,0.0006291789741718105,
2007-05-18,31.7600154876709,0.0,105.8499984741211,0.0,105.9499969482422,105.8499984741211,105.9499969482422,0.0,5200,0.0006428816550845152,
2007-05-21,31.78999137878418,0.0,105.9499969482422,0.0,105.95999908447266,105.8499984741211,105.94000244140624,0.0,14600,0.0006655971097418316,
2007-05-22,31.79299736022949,0.0,105.95999908447266,0.0,106.08999633789062,105.7300033569336,106.08000183105467,0.0,10200,0.0006560269449794587,
2007-05-23,31.769004821777344,0.0,105.87999725341795,0.0,106.11000061035156,105.6999969482422,105.91999816894533,0.0,22500,0.0008105864823581613,
2007-05-24,31.77802467346192,0.0,105.91000366210938,0.0,106.04000091552734,105.8499984741211,106.04000091552734,0.0,17100,0.0008397626904115112,
2007-05-25,31.82300567626953,0.0,106.05999755859376,0.0,106.47000122070312,105.8000030517578,105.97000122070312,0.0,7400,0.000855294494539293,
2007-05-29,31.6970157623291,0.0,105.63999938964844,0.0,105.72000122070312,105.58000183105467,105.6999969482422,0.0,4900,0.0008567022873338211,
2007-05-30,31.769004821777344,0.0,105.87999725341795,0.0,105.94000244140624,105.75,105.87000274658205,0.0,4300,0.0008109647722891374,
2007-05-31,31.717988967895508,0.0,105.70999908447266,0.0,105.88999938964844,105.6500015258789,105.88999938964844,0.0,6200,0.0008082484570574077,
2007-06-01,31.71378517150879,0.0,105.11000061035156,0.586,105.12999725341795,104.9499969482422,105.11000061035156,0.0,13500,0.0007412991266654956,
2007-06-04,31.740936279296875,0.0,105.1999969482422,0.0,105.22000122070312,105.0199966430664,105.1999969482422,0.0,21800,0.0006469045217545882,
2007-06-05,31.69565773010254,0.0,105.0500030517578,0.0,105.20999908447266,105.0500030517578,105.20999908447266,0.0,4500,0.0006776484288925923,
2007-06-06,31.65644073486328,0.0,104.91999816894533,0.0,105.05999755859376,104.87999725341795,105.0,0.0,74600,0.0006776484288925923,
2007-06-07,31.50861358642578,0.0,104.43000030517578,0.0,104.73999786376952,104.1999969482422,104.73999786376952,0.0,12100,0.0006648226767910738,
2007-06-08,31.424129486083984,0.0,104.1500015258789,0.0,104.2699966430664,103.91999816894533,104.20999908447266,0.0,17800,0.0005588023084106405,
2007-06-11,31.35776901245117,0.0,103.93000030517578,0.0,104.06999969482422,103.5999984741211,103.9000015258789,0.0,2900,0.00047653397701662956,
2007-06-12,31.19782829284668,0.0,103.4000015258789,0.0,103.77999877929688,103.06999969482422,103.7699966430664,0.0,67300,0.00043669439927912734,
2007-06-13,31.252147674560547,0.0,103.58000183105467,0.0,103.80999755859376,102.87000274658205,103.62999725341795,0.0,24600,0.0007028452631750277,
2007-06-14,31.276296615600582,0.0,103.66000366210938,0.0,103.66000366210938,103.16000366210938,103.33999633789062,0.0,18200,0.0008457920802891691,
2007-06-15,31.27025604248047,0.0,103.63999938964844,0.0,103.68000030517578,103.5,103.5,0.0,13500,0.0008552789229982641,
2007-06-18,31.28835105895996,0.0,103.6999969482422,0.0,103.91000366210938,103.4000015258789,103.91000366210938,0.0,14600,0.000868437473546067,
2007-06-19,31.327566146850582,0.0,103.83000183105467,0.0,103.83999633789062,103.36000061035156,103.83999633789062,0.0,19600,0.0009995414425180964,
2007-06-20,31.04999351501465,0.0,102.91000366210938,0.0,103.83999633789062,102.91000366210938,103.83999633789062,0.0,16900,0.0011163663941880268,
2007-06-21,31.10733222961425,0.0,103.0999984741211,0.0,103.43000030517578,103.0,103.0,0.0,13900,0.0010727799264757794,
2007-06-22,31.16766929626465,0.0,103.3000030517578,0.0,103.36000061035156,102.83999633789062,103.22000122070312,0.0,27800,0.0011241861652909364,
2007-06-25,30.98664283752441,0.0,102.6999969482422,0.0,103.33999633789062,102.6500015258789,103.3000030517578,0.0,29000,0.0012742297765889325,
2007-06-26,31.0771427154541,0.0,103.0,0.0,103.19000244140624,102.6999969482422,102.94000244140624,0.0,43600,0.0014410617273902654,
2007-06-27,30.96851921081543,0.0,102.63999938964844,0.0,102.8000030517578,102.4800033569336,102.79000091552734,0.0,6800,0.0015294343448065367,
2007-06-28,30.80560111999512,0.0,102.0999984741211,0.0,102.63999938964844,101.93000030517578,102.5500030517578,0.0,9500,0.0015110733622659225,
2007-06-29,30.71808242797852,0.0,101.80999755859376,0.0,102.5,101.80999755859376,102.0999984741211,0.0,14600,0.0017001010062716482,
2007-07-02,30.95879173278809,0.0,102.0,0.603,102.2699966430664,101.4000015258789,101.6999969482422,0.0,19600,0.0017123085900129574,
2007-07-03,30.9011173248291,0.0,101.80999755859376,0.0,101.9000015258789,101.5999984741211,101.9000015258789,0.0,11700,0.0017074484615431959,
2007-07-05,30.78883171081543,0.0,101.44000244140624,0.0,101.86000061035156,100.9800033569336,101.8499984741211,0.0,14600,0.001718872345465613,
2007-07-06,30.82219314575196,0.0,101.5500030517578,0.0,101.79000091552734,101.11000061035156,101.43000030517578,0.0,8200,0.001994991458117576,
2007-07-09,30.91631507873535,0.0,101.86000061035156,0.0,101.9800033569336,101.38999938964844,101.43000030517578,0.0,8400,0.002030920800227574,
2007-07-10,30.834339141845703,0.0,101.58999633789062,0.0,101.75,101.0,101.4800033569336,0.0,19700,0.0021308919960366054,
2007-07-11,30.60368537902832,0.0,100.83000183105467,0.0,101.62999725341795,100.55999755859376,101.62000274658205,0.0,17200,0.0022679983863692957,
2007-07-12,30.69474029541016,0.0,101.12999725341795,0.0,101.12999725341795,100.70999908447266,101.0,0.0,8300,0.0020856109095157924,
2007-07-13,30.82219314575196,0.0,101.5500030517578,0.0,101.55999755859376,101.0,101.3000030517578,0.0,5200,0.0019401275135217688,
2007-07-16,30.834339141845703,0.0,101.58999633789062,0.0,101.80999755859376,101.26000213623048,101.37000274658205,0.0,17100,0.0019268658915857686,
2007-07-17,30.87076187133789,0.0,101.70999908447266,0.0,101.70999908447266,101.22000122070312,101.6999969482422,0.0,10600,0.0020653468346147215,
2007-07-18,30.640100479125977,0.0,100.9499969482422,0.0,101.66999816894533,100.8000030517578,101.66999816894533,0.0,15600,0.0020427969794403647,
2007-07-19,30.673480987548828,0.0,101.05999755859376,0.0,101.05999755859376,101.02999877929688,101.02999877929688,0.0,6400,0.0019078628316022742,
2007-07-20,30.594581604003903,0.0,100.8000030517578,0.0,101.31999969482422,100.58999633789062,100.9800033569336,0.0,18600,0.001797625141223701,
2007-07-23,30.52779006958008,0.0,100.58000183105467,0.0,100.70999908447266,100.5,100.6999969482422,0.0,9000,0.001734089405589788,
2007-07-24,30.35174369812012,0.0,100.0,0.0,100.51000213623048,99.86000061035156,100.5,0.0,44900,0.0015538915867182234,
2007-07-25,30.063419342041016,0.0,99.0500030517578,0.0,99.9000015258789,98.68000030517578,99.9000015258789,0.0,28100,0.0013705573312737755,
2007-07-26,29.63848304748535,0.0,97.6500015258789,0.0,99.5,96.38999938964844,98.5,0.0,43200,0.0012821847138575042,
2007-07-27,29.14375305175781,0.0,96.0199966430664,0.0,97.0,95.48999786376952,97.0,0.0,44600,0.0014054258022963494,
2007-07-30,29.4260368347168,0.0,96.9499969482422,0.0,97.0199966430664,96.3499984741211,96.98999786376952,0.0,24600,0.001394063188871114,
2007-07-31,29.52619361877441,0.0,97.27999877929688,0.0,98.1999969482422,97.0,97.0,0.0,34000,0.0013818556051298047,
2007-08-01,29.465070724487305,0.0,96.4499969482422,0.63,96.83999633789062,95.26000213623048,96.83999633789062,0.0,33500,0.001322281611088305,
2007-08-02,29.63312149047852,0.0,97.0,0.0,97.33000183105467,96.98999786376952,96.98999786376952,0.0,28800,0.0013557836733737413,
2007-08-03,29.63312149047852,0.0,97.0,0.0,97.3499984741211,96.37999725341795,97.3499984741211,0.0,20100,0.0011513466677912482,
2007-08-06,29.568960189819336,0.0,96.79000091552734,0.0,98.75,96.0500030517578,98.75,0.0,30400,0.001327049103446742,
2007-08-07,29.77973937988281,0.0,97.4800033569336,0.0,99.25,96.8000030517578,99.25,0.0,68800,0.0017891212142785349,
2007-08-08,30.131084442138672,0.0,98.62999725341795,0.0,100.5,98.0,99.0,0.0,30300,0.002043622929697152,
2007-08-09,30.10051918029785,0.0,98.52999877929688,0.0,98.91999816894533,98.01000213623048,98.62000274658205,0.0,12800,0.002146594534648338,
2007-08-10,30.039405822753903,0.0,98.33000183105467,0.0,98.37000274658205,97.75,98.1999969482422,0.0,18800,0.0022587517993193805,
2007-08-13,30.25938415527344,0.0,99.0500030517578,0.0,99.0500030517578,98.4000015258789,99.0199966430664,0.0,21300,0.0022587517993193805,
2007-08-14,30.02413749694824,0.0,98.27999877929688,0.0,99.31999969482422,98.16999816894533,99.31999969482422,0.0,12400,0.0022934198102987965,
2007-08-15,30.192174911499023,0.0,98.83000183105467,0.0,99.04000091552734,98.27999877929688,98.3499984741211,0.0,9100,0.0024204972052723913,
2007-08-16,30.15246963500977,0.0,98.6999969482422,0.0,100.0,97.9800033569336,100.0,0.0,15300,0.0025895407664065445,
2007-08-17,30.457963943481445,0.0,99.6999969482422,0.0,100.0,98.5999984741211,99.0,0.0,30000,0.003119539248504234,
2007-08-20,30.16773796081543,0.0,98.75,0.0,100.0,98.75,100.0,0.0,49300,0.0036628426373904377,
2007-08-21,30.01193046569824,0.0,98.23999786376952,0.0,99.8499984741211,98.05999755859376,99.25,0.0,33700,0.003957667176287103,
2007-08-22,30.24409866333008,0.0,99.0,0.0,99.1999969482422,98.0999984741211,98.5999984741211,0.0,52700,0.0043391825157824025,
2007-08-23,30.42740631103516,0.0,99.5999984741211,0.0,99.8000030517578,99.0,99.16999816894533,0.0,59400,0.0043391825157824025,
2007-08-24,30.503793716430664,0.0,99.8499984741211,0.0,99.8499984741211,99.16000366210938,99.6999969482422,0.0,11600,0.00446634269988491,
2007-08-27,30.70236015319824,0.0,100.5,0.0,100.5,99.9000015258789,100.0,0.0,11800,0.0042886776693044195,
2007-08-28,30.59542465209961,0.0,100.1500015258789,0.0,100.9000015258789,100.0,100.5,0.0,55800,0.004387212928272182,
2007-08-29,30.71763038635254,0.0,100.5500030517578,0.0,100.9000015258789,99.66999816894533,100.0,0.0,18300,0.004740171012945561,
2007-08-30,30.781784057617188,0.0,100.76000213623048,0.0,101.04000091552734,100.22000122070312,100.73999786376952,0.0,42900,0.004824842435640557,
2007-08-31,31.05976295471192,0.0,101.66999816894533,0.0,101.68000030517578,101.01000213623048,101.4800033569336,0.0,11300,0.004753160328571086,
2007-09-04,31.27588081359864,0.0,101.75,0.623,101.97000122070312,101.0,101.97000122070312,0.0,13500,0.004790624713873948,
2007-09-05,31.288158416748047,0.0,101.79000091552734,0.0,101.87999725341795,101.2300033569336,101.6500015258789,0.0,14400,0.004463370283148085,
2007-09-06,31.269718170166016,0.0,101.7300033569336,0.0,101.73999786376952,101.48999786376952,101.48999786376952,0.0,16400,0.004125198015336924,
2007-09-07,30.913145065307617,0.0,100.56999969482422,0.0,101.9000015258789,100.4499969482422,101.9000015258789,0.0,50700,0.003952315681617346,
2007-09-10,31.04533767700196,0.0,101.0,0.0,101.5,100.61000061035156,101.5,0.0,10000,0.004140921396274637,
2007-09-11,31.30045318603516,0.0,101.83000183105467,0.0,102.0,101.0,101.4800033569336,0.0,24100,0.004140921396274637,
2007-09-12,31.44186210632324,0.0,102.29000091552734,0.0,102.5,101.37999725341795,102.0,0.0,32000,0.0039336513485966,
2007-09-13,31.331199645996094,0.0,101.93000030517578,0.0,102.25,101.22000122070312,102.25,0.0,10900,0.00398789316063895,
2007-09-14,31.626277923583984,0.0,102.88999938964844,0.0,102.94000244140624,101.22000122070312,101.9499969482422,0.0,33900,0.004157152426282658,
2007-09-17,31.7707576751709,0.0,103.36000061035156,0.0,103.5,102.36000061035156,103.0,0.0,20100,0.0036264185648970867,
2007-09-18,31.99820899963379,0.0,104.0999984741211,0.0,104.36000061035156,102.9800033569336,103.75,0.0,31400,0.003047537778226936,
2007-09-19,32.609901428222656,0.0,106.08999633789062,0.0,106.0999984741211,104.1999969482422,104.25,0.0,85900,0.002752713239330271,
2007-09-20,31.81070327758789,0.0,103.48999786376952,0.0,106.04000091552734,103.0,106.04000091552734,0.0,410400,0.002982427637285542,
2007-09-21,31.890613555908203,0.0,103.75,0.0,105.4000015258789,102.0999984741211,104.98999786376952,0.0,105100,0.0036149740092177216,
2007-09-24,32.10581588745117,0.0,104.4499969482422,0.0,104.4499969482422,102.6500015258789,102.68000030517578,0.0,45500,0.00390051180142046,
2007-09-25,32.18263244628906,0.0,104.6999969482422,0.0,104.6999969482422,103.0,103.0,0.0,167500,0.004395913888053106,
2007-09-26,32.06583404541016,0.0,104.31999969482422,0.0,104.6999969482422,104.12999725341795,104.6999969482422,0.0,25300,0.004404355633187503,
2007-09-27,31.96746253967285,0.0,104.0,0.0,104.5500030517578,101.16000366210938,104.5,0.0,49200,0.004051397548514124,
2007-09-28,31.96746253967285,0.0,104.0,0.0,104.4800033569336,103.5999984741211,104.47000122070312,0.0,46700,0.004050713411797525,
2007-10-01,32.089637756347656,0.0,103.75,0.645,104.5,103.33000183105467,104.47000122070312,0.0,50300,0.0043914992486278875,
2007-10-02,32.15150451660156,0.0,103.9499969482422,0.0,103.98999786376952,102.52999877929688,102.52999877929688,0.0,72100,0.004142403085559536,
2007-10-03,31.98137092590332,0.0,103.4000015258789,0.0,104.47000122070312,103.31999969482422,104.0,0.0,35300,0.003907614209644574,
2007-10-04,32.11747360229492,0.0,103.83999633789062,0.0,103.9499969482422,103.29000091552734,103.8000030517578,0.0,17600,0.004022920516598143,
2007-10-05,32.13602828979492,0.0,103.9000015258789,0.0,104.0,103.5199966430664,103.97000122070312,0.0,22900,0.004120956155895755,
2007-10-08,32.24430847167969,0.0,104.25,0.0,104.38999938964844,103.86000061035156,104.22000122070312,0.0,18600,0.003820193176567421,3172951.9818926617
2007-10-09,32.269046783447266,0.0,104.33000183105467,0.0,104.33999633789062,104.0,104.31999969482422,0.0,14600,0.003935659619160334,3183467.4821278406
2007-10-10,32.24119567871094,0.0,104.23999786376952,0.0,104.4800033569336,104.1500015258789,104.4800033569336,0.0,21200,0.00393383101315329,3195951.0215395973
2007-10-11,32.2876091003418,0.0,104.38999938964844,0.0,104.5,104.0,104.48999786376952,0.0,22300,0.003714487294042391,3211613.838801308
2007-10-12,32.321624755859375,0.0,104.5,0.0,104.5999984741211,104.41999816894533,104.41999816894533,0.0,73700,0.0033755646514157752,3266453.568812779
2007-10-15,32.47627258300781,0.0,105.0,0.0,105.1999969482422,104.5,105.1999969482422,0.0,24600,0.0033755646514157752,3263728.695933024
2007-10-16,32.352542877197266,0.0,104.5999984741211,0.0,104.68000030517578,104.0999984741211,104.5,0.0,60600,0.003524380164987464,3308827.814338321
2007-10-17,31.95355796813965,0.0,103.30999755859376,0.0,104.6500015258789,103.30999755859376,104.02999877929688,0.0,15200,0.0036282004010540483,3281884.4573611305
2007-10-18,31.93807601928711,0.0,103.26000213623048,0.0,104.25,103.25,104.2300033569336,0.0,13200,0.0033338119816952658,3288639.449600946
2007-10-19,31.795812606811523,0.0,102.8000030517578,0.0,103.94000244140624,102.0,103.25,0.0,40200,0.0027012656097630864,3320027.220432342
2007-10-22,31.501962661743164,0.0,101.8499984741211,0.0,102.8000030517578,101.8499984741211,102.8000030517578,0.0,64600,0.0022488116780617416,3039371.545046852
2007-10-23,31.764902114868164,0.0,102.6999969482422,0.0,102.6999969482422,101.9499969482422,102.19000244140624,0.0,27000,0.00206109991949864,3047742.3137604245
2007-10-24,31.764902114868164,0.0,102.6999969482422,0.0,102.75,102.3000030517578,102.5999984741211,0.0,22200,0.0020418691346674204,3025440.8852350144
2007-10-25,31.81127548217773,0.0,102.8499984741211,0.0,102.98999786376952,102.63999938964844,102.98999786376952,0.0,16600,0.0020418691346674204,3032034.774023389
2007-10-26,31.88551139831543,0.0,103.08999633789062,0.0,103.08999633789062,102.5999984741211,102.6999969482422,0.0,10800,0.0020446720371153464,3027879.35299949
2007-10-29,31.98137092590332,0.0,103.4000015258789,0.0,103.5,103.05999755859376,103.48999786376952,0.0,19900,0.001703886200284983,3037020.79755995
2007-10-30,31.919511795043945,0.0,103.1999969482422,0.0,103.3000030517578,102.6999969482422,103.3000030517578,0.0,10500,0.0017553198918421856,3041693.313144502
2007-10-31,32.12055587768555,0.0,103.8499984741211,0.0,104.0,103.04000091552734,103.61000061035156,0.0,12000,0.0017553198918421856,3037209.503058782
2007-11-01,31.9119930267334,0.0,102.5,0.68,102.9000015258789,102.0,102.70999908447266,0.0,29400,0.0018953088464611786,3057277.137968275
2007-11-02,31.834125518798828,0.0,102.25,0.0,102.5,101.91999816894533,102.48999786376952,0.0,32300,0.0018792506059183076,3079974.844378517
2007-11-05,31.81856918334961,0.0,102.1999969482422,0.0,106.0,101.5,106.0,0.0,13800,0.001923862575356996,3077687.6218220545
2007-11-06,31.98357582092285,0.0,102.7300033569336,0.0,103.1500015258789,102.1999969482422,102.1999969482422,0.0,34900,0.0019261822305749663,3098292.4559941366
2007-11-07,31.943113327026367,0.0,102.5999984741211,0.0,103.0999984741211,101.81999969482422,101.81999969482422,0.0,11900,0.0022362147192021508,3093399.598917885
2007-11-08,31.53837203979492,0.0,101.3000030517578,0.0,102.8499984741211,100.41000366210938,102.8499984741211,0.0,121000,0.002197415170878525,3180449.1887955437
2007-11-09,31.678470611572266,0.0,101.75,0.0,101.75,100.51000213623048,101.56999969482422,0.0,38400,0.0025534792867106405,3201732.204528082
2007-11-12,31.80301284790039,0.0,102.1500015258789,0.0,103.0199966430664,101.9000015258789,103.0199966430664,0.0,41400,0.0025534792867106405,3202284.2051248704
2007-11-13,31.678470611572266,0.0,101.75,0.0,102.9499969482422,101.55999755859376,102.9499969482422,0.0,15300,0.0027873376219868873,3149029.364800832
2007-11-14,31.75629997253418,0.0,102.0,0.0,102.75,101.6999969482422,102.75,0.0,7800,0.003099281604648181,3143165.952137538
2007-11-15,31.74698257446289,0.0,101.97000122070312,0.0,102.33999633789062,101.68000030517578,101.98999786376952,0.0,15500,0.0029841709706905505,3151341.468223693
2007-11-16,31.75629997253418,0.0,102.0,0.0,103.0,101.52999877929688,103.0,0.0,18400,0.003151829962084519,3153959.960640801
2007-11-19,31.75629997253418,0.0,102.0,0.0,102.6999969482422,101.77999877929688,102.6999969482422,0.0,16700,0.0033802858712248503,3158901.294048249
2007-11-20,31.444997787475582,0.0,101.0,0.0,102.38999938964844,100.41000366210938,101.75,0.0,26500,0.003072595543155305,3161236.2151736305
2007-11-21,30.85342788696289,0.0,99.0999984741211,0.0,100.6999969482422,97.0,100.6999969482422,0.0,139600,0.002984849323884366,3256659.220922561
2007-11-23,30.79427719116211,0.0,98.91000366210938,0.0,100.5,98.91000366210938,99.1999969482422,0.0,3100,0.00337779362122891,3252863.800521124
2007-11-26,31.133644104003903,0.0,100.0,0.0,101.0,98.0,98.0,0.0,69500,0.003723776984286506,3303914.308481368
2007-11-27,31.180360794067383,0.0,100.1500015258789,0.0,101.4800033569336,99.5,100.5,0.0,25700,0.003859692046844029,3320728.364441887
2007-11-28,31.476110458374023,0.0,101.0999984741211,0.0,101.1999969482422,99.58000183105467,99.58000183105467,0.0,11700,0.004504122490059441,3324914.6183135016
2007-11-29,31.63178253173828,0.0,101.5999984741211,0.0,101.75,100.0999984741211,101.75,0.0,20200,0.004674863021148407,3329941.0862574503
2007-11-30,31.75942611694336,0.0,102.01000213623048,0.0,102.5,101.51000213623048,102.0,0.0,34900,0.0043645075543929214,3339994.968329536
2007-12-03,32.07963180541992,0.0,102.38999938964844,0.642,103.0,101.0999984741211,103.0,0.0,31400,0.0045442444772410325,3361759.4204493933
2007-12-04,31.957416534423828,0.0,102.0,0.0,103.0,102.0,103.0,0.0,16300,0.004789487608298089,3312835.3580414304
2007-12-05,31.58145523071289,0.0,100.8000030517578,0.0,102.5,100.26000213623048,101.68000030517578,0.0,270600,0.004671701510487207,3519286.7693280415
2007-12-06,31.863445281982425,0.0,101.6999969482422,0.0,101.75,100.0,101.61000061035156,0.0,33200,0.004772108929491417,3531370.657197256
2007-12-07,31.847787857055664,0.0,101.6500015258789,0.0,102.48999786376952,100.5999984741211,100.5999984741211,0.0,27100,0.004798840505797478,3550841.435296195
2007-12-10,31.800785064697266,0.0,101.5,0.0,101.63999938964844,100.7300033569336,100.7300033569336,0.0,23500,0.004691256245876251,3514543.259878007
2007-12-11,31.76946449279785,0.0,101.4000015258789,0.0,102.4800033569336,100.8499984741211,102.16999816894533,0.0,30300,0.004831222693942072,3518704.783696977
2007-12-12,31.94173622131348,0.0,101.9499969482422,0.0,103.75,101.5,102.5,0.0,29400,0.004448548845094137,3527520.004678151
2007-12-13,31.926109313964844,0.0,101.9000015258789,0.0,102.27999877929688,101.2300033569336,101.75,0.0,44500,0.004032784626366258,3552404.211631654
2007-12-14,31.97311210632324,0.0,102.0500030517578,0.0,102.5,101.19000244140624,102.5,0.0,15600,0.004268936765652919,3553022.942521837
2007-12-17,31.800785064697266,0.0,101.5,0.0,102.5,101.12000274658205,102.5,0.0,18900,0.004720719119954935,3552096.608903673
2007-12-18,31.83209609985352,0.0,101.5999984741211,0.0,102.0,101.41000366210938,101.41000366210938,0.0,53200,0.004552324663893128,3581191.377609495
2007-12-19,31.98876190185547,0.0,102.0999984741211,0.0,102.0999984741211,101.11000061035156,101.11000061035156,0.0,24000,0.004744996854619558,3589265.2663760716
2007-12-20,31.91984939575196,0.0,101.87999725341795,0.0,101.9499969482422,101.4000015258789,101.4000015258789,0.0,31300,0.004913627405310074,3591781.9634331595
2007-12-21,32.020076751708984,0.0,102.1999969482422,0.0,102.4800033569336,101.38999938964844,102.4800033569336,0.0,37600,0.004676442836072213,3598642.4394153412
2007-12-24,31.90732192993164,0.0,101.83999633789062,0.0,102.26000213623048,101.1999969482422,102.0199966430664,0.0,66800,0.004483802407608905,3616992.532711937
2007-12-26,31.766292572021484,0.0,101.38999938964844,0.0,101.6999969482422,101.1999969482422,101.52999877929688,0.0,48400,0.004481140052981969,3650399.8658437575
2007-12-27,31.97584724426269,0.0,101.48999786376952,0.565,101.5999984741211,101.18000030517578,101.18000030517578,0.0,22900,0.003943650032729764,3661147.2544594416
2007-12-28,31.66391944885254,0.0,100.5,0.0,101.62000274658205,100.25,101.4000015258789,0.0,88500,0.0038475128968716277,3719939.508710589
2007-12-31,31.733238220214844,0.0,100.72000122070312,0.0,100.73999786376952,99.87000274658205,100.20999908447266,0.0,38800,0.0038475128968716277,3735088.207499186
2008-01-02,31.348859786987305,0.0,99.5,0.0,100.9000015258789,99.3000030517578,99.55999755859376,0.0,61800,0.0038262532245447204,3774436.8029639833
2008-01-03,31.28899574279785,0.0,99.30999755859376,0.0,99.9499969482422,99.26000213623048,99.5999984741211,0.0,64800,0.003661168520179119,3813756.3569810656
2008-01-04,31.254329681396484,0.0,99.1999969482422,0.0,100.0500030517578,98.83999633789062,100.01000213623048,0.0,48600,0.0038825220933065016,3845410.4032244002
2008-01-07,31.068449020385746,0.0,98.61000061035156,0.0,99.48999786376952,98.3000030517578,99.48999786376952,0.0,177200,0.0034720821856751073,3977299.832613506
2008-01-08,30.88886451721192,0.0,98.04000091552734,0.0,99.48999786376952,98.0,99.48999786376952,0.0,42100,0.0038777892027897108,3994174.1271427698
2008-01-09,30.5517578125,0.0,96.97000122070312,0.0,98.48999786376952,96.93000030517578,98.48999786376952,0.0,51600,0.003629309346878823,4020121.555964152
2008-01-10,30.778594970703125,0.0,97.69000244140624,0.0,98.16999816894533,96.9499969482422,97.16999816894533,0.0,154800,0.0040101374357637805,4133478.9639064246
2008-01-11,30.844762802124023,0.0,97.9000015258789,0.0,98.5,97.30999755859376,97.83999633789062,0.0,71700,0.004200606325341207,4184997.774172586
2008-01-14,30.73764610290528,0.0,97.55999755859376,0.0,98.06999969482422,97.37999725341795,97.63999938964844,0.0,20600,0.004430192208011053,4187160.8456990076
2008-01-15,30.8164005279541,0.0,97.80999755859376,0.0,97.9499969482422,97.5999984741211,97.9499969482422,0.0,20000,0.004095665548246198,4194129.6866583447
2008-01-16,30.7817497253418,0.0,97.6999969482422,0.0,97.9000015258789,97.41000366210938,97.83999633789062,0.0,20700,0.0035529301515537827,4197681.829391964
2008-01-17,30.5643367767334,0.0,97.01000213623048,0.0,97.5,97.01000213623048,97.5,0.0,31600,0.0034130447357252113,4216878.11576601
2008-01-18,30.803800582885746,0.0,97.7699966430664,0.0,98.9499969482422,97.02999877929688,97.47000122070312,0.0,84500,0.00329729559211409,4267566.089254713
2008-01-22,30.589555740356445,0.0,97.08999633789062,0.0,97.86000061035156,93.3000030517578,96.6999969482422,0.0,192400,0.0031286650414235734,4408636.686706543
2008-01-23,30.64940071105957,0.0,97.27999877929688,0.0,97.58999633789062,95.0199966430664,96.83999633789062,0.0,59600,0.0038125428361024767,4419016.749621195
2008-01-24,31.033767700195312,0.0,98.5,0.0,98.5,96.87999725341795,97.26000213623048,0.0,62700,0.003527483766874015,4445942.5029088585
2008-01-25,31.08104705810547,0.0,98.6500015258789,0.0,99.5,97.05999755859376,98.11000061035156,0.0,43700,0.0037772093516760504,4446676.828311739
2008-01-28,30.939252853393555,0.0,98.1999969482422,0.0,98.5,97.5,98.5,0.0,44800,0.003861366730502278,4447604.352224441
2008-01-29,30.97076797485352,0.0,98.3000030517578,0.0,98.3499984741211,97.77999877929688,97.77999877929688,0.0,39200,0.003972578079558789,4459258.242658584
2008-01-30,31.09050750732422,0.0,98.68000030517578,0.0,98.73999786376952,97.93000030517578,98.41999816894533,0.0,27400,0.004010167297884093,4454467.06845117
2008-01-31,31.15352439880371,0.0,98.87999725341795,0.0,98.87999725341795,97.75,98.13999938964844,0.0,76500,0.004063911863118783,4488857.900928316
2008-02-01,31.170629501342773,0.0,98.2699966430664,0.664,98.5,97.0,98.44000244140624,0.0,83100,0.004402551970396894,4531497.874904814
2008-02-04,31.17699813842773,0.0,98.29000091552734,0.0,98.37999725341795,97.25,97.25,0.0,44900,0.004647431555479168,4551049.629199316
2008-02-05,30.92639923095703,0.0,97.5,0.0,97.79000091552734,97.0,97.79000091552734,0.0,66300,0.004953972610261907,4579000.69247049
2008-02-06,30.862972259521484,0.0,97.3000030517578,0.0,97.70999908447266,97.18000030517578,97.68000030517578,0.0,101100,0.004645479658714484,4603845.185149662
2008-02-07,30.73291015625,0.0,96.88999938964844,0.0,97.3000030517578,96.0,96.9000015258789,0.0,58100,0.004645479658714484,4624804.074417599
2008-02-08,30.50135803222656,0.0,96.16000366210938,0.0,96.5,96.0,96.5,0.0,80400,0.0042406576126265,4676153.918148222
2008-02-11,30.260297775268555,0.0,95.4000015258789,0.0,96.20999908447266,95.26000213623048,95.26000213623048,0.0,74500,0.0040501887230490734,4717889.6013169065
2008-02-12,30.37447166442871,0.0,95.76000213623048,0.0,96.29000091552734,95.25,95.25,0.0,85200,0.004285462771104191,4765897.435578845
2008-02-13,30.2951717376709,0.0,95.51000213623048,0.0,96.05999755859376,95.51000213623048,95.98999786376952,0.0,60700,0.00435407196048135,4802237.000220163
2008-02-14,30.44427299499512,0.0,95.9800033569336,0.0,96.56999969482422,95.4499969482422,96.56999969482422,0.0,48800,0.004438705371260765,4832272.48551505
2008-02-15,30.36815452575684,0.0,95.73999786376952,0.0,95.75,95.3499984741211,95.75,0.0,49700,0.004522561255461942,4858051.596154107
2008-02-19,30.21272850036621,0.0,95.25,0.0,96.0,95.0,95.75,0.0,102900,0.004542908703528745,4912101.001642621
2008-02-20,30.29200935363769,0.0,95.5,0.0,95.83999633789062,95.02999877929688,95.83999633789062,0.0,65800,0.004905977402451925,4923335.327039446
2008-02-21,30.396697998046875,0.0,95.83000183105467,0.0,96.0,95.5,95.9000015258789,0.0,55800,0.004066339879666338,4939499.026834397
2008-02-22,30.450603485107425,0.0,96.0,0.0,96.08000183105467,95.6500015258789,95.94000244140624,0.0,48200,0.0041664047548263805,4934815.693501064
2008-02-25,30.54258346557617,0.0,96.29000091552734,0.0,96.43000030517578,95.70999908447266,95.8000030517578,0.0,81000,0.0038573825523778534,4949762.123380388
2008-02-26,30.7392635345459,0.0,96.91000366210938,0.0,96.9499969482422,96.1999969482422,96.3000030517578,0.0,80200,0.003614851059031216,5002253.570296273
2008-02-27,30.73291015625,0.0,96.88999938964844,0.0,96.9800033569336,96.48999786376952,96.97000122070312,0.0,75900,0.003573468632579179,5051206.355642894
2008-02-28,30.688486099243164,0.0,96.75,0.0,96.93000030517578,95.69000244140624,96.5,0.0,61300,0.0035895799858913354,5053923.854967148
2008-02-29,30.57115173339844,0.0,96.37999725341795,0.0,96.45999908447266,95.69000244140624,96.37999725341795,0.0,72900,0.003545047896727359,5095082.876744346
2008-03-03,30.579465866088867,0.0,95.79000091552734,0.616,96.19000244140624,95.5,96.19000244140624,0.0,53500,0.003413472321071907,5101449.233548603
2008-03-04,30.544342041015625,0.0,95.68000030517578,0.0,95.9499969482422,95.51000213623048,95.8000030517578,0.0,29900,0.0031092442128914308,5115036.225848728
2008-03-05,30.63051986694336,0.0,95.9499969482422,0.0,96.0,95.5,95.5,0.0,73300,0.0030120908918886335,5159952.970105126
2008-03-06,30.55070304870605,0.0,95.6999969482422,0.0,95.94000244140624,95.5,95.94000244140624,0.0,21000,0.003021741521209876,5164269.826634725
2008-03-07,30.486865997314453,0.0,95.5,0.0,95.5,95.2300033569336,95.2300033569336,0.0,44200,0.0030296569974936636,5184529.572229537
2008-03-10,30.41660499572754,0.0,95.27999877929688,0.0,95.5500030517578,95.25,95.45999908447266,0.0,26800,0.0030195173718562864,5164328.024473645
2008-03-11,30.493268966674805,0.0,95.5199966430664,0.0,95.6999969482422,95.0500030517578,95.13999938964844,0.0,36200,0.0031028723590706985,5183755.198112367
2008-03-12,30.486865997314453,0.0,95.5,0.0,95.51000213623048,95.25,95.26000213623048,0.0,53200,0.0027013671495767695,5204600.412047856
2008-03-13,30.27297782897949,0.0,94.83000183105467,0.0,95.22000122070312,93.8000030517578,95.22000122070312,0.0,80100,0.0025464540458700917,5238906.785995241
2008-03-14,30.09103775024414,0.0,94.26000213623048,0.0,95.0,94.0500030517578,94.83000183105467,0.0,37300,0.002753456946259467,5257992.985013931
2008-03-17,29.95055389404297,0.0,93.81999969482422,0.0,94.02999877929688,93.3000030517578,94.02999877929688,0.0,55100,0.0026659398917655897,5271338.310441516
2008-03-18,30.391101837158203,0.0,95.1999969482422,0.0,96.98999786376952,94.29000091552734,94.45999908447266,0.0,46700,0.0025686693965834796,5290134.372705126
2008-03-19,30.42302131652832,0.0,95.3000030517578,0.0,95.58000183105467,95.0999984741211,95.45999908447266,0.0,75800,0.0022593646197289615,5321523.263810173
2008-03-20,30.56667900085449,0.0,95.75,0.0,95.75,95.1999969482422,95.26000213623048,0.0,55600,0.0023606474995855513,5291448.417100452
2008-03-24,30.79973602294922,0.0,96.4800033569336,0.0,96.5999984741211,95.79000091552734,95.98999786376952,0.0,104900,0.0022605826244255084,5034690.141138955
2008-03-25,30.879518508911133,0.0,96.7300033569336,0.0,96.75,96.22000122070312,96.5,0.0,90200,0.002196488689426297,5017395.865764315
2008-03-26,30.806114196777344,0.0,96.5,0.0,96.7699966430664,96.4000015258789,96.5999984741211,0.0,149700,0.002316858933664382,5094329.001786973
2008-03-27,30.70713806152344,0.0,96.19000244140624,0.0,96.5999984741211,96.11000061035156,96.5999984741211,0.0,97800,0.002172426615829078,5029806.245834108
2008-03-28,30.72311019897461,0.0,96.23999786376952,0.0,96.23999786376952,96.01000213623048,96.1999969482422,0.0,46400,0.0021187260441916183,5044300.213362679
2008-03-31,30.86039161682129,0.0,96.66999816894533,0.0,96.6999969482422,95.62999725341795,96.0199966430664,0.0,246500,0.0018744562490696326,5192810.96374875
2008-04-01,30.996000289916992,0.0,96.4499969482422,0.642,96.45999908447266,95.87999725341795,95.87999725341795,0.0,988000,0.0017264782369003449,5910555.384263538
2008-04-02,31.01206970214844,0.0,96.5,0.0,96.6500015258789,96.25,96.41999816894533,0.0,92200,0.001564473186871166,5939751.217596872
2008-04-03,30.957443237304688,0.0,96.33000183105467,0.0,96.66000366210938,95.5999984741211,96.66000366210938,0.0,98300,0.0014461145314226928,5955421.411247859
2008-04-04,31.07637023925781,0.0,96.6999969482422,0.0,98.2300033569336,96.20999908447266,96.5,0.0,142200,0.0012367204268691804,6035585.851820689
2008-04-07,31.32379722595215,0.0,97.47000122070312,0.0,97.52999877929688,96.6999969482422,96.8000030517578,0.0,117300,0.0014326926898022966,6111821.147119431
2008-04-08,31.429838180541992,0.0,97.8000030517578,0.0,97.8000030517578,96.9000015258789,97.1500015258789,0.0,85300,0.0014812599600809804,6159146.783828735
2008-04-09,31.15667152404785,0.0,96.9499969482422,0.0,97.1999969482422,96.77999877929688,97.0,0.0,79400,0.0015128982699332714,6204851.385080246
2008-04-10,31.269166946411133,0.0,97.3000030517578,0.0,98.51000213623048,96.83999633789062,96.91000366210938,0.0,176900,0.0014495435487022366,6329368.468517727
2008-04-11,31.01849365234375,0.0,96.5199966430664,0.0,97.12999725341795,96.5,97.0999984741211,0.0,59600,0.0014324912993757932,6357485.165701972
2008-04-14,31.12776565551757,0.0,96.86000061035156,0.0,96.9000015258789,96.5199966430664,96.79000091552734,0.0,54700,0.0011962455332217257,6381059.332741631
2008-04-15,31.124542236328125,0.0,96.8499984741211,0.0,97.1999969482422,96.63999938964844,96.79000091552734,0.0,59400,0.0011962455332217257,6365592.982815939
2008-04-16,31.25951385498047,0.0,97.2699966430664,0.0,97.41999816894533,96.83999633789062,97.18000030517578,0.0,84700,0.0012288859312890568,6410480.036114889
2008-04-17,31.29166412353516,0.0,97.37000274658205,0.0,97.37000274658205,97.0999984741211,97.37000274658205,0.0,61900,0.0012492461914181611,6408007.363594903
2008-04-18,31.503734588623047,0.0,98.02999877929688,0.0,98.0500030517578,97.33000183105467,97.81999969482422,0.0,123700,0.0011479633115615718,6491785.132532272
2008-04-21,31.45232391357422,0.0,97.87000274658205,0.0,97.9800033569336,97.76000213623048,97.9800033569336,0.0,70500,0.0011883821191511028,6535728.014797634
2008-04-22,31.494123458862305,0.0,98.0,0.0,98.31999969482422,97.52999877929688,98.13999938964844,0.0,77600,0.0012156167658709987,6563285.4741414385
2008-04-23,31.6226806640625,0.0,98.4000015258789,0.0,98.69000244140624,97.77999877929688,98.4000015258789,0.0,103800,0.0011508243641636285,6592129.999990311
2008-04-24,31.632308959960938,0.0,98.43000030517578,0.0,98.5500030517578,97.9000015258789,98.5500030517578,0.0,114400,0.0014068323254434745,6659491.048540388
2008-04-25,31.78334045410156,0.0,98.9000015258789,0.0,98.9000015258789,98.5999984741211,98.77999877929688,0.0,87600,0.0014068323254434745,6710155.335853213
2008-04-28,31.969762802124023,0.0,99.4800033569336,0.0,99.5,98.48999786376952,99.16999816894533,0.0,595700,0.0014295687552384547,7166924.605893332
2008-04-29,31.87653541564941,0.0,99.19000244140624,0.0,99.47000122070312,98.91000366210938,99.47000122070312,0.0,144500,0.0014216615302616322,7271841.934403919
2008-04-30,31.90868759155273,0.0,99.29000091552734,0.0,99.95999908447266,98.5,99.20999908447266,0.0,113400,0.0015479221594453367,7344872.300066267
2008-05-01,32.58677673339844,0.0,100.81999969482422,0.568,100.81999969482422,99.1999969482422,99.1999969482422,0.0,428500,0.001456893081113868,7679140.315155756
2008-05-02,32.25711441040039,0.0,99.8000030517578,0.0,100.38999938964844,99.61000061035156,100.31999969482422,0.0,133900,0.0016700267104365486,7775307.143941001
2008-05-05,32.20539474487305,0.0,99.63999938964844,0.0,99.6999969482422,99.51000213623048,99.51000213623048,0.0,121900,0.0014938294001902188,7847788.22271559
2008-05-06,31.975934982299805,0.0,98.93000030517578,0.0,99.27999877929688,98.68000030517578,99.27999877929688,0.0,121400,0.001339429264686118,7916894.786501688
2008-05-07,31.998516082763672,0.0,99.0,0.0,99.2300033569336,98.62000274658205,99.22000122070312,0.0,65700,0.0014630686095657903,7957322.882074023
2008-05-08,31.9306583404541,0.0,98.79000091552734,0.0,99.19000244140624,98.75,99.16999816894533,0.0,59700,0.0016363581595283296,7975675.945070054
2008-05-09,31.998516082763672,0.0,99.0,0.0,99.0,98.48999786376952,98.87000274658205,0.0,73100,0.0016363581595283296,8023421.65949988
2008-05-12,31.956518173217773,0.0,98.87000274658205,0.0,98.93000030517578,98.5,98.91999816894533,0.0,91900,0.0016961502063424956,7998253.825239151
2008-05-13,31.94682502746582,0.0,98.83999633789062,0.0,99.04000091552734,98.70999908447266,98.9800033569336,0.0,59500,0.001698606585334569,8013918.744144742
2008-05-14,31.90157127380371,0.0,98.6999969482422,0.0,99.13999938964844,98.0999984741211,98.94000244140624,0.0,153100,0.0017281984084606388,8100283.501840016
2008-05-15,31.98562431335449,0.0,98.95999908447266,0.0,99.25,98.25,99.16000366210938,0.0,146600,0.002012095709073307,8203067.318235124
2008-05-16,32.03086853027344,0.0,99.0999984741211,0.0,99.13999938964844,98.5999984741211,98.72000122070312,0.0,79300,0.002178553553177627,8259123.110925583
2008-05-19,32.15692901611328,0.0,99.48999786376952,0.0,99.58000183105467,99.1999969482422,99.3499984741211,0.0,58900,0.002138134745588096,8293086.808189513
2008-05-20,32.09552001953125,0.0,99.3000030517578,0.0,99.5,99.06999969482422,99.5,0.0,49300,0.002178590527689969,8317044.666526431
2008-05-21,32.037315368652344,0.0,99.12000274658205,0.0,99.3499984741211,99.0199966430664,99.3499984741211,0.0,97300,0.0021985293016895413,8380068.287695022
2008-05-22,31.98884963989257,0.0,98.97000122070312,0.0,99.23999786376952,98.7300033569336,99.0,0.0,51700,0.0019425213404096954,8399435.343751453
2008-05-23,31.798141479492188,0.0,98.37999725341795,0.0,98.80999755859376,97.6999969482422,98.6999969482422,0.0,401400,0.0019425213404096954,8603049.400184268
2008-05-27,31.62036895751953,0.0,97.83000183105467,0.0,98.36000061035156,97.54000091552734,98.36000061035156,0.0,65800,0.0020494803576285555,8651704.901050385
2008-05-28,31.775501251220703,0.0,98.30999755859376,0.0,98.33999633789062,97.5999984741211,97.5999984741211,0.0,73700,0.002224058108875182,8654049.717082674
2008-05-29,31.7431755065918,0.0,98.20999908447266,0.0,98.4000015258789,98.0,98.25,0.0,76300,0.002148294836099861,8693093.906693231
2008-05-30,31.74641990661621,0.0,98.22000122070312,0.0,98.2300033569336,98.06999969482422,98.2300033569336,0.0,53600,0.002186210141257004,8725488.526401823
2008-06-02,31.484224319458008,0.0,96.77999877929688,0.634,97.66999816894533,95.81999969482422,97.58999633789062,0.0,374500,0.0019730765119343233,8996851.935716659
2008-06-03,31.507009506225582,0.0,96.8499984741211,0.0,97.3000030517578,96.3000030517578,97.3000030517578,0.0,80200,0.002260685870038362,9030242.577010866
2008-06-04,31.474454879760746,0.0,96.75,0.0,96.93000030517578,96.4499969482422,96.93000030517578,0.0,46100,0.0023971978333651093,9040124.553353446
2008-06-05,31.61108589172364,0.0,97.16999816894533,0.0,97.1999969482422,96.87999725341795,97.0,0.0,49200,0.0021585651914187336,9064871.885971796
2008-06-06,31.52326774597168,0.0,96.9000015258789,0.0,97.37999725341795,96.77999877929688,96.97000122070312,0.0,43100,0.00208482590039821,8881537.832320683
2008-06-09,31.624107360839844,0.0,97.20999908447266,0.0,97.37000274658205,96.61000061035156,97.2699966430664,0.0,47100,0.002331246019389114,8891078.713734945
2008-06-10,31.637107849121094,0.0,97.25,0.0,97.26000213623048,96.86000061035156,97.0,0.0,52400,0.002262199269190953,8909659.546740092
2008-06-11,31.63060569763184,0.0,97.2300033569336,0.0,97.9800033569336,97.0,97.5,0.0,66500,0.0022597428901988794,8942044.826289585
2008-06-12,31.578563690185547,0.0,97.06999969482422,0.0,97.3499984741211,96.70999908447266,96.93000030517578,0.0,41200,0.0021975106690054784,8949400.889314923
2008-06-13,31.718469619750977,0.0,97.5,0.0,97.5,96.3499984741211,97.0999984741211,0.0,58900,0.0020459206465194995,8971189.937646048
2008-06-16,31.279277801513672,0.0,96.1500015258789,0.0,97.06999969482422,96.11000061035156,96.5999984741211,0.0,61200,0.0023121513789289105,8981902.874356225
2008-06-17,31.334566116333008,0.0,96.31999969482422,0.0,96.8000030517578,95.97000122070312,96.02999877929688,0.0,87300,0.0025238686796107052,9036004.111862183
2008-06-18,31.402894973754883,0.0,96.52999877929688,0.0,96.8499984741211,96.0500030517578,96.3000030517578,0.0,67200,0.0027877574752434714,9072261.777877808
2008-06-19,31.204439163208008,0.0,95.91999816894533,0.0,96.22000122070312,95.6500015258789,96.22000122070312,0.0,86600,0.002828105381701339,9095289.967739772
2008-06-20,31.080825805664062,0.0,95.54000091552734,0.0,95.87999725341795,95.25,95.8000030517578,0.0,40500,0.002828105381701339,9106551.634991359
2008-06-23,30.966947555541992,0.0,95.19000244140624,0.0,95.63999938964844,95.08999633789062,95.58999633789062,0.0,37800,0.0028867090901937417,9109800.35069178
2008-06-24,30.836849212646484,0.0,94.79000091552734,0.0,95.62999725341795,94.48999786376952,95.0999984741211,0.0,176700,0.002872388088166957,9212234.265584795
2008-06-25,30.94092559814453,0.0,95.11000061035156,0.0,95.13999938964844,94.5,94.63999938964844,0.0,92900,0.0027353919230964463,9228367.656865196
2008-06-26,30.69696617126465,0.0,94.36000061035156,0.0,94.5999984741211,93.8000030517578,94.18000030517578,0.0,96000,0.0029323687044013943,9261314.355977377
2008-06-27,30.61236572265625,0.0,94.0999984741211,0.0,94.1999969482422,93.58999633789062,94.0199966430664,0.0,58300,0.0030948357358252096,9286408.871532623
2008-06-30,30.57984733581543,0.0,94.0,0.0,94.0999984741211,93.54000091552734,93.9000015258789,0.0,84900,0.0033110717984638762,9279157.68105643
2008-07-01,30.547388076782227,0.0,93.25,0.651,94.0,92.3499984741211,92.43000030517578,0.0,957200,0.0029957720113892644,9956546.283855135
2008-07-02,30.52447509765625,0.0,93.18000030517578,0.0,93.5,92.56999969482422,93.0199966430664,0.0,81800,0.003176311934561332,9968236.950719925
2008-07-03,30.51136016845703,0.0,93.13999938964844,0.0,93.58000183105467,92.98999786376952,93.37000274658205,0.0,41700,0.003294315450993281,9947988.142249698
2008-07-07,30.537595748901367,0.0,93.22000122070312,0.0,93.56999969482422,92.70999908447266,93.56999969482422,0.0,102500,0.003418270825589561,9985559.017435709
2008-07-08,30.455678939819336,0.0,92.97000122070312,0.0,93.20999908447266,92.66000366210938,93.1500015258789,0.0,170000,0.0033290116588842863,9972314.637271943
2008-07-09,30.35086250305176,0.0,92.6500015258789,0.0,93.1999969482422,92.5500030517578,92.8000030517578,0.0,79000,0.0034547679323492764,9997646.90776401
2008-07-10,30.39017105102539,0.0,92.7699966430664,0.0,93.08999633789062,92.33999633789062,92.41999816894533,0.0,99100,0.0036269415241743353,10030899.722084166
2008-07-11,30.35086250305176,0.0,92.6500015258789,0.0,92.80999755859376,92.2300033569336,92.30999755859376,0.0,310000,0.0037419599089615367,10138828.992680142
2008-07-14,30.278797149658203,0.0,92.43000030517578,0.0,93.16000366210938,91.9000015258789,93.16000366210938,0.0,41200,0.0037013451835444114,10113342.372864012
2008-07-15,29.810333251953125,0.0,91.0,0.0,91.8000030517578,90.7300033569336,91.70999908447266,0.0,149100,0.00326865660703068,10205075.42088221
2008-07-16,29.90860366821289,0.0,91.3000030517578,0.0,91.56999969482422,91.0,91.1999969482422,0.0,25300,0.0032451423311495842,10207882.485374572
2008-07-17,29.997051239013672,0.0,91.56999969482422,0.0,92.5500030517578,91.45999908447266,91.6999969482422,0.0,41900,0.0029037009514101624,10222282.430218894
2008-07-18,30.47861671447754,0.0,93.04000091552734,0.0,93.04000091552734,91.7699966430664,92.08999633789062,0.0,48800,0.003173168723271058,10233987.477656772
2008-07-21,30.629281997680664,0.0,93.5,0.0,93.69000244140624,93.0,93.5199966430664,0.0,49500,0.003173168723271058,10205151.646574717
2008-07-22,30.73413276672364,0.0,93.81999969482422,0.0,93.88999938964844,93.12000274658205,93.3000030517578,0.0,103000,0.0033006443797838625,10133590.89001247
2008-07-23,30.652193069458008,0.0,93.56999969482422,0.0,93.93000030517578,93.5500030517578,93.6500015258789,0.0,193500,0.0032170637641194357,10231272.69170852
2008-07-24,30.72428703308105,0.0,93.79000091552734,0.0,94.23999786376952,93.26000213623048,93.80999755859376,0.0,64100,0.0030950900001534,10229971.017571101
2008-07-25,30.789804458618164,0.0,93.98999786376952,0.0,94.52999877929688,93.6999969482422,93.75,0.0,188000,0.0028658044778060404,10335995.736076718
2008-07-28,30.684993743896484,0.0,93.66999816894533,0.0,93.7300033569336,93.3000030517578,93.44000244140624,0.0,75200,0.002665422141225082,10356984.815434048
2008-07-29,30.6915340423584,0.0,93.69000244140624,0.0,93.83000183105467,93.1999969482422,93.55999755859376,0.0,65900,0.002620551416530997,10375403.95068214
2008-07-30,30.69808387756348,0.0,93.70999908447266,0.0,93.73999786376952,93.0,93.3499984741211,0.0,103900,0.002803639880237081,10431218.52922591
2008-07-31,30.76033592224121,0.0,93.9000015258789,0.0,93.9000015258789,93.0,93.37000274658205,0.0,82000,0.0028296179717043554,10432293.769981747
2008-08-01,30.62275695800781,0.0,92.81999969482422,0.663,93.06999969482422,92.4000015258789,92.6999969482422,0.0,25200,0.0029977470821250193,10386046.367372785
2008-08-04,30.411603927612305,0.0,92.18000030517578,0.0,92.4800033569336,92.04000091552734,92.37999725341795,0.0,75800,0.002919815196164522,10406475.121198382
2008-08-05,30.626066207885746,0.0,92.83000183105467,0.0,93.6999969482422,92.0199966430664,92.33000183105467,0.0,70600,0.0028372566623778572,10407185.820637053
2008-08-06,30.42150115966797,0.0,92.20999908447266,0.0,92.3499984741211,92.0,92.26000213623048,0.0,44200,0.002635752131655537,10361460.833740234
2008-08-07,30.38522148132324,0.0,92.0999984741211,0.0,92.26000213623048,92.0,92.16999816894533,0.0,42700,0.0025763097885556996,10347995.444615683
2008-08-08,30.43800544738769,0.0,92.26000213623048,0.0,92.27999877929688,91.97000122070312,92.06999969482422,0.0,62300,0.0025852338321689055,10332253.64968436
2008-08-11,30.352235794067383,0.0,92.0,0.0,92.1500015258789,91.36000061035156,91.8499984741211,0.0,49800,0.0024698967076208747,10312208.410686918
2008-08-12,30.471004486083984,0.0,92.36000061035156,0.0,92.47000122070312,91.9000015258789,92.18000030517578,0.0,95000,0.0024698967076208747,10317092.917639112
2008-08-13,30.517179489135746,0.0,92.5,0.0,92.5,92.0,92.3000030517578,0.0,47200,0.0024887004360223336,10305732.14676872
2008-08-14,30.517179489135746,0.0,92.5,0.0,92.5,92.16000366210938,92.4000015258789,0.0,58400,0.002625415495180597,10311431.954992386
2008-08-15,30.586462020874023,0.0,92.70999908447266,0.0,92.73999786376952,92.41999816894533,92.44000244140624,0.0,39900,0.002240083200331547,10303026.011100648
2008-08-18,30.517179489135746,0.0,92.5,0.0,92.98999786376952,92.0199966430664,92.75,0.0,91100,0.002307075809653846,10292117.479354616
2008-08-19,30.576562881469727,0.0,92.68000030517578,0.0,92.75,92.25,92.6500015258789,0.0,101400,0.002279275946072012,10316830.590711322
2008-08-20,30.56998443603516,0.0,92.66000366210938,0.0,92.81999969482422,92.33000183105467,92.68000030517578,0.0,30700,0.00238643702799838,10296968.273332383
2008-08-21,30.527084350585938,0.0,92.52999877929688,0.0,92.5999984741211,92.25,92.37000274658205,0.0,103100,0.0024152425809013155,10335957.50249227
2008-08-22,30.352235794067383,0.0,92.0,0.0,92.75,92.0,92.4499969482422,0.0,58300,0.002498413478488984,10316625.041586256
2008-08-25,30.517179489135746,0.0,92.5,0.0,92.5199966430664,92.11000061035156,92.11000061035156,0.0,60600,0.0026357683474797734,10299429.150366405
2008-08-26,30.352235794067383,0.0,92.0,0.0,92.55999755859376,91.9000015258789,92.55999755859376,0.0,259900,0.002617245458672855,10430832.714226132
2008-08-27,30.38522148132324,0.0,92.0999984741211,0.0,92.37999725341795,91.83000183105467,92.37999725341795,0.0,68400,0.002603418866410526,10433760.213397797
2008-08-28,30.4280948638916,0.0,92.2300033569336,0.0,92.41999816894533,92.0199966430664,92.37999725341795,0.0,74100,0.0023782213333170383,10432237.526484897
2008-08-29,30.48420143127441,0.0,92.4000015258789,0.0,92.58999633789062,92.0,92.4499969482422,0.0,59500,0.0022529516959695134,10435198.122054812
2008-09-02,30.49083137512207,0.0,91.8000030517578,0.62,92.52999877929688,91.62000274658205,92.23999786376952,0.0,57200,0.002256935166200768,10454167.393209064
2008-09-03,30.590482711791992,0.0,92.0999984741211,0.0,92.0999984741211,91.83000183105467,92.0,0.0,50200,0.002233889525701727,10435042.67215426
2008-09-04,30.72332763671875,0.0,92.5,0.0,92.5,92.30999755859376,92.5,0.0,46700,0.0021867959923247597,10453376.402821617
2008-09-05,30.6967887878418,0.0,92.41999816894533,0.0,92.43000030517578,91.5199966430664,92.26000213623048,0.0,62400,0.00209960204485938,10465645.513025919
2008-09-08,30.660228729248047,0.0,92.30999755859376,0.0,93.13999938964844,92.1500015258789,93.13999938964844,0.0,59300,0.0019756596164589727,10488823.916898455
2008-09-09,30.72665786743164,0.0,92.51000213623048,0.0,92.91000366210938,92.1999969482422,92.56999969482422,0.0,168700,0.002223140875260382,10585241.484215146
2008-09-10,30.55725860595703,0.0,92.0,0.0,92.4800033569336,92.0,92.4800033569336,0.0,61200,0.002223140875260382,10589604.976278638
2008-09-11,30.55725860595703,0.0,92.0,0.0,92.33999633789062,91.66000366210938,92.16999816894533,0.0,101600,0.0020321990396548997,10603504.316384451
2008-09-12,30.55725860595703,0.0,92.0,0.0,92.02999877929688,91.4800033569336,91.87999725341795,0.0,121100,0.0019147234056271871,10664022.58559333
2008-09-15,29.43462181091309,0.0,88.62000274658203,0.0,91.87999725341795,88.0,91.87999725341795,0.0,377800,0.0019254561575215076,10888714.292374868
2008-09-16,28.75703430175781,0.0,86.58000183105469,0.0,87.41000366210938,82.23999786376953,87.04000091552734,0.0,283800,0.0018584635481992083,11048440.996042887
2008-09-17,27.029890060424805,0.0,81.37999725341797,0.0,86.4000015258789,79.25,86.16999816894531,0.0,283100,0.002888203322409753,11173956.36898828
2008-09-18,29.16226959228516,0.0,87.80000305175781,0.0,88.19999694824219,81.41000366210938,82.98999786376953,0.0,226400,0.004066691817933521,11289466.057011439
2008-09-19,29.53424835205078,0.0,88.91999816894531,0.0,92.0500030517578,88.0999984741211,89.0,0.0,77800,0.003946328752213808,11264047.195943197
2008-09-22,29.5076961517334,0.0,88.83999633789062,0.0,90.1999969482422,88.5999984741211,89.0999984741211,0.0,34600,0.004268800230692103,11219196.54174078
2008-09-23,29.21872329711914,0.0,87.97000122070312,0.0,89.75,87.0,89.56999969482422,0.0,64200,0.004131445361701314,11149368.161410376
2008-09-24,29.48111152648925,0.0,88.76000213623047,0.0,89.69000244140625,88.05000305175781,88.05000305175781,0.0,57700,0.0045904642027923175,11115352.843033321
2008-09-25,28.73048210144043,0.0,86.5,0.0,88.8499984741211,86.5,88.8499984741211,0.0,73600,0.004421202331348562,11130439.066042218
2008-09-26,28.630842208862305,0.0,86.19999694824219,0.0,86.94000244140625,84.93000030517578,85.4800033569336,0.0,50900,0.004303369886475959,10976140.854105873
2008-09-29,26.312461853027344,0.0,79.22000122070312,0.0,86.2300033569336,76.0,86.2300033569336,0.0,174700,0.004142506896970872,10329689.562267728
2008-09-30,27.2358341217041,0.0,82.0,0.0,82.63999938964844,80.5999984741211,82.51000213623047,0.0,113200,0.004298831193745669,10332745.911474077
2008-10-01,28.42157745361328,0.0,84.8499984741211,0.69,85.19999694824219,82.0,82.33000183105469,0.0,991400,0.004247274415745746,10925214.55676972
2008-10-02,27.681339263916016,0.0,82.63999938964844,0.0,84.87000274658203,81.01000213623047,84.87000274658203,0.0,230900,0.005434933615359438,10967522.781317575
2008-10-03,27.580829620361328,0.0,82.33999633789062,0.0,83.76000213623047,81.75,83.2300033569336,0.0,51400,0.006128381445817283,10910372.342179313
2008-10-06,26.57929420471192,0.0,79.3499984741211,0.0,81.75,77.55000305175781,80.5,0.0,134200,0.006128381445817283,10928677.33848814
2008-10-07,26.130455017089844,0.0,78.01000213623047,0.0,82.66999816894531,77.88999938964844,79.51000213623047,0.0,240800,0.007715923219453228,11016669.233382694
2008-10-08,25.03846740722656,0.0,74.75,0.0,78.19999694824219,74.22000122070312,76.62000274658203,0.0,157800,0.007715923219453228,10973678.594177488
2008-10-09,24.455638885498047,0.0,73.01000213623047,0.0,78.26000213623047,73.01000213623047,75.19999694824219,0.0,113800,0.009806383959747974,10993963.883409046
2008-10-10,22.824377059936523,0.0,68.13999938964844,0.0,71.37000274658203,63.959999084472656,71.37000274658203,0.0,274300,0.009787144534617424,11100254.040545508
2008-10-13,25.624662399291992,0.0,76.5,0.0,76.5,70.45999908447266,70.55000305175781,0.0,230000,0.009776411782723104,11194239.041264853
2008-10-14,25.79215240478516,0.0,77.0,0.0,79.33000183105469,75.5,78.25,0.0,372300,0.009776411782723104,11356368.654632568
2008-10-15,24.66664695739746,0.0,73.63999938964844,0.0,75.98999786376953,71.87999725341797,75.98999786376953,0.0,374900,0.008588392507089187,11527641.929244995
2008-10-16,23.73210334777832,0.0,70.8499984741211,0.0,74.33000183105469,70.0,74.31999969482422,0.0,167400,0.007240246428263907,11525530.650638398
2008-10-17,23.44740104675293,0.0,70.0,0.0,70.83999633789062,69.5,70.51000213623047,0.0,120700,0.007240246428263907,11537825.609419081
2008-10-20,23.91635131835937,0.0,71.4000015258789,0.0,71.80000305175781,70.0,71.55000305175781,0.0,1460200,0.006816415436831971,12304916.738213433
2008-10-21,23.779008865356445,0.0,70.98999786376953,0.0,72.88999938964844,70.45999908447266,71.22000122070312,0.0,398300,0.007046055385562853,12448261.150838459
2008-10-22,23.581382751464844,0.0,70.4000015258789,0.0,71.68000030517578,70.2699966430664,71.68000030517578,0.0,113300,0.006759075179877871,12422197.088441394
2008-10-23,23.9799747467041,0.0,71.58999633789062,0.0,71.88999938964844,70.0999984741211,70.4000015258789,0.0,157700,0.007590311769766657,12443039.170098683
2008-10-24,23.38041877746582,0.0,69.80000305175781,0.0,70.80000305175781,69.05999755859375,70.4000015258789,0.0,155600,0.008368074873533573,12058917.284980653
2008-10-27,22.1912841796875,0.0,66.25,0.0,70.37999725341797,66.25,70.04000091552734,0.0,1313600,0.008368074873533573,12635846.210752215
2008-10-28,22.442493438720703,0.0,67.0,0.0,68.69999694824219,67.0,67.69000244140625,0.0,158600,0.008676985198437643,12630820.13056316
2008-10-29,23.46415328979492,0.0,70.05000305175781,0.0,71.0,67.41000366210938,67.41000366210938,0.0,318700,0.009365345869229469,12465134.147256518
2008-10-30,24.10725975036621,0.0,71.97000122070312,0.0,71.97000122070312,70.5,70.94999694824219,0.0,169900,0.008177686669615778,12456122.105976893
2008-10-31,24.117328643798828,0.0,72.0,0.0,72.26000213623047,71.58999633789062,71.5999984741211,0.0,126500,0.0074587015378980905,12432010.074821351
2008-11-03,24.313480377197266,0.0,71.88999938964844,0.69,72.26000213623047,71.69999694824219,72.26000213623047,0.0,168900,0.007799292747243947,12433058.637201218
2008-11-04,24.58743476867676,0.0,72.69999694824219,0.0,72.77999877929688,71.75,72.77999877929688,0.0,430300,0.006069259440853629,12629713.468049064
2008-11-05,24.384498596191406,0.0,72.0999984741211,0.0,73.22000122070312,72.0,72.77999877929688,0.0,392100,0.006280849414409563,12807274.15334308
2008-11-06,24.384498596191406,0.0,72.0999984741211,0.0,72.5,71.0,71.01000213623047,0.0,198100,0.00417432375651814,12863195.658880567
2008-11-07,24.638145446777344,0.0,72.8499984741211,0.0,72.94000244140625,72.0,72.62999725341797,0.0,221000,0.00417432375651814,12918859.916105725
2008-11-10,24.64153289794922,0.0,72.86000061035156,0.0,73.41999816894531,72.0,73.05000305175781,0.0,148600,0.004646903760488322,12958114.013792977
2008-11-11,24.59756088256836,0.0,72.7300033569336,0.0,73.58999633789062,72.05000305175781,73.58999633789062,0.0,107100,0.005485117557027072,12900006.187021164
2008-11-12,24.249237060546875,0.0,71.69999694824219,0.0,72.69000244140625,71.54000091552734,72.69000244140625,0.0,129400,0.005485117557027072,12858501.772253854
2008-11-13,24.12069320678711,0.0,71.31999969482422,0.0,71.86000061035156,70.66999816894531,71.12000274658203,0.0,211900,0.005485117557027072,12916073.820320008
2008-11-14,23.82646942138672,0.0,70.44999694824219,0.0,71.37999725341797,70.0,71.37999725341797,0.0,115200,0.005485117557027072,12933977.620115735
2008-11-17,23.45781707763672,0.0,69.36000061035156,0.0,70.94000244140625,69.11000061035156,70.44999694824219,0.0,157200,0.005521731555174873,12981659.38158792
2008-11-18,22.96403884887696,0.0,67.9000015258789,0.0,69.44000244140625,67.5999984741211,69.0,0.0,174700,0.005292091606443991,12999260.603804816
2008-11-19,22.179412841796875,0.0,65.58000183105469,0.0,67.7699966430664,65.05999755859375,67.04000091552734,0.0,174100,0.0049672105219003065,13049266.391548278
2008-11-20,21.4421329498291,0.0,63.400001525878906,0.0,65.33999633789062,62.5,65.0199966430664,0.0,606400,0.004135973932011522,13040980.915578207
2008-11-21,21.65518951416016,0.0,64.02999877929688,0.0,65.2699966430664,63.209999084472656,64.91999816894531,0.0,238500,0.004609150517153649,13111091.555168515
2008-11-24,21.7532901763916,0.0,64.31999969482422,0.0,65.69000244140625,64.02999877929688,65.16000366210938,0.0,232500,0.004916637170206685,13172273.72270009
2008-11-25,21.979875564575195,0.0,64.98999786376953,0.0,65.83999633789062,63.77000045776367,65.83999633789062,0.0,313500,0.00538687592112024,13274503.416352045
2008-11-26,22.49054336547852,0.0,66.5,0.0,66.54000091552734,65.0999984741211,66.05999755859375,0.0,256400,0.0046985152503284154,13368043.161864508
2008-11-28,22.40600776672364,0.0,66.25,0.0,66.52999877929688,65.37999725341797,65.37999725341797,0.0,420700,0.005434630058445501,13301592.887714932
2008-12-01,21.943897247314453,0.0,64.19999694824219,0.698,65.66000366210938,63.66999816894531,65.11000061035156,0.0,409700,0.0054847416515250505,13448698.98987422
2008-12-02,22.17974090576172,0.0,64.88999938964844,0.0,65.2699966430664,64.25,65.2699966430664,0.0,501700,0.0056030710109592485,13671676.27315824
2008-12-03,22.183141708374023,0.0,64.9000015258789,0.0,64.93000030517578,64.41000366210938,64.80000305175781,0.0,247800,0.0056810232055013055,13761370.372112213
2008-12-04,22.053260803222656,0.0,64.5199966430664,0.0,65.0,64.16999816894531,64.91000366210938,0.0,214200,0.005748054096799032,13837908.413502527
2008-12-05,22.06351661682129,0.0,64.55000305175781,0.0,64.55000305175781,63.5,64.12000274658203,0.0,485500,0.005748054096799032,14050292.822429111
2008-12-08,22.319854736328125,0.0,65.30000305175781,0.0,65.37999725341797,63.79999923706055,64.55000305175781,0.0,703700,0.005781306087173435,14374544.506139604
2008-12-09,22.15239715576172,0.0,64.80999755859375,0.0,65.33999633789062,64.5,65.20999908447266,0.0,631800,0.005696343405138541,14648204.515935505
2008-12-10,22.13530158996582,0.0,64.76000213623047,0.0,65.12999725341797,64.0,65.05999755859375,0.0,379100,0.004984205017244345,14811309.53833565
2008-12-11,21.96442031860352,0.0,64.26000213623047,0.0,65.0,64.26000213623047,64.52999877929688,0.0,914500,0.005396135120192751,15232127.172887893
2008-12-12,22.268613815307617,0.0,65.1500015258789,0.0,65.30000305175781,64.05000305175781,64.3499984741211,0.0,320000,0.005774789636685231,15350886.064910889
2008-12-15,22.15239715576172,0.0,64.80999755859375,0.0,65.63999938964844,64.41999816894531,64.41999816894531,0.0,611300,0.006066292641860967,15598581.42629351
2008-12-16,22.56256675720215,0.0,66.01000213623047,0.0,66.02999877929688,64.5999984741211,66.01000213623047,0.0,523700,0.00653041787380212,15821459.380267914
2008-12-17,23.14020156860352,0.0,67.69999694824219,0.0,68.0999984741211,65.5999984741211,66.37999725341797,0.0,1671500,0.00653041787380212,16653632.975962805
2008-12-18,24.483491897583008,0.0,71.62999725341797,0.0,72.45999908447266,68.08999633789062,68.72000122070312,0.0,2134800,0.00653041787380212,17836540.500562154
2008-12-19,24.31943702697754,0.0,71.1500015258789,0.0,71.25,70.12999725341797,70.98999786376953,0.0,1174700,0.00676764843967419,18471316.093420602
2008-12-22,25.2935733795166,0.0,74.0,0.0,74.36000061035156,70.80000305175781,71.33999633789062,0.0,1764700,0.005516708750765147,19374795.512771606
2008-12-23,25.662748336791992,0.0,75.08000183105469,0.0,75.29000091552734,73.80999755859375,74.37999725341797,0.0,1220400,0.0052092220977121104,20031874.204659842
2008-12-24,25.259395599365234,0.0,73.9000015258789,0.0,75.5,73.4800033569336,74.68000030517578,0.0,787700,0.004907620306947377,20421973.181987945
2008-12-26,25.741355895996094,0.0,75.30999755859375,0.0,75.33999633789062,73.02999877929688,73.98999786376953,0.0,1291200,0.005877120619392547,21150181.427516636
2008-12-29,25.91482734680176,0.0,75.29000091552734,0.524,75.79000091552734,74.5,75.25,0.0,1020000,0.0051410058112754614,21696333.81588043
2008-12-30,25.994007110595703,0.0,75.5199966430664,0.0,76.16000366210938,74.80999755859375,76.16000366210938,0.0,530100,0.005423269126666486,21305653.262074787
2008-12-31,26.16265296936035,0.0,76.01000213623047,0.0,76.1500015258789,75.06999969482422,75.54000091552734,0.0,707400,0.005568385702946597,21671902.083393883
2009-01-02,26.080039978027344,0.0,75.7699966430664,0.0,76.44999694824219,75.58000183105469,75.58000183105469,0.0,673600,0.005345570224050094,22046145.986284528
2009-01-05,27.339820861816406,0.0,79.43000030517578,0.0,81.87000274658203,75.37000274658203,75.41999816894531,0.0,1907500,0.00516206866148704,23172794.20419723
2009-01-06,27.5704345703125,0.0,80.0999984741211,0.0,80.61000061035156,79.5199966430664,80.19000244140625,0.0,2267000,0.0052966952590617995,24488522.746525113
2009-01-07,27.07133674621582,0.0,78.6500015258789,0.0,80.36000061035156,77.75,79.94000244140625,0.0,1748100,0.005263443268687397,25521607.806420706
2009-01-08,26.67894744873047,0.0,77.51000213623047,0.0,78.30999755859375,76.86000061035156,78.30999755859375,0.0,972100,0.004875825946752109,26046639.285859607
2009-01-09,27.07133674621582,0.0,78.6500015258789,0.0,78.86000061035156,77.55000305175781,78.86000061035156,0.0,826600,0.0047497505381075555,26334659.847671267
2009-01-12,26.48276138305664,0.0,76.94000244140625,0.0,79.0999984741211,76.20999908447266,78.98999786376953,0.0,867700,0.00477186993510027,26834284.64216202
2009-01-13,26.38636779785156,0.0,76.66000366210938,0.0,77.80999755859375,75.81999969482422,77.80999755859375,0.0,613500,0.0047551681464615796,27099862.517135862
2009-01-14,26.049047470092773,0.0,75.68000030517578,0.0,76.19999694824219,73.68000030517578,75.55000305175781,0.0,1006000,0.004463665141285843,27685768.78880092
2009-01-15,25.9458122253418,0.0,75.37999725341797,0.0,75.52999877929688,74.5199966430664,75.11000061035156,0.0,1122500,0.004274902828725862,28326858.185068768
2009-01-16,26.15575790405273,0.0,75.98999786376953,0.0,76.12000274658203,73.79000091552734,75.23999786376953,0.0,574800,0.004611652720535928,28637482.778143503
2009-01-20,25.70829391479492,0.0,74.69000244140625,0.0,75.52999877929688,74.0199966430664,75.01000213623047,0.0,544100,0.005325798522152635,28923281.03471786
2009-01-21,25.71174430847168,0.0,74.69999694824219,0.0,75.04000091552734,73.68000030517578,74.81999969482422,0.0,534200,0.0053840040771056495,29163291.180759005
2009-01-22,25.64290428161621,0.0,74.5,0.0,74.87000274658203,73.76000213623047,74.87000274658203,0.0,454800,0.0060266821249803995,29288503.919322908
2009-01-23,25.23330879211425,0.0,73.30999755859375,0.0,74.33000183105469,72.4000015258789,73.81999969482422,0.0,1556100,0.0060266821249803995,30146168.58711848
2009-01-26,25.298707962036133,0.0,73.5,0.0,74.23999786376953,73.06999969482422,73.77999877929688,0.0,573600,0.005777254395325765,30340529.542686827
2009-01-27,25.532758712768555,0.0,74.18000030517578,0.0,74.44000244140625,73.56999969482422,74.16999816894531,0.0,637500,0.005065357303319276,30659940.38659353
2009-01-28,26.43801498413086,0.0,76.80999755859375,0.0,76.87000274658203,74.7699966430664,74.94000244140625,0.0,1549400,0.005065357303319276,31555458.15688239
2009-01-29,25.78058624267578,0.0,74.9000015258789,0.0,76.36000061035156,74.5199966430664,75.94999694824219,0.0,685200,0.005833008793360744,31885497.935776483
2009-01-30,25.89760398864746,0.0,75.23999786376953,0.0,75.58999633789062,74.61000061035156,75.58999633789062,0.0,469800,0.005623853642396079,32104926.117294554
2009-02-02,25.345844268798828,0.0,72.9000015258789,0.753,74.20999908447266,72.4000015258789,73.87999725341797,0.0,1037900,0.005613247590344188,32686861.415639
2009-02-03,25.39104652404785,0.0,73.02999877929688,0.0,73.51000213623047,72.51000213623047,73.47000122070312,0.0,642100,0.005945979861175657,33003570.29018705
2009-02-04,25.37019157409668,0.0,72.97000122070312,0.0,73.56999969482422,72.83999633789062,73.4800033569336,0.0,891500,0.006104647866996761,33467847.73430597
2009-02-05,25.16156768798828,0.0,72.37000274658203,0.0,73.76000213623047,72.02999877929688,73.33000183105469,0.0,836600,0.0063472589685548446,33916014.895720705
2009-02-06,25.66918182373047,0.0,73.83000183105469,0.0,73.83999633789062,72.5999984741211,72.9000015258789,0.0,830900,0.007005586044916734,34371671.07497927
2009-02-09,25.86735343933105,0.0,74.4000015258789,0.0,74.58999633789062,73.55999755859375,73.69999694824219,0.0,831400,0.007005586044916734,34816975.544308856
2009-02-10,25.697004318237305,0.0,73.91000366210938,0.0,74.56999969482422,73.5199966430664,74.55000305175781,0.0,831000,0.007224777819303516,35268067.711318485
2009-02-11,25.63788795471192,0.0,73.73999786376953,0.0,74.33999633789062,73.5999984741211,74.25,0.0,592100,0.007245916997331611,35544950.66907368
2009-02-12,25.557918548583984,0.0,73.51000213623047,0.0,73.51000213623047,72.83999633789062,73.08999633789062,0.0,509200,0.007245916997331611,35807373.63008772
2009-02-13,25.658748626708984,0.0,73.80000305175781,0.0,73.80000305175781,73.0999984741211,73.66999816894531,0.0,299100,0.006948736109926894,35939687.764316134
2009-02-17,25.005115509033203,0.0,71.91999816894531,0.0,73.83999633789062,71.5999984741211,73.77999877929688,0.0,1521100,0.006785876118368707,36778563.79805671
2009-02-18,24.855613708496094,0.0,71.48999786376953,0.0,72.47000122070312,69.5,72.31999969482422,0.0,1414600,0.0060717303167520005,37514301.90105741
2009-02-19,24.98077392578125,0.0,71.8499984741211,0.0,72.33999633789062,71.5199966430664,71.81999969482422,0.0,385300,0.005960537533154174,37659429.30090768
2009-02-20,24.615726470947266,0.0,70.80000305175781,0.0,71.16999816894531,69.52999877929688,70.19000244140625,0.0,647700,0.005317859485279424,38000798.34744892
2009-02-23,23.99684715270996,0.0,69.0199966430664,0.0,71.69000244140625,68.26000213623047,70.81999969482422,0.0,884500,0.005952859869741777,38409594.72964453
2009-02-24,24.33757209777832,0.0,70.0,0.0,70.5,69.0,69.30999755859375,0.0,647300,0.005963202520530459,38726637.58678739
2009-02-25,24.219362258911133,0.0,69.66000366210938,0.0,70.16000366210938,69.19999694824219,70.16000366210938,0.0,567600,0.006192628670306447,38995951.22233194
2009-02-26,23.73955726623535,0.0,68.27999877929688,0.0,69.87000274658203,67.62999725341797,69.75,0.0,603200,0.006192628670306447,39133059.914900765
2009-02-27,23.38143920898437,0.0,67.25,0.0,68.44999694824219,67.0,68.01000213623047,0.0,824700,0.005092602271794406,39523230.03477672
2009-03-02,22.8961124420166,0.0,65.1500015258789,0.719,66.80999755859375,64.80000305175781,66.33000183105469,0.0,993600,0.004697720277698905,39982744.30673993
2009-03-03,22.98749351501465,0.0,65.41000366210938,0.0,66.30000305175781,64.9000015258789,65.70999908447266,0.0,752700,0.00550852584795047,40329857.87551516
2009-03-04,22.983980178833008,0.0,65.4000015258789,0.0,66.44999694824219,64.80999755859375,65.63999938964844,0.0,572900,0.0060310358421875754,40585545.97630577
2009-03-05,21.894515991210938,0.0,62.29999923706055,0.0,65.4000015258789,62.2400016784668,65.3499984741211,0.0,1117900,0.005737741238791713,41101591.60506536
2009-03-06,21.78909111022949,0.0,62.0,0.0,63.7400016784668,61.869998931884766,62.70000076293945,0.0,1216800,0.005772769677816046,41666050.73204949
2009-03-09,21.662572860717773,0.0,61.63999938964844,0.0,62.83000183105469,61.5,62.31999969482422,0.0,645100,0.00522204074216809,41935867.8409425
2009-03-10,22.73444366455078,0.0,64.69000244140625,0.0,64.91000366210938,62.34999847412109,62.34999847412109,0.0,1111400,0.005585152023625248,42463030.42711833
2009-03-11,23.09643745422364,0.0,65.72000122070312,0.0,65.94999694824219,64.94000244140625,65.45999908447266,0.0,769500,0.004931910749297343,42740531.249173485
2009-03-12,23.4795150756836,0.0,66.80999755859375,0.0,66.83999633789062,65.5199966430664,65.75,0.0,762800,0.00454881884341546,43100311.139155194
2009-03-13,23.532230377197266,0.0,66.95999908447266,0.0,67.11000061035156,66.5,67.0199966430664,0.0,632300,0.00454881884341546,43362149.293291
2009-03-16,23.665771484375,0.0,67.33999633789062,0.0,67.83000183105469,67.05999755859375,67.16999816894531,0.0,514600,0.004534022813291206,43548752.16722337
2009-03-17,23.532230377197266,0.0,66.95999908447266,0.0,67.4000015258789,66.41999816894531,67.30000305175781,0.0,460100,0.004360132913039326,43527543.10802581
2009-03-18,24.07343864440918,0.0,68.5,0.0,68.62000274658203,66.58000183105469,66.97000122070312,0.0,611000,0.004476060105446513,43664702.595965065
2009-03-19,23.86257553100586,0.0,67.9000015258789,0.0,68.62000274658203,67.25,68.45999908447266,0.0,711800,0.005030311425909187,43865437.07107362
2009-03-20,23.8168888092041,0.0,67.7699966430664,0.0,68.37999725341797,67.52999877929688,67.98999786376953,0.0,394900,0.0054605410637411245,43920075.570942104
2009-03-23,24.30890655517578,0.0,69.16999816894531,0.0,69.19999694824219,67.62999725341797,68.61000061035156,0.0,461200,0.005031687824255083,44118355.15267206
2009-03-24,24.35459518432617,0.0,69.30000305175781,0.0,69.45999908447266,68.62999725341797,69.06999969482422,0.0,425000,0.004487344103484295,44327709.417939566
2009-03-25,24.48461151123047,0.0,69.66999816894531,0.0,70.05000305175781,69.38999938964844,69.38999938964844,0.0,800700,0.004000314733269625,44725622.858062625
2009-03-26,24.86416244506836,0.0,70.75,0.0,70.7699966430664,69.7300033569336,70.11000061035156,0.0,660200,0.004000314733269625,45055683.95232246
2009-03-27,24.611122131347656,0.0,70.02999877929688,0.0,70.5999984741211,68.91000366210938,70.5999984741211,0.0,1157900,0.004469878244787668,45648710.42523157
2009-03-30,23.458431243896484,0.0,66.75,0.0,69.6500015258789,66.75,69.6500015258789,0.0,1299900,0.004469878244787668,46302525.86297232
2009-03-31,23.827436447143555,0.0,67.80000305175781,0.0,68.7699966430664,67.5,68.13999938964844,0.0,632700,0.004140612176833227,46533139.575016685
2009-04-01,23.86513900756836,0.0,67.0999984741211,0.806,67.93000030517578,66.91000366210938,67.66999816894531,0.0,654300,0.0031902506094740437,46807910.44010889
2009-04-02,24.73296546936035,0.0,69.54000091552734,0.0,69.63999938964844,67.41000366210938,68.04000091552734,0.0,1469600,0.003250049862190924,46951368.35168203
2009-04-03,25.08149147033692,0.0,70.5199966430664,0.0,70.80000305175781,69.5,69.70999908447266,0.0,1355600,0.002972410321608507,47558632.888112746
2009-04-06,24.99969482421875,0.0,70.29000091552734,0.0,70.88999938964844,69.44999694824219,70.12000274658203,0.0,648200,0.003725371341731222,47886646.40225305
2009-04-07,24.711612701416016,0.0,69.4800033569336,0.0,70.08999633789062,69.12000274658203,70.08999633789062,0.0,459900,0.0036505852020874974,48055734.36851199
2009-04-08,25.00325584411621,0.0,70.30000305175781,0.0,70.5999984741211,68.80000305175781,68.80000305175781,0.0,721600,0.004075488163059316,48309255.58825599
2009-04-09,25.714597702026367,0.0,72.30000305175781,0.0,72.55000305175781,71.0,71.0,0.0,1123800,0.004075488163059316,48860487.282141425
2009-04-13,25.696802139282227,0.0,72.25,0.0,72.4800033569336,71.0,71.44999694824219,0.0,801800,0.005073809217593189,49254308.80402156
2009-04-14,25.565204620361328,0.0,71.87999725341797,0.0,72.23999786376953,71.51000213623047,72.23999786376953,0.0,617000,0.0053591572787519805,49457952.903011866
2009-04-15,25.78215789794922,0.0,72.48999786376953,0.0,72.5,71.66999816894531,72.22000122070312,0.0,501700,0.005552830957724265,49606946.80720435
2009-04-16,26.19119644165039,0.0,73.63999938964844,0.0,74.33000183105469,72.66999816894531,72.70999908447266,0.0,1109500,0.005436903765317078,50027871.246274315
2009-04-17,26.763792037963867,0.0,75.25,0.0,75.75,73.5,73.88999938964844,0.0,683000,0.004698409107627146,50216665.80364591
2009-04-20,25.78573226928711,0.0,72.5,0.0,74.94999694824219,72.37999725341797,74.62999725341797,0.0,1003100,0.004827775392368275,50699717.07551441
2009-04-21,26.077375411987305,0.0,73.31999969482422,0.0,73.80000305175781,71.52999877929688,72.41000366210938,0.0,264800,0.004637322384034186,50786749.90026989
2009-04-22,26.20185852050781,0.0,73.66999816894531,0.0,74.16000366210938,72.12000274658203,73.02999877929688,0.0,715200,0.0053342896100332425,50377468.157907516
2009-04-23,26.17339515686035,0.0,73.58999633789062,0.0,74.0,73.2699966430664,73.70999908447266,0.0,701300,0.00554063371739353,50562653.461737856
2009-04-24,26.5788516998291,0.0,74.7300033569336,0.0,74.83999633789062,73.69999694824219,73.98999786376953,0.0,522500,0.00554063371739353,50809241.609207034
2009-04-27,26.36900329589844,0.0,74.13999938964844,0.0,74.5199966430664,73.80999755859375,74.19999694824219,0.0,813400,0.005400172457029368,51198255.36381858
2009-04-28,26.425901412963867,0.0,74.30000305175781,0.0,74.86000061035156,73.3499984741211,73.9000015258789,0.0,460200,0.005658101725398145,51383429.815640524
2009-04-29,26.916736602783203,0.0,75.68000030517578,0.0,75.80000305175781,74.86000061035156,74.98999786376953,0.0,1167900,0.005176562223101021,51394228.8025962
2009-04-30,27.126583099365234,0.0,76.2699966430664,0.0,76.48999786376953,75.55000305175781,76.31999969482422,0.0,919500,0.005176562223101021,51866483.26222556
2009-05-01,27.083934783935547,0.0,75.55999755859375,0.591,76.08999633789062,74.61000061035156,75.7699966430664,0.0,609400,0.005200644414212993,52054747.758571684
2009-05-04,27.019399642944336,0.0,75.37999725341797,0.0,75.94999694824219,75.0,75.88999938964844,0.0,1043400,0.0056456980306784955,52581920.662752785
2009-05-05,27.25240135192871,0.0,76.02999877929688,0.0,76.04000091552734,75.3499984741211,75.4000015258789,0.0,799800,0.004998771071115618,52992244.416908994
2009-05-06,27.47821807861328,0.0,76.66000366210938,0.0,76.79000091552734,75.55000305175781,76.33000183105469,0.0,738600,0.004710445929302185,53345251.224908374
2009-05-07,27.02657890319824,0.0,75.4000015258789,0.0,77.66000366210938,74.79000091552734,77.55000305175781,0.0,1546800,0.004692143469517483,54022599.74612584
2009-05-08,27.51047706604004,0.0,76.75,0.0,77.0999984741211,76.20999908447266,76.43000030517578,0.0,1375800,0.0049077367457610235,54636268.3223028
2009-05-11,27.367094039916992,0.0,76.3499984741211,0.0,76.7699966430664,75.41999816894531,76.56999969482422,0.0,531000,0.00390941569122715,54844671.810334824
2009-05-12,27.47461700439453,0.0,76.6500015258789,0.0,76.6500015258789,75.69999694824219,76.0,0.0,682300,0.004100255273625682,55131961.06730567
2009-05-13,27.11617851257324,0.0,75.6500015258789,0.0,76.5199966430664,75.5,76.4800033569336,0.0,1118700,0.004498856583424846,55717696.469022356
2009-05-14,26.82942581176757,0.0,74.8499984741211,0.0,75.62999725341797,74.38999938964844,75.51000213623047,0.0,966300,0.004498856583424846,56229904.16875264
2009-05-15,26.45307159423828,0.0,73.80000305175781,0.0,74.88999938964844,73.08000183105469,74.8499984741211,0.0,1007100,0.004498856583424846,56746142.29151711
2009-05-18,27.01582145690918,0.0,75.37000274658203,0.0,75.44000244140625,74.16999816894531,74.33999633789062,0.0,831000,0.004296720301454233,57123283.27839866
2009-05-19,27.195043563842773,0.0,75.87000274658203,0.0,76.12999725341797,74.86000061035156,75.44999694824219,0.0,902800,0.00428102616481201,57602486.44372547
2009-05-20,27.59648895263672,0.0,76.98999786376953,0.0,77.19000244140625,75.87000274658203,76.11000061035156,0.0,1158400,0.0035840589388129534,58223770.74078454
2009-05-21,27.24163627624512,0.0,76.0,0.0,76.93000030517578,76.0,76.69000244140625,0.0,1274700,0.003842619471811275,58898493.51644667
2009-05-22,27.61802864074707,0.0,77.05000305175781,0.0,77.38999938964844,76.02999877929688,76.33000183105469,0.0,762300,0.004297645434390206,59274031.12761785
2009-05-26,27.54630470275879,0.0,76.8499984741211,0.0,77.29000091552734,76.37999725341797,76.80999755859375,0.0,855100,0.004402140477911106,59490449.16547442
2009-05-27,27.59648895263672,0.0,76.98999786376953,0.0,77.51000213623047,76.98999786376953,77.33999633789062,0.0,757300,0.004234838261859303,59831983.85335831
2009-05-28,27.69328117370605,0.0,77.26000213623047,0.0,77.69999694824219,76.98999786376953,77.48999786376953,0.0,583900,0.004500836116482808,60071330.80032893
2009-05-29,27.901166915893555,0.0,77.83999633789062,0.0,78.16999816894531,77.44999694824219,77.79000091552734,0.0,621200,0.0045338442887619115,60293393.03362104
2009-06-01,28.5614070892334,0.0,78.94999694824219,0.715,78.9800033569336,77.79000091552734,77.79000091552734,0.0,1293700,0.004449962844933058,60968686.772128515
2009-06-02,28.47819900512696,0.0,78.72000122070312,0.0,78.7300033569336,77.93000030517578,78.66000366210938,0.0,782200,0.004379082318945235,61236174.15272243
2009-06-03,28.31538963317871,0.0,78.2699966430664,0.0,78.94000244140625,78.01000213623047,78.91999816894531,0.0,776100,0.00449953750219657,61509528.1657779
2009-06-04,28.40224266052246,0.0,78.51000213623047,0.0,78.69999694824219,78.0199966430664,78.0199966430664,0.0,638100,0.00484205598794422,61648749.75045522
2009-06-05,28.492637634277344,0.0,78.76000213623047,0.0,78.98999786376953,78.30999755859375,78.98999786376953,0.0,704400,0.004435455486757103,61961418.99749211
2009-06-08,28.543306350708008,0.0,78.9000015258789,0.0,79.25,78.31999969482422,78.97000122070312,0.0,593000,0.00454576956191121,62223065.96276117
2009-06-09,28.597562789916992,0.0,79.05000305175781,0.0,79.2300033569336,78.61000061035156,78.61000061035156,0.0,559600,0.004832487257832123,62325425.92487335
2009-06-10,28.63376235961914,0.0,79.1500015258789,0.0,79.5,78.72000122070312,79.2699966430664,0.0,636700,0.004519112667447302,62360689.36792101
2009-06-11,28.698883056640625,0.0,79.33000183105469,0.0,79.95999908447266,79.12999725341797,79.12999725341797,0.0,524400,0.003926837678675852,62365877.43540265
2009-06-12,28.847187042236328,0.0,79.73999786376953,0.0,79.87000274658203,79.33000183105469,79.61000061035156,0.0,566000,0.004169637485352074,62529229.197156996
2009-06-15,28.42029190063477,0.0,78.55999755859375,0.0,79.70999908447266,78.4800033569336,79.6500015258789,0.0,574500,0.004169637485352074,62421030.36099691
2009-06-16,28.148984909057617,0.0,77.80999755859375,0.0,79.2300033569336,77.27999877929688,78.98999786376953,0.0,1180400,0.0038121778447496196,62984513.85805947
2009-06-17,27.98619270324707,0.0,77.36000061035156,0.0,78.2699966430664,77.0199966430664,77.79000091552734,0.0,1240800,0.003978513267201256,63431894.31242262
2009-06-18,28.253890991210938,0.0,78.0999984741211,0.0,78.20999908447266,77.05000305175781,77.05000305175781,0.0,766200,0.004686600959856519,63632456.06410617
2009-06-19,28.2828369140625,0.0,78.18000030517578,0.0,78.29000091552734,77.70999908447266,77.70999908447266,0.0,667900,0.004309276534048589,63148772.55065252
2009-06-22,27.89933204650879,0.0,77.12000274658203,0.0,78.08000183105469,76.5,78.08000183105469,0.0,1096700,0.0038542505714696577,62606405.7956968
2009-06-23,27.946372985839844,0.0,77.25,0.0,77.73999786376953,76.86000061035156,76.86000061035156,0.0,582200,0.0037774831454245915,62300017.24972498
2009-06-24,28.087491989135746,0.0,77.63999938964844,0.0,78.30000305175781,77.25,77.48999786376953,0.0,576400,0.0036868560931076176,61618778.32629794
2009-06-25,28.355195999145508,0.0,78.37999725341797,0.0,78.44000244140625,77.61000061035156,77.88999938964844,0.0,647900,0.00365032798975136,61294609.80237628
2009-06-26,28.34794807434082,0.0,78.36000061035156,0.0,78.38999938964844,77.79000091552734,78.33999633789062,0.0,495900,0.003917242513690501,61141020.06508055
2009-06-29,28.70247459411621,0.0,79.33999633789062,0.0,79.33999633789062,78.41000366210938,78.44000244140625,0.0,647700,0.003917242513690501,60777117.261750355
2009-06-30,28.83635139465332,0.0,79.70999908447266,0.0,79.8499984741211,79.22000122070312,79.5,0.0,538900,0.0035430694232128227,60508545.17899468
2009-07-01,28.907516479492188,0.0,79.18000030517578,0.725,79.51000213623047,78.79000091552734,79.25,0.0,922100,0.003355786156890832,60770281.11598605
2009-07-02,28.403697967529297,0.0,77.80000305175781,0.0,78.94999694824219,77.70999908447266,78.91999816894531,0.0,651200,0.0030132676711431823,60745629.42135221
2009-07-06,27.98019790649414,0.0,76.63999938964844,0.0,78.04000091552734,76.61000061035156,77.5199966430664,0.0,794500,0.0030132676711431823,60823818.38783082
2009-07-07,27.589574813842773,0.0,75.56999969482422,0.0,77.31999969482422,75.56999969482422,77.12999725341797,0.0,886300,0.0026873603197455354,60152905.41281019
2009-07-08,27.75751686096192,0.0,76.02999877929688,0.0,76.88999938964844,75.55000305175781,75.61000061035156,0.0,1382300,0.0030895551103495445,59545838.5141736
2009-07-09,28.155441284179688,0.0,77.12000274658203,0.0,77.37999725341797,76.19000244140625,76.62999725341797,0.0,544900,0.003119222036168213,58788176.7826595
2009-07-10,27.94002914428711,0.0,76.52999877929688,0.0,77.9000015258789,76.12999725341797,76.94999694824219,0.0,393700,0.0036910311619551806,58429306.84172918
2009-07-13,28.00211906433105,0.0,76.69999694824219,0.0,77.20999908447266,76.27999877929688,77.20999908447266,0.0,521500,0.003810244017579144,58230790.628611855
2009-07-14,28.111635208129883,0.0,77.0,0.0,77.4000015258789,76.48999786376953,76.5999984741211,0.0,506600,0.004094746794758147,58010531.580053054
2009-07-15,28.73226928710937,0.0,78.69999694824219,0.0,78.69999694824219,77.27999877929688,77.4000015258789,0.0,1040200,0.004094746794758147,58286982.56877415
2009-07-16,28.81991958618164,0.0,78.94000244140625,0.0,79.0,78.0,78.52999877929688,0.0,515600,0.003953664239650927,58005771.33823273
2009-07-17,28.8454818725586,0.0,79.01000213623047,0.0,79.0199966430664,78.6500015258789,78.83000183105469,0.0,597100,0.0033160665121584206,57708650.904570684
2009-07-20,29.2470760345459,0.0,80.11000061035156,0.0,80.20999908447266,79.2300033569336,79.2300033569336,0.0,784700,0.0032284862976077423,57860899.05303773
2009-07-21,29.389440536499023,0.0,80.5,0.0,80.8499984741211,79.80999755859375,80.33999633789062,0.0,938600,0.0032284862976077423,58138029.76471735
2009-07-22,29.42593765258789,0.0,80.5999984741211,0.0,80.76000213623047,80.0,80.4000015258789,0.0,483000,0.0032440532541468956,58130292.15275901
2009-07-23,29.725317001342773,0.0,81.41999816894531,0.0,81.79000091552734,80.41999816894531,81.0,0.0,750700,0.0032440532541468956,58346477.80851637
2009-07-24,29.90058326721192,0.0,81.9000015258789,0.0,82.01000213623047,80.7300033569336,81.80000305175781,0.0,639300,0.003437580630436092,57856644.34640975
2009-07-27,29.955331802368164,0.0,82.05000305175781,0.0,82.29000091552734,81.62000274658203,82.16999816894531,0.0,512700,0.0031376579342178466,57855909.71597036
2009-07-28,29.98816680908203,0.0,82.13999938964844,0.0,82.41999816894531,81.80000305175781,82.13999938964844,0.0,591800,0.003303638415943119,57866391.47346436
2009-07-29,30.090408325195312,0.0,82.41999816894531,0.0,82.76000213623047,82.05999755859375,82.44000244140625,0.0,627900,0.003303638415943119,57332598.66896433
2009-07-30,30.338672637939453,0.0,83.0999984741211,0.0,83.91000366210938,82.6500015258789,82.8499984741211,0.0,976900,0.0031568342977400044,57569574.125026524
2009-07-31,30.83151054382324,0.0,84.44999694824219,0.0,84.6500015258789,83.37999725341797,83.75,0.0,740700,0.003256579648323017,57785481.75790878
2009-08-03,30.89009094238281,0.0,83.9000015258789,0.709,84.19000244140625,83.69000244140625,83.7699966430664,0.0,880400,0.0033923224448436902,57771217.07346174
2009-08-04,30.82380104064941,0.0,83.72000122070312,0.0,84.33999633789062,83.0199966430664,84.30000305175781,0.0,615100,0.003523556152096067,57807753.66500673
2009-08-05,30.72439384460449,0.0,83.44999694824219,0.0,83.9800033569336,82.80999755859375,83.54000091552734,0.0,756000,0.0031730817101353497,57792161.93171002
2009-08-06,30.481388092041016,0.0,82.79000091552734,0.0,83.80000305175781,82.5999984741211,83.70999908447266,0.0,619500,0.0034094106834877055,57718698.925911434
2009-08-07,30.694942474365234,0.0,83.37000274658203,0.0,84.11000061035156,82.79000091552734,83.22000122070312,0.0,711300,0.003234850500145922,57702474.59600842
2009-08-10,30.834829330444336,0.0,83.75,0.0,83.7699966430664,83.05999755859375,83.62999725341797,0.0,527800,0.0031317213547441152,57562372.125622585
2009-08-11,30.76120948791504,0.0,83.55000305175781,0.0,84.05000305175781,83.23999786376953,83.75,0.0,623000,0.002973268312066765,57488026.40227363
2009-08-12,30.683910369873047,0.0,83.33999633789062,0.0,83.63999938964844,83.0,83.27999877929688,0.0,491400,0.002973268312066765,57466532.92183952
2009-08-13,30.29361343383789,0.0,82.27999877929688,0.0,83.3499984741211,82.08000183105469,83.33999633789062,0.0,825300,0.002948015444722349,57708393.159179084
2009-08-14,30.142677307128903,0.0,81.87000274658203,0.0,82.62000274658203,81.75,82.62000274658203,0.0,585500,0.002877525479559591,57913641.61707863
2009-08-17,29.40633201599121,0.0,79.87000274658203,0.0,81.6500015258789,79.62999725341797,81.38999938964844,0.0,1160800,0.002877525479559591,57781225.66448696
2009-08-18,29.91440963745117,0.0,81.25,0.0,81.38999938964844,80.0,80.55000305175781,0.0,639200,0.003525338680956765,57390791.13291483
2009-08-19,30.035913467407227,0.0,81.58000183105469,0.0,81.58000183105469,80.5,81.13999938964844,0.0,501700,0.0034211267460956167,57495909.24804627
2009-08-20,29.94384384155273,0.0,81.33000183105469,0.0,81.83999633789062,81.26000213623047,81.66000366210938,0.0,601200,0.0034211267460956167,57520023.8125241
2009-08-21,30.352521896362305,0.0,82.44000244140625,0.0,82.44000244140625,81.5199966430664,81.69999694824219,0.0,570400,0.0031428336350101567,57408718.97412557
2009-08-24,30.194223403930664,0.0,82.01000213623047,0.0,82.5,81.72000122070312,82.4800033569336,0.0,874600,0.0034751783154195596,57618361.41752516
2009-08-25,30.190534591674805,0.0,82.0,0.0,82.37999725341797,81.80000305175781,82.37999725341797,0.0,565000,0.003591589824701444,57672258.099440925
2009-08-26,30.308374404907227,0.0,82.31999969482422,0.0,82.44999694824219,81.97000122070312,82.33999633789062,0.0,476100,0.003742591963874367,57656433.15175071
2009-08-27,30.153732299804688,0.0,81.9000015258789,0.0,82.63999938964844,81.87999725341797,82.55000305175781,0.0,968500,0.003946625019738281,57845790.901574634
2009-08-28,30.30465507507324,0.0,82.30999755859375,0.0,82.5,82.12000274658203,82.5,0.0,595800,0.003979030819774157,57721245.306569055
2009-08-31,30.308374404907227,0.0,82.31999969482422,0.0,82.5,82.0199966430664,82.4000015258789,0.0,498500,0.0040370816173611835,57656185.06919921
2009-09-01,30.02351760864257,0.0,80.8499984741211,0.703,81.68000030517578,80.5999984741211,81.68000030517578,0.0,742300,0.003905847910108807,57835131.83898623
2009-09-02,29.86386108398437,0.0,80.41999816894531,0.0,80.88999938964844,80.0999984741211,80.8499984741211,0.0,698800,0.0035674098655446027,57728404.26417154
2009-09-03,30.056947708129883,0.0,80.94000244140625,0.0,81.08000183105469,80.44999694824219,80.69000244140625,0.0,486000,0.003228902892225771,57441858.55930268
2009-09-04,30.28718376159668,0.0,81.55999755859375,0.0,81.91000366210938,80.98999786376953,81.18000030517578,0.0,667000,0.0028316539497805875,57558021.69236077
2009-09-08,30.71795082092285,0.0,82.72000122070312,0.0,82.72000122070312,81.83000183105469,81.93000030517578,0.0,974200,0.0025727704328822095,57626984.83899435
2009-09-09,30.42828941345215,0.0,81.94000244140625,0.0,82.80000305175781,81.75,82.48999786376953,0.0,1454000,0.002925665613789396,58171185.01844255
2009-09-10,30.89990997314453,0.0,83.20999908447266,0.0,83.25,82.0199966430664,82.37000274658203,0.0,695600,0.0032150259613264653,58226091.440866865
2009-09-11,31.19325828552246,0.0,84.0,0.0,84.13999938964844,83.2699966430664,83.55000305175781,0.0,607200,0.0032150259613264653,58294869.15974693
2009-09-14,31.23039627075196,0.0,84.0999984741211,0.0,84.1500015258789,83.51000213623047,84.06999969482422,0.0,579300,0.003502767599808545,58406503.81848169
2009-09-15,31.45321655273437,0.0,84.69999694824219,0.0,84.72000122070312,84.12000274658203,84.37000274658203,0.0,1289500,0.003502767599808545,59028824.060434006
2009-09-16,31.85797882080078,0.0,85.79000091552734,0.0,85.81999969482422,85.05000305175781,85.31999969482422,0.0,1143900,0.0028549543984113706,59475504.076682195
2009-09-17,31.91366958618164,0.0,85.94000244140625,0.0,85.94000244140625,85.16000366210938,85.79000091552734,0.0,733400,0.002877703311926763,59592148.33624098
2009-09-18,31.82454872131348,0.0,85.69999694824219,0.0,86.05999755859375,84.86000061035156,85.72000122070312,0.0,565700,0.003203668710480297,59764514.34099712
2009-09-21,31.843141555786133,0.0,85.75,0.0,85.75,84.93000030517578,85.5,0.0,510600,0.003417819794640069,59858821.85563587
2009-09-22,31.80599975585937,0.0,85.6500015258789,0.0,86.12999725341797,85.5,86.0199966430664,0.0,413400,0.0030854751142306664,59906085.42177715
2009-09-23,31.902549743652344,0.0,85.91000366210938,0.0,86.36000061035156,85.80000305175781,85.9000015258789,0.0,464900,0.002989801952729535,59780329.812004454
2009-09-24,31.961950302124023,0.0,86.06999969482422,0.0,86.48999786376953,85.70999908447266,86.30000305175781,0.0,774000,0.003091553057270697,59938337.98473298
2009-09-25,31.85797882080078,0.0,85.79000091552734,0.0,86.37999725341797,85.44999694824219,86.0999984741211,0.0,454800,0.00313112000510787,59604445.578620546
2009-09-28,32.11050796508789,0.0,86.47000122070312,0.0,86.54000091552734,85.36000061035156,86.1500015258789,0.0,455200,0.0034521296447525877,59228198.11477661
2009-09-29,32.073387145996094,0.0,86.37000274658203,0.0,86.48999786376953,86.19000244140625,86.44999694824219,0.0,693000,0.0033105859923430445,59362780.25741577
2009-09-30,32.06592559814453,0.0,86.3499984741211,0.0,86.69000244140625,85.94000244140625,86.3499984741211,0.0,688000,0.0033913355528818823,59485837.95542036
2009-10-01,31.22165298461914,0.0,83.38999938964844,0.705,85.41000366210938,83.38999938964844,85.36000061035156,0.0,3014800,0.0033913355528818823,60670029.89839221
2009-10-02,31.23287010192871,0.0,83.41999816894531,0.0,83.61000061035156,82.0,83.04000091552734,0.0,1694100,0.003301033573857187,61032926.0210007
2009-10-05,31.652212142944336,0.0,84.54000091552734,0.0,84.54000091552734,83.55000305175781,83.66999816894531,0.0,556200,0.003301033573857187,61044506.734617926
2009-10-06,31.543630599975582,0.0,84.25,0.0,85.16999816894531,84.19999694824219,84.79000091552734,0.0,813300,0.003301033573857187,61334718.41284131
2009-10-07,31.77577209472656,0.0,84.87000274658203,0.0,85.08000183105469,84.12000274658203,84.12000274658203,0.0,637400,0.003270979423957869,61361445.853702605
2009-10-08,31.977968215942383,0.0,85.41000366210938,0.0,85.41999816894531,84.87000274658203,84.87000274658203,0.0,824700,0.0029816190764207994,61275627.493310355
2009-10-09,32.10151290893555,0.0,85.73999786376953,0.0,85.73999786376953,84.94999694824219,85.11000061035156,0.0,680100,0.003113061534206921,61278657.03733535
2009-10-12,32.094032287597656,0.0,85.72000122070312,0.0,85.87999725341797,85.55000305175781,85.87000274658203,0.0,354200,0.002825319895724842,61167641.68913705
2009-10-13,32.086517333984375,0.0,85.69999694824219,0.0,85.87000274658203,85.19000244140625,85.87000274658203,0.0,295500,0.002917869127467005,61079991.825406514
2009-10-14,32.21381378173828,0.0,86.04000091552734,0.0,86.12000274658203,85.72000122070312,86.0,0.0,749900,0.002917869127467005,60943625.2965473
2009-10-15,32.20634841918945,0.0,86.0199966430664,0.0,86.0999984741211,85.75,86.06999969482422,0.0,382100,0.0028116716813227556,60796581.57208155
2009-10-16,32.20260238647461,0.0,86.01000213623047,0.0,86.08999633789062,85.5999984741211,86.06999969482422,0.0,443100,0.0026291329869198056,60521869.524038404
2009-10-19,32.21009826660156,0.0,86.02999877929688,0.0,86.2699966430664,85.94999694824219,86.16999816894531,0.0,534700,0.0022702778862890493,60732862.41632492
2009-10-20,32.27001953125,0.0,86.19000244140625,0.0,86.43000030517578,86.01000213623047,86.12999725341797,0.0,419300,0.0023376061471123664,60601518.649128504
2009-10-21,32.32615661621094,0.0,86.33999633789062,0.0,86.93000030517578,86.1500015258789,86.33000183105469,0.0,869100,0.002150887317606341,60787466.47758484
2009-10-22,32.573265075683594,0.0,87.0,0.0,87.0,86.47000122070312,86.66999816894531,0.0,646200,0.002125220255789513,60923759.916045174
2009-10-23,32.51709747314453,0.0,86.8499984741211,0.0,87.19999694824219,86.61000061035156,87.19999694824219,0.0,420200,0.001969405483607769,60734782.883150615
2009-10-26,32.53584671020508,0.0,86.9000015258789,0.0,87.04000091552734,86.62000274658203,86.66000366210938,0.0,779800,0.001702972503371578,61001225.42113047
2009-10-27,32.28123474121094,0.0,86.22000122070312,0.0,86.9000015258789,86.05000305175781,86.9000015258789,0.0,1527900,0.0016507225616734216,61345264.05215187
2009-10-28,31.74955368041992,0.0,84.80000305175781,0.0,86.4800033569336,84.79000091552734,86.37999725341797,0.0,1266000,0.0015699730011345836,61640712.79778859
2009-10-29,32.19511413574219,0.0,85.98999786376953,0.0,86.44999694824219,85.05000305175781,85.18000030517578,0.0,1350500,0.002283181101677206,62196928.90574743
2009-10-30,31.8918514251709,0.0,85.18000030517578,0.0,86.20999908447266,84.87000274658203,86.0,0.0,1466000,0.0027879073524549472,62563773.281248786
2009-11-02,32.142127990722656,0.0,85.13999938964844,0.703,85.56999969482422,84.6500015258789,84.93000030517578,0.0,1437000,0.0028810895950364683,63052165.23441739
2009-11-03,32.21384811401367,0.0,85.33000183105469,0.0,85.58000183105469,84.58999633789062,84.58999633789062,0.0,1135400,0.0033936598160025063,63371709.72151378
2009-11-04,32.262935638427734,0.0,85.45999908447266,0.0,86.0,85.30000305175781,85.9000015258789,0.0,687800,0.0029447690504929855,62912588.0152445
2009-11-05,32.28937149047852,0.0,85.52999877929688,0.0,85.66000366210938,85.23999786376953,85.62999725341797,0.0,506800,0.0030244961145998936,62418571.77223932
2009-11-06,32.3195915222168,0.0,85.61000061035156,0.0,85.6500015258789,85.37000274658203,85.47000122070312,0.0,547700,0.0030126575657807566,62468942.78925941
2009-11-09,32.44792938232422,0.0,85.94999694824219,0.0,85.9800033569336,85.69999694824219,85.79000091552734,0.0,571400,0.0030126575657807566,62443653.36239527
2009-11-10,32.43660354614258,0.0,85.91999816894531,0.0,85.9800033569336,85.66000366210938,85.87000274658203,0.0,667800,0.0030680318970545207,62227365.41057163
2009-11-11,32.45549011230469,0.0,85.97000122070312,0.0,86.19999694824219,85.87999725341797,85.95999908447266,0.0,509500,0.0030680318970545207,62000969.871654205
2009-11-12,32.49323654174805,0.0,86.06999969482422,0.0,86.11000061035156,85.75,86.08999633789062,0.0,619900,0.002927728709506825,61834547.726712905
2009-11-13,32.42905807495117,0.0,85.9000015258789,0.0,86.25,85.75,85.88999938964844,0.0,491100,0.002947526096869739,61672270.09549822
2009-11-16,32.580074310302734,0.0,86.30000305175781,0.0,86.6500015258789,86.05000305175781,86.33000183105469,0.0,714900,0.002991096211709962,61618305.28361002
2009-11-17,32.5725212097168,0.0,86.27999877929688,0.0,86.4800033569336,86.1500015258789,86.4800033569336,0.0,438400,0.003042351204831033,61210685.74344695
2009-11-18,32.48945617675781,0.0,86.05999755859375,0.0,86.44000244140625,86.05999755859375,86.36000061035156,0.0,630200,0.0031588248864386935,60872255.66774399
2009-11-19,32.55740737915039,0.0,86.23999786376953,0.0,86.30000305175781,85.87000274658203,86.19999694824219,0.0,679700,0.0029371112246104115,60871320.026645966
2009-11-20,32.54986572265625,0.0,86.22000122070312,0.0,86.33999633789062,86.0,86.13999938964844,0.0,544200,0.002958817687099688,60722165.193067275
2009-11-23,32.5158805847168,0.0,86.12999725341797,0.0,86.37000274658203,86.0999984741211,86.27999877929688,0.0,428600,0.0028618848898297215,60552409.56957983
2009-11-24,32.53477478027344,0.0,86.18000030517578,0.0,86.30000305175781,86.05000305175781,86.26000213623047,0.0,526800,0.0029290694073341836,60554691.38635302
2009-11-25,32.54986572265625,0.0,86.22000122070312,0.0,86.6500015258789,86.20999908447266,86.25,0.0,548900,0.0029290694073341836,60546532.28274149
2009-11-27,32.32335662841797,0.0,85.62000274658203,0.0,85.8499984741211,85.05000305175781,85.36000061035156,0.0,570000,0.0022158613067915613,60123244.90586538
2009-11-30,32.42905807495117,0.0,85.9000015258789,0.0,86.0999984741211,85.5999984741211,85.5999984741211,0.0,674100,0.0017111350560138198,60094121.144546025
2009-12-01,32.589508056640625,0.0,85.69999694824219,0.622,85.83000183105469,85.3499984741211,85.58999633789062,0.0,749100,0.0016364192412853945,60121522.123270184
2009-12-02,32.62375259399414,0.0,85.79000091552734,0.0,85.95999908447266,85.5999984741211,85.69999694824219,0.0,537400,0.0011238490203193568,60089826.20365809
2009-12-03,32.66558837890625,0.0,85.9000015258789,0.0,86.26000213623047,85.86000061035156,85.93000030517578,0.0,489600,0.001123849020319357,59983303.15002563
2009-12-04,32.79867935180664,0.0,86.25,0.0,86.55999755859375,86.20999908447266,86.20999908447266,0.0,532000,0.0012285202615602566,59976138.85713002
2009-12-07,32.84052658081055,0.0,86.36000061035156,0.0,86.44000244140625,86.16000366210938,86.33999633789062,0.0,397200,0.0011763796144438159,59897296.08359564
2009-12-08,32.8785285949707,0.0,86.45999908447266,0.0,86.5,86.19000244140625,86.3499984741211,0.0,359000,0.001285104845115977,59743679.68438769
2009-12-09,32.8785285949707,0.0,86.45999908447266,0.0,86.62999725341797,86.43000030517578,86.5199966430664,0.0,357000,0.0011371812821000505,59658485.76941112
2009-12-10,33.04204177856445,0.0,86.88999938964844,0.0,86.88999938964844,86.61000061035156,86.62000274658203,0.0,401000,0.0011847588013634224,59576819.507223465
2009-12-11,33.061065673828125,0.0,86.94000244140625,0.0,87.05999755859375,86.83999633789062,87.0,0.0,444100,0.0011403256312322565,59525052.33648391
2009-12-14,33.327266693115234,0.0,87.63999938964844,0.0,87.76000213623047,87.0,87.0,0.0,1132700,0.0009771015397187595,59583964.29037669
2009-12-15,33.29304885864258,0.0,87.55000305175781,0.0,87.69999694824219,87.26000213623047,87.5999984741211,0.0,417600,0.001096438171174247,59112318.19924249
2009-12-16,33.369075775146484,0.0,87.75,0.0,87.79000091552734,87.30999755859375,87.75,0.0,621100,0.0011450152559563007,59069947.61328319
2009-12-17,33.3500862121582,0.0,87.69999694824219,0.0,87.77999877929688,87.48999786376953,87.5999984741211,0.0,350200,0.0011397491513841997,58899281.873024836
2009-12-18,33.3310432434082,0.0,87.6500015258789,0.0,87.83000183105469,87.61000061035156,87.77999877929688,0.0,281600,0.0011673949145757524,58423922.61443365
2009-12-21,33.429935455322266,0.0,87.91000366210938,0.0,87.94000244140625,87.6500015258789,87.80999755859375,0.0,646800,0.001104710201713967,58518249.918946765
2009-12-22,33.50220489501953,0.0,88.0999984741211,0.0,88.12000274658203,87.87000274658203,88.0,0.0,432500,0.0010149151889565185,58465484.4720568
2009-12-23,33.58203125,0.0,88.30999755859375,0.0,88.44999694824219,88.12000274658203,88.1500015258789,0.0,440100,0.0009477306714520562,58370903.75543019
2009-12-24,33.70753479003906,0.0,88.63999938964844,0.0,88.7699966430664,88.30000305175781,88.38999938964844,0.0,188800,0.0009477306714520562,58195320.48227219
2009-12-28,33.60866928100586,0.0,88.37999725341797,0.0,88.80000305175781,88.25,88.7300033569336,0.0,532400,0.0011842083529431302,58160915.67996797
2009-12-29,33.42876052856445,0.0,87.33000183105469,0.58,87.9000015258789,87.30000305175781,87.8499984741211,0.0,494600,0.0011842083529431302,58162802.19107129
2009-12-30,33.57039260864258,0.0,87.69999694824219,0.0,87.77999877929688,87.43000030517578,87.5,0.0,421600,0.0012963919927427635,57876789.81354728
2009-12-31,33.62396240234375,0.0,87.83999633789062,0.0,87.9000015258789,87.58000183105469,87.83999633789062,0.0,346000,0.0013022104693011058,57715911.05756003
2010-01-04,33.88812255859375,0.0,88.52999877929688,0.0,88.52999877929688,88.0,88.0,0.0,1316800,0.0013022104693011058,58157862.0327783
2010-01-05,34.048866271972656,0.0,88.94999694824219,0.0,89.08000183105469,88.41999816894531,88.75,0.0,733000,0.0011178121639532977,58143756.136219084
2010-01-06,34.13689422607422,0.0,89.18000030517578,0.0,89.26000213623047,89.0,89.04000091552734,0.0,715700,0.0010503489021027532,57816215.333884105
2010-01-07,34.274715423583984,0.0,89.54000091552734,0.0,89.62999725341797,89.11000061035156,89.37999725341797,0.0,956000,0.0009416236714305922,58162068.91625419
2010-01-08,34.32831573486328,0.0,89.68000030517578,0.0,89.80999755859375,89.51000213623047,89.55999755859375,0.0,711400,0.0009416236714305922,58429279.16782319
2010-01-11,34.29769515991211,0.0,89.5999984741211,0.0,89.70999908447266,89.4800033569336,89.5,0.0,895800,0.000958759485362794,58748839.72516136
2010-01-12,34.12158203125,0.0,89.13999938964844,0.0,90.29000091552734,89.05000305175781,89.5,0.0,1133900,0.000987277119312421,59241440.084748045
2010-01-13,34.19817352294922,0.0,89.33999633789062,0.0,89.41999816894531,89.0999984741211,89.0999984741211,0.0,868900,0.0010424596394855202,59207819.33865623
2010-01-14,34.23644256591797,0.0,89.44000244140625,0.0,89.4800033569336,89.20999908447266,89.44000244140625,0.0,394600,0.0009318184269927702,59164895.20932758
2010-01-15,34.09862518310547,0.0,89.08000183105469,0.0,89.5199966430664,88.98999786376953,89.5199966430664,0.0,835300,0.0008521457169908207,59381019.44150168
2010-01-19,34.113956451416016,0.0,89.12000274658203,0.0,89.19999694824219,88.97000122070312,89.0,0.0,796900,0.0007786288797730003,59445760.81221444
2010-01-20,34.06417465209961,0.0,88.98999786376953,0.0,89.20999908447266,88.86000061035156,89.1500015258789,0.0,588500,0.0008387989906068942,59261739.49271308
2010-01-21,33.53211212158203,0.0,87.5999984741211,0.0,89.16000366210938,87.5999984741211,89.16000366210938,0.0,1416800,0.0007919920094600592,59937786.14807129
2010-01-22,33.21439743041992,0.0,86.7699966430664,0.0,88.04000091552734,86.61000061035156,87.98999786376953,0.0,1394400,0.0007919920094600592,60412945.59802101
2010-01-25,33.26416778564453,0.0,86.9000015258789,0.0,87.44000244140625,86.75,87.23999786376953,0.0,711300,0.001011168588592687,60487971.78936913
2010-01-26,33.30625915527344,0.0,87.01000213623047,0.0,87.43000030517578,86.9000015258789,87.19999694824219,0.0,576000,0.0012603608975352595,60551866.42957415
2010-01-27,33.317745208740234,0.0,87.04000091552734,0.0,87.41999816894531,86.91999816894531,86.95999908447266,0.0,876500,0.0012989281085691918,60771549.83563499
2010-01-28,33.176109313964844,0.0,86.66999816894531,0.0,87.23999786376953,86.55000305175781,87.11000061035156,0.0,833700,0.0012989281085691918,60934289.99931093
2010-01-29,33.007713317871094,0.0,86.2300033569336,0.0,87.2699966430664,86.22000122070312,87.2699966430664,0.0,1357000,0.0014546147008789863,61218684.650469586
2010-02-01,33.1669807434082,0.0,85.9800033569336,0.663,86.27999877929688,85.6500015258789,85.94999694824219,0.0,924700,0.0014487962243206441,61353237.002569534
2010-02-02,33.26729202270508,0.0,86.23999786376953,0.0,86.61000061035156,86.0,86.2699966430664,0.0,1238500,0.0014487962243206441,61614686.81217981
2010-02-03,33.43706130981445,0.0,86.68000030517578,0.0,86.70999908447266,86.22000122070312,86.4000015258789,0.0,641200,0.0015498831261192788,61647091.91888476
2010-02-04,32.96255874633789,0.0,85.44999694824219,0.0,86.3499984741211,85.37999725341797,86.30000305175781,0.0,1762600,0.00167063131825462,62341742.45006017
2010-02-05,32.7696647644043,0.0,84.94999694824219,0.0,85.33000183105469,83.44999694824219,85.33000183105469,0.0,3261500,0.00167063131825462,64133615.54116748
2010-02-08,32.62697219848633,0.0,84.58000183105469,0.0,85.12999725341797,84.38999938964844,84.80000305175781,0.0,1202400,0.0018697562309769964,64470106.900278725
2010-02-09,32.69253158569336,0.0,84.75,0.0,85.05000305175781,84.45999908447266,84.86000061035156,0.0,853800,0.0020990420164153853,64693569.598691426
2010-02-10,32.252777099609375,0.0,83.61000061035156,0.0,84.91999816894531,83.5999984741211,84.69999694824219,0.0,1463200,0.0020705243824657585,65251398.97164239
2010-02-11,32.3839225769043,0.0,83.94999694824219,0.0,84.41999816894531,83.38999938964844,83.91000366210938,0.0,1157700,0.0022231664453288853,65697713.55312287
2010-02-12,32.3646354675293,0.0,83.9000015258789,0.0,84.16999816894531,83.37999725341797,83.95999908447266,0.0,743100,0.0025431653468475455,65653589.808212765
2010-02-16,32.68482971191406,0.0,84.7300033569336,0.0,85.0199966430664,83.66999816894531,83.66999816894531,0.0,1061300,0.0024556777181230535,65986836.363407925
2010-02-17,32.935546875,0.0,85.37999725341797,0.0,85.47000122070312,85.12999725341797,85.16999816894531,0.0,1400200,0.0024179869783053144,66199820.27583652
2010-02-18,33.2480354309082,0.0,86.19000244140625,0.0,86.38999938964844,85.48999786376953,85.48999786376953,0.0,1153400,0.0023247985842108922,66576618.28231206
2010-02-19,33.47175598144531,0.0,86.7699966430664,0.0,86.77999877929688,86.30000305175781,86.37000274658203,0.0,1485600,0.0023247985842108922,67274847.0132192
2010-02-22,33.51418685913086,0.0,86.87999725341797,0.0,87.05999755859375,86.70999908447266,86.88999938964844,0.0,1596200,0.0023247985842108922,67987404.58873567
2010-02-23,33.271148681640625,0.0,86.25,0.0,87.0999984741211,85.94999694824219,87.0199966430664,0.0,1014900,0.0021776912432368003,68308923.22054061
2010-02-24,33.39845275878906,0.0,86.58000183105469,0.0,86.9800033569336,86.3499984741211,86.56999969482422,0.0,1047000,0.002153277108177364,68459108.25267369
2010-02-25,33.40230178833008,0.0,86.58999633789062,0.0,86.6500015258789,86.0,86.27999877929688,0.0,503400,0.0018782322156523576,68437357.49201094
2010-02-26,33.626033782958984,0.0,87.16999816894531,0.0,87.22000122070312,86.66000366210938,86.75,0.0,697900,0.0018782322156523576,68609130.4274665
2010-03-01,33.65167999267578,0.0,86.58999633789062,0.646,86.77999877929688,86.5,86.69000244140625,0.0,1468800,0.0016834896010278397,68988997.37304808
2010-03-02,33.86934280395508,0.0,87.1500015258789,0.0,87.19999694824219,86.69000244140625,86.87999725341797,0.0,1291800,0.0016834896010278397,69493283.68595062
2010-03-03,33.904327392578125,0.0,87.23999786376953,0.0,87.37999725341797,87.08999633789062,87.27999877929688,0.0,986800,0.0016834896010278397,69850838.52757046
2010-03-04,33.9315185546875,0.0,87.30999755859375,0.0,87.43000030517578,87.08000183105469,87.43000030517578,0.0,641100,0.0017270757821162591,69818770.95270914
2010-03-05,34.13362121582031,0.0,87.83000183105469,0.0,87.83999633789062,87.29000091552734,87.58999633789062,0.0,975800,0.0016063275899809177,70052953.6595844
2010-03-08,34.141380310058594,0.0,87.8499984741211,0.0,88.0999984741211,87.79000091552734,87.97000122070312,0.0,937900,0.0016063275899809177,70394681.21817453
2010-03-09,34.2890625,0.0,88.2300033569336,0.0,88.2300033569336,87.80000305175781,87.81999969482422,0.0,630800,0.0015309236995041892,70404641.2796505
2010-03-10,34.30073165893555,0.0,88.26000213623047,0.0,88.30000305175781,88.0,88.0199966430664,0.0,640200,0.0012701782524740643,70213516.10646324
2010-03-11,34.269615173339844,0.0,88.18000030517578,0.0,88.25,88.0199966430664,88.16999816894531,0.0,488500,0.0013770315153865081,69609826.95248921
2010-03-12,34.27738952636719,0.0,88.19999694824219,0.0,88.37000274658203,88.1500015258789,88.19000244140625,0.0,636700,0.0011692069323502817,69596144.91037641
2010-03-15,34.238529205322266,0.0,88.0999984741211,0.0,88.25,87.93000030517578,88.20999908447266,0.0,471400,0.0007969424970286608,69520950.77768356
2010-03-16,34.35514450073242,0.0,88.4000015258789,0.0,88.4800033569336,87.98999786376953,88.22000122070312,0.0,923300,0.0008452855349799533,69782066.58953106
2010-03-17,34.35514450073242,0.0,88.4000015258789,0.0,88.63999938964844,88.33999633789062,88.47000122070312,0.0,918300,0.0008452855349799533,69559503.69537596
2010-03-18,34.40565490722656,0.0,88.52999877929688,0.0,88.63999938964844,88.41000366210938,88.4800033569336,0.0,637200,0.0009516571709957084,69228361.89517672
2010-03-19,34.23464584350586,0.0,88.08999633789062,0.0,88.5999984741211,87.97000122070312,88.08999633789062,0.0,674600,0.0009524865707519394,69199767.55977207
2010-03-22,34.39786529541016,0.0,88.51000213623047,0.0,88.5199966430664,87.80999755859375,87.94999694824219,0.0,759000,0.0011701751903445807,69348169.17364332
2010-03-23,34.39400863647461,0.0,88.5,0.0,88.5999984741211,88.33000183105469,88.5199966430664,0.0,699200,0.0010981059521860445,69491782.26888143
2010-03-24,34.374549865722656,0.0,88.44999694824219,0.0,88.58999633789062,88.3499984741211,88.4800033569336,0.0,430800,0.0009978225719366241,69513183.44391717
2010-03-25,34.456172943115234,0.0,88.66000366210938,0.0,88.80999755859375,88.51000213623047,88.63999938964844,0.0,1005200,0.0009978225719366241,69903512.6104143
2010-03-26,34.44451904296875,0.0,88.62999725341797,0.0,88.69999694824219,88.5,88.62000274658203,0.0,1312500,0.0010667277132166983,70298026.03605966
2010-03-29,34.4872932434082,0.0,88.73999786376953,0.0,88.76000213623047,88.69999694824219,88.73999786376953,0.0,546200,0.0009871176503411763,70373045.83301847
2010-03-30,34.45228958129883,0.0,88.6500015258789,0.0,88.87000274658203,88.55999755859375,88.75,0.0,605600,0.000994944185100413,70486738.66133916
2010-03-31,34.343475341796875,0.0,88.37000274658203,0.0,88.5999984741211,87.80999755859375,88.56999969482422,0.0,1255400,0.000994944185100413,70892177.4672493
2010-04-01,34.26045608520508,0.0,87.5,0.658,88.0,87.5,87.83999633789062,0.0,773100,0.0010489681275767135,70957554.06288268
2010-04-05,34.244808197021484,0.0,87.45999908447266,0.0,87.9800033569336,87.41000366210938,87.6500015258789,0.0,930200,0.0012803350360551696,69607959.78501335
2010-04-06,34.46797561645508,0.0,88.02999877929688,0.0,88.08000183105469,87.44999694824219,87.51000213623047,0.0,679100,0.0015275546438622359,68960811.7951166
2010-04-07,34.518882751464844,0.0,88.16000366210938,0.0,88.23999786376953,87.9000015258789,87.91000366210938,0.0,859000,0.0014038336216165882,69188655.40334308
2010-04-08,34.577606201171875,0.0,88.30999755859375,0.0,88.3499984741211,88.01000213623047,88.0999984741211,0.0,736100,0.0014128103758986783,69160754.32558817
2010-04-09,34.628517150878906,0.0,88.44000244140625,0.0,88.56999969482422,88.26000213623047,88.30000305175781,0.0,679800,0.0013059571129862345,69208574.75343734
2010-04-12,34.636329650878906,0.0,88.45999908447266,0.0,88.66000366210938,88.44000244140625,88.55000305175781,0.0,443300,0.0013059571129862345,68960770.68656437
2010-04-13,34.7303352355957,0.0,88.69999694824219,0.0,88.81999969482422,88.63999938964844,88.63999938964844,0.0,1162900,0.0013935467512813152,69316623.49532597
2010-04-14,34.82429122924805,0.0,88.94000244140625,0.0,89.0199966430664,88.80000305175781,88.9000015258789,0.0,857700,0.0013510014783704094,69681082.34978327
2010-04-15,34.91826629638672,0.0,89.18000030517578,0.0,89.47000122070312,88.91999816894531,89.0199966430664,0.0,1251000,0.0013510014783704094,70365525.45520844
2010-04-16,34.636329650878906,0.0,88.45999908447266,0.0,89.3499984741211,88.0999984741211,89.1500015258789,0.0,1334100,0.0012446298423546543,70790073.77339923
2010-04-19,34.56979751586914,0.0,88.29000091552734,0.0,88.48999786376953,88.05000305175781,88.26000213623047,0.0,757200,0.0012785844423306993,71059795.58273195
2010-04-20,34.941776275634766,0.0,89.23999786376953,0.0,90.33000183105467,88.51000213623047,88.66000366210938,0.0,1299400,0.001060895822738058,71677632.25953844
2010-04-21,34.945655822753906,0.0,89.25,0.0,89.41000366210938,89.08999633789062,89.33999633789062,0.0,553100,0.0010987259422146202,71704330.15360756
2010-04-22,34.84384536743164,0.0,88.98999786376953,0.0,89.22000122070312,88.77999877929688,89.22000122070312,0.0,250700,0.0009742311485809047,71594570.82377237
2010-04-23,35.07097244262695,0.0,89.56999969482422,0.0,89.5999984741211,88.87000274658203,89.0,0.0,676000,0.0010182385803877354,71479580.57755364
2010-04-26,35.07097244262695,0.0,89.56999969482422,0.0,89.69999694824219,89.4000015258789,89.4000015258789,0.0,440100,0.0009493334391076612,71346250.0764877
2010-04-27,34.628517150878906,0.0,88.44000244140625,0.0,89.7300033569336,88.37000274658203,89.56999969482422,0.0,1220700,0.000981179192425026,71913427.39094326
2010-04-28,34.652042388916016,0.0,88.5,0.0,88.91999816894531,88.5,88.80000305175781,0.0,988000,0.001060019086371369,72069565.3180077
2010-04-29,34.8908576965332,0.0,89.11000061035156,0.0,89.2300033569336,88.88999938964844,88.91000366210938,0.0,812200,0.001223946175974024,71598451.0531713
2010-04-30,35.0044059753418,0.0,89.4000015258789,0.0,89.5199966430664,88.95999908447266,88.95999908447266,0.0,809800,0.00105939708558352,71320985.3180295
2010-05-03,35.00043487548828,0.0,88.75,0.64,89.08999633789062,88.75,88.80000305175781,0.0,639000,0.0009567373143116601,70849411.96791027
2010-05-04,34.64156723022461,0.0,87.83999633789062,0.0,88.62999725341797,87.80999755859375,88.55999755859375,0.0,786100,0.0007095177065045937,70406373.40182956
2010-05-05,34.1683349609375,0.0,86.63999938964844,0.0,87.3499984741211,86.0999984741211,87.25,0.0,2567500,0.0007095177065045937,71200833.87254383
2010-05-06,33.32045364379883,0.0,84.48999786376953,0.0,86.51000213623047,78.95999908447266,86.27999877929688,0.0,6587300,0.000667287280618666,74849066.24436152
2010-05-07,33.31650924682617,0.0,84.4800033569336,0.0,85.12000274658203,82.51000213623047,84.44999694824219,0.0,2584000,0.0012906613300904398,76115073.71502832
2010-05-10,33.93959426879883,0.0,86.05999755859375,0.0,87.4000015258789,85.61000061035156,86.88999938964844,0.0,1670100,0.0012906613300904398,76911757.83043513
2010-05-11,33.90015411376953,0.0,85.95999908447266,0.0,86.87999725341797,85.58000183105469,85.66999816894531,0.0,1524400,0.0017533938107300918,77579605.65003894
2010-05-12,34.31425476074219,0.0,87.01000213623047,0.0,87.02999877929688,86.43000030517578,86.5,0.0,1031200,0.0019319490366907488,77901930.14167906
2010-05-13,34.101295471191406,0.0,86.47000122070312,0.0,87.25,86.47000122070312,87.08999633789062,0.0,1151600,0.0021604607027118574,78236862.51174684
2010-05-14,33.90410232543945,0.0,85.97000122070312,0.0,86.45999908447266,85.36000061035156,86.20999908447266,0.0,1050700,0.0021604607027118574,78606124.13603768
2010-05-17,33.860721588134766,0.0,85.86000061035156,0.0,86.19000244140625,85.12000274658203,85.94999694824219,0.0,1120800,0.0023995440758209216,78946418.54773022
2010-05-18,33.789737701416016,0.0,85.68000030517578,0.0,86.45999908447266,85.41000366210938,86.31999969482422,0.0,1067400,0.0026233909079780844,79337445.06817773
2010-05-19,33.59256362915039,0.0,85.18000030517578,0.0,85.6500015258789,84.26000213623047,85.41000366210938,0.0,1565100,0.0025855607885015225,79905852.57846287
2010-05-20,32.59085464477539,0.0,82.63999938964844,0.0,83.88999938964844,81.33000183105469,83.88999938964844,0.0,3092800,0.0025855607885015225,81634137.01217288
2010-05-21,33.24552536010742,0.0,84.30000305175781,0.0,84.4000015258789,81.43000030517578,81.48999786376953,0.0,1815000,0.003786783798794841,82418021.89374046
2010-05-24,33.296775817871094,0.0,84.43000030517578,0.0,85.19999694824219,83.98999786376953,84.0999984741211,0.0,1266200,0.003786783798794841,82801259.51150562
2010-05-25,33.25733947753906,0.0,84.33000183105469,0.0,84.33000183105469,82.01000213623047,83.19999694824219,0.0,1507500,0.0037429540630149923,83437819.45671202
2010-05-26,32.85901641845703,0.0,83.31999969482422,0.0,85.05000305175781,83.19000244140625,84.63999938964844,0.0,1738300,0.0036562876343094125,84294326.1126382
2010-05-27,33.312557220458984,0.0,84.47000122070312,0.0,84.87999725341797,84.13999938964844,84.13999938964844,0.0,828500,0.0036978545121742574,84489435.41303967
2010-05-28,33.3677864074707,0.0,84.61000061035156,0.0,84.83999633789062,84.31999969482422,84.79000091552734,0.0,1253900,0.0038982209630600492,84955834.78681171
2010-06-01,33.209999084472656,0.0,83.56999969482422,0.643,84.3499984741211,83.37000274658203,83.61000061035156,0.0,770300,0.0037695138258534524,85079410.73283847
2010-06-02,33.380882263183594,0.0,84.0,0.0,84.13999938964844,83.69999694824219,83.93000030517578,0.0,1414500,0.0039053893182022883,85562845.72467501
2010-06-03,33.392784118652344,0.0,84.02999877929688,0.0,84.4000015258789,83.70999908447266,84.22000122070312,0.0,877200,0.004075838435815483,85638347.68670097
2010-06-04,33.20602035522461,0.0,83.55999755859375,0.0,84.1500015258789,83.33000183105469,83.51000213623047,0.0,1439000,0.004078155432007512,86226754.75015186
2010-06-07,32.975547790527344,0.0,82.9800033569336,0.0,84.2699966430664,82.9800033569336,83.47000122070312,0.0,992900,0.0037982666953771172,86546867.48496161
2010-06-08,33.02720642089844,0.0,83.11000061035156,0.0,83.5199966430664,82.55000305175781,83.5199966430664,0.0,1085200,0.0037982666953771172,86898502.18863109
2010-06-09,33.09872055053711,0.0,83.29000091552734,0.0,83.44999694824219,83.01000213623047,83.30000305175781,0.0,1081900,0.003385615196173676,87341432.82155234
2010-06-10,33.43648910522461,0.0,84.13999938964844,0.0,84.13999938964844,83.37000274658203,83.61000061035156,0.0,588200,0.0032012622051726313,87487877.3292481
2010-06-11,33.48419570922852,0.0,84.26000213623047,0.0,84.27999877929688,83.58999633789062,83.69000244140625,0.0,468300,0.003151028816537138,87556073.67311507
2010-06-14,33.52791213989258,0.0,84.37000274658203,0.0,84.69999694824219,84.25,84.3499984741211,0.0,843100,0.003151028816537138,87844085.25692773
2010-06-15,33.8537712097168,0.0,85.19000244140625,0.0,85.43000030517578,84.55999755859375,84.6500015258789,0.0,1387200,0.0028771614436957976,88475557.6085348
2010-06-16,33.88158416748047,0.0,85.26000213623047,0.0,85.31999969482422,84.80000305175781,84.98999786376953,0.0,1877200,0.0028569040421547406,88957940.53473699
2010-06-17,34.13592529296875,0.0,85.9000015258789,0.0,85.94000244140625,85.36000061035156,85.5,0.0,1097000,0.0028569040421547406,89415650.22044712
2010-06-18,34.2829475402832,0.0,86.2699966430664,0.0,86.33000183105469,85.93000030517578,85.9800033569336,0.0,734300,0.0028569040421547406,89485860.80405825
2010-06-21,34.40614318847656,0.0,86.58000183105469,0.0,86.81999969482422,86.47000122070312,86.7699966430664,0.0,1094400,0.001611673600054591,89994119.65384105
2010-06-22,34.15976333618164,0.0,85.95999908447266,0.0,86.5999984741211,85.62000274658203,86.5,0.0,1011000,0.001611673600054591,90487955.51610069
2010-06-23,34.13592529296875,0.0,85.9000015258789,0.0,86.08999633789062,85.29000091552734,86.02999877929688,0.0,882300,0.001611673600054591,90638188.69846283
2010-06-24,33.90143966674805,0.0,85.30999755859375,0.0,85.7699966430664,85.19999694824219,85.72000122070312,0.0,613600,0.0018688771803356576,90751228.10450962
2010-06-25,34.056419372558594,0.0,85.69999694824219,0.0,85.73999786376953,85.25,85.62999725341797,0.0,536500,0.0019198517186688273,90807679.04448736
2010-06-28,34.131954193115234,0.0,85.88999938964844,0.0,86.19999694824219,85.66999816894531,85.81999969482422,0.0,682200,0.0016853373328101864,91139892.74051
2010-06-29,33.79019546508789,0.0,85.02999877929688,0.0,85.58000183105469,84.52999877929688,85.56999969482422,0.0,1354400,0.0016853373328101864,91680457.18343826
2010-06-30,33.73854064941406,0.0,84.9000015258789,0.0,85.12000274658203,84.51000213623047,84.8499984741211,0.0,1111300,0.0017553534373642213,92086456.80875626
2010-07-01,33.899879455566406,0.0,84.68000030517578,0.623,84.72000122070312,83.45999908447266,84.45999908447266,0.0,2044000,0.001584904319751027,93166707.61756897
2010-07-02,33.90787124633789,0.0,84.69999694824219,0.0,85.1500015258789,84.5,84.55999755859375,0.0,880400,0.0015825873235589976,93517320.6221747
2010-07-06,34.17610168457031,0.0,85.37000274658203,0.0,85.41000366210938,84.86000061035156,85.20999908447266,0.0,1176600,0.001383237876868237,93389305.0891513
2010-07-07,34.58842086791992,0.0,86.4000015258789,0.0,86.4800033569336,85.19999694824219,85.37999725341797,0.0,1173900,0.001383237876868237,93676802.02588278
2010-07-08,34.74856948852539,0.0,86.80000305175781,0.0,86.83999633789062,86.12000274658203,86.66000366210938,0.0,1525200,0.0012455672571369454,94220938.83886792
2010-07-09,34.6684684753418,0.0,86.5999984741211,0.0,86.80000305175781,86.47000122070312,86.80000305175781,0.0,778800,0.0013457565824682078,94076842.31455363
2010-07-12,34.64048767089844,0.0,86.52999877929688,0.0,86.72000122070312,85.86000061035156,86.70999908447266,0.0,786500,0.001167478305082593,94110631.93219502
2010-07-13,34.90872573852539,0.0,87.19999694824219,0.0,87.3499984741211,86.5199966430664,86.75,0.0,1464900,0.001167478305082593,94487422.38375346
2010-07-14,34.87668228149414,0.0,87.12000274658203,0.0,87.26000213623047,86.87999725341797,87.05000305175781,0.0,640400,0.001282182356795739,94128024.00638035
2010-07-15,34.928714752197266,0.0,87.25,0.0,87.30000305175781,86.91999816894531,86.95999908447266,0.0,565900,0.001241317736825643,93903795.84909469
2010-07-16,34.716522216796875,0.0,86.72000122070312,0.0,87.20999908447266,86.4800033569336,87.19000244140625,0.0,1215300,0.001300714515326273,94460127.53576249
2010-07-19,34.83265686035156,0.0,87.01000213623047,0.0,87.22000122070312,86.7300033569336,86.9800033569336,0.0,556000,0.0015075772126650578,94253532.58066934
2010-07-20,35.11286163330078,0.0,87.70999908447266,0.0,88.16000366210938,86.86000061035156,87.0,0.0,2442800,0.0015075772126650578,95390344.13285029
2010-07-21,35.09683609008789,0.0,87.66999816894531,0.0,88.44000244140625,87.37000274658203,88.08000183105469,0.0,1376100,0.0016498930001490931,95932185.96409994
2010-07-22,35.40909194946289,0.0,88.44999694824219,0.0,88.45999908447266,87.94999694824219,87.94999694824219,0.0,809300,0.0018081910887385686,95515288.38229103
2010-07-23,35.56923294067383,0.0,88.8499984741211,0.0,88.8499984741211,88.04000091552734,88.38999938964844,0.0,985400,0.0016294103624585551,95249897.15353951
2010-07-26,35.58525466918945,0.0,88.88999938964844,0.0,88.95999908447266,88.47000122070312,88.80000305175781,0.0,887200,0.0014090751826210278,95385224.42634219
2010-07-27,35.53721618652344,0.0,88.7699966430664,0.0,89.0999984741211,88.4800033569336,88.98999786376953,0.0,887100,0.00162723808772727,95612447.46437073
2010-07-28,35.461151123046875,0.0,88.58000183105469,0.0,88.94999694824219,88.5199966430664,88.87999725341797,0.0,603100,0.0018103264726701297,95430955.7048616
2010-07-29,35.56923294067383,0.0,88.8499984741211,0.0,88.93000030517578,88.58000183105469,88.87999725341797,0.0,628800,0.001773643138907701,95300893.01888601
2010-07-30,35.4771614074707,0.0,88.62000274658203,0.0,88.87000274658203,88.3499984741211,88.5999984741211,0.0,1038700,0.0018372540713433021,95102761.92600916
2010-08-02,35.66217422485352,0.0,88.4800033569336,0.599,88.55000305175781,88.19999694824219,88.38999938964844,0.0,1021600,0.0018739144494399034,95189154.48414636
2010-08-03,35.66217422485352,0.0,88.4800033569336,0.0,88.62999725341797,88.08999633789062,88.16999816894531,0.0,1705900,0.0018711406657503653,95539390.99503775
2010-08-04,35.64201736450195,0.0,88.43000030517578,0.0,88.58999633789062,88.29000091552734,88.58000183105469,0.0,1844200,0.0019771568124245338,96392592.50588796
2010-08-05,35.62590789794922,0.0,88.38999938964844,0.0,88.41000366210938,88.1500015258789,88.33999633789062,0.0,708100,0.0019771568124245338,95693979.7594343
2010-08-06,35.61782455444336,0.0,88.37000274658203,0.0,88.38999938964844,87.87000274658203,88.33999633789062,0.0,830300,0.0019334511138972142,94077386.09462315
2010-08-09,35.55333709716797,0.0,88.20999908447266,0.0,88.58999633789062,88.08999633789062,88.58999633789062,0.0,1266200,0.0019353444249845565,94156691.70286997
2010-08-10,35.541229248046875,0.0,88.18000030517578,0.0,88.30000305175781,87.94999694824219,88.2300033569336,0.0,1271500,0.0019353444249845565,94472257.7376956
2010-08-11,35.07774353027344,0.0,87.02999877929688,0.0,87.69999694824219,86.9000015258789,87.58999633789062,0.0,1558600,0.0018206403732714108,94577867.28693645
2010-08-12,34.95681381225586,0.0,86.7300033569336,0.0,87.13999938964844,86.19999694824219,86.6500015258789,0.0,1261600,0.0016579155626254012,94674928.08668348
2010-08-13,35.109989166259766,0.0,87.11000061035156,0.0,87.33000183105469,86.6500015258789,86.97000122070312,0.0,776300,0.0016402126432981654,94716812.23223853
2010-08-16,35.154335021972656,0.0,87.22000122070312,0.0,87.47000122070312,86.9800033569336,86.98999786376953,0.0,1087600,0.0014583798307269684,94755990.96846807
2010-08-17,35.28733825683594,0.0,87.55000305175781,0.0,87.77999877929688,87.47000122070312,87.55000305175781,0.0,860800,0.0014995276212542235,94405308.19444202
2010-08-18,35.34778594970703,0.0,87.69999694824219,0.0,87.76000213623047,87.5,87.5999984741211,0.0,717000,0.0014875187087698264,94115382.39282276
2010-08-19,35.275238037109375,0.0,87.5199966430664,0.0,87.80999755859375,87.27999877929688,87.69999694824219,0.0,882800,0.0014122666180519628,93705518.47237481
2010-08-20,35.35986328125,0.0,87.7300033569336,0.0,87.7699966430664,87.45999908447266,87.5199966430664,0.0,557700,0.0014494969763595722,92993210.30774193
2010-08-23,35.35986328125,0.0,87.7300033569336,0.0,87.80999755859375,87.56999969482422,87.80000305175781,0.0,633300,0.0014712264290624726,92739434.80080499
2010-08-24,35.174461364746094,0.0,87.2699966430664,0.0,87.56999969482422,87.25,87.51000213623047,0.0,1000800,0.0012530635239562304,92713169.33035472
2010-08-25,35.12612533569336,0.0,87.1500015258789,0.0,87.31999969482422,86.79000091552734,87.19999694824219,0.0,788400,0.0010699751390133706,92912531.6878667
2010-08-26,35.07774353027344,0.0,87.02999877929688,0.0,87.44000244140625,86.80000305175781,87.22000122070312,0.0,1012400,0.0011517978812758585,93128985.88661315
2010-08-27,35.073707580566406,0.0,87.0199966430664,0.0,87.43000030517578,86.91000366210938,87.19999694824219,0.0,1302000,0.0013437286514395915,93018800.56128123
2010-08-30,35.13821792602539,0.0,87.18000030517578,0.0,87.43000030517578,87.02999877929688,87.02999877929688,0.0,620800,0.0014952735936749968,92554840.02333142
2010-08-31,35.12612533569336,0.0,87.1500015258789,0.0,87.37999725341797,87.0999984741211,87.19999694824219,0.0,1154800,0.0014760237436716893,92670335.19690378
2010-09-01,35.50568771362305,0.0,87.45999908447266,0.625,87.45999908447266,86.88999938964844,86.91000366210938,0.0,1697900,0.001459966269831462,93404651.8080999
2010-09-02,35.5625114440918,0.0,87.5999984741211,0.0,87.61000061035156,87.33999633789062,87.5199966430664,0.0,603900,0.001459966269831462,93144311.5167648
2010-09-03,35.668060302734375,0.0,87.86000061035156,0.0,87.86000061035156,87.4800033569336,87.7300033569336,0.0,999600,0.0014034826430275186,93187409.47740948
2010-09-07,35.61528778076172,0.0,87.7300033569336,0.0,87.73999786376953,87.3499984741211,87.68000030517578,0.0,883500,0.001614330473931249,93360853.69842772
2010-09-08,35.6234245300293,0.0,87.75,0.0,87.86000061035156,87.66000366210938,87.7300033569336,0.0,835500,0.001614330473931249,93494274.90185934
2010-09-09,35.76548767089844,0.0,88.0999984741211,0.0,88.12999725341797,87.83000183105469,88.12999725341797,0.0,789300,0.001614330473931249,93704286.00222875
2010-09-10,35.85886764526367,0.0,88.33000183105469,0.0,88.37000274658203,88.0199966430664,88.2300033569336,0.0,957600,0.001614330473931249,93929904.03156583
2010-09-13,36.04562377929688,0.0,88.79000091552734,0.0,88.81999969482422,88.44999694824219,88.58000183105469,0.0,1103500,0.001572636614757855,94377915.3548165
2010-09-14,36.03749465942383,0.0,88.7699966430664,0.0,88.77999877929688,88.5199966430664,88.77999877929688,0.0,658700,0.0016595200631064732,94194209.60386367
2010-09-15,36.00501251220703,0.0,88.69000244140625,0.0,88.73999786376953,88.47000122070312,88.47000122070312,0.0,570800,0.001747504657813824,93951721.76253304
2010-09-16,36.0659065246582,0.0,88.83999633789062,0.0,88.9000015258789,88.6500015258789,88.73999786376953,0.0,751400,0.0016171977828141862,94033809.52464512
2010-09-17,36.13088607788086,0.0,89.0,0.0,89.05000305175781,88.9000015258789,89.05000305175781,0.0,922800,0.0015341517849425741,94213997.52837892
2010-09-20,36.18769836425781,0.0,89.13999938964844,0.0,89.22000122070312,89.05000305175781,89.0999984741211,0.0,631900,0.001418498572633912,94127874.30610052
2010-09-21,36.12680816650391,0.0,88.98999786376953,0.0,89.2300033569336,88.87000274658203,89.2300033569336,0.0,810900,0.0014122147286331553,94209483.74473329
2010-09-22,35.98065948486328,0.0,88.62999725341797,0.0,89.0999984741211,88.62000274658203,89.0999984741211,0.0,832700,0.0014122147286331553,94492800.72907947
2010-09-23,35.88729476928711,0.0,88.4000015258789,0.0,88.5199966430664,88.25,88.5,0.0,758800,0.0014122147286331553,94317855.37571983
2010-09-24,36.02935028076172,0.0,88.75,0.0,88.88999938964844,88.52999877929688,88.52999877929688,0.0,917200,0.0011611837232302252,94040669.88845704
2010-09-27,36.09023666381836,0.0,88.9000015258789,0.0,89.08000183105469,88.83999633789062,88.93000030517578,0.0,615900,0.0009056420206308912,94090540.71469988
2010-09-28,36.14303970336914,0.0,89.02999877929688,0.0,89.16000366210938,88.80000305175781,89.16000366210938,0.0,1038800,0.000816060511401829,94398460.72904798
2010-09-29,36.22829818725586,0.0,89.23999786376953,0.0,89.41000366210938,89.11000061035156,89.19999694824219,0.0,826600,0.0006939482789440573,94103429.62417603
2010-09-30,36.41099548339844,0.0,89.69000244140625,0.0,89.73999786376953,89.2300033569336,89.4800033569336,0.0,2290800,0.0006039896061101164,95197204.28761074
2010-10-01,36.45879364013672,0.0,89.22000122070312,0.587,89.33000183105469,88.98999786376953,89.20999908447266,0.0,837800,0.0007427600633341934,95144769.57232763
2010-10-04,36.33212661743164,0.0,88.91000366210938,0.0,89.27999877929688,88.88999938964844,89.27999877929688,0.0,2490600,0.0008475459093353805,96427770.2306596
2010-10-05,36.46288299560547,0.0,89.2300033569336,0.0,89.31999969482422,89.05999755859375,89.25,0.0,993500,0.0007415735419850032,96530314.39882915
2010-10-06,36.43021011352539,0.0,89.1500015258789,0.0,89.33000183105469,89.05000305175781,89.22000122070312,0.0,1990200,0.000879758436599511,97422547.28639996
2010-10-07,36.50374984741211,0.0,89.33000183105469,0.0,89.5,89.12999725341797,89.3499984741211,0.0,1371700,0.0008987387447674021,97917884.18998718
2010-10-08,36.62633514404297,0.0,89.62999725341797,0.0,89.68000030517578,89.36000061035156,89.45999908447266,0.0,1524800,0.0008987387447674021,98691324.68377976
2010-10-11,36.7039909362793,0.0,89.81999969482422,0.0,89.88999938964844,89.62999725341797,89.66000366210938,0.0,644900,0.0008987387447674021,98332401.59927247
2010-10-12,36.67129135131836,0.0,89.73999786376953,0.0,89.94999694824219,89.66999816894531,89.7699966430664,0.0,855200,0.0008703290186255653,98336066.7268844
2010-10-13,36.79386138916016,0.0,90.04000091552734,0.0,90.25,89.81999969482422,89.93000030517578,0.0,880300,0.000758881512401472,98079701.90485394
2010-10-14,36.61814880371094,0.0,89.61000061035156,0.0,90.12999725341795,89.55000305175781,90.12000274658205,0.0,994400,0.0007883351837063062,97850286.82412647
2010-10-15,36.71217727661133,0.0,89.83999633789062,0.0,90.0,89.73999786376953,89.79000091552734,0.0,524200,0.0008632147447493677,97693468.86688112
2010-10-18,36.66314697265625,0.0,89.72000122070312,0.0,90.0999984741211,89.72000122070312,89.94999694824219,0.0,516300,0.0009712939589416453,97140802.06851657
2010-10-19,36.659061431884766,0.0,89.70999908447266,0.0,89.94999694824219,89.68000030517578,89.79000091552734,0.0,601800,0.0009817740336000801,97177494.94509621
2010-10-20,36.7734489440918,0.0,89.98999786376953,0.0,90.0199966430664,89.63999938964844,89.81999969482422,0.0,965600,0.0010975788009185718,97690070.73456295
2010-10-21,36.71622085571289,0.0,89.8499984741211,0.0,90.12000274658205,89.8499984741211,90.08999633789062,0.0,521000,0.0010975788009185718,97581043.19020832
2010-10-22,36.88375473022461,0.0,90.26000213623048,0.0,90.27999877929688,90.01000213623047,90.06999969482422,0.0,418000,0.0012475989520934938,97567621.95232937
2010-10-25,37.02679443359375,0.0,90.61000061035156,0.0,90.7699966430664,90.4499969482422,90.47000122070312,0.0,1051500,0.0012475989520934938,97466968.8147227
2010-10-26,37.08397674560547,0.0,90.75,0.0,90.7699966430664,90.5500030517578,90.58999633789062,0.0,568100,0.0012399077293615184,97182183.69567508
2010-10-27,37.04316329956055,0.0,90.6500015258789,0.0,90.8000030517578,90.52999877929688,90.6999969482422,0.0,910700,0.0013441346353949583,97262975.86943612
2010-10-28,37.06356048583984,0.0,90.6999969482422,0.0,90.9000015258789,90.5500030517578,90.88999938964844,0.0,1078600,0.0014400747453177242,97464824.2462037
2010-10-29,37.07993698120117,0.0,90.73999786376952,0.0,90.9000015258789,90.66000366210938,90.80999755859376,0.0,898000,0.0014001596153197923,97661437.48494709
2010-11-01,37.01042175292969,0.0,89.97000122070312,0.601,90.4000015258789,89.94999694824219,90.3000030517578,0.0,921400,0.0012953737693186052,97771336.99291168
2010-11-02,37.19140625,0.0,90.41000366210938,0.0,90.41999816894533,90.06999969482422,90.1999969482422,0.0,859800,0.0013494507810828007,96622815.74462406
2010-11-03,37.31482696533203,0.0,90.70999908447266,0.0,90.8000030517578,90.33999633789062,90.4499969482422,0.0,1301600,0.001211265886468293,93142713.93415058
2010-11-04,37.80024719238281,0.0,91.88999938964844,0.0,91.97000122070312,91.05999755859376,91.06999969482422,0.0,1495800,0.001192285578300402,92501068.95329915
2010-11-05,37.75907897949219,0.0,91.79000091552734,0.0,91.88999938964844,91.5199966430664,91.77999877929688,0.0,1281500,0.0012873293756051043,92293926.76481217
2010-11-08,37.64802169799805,0.0,91.5199966430664,0.0,91.79000091552734,91.4499969482422,91.6999969482422,0.0,1178800,0.001369652087301331,92110167.6333715
2010-11-09,37.54109191894531,0.0,91.26000213623048,0.0,91.69000244140624,91.0999984741211,91.69000244140624,0.0,705400,0.0012861484803269618,91908977.88181607
2010-11-10,37.232540130615234,0.0,90.51000213623048,0.0,91.25,90.4800033569336,91.25,0.0,1250800,0.001268463601316449,92017160.87599255
2010-11-11,37.08444595336914,0.0,90.1500015258789,0.0,90.52999877929688,89.80999755859375,90.44000244140624,0.0,1051000,0.001239009930011615,92052232.07695371
2010-11-12,36.948707580566406,0.0,89.81999969482422,0.0,90.25,89.81999969482422,90.13999938964844,0.0,1088500,0.0013233827420197138,92064431.92603096
2010-11-15,36.8787727355957,0.0,89.6500015258789,0.0,90.1999969482422,89.58999633789062,90.16999816894533,0.0,1071300,0.0013309440618372002,92100838.38880025
2010-11-16,36.47152328491211,0.0,88.66000366210938,0.0,89.69999694824219,88.48999786376953,89.58000183105469,0.0,1674100,0.0012688850525134784,92220762.94160268
2010-11-17,36.65664291381836,0.0,89.11000061035156,0.0,89.37000274658203,89.0,89.25,0.0,1827000,0.0012284254494407873,91484373.90194242
2010-11-18,37.121463775634766,0.0,90.23999786376952,0.0,90.23999786376952,89.58000183105469,89.81999969482422,0.0,1197000,0.0012284254494407873,91127332.40911695
2010-11-19,37.10914611816406,0.0,90.20999908447266,0.0,90.20999908447266,89.83999633789062,90.0,0.0,592000,0.0012077592239659732,90702721.71920897
2010-11-22,36.84997177124024,0.0,89.58000183105469,0.0,89.94999694824219,89.54000091552734,89.76000213623047,0.0,424600,0.0013984927523498433,89995643.87013875
2010-11-23,36.34401321411133,0.0,88.3499984741211,0.0,89.37999725341797,88.31999969482422,89.37999725341797,0.0,1975700,0.0013075601639788742,90231500.5091531
2010-11-24,36.561988830566406,0.0,88.87999725341797,0.0,89.0199966430664,88.56999969482422,88.56999969482422,0.0,690700,0.0013284717912102294,90163294.30353074
2010-11-26,36.43037796020508,0.0,88.55999755859375,0.0,88.87000274658203,88.51000213623047,88.7699966430664,0.0,365000,0.001336363687098393,89577833.34594
2010-11-29,36.52498626708984,0.0,88.79000091552734,0.0,89.0199966430664,88.4800033569336,88.51000213623047,0.0,598300,0.001385946086407221,89488540.38389902
2010-11-30,36.607269287109375,0.0,88.98999786376953,0.0,89.12000274658203,88.41999816894531,88.58999633789062,0.0,1459300,0.0016363566292139232,89576199.93852283
2010-12-01,36.94599151611328,0.0,89.22000122070312,0.588,89.25,88.79000091552734,88.9800033569336,0.0,1710800,0.0014857274765204356,90202600.43978615
2010-12-02,36.96673583984375,0.0,89.2699966430664,0.0,89.31999969482422,89.0,89.26000213623047,0.0,775600,0.0015267847056341173,89797798.63748096
2010-12-03,37.02880859375,0.0,89.41999816894531,0.0,89.44999694824219,89.16000366210938,89.19999694824219,0.0,1621000,0.0015267847056341173,90294298.41286795
2010-12-06,37.00812911987305,0.0,89.37000274658203,0.0,89.41999816894531,89.2300033569336,89.41999816894531,0.0,776300,0.0015083448411703174,90129115.55945382
2010-12-07,37.19858932495117,0.0,89.83000183105469,0.0,89.91000366210938,89.66999816894531,89.81999969482422,0.0,946300,0.0014260221294740908,90088597.136773
2010-12-08,37.07852554321289,0.0,89.54000091552734,0.0,90.0,89.41000366210938,89.7300033569336,0.0,1216200,0.001489082194685278,90560084.4500466
2010-12-09,36.99982452392578,0.0,89.3499984741211,0.0,89.66999816894531,89.33999633789062,89.66999816894531,0.0,457200,0.0015107651487217054,90571130.9603797
2010-12-10,37.01640701293945,0.0,89.38999938964844,0.0,89.61000061035156,89.30999755859375,89.5,0.0,613100,0.001626783863389964,90441548.89141265
2010-12-13,36.83002853393555,0.0,88.94000244140625,0.0,89.56999969482422,88.81999969482422,89.4000015258789,0.0,1176600,0.0014913792279656532,90334177.74447486
2010-12-14,37.01226043701172,0.0,89.37999725341797,0.0,89.4000015258789,88.87999725341797,89.4000015258789,0.0,1366900,0.0015960867738909295,90033570.14316982
2010-12-15,36.8673095703125,0.0,89.02999877929688,0.0,89.4000015258789,88.91000366210938,89.4000015258789,0.0,566500,0.0018593829099725911,89685976.43392049
2010-12-16,37.00397491455078,0.0,89.36000061035156,0.0,89.36000061035156,88.77999877929688,88.9000015258789,0.0,498600,0.0019725653002343646,89536824.3527246
2010-12-17,37.05781173706055,0.0,89.48999786376953,0.0,89.52999877929688,89.2300033569336,89.3499984741211,0.0,989700,0.0019725653002343646,89487737.82004099
2010-12-20,37.124061584472656,0.0,89.6500015258789,0.0,89.6500015258789,89.5,89.62999725341797,0.0,587700,0.0018432113745342569,89216164.38212319
2010-12-21,37.20275115966797,0.0,89.83999633789062,0.0,89.88999938964844,89.66000366210938,89.80999755859375,0.0,785400,0.0016524778461503866,89174662.4914684
2010-12-22,37.30628967285156,0.0,90.08999633789062,0.0,90.13999938964844,89.7699966430664,89.8499984741211,0.0,803000,0.0016524778461503866,89333361.32128882
2010-12-23,37.34355926513672,0.0,90.18000030517578,0.0,90.25,90.12000274658205,90.1500015258789,0.0,560500,0.001527339312885592,89369614.03405325
2010-12-27,37.37250518798828,0.0,90.25,0.0,90.36000061035156,90.12000274658205,90.31999969482422,0.0,590800,0.0014676282240473012,89327753.25958009
2010-12-28,37.39627456665039,0.0,89.7300033569336,0.577,89.9000015258789,89.54000091552734,89.87000274658203,0.0,575100,0.0013191904975123282,88823301.62929353
2010-12-29,37.52131271362305,0.0,90.02999877929688,0.0,90.05999755859375,89.72000122070312,89.83999633789062,0.0,535700,0.001068779954705626,88457267.49159798
2010-12-30,37.56300354003906,0.0,90.12999725341795,0.0,90.13999938964844,89.95999908447266,90.13999938964844,0.0,335400,0.0010585633209942223,87323487.1777489
2010-12-31,37.62967300415039,0.0,90.29000091552734,0.0,90.30999755859376,90.05000305175781,90.12999725341795,0.0,715700,0.0010175060918805406,87244524.29157439
2011-01-03,37.65883255004883,0.0,90.36000061035156,0.0,90.70999908447266,90.2699966430664,90.29000091552734,0.0,1448800,0.0010175060918805406,87486327.653897
2011-01-04,37.82971954345703,0.0,90.7699966430664,0.0,90.77999877929688,90.4800033569336,90.55999755859376,0.0,1077800,0.0010642950359534176,87457811.30937849
2011-01-05,37.92560195922852,0.0,91.0,0.0,91.01000213623048,90.62999725341795,90.63999938964844,0.0,2537800,0.0010642950359534176,88239973.49465992
2011-01-06,37.97140502929688,0.0,91.11000061035156,0.0,91.12000274658205,90.69000244140624,91.04000091552734,0.0,2046600,0.001112668022431017,89184589.75210038
2011-01-07,37.8255615234375,0.0,90.76000213623048,0.0,91.12000274658205,90.6999969482422,91.12000274658205,0.0,917900,0.001318145268286604,89305643.4181395
2011-01-10,37.796382904052734,0.0,90.69000244140624,0.0,90.7300033569336,90.56999969482422,90.61000061035156,0.0,517400,0.0012021265536183452,88664244.46364509
2011-01-11,37.94224166870117,0.0,91.04000091552734,0.0,91.08999633789062,90.8499984741211,90.91000366210938,0.0,493300,0.0011782788159914958,88577882.42152381
2011-01-12,38.02141952514648,0.0,91.2300033569336,0.0,91.33000183105467,91.0500030517578,91.0500030517578,0.0,609600,0.0009579307360564552,88627398.5726856
2011-01-13,38.01306915283203,0.0,91.20999908447266,0.0,91.4499969482422,91.16999816894533,91.23999786376952,0.0,1563900,0.0006946345999747938,88923053.33526248
2011-01-14,38.07561111450195,0.0,91.36000061035156,0.0,91.4000015258789,91.23999786376952,91.3499984741211,0.0,912500,0.000562304292669544,89200739.36200218
2011-01-18,38.07143783569336,0.0,91.3499984741211,0.0,91.5,91.25,91.5,0.0,1186800,0.0006109901391157804,88360709.14315723
2011-01-19,37.95474243164063,0.0,91.06999969482422,0.0,91.38999938964844,91.05999755859376,91.2699966430664,0.0,1073200,0.0006109901391157804,88178912.62880962
2011-01-20,37.87972259521485,0.0,90.88999938964844,0.0,91.12999725341795,90.76000213623048,91.06999969482422,0.0,766000,0.0006109901391157804,88163350.38279578
2011-01-21,38.033935546875,0.0,91.26000213623048,0.0,91.33999633789062,90.9800033569336,90.9800033569336,0.0,681100,0.0006457862688483515,87961797.99357823
2011-01-24,38.0881233215332,0.0,91.38999938964844,0.0,91.4499969482422,91.29000091552734,91.29000091552734,0.0,697300,0.0006457862688483515,87841663.383387
2011-01-25,38.14646911621094,0.0,91.52999877929688,0.0,91.52999877929688,91.33000183105467,91.43000030517578,0.0,686400,0.0006229680605743366,87715300.90037149
2011-01-26,38.22566223144531,0.0,91.72000122070312,0.0,91.72000122070312,91.52999877929688,91.63999938964844,0.0,985500,0.0006229680605743367,88008693.45671032
2011-01-27,38.27565002441406,0.0,91.83999633789062,0.0,91.8499984741211,91.69000244140624,91.7699966430664,0.0,679400,0.0006229680605743367,88060496.74616617
2011-01-28,38.04642868041992,0.0,91.29000091552734,0.0,91.88999938964844,91.2699966430664,91.87999725341795,0.0,2015100,0.0006496311602746635,88789932.3334043
2011-01-31,38.25066757202149,0.0,91.77999877929688,0.0,91.77999877929688,91.36000061035156,91.52999877929688,0.0,1183200,0.0008197572933445962,88934399.9772632
2011-02-01,38.325721740722656,0.0,91.37000274658205,0.589,91.4499969482422,91.20999908447266,91.30999755859376,0.0,944600,0.0009036203419698418,88421464.00002374
2011-02-02,38.36766052246094,0.0,91.47000122070312,0.0,91.51000213623048,91.37000274658205,91.48999786376952,0.0,550400,0.0007802274650560624,87526721.79454017
2011-02-03,38.36766052246094,0.0,91.47000122070312,0.0,91.55999755859376,91.2699966430664,91.4800033569336,0.0,1240800,0.0008224928165276243,87930745.7544357
2011-02-04,38.53544235229492,0.0,91.87000274658205,0.0,91.88999938964844,91.5199966430664,91.6999969482422,0.0,1667600,0.000711059764838838,88564307.68538581
2011-02-07,38.60676574707031,0.0,92.04000091552734,0.0,92.0500030517578,91.79000091552734,92.01000213623048,0.0,2260600,0.0004838995649468234,89329181.69513884
2011-02-08,38.64870834350586,0.0,92.13999938964844,0.0,92.16000366210938,92.0,92.12000274658205,0.0,2632400,0.0004838995649468234,90364328.23486328
2011-02-09,38.43058013916016,0.0,91.62000274658205,0.0,92.13999938964844,91.62000274658205,92.13999938964844,0.0,936900,0.0004891707783306916,89969041.12752885
2011-02-10,38.47255706787109,0.0,91.72000122070312,0.0,91.91000366210938,91.5,91.5999984741211,0.0,801800,0.0005184143274530057,89684299.26041497
2011-02-11,38.56900787353516,0.0,91.9499969482422,0.0,91.9499969482422,91.62999725341795,91.87000274658205,0.0,586700,0.0006105779651717754,89575756.1630794
2011-02-14,38.59838485717773,0.0,92.0199966430664,0.0,92.0199966430664,91.86000061035156,91.86000061035156,0.0,660000,0.0005543807179694508,89304904.7698793
2011-02-15,38.52286911010742,0.0,91.83999633789062,0.0,92.05999755859376,91.7699966430664,92.05999755859376,0.0,1109100,0.0005597849757529793,89515196.01838247
2011-02-16,38.53544235229492,0.0,91.87000274658205,0.0,92.08999633789062,91.87000274658205,92.01000213623048,0.0,1378100,0.000656903563066343,90020951.20070927
2011-02-17,38.6235466003418,0.0,92.08000183105467,0.0,92.0999984741211,91.95999908447266,92.0,0.0,658800,0.000710449692205421,89889202.4084061
2011-02-18,38.74100875854492,0.0,92.36000061035156,0.0,92.37000274658205,92.11000061035156,92.18000030517578,0.0,870300,0.0006756535624728498,90138836.42157297
2011-02-22,38.42219543457031,0.0,91.5999984741211,0.0,92.23999786376952,91.58999633789062,92.19000244140624,0.0,1305600,0.0007279737720538064,90647039.17460366
2011-02-23,38.45996856689453,0.0,91.69000244140624,0.0,91.83000183105467,91.58999633789062,91.62999725341795,0.0,1062700,0.0007632476603767862,90727191.18217589
2011-02-24,38.48931884765625,0.0,91.76000213623048,0.0,91.91000366210938,91.70999908447266,91.8499984741211,0.0,857300,0.0007795594458491709,90806213.31414722
2011-02-25,38.60676574707031,0.0,92.04000091552734,0.0,92.08000183105467,91.77999877929688,91.80999755859376,0.0,1907800,0.0007934542386557264,91500536.67115106
2011-02-28,38.79970932006836,0.0,92.5,0.0,92.52999877929688,91.9800033569336,92.13999938964844,0.0,4044100,0.0007667911389553997,93570212.97568063
2011-03-01,38.740230560302734,0.0,91.77999877929688,0.579,91.9800033569336,91.68000030517578,91.97000122070312,0.0,1692100,0.0006965680011332307,94373225.60857743
2011-03-02,38.773963928222656,0.0,91.86000061035156,0.0,91.87999725341795,91.6999969482422,91.75,0.0,1271400,0.0006782948830695131,94501400.07694183
2011-03-03,38.91326522827149,0.0,92.19000244140624,0.0,92.22000122070312,91.91000366210938,91.91000366210938,0.0,1615300,0.0006782948830695131,94504703.08089483
2011-03-04,38.83306503295898,0.0,92.0,0.0,92.20999908447266,91.93000030517578,92.19000244140624,0.0,1057200,0.0007772682901082153,94856772.61201768
2011-03-07,38.84149932861328,0.0,92.0199966430664,0.0,92.13999938964844,91.91999816894533,92.12999725341795,0.0,1086800,0.0008639723917804921,94953458.92742702
2011-03-08,38.80774688720703,0.0,91.94000244140624,0.0,92.05999755859376,91.91000366210938,92.0,0.0,971400,0.0009115866963649889,95047118.13699631
2011-03-09,38.69801330566406,0.0,91.68000030517578,0.0,92.01000213623048,91.6500015258789,91.95999908447266,0.0,1241700,0.0009115866963649889,95368736.64000376
2011-03-10,38.495365142822266,0.0,91.1999969482422,0.0,91.8000030517578,91.16999816894533,91.73999786376952,0.0,1098400,0.0009063154829811208,95611885.43248253
2011-03-11,38.486961364746094,0.0,91.18000030517578,0.0,91.3499984741211,91.05999755859376,91.11000061035156,0.0,1023500,0.0008770719338588067,95681234.00834705
2011-03-14,38.33079147338867,0.0,90.80999755859376,0.0,91.26000213623048,90.76000213623048,91.08999633789062,0.0,1643400,0.0007849082961400369,96088038.64308918
2011-03-15,38.13239288330078,0.0,90.33999633789062,0.0,90.48999786376952,89.5,89.9000015258789,0.0,1598300,0.0007849082961400369,96769924.5110103
2011-03-16,37.8959846496582,0.0,89.77999877929688,0.0,90.62000274658205,89.72000122070312,90.36000061035156,0.0,2882900,0.001022651497697181,98422325.34503634
2011-03-17,38.305423736572266,0.0,90.75,0.0,90.76000213623048,90.22000122070312,90.22000122070312,0.0,1634200,0.0011262598671641162,99069541.82719275
2011-03-18,38.486961364746094,0.0,91.18000030517578,0.0,91.47000122070312,91.0199966430664,91.13999938964844,0.0,1300400,0.0010727137380250383,99358758.27478682
2011-03-21,38.72332382202149,0.0,91.73999786376952,0.0,91.77999877929688,91.41000366210938,91.48999786376952,0.0,943800,0.0011421746246836274,99598890.3729575
2011-03-22,38.744415283203125,0.0,91.79000091552734,0.0,91.83000183105467,91.52999877929688,91.62000274658205,0.0,2285400,0.001164023671947641,100691071.95093064
2011-03-23,38.69801330566406,0.0,91.68000030517578,0.0,91.81999969482422,91.52999877929688,91.69000244140624,0.0,749400,0.0012618425818128139,100650617.93121459
2011-03-24,38.73176956176758,0.0,91.76000213623048,0.0,91.8499984741211,91.6500015258789,91.76000213623048,0.0,923100,0.0012879781629098225,100790504.73132664
2011-03-25,38.744415283203125,0.0,91.79000091552734,0.0,91.86000061035156,91.76000213623048,91.83999633789062,0.0,478500,0.0012919584331187155,100493044.53639075
2011-03-28,38.75706481933594,0.0,91.81999969482422,0.0,91.9000015258789,91.69000244140624,91.9000015258789,0.0,844000,0.0013216597044149268,100673541.1141895
2011-03-29,38.77819061279297,0.0,91.87000274658205,0.0,91.91000366210938,91.68000030517578,91.6999969482422,0.0,1010700,0.0013288593866547026,100676466.9002533
2011-03-30,38.83727645874024,0.0,92.01000213623048,0.0,92.05999755859376,91.75,91.9499969482422,0.0,1868800,0.001271185823352235,101455693.1681739
2011-03-31,38.81616973876953,0.0,91.95999908447266,0.0,92.02999877929688,91.87000274658205,92.02999877929688,0.0,924100,0.0013221702410602316,100499489.81548491
2011-04-01,38.76944351196289,0.0,91.27999877929688,0.57,91.52999877929688,91.27999877929688,91.38999938964844,0.0,1322400,0.0011809314825499673,100864252.93741378
2011-04-04,39.00728988647461,0.0,91.83999633789062,0.0,91.86000061035156,91.3499984741211,91.44000244140624,0.0,3254100,0.00117089243597687,101478675.77044775
2011-04-05,38.96484756469727,0.0,91.73999786376952,0.0,91.91000366210938,91.63999938964844,91.63999938964844,0.0,1338100,0.0011456514591967047,101749368.49113344
2011-04-06,39.04978942871094,0.0,91.94000244140624,0.0,91.9800033569336,91.83999633789062,91.91000366210938,0.0,835300,0.0011905242645338038,100950726.83242314
2011-04-07,39.088016510009766,0.0,92.02999877929688,0.0,92.06999969482422,91.91999816894533,91.93000030517578,0.0,1156700,0.0011905242645338038,100823085.05525135
2011-04-08,39.088016510009766,0.0,92.02999877929688,0.0,92.12000274658205,91.91000366210938,92.08999633789062,0.0,1168900,0.0012536112475690904,100592180.65653
2011-04-11,39.04978942871094,0.0,91.94000244140624,0.0,92.16999816894533,91.93000030517578,92.08000183105467,0.0,1045900,0.0013308922979735776,100895634.07518296
2011-04-12,38.92659759521485,0.0,91.6500015258789,0.0,91.9800033569336,91.62000274658205,91.9800033569336,0.0,940100,0.0013308922979735776,100970352.48995584
2011-04-13,39.11348342895508,0.0,92.08999633789062,0.0,92.08999633789062,91.83000183105467,91.87000274658205,0.0,1128100,0.001149647188968887,101165785.12537517
2011-04-14,38.95634078979492,0.0,91.72000122070312,0.0,92.0199966430664,91.63999938964844,92.0,0.0,1538700,0.0010544418032672755,101578653.23070344
2011-04-15,39.00728988647461,0.0,91.83999633789062,0.0,91.9000015258789,91.76000213623048,91.8499984741211,0.0,658300,0.0010872914102918638,101684717.86172655
2011-04-18,38.87137222290039,0.0,91.5199966430664,0.0,91.6999969482422,91.41999816894533,91.6999969482422,0.0,1736400,0.0010178305236332747,102578312.1914152
2011-04-19,39.00728988647461,0.0,91.83999633789062,0.0,91.86000061035156,91.61000061035156,91.63999938964844,0.0,1020800,0.0009770772582760343,102893889.89627777
2011-04-20,39.15596008300781,0.0,92.19000244140624,0.0,92.2300033569336,91.91000366210938,92.0,0.0,716400,0.0008226817513892574,102728418.27573624
2011-04-21,39.24940872192383,0.0,92.41000366210938,0.0,92.43000030517578,92.11000061035156,92.31999969482422,0.0,632000,0.0007802343848198641,102820412.50676352
2011-04-25,39.2069091796875,0.0,92.30999755859376,0.0,92.4499969482422,92.3000030517578,92.4499969482422,0.0,978700,0.000779859775603144,103237992.77436392
2011-04-26,39.29612350463867,0.0,92.5199966430664,0.0,92.5199966430664,92.33000183105467,92.4499969482422,0.0,575400,0.0008051501573547329,102904338.73013088
2011-04-27,39.32161331176758,0.0,92.58000183105467,0.0,92.58000183105467,92.4800033569336,92.48999786376952,0.0,738800,0.0006980474798671933,103038013.57420059
2011-04-28,39.34285354614258,0.0,92.62999725341795,0.0,92.66000366210938,92.5500030517578,92.58000183105467,0.0,697600,0.000690131112608133,102895662.22256857
2011-04-29,39.43628692626953,0.0,92.8499984741211,0.0,92.8499984741211,92.68000030517578,92.76000213623048,0.0,799000,0.0006391466949001362,102708028.35012768
2011-05-02,39.416202545166016,0.0,92.2300033569336,0.573,92.41999816894533,92.20999908447266,92.30999755859376,0.0,848700,0.0007174483675070866,102682560.7768528
2011-05-03,39.42474365234375,0.0,92.25,0.0,92.43000030517578,92.0999984741211,92.41999816894533,0.0,977700,0.000720707997604338,102740453.36316426
2011-05-04,39.41193389892578,0.0,92.22000122070312,0.0,92.37999725341795,92.12000274658205,92.37999725341795,0.0,959400,0.0008162670219085275,102825702.15699331
2011-05-05,39.24951553344727,0.0,91.83999633789062,0.0,92.22000122070312,91.79000091552734,92.22000122070312,0.0,1300000,0.0007713942165714282,102836208.98581006
2011-05-06,39.45040130615234,0.0,92.30999755859376,0.0,92.4499969482422,92.11000061035156,92.11000061035156,0.0,968900,0.0009264268440250505,102455177.99809168
2011-05-09,39.50165557861328,0.0,92.43000030517578,0.0,92.51000213623048,92.29000091552734,92.38999938964844,0.0,620500,0.000869801583841578,101976796.48234655
2011-05-10,39.587135314941406,0.0,92.62999725341795,0.0,92.62999725341795,92.33000183105467,92.33000183105467,0.0,723600,0.0008343688313553286,101652536.91067772
2011-05-11,39.527305603027344,0.0,92.48999786376952,0.0,92.7300033569336,92.37000274658205,92.69000244140624,0.0,595200,0.0009239331709739526,101578530.88862707
2011-05-12,39.56576919555664,0.0,92.58000183105467,0.0,92.58000183105467,92.26000213623048,92.47000122070312,0.0,1129800,0.0008285815709872695,101510173.55050586
2011-05-13,39.40339660644531,0.0,92.1999969482422,0.0,92.5999984741211,92.1999969482422,92.5999984741211,0.0,1053400,0.0008696452645646144,101529029.30591522
2011-05-16,39.48027801513672,0.0,92.37999725341795,0.0,92.47000122070312,92.26000213623048,92.26000213623048,0.0,540400,0.0009045636632287612,101149291.85232738
2011-05-17,39.5486946105957,0.0,92.54000091552734,0.0,92.58999633789062,92.11000061035156,92.37000274658205,0.0,1674000,0.000961963305970342,101616513.39913626
2011-05-18,39.595699310302734,0.0,92.6500015258789,0.0,92.66000366210938,92.43000030517578,92.4800033569336,0.0,813000,0.0009285473144826122,101036344.66191247
2011-05-19,39.57862091064453,0.0,92.61000061035156,0.0,92.66999816894533,92.51000213623048,92.66999816894533,0.0,715900,0.0009809163854133868,100270436.15653023
2011-05-20,39.5486946105957,0.0,92.54000091552734,0.0,92.61000061035156,92.41000366210938,92.61000061035156,0.0,538900,0.0009809163854133868,99808948.29185122
2011-05-23,39.36064529418945,0.0,92.0999984741211,0.0,92.3499984741211,92.08000183105467,92.26000213623048,0.0,1204800,0.0009634159316146583,100265755.90061006
2011-05-24,39.29654693603516,0.0,91.9499969482422,0.0,92.37000274658205,91.93000030517578,92.30999755859376,0.0,808100,0.001008155933846528,100553606.08915299
2011-05-25,39.29654693603516,0.0,91.9499969482422,0.0,92.0500030517578,91.9000015258789,92.02999877929688,0.0,1407900,0.001008155933846528,100195695.84088401
2011-05-26,39.26237487792969,0.0,91.87000274658205,0.0,92.0,91.87000274658205,91.97000122070312,0.0,787900,0.0010324372540160818,100282957.436607
2011-05-27,39.38199234008789,0.0,92.1500015258789,0.0,92.26000213623048,91.9000015258789,91.9499969482422,0.0,1225700,0.0010623460344058088,100922829.3236021
2011-05-31,39.48884963989258,0.0,92.4000015258789,0.0,92.45999908447266,92.26000213623048,92.4000015258789,0.0,1848000,0.0009840443617988583,101856417.77814229
2011-06-01,39.25923538208008,0.0,91.3000030517578,0.566,91.88999938964844,91.1500015258789,91.76000213623048,0.0,2091600,0.0009041196766024276,102341338.27417767
2011-06-02,39.233436584472656,0.0,91.23999786376952,0.0,91.4000015258789,91.1999969482422,91.36000061035156,0.0,1177000,0.0008213740528592453,101982226.36463226
2011-06-03,39.07859420776367,0.0,90.87999725341795,0.0,91.08000183105467,90.81999969482422,90.95999908447266,0.0,1141100,0.0008213740528592453,102255760.93185061
2011-06-06,38.9840202331543,0.0,90.66000366210938,0.0,91.01000213623048,90.56999969482422,90.94000244140624,0.0,1660100,0.0006677265994540891,102299847.0830221
2011-06-07,38.95392227172852,0.0,90.58999633789062,0.0,90.93000030517578,90.54000091552734,90.9000015258789,0.0,995500,0.0008182085057097469,102464961.43399194
2011-06-08,38.76904296875,0.0,90.16000366210938,0.0,90.58000183105467,90.13999938964844,90.55999755859376,0.0,1642600,0.0007763602077915091,102965681.20607649
2011-06-09,38.7948112487793,0.0,90.22000122070312,0.0,90.44000244140624,90.12000274658205,90.20999908447266,0.0,1480700,0.0007992471938938099,103161635.22745769
2011-06-10,38.54110336303711,0.0,89.62999725341797,0.0,90.3499984741211,89.44000244140625,90.2699966430664,0.0,3870000,0.0007840105970982746,105590343.72006372
2011-06-13,38.39493560791016,0.0,89.29000091552734,0.0,89.98999786376953,89.29000091552734,89.75,0.0,2015400,0.000756140433954398,106583598.1583126
2011-06-14,38.63572692871094,0.0,89.8499984741211,0.0,90.0199966430664,89.80000305175781,89.97000122070312,0.0,1253000,0.000734066922269739,106646576.26319765
2011-06-15,38.47233581542969,0.0,89.47000122070312,0.0,89.8499984741211,89.37000274658203,89.58000183105469,0.0,1319400,0.0006766672795281583,106613823.89307779
2011-06-16,37.78862380981445,0.0,87.87999725341797,0.0,89.69999694824219,87.62999725341797,89.41000366210938,0.0,7149900,0.0006766672795281583,111200313.56017098
2011-06-17,38.20573425292969,0.0,88.8499984741211,0.0,89.18000030517578,88.30000305175781,88.88999938964844,0.0,3486900,0.0008702119659754632,113305521.20600504
2011-06-20,38.47233581542969,0.0,89.47000122070312,0.0,89.56999969482422,88.94000244140625,88.94999694824219,0.0,1555600,0.0008702119659754632,113707198.05531578
2011-06-21,38.73032760620117,0.0,90.06999969482422,0.0,90.08000183105467,89.55999755859375,89.62000274658203,0.0,2212000,0.0008702119659754632,114870273.71744429
2011-06-22,38.450809478759766,0.0,89.41999816894531,0.0,90.04000091552734,89.41000366210938,89.9000015258789,0.0,1667400,0.0010080977454079482,115493595.71604048
2011-06-23,38.657203674316406,0.0,89.9000015258789,0.0,90.0,88.83000183105469,89.25,0.0,2999800,0.001167492109927483,117059784.26777068
2011-06-24,38.47233581542969,0.0,89.47000122070312,0.0,90.05000305175781,89.33000183105469,90.05000305175781,0.0,1416400,0.0013497219138051092,117664382.83569093
2011-06-27,38.46370315551758,0.0,89.44999694824219,0.0,89.5999984741211,89.36000061035156,89.51000213623047,0.0,1137600,0.0013724688376551522,118048816.30020142
2011-06-28,38.618534088134766,0.0,89.80999755859375,0.0,89.80999755859375,89.62000274658203,89.69999694824219,0.0,1477500,0.0014076586979080185,118692392.06577483
2011-06-29,39.0012321472168,0.0,90.6999969482422,0.0,90.75,89.94999694824219,90.0999984741211,0.0,1752700,0.0014076586979080187,119571287.41740271
2011-06-30,39.26353454589844,0.0,91.30999755859376,0.0,91.5999984741211,90.6999969482422,90.6999969482422,0.0,2514300,0.0013724719695426802,121153439.20932952
2011-07-01,39.47209548950195,0.0,91.20999908447266,0.582,91.4499969482422,90.83999633789062,91.38999938964844,0.0,1749800,0.0016204654963058091,121907238.43744671
2011-07-05,39.524051666259766,0.0,91.33000183105467,0.0,91.33999633789062,90.91000366210938,91.05999755859376,0.0,2253200,0.0017996917644053701,122501454.24095033
2011-07-06,39.54134750366211,0.0,91.37000274658205,0.0,91.37999725341795,90.91999816894533,90.98999786376952,0.0,1969400,0.001854290411100939,123153138.21735685
2011-07-07,39.697147369384766,0.0,91.7300033569336,0.0,91.7300033569336,91.30999755859376,91.58000183105467,0.0,2662100,0.001854290411100939,123258333.7882814
2011-07-08,39.58896255493164,0.0,91.4800033569336,0.0,91.5199966430664,91.13999938964844,91.16000366210938,0.0,1771000,0.0019348456371471937,123064249.33348761
2011-07-11,39.1994514465332,0.0,90.58000183105467,0.0,91.12999725341795,90.5500030517578,91.01000213623048,0.0,1967100,0.0020317689389478056,123817196.28301953
2011-07-12,39.09128952026367,0.0,90.33000183105467,0.0,90.66000366210938,90.31999969482422,90.5199966430664,0.0,1407200,0.0019130538374356495,124453619.86487253
2011-07-13,39.39422607421875,0.0,91.02999877929688,0.0,91.06999969482422,90.54000091552734,90.5999984741211,0.0,1056800,0.001987098428561893,124860687.08914499
2011-07-14,39.37259292602539,0.0,90.9800033569336,0.0,91.5,90.80999755859376,90.87000274658205,0.0,823300,0.001987098428561893,125013782.5392829
2011-07-15,39.35958862304688,0.0,90.9499969482422,0.0,91.16999816894533,90.88999938964844,91.16999816894533,0.0,688800,0.002059655165658144,124378886.0339634
2011-07-18,39.29037857055664,0.0,90.79000091552734,0.0,91.0,90.51000213623048,90.75,0.0,2103500,0.0018137414082800643,125232939.73530361
2011-07-19,39.46779251098633,0.0,91.1999969482422,0.0,91.2300033569336,90.70999908447266,90.77999877929688,0.0,894100,0.0018137414082800643,125019667.82325865
2011-07-20,39.50240707397461,0.0,91.27999877929688,0.0,91.41000366210938,91.1999969482422,91.41000366210938,0.0,878500,0.0018137414082800643,124880407.1506803
2011-07-21,39.69282531738281,0.0,91.72000122070312,0.0,91.7699966430664,91.3499984741211,91.4499969482422,0.0,936300,0.0015761239735679095,125009420.6237793
2011-07-22,39.744773864746094,0.0,91.83999633789062,0.0,91.86000061035156,91.54000091552734,91.5999984741211,0.0,670000,0.0014404148444515288,125004465.14831422
2011-07-25,39.5327033996582,0.0,91.3499984741211,0.0,91.73999786376952,91.33999633789062,91.5500030517578,0.0,1050600,0.0013552995132960807,125260386.27388969
2011-07-26,39.61492156982422,0.0,91.54000091552734,0.0,91.63999938964844,91.33000183105467,91.44000244140624,0.0,570200,0.001429444956114434,125176020.538651
2011-07-27,39.303348541259766,0.0,90.81999969482422,0.0,91.58000183105467,90.81999969482422,91.5199966430664,0.0,1158100,0.0013951785821441868,125293390.2247111
2011-07-28,39.36392593383789,0.0,90.95999908447266,0.0,91.18000030517578,90.83000183105467,90.91999816894533,0.0,689700,0.0014971590375070646,125296080.84262061
2011-07-29,39.40287399291992,0.0,91.0500030517578,0.0,91.08000183105467,90.41000366210938,90.4800033569336,0.0,1199100,0.0014971590375070646,124702585.42844984
2011-08-01,39.49038314819336,0.0,90.6999969482422,0.551,91.01000213623048,90.25,90.79000091552734,0.0,907000,0.0015459525458547969,124493623.54492915
2011-08-02,39.00276184082031,0.0,89.58000183105469,0.0,90.5,89.56999969482422,90.48999786376952,0.0,1286700,0.0013653411037067697,124723421.03510055
2011-08-03,38.98096084594727,0.0,89.52999877929688,0.0,89.95999908447266,88.80999755859375,89.61000061035156,0.0,2361600,0.0011537988279037288,126001904.81641255
2011-08-04,37.8576774597168,0.0,86.94999694824219,0.0,89.3499984741211,86.91000366210938,89.0,0.0,3396500,0.0011537988279037288,127444997.57133363
2011-08-05,37.8184928894043,0.0,86.86000061035156,0.0,88.12999725341797,84.61000061035156,87.44000244140625,0.0,4671900,0.0009607922761365496,129449750.11316936
2011-08-08,36.207515716552734,0.0,83.16000366210938,0.0,85.86000061035156,82.33000183105469,83.87000274658203,0.0,6491600,0.0011242570520980512,132082891.80922735
2011-08-09,37.313419342041016,0.0,85.69999694824219,0.0,85.69999694824219,83.05000305175781,84.25,0.0,5124100,0.0023855550849694205,133643098.31691924
2011-08-10,36.682071685791016,0.0,84.25,0.0,85.29000091552734,83.88999938964844,85.1500015258789,0.0,3395000,0.002755490792207813,135231907.59808373
2011-08-11,37.34823989868164,0.0,85.77999877929688,0.0,85.91000366210938,83.66000366210938,83.66000366210938,0.0,2916900,0.003327401582976634,136634055.06999305
2011-08-12,37.174095153808594,0.0,85.37999725341797,0.0,86.20999908447266,85.02999877929688,85.9800033569336,0.0,2273600,0.0032548448458803838,137746538.39178538
2011-08-15,37.779293060302734,0.0,86.7699966430664,0.0,86.88999938964844,85.68000030517578,85.97000122070312,0.0,3280700,0.003437962596163974,139523785.45688447
2011-08-16,37.53982162475586,0.0,86.22000122070312,0.0,86.77999877929688,86.12000274658203,86.52999877929688,0.0,2712000,0.0036725573852547182,140571157.70587012
2011-08-17,37.95346832275391,0.0,87.16999816894531,0.0,87.18000030517578,86.5999984741211,86.62999725341797,0.0,1668900,0.003949649094436685,140720935.15951368
2011-08-18,37.4919319152832,0.0,86.11000061035156,0.0,86.2300033569336,85.11000061035156,86.18000030517578,0.0,2342700,0.0041314929974742105,141840519.23271665
2011-08-19,37.16539764404297,0.0,85.36000061035156,0.0,86.58000183105469,85.08999633789062,85.2699966430664,0.0,1879400,0.004635592118716813,142475794.443954
2011-08-22,37.208927154541016,0.0,85.45999908447266,0.0,86.36000061035156,85.3499984741211,86.0,0.0,1681100,0.004950042851265192,142666856.71739125
2011-08-23,37.487579345703125,0.0,86.0999984741211,0.0,86.23999786376953,84.69999694824219,85.27999877929688,0.0,2588800,0.0050779225143162835,143662544.8956081
2011-08-24,37.317752838134766,0.0,85.70999908447266,0.0,86.05999755859375,85.19000244140625,85.5,0.0,2550900,0.005398694127815531,144773432.0926969
2011-08-25,37.01734161376953,0.0,85.0199966430664,0.0,86.45999908447266,85.0,86.22000122070312,0.0,1678800,0.005634783408856219,144512619.84363133
2011-08-26,37.39178085327149,0.0,85.87999725341797,0.0,86.05000305175781,84.30000305175781,85.05000305175781,0.0,1629000,0.005802237526016891,142654042.5858997
2011-08-29,37.770599365234375,0.0,86.75,0.0,86.8499984741211,86.18000030517578,86.47000122070312,0.0,2082100,0.00550545049090603,142855004.80070567
2011-08-30,37.84022521972656,0.0,86.91000366210938,0.0,86.95999908447266,86.48999786376953,86.61000061035156,0.0,1774500,0.00555882487147403,143152076.2032645
2011-08-31,38.327884674072266,0.0,88.02999877929688,0.0,88.37999725341797,87.56999969482422,87.79000091552734,0.0,3213700,0.00555882487147403,144215469.02972025
2011-09-01,38.30290603637695,0.0,87.41000366210938,0.563,87.61000061035156,87.2300033569336,87.48999786376953,0.0,1624000,0.005675389862176448,144570163.04517475
2011-09-02,38.12325286865234,0.0,87.0,0.0,87.55999755859375,86.56999969482422,86.56999969482422,0.0,1814600,0.00570334740083682,145029392.1534947
2011-09-06,37.671913146972656,0.0,85.97000122070312,0.0,86.30000305175781,85.5199966430664,85.76000213623047,0.0,3004100,0.005442959323074706,146370280.74314177
2011-09-07,37.85594940185547,0.0,86.38999938964844,0.0,86.76000213623047,86.11000061035156,86.58999633789062,0.0,916900,0.004181661290203337,146095454.8229944
2011-09-08,37.97428131103516,0.0,86.66000366210938,0.0,86.8499984741211,86.38999938964844,86.55999755859375,0.0,1533100,0.0037703654695241244,146354854.6243153
2011-09-09,37.63246536254883,0.0,85.87999725341797,0.0,86.80000305175781,85.62999725341797,86.55000305175781,0.0,1978400,0.0032499063731708687,146962650.3088694
2011-09-12,37.30818557739258,0.0,85.13999938964844,0.0,85.45999908447266,84.80999755859375,85.30999755859375,0.0,2110000,0.0032499063731708687,147203985.6162056
2011-09-13,37.593040466308594,0.0,85.79000091552734,0.0,86.0,85.13999938964844,85.33999633789062,0.0,2331900,0.0030667886228872786,147645757.73515853
2011-09-14,37.842803955078125,0.0,86.36000061035156,0.0,86.55999755859375,85.66000366210938,86.06999969482422,0.0,1648300,0.0028321938337965346,146721316.7075808
2011-09-15,38.09696960449219,0.0,86.94000244140625,0.0,86.95999908447266,86.37000274658203,86.55999755859375,0.0,1534000,0.0025551021246145674,146602763.64206585
2011-09-16,38.07503890991211,0.0,86.88999938964844,0.0,87.1500015258789,86.5999984741211,87.1500015258789,0.0,1217200,0.0024102301077021577,146501113.12508357
2011-09-19,38.018062591552734,0.0,86.76000213623047,0.0,86.93000030517578,86.37999725341797,86.73999786376953,0.0,1251000,0.0018933209517593952,146675339.73372322
2011-09-20,38.07941818237305,0.0,86.9000015258789,0.0,87.08000183105469,86.56999969482422,86.91999816894531,0.0,1509100,0.0015271121040667849,146051243.8941229
2011-09-21,37.75077819824219,0.0,86.1500015258789,0.0,87.08000183105469,86.13999938964844,86.9000015258789,0.0,2524900,0.0014519957019191666,147232316.48637682
2011-09-22,37.238094329833984,0.0,84.9800033569336,0.0,85.5199966430664,84.77999877929688,85.16999816894531,0.0,2295700,0.0011303006021373002,148108387.40490505
2011-09-23,37.3388671875,0.0,85.20999908447266,0.0,85.62000274658203,84.69999694824219,84.7300033569336,0.0,2251300,0.0011618036890871793,149282290.2263399
2011-09-26,37.47909164428711,0.0,85.52999877929688,0.0,86.37999725341797,85.01000213623047,85.38999938964844,0.0,2451400,0.0009943495719265077,150331275.61733305
2011-09-27,37.52292251586914,0.0,85.62999725341797,0.0,86.04000091552734,85.5,86.04000091552734,0.0,3481300,0.001138603589218943,151960249.40830413
2011-09-28,37.10224151611328,0.0,84.66999816894531,0.0,85.5999984741211,84.51000213623047,85.58000183105469,0.0,2696800,0.0010852292086509434,152407787.17869955
2011-09-29,37.03212738037109,0.0,84.51000213623047,0.0,85.27999877929688,84.36000061035156,85.0,0.0,1643100,0.0013504832125270463,152835391.53866842
2011-09-30,36.29595565795898,0.0,82.83000183105469,0.0,83.9800033569336,82.7300033569336,83.9800033569336,0.0,2510700,0.0012339182218246275,153527872.6117755
2011-10-03,35.858421325683594,0.0,81.30000305175781,0.538,82.45999908447266,81.30000305175781,81.91999816894531,0.0,2560600,0.0012059606831642557,152808192.10170564
2011-10-04,35.7481575012207,0.0,81.05000305175781,0.0,81.18000030517578,77.9000015258789,80.61000061035156,0.0,4870500,0.0012059606831642557,154966896.45664275
2011-10-05,36.184791564941406,0.0,82.04000091552734,0.0,82.11000061035156,80.7300033569336,81.43000030517578,0.0,2563800,0.0012059606831642557,156026711.30035642
2011-10-06,36.744964599609375,0.0,83.30999755859375,0.0,83.31999969482422,81.9000015258789,82.29000091552734,0.0,2317200,0.0011275817114747562,156713971.83015612
2011-10-07,36.77586364746094,0.0,83.37999725341797,0.0,83.80000305175781,82.66999816894531,83.77999877929688,0.0,2686900,0.00107613001705919,157638256.34640285
2011-10-10,37.56536865234375,0.0,85.16999816894531,0.0,85.18000030517578,83.87000274658203,84.37999725341797,0.0,2014300,0.00107613001705919,158236652.2095635
2011-10-11,37.1507453918457,0.0,84.2300033569336,0.0,85.02999877929688,84.18000030517578,85.02999877929688,0.0,2278800,0.0014337276841035504,159076201.13984364
2011-10-12,38.01521301269531,0.0,86.19000244140625,0.0,86.27999877929688,84.41999816894531,84.7699966430664,0.0,4223000,0.0016275897134559881,161140436.50048876
2011-10-13,37.85641479492188,0.0,85.83000183105469,0.0,86.0199966430664,85.11000061035156,85.83999633789062,0.0,3361300,0.0019230055579324296,162310046.17728582
2011-10-14,38.12110137939453,0.0,86.43000030517578,0.0,86.45999908447266,86.0,86.30999755859375,0.0,2760400,0.0018860336718073138,163723721.59993005
2011-10-17,37.900535583496094,0.0,85.93000030517578,0.0,86.06999969482422,85.7300033569336,86.0199966430664,0.0,1904100,0.0020318621019063117,163761054.8650893
2011-10-18,38.10345077514648,0.0,86.38999938964844,0.0,86.58000183105469,85.43000030517578,85.91999816894531,0.0,2890000,0.002031452574446933,164998490.02361602
2011-10-19,37.97992706298828,0.0,86.11000061035156,0.0,87.22000122070312,86.05999755859375,86.55000305175781,0.0,3574500,0.0018518881664853371,166917182.71752614
2011-10-20,38.31513595581055,0.0,86.87000274658203,0.0,86.87999725341797,86.19999694824219,86.4000015258789,0.0,1759800,0.002110159348041673,167666950.24545458
2011-10-21,38.77824783325195,0.0,87.91999816894531,0.0,87.94000244140625,87.25,87.44999694824219,0.0,2405600,0.001740586524688228,168628510.18977696
2011-10-24,39.82799911499024,0.0,90.3000030517578,0.0,90.4800033569336,87.8499984741211,88.0,0.0,5630300,0.001740586524688228,172241050.67480785
2011-10-25,39.12228393554688,0.0,88.69999694824219,0.0,89.83000183105469,88.66000366210938,89.41000366210938,0.0,4506500,0.0019288055764577622,174870641.39619252
2011-10-26,39.28991317749024,0.0,89.08000183105469,0.0,89.5,88.44999694824219,89.5,0.0,2839500,0.0021892596877400305,176365276.1510758
2011-10-27,39.86768341064453,0.0,90.38999938964844,0.0,91.41999816894533,90.0,90.73999786376952,0.0,5132100,0.0019240056838639278,179458160.016844
2011-10-28,39.74860763549805,0.0,90.12000274658205,0.0,90.1999969482422,89.83999633789062,90.16000366210938,0.0,2820700,0.001984439875489417,180854397.2223857
2011-10-31,39.37809753417969,0.0,89.27999877929688,0.0,89.66999816894531,89.19999694824219,89.66000366210938,0.0,2972600,0.0020407794752855986,182244880.55072966
2011-11-01,38.67534255981445,0.0,87.16999816894531,0.526,88.12000274658203,86.75,87.52999877929688,0.0,3132800,0.0020407794752855986,183710041.67051163
2011-11-02,39.043575286865234,0.0,88.0,0.0,88.18000030517578,87.45999908447266,87.62999725341797,0.0,1812500,0.0022855706379863046,184028359.16861278
2011-11-03,39.4295654296875,0.0,88.87000274658203,0.0,88.98999786376953,88.12000274658203,88.69000244140625,0.0,1409900,0.0022855706379863046,184312951.7101833
2011-11-04,39.38964080810547,0.0,88.77999877929688,0.0,88.86000061035156,88.06999969482422,88.37999725341797,0.0,3759500,0.002647388901013473,186506726.23575
2011-11-07,39.25654602050781,0.0,88.4800033569336,0.0,88.79000091552734,88.0199966430664,88.7300033569336,0.0,1756000,0.003006667737422306,187207867.66338652
2011-11-08,39.34528350830078,0.0,88.68000030517578,0.0,88.81999969482422,88.33000183105469,88.75,0.0,1823800,0.002802432411164739,188054570.34456164
2011-11-09,38.511173248291016,0.0,86.80000305175781,0.0,87.97000122070312,86.80000305175781,87.70999908447266,0.0,2151500,0.002608570381812301,188706580.82469758
2011-11-10,38.55110549926758,0.0,86.88999938964844,0.0,87.70999908447266,86.87000274658203,87.56999969482422,0.0,2487700,0.0026878324837552856,189651285.38577974
2011-11-11,39.06133270263672,0.0,88.04000091552734,0.0,88.11000061035156,87.33000183105469,87.4000015258789,0.0,1270200,0.0031114874526959476,190142604.8988524
2011-11-14,38.7995719909668,0.0,87.44999694824219,0.0,87.87999725341797,87.0,87.87999725341797,0.0,1603100,0.0032656499005313403,190025772.58595663
2011-11-15,38.69750595092773,0.0,87.22000122070312,0.0,87.4000015258789,86.9000015258789,87.30999755859375,0.0,1450000,0.0033103633801794203,190431681.71714297
2011-11-16,38.32038497924805,0.0,86.37000274658203,0.0,87.12000274658203,86.3499984741211,86.97000122070312,0.0,1788500,0.0033103633801794203,191131469.419328
2011-11-17,38.13402557373047,0.0,85.94999694824219,0.0,86.7699966430664,85.52999877929688,86.51000213623047,0.0,2131700,0.003052092198623084,192189801.1812422
2011-11-18,38.107398986816406,0.0,85.88999938964844,0.0,86.30999755859375,85.79000091552734,86.27999877929688,0.0,2226100,0.003199005364929538,192826607.9231444
2011-11-21,37.67707061767578,0.0,84.91999816894531,0.0,85.91999816894531,84.81999969482422,85.79000091552734,0.0,3219000,0.003199005364929538,194406391.11022344
2011-11-22,37.38865280151367,0.0,84.2699966430664,0.0,85.13999938964844,84.19000244140625,84.9000015258789,0.0,4123400,0.002866532295867569,196136728.43922812
2011-11-23,36.71427917480469,0.0,82.75,0.0,84.19999694824219,82.62999725341797,84.01000213623047,0.0,4483000,0.0026060781845853006,198506441.73157707
2011-11-25,36.71427917480469,0.0,82.75,0.0,83.69000244140625,82.52999877929688,82.98999786376953,0.0,1476200,0.0030164439632377714,198579515.48657492
2011-11-28,37.53508377075195,0.0,84.5999984741211,0.0,84.91999816894531,84.0199966430664,84.52999877929688,0.0,2455000,0.003402773085338216,198872672.5773221
2011-11-29,37.77907943725586,0.0,85.1500015258789,0.0,85.1500015258789,84.62000274658203,84.91999816894531,0.0,2010300,0.0033464334855420343,198715640.52719843
2011-11-30,38.42243957519531,0.0,86.5999984741211,0.0,86.68000030517578,86.06999969482422,86.30000305175781,0.0,2944100,0.0033464334855420343,199886827.6543572
2011-12-01,38.5916748046875,0.0,86.43000030517578,0.549,86.5199966430664,85.83999633789062,86.0,0.0,2442000,0.0033161920823482605,200738882.38355848
2011-12-02,38.8104362487793,0.0,86.91999816894531,0.0,87.0,86.43000030517578,86.69000244140625,0.0,2664700,0.0033161920823482605,201382620.8521404
2011-12-05,39.02921676635742,0.0,87.41000366210938,0.0,87.63999938964844,87.12000274658203,87.44000244140625,0.0,2719200,0.0029543738193210925,202553279.11089942
2011-12-06,39.20336532592773,0.0,87.80000305175781,0.0,87.86000061035156,87.12999725341797,87.37000274658203,0.0,2355600,0.002811183043153556,203019349.469418
2011-12-07,39.07833862304688,0.0,87.5199966430664,0.0,87.68000030517578,87.19000244140625,87.58000183105469,0.0,1740600,0.0028634063199693915,203168147.48806423
2011-12-08,38.82384490966797,0.0,86.94999694824219,0.0,87.5199966430664,86.94000244140625,87.38999938964844,0.0,1994200,0.002889986022837204,201791382.36539325
2011-12-09,39.15870666503906,0.0,87.69999694824219,0.0,87.75,87.0,87.0999984741211,0.0,1355900,0.002775802746696791,201306916.9528295
2011-12-12,38.94886779785156,0.0,87.2300033569336,0.0,87.37999725341797,87.05000305175781,87.37999725341797,0.0,1772000,0.002447672849848638,201640167.09457883
2011-12-13,38.8015022277832,0.0,86.9000015258789,0.0,87.70999908447266,86.87000274658203,87.51000213623047,0.0,1742400,0.002223371844869352,201904991.24575418
2011-12-14,38.734561920166016,0.0,86.75,0.0,86.9800033569336,86.47000122070312,86.93000030517578,0.0,1317700,0.00210943021493315,197825445.8698636
2011-12-15,38.87296295166016,0.0,87.05999755859375,0.0,87.3499984741211,86.93000030517578,87.33999633789062,0.0,1562200,0.00210943021493315,196446033.71515426
2011-12-16,39.0560188293457,0.0,87.47000122070312,0.0,87.51000213623047,87.0,87.25,0.0,1383900,0.0022212099789600684,196302146.41984
2011-12-19,39.006927490234375,0.0,87.36000061035156,0.0,87.94999694824219,87.3499984741211,87.54000091552734,0.0,2268000,0.0020742968126536143,196293397.54729497
2011-12-20,39.49357604980469,0.0,88.44999694824219,0.0,88.5199966430664,87.86000061035156,87.94000244140625,0.0,1957100,0.0023800420387935653,196483925.99237835
2011-12-21,39.60522079467773,0.0,88.69999694824219,0.0,88.69999694824219,88.0999984741211,88.20999908447266,0.0,1792300,0.002451025114851465,195605314.7221641
2011-12-22,39.75705337524414,0.0,89.04000091552734,0.0,89.16000366210938,88.45999908447266,88.62999725341797,0.0,1885800,0.002451025114851465,195932190.30944583
2011-12-23,39.94009780883789,0.0,89.44999694824219,0.0,89.51000213623047,88.87000274658203,88.98999786376953,0.0,1255200,0.0020406593361989946,196015676.9732642
2011-12-27,40.09955596923828,0.0,89.2699966430664,0.535,89.30000305175781,88.80000305175781,89.02999877929688,0.0,2282000,0.0018268493172124505,196579326.663317
2011-12-28,39.91091537475586,0.0,88.8499984741211,0.0,89.48999786376953,88.76000213623047,89.41000366210938,0.0,1899200,0.0020368553394336467,196656898.349435
2011-12-29,40.14899063110352,0.0,89.37999725341797,0.0,89.44000244140625,88.86000061035156,89.0999984741211,0.0,1558600,0.0023108551410562753,195940445.46735248
2011-12-30,40.17145156860352,0.0,89.43000030517578,0.0,89.6500015258789,89.26000213623047,89.37000274658203,0.0,1553400,0.002096305381549343,195776328.84890845
2012-01-03,40.30171203613281,0.0,89.72000122070312,0.0,89.98999786376953,89.44999694824219,89.81999969482422,0.0,3118800,0.002096305381549343,196363900.1162211
2012-01-04,40.23433303833008,0.0,89.56999969482422,0.0,89.70999908447266,89.11000061035156,89.69999694824219,0.0,3010000,0.002096305381549343,197075500.24060446
2012-01-05,40.05914306640625,0.0,89.18000030517578,0.0,89.58000183105469,88.98999786376953,89.54000091552734,0.0,2579700,0.0020443630693164627,196963303.45370582
2012-01-06,39.93338394165039,0.0,88.9000015258789,0.0,89.38999938964844,88.75,89.38999938964844,0.0,1916400,0.0018935011343645812,197029627.87417457
2012-01-09,39.987266540527344,0.0,89.0199966430664,0.0,89.2300033569336,88.91000366210938,88.91000366210938,0.0,2157800,0.0019693196270212697,197140004.280163
2012-01-10,40.12651824951172,0.0,89.33000183105469,0.0,89.4800033569336,89.19999694824219,89.4000015258789,0.0,2318000,0.0017564984812799959,197774564.32514495
2012-01-11,40.08609008789063,0.0,89.23999786376953,0.0,89.33000183105469,89.04000091552734,89.2699966430664,0.0,1191100,0.0016609734091874867,197854669.5532844
2012-01-12,40.032203674316406,0.0,89.12000274658203,0.0,89.44000244140625,89.04000091552734,89.23999786376953,0.0,1558100,0.0017017875700230378,198362241.2954724
2012-01-13,39.987266540527344,0.0,89.0199966430664,0.0,89.12999725341797,88.55000305175781,89.06999969482422,0.0,1929400,0.0017017875700230378,199228184.3401167
2012-01-17,40.06814956665039,0.0,89.19999694824219,0.0,89.37999725341797,89.05999755859375,89.37999725341797,0.0,4144200,0.0017017875700230378,200646326.0895381
2012-01-18,40.18041610717773,0.0,89.44999694824219,0.0,89.45999908447266,88.94999694824219,89.20999908447266,0.0,2725800,0.0017145690652499057,201934269.61660233
2012-01-19,40.23883438110352,0.0,89.58000183105469,0.0,89.8499984741211,89.45999908447266,89.72000122070312,0.0,2953000,0.001714569065249906,203397287.6045348
2012-01-20,40.23883438110352,0.0,89.58000183105469,0.0,89.73999786376953,89.54000091552734,89.61000061035156,0.0,2037500,0.0014738626666821253,204164286.14888266
2012-01-23,40.3780517578125,0.0,89.88999938964844,0.0,90.0199966430664,89.66000366210938,89.7699966430664,0.0,1680100,0.0014188350687489018,204874535.2792649
2012-01-24,40.48139190673828,0.0,90.12000274658205,0.0,90.16999816894533,89.72000122070312,89.88999938964844,0.0,2863800,0.0015079100452577222,206161149.21155658
2012-01-25,40.83623504638672,0.0,90.91000366210938,0.0,91.0,89.91999816894531,90.3000030517578,0.0,3882800,0.0015079100452577222,208548365.51074073
2012-01-26,40.935089111328125,0.0,91.12999725341795,0.0,91.4800033569336,90.91999816894533,91.3000030517578,0.0,6487500,0.0012749567505183318,212405724.3641929
2012-01-27,40.78682327270508,0.0,90.8000030517578,0.0,91.18000030517578,90.8000030517578,91.01000213623048,0.0,2431100,0.0010649507282971358,213659762.26935613
2012-01-30,40.65657424926758,0.0,90.51000213623048,0.0,90.7300033569336,90.3499984741211,90.45999908447266,0.0,2553000,0.0007909509266745072,214627174.78359768
2012-01-31,40.75988006591797,0.0,90.73999786376952,0.0,90.87000274658205,90.52999877929688,90.75,0.0,2864400,0.0008041249489311901,216037101.39192247
2012-02-01,40.83532333374024,0.0,90.4000015258789,0.507,90.72000122070312,90.27999877929688,90.27999877929688,0.0,4284200,0.0008041249489311901,218196062.4885983
2012-02-02,40.86241912841797,0.0,90.45999908447266,0.0,90.62000274658205,90.41000366210938,90.58999633789062,0.0,2079600,0.0008675336532103237,218011035.25827196
2012-02-03,40.97989654541016,0.0,90.72000122070312,0.0,91.23999786376952,90.58000183105467,91.22000122070312,0.0,2312900,0.0007033879052019071,217332468.7994518
2012-02-06,40.9889030456543,0.0,90.73999786376952,0.0,90.76000213623048,90.5,90.63999938964844,0.0,2270500,0.0006486642225511594,215746944.42086598
2012-02-07,41.0702018737793,0.0,90.91999816894533,0.0,90.98999786376952,90.66999816894533,90.79000091552734,0.0,2467000,0.0005462660270266588,213242644.06935677
2012-02-08,41.10635757446289,0.0,91.0,0.0,91.08999633789062,90.80999755859376,91.04000091552734,0.0,3336000,0.0005054954147551414,212166776.177591
2012-02-09,41.12440872192383,0.0,91.04000091552734,0.0,91.08999633789062,90.66999816894533,91.05999755859376,0.0,3258700,0.0006179407934990427,212251246.8203166
2012-02-10,40.76758575439453,0.0,90.25,0.0,90.62000274658205,90.25,90.58000183105467,0.0,2909600,0.000676252046881904,212349498.57873464
2012-02-13,40.885013580322266,0.0,90.51000213623048,0.0,90.72000122070312,90.33000183105467,90.5,0.0,2193100,0.0008732667874339964,212384240.8321441
2012-02-14,40.885013580322266,0.0,90.51000213623048,0.0,90.6500015258789,90.38999938964844,90.45999908447266,0.0,3000100,0.0009782505932359777,212280056.14501712
2012-02-15,40.75404357910156,0.0,90.22000122070312,0.0,90.7699966430664,90.1999969482422,90.52999877929688,0.0,1986600,0.0009290056667461289,211846741.94751316
2012-02-16,40.92567443847656,0.0,90.5999984741211,0.0,90.62000274658205,89.98999786376953,90.22000122070312,0.0,2514100,0.001021876904490617,212499912.1556055
2012-02-17,40.91212844848633,0.0,90.56999969482422,0.0,90.86000061035156,90.4499969482422,90.83999633789062,0.0,2402700,0.000956838076918446,212625964.85272363
2012-02-21,41.065704345703125,0.0,90.91000366210938,0.0,91.08999633789062,90.6500015258789,90.68000030517578,0.0,2265100,0.0009960081571892968,212987033.6158026
2012-02-22,41.19670104980469,0.0,91.1999969482422,0.0,91.25,90.97000122070312,91.02999877929688,0.0,3570600,0.0009069331806804764,214431255.08121914
2012-02-23,41.34575653076172,0.0,91.52999877929688,0.0,91.73999786376952,91.1999969482422,91.26000213623048,0.0,3212300,0.0009069331806804764,214995748.24811542
2012-02-24,41.47223663330078,0.0,91.80999755859376,0.0,91.8499984741211,91.4800033569336,91.5500030517578,0.0,1795500,0.0009129251198280654,214568821.3747176
2012-02-27,41.48128128051758,0.0,91.83000183105467,0.0,91.9499969482422,91.58999633789062,91.58999633789062,0.0,1608100,0.0009737755178011122,214608029.75233775
2012-02-28,41.56259536743164,0.0,92.01000213623048,0.0,92.12000274658205,91.8499984741211,91.9000015258789,0.0,2813200,0.0009737755178011122,215552029.9307808
2012-02-29,41.6168098449707,0.0,92.12999725341795,0.0,92.26000213623048,91.7699966430664,92.0999984741211,0.0,3085800,0.0010517859621313956,216374828.10954744
2012-03-01,41.68815231323242,0.0,91.75,0.537,91.83999633789062,91.5,91.6500015258789,0.0,3802800,0.0011915234802599805,217919947.93892512
2012-03-02,41.51545333862305,0.0,91.37000274658205,0.0,91.7300033569336,91.33999633789062,91.7300033569336,0.0,1709000,0.00117736161673289,216913990.2215988
2012-03-05,41.28375244140625,0.0,90.86000061035156,0.0,91.4800033569336,90.8499984741211,91.4499969482422,0.0,2333700,0.00117736161673289,217470229.40792507
2012-03-06,40.73394393920898,0.0,89.6500015258789,0.0,90.73999786376952,89.6500015258789,90.54000091552734,0.0,5792700,0.00117736161673289,220338843.40664697
2012-03-07,40.84757232666016,0.0,89.9000015258789,0.0,90.01000213623047,89.63999938964844,89.93000030517578,0.0,5840700,0.0012463047161103157,222456434.34510005
2012-03-08,41.16560745239258,0.0,90.5999984741211,0.0,90.62000274658205,90.04000091552734,90.25,0.0,2249700,0.0012394018038440942,223445417.09213862
2012-03-09,41.211036682128906,0.0,90.6999969482422,0.0,90.94000244140624,90.62999725341795,90.69000244140624,0.0,2531300,0.0011269564251001928,224213119.0815093
2012-03-12,41.211036682128906,0.0,90.6999969482422,0.0,90.72000122070312,90.5,90.62000274658205,0.0,2153000,0.0009412659372236816,224414485.00899664
2012-03-13,41.510929107666016,0.0,91.36000061035156,0.0,91.36000061035156,90.76000213623048,90.9800033569336,0.0,2890700,0.0007442511966715893,225084714.8109981
2012-03-14,41.40642166137695,0.0,91.12999725341795,0.0,91.3499984741211,90.66999816894533,91.30999755859376,0.0,2928800,0.000939899891716192,225615253.16671947
2012-03-15,41.26558303833008,0.0,90.81999969482422,0.0,91.1999969482422,90.73999786376952,91.1999969482422,0.0,1726800,0.0010517144999494551,225730180.04344153
2012-03-16,41.11562728881836,0.0,90.48999786376952,0.0,91.0,90.3000030517578,90.91000366210938,0.0,3570300,0.0009588432622049672,227235818.73890105
2012-03-19,41.270111083984375,0.0,90.83000183105467,0.0,90.86000061035156,90.33000183105467,90.48999786376952,0.0,2283900,0.0011961407868454363,228042835.67481267
2012-03-20,41.238311767578125,0.0,90.76000213623048,0.0,90.91999816894533,90.61000061035156,90.76000213623048,0.0,2756600,0.0011728685810584781,229167059.9543072
2012-03-21,41.10655212402344,0.0,90.47000122070312,0.0,90.93000030517578,90.4499969482422,90.93000030517578,0.0,3280100,0.0012943391878691246,230481423.9122542
2012-03-22,41.206520080566406,0.0,90.69000244140624,0.0,90.77999877929688,90.43000030517578,90.4499969482422,0.0,3500900,0.0014197136572470918,231274888.12411475
2012-03-23,41.12018585205078,0.0,90.5,0.0,90.75,90.4000015258789,90.66000366210938,0.0,3465200,0.001566925706986923,232215459.6026345
2012-03-26,41.37007141113281,0.0,91.0500030517578,0.0,91.05999755859376,90.56999969482422,90.62000274658205,0.0,2081200,0.0015223302357165176,232196888.1376539
2012-03-27,41.44277572631836,0.0,91.20999908447266,0.0,91.30999755859376,90.94000244140624,91.01000213623048,0.0,4196700,0.0015223302357165176,233570798.96424308
2012-03-28,41.30647659301758,0.0,90.91000366210938,0.0,91.25,90.7699966430664,91.25,0.0,2803700,0.0015186104638321462,233227788.39145842
2012-03-29,41.30194091796875,0.0,90.9000015258789,0.0,90.9499969482422,90.5999984741211,90.81999969482422,0.0,2158600,0.0013788729457035612,232972857.3774247
2012-03-30,41.22015380859375,0.0,90.72000122070312,0.0,91.06999969482422,90.58999633789062,90.97000122070312,0.0,4020300,0.0014813646601172503,234765422.74565923
2012-04-02,41.290977478027344,0.0,90.33000183105467,0.545,90.47000122070312,90.1999969482422,90.36000061035156,0.0,5883800,0.0014813646601172503,237333060.67563012
2012-04-03,41.254425048828125,0.0,90.25,0.0,90.5199966430664,90.23999786376952,90.30999755859376,0.0,4099700,0.0015735175930709927,238617355.41519892
2012-04-04,41.10358428955078,0.0,89.91999816894531,0.0,90.0999984741211,89.79000091552734,89.97000122070312,0.0,2297600,0.0015045744936935672,237124070.87495592
2012-04-05,41.00298309326172,0.0,89.69999694824219,0.0,89.9000015258789,89.58999633789062,89.87000274658203,0.0,3658900,0.0015045744936935672,238059540.43437412
2012-04-09,40.792724609375,0.0,89.23999786376953,0.0,89.56999969482422,89.13999938964844,89.52999877929688,0.0,2692500,0.0015045744936935672,238434403.67171878
2012-04-10,40.59159851074219,0.0,88.80000305175781,0.0,89.43000030517578,88.72000122070312,89.2699966430664,0.0,4471100,0.0015045744936935672,239807419.37826246
2012-04-11,40.83843994140625,0.0,89.33999633789062,0.0,89.38999938964844,89.06999969482422,89.23999786376953,0.0,2003700,0.0015980138509971355,239866567.18263173
2012-04-12,41.20414352416992,0.0,90.13999938964844,0.0,90.20999908447266,89.33999633789062,89.41999816894531,0.0,2753500,0.0012973813501505511,240313052.5530255
2012-04-13,41.07155227661133,0.0,89.8499984741211,0.0,90.1999969482422,89.79000091552734,90.11000061035156,0.0,2767400,0.0012330654064522696,239397739.10435268
2012-04-16,41.13554763793945,0.0,89.98999786376953,0.0,90.16999816894533,89.70999908447266,90.04000091552734,0.0,3804300,0.0014023230572824264,239825108.65767342
2012-04-17,41.3138313293457,0.0,90.37999725341795,0.0,90.48999786376952,90.1500015258789,90.26000213623048,0.0,2787400,0.0011650255326419573,239931012.08229065
2012-04-18,41.30011749267578,0.0,90.3499984741211,0.0,90.45999908447266,90.19000244140624,90.23999786376952,0.0,3322600,0.0012590086058414302,241014961.21998137
2012-04-19,41.22240829467773,0.0,90.18000030517578,0.0,90.48999786376952,90.08000183105467,90.31999969482422,0.0,2597800,0.0012456348254408051,240892758.89106628
2012-04-20,41.286399841308594,0.0,90.31999969482422,0.0,90.45999908447266,90.11000061035156,90.45999908447266,0.0,2241500,0.0012928307348078114,240056664.30483016
2012-04-23,41.19958114624024,0.0,90.12999725341795,0.0,90.16000366210938,89.8499984741211,90.0199966430664,0.0,2850700,0.0011631156371259372,240882535.3551229
2012-04-24,41.29557037353516,0.0,90.33999633789062,0.0,90.33999633789062,90.0999984741211,90.2300033569336,0.0,2049300,0.001146860710423296,240673276.67972624
2012-04-25,41.597259521484375,0.0,91.0,0.0,91.0,90.45999908447266,90.56999969482422,0.0,3351000,0.001146860710423296,239058394.87669203
2012-04-26,41.62468719482422,0.0,91.05999755859376,0.0,91.13999938964844,90.95999908447266,91.0,0.0,2641100,0.001059396015720701,237794680.77593607
2012-04-27,41.60636138916016,0.0,91.0199966430664,0.0,91.1500015258789,90.9000015258789,91.13999938964844,0.0,2413000,0.0011363507915313838,237530304.4799078
2012-04-30,41.68867111206055,0.0,91.1999969482422,0.0,91.22000122070312,90.8000030517578,91.02999877929688,0.0,3989000,0.00107580260697408,236735909.81291515
2012-05-01,41.72038269042969,0.0,90.76000213623048,0.509,91.16999816894533,90.7300033569336,90.8499984741211,0.0,3624600,0.0012724677239394136,237329300.38430956
2012-05-02,41.88128662109375,0.0,91.11000061035156,0.0,91.18000030517578,90.5999984741211,90.66000366210938,0.0,2040700,0.0013766499480109603,236698621.44680327
2012-05-03,41.85368728637695,0.0,91.0500030517578,0.0,91.25,90.9499969482422,91.1999969482422,0.0,1871900,0.0013805366160140602,235883941.52973115
2012-05-04,41.77093124389648,0.0,90.87000274658205,0.0,91.08000183105467,90.8000030517578,90.94000244140624,0.0,2381400,0.0013805366160140602,236335511.56576854
2012-05-07,41.83988571166992,0.0,91.0199966430664,0.0,91.23999786376952,90.61000061035156,90.83999633789062,0.0,1906100,0.0014593963518110867,236718014.73028395
2012-05-08,41.83073425292969,0.0,91.0,0.0,91.06999969482422,90.72000122070312,90.88999938964844,0.0,1688900,0.0015798742632621016,235288820.2428969
2012-05-09,41.683624267578125,0.0,90.68000030517578,0.0,90.86000061035156,90.44000244140624,90.7699966430664,0.0,3146800,0.0015617503939253743,236320414.9973854
2012-05-10,41.63763046264648,0.0,90.58000183105467,0.0,91.02999877929688,90.5199966430664,90.9800033569336,0.0,3354000,0.0016558897725908884,237447960.5655186
2012-05-11,41.74339294433594,0.0,90.80999755859376,0.0,91.1500015258789,90.4800033569336,90.54000091552734,0.0,2765200,0.0017619074558868273,237958735.1582421
2012-05-14,41.43539810180664,0.0,90.13999938964844,0.0,90.56999969482422,90.0,90.5,0.0,4544000,0.0015926498050566704,239493972.50542414
2012-05-15,41.23310470581055,0.0,89.69999694824219,0.0,90.18000030517578,89.69999694824219,90.0999984741211,0.0,5242100,0.0015926498050566704,242338321.2739914
2012-05-16,40.82861709594727,0.0,88.81999969482422,0.0,90.05000305175781,88.79000091552734,89.80999755859375,0.0,6224400,0.001466813379248629,245613401.55964807
2012-05-17,40.26320266723633,0.0,87.58999633789062,0.0,88.83000183105469,87.37000274658203,88.81999969482422,0.0,8867800,0.0013587165528386076,250774207.65294272
2012-05-18,40.26320266723633,0.0,87.58999633789062,0.0,88.29000091552734,87.4800033569336,88.01000213623047,0.0,6525600,0.0014747006279258092,254084561.06715128
2012-05-21,40.6815185546875,0.0,88.5,0.0,88.55999755859375,87.68000030517578,87.69000244140625,0.0,4276900,0.0017341352377440358,255634450.28544834
2012-05-22,40.67691040039063,0.0,88.48999786376953,0.0,89.11000061035156,88.37999725341797,88.76000213623047,0.0,3675300,0.0017341352377440358,256698161.09106275
2012-05-23,40.63555145263672,0.0,88.4000015258789,0.0,88.68000030517578,87.94999694824219,88.29000091552734,0.0,4320900,0.0017341352377440358,257560145.95207337
2012-05-24,40.64474105834961,0.0,88.41999816894531,0.0,88.6500015258789,88.25,88.25,0.0,2183000,0.0018737053159039666,256334288.427032
2012-05-25,40.51603698730469,0.0,88.13999938964844,0.0,88.63999938964844,88.08999633789062,88.56999969482422,0.0,1651500,0.0019605083746103164,254545359.53014314
2012-05-29,40.961910247802734,0.0,89.11000061035156,0.0,89.25,88.44999694824219,88.52999877929688,0.0,4380300,0.0020345539356064766,256673716.55929807
2012-05-30,40.77806091308594,0.0,88.70999908447266,0.0,88.80999755859375,88.52999877929688,88.7300033569336,0.0,2543300,0.0019023665422713948,256815963.7372153
2012-05-31,40.345985412597656,0.0,87.7699966430664,0.0,88.80000305175781,87.75,88.80000305175781,0.0,10706100,0.0017421808423831171,262915148.76096815
2012-06-01,39.9953498840332,0.0,86.47000122070312,0.542,87.16000366210938,86.36000061035156,86.58000183105469,0.0,5945600,0.0017382941743800174,264971950.2193027
2012-06-04,40.027713775634766,0.0,86.54000091552734,0.0,86.8499984741211,86.43000030517578,86.54000091552734,0.0,3125700,0.0018827373403909552,265443664.66467115
2012-06-05,40.28212738037109,0.0,87.08999633789062,0.0,87.37999725341797,86.44999694824219,86.54000091552734,0.0,2970100,0.001902322052651967,265658349.41865832
2012-06-06,40.71227264404297,0.0,88.0199966430664,0.0,88.04000091552734,87.30999755859375,87.48999786376953,0.0,2334800,0.001781844141200952,265402982.8012315
2012-06-07,40.86491012573242,0.0,88.3499984741211,0.0,88.73999786376953,88.04000091552734,88.5,0.0,5454300,0.0017065286532341115,267586043.9876496
2012-06-08,41.02216339111328,0.0,88.69000244140625,0.0,88.9000015258789,88.19000244140625,88.33000183105469,0.0,3738100,0.0017993939679067784,269008224.8762948
2012-06-11,40.75394058227539,0.0,88.11000061035156,0.0,88.98999786376953,88.0999984741211,88.9000015258789,0.0,5266700,0.001909343422396706,271314996.75169444
2012-06-12,41.0406608581543,0.0,88.7300033569336,0.0,88.81999969482422,88.26000213623047,88.41000366210938,0.0,3648400,0.0021302535563351476,272940473.88173664
2012-06-13,40.92041015625,0.0,88.47000122070312,0.0,88.91999816894531,88.26000213623047,88.5999984741211,0.0,3527200,0.0024106273552530586,274190313.74171424
2012-06-14,41.22571563720703,0.0,89.12999725341797,0.0,89.23999786376953,88.43000030517578,88.48999786376953,0.0,3874100,0.002499026669428859,275729075.326641
2012-06-15,41.29971694946289,0.0,89.29000091552734,0.0,89.37999725341797,89.0,89.0,0.0,2683200,0.002499026669428859,276723301.1635977
2012-06-18,41.3135986328125,0.0,89.31999969482422,0.0,89.33999633789062,89.0,89.08999633789062,0.0,3628200,0.002386349335826714,278215886.0422225
2012-06-19,41.60498428344727,0.0,89.94999694824219,0.0,90.11000061035156,89.33999633789062,89.69000244140625,0.0,2809100,0.002103425834802941,279260559.071889
2012-06-20,41.766849517822266,0.0,90.3000030517578,0.0,90.33999633789062,89.81999969482422,90.18000030517578,0.0,3719000,0.002103425834802941,280353362.4843113
2012-06-21,41.42457580566406,0.0,89.55999755859375,0.0,90.6999969482422,89.41999816894531,90.4000015258789,0.0,4843700,0.0022395337037287586,282422380.5092887
2012-06-22,41.70673370361328,0.0,90.16999816894533,0.0,90.27999877929688,89.8499984741211,89.87000274658203,0.0,3211700,0.002194766769063308,283459062.8790416
2012-06-25,41.64199066162109,0.0,90.02999877929688,0.0,90.05000305175781,89.66999816894531,89.80999755859375,0.0,3385600,0.0021434822014849606,284545522.64206296
2012-06-26,41.58184051513672,0.0,89.9000015258789,0.0,90.12000274658205,89.66000366210938,90.11000061035156,0.0,2357900,0.002161872418932253,285336773.25657433
2012-06-27,41.83161163330078,0.0,90.44000244140624,0.0,90.45999908447266,90.05999755859375,90.05999755859375,0.0,1918000,0.0020973946953020007,285096692.24342465
2012-06-28,41.82698440551758,0.0,90.43000030517578,0.0,90.48999786376952,90.08000183105467,90.19000244140624,0.0,3068700,0.0022522053891027793,285959855.9325869
2012-06-29,42.22478103637695,0.0,91.29000091552734,0.0,91.29000091552734,90.77999877929688,90.9800033569336,0.0,3394900,0.0022522053891027793,287313925.4594833
2012-07-02,42.27035140991211,0.0,90.87000274658205,0.518,90.87000274658205,90.4000015258789,90.8000030517578,0.0,3810700,0.00235104251471776,288959621.9435495
2012-07-03,42.423858642578125,0.0,91.1999969482422,0.0,91.26000213623048,90.83000183105467,90.9499969482422,0.0,1987500,0.0022525980666597218,288177409.67472017
2012-07-05,42.42852783203125,0.0,91.20999908447266,0.0,91.41000366210938,90.72000122070312,91.0,0.0,2221300,0.00241573097109611,287645656.2769814
2012-07-06,42.3726806640625,0.0,91.08999633789062,0.0,91.12999725341795,90.6999969482422,90.73999786376952,0.0,2612400,0.0025790296276720723,287708401.19480556
2012-07-09,42.38665390014648,0.0,91.12000274658205,0.0,91.23999786376952,90.88999938964844,90.98999786376952,0.0,1916600,0.002411140340646849,287742310.991154
2012-07-10,42.20058822631836,0.0,90.72000122070312,0.0,91.33999633789062,90.5999984741211,91.1999969482422,0.0,1832600,0.002176441981879847,287537280.2410005
2012-07-11,42.33549118041992,0.0,91.01000213623048,0.0,91.08000183105467,90.63999938964844,90.86000061035156,0.0,3188700,0.0021163600881948393,288197094.92010695
2012-07-12,42.242454528808594,0.0,90.80999755859376,0.0,90.95999908447266,90.45999908447266,90.93000030517578,0.0,1989100,0.00196357898007465,288787066.3858868
2012-07-13,42.3726806640625,0.0,91.08999633789062,0.0,91.12999725341795,90.76000213623048,90.91000366210938,0.0,2316400,0.0018751796658988498,289359629.8084077
2012-07-16,42.20987701416016,0.0,90.73999786376952,0.0,91.02999877929688,90.66000366210938,90.69000244140624,0.0,2178900,0.002025536728505179,289565647.2673144
2012-07-17,42.40991973876953,0.0,91.16999816894533,0.0,91.19000244140624,90.69000244140624,91.0,0.0,4036500,0.001971981374963652,289552512.9042671
2012-07-18,42.58666610717773,0.0,91.5500030517578,0.0,91.5500030517578,91.08999633789062,91.12999725341795,0.0,3958600,0.0019719813749636524,290493679.8915621
2012-07-19,42.693695068359375,0.0,91.77999877929688,0.0,91.88999938964844,91.4800033569336,91.51000213623048,0.0,4718200,0.0019719813749636524,291831034.2156365
2012-07-20,42.49363708496094,0.0,91.3499984741211,0.0,91.61000061035156,91.2300033569336,91.51000213623048,0.0,2733500,0.0019268073074947046,292364256.1767336
2012-07-23,42.423858642578125,0.0,91.1999969482422,0.0,91.29000091552734,90.58000183105467,90.83999633789062,0.0,4561700,0.0018320041640002237,294467453.3045451
2012-07-24,42.163368225097656,0.0,90.63999938964844,0.0,91.16000366210938,90.56999969482422,91.12000274658205,0.0,3447700,0.0020026390716976466,294899309.35240245
2012-07-25,42.07499694824219,0.0,90.4499969482422,0.0,90.93000030517578,90.44000244140624,90.88999938964844,0.0,2891000,0.0018815135482096643,294173163.15365744
2012-07-26,42.50761032104492,0.0,91.37999725341795,0.0,91.41999816894533,90.83000183105467,90.88999938964844,0.0,4330900,0.0021038209519201483,292621986.74828666
2012-07-27,42.7588005065918,0.0,91.91999816894533,0.0,91.94000244140624,91.37000274658205,91.37000274658205,0.0,5556800,0.0019128608009823585,294923868.9578586
2012-07-30,42.7588005065918,0.0,91.91999816894533,0.0,91.9499969482422,91.6500015258789,91.9000015258789,0.0,3889700,0.0019970725931801265,295927592.61995345
2012-07-31,42.656436920166016,0.0,91.6999969482422,0.0,91.98999786376952,91.54000091552734,91.9499969482422,0.0,3530800,0.0018731904181362915,296434407.69411117
2012-08-01,42.887977600097656,0.0,91.69000244140624,0.505,91.69000244140624,91.1500015258789,91.41000366210938,0.0,3598100,0.0018731904181362915,295978995.8786132
2012-08-02,42.71492385864258,0.0,91.31999969482422,0.0,91.58999633789062,91.1500015258789,91.45999908447266,0.0,4516600,0.0019165775548733843,297759434.73992723
2012-08-03,42.89264297485352,0.0,91.6999969482422,0.0,91.9000015258789,91.56999969482422,91.5999984741211,0.0,4602000,0.0018192184993095363,299443379.93939114
2012-08-06,42.86460113525391,0.0,91.63999938964844,0.0,91.98999786376952,91.63999938964844,91.6500015258789,0.0,2864400,0.0018804054738279375,299891542.2338516
2012-08-07,42.78040313720703,0.0,91.45999908447266,0.0,91.9000015258789,91.36000061035156,91.81999969482422,0.0,3680600,0.0017940188792327136,300783034.5921653
2012-08-08,42.80846786499024,0.0,91.5199966430664,0.0,91.70999908447266,91.4800033569336,91.58000183105467,0.0,3162100,0.0016950985507257908,300670489.9999831
2012-08-09,42.81315994262695,0.0,91.52999877929688,0.0,91.66000366210938,91.37999725341795,91.62000274658205,0.0,2975600,0.0016101401528395346,300477510.74112785
2012-08-10,42.77574920654297,0.0,91.4499969482422,0.0,91.58000183105467,91.30999755859376,91.41999816894533,0.0,1533600,0.001661571699320029,299506529.116682
2012-08-13,42.79911422729492,0.0,91.5,0.0,91.5,91.25,91.41000366210938,0.0,2007800,0.0015613633701683238,299389197.48426163
2012-08-14,42.86460113525391,0.0,91.63999938964844,0.0,91.79000091552734,91.47000122070312,91.5,0.0,2381000,0.001439041603479821,298965830.6678954
2012-08-15,42.65879440307617,0.0,91.1999969482422,0.0,91.7300033569336,91.1999969482422,91.7300033569336,0.0,2580400,0.0014773259262913225,299411080.0147223
2012-08-16,42.81782150268555,0.0,91.54000091552734,0.0,91.58000183105467,91.08000183105467,91.33999633789062,0.0,2914300,0.0015812056775781611,299720584.52666146
2012-08-17,42.81782150268555,0.0,91.54000091552734,0.0,91.6500015258789,91.38999938964844,91.48999786376952,0.0,2222000,0.0014902718761212917,299607801.54068965
2012-08-20,42.86927795410156,0.0,91.6500015258789,0.0,91.6999969482422,91.41000366210938,91.55999755859376,0.0,2333200,0.0015951126310387268,299670639.11422247
2012-08-21,42.96281433105469,0.0,91.8499984741211,0.0,91.86000061035156,91.6999969482422,91.7300033569336,0.0,2531200,0.0013120044564026187,298931369.3287804
2012-08-22,42.92074203491211,0.0,91.76000213623048,0.0,91.87000274658205,91.68000030517578,91.76000213623048,0.0,1889100,0.0013263049137184307,297973607.46335834
2012-08-23,42.91139602661133,0.0,91.73999786376952,0.0,91.8499984741211,91.61000061035156,91.7699966430664,0.0,1141700,0.0011646262439229539,297496581.3121251
2012-08-24,43.1031379699707,0.0,92.1500015258789,0.0,92.16000366210938,91.69000244140624,91.7699966430664,0.0,2082100,0.0011646262439229539,297847324.901272
2012-08-27,43.07042694091797,0.0,92.08000183105467,0.0,92.22000122070312,91.91999816894533,92.12000274658205,0.0,1883600,0.0011165342206718451,297169541.99206036
2012-08-28,43.03300857543945,0.0,92.0,0.0,92.1500015258789,91.9499969482422,92.06999969482422,0.0,1795700,0.001076562665940094,296224380.5196429
2012-08-29,43.09378433227539,0.0,92.12999725341795,0.0,92.16999816894533,92.0,92.12999725341795,0.0,1617600,0.0011322577088222756,294638051.81771535
2012-08-30,43.07506561279297,0.0,92.08999633789062,0.0,92.18000030517578,92.0,92.08000183105467,0.0,2022400,0.001014338396362642,294876873.03914267
2012-08-31,43.18737030029297,0.0,92.33000183105467,0.0,92.4000015258789,92.08999633789062,92.25,0.0,1801800,0.0009483987953505276,294514335.0540222
2012-09-04,43.18641662597656,0.0,91.81999969482422,0.508,91.87000274658205,91.55999755859376,91.87000274658205,0.0,3921500,0.0009445582280756473,293250498.2680245
2012-09-05,43.19111633300781,0.0,91.83000183105467,0.0,91.91999816894533,91.76000213623048,91.91000366210938,0.0,1541000,0.0009268610463530879,290206300.6006392
2012-09-06,43.445098876953125,0.0,92.37000274658205,0.0,92.37999725341795,91.86000061035156,91.86000061035156,0.0,3306000,0.0008649531346065764,291012272.12851995
2012-09-07,43.52034378051758,0.0,92.52999877929688,0.0,92.5999984741211,92.37000274658205,92.5,0.0,3403300,0.0008223188416951108,291689402.62511116
2012-09-10,43.44977188110352,0.0,92.37999725341795,0.0,92.70999908447266,92.31999969482422,92.4800033569336,0.0,2138600,0.0008528333450314974,291707551.5830206
2012-09-11,43.746124267578125,0.0,93.01000213623048,0.0,93.01000213623048,92.43000030517578,92.43000030517578,0.0,4400300,0.0008796497978059996,292859754.42933583
2012-09-12,43.8778190612793,0.0,93.29000091552734,0.0,93.30999755859376,93.08000183105467,93.12999725341795,0.0,1957400,0.0008796497978059996,292190741.0312108
2012-09-13,44.16001892089844,0.0,93.88999938964844,0.0,93.91000366210938,93.26000213623048,93.33000183105467,0.0,5946800,0.0008413654749944982,295377384.4669039
2012-09-14,44.155303955078125,0.0,93.87999725341795,0.0,94.04000091552734,93.70999908447266,93.9000015258789,0.0,3467200,0.0007374857237076595,295396624.84074545
2012-09-17,44.11767578125,0.0,93.8000030517578,0.0,93.9800033569336,93.6999969482422,93.77999877929688,0.0,3075500,0.0008568561615979131,296039761.88998145
2012-09-18,44.136478424072266,0.0,93.83999633789062,0.0,93.91999816894533,93.62000274658205,93.83000183105467,0.0,4099400,0.0008168166430142874,297107211.5653689
2012-09-19,44.08006286621094,0.0,93.72000122070312,0.0,93.94000244140624,93.72000122070312,93.94000244140624,0.0,3306500,0.0008837175959389782,297211453.8910215
2012-09-20,43.87310409545898,0.0,93.27999877929688,0.0,93.63999938964844,93.2699966430664,93.62999725341795,0.0,2122200,0.0008069165130592676,296262741.06453186
2012-09-21,43.81196975708008,0.0,93.1500015258789,0.0,93.47000122070312,93.02999877929688,93.47000122070312,0.0,3121700,0.0007462877791442605,296081675.66582817
2012-09-24,43.75550079345703,0.0,93.02999877929688,0.0,93.12000274658205,92.94000244140624,93.0199966430664,0.0,1867200,0.0007462877791442605,295956376.83542645
2012-09-25,43.36513137817383,0.0,92.1999969482422,0.0,93.0999984741211,92.12999725341795,93.0500030517578,0.0,5726800,0.0007101680101976012,297108995.4018184
2012-09-26,43.14878845214844,0.0,91.73999786376952,0.0,92.1999969482422,91.4800033569336,92.18000030517578,0.0,6554200,0.000630741448347269,299858185.21714586
2012-09-27,43.6191291809082,0.0,92.73999786376952,0.0,92.73999786376952,92.0,92.18000030517578,0.0,3882600,0.0006176821763685932,301158626.26803565
2012-09-28,43.41215133666992,0.0,92.3000030517578,0.0,92.66999816894533,92.29000091552734,92.66000366210938,0.0,3668200,0.0006486901872214653,300951112.3814235
2012-10-01,43.33888626098633,0.0,91.66000366210938,0.485,92.2699966430664,91.5999984741211,92.2699966430664,0.0,5386700,0.0006486901872214653,300651598.70644826
2012-10-02,43.44762802124024,0.0,91.88999938964844,0.0,91.97000122070312,91.63999938964844,91.83999633789062,0.0,3151900,0.000673418031865679,300013742.86578345
2012-10-03,43.55638122558594,0.0,92.12000274658205,0.0,92.3499984741211,91.91000366210938,91.97000122070312,0.0,3201000,0.000673418031865679,300714345.57212347
2012-10-04,43.74078369140625,0.0,92.51000213623048,0.0,92.56999969482422,92.18000030517578,92.2300033569336,0.0,1847200,0.000673418031865679,299465783.32698154
2012-10-05,43.71714782714844,0.0,92.45999908447266,0.0,92.79000091552734,92.27999877929688,92.77999877929688,0.0,2513500,0.0007153033992737701,299403239.7829389
2012-10-08,43.65568161010742,0.0,92.33000183105467,0.0,92.4000015258789,92.19000244140624,92.26000213623048,0.0,1143300,0.0006485051997983572,297089963.57221454
2012-10-09,43.53274154663086,0.0,92.06999969482422,0.0,92.51000213623048,92.0500030517578,92.51000213623048,0.0,5777300,0.00063125877043266,299890800.5450294
2012-10-10,43.4286994934082,0.0,91.8499984741211,0.0,92.20999908447266,91.8000030517578,92.1500015258789,0.0,5431800,0.00063125877043266,301880565.0957622
2012-10-11,43.66512298583984,0.0,92.3499984741211,0.0,92.37000274658205,92.12000274658205,92.1999969482422,0.0,2811000,0.000723428552809314,301967429.857139
2012-10-12,43.74078369140625,0.0,92.51000213623048,0.0,92.76000213623048,92.30999755859376,92.44000244140624,0.0,3696800,0.000723428552809314,301964588.8017745
2012-10-15,43.93938827514648,0.0,92.93000030517578,0.0,92.97000122070312,92.58000183105467,92.76000213623048,0.0,2378500,0.0006111792803251467,301719420.558772
2012-10-16,44.10012435913086,0.0,93.2699966430664,0.0,93.33000183105467,92.94000244140624,93.05999755859376,0.0,3536300,0.0005463780439913373,301954609.32225424
2012-10-17,44.19940948486328,0.0,93.4800033569336,0.0,93.55999755859376,93.3000030517578,93.4000015258789,0.0,2971500,0.0004794770910666464,302299896.8237014
2012-10-18,44.17578506469727,0.0,93.43000030517578,0.0,93.52999877929688,93.3000030517578,93.3499984741211,0.0,1676300,0.0005920793846666805,301936122.46017456
2012-10-19,43.95351791381836,0.0,92.95999908447266,0.0,93.41999816894533,92.87999725341795,93.37000274658205,0.0,2041200,0.0005920793846666805,301402919.0233564
2012-10-22,43.962989807128906,0.0,92.9800033569336,0.0,93.19000244140624,92.91999816894533,93.0,0.0,3021700,0.0006748383167828516,302163426.3380263
2012-10-23,43.79753494262695,0.0,92.62999725341795,0.0,92.80999755859376,92.5,92.6999969482422,0.0,3916900,0.0006748383167828516,302622802.81613666
2012-10-24,43.75968933105469,0.0,92.5500030517578,0.0,92.87000274658205,92.5,92.83999633789062,0.0,4332900,0.000821698073405577,303896702.40876335
2012-10-25,43.83060836791992,0.0,92.6999969482422,0.0,92.95999908447266,92.5999984741211,92.91999816894533,0.0,2005600,0.0009173767727762294,303629145.7578084
2012-10-26,43.726600646972656,0.0,92.4800033569336,0.0,92.79000091552734,92.27999877929688,92.7300033569336,0.0,4591800,0.0007977680332095097,304112105.21485466
2012-10-31,43.778602600097656,0.0,92.58999633789062,0.0,92.66999816894533,92.44000244140624,92.4800033569336,0.0,2914100,0.0008622639196876278,303642643.34648377
2012-11-01,43.75496292114258,0.0,92.54000091552734,0.0,92.62999725341795,92.05999755859376,92.18000030517578,0.0,2092300,0.0007670720798574452,303703701.0105315
2012-11-02,43.6934928894043,0.0,92.41000366210938,0.0,92.75,92.38999938964844,92.66000366210938,0.0,2829300,0.0007670720798574452,304426074.9998062
2012-11-05,43.62256622314453,0.0,92.26000213623048,0.0,92.58999633789062,92.11000061035156,92.4000015258789,0.0,3361700,0.0007670720798574452,305170143.4493353
2012-11-06,43.688777923583984,0.0,92.4000015258789,0.0,92.5199966430664,92.2699966430664,92.43000030517578,0.0,1409000,0.0008051276829303741,304826479.8505147
2012-11-07,43.4286994934082,0.0,91.8499984741211,0.0,92.2699966430664,91.8000030517578,92.25,0.0,3698200,0.0007899798325889061,306302589.09144324
2012-11-08,43.286869049072266,0.0,91.5500030517578,0.0,92.16000366210938,91.5,91.95999908447266,0.0,5829400,0.0007829751808257348,308273460.2250114
2012-11-09,43.21120834350586,0.0,91.38999938964844,0.0,91.68000030517578,91.25,91.27999877929688,0.0,3953900,0.0007829751808257348,308730139.5301334
2012-11-12,43.22539138793945,0.0,91.41999816894533,0.0,91.56999969482422,91.31999969482422,91.48999786376952,0.0,2066000,0.000779783548570739,308236218.1886098
2012-11-13,43.12611770629883,0.0,91.20999908447266,0.0,91.37999725341795,91.06999969482422,91.27999877929688,0.0,4347400,0.000779783548570739,308132489.559985
2012-11-14,42.88970565795898,0.0,90.70999908447266,0.0,91.5,90.63999938964844,91.45999908447266,0.0,5017500,0.000844220157420332,308012815.4838259
2012-11-15,42.87076950073242,0.0,90.66999816894533,0.0,90.91999816894533,90.08999633789062,90.5500030517578,0.0,6989700,0.000844220157420332,308654917.7068498
2012-11-16,42.99372863769531,0.0,90.93000030517578,0.0,91.0,90.52999877929688,90.76000213623048,0.0,4730200,0.0009023316692987136,305904017.05540854
2012-11-19,43.53747177124024,0.0,92.08000183105467,0.0,92.12000274658205,91.20999908447266,91.2300033569336,0.0,9498500,0.0007897293756986796,308309133.0656445
2012-11-20,43.54217529296875,0.0,92.08999633789062,0.0,92.18000030517578,91.83999633789062,92.08000183105467,0.0,4010400,0.0007914621092704549,308236212.99670386
2012-11-21,43.52801513671875,0.0,92.05999755859376,0.0,92.2300033569336,91.97000122070312,92.0,0.0,2984700,0.0007585140073100656,307835770.02499294
2012-11-23,43.674591064453125,0.0,92.37000274658205,0.0,92.44000244140624,92.11000061035156,92.25,0.0,1041100,0.0007586929656110484,305567506.87631273
2012-11-26,43.68403244018555,0.0,92.38999938964844,0.0,92.38999938964844,92.01000213623048,92.30999755859376,0.0,2160700,0.000707705997304385,305619937.1594747
2012-11-27,43.726600646972656,0.0,92.4800033569336,0.0,92.56999969482422,92.26000213623048,92.26000213623048,0.0,4194100,0.0005693915270302268,307543009.9617549
2012-11-28,43.73604583740234,0.0,92.5,0.0,92.73999786376952,92.23999786376952,92.41000366210938,0.0,6528000,0.0006848084896565729,309237545.39291745
2012-11-29,43.92991638183594,0.0,92.91000366210938,0.0,92.9499969482422,92.5999984741211,92.7300033569336,0.0,3870500,0.0006206877678773342,310300974.1905576
2012-11-30,43.99611282348633,0.0,93.0500030517578,0.0,93.1500015258789,92.87000274658205,92.9000015258789,0.0,3276200,0.0006146899495068242,305262688.94403243
2012-12-03,44.21900177001953,0.0,93.02999877929688,0.489,93.02999877929688,92.66000366210938,92.86000061035156,0.0,5444400,0.0006146899495068242,305202184.8654308
2012-12-04,44.21900177001953,0.0,93.02999877929688,0.0,93.16999816894533,92.8499984741211,92.98999786376952,0.0,3121100,0.0006146899495068242,305359786.83629113
2012-12-05,44.29031753540039,0.0,93.18000030517578,0.0,93.29000091552734,92.8499984741211,93.2699966430664,0.0,4580900,0.0006698686542262067,306694566.71942455
2012-12-06,44.37110900878906,0.0,93.3499984741211,0.0,93.38999938964844,93.1500015258789,93.1500015258789,0.0,2261500,0.0006698686542262067,306739026.5082102
2012-12-07,44.30455780029297,0.0,93.20999908447266,0.0,93.5,93.16000366210938,93.4499969482422,0.0,2294400,0.0007028284751977589,304611833.05759126
2012-12-10,44.34262466430664,0.0,93.29000091552734,0.0,93.5,93.16999816894533,93.5,0.0,2140700,0.0008758876100303751,303565593.4292869
2012-12-11,44.38538360595703,0.0,93.37999725341795,0.0,93.70999908447266,93.3499984741211,93.52999877929688,0.0,3206300,0.0007977275628845183,302258889.81800985
2012-12-12,44.51848602294922,0.0,93.66000366210938,0.0,93.8000030517578,93.44000244140624,93.5500030517578,0.0,3305600,0.0009514381461622151,302146826.03910536
2012-12-13,44.36161804199219,0.0,93.33000183105467,0.0,93.8000030517578,93.3000030517578,93.5999984741211,0.0,4898700,0.0010295073322175172,303298764.8618365
2012-12-14,44.32835388183594,0.0,93.26000213623048,0.0,93.5,93.26000213623048,93.36000061035156,0.0,2741400,0.0010484604054428813,302587371.58800155
2012-12-17,44.49946975708008,0.0,93.62000274658205,0.0,93.6999969482422,93.31999969482422,93.31999969482422,0.0,2195600,0.0010801739784572551,302317285.4576353
2012-12-18,44.52322006225586,0.0,93.66999816894533,0.0,93.80999755859376,93.58000183105467,93.7699966430664,0.0,3409800,0.0010801739784572551,302280183.369252
2012-12-19,44.47568130493164,0.0,93.56999969482422,0.0,93.73999786376952,93.56999969482422,93.73999786376952,0.0,2566400,0.0011377497357635317,302180655.6771051
2012-12-20,44.6325798034668,0.0,93.9000015258789,0.0,93.91000366210938,93.58999633789062,93.5999984741211,0.0,3191200,0.00114256402862315,301893576.10186625
2012-12-21,44.50421905517578,0.0,93.62999725341795,0.0,93.68000030517578,93.44000244140624,93.44000244140624,0.0,3187900,0.0012453286540131483,300819618.22940284
2012-12-24,44.34262466430664,0.0,93.29000091552734,0.0,93.5500030517578,93.19000244140624,93.43000030517578,0.0,1221400,0.0011786677232562093,299425534.29288715
2012-12-26,44.45016479492188,0.0,93.01000213623048,0.505,93.13999938964844,92.79000091552734,93.0,0.0,2257200,0.0011786677232562093,298672650.2687182
2012-12-27,44.54093551635742,0.0,93.1999969482422,0.0,93.1999969482422,92.88999938964844,93.0500030517578,0.0,2332600,0.0011379162243264165,298715690.73922294
2012-12-28,44.42144775390625,0.0,92.9499969482422,0.0,93.23999786376952,92.86000061035156,93.01000213623048,0.0,2426100,0.001280782134701108,299128722.9845683
2012-12-31,44.61261749267578,0.0,93.3499984741211,0.0,93.4000015258789,92.93000030517578,92.97000122070312,0.0,2918500,0.0013643407142236847,299088559.7195701
2013-01-02,45.03317642211914,0.0,94.2300033569336,0.0,94.2300033569336,93.8000030517578,94.06999969482422,0.0,3975200,0.0013643407142236847,299601755.63414437
2013-01-03,44.89460372924805,0.0,93.94000244140624,0.0,94.29000091552734,93.87999725341795,94.08000183105467,0.0,3950700,0.0014979853787657443,299798981.4133417
2013-01-04,44.92327499389648,0.0,94.0,0.0,94.08000183105467,93.83000183105467,93.9800033569336,0.0,2968000,0.0013888719837588132,300574632.25513035
2013-01-07,44.96152114868164,0.0,94.08000183105467,0.0,94.08999633789062,93.83000183105467,94.0199966430664,0.0,4137300,0.0015182473743534674,302055841.9425056
2013-01-08,44.92804718017578,0.0,94.01000213623048,0.0,94.12000274658205,93.93000030517578,94.0999984741211,0.0,2179100,0.0014736706902336247,301793093.44426715
2013-01-09,45.01409912109375,0.0,94.19000244140624,0.0,94.23999786376952,94.01000213623048,94.23999786376952,0.0,2183900,0.0013006115554010085,302039608.91305834
2013-01-10,45.09054565429688,0.0,94.3499984741211,0.0,94.37999725341795,94.1999969482422,94.33000183105467,0.0,1684300,0.0012897934524252071,301981356.75585914
2013-01-11,45.171756744384766,0.0,94.5199966430664,0.0,94.5199966430664,94.20999908447266,94.3000030517578,0.0,1982600,0.0011853600846911633,301165418.27596027
2013-01-14,45.10966491699219,0.0,94.38999938964844,0.0,94.47000122070312,94.22000122070312,94.4499969482422,0.0,2182400,0.0011485535340719608,301366740.24837434
2013-01-15,45.119239807128906,0.0,94.41000366210938,0.0,94.41999816894533,94.16999816894533,94.22000122070312,0.0,2136000,0.0011981341300195537,301292604.53651065
2013-01-16,45.042762756347656,0.0,94.25,0.0,94.4000015258789,94.16999816894533,94.27999877929688,0.0,3272700,0.0012231477557549252,302171482.26392835
2013-01-17,45.20524215698242,0.0,94.58999633789062,0.0,94.61000061035156,94.30999755859376,94.41999816894533,0.0,6058900,0.0012231477557549252,303799288.8607752
2013-01-18,45.267356872558594,0.0,94.72000122070312,0.0,94.72000122070312,94.4800033569336,94.54000091552734,0.0,2836800,0.001163839264876873,303055573.4431736
2013-01-22,45.29603958129883,0.0,94.77999877929688,0.0,94.87000274658205,94.54000091552734,94.6500015258789,0.0,2295200,0.001132256174716176,301345277.1174416
2013-01-23,45.243465423583984,0.0,94.66999816894533,0.0,94.79000091552734,94.6500015258789,94.70999908447266,0.0,2227900,0.0010655874935401916,301037420.51499385
2013-01-24,45.34381484985352,0.0,94.87999725341795,0.0,94.93000030517578,94.69000244140624,94.7699966430664,0.0,3175400,0.0010591410374300302,300126745.254674
2013-01-25,45.32949447631836,0.0,94.8499984741211,0.0,94.97000122070312,94.77999877929688,94.97000122070312,0.0,2525100,0.001092350576621464,299547429.42333525
2013-01-28,45.30558776855469,0.0,94.8000030517578,0.0,94.83999633789062,94.69000244140624,94.7699966430664,0.0,2331000,0.0010176851129249105,299225904.5498136
2013-01-29,45.229129791259766,0.0,94.63999938964844,0.0,94.75,94.54000091552734,94.70999908447266,0.0,1514300,0.0008847202067999423,297222378.5257733
2013-01-30,44.90415573120117,0.0,93.95999908447266,0.0,94.51000213623048,93.88999938964844,94.4499969482422,0.0,6595600,0.0008011616272773656,298086993.7966967
2013-01-31,44.76554489135742,0.0,93.66999816894533,0.0,94.11000061035156,93.62000274658205,93.93000030517578,0.0,5963700,0.0008011616272773656,299682855.314176
2013-02-01,44.91400909423828,0.0,93.4800033569336,0.499,93.76000213623048,93.45999908447266,93.54000091552734,0.0,5713000,0.0006675169627353057,301351719.67888486
2013-02-04,44.72662353515625,0.0,93.08999633789062,0.0,93.4000015258789,93.01000213623048,93.29000091552734,0.0,3878000,0.0006415106825418344,301598491.1710588
2013-02-05,44.82756042480469,0.0,93.3000030517578,0.0,93.4000015258789,93.1999969482422,93.23999786376952,0.0,2590900,0.0005747006780592289,300243531.38760763
2013-02-06,44.7602767944336,0.0,93.16000366210938,0.0,93.29000091552734,93.05999755859376,93.16000366210938,0.0,2850500,0.0005336034361072617,299001858.40731424
2013-02-07,44.67378616333008,0.0,92.9800033569336,0.0,93.12999725341795,92.80999755859376,93.11000061035156,0.0,4071400,0.0005336034361072617,299923010.5614072
2013-02-08,44.683387756347656,0.0,93.0,0.0,93.0999984741211,92.91000366210938,92.91999816894533,0.0,3220400,0.0006012709534523315,299628324.27069044
2013-02-11,44.6785888671875,0.0,92.98999786376952,0.0,93.08000183105467,92.86000061035156,92.88999938964844,0.0,3146100,0.0006177796499142767,299653407.2142949
2013-02-12,44.83232879638672,0.0,93.30999755859376,0.0,93.36000061035156,92.91000366210938,92.91999816894533,0.0,3490600,0.0005061697464288854,300076829.5405676
2013-02-13,44.89957809448242,0.0,93.4499969482422,0.0,93.4800033569336,93.16999816894533,93.41999816894533,0.0,3672200,0.00043763607725592847,301687300.6792462
2013-02-14,44.88041687011719,0.0,93.41000366210938,0.0,93.5500030517578,93.25,93.25,0.0,2731800,0.0003892401419332115,302254473.2824538
2013-02-15,44.88520431518555,0.0,93.41999816894533,0.0,93.66000366210938,93.26000213623048,93.45999908447266,0.0,2483000,0.0005056021500576321,302363735.3213961
2013-02-19,44.92847442626953,0.0,93.51000213623048,0.0,93.58999633789062,93.41000366210938,93.5,0.0,3074300,0.0005554563043636331,302777587.1264927
2013-02-20,44.88520431518555,0.0,93.41999816894533,0.0,93.72000122070312,93.4000015258789,93.58000183105467,0.0,3830300,0.0005933169944228689,303500218.8274323
2013-02-21,44.93321990966797,0.0,93.5199966430664,0.0,93.58999633789062,93.3000030517578,93.41999816894533,0.0,7185300,0.0005723546491154983,307219007.31826663
2013-02-22,45.04374694824219,0.0,93.75,0.0,93.75,93.51000213623048,93.62999725341795,0.0,3367000,0.0005495892476665368,308027090.3852493
2013-02-25,44.904422760009766,0.0,93.45999908447266,0.0,93.93000030517578,93.4499969482422,93.77999877929688,0.0,5259300,0.0005894628629242554,310082990.8380054
2013-02-26,45.12541580200195,0.0,93.91999816894533,0.0,93.91999816894533,93.47000122070312,93.63999938964844,0.0,4075600,0.0008187536255638616,311745185.4769086
2013-02-27,45.20232772827149,0.0,94.08000183105467,0.0,94.1500015258789,93.75,93.8499984741211,0.0,3681600,0.0008084774566152593,313662847.2164336
2013-02-28,45.18307876586914,0.0,94.04000091552734,0.0,94.12999725341795,93.94000244140624,94.06999969482422,0.0,3822000,0.0008634117123698718,314992651.703117
2013-03-01,45.27294158935547,0.0,93.72000122070312,0.506,93.98999786376952,93.4800033569336,93.48999786376952,0.0,4833200,0.0008634117123698718,317211108.99241006
2013-03-04,45.27777099609375,0.0,93.7300033569336,0.0,93.8000030517578,93.61000061035156,93.6500015258789,0.0,2222500,0.0009075376831223121,317553256.0754322
2013-03-05,45.36954498291016,0.0,93.91999816894533,0.0,94.0199966430664,93.79000091552734,93.79000091552734,0.0,3733400,0.0009075376831223121,319153346.85008943
2013-03-06,45.34056854248047,0.0,93.86000061035156,0.0,94.05999755859376,93.83999633789062,94.02999877929688,0.0,2118000,0.0009070113895860423,319252971.2365892
2013-03-07,45.408199310302734,0.0,94.0,0.0,94.0,93.9000015258789,93.9499969482422,0.0,2124900,0.0009348638855278639,319517895.067548
2013-03-08,45.46133804321289,0.0,94.11000061035156,0.0,94.19000244140624,93.91999816894533,94.16999816894533,0.0,2464100,0.0009348638855278639,318500627.7953314
2013-03-11,45.43235397338867,0.0,94.0500030517578,0.0,94.1500015258789,94.0,94.08000183105467,0.0,2782800,0.0009170612945041932,319454693.7927185
2013-03-12,45.413028717041016,0.0,94.01000213623048,0.0,94.0999984741211,93.95999908447266,93.98999786376952,0.0,1526200,0.0008707615415477779,318169795.6671639
2013-03-13,45.422698974609375,0.0,94.02999877929688,0.0,94.16999816894533,93.9499969482422,94.0999984741211,0.0,1431200,0.000921900347239554,316738592.4084921
2013-03-14,45.596588134765625,0.0,94.38999938964844,0.0,94.38999938964844,94.06999969482422,94.16999816894533,0.0,2954100,0.000921900347239554,317383621.2582603
2013-03-15,45.591773986816406,0.0,94.37999725341795,0.0,94.4000015258789,94.1999969482422,94.25,0.0,2024300,0.0009160478323271288,315651728.5284194
2013-03-18,45.60142135620117,0.0,94.4000015258789,0.0,94.45999908447266,94.0,94.0,0.0,3000600,0.0008528996209754737,316450544.37593126
2013-03-19,45.52409744262695,0.0,94.23999786376952,0.0,94.52999877929688,94.20999908447266,94.4499969482422,0.0,3742800,0.0008418382291944359,314818611.16667855
2013-03-20,45.67390060424805,0.0,94.5500030517578,0.0,94.5999984741211,94.31999969482422,94.33000183105467,0.0,2553200,0.0009154806094389432,314151185.30409676
2013-03-21,45.591773986816406,0.0,94.37999725341795,0.0,94.55999755859376,94.22000122070312,94.37000274658205,0.0,3532400,0.0009774131271417055,314507582.07324195
2013-03-22,45.55796051025391,0.0,94.30999755859376,0.0,94.45999908447266,94.25,94.37999725341795,0.0,2201500,0.0010537167633715718,313102310.4751284
2013-03-25,45.49031066894531,0.0,94.16999816894533,0.0,94.44000244140624,94.1500015258789,94.3000030517578,0.0,2131700,0.0010420897861256448,312236096.1978307
2013-03-26,45.57241821289063,0.0,94.33999633789062,0.0,94.4000015258789,94.25,94.38999938964844,0.0,1169400,0.0008595672390714745,311540559.51773626
2013-03-27,45.49512100219727,0.0,94.18000030517578,0.0,94.29000091552734,94.16999816894533,94.19000244140624,0.0,2195100,0.0008750466600697452,310873481.41382
2013-03-28,45.577274322509766,0.0,94.3499984741211,0.0,94.37999725341795,94.16000366210938,94.23999786376952,0.0,1959100,0.0008593280368766392,310961858.14627993
2013-04-01,45.65885925292969,0.0,94.02999877929688,0.488,94.08999633789062,93.6500015258789,93.83000183105467,0.0,3823000,0.0008873641299259492,309624284.6765185
2013-04-02,45.62486267089844,0.0,93.95999908447266,0.0,94.18000030517578,93.91999816894533,93.9499969482422,0.0,2528700,0.0008432381591735091,306737890.6740279
2013-04-03,45.62486267089844,0.0,93.95999908447266,0.0,94.0500030517578,93.77999877929688,93.98999786376952,0.0,2773100,0.0008432381591735091,305948114.1482762
2013-04-04,45.61029815673828,0.0,93.93000030517578,0.0,94.1500015258789,93.87000274658205,93.91999816894533,0.0,3040600,0.0008055756416043388,305527706.90806556
2013-04-05,45.65399932861328,0.0,94.0199966430664,0.0,94.0199966430664,93.68000030517578,93.7699966430664,0.0,2243800,0.0007777231456625172,303283398.3901372
2013-04-08,45.70253753662109,0.0,94.12000274658205,0.0,94.1500015258789,93.9499969482422,94.06999969482422,0.0,2346800,0.0007777231456625172,302737785.1629106
2013-04-09,45.84822463989258,0.0,94.41999816894533,0.0,94.41999816894533,94.12000274658205,94.1999969482422,0.0,2985400,0.0007278582193411181,302634652.89101976
2013-04-10,45.99386596679688,0.0,94.72000122070312,0.0,94.76000213623048,94.3499984741211,94.3499984741211,0.0,2932600,0.0007083720602919353,303482997.3325578
2013-04-11,45.99386596679688,0.0,94.72000122070312,0.0,94.79000091552734,94.63999938964844,94.75,0.0,2676200,0.0006560227483937716,303650389.86881196
2013-04-12,46.008445739746094,0.0,94.75,0.0,94.80999755859376,94.5500030517578,94.63999938964844,0.0,2040900,0.0007071990933080991,304347329.4236259
2013-04-15,45.71712493896485,0.0,94.1500015258789,0.0,94.75,94.12999725341795,94.75,0.0,3910600,0.0006466088329151143,303047861.0643417
2013-04-16,46.032745361328125,0.0,94.8000030517578,0.0,94.80999755859376,94.31999969482422,94.41000366210938,0.0,4138300,0.0008111906357930407,302201829.56368583
2013-04-17,45.95990753173828,0.0,94.6500015258789,0.0,94.66999816894533,94.4000015258789,94.61000061035156,0.0,5778600,0.0008608901199432453,304482374.4296119
2013-04-18,45.88705825805664,0.0,94.5,0.0,94.66999816894533,94.45999908447266,94.61000061035156,0.0,2476900,0.0008182961650332431,303625835.3351896
2013-04-19,45.86281967163086,0.0,94.4499969482422,0.0,94.66000366210938,94.43000030517578,94.5999984741211,0.0,2474800,0.0008322559452652444,303726715.0710757
2013-04-22,45.96960067749024,0.0,94.66999816894533,0.0,94.88999938964844,94.52999877929688,94.69000244140624,0.0,3641900,0.0008162583761823692,303845349.8107789
2013-04-23,46.149261474609375,0.0,95.04000091552734,0.0,95.0500030517578,94.7699966430664,94.7699966430664,0.0,2217400,0.0008007111419102809,303313332.8905802
2013-04-24,46.23183822631836,0.0,95.20999908447266,0.0,95.26000213623048,95.01000213623048,95.08999633789062,0.0,3872600,0.0007539429263248451,304996614.898064
2013-04-25,46.358097076416016,0.0,95.47000122070312,0.0,95.5199966430664,95.13999938964844,95.22000122070312,0.0,2453100,0.0007384635053265746,305349372.912852
2013-04-26,46.309513092041016,0.0,95.37000274658205,0.0,95.4800033569336,95.33000183105467,95.45999908447266,0.0,2679000,0.0007353248380287755,305147298.0018555
2013-04-29,46.39692687988281,0.0,95.5500030517578,0.0,95.58999633789062,95.37999725341795,95.38999938964844,0.0,1785300,0.0007175062576885349,303621607.4003189
2013-04-30,46.5425910949707,0.0,95.8499984741211,0.0,95.8499984741211,95.5500030517578,95.62999725341795,0.0,2953100,0.0007175062576885349,302685454.40246946
2013-05-01,46.45379257202149,0.0,95.1999969482422,0.468,95.55999755859376,95.18000030517578,95.33999633789062,0.0,4812400,0.000848827750544881,304845941.3186149
2013-05-02,46.7514533996582,0.0,95.80999755859376,0.0,95.83000183105467,95.37000274658205,95.5,0.0,3368200,0.0009721438098906951,304036874.28974575
2013-05-03,46.82463836669922,0.0,95.95999908447266,0.0,96.12999725341795,95.86000061035156,95.97000122070312,0.0,2407400,0.0009721438098906951,303728918.68234664
2013-05-06,46.85393524169922,0.0,96.0199966430664,0.0,96.05999755859376,95.87999725341795,95.91999816894533,0.0,1458700,0.00104070897553273,303303862.53304255
2013-05-07,46.81974792480469,0.0,95.9499969482422,0.0,96.1500015258789,95.91999816894533,96.12000274658205,0.0,2590900,0.001068461116434498,303201808.75313777
2013-05-08,46.98565673828125,0.0,96.29000091552734,0.0,96.3000030517578,96.0199966430664,96.0199966430664,0.0,3801200,0.0011342753651441997,303645198.4539214
2013-05-09,46.84904098510742,0.0,96.01000213623048,0.0,96.29000091552734,96.0,96.1999969482422,0.0,1644900,0.0012637183519026937,303865319.48855567
2013-05-10,46.60507583618164,0.0,95.51000213623048,0.0,96.0500030517578,95.45999908447266,96.0500030517578,0.0,4654400,0.0012125420069883659,304697558.2947928
2013-05-13,46.41474151611328,0.0,95.12000274658205,0.0,95.5,95.11000061035156,95.41000366210938,0.0,2710000,0.0012125420069883659,302507825.1174382
2013-05-14,46.46354293823242,0.0,95.22000122070312,0.0,95.45999908447266,95.11000061035156,95.1999969482422,0.0,4473900,0.001164557159122288,303020982.61644274
2013-05-15,46.46842956542969,0.0,95.2300033569336,0.0,95.33999633789062,95.08999633789062,95.22000122070312,0.0,3179800,0.0011523035125946695,303925257.60419935
2013-05-16,46.58064270019531,0.0,95.45999908447266,0.0,95.63999938964844,95.18000030517578,95.29000091552734,0.0,6036800,0.001060352364346226,305351817.7030351
2013-05-17,46.58064270019531,0.0,95.45999908447266,0.0,95.62999725341795,95.33999633789062,95.5999984741211,0.0,4313300,0.0010749951051362994,305007454.1605329
2013-05-20,46.62941360473633,0.0,95.55999755859376,0.0,95.63999938964844,95.36000061035156,95.45999908447266,0.0,2086200,0.001145019913709433,301559844.4835905
2013-05-21,46.71727752685547,0.0,95.73999786376952,0.0,95.77999877929688,95.54000091552734,95.55999755859376,0.0,4666500,0.0010991109707782956,301692016.01206464
2013-05-22,46.429386138916016,0.0,95.1500015258789,0.0,95.87999725341795,95.0999984741211,95.72000122070312,0.0,5243800,0.0011445714186049095,298710473.7946768
2013-05-23,46.302520751953125,0.0,94.88999938964844,0.0,95.0199966430664,94.69000244140624,95.0,0.0,3294400,0.0011445714186049095,298260377.70480204
2013-05-24,46.214725494384766,0.0,94.70999908447266,0.0,94.79000091552734,94.66999816894533,94.75,0.0,3420400,0.0011354134676171618,298650652.356829
2013-05-28,46.04391098022461,0.0,94.36000061035156,0.0,95.02999877929688,94.30999755859376,95.02999877929688,0.0,3486700,0.001137843865952642,300498577.7875325
2013-05-29,45.85849380493164,0.0,93.9800033569336,0.0,94.26000213623048,93.5500030517578,94.04000091552734,0.0,10958100,0.001137843865952642,307087587.3359801
2013-05-30,45.95119857788086,0.0,94.16999816894533,0.0,94.36000061035156,93.69000244140624,94.0,0.0,5462100,0.001219986653379102,308091520.39089507
2013-05-31,45.34125518798828,0.0,92.91999816894533,0.0,94.11000061035156,92.9000015258789,93.97000122070312,0.0,6809400,0.0010722940190266792,308320801.625273
2013-06-03,45.30149841308594,0.0,92.36000061035156,0.479,92.5199966430664,91.8000030517578,92.37999725341795,0.0,14320900,0.0010722940190266792,315964215.6218332
2013-06-04,45.30149841308594,0.0,92.36000061035156,0.0,93.0500030517578,92.19000244140624,92.5,0.0,7927000,0.0010037288533846444,319355384.70786566
2013-06-05,44.90910720825195,0.0,91.55999755859376,0.0,92.23999786376952,91.44000244140624,92.19000244140624,0.0,10309200,0.0009759767124828762,322826954.56085813
2013-06-06,45.26225280761719,0.0,92.27999877929688,0.0,92.58999633789062,91.31999969482422,91.4000015258789,0.0,11849800,0.0012140525738878172,329201110.1191506
2013-06-07,45.29169845581055,0.0,92.33999633789062,0.0,92.97000122070312,92.1999969482422,92.44000244140624,0.0,8879800,0.0010846095871293235,332321050.088065
2013-06-10,45.19852066040039,0.0,92.1500015258789,0.0,92.58999633789062,92.08000183105467,92.33999633789062,0.0,7678000,0.001128631481308469,336260865.0893862
2013-06-11,44.91893768310547,0.0,91.58000183105467,0.0,92.23999786376952,91.29000091552734,91.58000183105467,0.0,9065200,0.001128631481308469,341152373.1108105
2013-06-12,44.9532356262207,0.0,91.6500015258789,0.0,92.12000274658205,91.62999725341795,91.93000030517578,0.0,9193300,0.0011150682117594866,346254437.0319851
2013-06-13,45.4682731628418,0.0,92.6999969482422,0.0,92.81999969482422,91.6500015258789,91.6500015258789,0.0,7526400,0.0011423159418772276,349415492.36402965
2013-06-14,45.52225875854492,0.0,92.80999755859376,0.0,92.94000244140624,92.5500030517578,92.77999877929688,0.0,3909200,0.0011423159418772276,349837796.60490733
2013-06-17,45.51736068725586,0.0,92.8000030517578,0.0,93.4499969482422,92.8000030517578,92.93000030517578,0.0,3830700,0.0010364683459447646,349030600.5074516
2013-06-18,45.63012313842773,0.0,93.02999877929688,0.0,93.11000061035156,92.76000213623048,92.76000213623048,0.0,3609700,0.0009689146521550531,349666691.1164783
2013-06-19,44.94834518432617,0.0,91.63999938964844,0.0,93.2699966430664,91.62000274658205,92.9499969482422,0.0,7971700,0.0010163525029181718,353833155.44270104
2013-06-20,44.50690460205078,0.0,90.73999786376952,0.0,91.58000183105467,90.27999877929688,91.08999633789062,0.0,11094000,0.0009708920550915578,359287707.63749623
2013-06-21,44.21751022338867,0.0,90.1500015258789,0.0,91.11000061035156,90.12000274658205,91.01000213623048,0.0,9245400,0.0012029938290440746,363996713.80329436
2013-06-24,43.67308044433594,0.0,89.04000091552734,0.0,90.0,88.2699966430664,89.44999694824219,0.0,12116100,0.0011760748147681143,370180554.0431613
2013-06-25,44.296024322509766,0.0,90.30999755859376,0.0,90.30999755859376,89.5,89.5,0.0,6233300,0.001405894326028668,372279333.72203285
2013-06-26,44.66386795043945,0.0,91.05999755859376,0.0,91.18000030517578,90.56999969482422,90.6999969482422,0.0,5527200,0.001405894326028668,375369511.5901886
2013-06-27,44.87969970703125,0.0,91.5,0.0,91.94000244140624,91.4000015258789,91.4000015258789,0.0,5578600,0.001192430045745862,377754430.0281101
2013-06-28,44.57560348510742,0.0,90.87999725341795,0.0,91.31999969482422,90.47000122070312,91.3000030517578,0.0,6112000,0.001192430045745862,380437447.7291531
2013-07-01,44.81721878051758,0.0,90.88999938964844,0.48,90.98999786376952,90.5,90.56999969482422,0.0,5213400,0.0013670987703614842,382408399.5959933
2013-07-02,44.67913055419922,0.0,90.61000061035156,0.0,91.0500030517578,90.3499984741211,90.79000091552734,0.0,3799800,0.0015724764272161157,382978700.46720356
2013-07-03,44.782676696777344,0.0,90.81999969482422,0.0,90.86000061035156,90.27999877929688,90.29000091552734,0.0,1679600,0.0017578666830588893,381216463.6588142
2013-07-05,44.30437469482422,0.0,89.8499984741211,0.0,90.44000244140624,89.62999725341797,90.38999938964844,0.0,3312600,0.0016486992810508462,380633196.49452937
2013-07-08,44.91581344604492,0.0,91.08999633789062,0.0,91.08999633789062,90.0,90.08999633789062,0.0,5638400,0.001713257570415049,382495179.3147799
2013-07-09,44.94047927856445,0.0,91.13999938964844,0.0,91.19000244140624,90.87000274658205,91.0999984741211,0.0,6127700,0.0016692356762359035,383838364.8916396
2013-07-10,45.11800384521485,0.0,91.5,0.0,91.54000091552734,91.08000183105467,91.18000030517578,0.0,6529900,0.0016692356762359035,386954465.32294863
2013-07-11,45.68504333496094,0.0,92.6500015258789,0.0,92.66999816894533,92.0,92.18000030517578,0.0,5865400,0.001512988194000272,389634844.47071135
2013-07-12,45.64065933227539,0.0,92.55999755859376,0.0,92.66999816894533,92.25,92.41000366210938,0.0,5788300,0.0015669765615780845,392625728.05355614
2013-07-15,45.832969665527344,0.0,92.9499969482422,0.0,93.08999633789062,92.55999755859376,92.66999816894533,0.0,6791500,0.0015669765615780845,396148542.01331365
2013-07-16,45.71956253051758,0.0,92.72000122070312,0.0,93.08999633789062,92.47000122070312,93.08999633789062,0.0,3292100,0.0018213207282851227,396936214.8811764
2013-07-17,46.05486297607422,0.0,93.4000015258789,0.0,93.5199966430664,93.0,93.02999877929688,0.0,8660500,0.0018094096559620955,401755508.0985781
2013-07-18,46.33100128173828,0.0,93.95999908447266,0.0,94.0,93.44000244140624,93.5,0.0,6825000,0.001761971805198977,404396976.501368
2013-07-19,46.30142593383789,0.0,93.9000015258789,0.0,93.97000122070312,93.7699966430664,93.9499969482422,0.0,2603100,0.0018064551330647047,401788403.2089899
2013-07-22,46.33594131469727,0.0,93.97000122070312,0.0,94.01000213623048,93.75,93.93000030517578,0.0,3888200,0.0016618386739094611,402555644.94933474
2013-07-23,46.22249603271485,0.0,93.73999786376952,0.0,93.9800033569336,93.66999816894533,93.88999938964844,0.0,2483700,0.0017448937453383474,402676938.43739825
2013-07-24,45.832969665527344,0.0,92.9499969482422,0.0,93.63999938964844,92.66000366210938,93.54000091552734,0.0,5249800,0.001502426323033244,404875776.5727815
2013-07-25,45.72942733764648,0.0,92.73999786376952,0.0,92.87999725341795,92.44000244140624,92.51000213623048,0.0,5995400,0.001502426323033244,406897454.6673366
2013-07-26,45.74913024902344,0.0,92.77999877929688,0.0,92.77999877929688,92.38999938964844,92.4800033569336,0.0,4213600,0.0016301425428890566,408099296.50630045
2013-07-29,45.65053176879883,0.0,92.58000183105467,0.0,92.7300033569336,92.41999816894533,92.5999984741211,0.0,3850100,0.0017711033140400574,409174403.31531703
2013-07-30,45.71460723876953,0.0,92.70999908447266,0.0,92.87000274658205,92.5199966430664,92.5199966430664,0.0,4239400,0.0016193194268108886,411156319.3394676
2013-07-31,45.84776306152344,0.0,92.9800033569336,0.0,93.01000213623048,92.27999877929688,92.48999786376952,0.0,4076500,0.0015175100483970998,409246084.5277453
2013-08-01,45.413211822509766,0.0,91.6500015258789,0.453,92.58999633789062,91.61000061035156,92.41999816894533,0.0,4616600,0.0016080801767586299,408170621.2655567
2013-08-02,45.690673828125,0.0,92.20999908447266,0.0,92.26000213623048,91.80999755859376,91.95999908447266,0.0,4309400,0.0015429026045672679,407085847.54235405
2013-08-05,45.45781707763672,0.0,91.73999786376952,0.0,92.18000030517578,91.6999969482422,92.18000030517578,0.0,2231000,0.0016461830394582284,405845124.7600979
2013-08-06,45.413211822509766,0.0,91.6500015258789,0.0,91.93000030517578,91.36000061035156,91.93000030517578,0.0,3398800,0.0016461830394582284,406398847.3575531
2013-08-07,45.269493103027344,0.0,91.36000061035156,0.0,91.54000091552734,91.29000091552734,91.4499969482422,0.0,2253300,0.001715394672350299,405925108.4602235
2013-08-08,45.36859893798828,0.0,91.55999755859376,0.0,91.58999633789062,91.37999725341795,91.41999816894533,0.0,2857100,0.0017767558796670056,404996832.9313127
2013-08-09,45.3735466003418,0.0,91.56999969482422,0.0,91.66999816894533,91.12000274658205,91.43000030517578,0.0,1765600,0.0016703333382932708,403903013.81592524
2013-08-12,45.33392333984375,0.0,91.48999786376952,0.0,91.72000122070312,91.41999816894533,91.44000244140624,0.0,3840800,0.0017051833179101954,404369989.6216075
2013-08-13,45.33392333984375,0.0,91.48999786376952,0.0,91.56999969482422,91.3000030517578,91.4800033569336,0.0,2290500,0.001450839151203157,403448163.9281863
2013-08-14,45.24472427368164,0.0,91.30999755859376,0.0,91.48999786376952,91.26000213623048,91.43000030517578,0.0,4605800,0.0014589984680344248,404062358.43582153
2013-08-15,45.01185607910156,0.0,90.83999633789062,0.0,91.08999633789062,90.75,91.0,0.0,6446100,0.0014589984680344248,406684471.55002415
2013-08-16,44.85824203491211,0.0,90.52999877929688,0.0,91.0999984741211,90.41999816894533,90.97000122070312,0.0,6922400,0.0015209068784441935,409817193.8365028
2013-08-19,44.560943603515625,0.0,89.93000030517578,0.0,90.62999725341795,89.80000305175781,90.56999969482422,0.0,6536300,0.0014334215636469202,412200778.4510052
2013-08-20,44.97222518920898,0.0,90.76000213623048,0.0,90.86000061035156,90.27999877929688,90.3000030517578,0.0,4208300,0.0015946303518336313,412392196.6891274
2013-08-21,44.8087043762207,0.0,90.43000030517578,0.0,90.77999877929688,90.37000274658205,90.66999816894533,0.0,3098100,0.0017682472146636485,409282609.0071118
2013-08-22,45.05152130126953,0.0,90.91999816894533,0.0,90.91999816894533,90.48999786376952,90.56999969482422,0.0,4049900,0.0019070008247448187,409699757.027623
2013-08-23,45.23978805541992,0.0,91.3000030517578,0.0,91.36000061035156,90.8499984741211,90.9000015258789,0.0,3370400,0.001779284604889006,408240894.7823903
2013-08-26,45.24472427368164,0.0,91.30999755859376,0.0,91.38999938964844,91.12999725341795,91.31999969482422,0.0,2365400,0.001681174397351447,406917119.57356286
2013-08-27,44.95236206054688,0.0,90.72000122070312,0.0,91.12999725341795,90.70999908447266,91.0500030517578,0.0,3578500,0.0016582895599649935,406744711.5547301
2013-08-28,45.120849609375,0.0,91.05999755859376,0.0,91.08999633789062,90.66000366210938,90.76000213623048,0.0,3860600,0.0017287842243845191,406682214.27755207
2013-08-29,45.30421447753906,0.0,91.43000030517578,0.0,91.5,90.81999969482422,90.91000366210938,0.0,4012900,0.0014528238401802158,405999134.42298645
2013-08-30,45.26456832885742,0.0,91.3499984741211,0.0,91.58999633789062,91.19000244140624,91.47000122070312,0.0,2486900,0.0013481627639435963,406148843.7781016
2013-09-03,45.02547836303711,0.0,90.38999938964844,0.48,91.18000030517578,90.30999755859376,90.94000244140624,0.0,9986800,0.0011803240396884326,410530319.37128097
2013-09-04,45.19483184814453,0.0,90.7300033569336,0.0,90.83999633789062,90.51000213623048,90.52999877929688,0.0,3507400,0.0012611041841712807,411478183.914784
2013-09-05,44.96567916870117,0.0,90.2699966430664,0.0,90.6500015258789,90.2699966430664,90.56999969482422,0.0,3622300,0.0012095793571306162,412488060.17542034
2013-09-06,45.11511993408203,0.0,90.56999969482422,0.0,91.0999984741211,90.41999816894533,90.79000091552734,0.0,4713800,0.0012804835589878068,414035936.46159095
2013-09-09,45.22970581054688,0.0,90.8000030517578,0.0,91.0,90.70999908447266,90.7300033569336,0.0,4227400,0.0013083176014186556,415005187.13150024
2013-09-10,45.389102935791016,0.0,91.12000274658205,0.0,91.12999725341795,90.87000274658205,90.87999725341795,0.0,5287100,0.0013258913763068447,417689968.88754106
2013-09-11,45.4488410949707,0.0,91.23999786376952,0.0,91.26000213623048,90.9000015258789,90.98999786376952,0.0,3514200,0.0013976437998000544,419166634.4926198
2013-09-12,45.394039154052734,0.0,91.12999725341795,0.0,91.30999755859376,91.0999984741211,91.19000244140624,0.0,3594500,0.0013475572560520464,419553374.79365516
2013-09-13,45.35917282104492,0.0,91.05999755859376,0.0,91.31999969482422,90.9800033569336,91.23999786376952,0.0,2789300,0.0014264308413396453,420052900.3710368
2013-09-16,45.6082649230957,0.0,91.55999755859376,0.0,91.80999755859376,91.4499969482422,91.70999908447266,0.0,4331300,0.0013930915393693213,420952243.0126796
2013-09-17,45.75772857666016,0.0,91.86000061035156,0.0,91.9800033569336,91.61000061035156,91.66999816894533,0.0,5978600,0.0014408024898594739,422511550.43842983
2013-09-18,46.19605255126953,0.0,92.73999786376952,0.0,92.87999725341795,91.70999908447266,91.83999633789062,0.0,7476300,0.0011965386302438764,426098431.21808976
2013-09-19,46.061553955078125,0.0,92.47000122070312,0.0,92.98999786376952,92.4000015258789,92.98999786376952,0.0,5821100,0.0010620976465246959,427724536.1530728
2013-09-20,46.00675582885742,0.0,92.36000061035156,0.0,92.48999786376952,92.27999877929688,92.44000244140624,0.0,4033900,0.0009233440364435255,429033643.667651
2013-09-23,46.00176239013672,0.0,92.3499984741211,0.0,92.45999908447266,92.22000122070312,92.3499984741211,0.0,6564600,0.000987244597796475,432251886.64294046
2013-09-24,45.90216064453125,0.0,92.1500015258789,0.0,92.41000366210938,92.05999755859376,92.2699966430664,0.0,7947700,0.0009762460371523486,437188865.8128587
2013-09-25,45.82244110107422,0.0,91.98999786376952,0.0,92.26000213623048,91.9499969482422,92.13999938964844,0.0,3535700,0.0009861444801358148,438129457.21585107
2013-09-26,45.79754257202149,0.0,91.94000244140624,0.0,92.12999725341795,91.7699966430664,92.11000061035156,0.0,4751200,0.0008120815372754467,440129332.2760809
2013-09-27,45.74776077270508,0.0,91.83999633789062,0.0,91.94000244140624,91.61000061035156,91.87000274658205,0.0,6779700,0.0008120815372754467,442217990.51289636
2013-09-30,45.61821365356445,0.0,91.58000183105467,0.0,91.9499969482422,91.5,91.58999633789062,0.0,6248900,0.0009292308617665227,444874162.13001674
2013-10-01,45.8159408569336,0.0,91.52999877929688,0.445,91.5500030517578,91.05999755859376,91.16000366210938,0.0,5743900,0.0009292308617665227,446978754.88023305
2013-10-02,45.83595275878906,0.0,91.56999969482422,0.0,91.56999969482422,91.25,91.45999908447266,0.0,2765700,0.000947726896677194,446722021.4614081
2013-10-03,45.86600112915039,0.0,91.62999725341795,0.0,91.69000244140624,91.43000030517578,91.6500015258789,0.0,3169700,0.0009300400908257876,447352795.53939575
2013-10-04,45.94608688354492,0.0,91.79000091552734,0.0,91.87000274658205,91.54000091552734,91.5999984741211,0.0,2048300,0.0007977746816518908,447091943.44756716
2013-10-07,45.82593536376953,0.0,91.5500030517578,0.0,91.76000213623048,91.45999908447266,91.45999908447266,0.0,2391700,0.0008057901836826649,446592567.89014906
2013-10-08,45.805931091308594,0.0,91.51000213623048,0.0,91.86000061035156,91.48999786376952,91.75,0.0,2944700,0.0008539789901755842,446526644.30055165
2013-10-09,45.84596252441406,0.0,91.58999633789062,0.0,91.77999877929688,91.51000213623048,91.77999877929688,0.0,2973700,0.0008982153074810221,446676418.1485131
2013-10-10,46.05620574951172,0.0,92.01000213623048,0.0,92.0999984741211,91.81999969482422,91.81999969482422,0.0,2899500,0.0009274299296636405,447259019.1500527
2013-10-11,46.14131546020508,0.0,92.18000030517578,0.0,92.23999786376952,92.01000213623048,92.16000366210938,0.0,3293900,0.0008485563443760417,446746707.3011489
2013-10-14,46.21138381958008,0.0,92.31999969482422,0.0,92.41000366210938,92.0,92.0,0.0,1003900,0.0008543170545271239,444368685.0397564
2013-10-15,46.196388244628906,0.0,92.29000091552734,0.0,92.4000015258789,92.0500030517578,92.4000015258789,0.0,2310100,0.0009755161150095915,441719912.2802129
2013-10-16,46.4416389465332,0.0,92.77999877929688,0.0,92.79000091552734,92.31999969482422,92.33000183105467,0.0,6949700,0.0009755161150095915,444979643.2922484
2013-10-17,46.66690826416016,0.0,93.2300033569336,0.0,93.25,92.7300033569336,92.75,0.0,7277900,0.000936340235898755,448509593.99847
2013-10-18,46.762001037597656,0.0,93.41999816894533,0.0,93.5,93.25,93.27999877929688,0.0,2873800,0.000936340235898755,447903972.7636004
2013-10-21,46.6568603515625,0.0,93.20999908447266,0.0,93.45999908447266,93.20999908447266,93.4499969482422,0.0,2471400,0.0009546148227951414,448059667.15810263
2013-10-22,46.79704666137695,0.0,93.48999786376952,0.0,93.61000061035156,93.36000061035156,93.37999725341795,0.0,5488400,0.0010566890010291579,449205700.9820787
2013-10-23,46.83706665039063,0.0,93.56999969482422,0.0,93.58999633789062,93.31999969482422,93.56999969482422,0.0,2434200,0.0011474620367124054,449154674.26194084
2013-10-24,46.85209655761719,0.0,93.5999984741211,0.0,93.69000244140624,93.45999908447266,93.5999984741211,0.0,2284400,0.0011474620367124054,448823909.1758789
2013-10-25,46.86710739135742,0.0,93.62999725341795,0.0,93.6999969482422,93.5500030517578,93.63999938964844,0.0,2026000,0.0011920456757696395,448975567.540856
2013-10-28,46.85712432861328,0.0,93.61000061035156,0.0,93.6999969482422,93.58000183105467,93.6500015258789,0.0,1697900,0.0011042660288522355,447990534.1245258
2013-10-29,46.93217849731445,0.0,93.76000213623048,0.0,93.79000091552734,93.56999969482422,93.58999633789062,0.0,1864600,0.001143722928649365,445741997.89174396
2013-10-30,46.74197769165039,0.0,93.37999725341795,0.0,93.83000183105467,93.30999755859376,93.76000213623048,0.0,3691100,0.001101884275708352,445916344.51146805
2013-10-31,46.76700210571289,0.0,93.43000030517578,0.0,93.54000091552734,93.22000122070312,93.44000244140624,0.0,5846500,0.001102688632836835,448418125.4240732
2013-11-01,46.68653869628906,0.0,92.81999969482422,0.45,93.26000213623048,92.8000030517578,93.0,0.0,7882000,0.001102688632836835,453112910.0946396
2013-11-04,46.76700973510742,0.0,92.9800033569336,0.0,93.08000183105467,92.93000030517578,93.08000183105467,0.0,2025500,0.001046807259240216,452634609.695483
2013-11-05,46.64124298095703,0.0,92.7300033569336,0.0,92.91999816894533,92.7300033569336,92.91999816894533,0.0,2770300,0.0009461946982421826,451768517.4480196
2013-11-06,46.777076721191406,0.0,93.0,0.0,93.01000213623048,92.81999969482422,92.88999938964844,0.0,4936700,0.000932543378022759,454158884.4915602
2013-11-07,46.807228088378906,0.0,93.05999755859376,0.0,93.13999938964844,92.91999816894533,93.0999984741211,0.0,4802700,0.0008943898731494952,454177912.2402252
2013-11-08,46.72675323486328,0.0,92.9000015258789,0.0,92.95999908447266,92.66000366210938,92.69000244140624,0.0,4191100,0.0008943898731494952,455222181.9938115
2013-11-11,46.55071640014648,0.0,92.5500030517578,0.0,92.94000244140624,92.52999877929688,92.94000244140624,0.0,1607600,0.0009170272127143936,453022012.3227377
2013-11-12,46.48529052734375,0.0,92.41999816894533,0.0,92.58999633789062,92.37000274658205,92.55999755859376,0.0,2148900,0.0007481172017417732,452194940.65123665
2013-11-13,46.66133499145508,0.0,92.7699966430664,0.0,92.77999877929688,92.31999969482422,92.37000274658205,0.0,2795100,0.000813293255044942,449679293.7872993
2013-11-14,46.79718780517578,0.0,93.04000091552734,0.0,93.0500030517578,92.6500015258789,92.75,0.0,4216800,0.000813293255044942,449525194.27785116
2013-11-15,46.86758804321289,0.0,93.18000030517578,0.0,93.18000030517578,92.95999908447266,93.05999755859376,0.0,2990600,0.000813293255044942,450154613.65885055
2013-11-18,46.73178482055664,0.0,92.91000366210938,0.0,93.25,92.83000183105467,93.2300033569336,0.0,3694600,0.0008013059898241892,449333142.2263009
2013-11-19,46.71169662475586,0.0,92.87000274658205,0.0,93.01000213623048,92.79000091552734,92.87999725341795,0.0,1415800,0.0006857840462365593,446416775.33651686
2013-11-20,46.66640090942383,0.0,92.77999877929688,0.0,93.06999969482422,92.66999816894533,92.83000183105467,0.0,2470600,0.0006585172091143475,445755002.72536504
2013-11-21,46.82735443115234,0.0,93.0999984741211,0.0,93.0999984741211,92.76000213623048,92.83000183105467,0.0,1895800,0.000781868873199717,444584787.6161485
2013-11-22,46.862552642822266,0.0,93.16999816894533,0.0,93.1999969482422,92.98999786376952,93.05999755859376,0.0,1649200,0.0007372852341424827,443193128.46418107
2013-11-25,46.9329719543457,0.0,93.30999755859376,0.0,93.33999633789062,93.05999755859376,93.1999969482422,0.0,2813900,0.0006830450795281497,437103626.3002486
2013-11-26,46.96820068359375,0.0,93.37999725341795,0.0,93.43000030517578,93.1500015258789,93.22000122070312,0.0,2835300,0.0006772145722555775,435122629.15115356
2013-11-27,46.93803787231445,0.0,93.31999969482422,0.0,93.63999938964844,93.3000030517578,93.63999938964844,0.0,1845300,0.0006197770458030714,431467660.57897294
2013-11-29,46.98830795288086,0.0,93.41999816894533,0.0,93.4499969482422,93.30999755859376,93.33000183105467,0.0,958700,0.0006548061433912401,421681021.0512252
2013-12-02,47.00349044799805,0.0,93.0,0.45,93.02999877929688,92.8499984741211,92.88999938964844,0.0,5748100,0.0006781173746838765,420113049.4255248
2013-12-03,46.95798110961914,0.0,92.91000366210938,0.0,93.0,92.76000213623048,92.86000061035156,0.0,2710300,0.0006860546632594555,414620221.2992895
2013-12-04,46.83667755126953,0.0,92.66999816894533,0.0,92.87000274658205,92.54000091552734,92.75,0.0,3076100,0.0006860546632594555,408204051.86938936
2013-12-05,46.80131149291992,0.0,92.5999984741211,0.0,92.76000213623048,92.54000091552734,92.66999816894533,0.0,5354700,0.0006705454010879321,405631706.7292955
2013-12-06,46.932708740234375,0.0,92.86000061035156,0.0,92.9800033569336,92.6500015258789,92.83000183105467,0.0,2487900,0.0006791838927147425,401849950.25153995
2013-12-09,47.10455703735352,0.0,93.1999969482422,0.0,93.25,92.9000015258789,93.0500030517578,0.0,4313000,0.0006791838927147426,398451383.2216899
2013-12-10,47.10455703735352,0.0,93.1999969482422,0.0,93.23999786376952,93.08999633789062,93.1999969482422,0.0,1473200,0.0006175906928043409,392854052.08261275
2013-12-11,46.96305084228516,0.0,92.91999816894533,0.0,93.1999969482422,92.79000091552734,93.1999969482422,0.0,3586600,0.0006175906928043409,389961747.3873865
2013-12-12,46.87710189819336,0.0,92.75,0.0,93.01000213623048,92.75,92.93000030517578,0.0,4268800,0.0005985801777646125,390224591.4948781
2013-12-13,46.95293426513672,0.0,92.9000015258789,0.0,92.97000122070312,92.79000091552734,92.86000061035156,0.0,3523200,0.0006717132025050922,390000911.4447639
2013-12-16,46.99337005615234,0.0,92.9800033569336,0.0,93.04000091552734,92.87000274658205,92.87000274658205,0.0,3108500,0.0006717132025050922,389629625.3641401
2013-12-17,46.99840545654297,0.0,92.98999786376952,0.0,93.08000183105467,92.87999725341795,93.08000183105467,0.0,2799900,0.0006696956007644681,385898165.9346505
2013-12-18,47.079288482666016,0.0,93.1500015258789,0.0,93.27999877929688,92.75,93.0,0.0,4893500,0.000698670546403769,381526419.8724777
2013-12-19,47.02874374389648,0.0,93.0500030517578,0.0,93.08999633789062,92.91000366210938,93.0,0.0,5775500,0.000663811489055313,379176717.2416687
2013-12-20,47.05906677246094,0.0,93.11000061035156,0.0,93.11000061035156,92.93000030517578,93.0500030517578,0.0,12743900,0.0006112646391888859,380032010.74711025
2013-12-23,47.09444046020508,0.0,93.18000030517578,0.0,93.33000183105467,93.01000213623048,93.08999633789062,0.0,5525100,0.0006112646391888859,379650260.8415876
2013-12-24,47.069183349609375,0.0,93.12999725341795,0.0,93.20999908447266,93.0999984741211,93.0999984741211,0.0,1281600,0.0006350698726814894,376603027.3969378
2013-12-26,47.11334609985352,0.0,92.75,0.467,92.7699966430664,92.61000061035156,92.61000061035156,0.0,1577400,0.0006014434801569318,373713042.87312824
2013-12-27,47.1082878112793,0.0,92.73999786376952,0.0,92.77999877929688,92.6500015258789,92.77999877929688,0.0,1357300,0.0006485079650946906,370303657.60239494
2013-12-30,47.1489486694336,0.0,92.81999969482422,0.0,92.87000274658205,92.66999816894533,92.7699966430664,0.0,1888600,0.0006368200607765854,367934244.33736044
2013-12-31,47.17943954467773,0.0,92.87999725341795,0.0,92.95999908447266,92.7699966430664,92.8499984741211,0.0,2413400,0.0006135088294839491,366980726.1234889
2014-01-02,47.26067733764648,0.0,93.04000091552734,0.0,93.0500030517578,92.70999908447266,92.86000061035156,0.0,7412500,0.0006388866790933029,371243565.2925279
2014-01-03,47.24544906616211,0.0,93.01000213623048,0.0,93.11000061035156,92.94000244140624,92.98999786376952,0.0,1903300,0.0006388866790933029,370286333.8014209
2014-01-06,47.3470344543457,0.0,93.20999908447266,0.0,93.2300033569336,93.05999755859376,93.1500015258789,0.0,2622700,0.0005525950171098753,368150302.28751045
2014-01-07,47.3470344543457,0.0,93.20999908447266,0.0,93.30999755859376,93.16000366210938,93.2300033569336,0.0,3953000,0.0005439565254830648,366642211.4313277
2014-01-08,47.31656265258789,0.0,93.1500015258789,0.0,93.29000091552734,93.12000274658205,93.20999908447266,0.0,4540500,0.0005914920901007963,365256987.0815519
2014-01-09,47.38766479492188,0.0,93.29000091552734,0.0,93.3000030517578,93.19000244140624,93.25,0.0,3036600,0.0005937066804953797,363192345.00083923
2014-01-10,47.529884338378906,0.0,93.56999969482422,0.0,93.56999969482422,93.3499984741211,93.41000366210938,0.0,2423900,0.0005937066804953797,360740275.8610922
2014-01-13,47.47911834716797,0.0,93.47000122070312,0.0,93.61000061035156,93.41000366210938,93.5500030517578,0.0,4716600,0.0005957191764805192,359229090.9681048
2014-01-14,47.55021286010742,0.0,93.61000061035156,0.0,93.68000030517578,93.4800033569336,93.4800033569336,0.0,2636100,0.0005520655123386651,358764978.3219958
2014-01-15,47.646728515625,0.0,93.8000030517578,0.0,93.8000030517578,93.61000061035156,93.6999969482422,0.0,1797400,0.0005520655123386651,353683275.2447764
2014-01-16,47.62639999389648,0.0,93.76000213623048,0.0,93.83000183105467,93.7300033569336,93.79000091552734,0.0,1269800,0.000483895231050706,349538667.7603404
2014-01-17,47.63657760620117,0.0,93.77999877929688,0.0,93.88999938964844,93.72000122070312,93.83000183105467,0.0,2192300,0.00047157409569024777,349230435.99329144
2014-01-21,47.697540283203125,0.0,93.9000015258789,0.0,93.9499969482422,93.81999969482422,93.9000015258789,0.0,2056000,0.0004639097425289036,347862850.6313142
2014-01-22,47.62639999389648,0.0,93.76000213623048,0.0,93.94000244140624,93.7300033569336,93.93000030517578,0.0,3235400,0.0004277882424054636,348422605.22034055
2014-01-23,47.5654411315918,0.0,93.63999938964844,0.0,93.80999755859376,93.58000183105467,93.77999877929688,0.0,4989500,0.0004277882424054636,348257905.8788784
2014-01-24,47.25051498413086,0.0,93.0199966430664,0.0,93.47000122070312,92.98999786376952,93.45999908447266,0.0,7575400,0.00040396942627490335,349437670.15965176
2014-01-27,47.23525619506836,0.0,92.98999786376952,0.0,93.22000122070312,92.9499969482422,93.1500015258789,0.0,5482900,0.000443876521973352,350381456.32180107
2014-01-28,47.44356918334961,0.0,93.4000015258789,0.0,93.4800033569336,93.04000091552734,93.11000061035156,0.0,5393600,0.0004438527843052107,351550662.53751725
2014-01-29,47.30134963989258,0.0,93.12000274658205,0.0,93.26000213623048,93.0999984741211,93.25,0.0,5781700,0.00045614813563659925,352704290.71022516
2014-01-30,47.3825798034668,0.0,93.27999877929688,0.0,93.43000030517578,93.20999908447266,93.3000030517578,0.0,3940200,0.0004976475785882373,352613091.24598426
2014-01-31,47.36736297607422,0.0,93.25,0.0,93.37000274658205,93.12000274658205,93.12999725341795,0.0,7756900,0.0004630901943288144,354995785.9122988
2014-02-03,47.22542190551758,0.0,92.51000213623048,0.462,93.0199966430664,92.3000030517578,93.0199966430664,0.0,16150600,0.00046309019432881453,363699930.9158446
2014-02-04,47.28157424926758,0.0,92.62000274658205,0.0,92.8000030517578,92.58000183105467,92.75,0.0,5246900,0.0005053997143105102,365932438.51248723
2014-02-05,47.28157424926758,0.0,92.62000274658205,0.0,92.6999969482422,92.52999877929688,92.62000274658205,0.0,3893000,0.0005158645461085317,366321880.14348954
2014-02-06,47.45003509521485,0.0,92.9499969482422,0.0,92.97000122070312,92.66000366210938,92.77999877929688,0.0,3426100,0.00046832898149080015,367215487.2480059
2014-02-07,47.68999481201172,0.0,93.41999816894533,0.0,93.41999816894533,93.05999755859376,93.05999755859376,0.0,5193300,0.0004262571049854655,368989788.8945625
2014-02-10,47.720611572265625,0.0,93.4800033569336,0.0,93.54000091552734,93.30999755859376,93.41999816894533,0.0,5199700,0.0004262571049854655,371564328.43419635
2014-02-11,47.8022689819336,0.0,93.63999938964844,0.0,93.75,93.44000244140624,93.52999877929688,0.0,3950800,0.00037807907073688594,371711615.14684284
2014-02-12,47.72571563720703,0.0,93.48999786376952,0.0,93.72000122070312,93.45999908447266,93.66999816894533,0.0,2432100,0.00047061871354817564,371853037.23968023
2014-02-13,47.86355209350586,0.0,93.76000213623048,0.0,93.77999877929688,93.44000244140624,93.44000244140624,0.0,3078400,0.0005841655176450942,370806015.0477818
2014-02-14,47.94013977050781,0.0,93.91000366210938,0.0,93.9499969482422,93.69000244140624,93.6999969482422,0.0,2158700,0.0005841655176450942,367767600.95660496
2014-02-18,48.0064697265625,0.0,94.04000091552734,0.0,94.08999633789062,93.81999969482422,93.81999969482422,0.0,3734700,0.0005491074697505496,365581301.9714416
2014-02-19,47.88393783569336,0.0,93.8000030517578,0.0,94.19000244140624,93.77999877929688,94.11000061035156,0.0,7273600,0.0006222112567884755,366330938.8063824
2014-02-20,48.032020568847656,0.0,94.08999633789062,0.0,94.08999633789062,93.87000274658205,93.88999938964844,0.0,3756900,0.0006586496905519521,366105076.8242548
2014-02-21,48.07284927368164,0.0,94.16999816894533,0.0,94.2300033569336,94.0999984741211,94.0999984741211,0.0,2574600,0.0006586496905519521,365805782.3269556
2014-02-24,48.1800422668457,0.0,94.37999725341795,0.0,94.44000244140624,94.25,94.25,0.0,3531600,0.0006586496905519521,365528762.4675569
2014-02-25,48.23619079589844,0.0,94.48999786376952,0.0,94.5199966430664,94.37999725341795,94.4000015258789,0.0,2979500,0.0006187425948535034,365320948.3274732
2014-02-26,48.3178596496582,0.0,94.6500015258789,0.0,94.6500015258789,94.5,94.56999969482422,0.0,2722100,0.000571701847583886,365651599.9221438
2014-02-27,48.40976333618164,0.0,94.83000183105467,0.0,94.83999633789062,94.6500015258789,94.6500015258789,0.0,4377300,0.0005352609458539507,366369519.3082295
2014-02-28,48.460819244384766,0.0,94.93000030517578,0.0,95.0199966430664,94.72000122070312,94.81999969482422,0.0,3919300,0.0004937615029023127,366532320.28935146
2014-03-03,48.41619110107422,0.0,94.37999725341795,0.463,94.5,94.11000061035156,94.37000274658205,0.0,9488700,0.0004792799437433891,370727907.8426361
2014-03-04,48.59059143066406,0.0,94.72000122070312,0.0,94.75,94.4800033569336,94.61000061035156,0.0,9313600,0.0004792799437433891,375926367.30425394
2014-03-05,48.503395080566406,0.0,94.5500030517578,0.0,94.6999969482422,94.5,94.69000244140624,0.0,4531600,0.0005206354079272394,372162525.6211175
2014-03-06,48.43155670166016,0.0,94.41000366210938,0.0,94.66999816894533,94.37000274658205,94.62999725341795,0.0,4075500,0.0005491396277204815,372690633.20961607
2014-03-07,48.246883392333984,0.0,94.0500030517578,0.0,94.37999725341795,94.01000213623048,94.30999755859376,0.0,4552000,0.0005491396277204815,373493257.0592305
2014-03-10,48.25204849243164,0.0,94.05999755859376,0.0,94.08999633789062,93.91999816894533,94.04000091552734,0.0,1908200,0.0005491396277204815,371529419.1447848
2014-03-11,48.20072937011719,0.0,93.95999908447266,0.0,94.16000366210938,93.94000244140624,94.13999938964844,0.0,1618500,0.0005979723866502311,369689945.53857225
2014-03-12,48.282814025878906,0.0,94.12000274658205,0.0,94.13999938964844,93.97000122070312,93.9800033569336,0.0,2595000,0.0006724561086058941,367804872.8449685
2014-03-13,48.154579162597656,0.0,93.87000274658205,0.0,94.18000030517578,93.83000183105467,94.18000030517578,0.0,4829700,0.0006005953536430146,368858272.46220905
2014-03-14,48.118629455566406,0.0,93.8000030517578,0.0,94.01000213623048,93.73999786376952,93.88999938964844,0.0,4088200,0.0004896899965213671,369301974.02846926
2014-03-17,48.18535232543945,0.0,93.93000030517578,0.0,94.01000213623048,93.8499984741211,93.91000366210938,0.0,2943100,0.0005460675180110877,369480162.38329446
2014-03-18,48.32897567749024,0.0,94.20999908447266,0.0,94.2300033569336,93.93000030517578,94.02999877929688,0.0,2903500,0.0005460675180110877,368503693.45405823
2014-03-19,48.08271408081055,0.0,93.7300033569336,0.0,94.29000091552734,93.54000091552734,94.19000244140624,0.0,9983600,0.0005160916348247849,371571698.7069569
2014-03-20,48.246883392333984,0.0,94.0500030517578,0.0,94.06999969482422,93.66999816894533,93.9000015258789,0.0,4872300,0.0005736183528764307,369705728.7374345
2014-03-21,48.21610641479492,0.0,93.98999786376952,0.0,94.16000366210938,93.95999908447266,94.01000213623048,0.0,6106500,0.0005736183528764307,369988846.1806827
2014-03-24,48.23151016235352,0.0,94.0199966430664,0.0,94.1999969482422,93.95999908447266,94.1999969482422,0.0,5986100,0.0006665643359380828,371498704.0810237
2014-03-25,48.32897567749024,0.0,94.20999908447266,0.0,94.29000091552734,94.08999633789062,94.08999633789062,0.0,3468800,0.0007337742458166589,369280885.3892856
2014-03-26,48.339237213134766,0.0,94.2300033569336,0.0,94.3499984741211,94.16000366210938,94.3499984741211,0.0,3887200,0.0007540901165608052,366375411.5950145
2014-03-27,48.26744079589844,0.0,94.08999633789062,0.0,94.23999786376952,94.06999969482422,94.16999816894533,0.0,2255400,0.0007540901165608052,365478280.9782967
2014-03-28,48.34949493408203,0.0,94.25,0.0,94.3499984741211,94.16999816894533,94.2300033569336,0.0,2732600,0.0008150992955951871,364055441.3782998
2014-03-31,48.42131805419922,0.0,94.38999938964844,0.0,94.48999786376952,94.33999633789062,94.4499969482422,0.0,2641400,0.0008053095668436204,361092537.57842535
2014-04-01,48.51150131225586,0.0,94.12000274658205,0.445,94.12000274658205,93.97000122070312,94.0500030517578,0.0,4514900,0.0008053095668436204,359923236.9987306
2014-04-02,48.4599838256836,0.0,94.0199966430664,0.0,94.13999938964844,93.9800033569336,94.13999938964844,0.0,2285900,0.0007844079435189794,357456420.73157173
2014-04-03,48.48062515258789,0.0,94.05999755859376,0.0,94.1500015258789,94.04000091552734,94.0999984741211,0.0,2812400,0.0007892725333176063,357545938.10441154
2014-04-04,48.59397888183594,0.0,94.27999877929688,0.0,94.36000061035156,94.1500015258789,94.18000030517578,0.0,4555000,0.0007983518402363986,358649158.67699516
2014-04-07,48.49089431762695,0.0,94.08000183105467,0.0,94.3000030517578,94.06999969482422,94.2699966430664,0.0,1520900,0.0008258253167065311,358292593.72389656
2014-04-08,48.60429382324219,0.0,94.3000030517578,0.0,94.3000030517578,94.08000183105467,94.1500015258789,0.0,2804400,0.0008901203808728981,358653663.45611453
2014-04-09,48.68157577514648,0.0,94.4499969482422,0.0,94.45999908447266,94.1999969482422,94.3000030517578,0.0,4383400,0.0008156366589172351,359800827.0539904
2014-04-10,48.54241943359375,0.0,94.18000030517578,0.0,94.5,94.18000030517578,94.5,0.0,3226900,0.0008836164123947202,360051210.15617126
2014-04-11,48.33625793457031,0.0,93.77999877929688,0.0,94.22000122070312,93.7699966430664,94.22000122070312,0.0,7228500,0.0008809749654194492,363313953.9655534
2014-04-14,48.49089431762695,0.0,94.08000183105467,0.0,94.13999938964844,93.83999633789062,93.83999633789062,0.0,3355800,0.0009413960596690501,363409842.59364414
2014-04-15,48.54241943359375,0.0,94.18000030517578,0.0,94.22000122070312,94.0,94.22000122070312,0.0,3104900,0.0009413960596690501,364995076.2067704
2014-04-16,48.56821060180664,0.0,94.2300033569336,0.0,94.25,94.0999984741211,94.22000122070312,0.0,3450100,0.0008882350623879434,365883201.6311101
2014-04-17,48.51150131225586,0.0,94.12000274658205,0.0,94.25,94.0999984741211,94.18000030517578,0.0,2443800,0.0008392263772546571,362591275.4818689
2014-04-21,48.51150131225586,0.0,94.12000274658205,0.0,94.27999877929688,94.0999984741211,94.23999786376952,0.0,1682200,0.0009088457596765265,358462783.6341616
2014-04-22,48.56305694580078,0.0,94.22000122070312,0.0,94.2699966430664,94.12000274658205,94.25,0.0,2442800,0.0008854867642021718,358158737.82657444
2014-04-23,48.578495025634766,0.0,94.25,0.0,94.44000244140624,94.1999969482422,94.23999786376952,0.0,1591300,0.0008182768543235958,357520807.93183345
2014-04-24,48.58883285522461,0.0,94.2699966430664,0.0,94.4000015258789,94.1500015258789,94.25,0.0,1021700,0.0008703547875978044,354212912.3071883
2014-04-25,48.573368072509766,0.0,94.23999786376952,0.0,94.31999969482422,94.16000366210938,94.30999755859376,0.0,1195400,0.0009303373083686008,353299312.3086899
2014-04-28,48.56305694580078,0.0,94.22000122070312,0.0,94.3000030517578,94.12999725341795,94.26000213623048,0.0,1903900,0.0009249877463878812,353026023.6087678
2014-04-29,48.63520812988281,0.0,94.36000061035156,0.0,94.37999725341795,94.19000244140624,94.36000061035156,0.0,1775300,0.0009258254467845908,352850015.15359426
2014-04-30,48.6248893737793,0.0,94.33999633789062,0.0,94.41999816894533,94.1999969482422,94.36000061035156,0.0,4393100,0.0010035320653329304,354877829.58117896
2014-05-01,48.57469177246094,0.0,93.81999969482422,0.423,94.0500030517578,93.81999969482422,94.01000213623048,0.0,7322200,0.0009508256453013627,358942463.72230774
2014-05-02,48.688602447509766,0.0,94.04000091552734,0.0,94.04000091552734,93.83000183105467,94.04000091552734,0.0,2146000,0.001011674077061478,357808613.9929635
2014-05-05,48.667850494384766,0.0,94.0,0.0,94.08000183105467,93.75,93.7699966430664,0.0,3541300,0.0010811628706593828,356115310.0502317
2014-05-06,48.6782455444336,0.0,94.0199966430664,0.0,94.1500015258789,93.9800033569336,94.1500015258789,0.0,2567800,0.0010536893941892503,352224971.2390052
2014-05-07,48.75069046020508,0.0,94.16000366210938,0.0,94.26000213623048,94.0500030517578,94.08999633789062,0.0,1578600,0.0009664747052079024,351909971.11981106
2014-05-08,48.740379333496094,0.0,94.13999938964844,0.0,94.30999755859376,94.08999633789062,94.2699966430664,0.0,4522400,0.0010230599902523669,353250041.0002875
2014-05-09,48.78697204589844,0.0,94.2300033569336,0.0,94.3000030517578,94.13999938964844,94.16000366210938,0.0,1736600,0.0009715708751794232,350905014.9989355
2014-05-12,48.8387336730957,0.0,94.33000183105467,0.0,94.37999725341795,94.22000122070312,94.37999725341795,0.0,1123000,0.0009715708751794232,348198612.9495833
2014-05-13,48.9163932800293,0.0,94.4800033569336,0.0,94.62000274658205,94.25,94.2699966430664,0.0,1933600,0.0008587854016439295,346558401.3471694
2014-05-14,48.94229507446289,0.0,94.52999877929688,0.0,94.58999633789062,94.38999938964844,94.4000015258789,0.0,1721400,0.0009233847138419722,346669040.6725081
2014-05-15,48.89569091796875,0.0,94.44000244140624,0.0,94.5999984741211,94.33999633789062,94.5999984741211,0.0,4240700,0.0009894199915970957,348271345.3097147
2014-05-16,48.99405670166016,0.0,94.62999725341795,0.0,94.6500015258789,94.37999725341795,94.5,0.0,3185000,0.0009926077084942567,348605433.59253293
2014-05-19,49.06655502319336,0.0,94.7699966430664,0.0,94.8499984741211,94.51000213623048,94.5999984741211,0.0,7351000,0.0009229883260723872,351020696.842236
2014-05-20,49.004390716552734,0.0,94.6500015258789,0.0,94.77999877929688,94.63999938964844,94.7699966430664,0.0,4217800,0.0008886897931784952,351977448.1717851
2014-05-21,48.99923706054688,0.0,94.63999938964844,0.0,94.7699966430664,94.5,94.7300033569336,0.0,2925900,0.0009194300830914801,351450796.38356405
2014-05-22,49.03547286987305,0.0,94.70999908447266,0.0,94.7300033569336,94.58999633789062,94.66000366210938,0.0,1950900,0.0008905636849373406,351873688.34646314
2014-05-23,49.0510139465332,0.0,94.73999786376952,0.0,94.83999633789062,94.66000366210938,94.66000366210938,0.0,2289100,0.0008305811641665442,351775649.1728586
2014-05-27,49.097599029541016,0.0,94.83000183105467,0.0,94.8499984741211,94.72000122070312,94.7699966430664,0.0,4384700,0.0008157091333145571,353674872.44207597
2014-05-28,49.113162994384766,0.0,94.86000061035156,0.0,94.9000015258789,94.80999755859376,94.8499984741211,0.0,3904400,0.0008093646395684561,355394836.1357492
2014-05-29,49.15972518920898,0.0,94.9499969482422,0.0,95.0,94.83999633789062,94.9000015258789,0.0,4734800,0.0007316580210201164,356878996.797816
2014-05-30,49.211524963378906,0.0,95.0500030517578,0.0,95.06999969482422,94.93000030517578,94.9800033569336,0.0,4445800,0.0007210645837865062,358131480.90380716
2014-06-02,49.054969787597656,0.0,94.31999969482422,0.429,94.75,94.30999755859376,94.75,0.0,5722500,0.0006185609393407025,361048487.2753688
2014-06-03,49.060157775878906,0.0,94.33000183105467,0.0,94.43000030517578,94.30999755859376,94.41000366210938,0.0,2978300,0.0005605829411770129,362567386.4198836
2014-06-04,49.060157775878906,0.0,94.33000183105467,0.0,94.4000015258789,94.26000213623048,94.30999755859376,0.0,2527200,0.0005789946895646892,360216731.50422835
2014-06-05,49.17979049682617,0.0,94.55999755859376,0.0,94.58999633789062,94.33000183105467,94.41999816894533,0.0,2034100,0.0005530815554499205,359744751.40985155
2014-06-06,49.32020568847656,0.0,94.83000183105467,0.0,94.91000366210938,94.58999633789062,94.5999984741211,0.0,3059100,0.0004964962704054561,359784690.118057
2014-06-09,49.37744140625,0.0,94.94000244140624,0.0,94.9800033569336,94.77999877929688,94.97000122070312,0.0,2906800,0.0004298473835538788,358039661.4455753
2014-06-10,49.35141754150391,0.0,94.88999938964844,0.0,95.0,94.76000213623048,94.76000213623048,0.0,2091000,0.0005219750366749553,357780840.7567282
2014-06-11,49.35659790039063,0.0,94.9000015258789,0.0,94.91999816894533,94.77999877929688,94.87999725341795,0.0,1699500,0.000566143331925694,355870610.326216
2014-06-12,49.325439453125,0.0,94.83999633789062,0.0,94.93000030517578,94.80999755859376,94.80999755859376,0.0,1354000,0.0005453003731414085,355800063.6558775
2014-06-13,49.382606506347656,0.0,94.9499969482422,0.0,94.9800033569336,94.83000183105467,94.9800033569336,0.0,1276500,0.0004865269046073819,354117022.43104964
2014-06-16,49.35659790039063,0.0,94.9000015258789,0.0,95.0,94.88999938964844,94.91999816894533,0.0,1869500,0.0004240559156524685,352382771.2632134
2014-06-17,49.32020568847656,0.0,94.83000183105467,0.0,95.0,94.77999877929688,94.88999938964844,0.0,7251700,0.00045705338011299497,355242877.921168
2014-06-18,49.543853759765625,0.0,95.26000213623048,0.0,95.30999755859376,94.83999633789062,94.83999633789062,0.0,4284800,0.0004217649254195896,356188447.1014719
2014-06-19,49.533447265625,0.0,95.23999786376952,0.0,95.30999755859376,95.1500015258789,95.2699966430664,0.0,2882500,0.00042454610856478665,356300880.4254683
2014-06-20,49.58023071289063,0.0,95.33000183105467,0.0,95.4000015258789,95.23999786376952,95.26000213623048,0.0,2372300,0.0003810187027005713,354478037.8133804
2014-06-23,49.57503128051758,0.0,95.31999969482422,0.0,95.43000030517578,95.29000091552734,95.33999633789062,0.0,1551000,0.0004096311833020629,351386220.5665649
2014-06-24,49.533447265625,0.0,95.23999786376952,0.0,95.41000366210938,95.23999786376952,95.2699966430664,0.0,1839300,0.0004071063862665557,343359160.179998
2014-06-25,49.60627365112305,0.0,95.37999725341795,0.0,95.4000015258789,95.25,95.3000030517578,0.0,2385000,0.0004789384567532841,341078624.2574843
2014-06-26,49.55426406860352,0.0,95.27999877929688,0.0,95.38999938964844,95.1999969482422,95.33999633789062,0.0,1806400,0.0005322083393709727,341497341.6012537
2014-06-27,49.55426406860352,0.0,95.27999877929688,0.0,95.33000183105467,95.19000244140624,95.30999755859376,0.0,1702700,0.0005778517130652675,341623765.4419006
2014-06-30,49.51264572143555,0.0,95.1999969482422,0.0,95.31999969482422,95.11000061035156,95.11000061035156,0.0,2647600,0.0006166997367004196,342625158.4007869
2014-07-01,49.52569961547852,0.0,94.80999755859376,0.415,95.02999877929688,94.77999877929688,94.93000030517578,0.0,3472700,0.0005961096343474123,343846958.61585104
2014-07-02,49.55705642700195,0.0,94.87000274658205,0.0,95.0,94.80999755859376,94.87000274658205,0.0,2819400,0.000659110140754266,344190767.34896463
2014-07-03,49.483917236328125,0.0,94.7300033569336,0.0,94.91000366210938,94.6999969482422,94.86000061035156,0.0,2776100,0.000659110140754266,340804425.72620934
2014-07-07,49.44733428955078,0.0,94.66000366210938,0.0,94.8000030517578,94.6500015258789,94.6999969482422,0.0,1941300,0.000659110140754266,340857898.170998
2014-07-08,49.457801818847656,0.0,94.68000030517578,0.0,94.77999877929688,94.66000366210938,94.73999786376952,0.0,2035300,0.0007127520652960074,340447107.2187938
2014-07-09,49.42124176025391,0.0,94.61000061035156,0.0,94.8000030517578,94.58000183105467,94.75,0.0,3945400,0.0006596059587510553,340485322.85393006
2014-07-10,49.26972961425781,0.0,94.31999969482422,0.0,94.54000091552734,94.29000091552734,94.54000091552734,0.0,6011600,0.0006114245212964887,341628707.9986693
2014-07-11,49.353328704833984,0.0,94.4800033569336,0.0,94.52999877929688,94.33000183105467,94.33000183105467,0.0,2071400,0.0006573528052950166,340933640.23814124
2014-07-14,49.3376350402832,0.0,94.4499969482422,0.0,94.8000030517578,94.44000244140624,94.8000030517578,0.0,2632700,0.0006292428584687014,341107086.1485012
2014-07-15,49.259307861328125,0.0,94.3000030517578,0.0,94.51000213623048,94.29000091552734,94.45999908447266,0.0,2888400,0.0006088863497491152,339769907.7441927
2014-07-16,49.18093490600586,0.0,94.1500015258789,0.0,94.41000366210938,94.12999725341795,94.41000366210938,0.0,4264900,0.0005758888852885888,340998280.910056
2014-07-17,48.8361701965332,0.0,93.48999786376952,0.0,94.13999938964844,93.4800033569336,94.11000061035156,0.0,5767800,0.0005758888852885888,343939832.37190855
2014-07-18,49.03989791870117,0.0,93.87999725341795,0.0,93.9800033569336,93.6500015258789,93.7699966430664,0.0,1994800,0.0006429248041887205,344481224.17991275
2014-07-21,48.956336975097656,0.0,93.72000122070312,0.0,93.87999725341795,93.62999725341795,93.8499984741211,0.0,3111700,0.000725349352978205,345164038.75510806
2014-07-22,49.02422332763672,0.0,93.8499984741211,0.0,94.0,93.76000213623048,93.7699966430664,0.0,3707100,0.0007180339084514628,346393030.23293513
2014-07-23,49.11827087402344,0.0,94.02999877929688,0.0,94.08000183105467,93.93000030517578,93.95999908447266,0.0,1995900,0.000735037886000701,345474961.69049096
2014-07-24,49.20708084106445,0.0,94.1999969482422,0.0,94.29000091552734,93.98999786376952,94.06999969482422,0.0,3089100,0.0006632058155139726,344076361.9573018
2014-07-25,49.123497009277344,0.0,94.04000091552734,0.0,94.2300033569336,94.01000213623048,94.18000030517578,0.0,3072300,0.0007023208499696164,340776801.73700726
2014-07-28,48.97720336914063,0.0,93.76000213623048,0.0,94.04000091552734,93.73999786376952,94.01000213623048,0.0,5355100,0.0006566774762753214,340715209.1032967
2014-07-29,48.90932846069336,0.0,93.62999725341795,0.0,94.0,93.61000061035156,93.81999969482422,0.0,3877100,0.0006953873787322505,339598150.4852113
2014-07-30,48.70560836791992,0.0,93.23999786376952,0.0,93.7699966430664,93.0999984741211,93.7300033569336,0.0,5415100,0.0006953873787322505,339332372.6483239
2014-07-31,48.3085823059082,0.0,92.4800033569336,0.0,92.97000122070312,92.44000244140624,92.83000183105467,0.0,7460000,0.0006139751239377204,341890777.20270914
2014-08-01,48.30388641357422,0.0,92.04000091552734,0.431,92.3499984741211,91.31999969482422,92.05999755859376,0.0,10942000,0.0006139751239377204,344142926.131421
2014-08-04,48.5977668762207,0.0,92.5999984741211,0.0,92.62999725341795,92.02999877929688,92.05999755859376,0.0,7020400,0.0006139751239377204,337444489.53448707
2014-08-05,48.50327682495117,0.0,92.41999816894533,0.0,92.62999725341795,92.27999877929688,92.61000061035156,0.0,3612500,0.0006837282016542608,336237341.5263464
2014-08-06,48.618743896484375,0.0,92.63999938964844,0.0,92.7300033569336,92.3499984741211,92.37999725341795,0.0,4167700,0.0007317110400783042,336439929.2625669
2014-08-07,48.65023040771485,0.0,92.6999969482422,0.0,92.9499969482422,92.66999816894533,92.69000244140624,0.0,3833900,0.0007317110400783042,336733155.72094387
2014-08-08,48.80243682861328,0.0,92.98999786376952,0.0,93.05999755859376,92.5,92.5,0.0,3426300,0.0007279708657661759,335411358.5240379
2014-08-11,49.03336334228516,0.0,93.43000030517578,0.0,93.48999786376952,92.98999786376952,93.12000274658205,0.0,6908300,0.0007279708657661759,336676235.4895395
2014-08-12,49.02288055419922,0.0,93.41000366210938,0.0,93.55999755859376,93.31999969482422,93.47000122070312,0.0,4231700,0.0007279708657661759,336877268.8459548
2014-08-13,49.164512634277344,0.0,93.68000030517578,0.0,93.6999969482422,93.45999908447266,93.6500015258789,0.0,4960200,0.0007401166498941583,338760558.6372981
2014-08-14,49.259033203125,0.0,93.86000061035156,0.0,93.95999908447266,93.70999908447266,93.72000122070312,0.0,4246600,0.0007401166498941583,339633218.0659945
2014-08-15,49.35871124267578,0.0,94.0500030517578,0.0,94.11000061035156,93.87000274658205,94.0199966430664,0.0,6051300,0.0006395592579358446,342541164.562516
2014-08-18,49.500431060791016,0.0,94.31999969482422,0.0,94.33999633789062,94.01000213623048,94.06999969482422,0.0,5112800,0.0005571347091463602,343581070.1420436
2014-08-19,49.48468399047852,0.0,94.29000091552734,0.0,94.37999725341795,94.23999786376952,94.37000274658205,0.0,2747200,0.0005358376730716108,340222100.2080584
2014-08-20,49.52143096923828,0.0,94.36000061035156,0.0,94.4800033569336,94.16999816894533,94.31999969482422,0.0,2470000,0.0005191618091462326,339266405.71810406
2014-08-21,49.52143096923828,0.0,94.36000061035156,0.0,94.45999908447266,94.33999633789062,94.36000061035156,0.0,1869100,0.000547804282238343,338741946.9867948
2014-08-22,49.40073013305664,0.0,94.12999725341795,0.0,94.41000366210938,94.08999633789062,94.3499984741211,0.0,3065500,0.0004554193651650108,338386733.5604471
2014-08-25,49.50567626953125,0.0,94.33000183105467,0.0,94.37999725341795,94.08000183105467,94.26000213623048,0.0,1958000,0.0005945865060069351,337618203.36163837
2014-08-26,49.54241561889648,0.0,94.4000015258789,0.0,94.47000122070312,94.30999755859376,94.33000183105467,0.0,1562400,0.0005148501512106515,336743947.7523562
2014-08-27,49.49518966674805,0.0,94.30999755859376,0.0,94.4800033569336,94.3000030517578,94.47000122070312,0.0,3685200,0.0005926480478419086,336207851.2125772
2014-08-28,49.42169189453125,0.0,94.16999816894533,0.0,94.38999938964844,94.12999725341795,94.27999877929688,0.0,1815400,0.0005926480478419086,334611796.1687663
2014-08-29,49.45844650268555,0.0,94.23999786376952,0.0,94.27999877929688,94.12000274658205,94.23999786376952,0.0,2046000,0.000637890765511495,329034586.2932962
2014-09-02,49.51643753051758,0.0,93.91999816894533,0.43,93.9800033569336,93.75,93.7699966430664,0.0,4484800,0.0006509195621618537,325376079.97916085
2014-09-03,49.38990783691406,0.0,93.68000030517578,0.0,93.91999816894533,93.66999816894533,93.91999816894533,0.0,3200200,0.0005657290282959646,324354904.92477417
2014-09-04,49.22649383544922,0.0,93.37000274658205,0.0,93.7699966430664,93.26000213623048,93.7300033569336,0.0,4754500,0.00047876464329579674,324824426.4178988
2014-09-05,49.16849899291992,0.0,93.26000213623048,0.0,93.4499969482422,93.25,93.37999725341795,0.0,4752700,0.0005147941345048724,324944435.9279088
2014-09-08,49.12100601196289,0.0,93.16999816894533,0.0,93.3499984741211,93.08000183105467,93.23999786376952,0.0,2549200,0.00042884967140471565,325404941.2611704
2014-09-09,48.89434051513672,0.0,92.73999786376952,0.0,93.13999938964844,92.70999908447266,93.13999938964844,0.0,4647900,0.00042884967140471565,327619004.57508147
2014-09-10,48.91542053222656,0.0,92.77999877929688,0.0,92.81999969482422,92.5500030517578,92.75,0.0,3290600,0.00042884967140471565,328103611.3755241
2014-09-11,48.91542053222656,0.0,92.77999877929688,0.0,92.83999633789062,92.58000183105467,92.68000030517578,0.0,2822400,0.000527166721488621,326583756.74290127
2014-09-12,48.85740661621094,0.0,92.66999816894533,0.0,92.8000030517578,92.5199966430664,92.6999969482422,0.0,5372500,0.0006080326055177893,327491664.62136525
2014-09-15,48.7678337097168,0.0,92.5,0.0,92.76000213623048,92.47000122070312,92.75,0.0,3592400,0.0007032989908604393,327934931.4158243
2014-09-16,48.86798858642578,0.0,92.69000244140624,0.0,92.86000061035156,92.43000030517578,92.4499969482422,0.0,5132200,0.000818876156033853,329539414.7347768
2014-09-17,49.02613067626953,0.0,92.98999786376952,0.0,93.08999633789062,92.76000213623048,92.87000274658205,0.0,4399300,0.000818876156033853,325359478.5132514
2014-09-18,49.04193878173828,0.0,93.0199966430664,0.0,93.08000183105467,92.91000366210938,92.9800033569336,0.0,3640300,0.0008337466344826234,324410120.2903203
2014-09-19,49.11578369140625,0.0,93.16000366210938,0.0,93.19000244140624,93.0199966430664,93.0999984741211,0.0,6000600,0.000805104161390513,324291596.4492071
2014-09-22,49.02613067626953,0.0,92.98999786376952,0.0,93.23999786376952,92.91000366210938,93.16000366210938,0.0,4355300,0.0008585273666756896,323039106.2570723
2014-09-23,48.778316497802734,0.0,92.5199966430664,0.0,92.91999816894533,92.44000244140624,92.79000091552734,0.0,3573100,0.0007193602258337652,323069166.21882725
2014-09-24,48.63072204589844,0.0,92.23999786376952,0.0,92.5,92.05999755859376,92.5,0.0,6342700,0.0007193602258337652,324805354.8331246
2014-09-25,48.29856872558594,0.0,91.61000061035156,0.0,92.0999984741211,91.5,92.0999984741211,0.0,7348000,0.000641562329202508,328463606.473953
2014-09-26,48.26691818237305,0.0,91.5500030517578,0.0,91.7300033569336,90.9499969482422,91.22000122070312,0.0,11842500,0.000641562329202508,335024188.70522636
2014-09-29,48.1667594909668,0.0,91.36000061035156,0.0,91.37000274658205,90.88999938964844,91.04000091552734,0.0,6289400,0.0007759761249843299,337605758.89134485
2014-09-30,48.477821350097656,0.0,91.9499969482422,0.0,92.02999877929688,91.5500030517578,91.63999938964844,0.0,6905400,0.0007629473283339713,339272497.8478992
2014-10-01,48.53131866455078,0.0,91.66000366210938,0.391,91.9000015258789,91.5199966430664,91.75,0.0,9996600,0.0008987142807388743,344838911.19934565
2014-10-02,48.62660217285156,0.0,91.83999633789062,0.0,91.87999725341795,91.4000015258789,91.62000274658205,0.0,6197300,0.0010463533540198023,347256575.264195
2014-10-03,48.79072189331055,0.0,92.1500015258789,0.0,92.43000030517578,91.97000122070312,92.0999984741211,0.0,6371600,0.0010103238628107265,348508143.1632632
2014-10-06,48.84370040893555,0.0,92.25,0.0,92.44000244140624,92.13999938964844,92.3000030517578,0.0,4213800,0.0011138136504659632,350457641.3792565
2014-10-07,48.65837860107422,0.0,91.9000015258789,0.0,92.20999908447266,91.80999755859376,92.12999725341795,0.0,4994200,0.0011138136504659632,352001387.8797501
2014-10-08,48.891357421875,0.0,92.33999633789062,0.0,92.37999725341795,91.7300033569336,91.87999725341795,0.0,7589400,0.0012624101680925991,354277523.20978075
2014-10-09,48.372440338134766,0.0,91.36000061035156,0.0,92.2300033569336,91.2699966430664,92.1500015258789,0.0,7177500,0.0013606124175465461,357069800.6811778
2014-10-10,47.98067092895508,0.0,90.62000274658205,0.0,91.30999755859376,90.51000213623048,91.18000030517578,0.0,14239800,0.0012797465335173779,361931086.3473256
2014-10-13,47.74238967895508,0.0,90.16999816894533,0.0,90.95999908447266,90.1500015258789,90.5500030517578,0.0,7908500,0.001184480148174728,365085020.9534721
2014-10-14,47.901248931884766,0.0,90.47000122070312,0.0,90.7699966430664,90.22000122070312,90.5,0.0,11695300,0.0012947877313767581,371161642.5592574
2014-10-15,47.91181945800781,0.0,90.48999786376952,0.0,90.48999786376952,89.20999908447266,90.20999908447266,0.0,11711300,0.0012947877313767581,376992218.57037014
2014-10-16,48.18184661865234,0.0,91.0,0.0,91.0999984741211,89.8499984741211,89.98999786376953,0.0,12623100,0.00124132635013796,384283422.04090905
2014-10-17,48.58955764770508,0.0,91.7699966430664,0.0,92.23999786376952,91.4000015258789,91.73999786376952,0.0,13575900,0.00124132635013796,392914625.4441337
2014-10-20,48.939002990722656,0.0,92.43000030517578,0.0,92.5,91.7300033569336,91.83000183105467,0.0,7331400,0.0012396982948386054,396466059.45409745
2014-10-21,49.33608627319336,0.0,93.18000030517578,0.0,93.1999969482422,92.62000274658205,92.62000274658205,0.0,7453700,0.0012396982948386054,400787930.432468
2014-10-22,49.01311111450195,0.0,92.56999969482422,0.0,93.1999969482422,92.4499969482422,93.16000366210938,0.0,8363900,0.0014968873633428906,406168331.7410181
2014-10-23,48.99191284179688,0.0,92.52999877929688,0.0,94.91999816894533,92.51000213623048,92.87000274658205,0.0,9482300,0.001568168230135687,412237718.35989577
2014-10-24,49.129642486572266,0.0,92.79000091552734,0.0,92.91999816894533,92.4499969482422,92.4499969482422,0.0,5764300,0.001568168230135687,415059019.486509
2014-10-27,48.92840576171875,0.0,92.41000366210938,0.0,92.75,92.33999633789062,92.7300033569336,0.0,4911400,0.0014976350274830846,417331600.3031958
2014-10-28,49.00783920288086,0.0,92.55999755859376,0.0,92.70999908447266,92.37999725341795,92.54000091552734,0.0,6024200,0.0016493411576698198,418467750.29827905
2014-10-29,48.97076416015625,0.0,92.48999786376952,0.0,92.68000030517578,92.20999908447266,92.62999725341795,0.0,5320700,0.0015722050259257847,416921264.0273927
2014-10-30,48.9495964050293,0.0,92.4499969482422,0.0,94.9499969482422,92.38999938964844,92.5,0.0,3341700,0.0014245659526448567,417771504.6054658
2014-10-31,48.99191284179688,0.0,92.52999877929688,0.0,92.80999755859376,92.5,92.80999755859376,0.0,5065400,0.0014492194493307838,418849435.20718527
2014-11-03,49.09511184692383,0.0,92.31999969482422,0.404,92.51000213623048,92.18000030517578,92.22000122070312,0.0,4936200,0.0013457296616755474,420550113.26364183
2014-11-04,48.940879821777344,0.0,92.02999877929688,0.0,92.29000091552734,91.95999908447266,92.29000091552734,0.0,5886200,0.0013457296616755474,423669684.66867113
2014-11-05,48.93024826049805,0.0,92.01000213623048,0.0,92.18000030517578,91.91000366210938,92.16000366210938,0.0,4399300,0.0012579667325465233,423503342.36040264
2014-11-06,49.0578727722168,0.0,92.25,0.0,92.2699966430664,92.06999969482422,92.08000183105467,0.0,3747700,0.00109647493130423,424948465.38556415
2014-11-07,49.10575485229492,0.0,92.33999633789062,0.0,92.37999725341795,92.13999938964844,92.25,0.0,3456300,0.0010996361048340936,426640704.5703767
2014-11-10,49.12702941894531,0.0,92.37999725341795,0.0,92.41999816894533,92.29000091552734,92.30999755859376,0.0,2680400,0.0010996361048340936,427156012.5874171
2014-11-11,49.23871612548828,0.0,92.58999633789062,0.0,92.62000274658205,92.25,92.37999725341795,0.0,2730700,0.0009027549392147969,427871183.7231409
2014-11-12,49.07916259765625,0.0,92.29000091552734,0.0,92.51000213623048,92.26000213623048,92.4800033569336,0.0,3218900,0.001002651401149106,427050394.5611863
2014-11-13,48.877098083496094,0.0,91.91000366210938,0.0,92.37999725341795,91.8000030517578,92.37999725341795,0.0,5081300,0.001002651401149106,428364884.722743
2014-11-14,48.63242721557617,0.0,91.4499969482422,0.0,91.94000244140624,91.41000366210938,91.80999755859376,0.0,7868000,0.001002651401149106,428546427.0296127
2014-11-17,48.62711334228516,0.0,91.44000244140624,0.0,91.66999816894533,91.3499984741211,91.5199966430664,0.0,5213700,0.000989320086511363,429161712.4605088
2014-11-18,48.53139877319336,0.0,91.26000213623048,0.0,91.55999755859376,91.25,91.41000366210938,0.0,5227200,0.0010230246906788208,430750022.84901935
2014-11-19,48.52075958251953,0.0,91.23999786376952,0.0,91.26000213623048,90.86000061035156,91.0999984741211,0.0,7733300,0.0007658356221745352,434883487.438432
2014-11-20,48.52607345581055,0.0,91.25,0.0,91.3000030517578,90.91999816894533,91.0,0.0,3274300,0.0008425990102673452,435533571.135972
2014-11-21,48.79197311401367,0.0,91.75,0.0,92.01000213623048,91.52999877929688,91.62000274658205,0.0,7983000,0.0008425990102673452,438046580.1913004
2014-11-24,48.78668594360352,0.0,91.73999786376952,0.0,91.94000244140624,91.62999725341795,91.87000274658205,0.0,4569100,0.0008536688090852148,438433864.6187313
2014-11-25,48.86644744873047,0.0,91.88999938964844,0.0,91.9499969482422,91.66000366210938,91.6999969482422,0.0,4878500,0.0008393605452010893,438423675.0669207
2014-11-26,48.93024826049805,0.0,92.01000213623048,0.0,92.12999725341795,91.9000015258789,91.9499969482422,0.0,3055800,0.0007425252561478289,437301380.31263804
2014-11-28,48.46227645874024,0.0,91.12999725341795,0.0,91.6500015258789,91.04000091552734,91.58999633789062,0.0,5290500,0.0007425252561478289,436844055.330222
2014-12-01,47.974517822265625,0.0,89.80000305175781,0.417,90.66999816894533,89.73999786376953,90.66999816894533,0.0,12432400,0.0007178717594619018,443474900.67535883
2014-12-02,48.23632049560547,0.0,90.29000091552734,0.0,90.31999969482422,89.87000274658203,90.05000305175781,0.0,6821200,0.0008564282716269387,446470895.7040696
2014-12-03,48.31645584106445,0.0,90.44000244140624,0.0,90.51000213623048,90.1999969482422,90.31999969482422,0.0,7627000,0.0008564282716269387,450418843.38332886
2014-12-04,48.28436279296875,0.0,90.37999725341795,0.0,90.5,90.3000030517578,90.36000061035156,0.0,4581600,0.0008742304619017132,451402895.2628121
2014-12-05,48.24697113037109,0.0,90.30999755859376,0.0,90.38999938964844,90.04000091552734,90.26000213623048,0.0,5237400,0.0008270571794781719,452966530.041516
2014-12-08,48.001243591308594,0.0,89.8499984741211,0.0,90.1999969482422,89.69999694824219,90.12999725341795,0.0,6770800,0.0008644240506667225,456220033.06488764
2014-12-09,47.974517822265625,0.0,89.80000305175781,0.0,89.87999725341797,89.2300033569336,89.30999755859375,0.0,9702100,0.0008644240506667225,461854684.3110402
2014-12-10,47.42427062988281,0.0,88.7699966430664,0.0,89.5,88.41999816894531,89.37000274658203,0.0,15409400,0.0009705625565744166,471691819.4795336
2014-12-11,47.253299713134766,0.0,88.44999694824219,0.0,88.91000366210938,87.91999816894531,88.62000274658203,0.0,12053000,0.0008706660946401077,479190899.9724918
2014-12-12,46.61222076416016,0.0,87.25,0.0,87.94000244140625,87.0999984741211,87.80000305175781,0.0,11563300,0.0008706660946401077,485789966.41810584
2014-12-15,46.58549499511719,0.0,87.19999694824219,0.0,87.5999984741211,86.45999908447266,87.44000244140625,0.0,14114000,0.0008706660946401077,490099982.5502426
2014-12-16,46.419898986816406,0.0,86.88999938964844,0.0,87.66000366210938,86.12000274658203,86.44000244140625,0.0,14875500,0.0013530890655539885,497118729.60395205
2014-12-17,47.3654899597168,0.0,88.66000366210938,0.0,88.9800033569336,86.88999938964844,86.95999908447266,0.0,16864000,0.0013193844613865308,506806293.15883696
2014-12-18,47.74481964111328,0.0,89.37000274658203,0.0,90.30999755859376,88.72000122070312,90.0,0.0,16638700,0.0013193844613865308,516813033.6457873
2014-12-19,48.20421600341797,0.0,90.2300033569336,0.0,90.30999755859376,89.5199966430664,89.62000274658203,0.0,9952800,0.0014200893063838998,522767000.77185255
2014-12-22,48.08672332763672,0.0,90.01000213623047,0.0,90.3000030517578,89.69999694824219,90.1500015258789,0.0,6622400,0.0016908426555446768,526107534.978806
2014-12-23,48.25767135620117,0.0,90.33000183105467,0.0,90.41000366210938,89.94999694824219,90.23999786376952,0.0,5314400,0.0016322368870697174,528112046.63183427
2014-12-24,48.42185974121094,0.0,90.25,0.386,90.3000030517578,89.91999816894531,89.9800033569336,0.0,2285700,0.001677907937732893,528383242.14933485
2014-12-26,48.2716178894043,0.0,89.97000122070312,0.0,90.5,89.9000015258789,90.3499984741211,0.0,1815500,0.0018256742835101127,528392030.11199105
2014-12-29,48.29844284057617,0.0,90.0199966430664,0.0,90.23999786376952,89.7300033569336,90.0199966430664,0.0,4717100,0.0018491261981567295,529761727.05044216
2014-12-30,48.20186233520508,0.0,89.83999633789062,0.0,89.95999908447266,89.66000366210938,89.7699966430664,0.0,3624300,0.0019455156110417108,529732841.496519
2014-12-31,48.07308197021485,0.0,89.5999984741211,0.0,90.0,89.44000244140625,89.87999725341797,0.0,4185400,0.0019080688447584188,530586296.63834345
2015-01-02,48.07308197021485,0.0,89.5999984741211,0.0,89.93000030517578,89.48999786376953,89.69000244140625,0.0,3271900,0.0021128572742368746,530825838.48507595
2015-01-05,47.62780380249024,0.0,88.7699966430664,0.0,89.23999786376953,88.6500015258789,89.0999984741211,0.0,7523100,0.002034221495464488,534667601.1567918
2015-01-06,47.44536209106445,0.0,88.43000030517578,0.0,88.95999908447266,88.33999633789062,88.5999984741211,0.0,9489700,0.002034221495464488,539798331.071672
2015-01-07,47.74044799804688,0.0,88.9800033569336,0.0,89.27999877929688,88.87000274658203,89.12000274658203,0.0,8353100,0.0021616384789279334,542734716.5449475
2015-01-08,48.09993362426758,0.0,89.6500015258789,0.0,89.83000183105469,88.9800033569336,89.30999755859375,0.0,8388600,0.0021616384789279334,544203160.1372855
2015-01-09,48.34136581420898,0.0,90.0999984741211,0.0,90.13999938964844,89.37000274658203,89.72000122070312,0.0,6766700,0.002026496390264092,547488666.3334862
2015-01-12,48.282344818115234,0.0,89.98999786376953,0.0,90.16999816894533,89.63999938964844,90.16999816894533,0.0,8698500,0.0022072574334512014,551727709.9005684
2015-01-13,48.282344818115234,0.0,89.98999786376953,0.0,90.2300033569336,89.54000091552734,90.0,0.0,7738700,0.002448966577764717,555093023.1359149
2015-01-14,48.1696891784668,0.0,89.77999877929688,0.0,89.83999633789062,89.3499984741211,89.51000213623047,0.0,7415500,0.0026055044979470896,557190032.9727415
2015-01-15,47.87458038330078,0.0,89.2300033569336,0.0,89.9800033569336,89.20999908447266,89.9800033569336,0.0,7061300,0.0022768578437584136,557911050.5364373
2015-01-16,48.0569953918457,0.0,89.56999969482422,0.0,89.69999694824219,89.33000183105469,89.33999633789062,0.0,7685500,0.002390843330592517,561888180.8073376
2015-01-20,47.971134185791016,0.0,89.41000366210938,0.0,89.83999633789062,89.26000213623047,89.83999633789062,0.0,5915300,0.0025364833725057207,563771184.5126077
2015-01-21,48.22868347167969,0.0,89.88999938964844,0.0,89.91000366210938,89.30000305175781,89.36000061035156,0.0,6110700,0.002546142497416028,565369434.4326625
2015-01-22,48.29307174682617,0.0,90.01000213623047,0.0,90.16999816894533,89.77999877929688,90.0199966430664,0.0,6940100,0.002275389148255251,568837719.680774
2015-01-23,48.29307174682617,0.0,90.01000213623047,0.0,90.13999938964844,89.93000030517578,90.01000213623047,0.0,5134500,0.002284743010188499,570196157.3426443
2015-01-26,48.5130729675293,0.0,90.41999816894533,0.0,90.48999786376952,89.93000030517578,90.06999969482422,0.0,8252300,0.002152821181728162,573825156.2003968
2015-01-27,48.475494384765625,0.0,90.3499984741211,0.0,90.43000030517578,90.01000213623047,90.08000183105467,0.0,8771100,0.002192351598492027,576129717.1859257
2015-01-28,48.37356185913086,0.0,90.16000366210938,0.0,90.5,90.01000213623047,90.41000366210938,0.0,5622400,0.002376836162021211,577271802.4417877
2015-01-29,48.54523086547852,0.0,90.4800033569336,0.0,90.5199966430664,90.1500015258789,90.33999633789062,0.0,4923200,0.0024193573835410366,576799955.1409525
2015-01-30,48.41108322143555,0.0,90.2300033569336,0.0,90.4800033569336,90.19000244140624,90.37999725341795,0.0,6383000,0.002452017481685446,575895489.1598777
2015-02-02,48.59695816040039,0.0,90.20999908447266,0.365,90.20999908447266,89.87999725341797,90.02999877929688,0.0,4120600,0.00224722905220699,570852771.9551934
2015-02-03,48.87169647216797,0.0,90.72000122070312,0.0,90.83000183105467,90.3000030517578,90.37999725341795,0.0,11682400,0.00224722905220699,574104663.3279952
2015-02-04,48.66697692871094,0.0,90.33999633789062,0.0,90.63999938964844,90.3000030517578,90.63999938964844,0.0,8333900,0.002380130091974696,577430197.0747812
2015-02-05,48.95250701904297,0.0,90.87000274658205,0.0,90.87999725341795,90.4000015258789,90.5500030517578,0.0,10172500,0.002303267046276484,581702255.6262364
2015-02-06,48.99020385742188,0.0,90.94000244140624,0.0,91.08000183105467,90.77999877929688,91.06999969482422,0.0,6076700,0.002303267046276484,583267434.9479494
2015-02-09,48.87169647216797,0.0,90.72000122070312,0.0,90.98999786376952,90.6999969482422,90.87999725341795,0.0,4672800,0.0023527461815131935,584103187.2655959
2015-02-10,49.038700103759766,0.0,91.02999877929688,0.0,91.02999877929688,90.88999938964844,90.9000015258789,0.0,6846600,0.002214586795134093,583927024.7142792
2015-02-11,49.022560119628906,0.0,91.0,0.0,91.02999877929688,90.83000183105467,90.9800033569336,0.0,5688000,0.002031427354138574,584897857.1547796
2015-02-12,49.01713943481445,0.0,90.98999786376952,0.0,91.13999938964844,90.94000244140624,91.13999938964844,0.0,3185400,0.0018748894339562015,583510301.6125695
2015-02-13,49.08718490600586,0.0,91.12000274658205,0.0,91.19000244140624,90.94000244140624,91.01000213623048,0.0,4676600,0.0017756873861552451,583728920.0748928
2015-02-17,49.05484771728516,0.0,91.05999755859376,0.0,91.27999877929688,91.02999877929688,91.23999786376952,0.0,6624200,0.0016796634377017887,583999355.4110875
2015-02-18,49.22184753417969,0.0,91.37000274658205,0.0,91.38999938964844,91.04000091552734,91.1500015258789,0.0,4744400,0.0016269107279745297,583612502.6062557
2015-02-19,49.10873794555664,0.0,91.16000366210938,0.0,91.31999969482422,91.13999938964844,91.2699966430664,0.0,2964800,0.0014260887662541594,583701690.6089722
2015-02-20,49.24343490600586,0.0,91.41000366210938,0.0,91.41999816894533,91.08000183105467,91.1500015258789,0.0,5470600,0.0014852557717017203,585820725.2480704
2015-02-23,49.281131744384766,0.0,91.4800033569336,0.0,91.4800033569336,91.2699966430664,91.4499969482422,0.0,4165700,0.0014143145686267562,587445407.5722225
2015-02-24,49.32960891723633,0.0,91.56999969482422,0.0,91.5999984741211,91.38999938964844,91.45999908447266,0.0,3689300,0.001363167480121308,587836468.6301095
2015-02-25,49.49121475219727,0.0,91.87000274658205,0.0,91.9000015258789,91.56999969482422,91.62999725341795,0.0,9048500,0.0011758707175802232,592968116.0608019
2015-02-26,49.48044967651367,0.0,91.8499984741211,0.0,91.97000122070312,91.73999786376952,91.83999633789062,0.0,7928200,0.0009708635484904918,597576962.0569805
2015-02-27,49.49121475219727,0.0,91.87000274658205,0.0,91.9499969482422,91.80999755859376,91.9000015258789,0.0,4521800,0.000883516794865551,598115585.6713976
2015-03-02,49.48200225830078,0.0,91.45999908447266,0.393,91.5999984741211,91.3000030517578,91.55999755859376,0.0,6933000,0.0007497469508393965,601791267.8854988
2015-03-03,49.341346740722656,0.0,91.1999969482422,0.0,91.4000015258789,91.12000274658205,91.31999969482422,0.0,10032000,0.0007497469508393965,607522246.7248281
2015-03-04,49.24941635131836,0.0,91.02999877929688,0.0,91.16000366210938,90.9800033569336,91.0500030517578,0.0,7832800,0.0007497469508393965,609838178.2061803
2015-03-05,49.341346740722656,0.0,91.1999969482422,0.0,91.1999969482422,91.04000091552734,91.16999816894533,0.0,6412500,0.0006577047894697907,612100283.312958
2015-03-06,49.027591705322266,0.0,90.62000274658205,0.0,90.97000122070312,90.52999877929688,90.9499969482422,0.0,9271900,0.0006039087208208978,615245457.3241279
2015-03-09,48.924781799316406,0.0,90.43000030517578,0.0,90.73999786376952,90.37999725341795,90.7300033569336,0.0,9607500,0.0006039087208208978,618622992.3699939
2015-03-10,48.735389709472656,0.0,90.08000183105467,0.0,90.33999633789062,89.9000015258789,90.27999877929688,0.0,12447300,0.0005544295855841884,625636832.4291956
2015-03-11,48.87065887451172,0.0,90.33000183105467,0.0,90.45999908447266,90.06999969482422,90.3499984741211,0.0,9214800,0.0005492214756468932,628821964.6895273
2015-03-12,48.96805953979492,0.0,90.51000213623048,0.0,90.63999938964844,90.36000061035156,90.5999984741211,0.0,4469900,0.0004906717723288963,629609812.2654445
2015-03-13,48.80033493041992,0.0,90.1999969482422,0.0,90.4000015258789,89.97000122070312,90.36000061035156,0.0,6184500,0.0004906717723288963,631958856.8096645
2015-03-16,48.75164413452149,0.0,90.11000061035156,0.0,90.33999633789062,90.05000305175781,90.2699966430664,0.0,4772600,0.0005162633831644284,631420677.6330796
2015-03-17,48.508209228515625,0.0,89.66000366210938,0.0,90.0199966430664,89.48999786376953,89.87999725341797,0.0,13059600,0.0004983018447837814,638076445.7586803
2015-03-18,48.941017150878906,0.0,90.45999908447266,0.0,90.47000122070312,89.48999786376953,89.66000366210938,0.0,11633900,0.0005862088900778327,642653421.5747046
2015-03-19,48.551490783691406,0.0,89.73999786376953,0.0,90.36000061035156,89.68000030517578,90.16999816894533,0.0,9226000,0.0008133069423467799,645977630.4849352
2015-03-20,48.9301872253418,0.0,90.44000244140624,0.0,90.4800033569336,89.97000122070312,90.0999984741211,0.0,9127300,0.0009822138128923155,649841537.9492502
2015-03-23,48.96805953979492,0.0,90.51000213623048,0.0,90.54000091552734,90.30999755859376,90.43000030517578,0.0,5459200,0.0009822138128923155,649326429.1054983
2015-03-24,49.04375076293945,0.0,90.6500015258789,0.0,90.72000122070312,90.4499969482422,90.4800033569336,0.0,6767200,0.0009822138128923155,650980773.1739892
2015-03-25,48.91396331787109,0.0,90.41000366210938,0.0,90.83000183105467,90.4000015258789,90.70999908447266,0.0,5364600,0.0010858397382343403,652206410.5203416
2015-03-26,48.90855026245117,0.0,90.4000015258789,0.0,90.52999877929688,90.2300033569336,90.51000213623048,0.0,4876400,0.0010829104291482713,651061775.0678835
2015-03-27,48.946388244628906,0.0,90.47000122070312,0.0,90.55999755859376,90.3499984741211,90.38999938964844,0.0,3822000,0.001079632206807855,648463569.1963015
2015-03-30,49.0816650390625,0.0,90.72000122070312,0.0,90.79000091552734,90.5,90.51000213623048,0.0,4197700,0.001079632206807855,642881302.8310927
2015-03-31,49.02214431762695,0.0,90.61000061035156,0.0,90.83999633789062,90.55999755859376,90.69000244140624,0.0,4498400,0.0011636510835746495,641555909.4890836
2015-04-01,49.12325668334961,0.0,90.38999938964844,0.406,90.43000030517578,90.0999984741211,90.3499984741211,0.0,9298200,0.0011636510835746495,643186963.3255792
2015-04-02,49.16130828857422,0.0,90.45999908447266,0.0,90.58999633789062,90.3499984741211,90.45999908447266,0.0,4774400,0.0011227922051765496,639342549.2543114
2015-04-06,49.286258697509766,0.0,90.69000244140624,0.0,90.80999755859376,90.37999725341795,90.37999725341795,0.0,5020700,0.0011288477283591745,638439115.0158412
2015-04-07,49.54713821411133,0.0,91.16999816894533,0.0,91.1999969482422,90.69000244140624,90.7699966430664,0.0,8659800,0.0011288477283591745,640045234.0668027
2015-04-08,49.536251068115234,0.0,91.1500015258789,0.0,91.3000030517578,91.01000213623048,91.20999908447266,0.0,7151900,0.0011288477283591745,642133905.8597625
2015-04-09,49.4873275756836,0.0,91.05999755859376,0.0,91.26000213623048,91.0,91.19000244140624,0.0,3415700,0.0012099958191537949,640959831.6219875
2015-04-10,49.60148620605469,0.0,91.2699966430664,0.0,91.27999877929688,91.0500030517578,91.0500030517578,0.0,3012700,0.0012988807386339477,637580180.4369063
2015-04-13,49.50910186767578,0.0,91.0999984741211,0.0,91.31999969482422,91.08000183105467,91.2699966430664,0.0,2866600,0.0013815131822997203,634448520.5261533
2015-04-14,49.53084564208984,0.0,91.13999938964844,0.0,91.1999969482422,90.93000030517578,91.12999725341795,0.0,2830000,0.0012628834671918603,626254198.9639463
2015-04-15,49.72646331787109,0.0,91.5,0.0,91.55999755859376,91.20999908447266,91.23999786376952,0.0,4438300,0.0012628834671918603,623817651.4995091
2015-04-16,49.62322235107422,0.0,91.30999755859376,0.0,91.44000244140624,91.2699966430664,91.44000244140624,0.0,5285400,0.0011337097223483453,619250477.339348
2015-04-17,49.4710578918457,0.0,91.02999877929688,0.0,91.23999786376952,91.0,91.23999786376952,0.0,3901300,0.0008490254070064859,613658253.7064568
2015-04-20,49.57976150512695,0.0,91.2300033569336,0.0,91.37999725341795,91.11000061035156,91.23999786376952,0.0,3641000,0.0007020888999686128,607177827.8510805
2015-04-21,49.61235809326172,0.0,91.29000091552734,0.0,91.4800033569336,91.23999786376952,91.4800033569336,0.0,3730700,0.0007037223998579885,599993028.7160722
2015-04-22,49.56343460083008,0.0,91.1999969482422,0.0,91.44000244140624,91.18000030517578,91.43000030517578,0.0,4031100,0.0007748650589151654,597532671.6006808
2015-04-23,49.54713821411133,0.0,91.16999816894533,0.0,91.36000061035156,91.08000183105467,91.26000213623048,0.0,4755200,0.0007004609684740317,595461209.7516196
2015-04-24,49.62862396240234,0.0,91.31999969482422,0.0,91.33999633789062,91.19000244140624,91.19000244140624,0.0,4221400,0.0007502504219406636,592375908.372764
2015-04-27,49.64495468139648,0.0,91.3499984741211,0.0,91.48999786376952,91.2699966430664,91.4499969482422,0.0,5049600,0.0007019647635012137,589073398.4114147
2015-04-28,49.56887435913086,0.0,91.20999908447266,0.0,91.30999755859376,91.16999816894533,91.27999877929688,0.0,4697400,0.0007019647635012137,588228798.78778
2015-04-29,49.476505279541016,0.0,91.04000091552734,0.0,91.1999969482422,90.91999816894533,91.0,0.0,8152700,0.0006179458867344191,590517364.8471287
2015-04-30,49.44929122924805,0.0,90.98999786376952,0.0,91.08000183105467,90.80999755859376,91.0,0.0,11463800,0.0006179458867344191,594370469.6107652
2015-05-01,49.55962753295898,0.0,90.79000091552734,0.402,90.80999755859376,90.61000061035156,90.66000366210938,0.0,8053700,0.0006790634550450953,596267960.8706036
2015-05-04,49.54865264892578,0.0,90.7699966430664,0.0,90.97000122070312,90.6500015258789,90.9499969482422,0.0,6683700,0.0006588435508251949,598630970.9639474
2015-05-05,49.48311996459961,0.0,90.6500015258789,0.0,90.77999877929688,90.48999786376952,90.69000244140624,0.0,12736900,0.0006588435508251949,604074610.2386959
2015-05-06,49.33579254150391,0.0,90.37999725341795,0.0,90.69000244140624,90.31999969482422,90.6500015258789,0.0,13677500,0.0006722899777276567,610268756.5080613
2015-05-07,49.330299377441406,0.0,90.37000274658205,0.0,90.58000183105467,90.2699966430664,90.3000030517578,0.0,8676400,0.0006374546731544354,612192401.8494561
2015-05-08,49.71788024902344,0.0,91.08000183105467,0.0,91.08000183105467,90.8000030517578,90.86000061035156,0.0,10319600,0.0005988974616997311,616439462.0438833
2015-05-11,49.40673065185547,0.0,90.51000213623048,0.0,91.05999755859376,90.4800033569336,91.01000213623048,0.0,5499200,0.0006011559978580348,617645869.0180703
2015-05-12,49.40127944946289,0.0,90.5,0.0,90.7300033569336,90.29000091552734,90.36000061035156,0.0,6569200,0.0006011559978580348,619831248.9439223
2015-05-13,49.330299377441406,0.0,90.37000274658205,0.0,90.7699966430664,90.33000183105467,90.62000274658205,0.0,4349000,0.0007908373205050088,620985247.3352462
2015-05-14,49.57049179077149,0.0,90.80999755859376,0.0,90.87000274658205,90.58999633789062,90.58999633789062,0.0,5147100,0.0008480053827614655,622688204.7593253
2015-05-15,49.679683685302734,0.0,91.01000213623048,0.0,91.08000183105467,90.80999755859376,90.9000015258789,0.0,8939400,0.0008480053827614655,626787431.1811477
2015-05-18,49.59777069091797,0.0,90.86000061035156,0.0,91.0,90.75,91.0,0.0,2843700,0.0008305713318897753,625131528.6583492
2015-05-19,49.521366119384766,0.0,90.72000122070312,0.0,90.87999725341795,90.63999938964844,90.87999725341795,0.0,4743200,0.0008289378320003995,622836088.4504228
2015-05-20,49.46133041381836,0.0,90.61000061035156,0.0,90.86000061035156,90.61000061035156,90.7300033569336,0.0,2841700,0.0008596217248926374,621095974.9425312
2015-05-21,49.53228759765625,0.0,90.73999786376952,0.0,90.83000183105467,90.5999984741211,90.5999984741211,0.0,3709300,0.0009364644291845727,619981273.2830834
2015-05-22,49.57049179077149,0.0,90.80999755859376,0.0,90.8499984741211,90.69000244140624,90.7300033569336,0.0,3716900,0.0009267958850569995,617060205.0643982
2015-05-26,49.466796875,0.0,90.62000274658205,0.0,90.79000091552734,90.61000061035156,90.66999816894533,0.0,3951500,0.0009544962352980057,617530880.1902165
2015-05-27,49.57594680786133,0.0,90.81999969482422,0.0,90.9000015258789,90.68000030517578,90.77999877929688,0.0,3737800,0.001026707383640408,614412044.8319571
2015-05-28,49.55411529541016,0.0,90.77999877929688,0.0,90.83000183105467,90.69000244140624,90.80999755859376,0.0,5440700,0.0010809433166994581,615005199.7138553
2015-05-29,49.62506866455078,0.0,90.91000366210938,0.0,90.97000122070312,90.76000213623048,90.76000213623048,0.0,4764000,0.0010809433166994581,614884643.3283306
2015-06-01,49.70841598510742,0.0,90.66000366210938,0.402,90.7699966430664,90.45999908447266,90.6500015258789,0.0,9372600,0.0010256977307791706,619396990.8346449
2015-06-02,49.615211486816406,0.0,90.48999786376952,0.0,90.75,90.33999633789062,90.75,0.0,5203700,0.0011144387428852465,619307780.9252361
2015-06-03,49.34653091430664,0.0,90.0,0.0,90.4499969482422,89.94000244140625,90.38999938964844,0.0,9532700,0.0011144387428852465,617256300.3066592
2015-06-04,49.18753433227539,0.0,89.70999908447266,0.0,90.01000213623047,89.70999908447266,89.93000030517578,0.0,11381700,0.001100992315982785,620471904.6109033
2015-06-05,49.03949737548828,0.0,89.44000244140625,0.0,89.62999725341797,89.33000183105469,89.48999786376953,0.0,7747600,0.001017285982890672,620496979.7243512
2015-06-08,49.03949737548828,0.0,89.44000244140625,0.0,89.61000061035156,89.33999633789062,89.5199966430664,0.0,6487800,0.0011067479969253985,621815899.1880265
2015-06-09,48.95726013183594,0.0,89.29000091552734,0.0,89.44000244140625,89.16999816894531,89.41999816894531,0.0,11416200,0.0010218570171013222,626152112.8962684
2015-06-10,49.0230827331543,0.0,89.41000366210938,0.0,89.4800033569336,89.26000213623047,89.30999755859375,0.0,5187500,0.0010735564967086016,625004954.3591938
2015-06-11,49.12175750732422,0.0,89.58999633789062,0.0,89.5999984741211,89.37999725341797,89.47000122070312,0.0,5202100,0.0008838751740616275,621789140.9492009
2015-06-12,48.94077301025391,0.0,89.26000213623047,0.0,89.5199966430664,89.23999786376953,89.41999816894531,0.0,5713500,0.0008642115784349924,614980368.2185158
2015-06-15,48.71052169799805,0.0,88.83999633789062,0.0,89.22000122070312,88.80999755859375,89.06999969482422,0.0,12726200,0.0008642115784349924,615492334.4738976
2015-06-16,48.98468780517578,0.0,89.33999633789062,0.0,89.33999633789062,88.80999755859375,88.80999755859375,0.0,5249800,0.0009905639856979105,611207566.1229028
2015-06-17,48.94077301025391,0.0,89.26000213623047,0.0,89.4000015258789,88.94000244140625,89.19999694824219,0.0,5660400,0.001141874229954798,605449681.6718268
2015-06-18,49.12175750732422,0.0,89.58999633789062,0.0,89.69000244140625,89.29000091552734,89.29000091552734,0.0,6869900,0.0010400476780053833,600076206.5124693
2015-06-19,49.14915084838867,0.0,89.63999938964844,0.0,89.76000213623047,89.45999908447266,89.76000213623047,0.0,12585700,0.0009743741474833898,597163665.5486636
2015-06-22,49.24784469604492,0.0,89.81999969482422,0.0,89.98999786376953,89.63999938964844,89.88999938964844,0.0,5035400,0.0009342532381443315,588951593.81663
2015-06-23,49.214935302734375,0.0,89.76000213623047,0.0,89.80000305175781,89.63999938964844,89.7699966430664,0.0,3474800,0.0009534513441549102,584299664.2770435
2015-06-24,49.08335113525391,0.0,89.5199966430664,0.0,89.79000091552734,89.5199966430664,89.69999694824219,0.0,2636900,0.0009267518899560059,581442307.4595921
2015-06-25,48.935333251953125,0.0,89.25,0.0,89.63999938964844,89.25,89.56999969482422,0.0,5176700,0.0008725159568969559,581299217.8823622
2015-06-26,48.79277038574219,0.0,88.98999786376953,0.0,89.31999969482422,88.94999694824219,89.25,0.0,6683200,0.0008725159568969559,584382182.3960379
2015-06-29,48.45833587646485,0.0,88.37999725341797,0.0,88.80000305175781,88.37000274658203,88.6500015258789,0.0,10156900,0.0008666439745065672,590210168.5618082
2015-06-30,48.688568115234375,0.0,88.80000305175781,0.0,88.86000061035156,88.58000183105469,88.76000213623047,0.0,4912700,0.0008682075410363716,590302346.7271048
2015-07-01,48.6968879699707,0.0,88.41999816894531,0.395,88.80999755859375,88.36000061035156,88.80999755859375,0.0,13614700,0.0009089679055044866,597272224.9044328
2015-07-02,48.87860107421875,0.0,88.75,0.0,88.8499984741211,88.5199966430664,88.6500015258789,0.0,5586300,0.0010561806885457578,598230735.1535313
2015-07-06,48.71884536743164,0.0,88.45999908447266,0.0,88.75,88.41000366210938,88.58000183105469,0.0,4719100,0.0011022327944434454,599217158.5398175
2015-07-07,48.757423400878906,0.0,88.52999877929688,0.0,88.62999725341797,88.12999725341797,88.33000183105469,0.0,8406300,0.0009624430723832702,599823382.0873805
2015-07-08,48.515098571777344,0.0,88.08999633789062,0.0,88.41999816894531,88.05999755859375,88.16999816894531,0.0,5744800,0.0011211351452139477,597179614.127586
2015-07-09,48.62529754638672,0.0,88.29000091552734,0.0,88.7300033569336,88.29000091552734,88.44999694824219,0.0,6291000,0.0012042236987055686,595688927.8555129
2015-07-10,48.9061164855957,0.0,88.80000305175781,0.0,88.87000274658203,88.55999755859375,88.58999633789062,0.0,7097900,0.0013383837277496076,594722701.9734579
2015-07-13,48.95021438598633,0.0,88.87999725341797,0.0,88.94000244140625,88.72000122070312,88.91000366210938,0.0,6119200,0.0012494170727878346,594200438.6363014
2015-07-14,48.90061950683594,0.0,88.79000091552734,0.0,88.83000183105469,88.63999938964844,88.73999786376953,0.0,6354100,0.0013047301200703417,592465538.2267725
2015-07-15,48.90061950683594,0.0,88.79000091552734,0.0,88.9000015258789,88.6500015258789,88.77999877929688,0.0,5983300,0.001188158507934423,591154836.7665306
2015-07-16,48.97773742675781,0.0,88.93000030517578,0.0,89.02999877929688,88.87999725341797,88.88999938964844,0.0,7523600,0.0010389348550394022,591181107.9518334
2015-07-17,48.84556198120117,0.0,88.69000244140625,0.0,88.98999786376953,88.5999984741211,88.98999786376953,0.0,7788400,0.0010389348550394022,591662642.8114392
2015-07-20,48.61973571777344,0.0,88.27999877929688,0.0,88.66000366210938,88.2699966430664,88.6500015258789,0.0,6740400,0.0009985438463685692,590921787.8203074
2015-07-21,48.53162384033203,0.0,88.12000274658203,0.0,88.31999969482422,88.11000061035156,88.20999908447266,0.0,4904800,0.0009985438463685692,590154517.9378388
2015-07-22,48.21770858764648,0.0,87.55000305175781,0.0,87.93000030517578,87.5199966430664,87.87000274658203,0.0,10578500,0.000951645390116984,593145445.6204792
2015-07-23,48.190185546875,0.0,87.5,0.0,87.70999908447266,87.5,87.5199966430664,0.0,4918400,0.0009484272023337528,591603235.9710693
2015-07-24,48.05250930786133,0.0,87.25,0.0,87.55000305175781,87.19999694824219,87.5,0.0,4702900,0.0009484272023337528,591191900.0110021
2015-07-27,47.84870529174805,0.0,86.87999725341797,0.0,87.2699966430664,86.80999755859375,87.01000213623047,0.0,11061700,0.0009484272023337528,592897197.7469429
2015-07-28,48.107540130615234,0.0,87.3499984741211,0.0,87.44999694824219,86.93000030517578,86.97000122070312,0.0,10471000,0.0010930133369390883,593866824.4327061
2015-07-29,48.38842391967773,0.0,87.86000061035156,0.0,87.93000030517578,87.3499984741211,87.3499984741211,0.0,8839500,0.0009795872255057288,596007482.1375105
2015-07-30,48.53162384033203,0.0,88.12000274658203,0.0,88.16999816894531,87.80999755859375,87.80999755859375,0.0,6127600,0.0009388268610376136,596757585.1240431
2015-07-31,48.44903564453125,0.0,87.97000122070312,0.0,88.23999786376953,87.94000244140625,88.01000213623047,0.0,5936500,0.0008445201085465062,596331361.3210224
2015-08-03,48.35826110839844,0.0,87.41000366210938,0.396,87.5999984741211,87.37000274658203,87.58999633789062,0.0,5416900,0.0007984680026488188,597139075.0242748
2015-08-04,48.385963439941406,0.0,87.45999908447266,0.0,87.62999725341797,87.44000244140625,87.5,0.0,3691400,0.0008927056618921991,591290047.2334787
2015-08-05,48.3195686340332,0.0,87.33999633789062,0.0,87.7300033569336,87.33000183105469,87.63999938964844,0.0,7778300,0.0007930722197410846,590706493.2496268
2015-08-06,48.12040710449219,0.0,86.9800033569336,0.0,87.33000183105469,86.95999908447266,87.2300033569336,0.0,10794800,0.000658284186642184,590822022.1170698
2015-08-07,47.97102737426758,0.0,86.70999908447266,0.0,86.88999938964844,86.68000030517578,86.8499984741211,0.0,5483500,0.0005241241575981451,590209793.2848794
2015-08-10,48.10933303833008,0.0,86.95999908447266,0.0,86.97000122070312,86.7300033569336,86.7699966430664,0.0,3234500,0.0005919887350650106,589077695.628805
2015-08-11,47.88805389404297,0.0,86.55999755859375,0.0,86.69999694824219,86.45999908447266,86.62999725341797,0.0,4598600,0.0006609491436175755,587290464.0028576
2015-08-12,47.82168197631836,0.0,86.44000244140625,0.0,86.4800033569336,86.04000091552734,86.26000213623047,0.0,6371900,0.0005874650304070429,587553789.8088607
2015-08-13,47.76078414916992,0.0,86.33000183105469,0.0,86.44000244140625,86.27999877929688,86.37000274658203,0.0,7422100,0.0006247371351437894,590338792.7246941
2015-08-14,47.78842926025391,0.0,86.37999725341797,0.0,86.51000213623047,86.27999877929688,86.29000091552734,0.0,3437900,0.0006949001339502461,589313665.6430502
2015-08-17,47.78842926025391,0.0,86.37999725341797,0.0,86.51000213623047,86.19999694824219,86.29000091552734,0.0,4153600,0.0008010560636639147,587373890.4110197
2015-08-18,47.72759628295898,0.0,86.2699966430664,0.0,86.4000015258789,86.18000030517578,86.2699966430664,0.0,5471300,0.0008712170049648983,587679550.6618319
2015-08-19,47.68336868286133,0.0,86.19000244140625,0.0,86.44999694824219,86.0199966430664,86.20999908447266,0.0,7208500,0.0009453329555126867,590465498.7073989
2015-08-20,47.45098114013672,0.0,85.7699966430664,0.0,85.97000122070312,85.6500015258789,85.9000015258789,0.0,11099100,0.0009030394491524197,594052024.1336459
2015-08-21,47.27947616577149,0.0,85.45999908447266,0.0,85.75,85.37000274658203,85.52999877929688,0.0,13158600,0.0009030394491524197,599952466.1492726
2015-08-24,46.89219665527344,0.0,84.76000213623047,0.0,85.37999725341797,83.43000030517578,83.80999755859375,0.0,19116200,0.0009030394491524197,610130719.744213
2015-08-25,46.98628616333008,0.0,84.93000030517578,0.0,85.69000244140625,84.91000366210938,85.55999755859375,0.0,18194700,0.0007584533145470843,615797308.2894522
2015-08-26,47.37906646728516,0.0,85.63999938964844,0.0,85.80000305175781,85.19000244140625,85.26000213623047,0.0,10654800,0.0010563229818974947,617259783.7465498
2015-08-27,47.73313903808594,0.0,86.27999877929688,0.0,86.44999694824219,85.86000061035156,85.86000061035156,0.0,12772100,0.0010563229818974947,622708664.6512289
2015-08-28,47.77740097045898,0.0,86.36000061035156,0.0,86.5,86.05999755859375,86.22000122070312,0.0,9100000,0.001137649559707132,623913298.2377491
2015-08-31,47.71099853515625,0.0,86.23999786376953,0.0,86.30000305175781,85.7300033569336,86.23999786376953,0.0,5408800,0.0011516852551199407,620354064.3572792
2015-09-01,47.55709838867188,0.0,85.58000183105469,0.383,85.7699966430664,85.44000244140625,85.69999694824219,0.0,4739100,0.00118166914211912,617914004.1369544
2015-09-02,47.7515754699707,0.0,85.93000030517578,0.0,85.95999908447266,85.68000030517578,85.93000030517578,0.0,5259700,0.00114059716326402,616859607.6462761
2015-09-03,47.81827545166016,0.0,86.05000305175781,0.0,86.2300033569336,85.86000061035156,86.0,0.0,8779000,0.00114059716326402,616186697.910763
2015-09-04,47.76824569702149,0.0,85.95999908447266,0.0,86.06999969482422,85.8499984741211,85.86000061035156,0.0,4671000,0.0012115155162807623,612478070.3535534
2015-09-08,48.029388427734375,0.0,86.43000030517578,0.0,86.44000244140625,86.23999786376953,86.3499984741211,0.0,5450300,0.0011434924945093673,607317884.828725
2015-09-09,47.968292236328125,0.0,86.31999969482422,0.0,86.62000274658203,86.23999786376953,86.5999984741211,0.0,4914800,0.0010883757754919072,604078778.746402
2015-09-10,48.08500289916992,0.0,86.52999877929688,0.0,86.5999984741211,86.27999877929688,86.27999877929688,0.0,4744100,0.0012514525025372476,604125892.3071967
2015-09-11,48.06833267211914,0.0,86.5,0.0,86.55000305175781,86.11000061035156,86.1500015258789,0.0,4834900,0.0012875500009745856,603017773.0125427
2015-09-14,47.98494720458984,0.0,86.3499984741211,0.0,86.44000244140625,86.22000122070312,86.36000061035156,0.0,4383100,0.0012899097131303155,602608421.3411058
2015-09-15,47.97383117675781,0.0,86.33000183105469,0.0,86.41000366210938,86.19999694824219,86.25,0.0,4247800,0.0012734546061548804,596225792.7534255
2015-09-16,47.80158615112305,0.0,86.0199966430664,0.0,86.2300033569336,85.94000244140625,86.02999877929688,0.0,5026700,0.0012032936648538968,591305111.275464
2015-09-17,47.84049224853516,0.0,86.08999633789062,0.0,86.41000366210938,85.8499984741211,86.01000213623047,0.0,6576800,0.0012282690086770748,589227773.7169236
2015-09-18,47.70709228515625,0.0,85.8499984741211,0.0,86.05000305175781,85.69000244140625,85.83999633789062,0.0,10827600,0.0012282690086770748,590053776.9645025
2015-09-21,47.618202209472656,0.0,85.69000244140625,0.0,85.9000015258789,85.61000061035156,85.86000061035156,0.0,7579000,0.0012596369289189621,591286573.1934018
2015-09-22,47.273681640625,0.0,85.06999969482422,0.0,85.69000244140625,84.95999908447266,85.3499984741211,0.0,7366900,0.0012596369289189621,591391775.498369
2015-09-23,47.1902961730957,0.0,84.91999816894531,0.0,85.11000061035156,84.86000061035156,85.05000305175781,0.0,7686000,0.0012596369289189621,592722581.8498036
2015-09-24,46.95692443847656,0.0,84.5,0.0,84.75,84.3499984741211,84.75,0.0,9167500,0.0009617672615685517,595372003.9336069
2015-09-25,46.71795654296875,0.0,84.06999969482422,0.0,84.76000213623047,84.04000091552734,84.5999984741211,0.0,8384200,0.0011095181909881666,598221871.7651609
2015-09-28,46.00112533569336,0.0,82.77999877929688,0.0,84.0199966430664,82.72000122070312,83.66999816894531,0.0,12416300,0.0009752855826283656,603356839.6200756
2015-09-29,45.99556350708008,0.0,82.7699966430664,0.0,83.08999633789062,82.62999725341797,82.70999908447266,0.0,11417600,0.0009612498872155568,607622194.2782205
2015-09-30,46.28452682495117,0.0,83.29000091552734,0.0,83.33999633789062,82.83000183105469,83.12999725341797,0.0,14539800,0.0008906333526294755,610563112.2384329
2015-10-01,45.98746109008789,0.0,82.36000061035156,0.398,82.87999725341797,82.31999969482422,82.75,0.0,12179800,0.0010868529775509123,615096732.2051396
2015-10-02,46.03213882446289,0.0,82.44000244140625,0.0,82.47000122070312,81.66000366210938,81.88999938964844,0.0,14060200,0.0010868529775509123,620682411.785053
2015-10-05,46.58490753173828,0.0,83.43000030517578,0.0,83.47000122070312,82.80999755859375,82.87000274658203,0.0,13531400,0.00101593462453417,623376147.9436723
2015-10-06,46.841773986816406,0.0,83.88999938964844,0.0,83.9800033569336,83.36000061035156,83.4800033569336,0.0,13985800,0.00101593462453417,627514029.3528057
2015-10-07,47.32197189331055,0.0,84.75,0.0,84.83000183105469,84.19999694824219,84.3499984741211,0.0,18000700,0.0009467778877165582,637153122.1412114
2015-10-08,47.51741790771485,0.0,85.0999984741211,0.0,85.12999725341797,84.45999908447266,84.62000274658203,0.0,9466900,0.0007837011606712178,641364741.6385772
2015-10-09,47.522979736328125,0.0,85.11000061035156,0.0,85.5999984741211,84.9800033569336,85.2300033569336,0.0,9900600,0.0007082449661352668,645979763.9910924
2015-10-12,47.43363952636719,0.0,84.94999694824219,0.0,85.25,84.83000183105469,85.18000030517578,0.0,3867000,0.00063572225517308,646539886.5301889
2015-10-13,47.32197189331055,0.0,84.75,0.0,84.94999694824219,84.62999725341797,84.79000091552734,0.0,7772600,0.0005460214324348466,648544834.1492366
2015-10-14,47.28847122192383,0.0,84.69000244140625,0.0,84.94999694824219,84.63999938964844,84.76000213623047,0.0,7748100,0.0007247157435762118,649922427.3779672
2015-10-15,47.40011596679688,0.0,84.88999938964844,0.0,84.94999694824219,84.61000061035156,84.81999969482422,0.0,8049200,0.0007965829025231578,652526881.7339156
2015-10-16,47.617919921875,0.0,85.27999877929688,0.0,85.29000091552734,84.88999938964844,84.91000366210938,0.0,5978200,0.0007965829025231578,653936821.7853425
2015-10-19,47.74632263183594,0.0,85.51000213623047,0.0,85.56999969482422,85.08000183105469,85.1500015258789,0.0,10347000,0.0007652149822812704,658255840.7193744
2015-10-20,47.791015625,0.0,85.58999633789062,0.0,85.69000244140625,85.29000091552734,85.37999725341797,0.0,10294800,0.0007970077907648995,662331202.5177971
2015-10-21,47.7407455444336,0.0,85.5,0.0,85.7699966430664,85.26000213623047,85.6500015258789,0.0,14332200,0.0009921231569884298,668615897.1583291
2015-10-22,47.75748062133789,0.0,85.52999877929688,0.0,85.68000030517578,85.41000366210938,85.58000183105469,0.0,11805100,0.0010867214246103743,673569801.4589461
2015-10-23,47.92500686645508,0.0,85.83000183105469,0.0,86.08999633789062,85.58000183105469,85.9000015258789,0.0,13201700,0.0009389704951907595,678901714.0214708
2015-10-26,47.874732971191406,0.0,85.73999786376953,0.0,85.94000244140625,85.68000030517578,85.93000030517578,0.0,9354100,0.0010268462906466438,681866560.5636778
2015-10-27,47.718406677246094,0.0,85.45999908447266,0.0,85.68000030517578,85.33999633789062,85.66999816894531,0.0,5585800,0.0010268462906466438,679764502.2098844
2015-10-28,47.84684371948242,0.0,85.69000244140625,0.0,85.70999908447266,85.30000305175781,85.45999908447266,0.0,8637000,0.00114635667255597,677359846.7620728
2015-10-29,47.72401809692383,0.0,85.47000122070312,0.0,85.68000030517578,85.43000030517578,85.44999694824219,0.0,6064500,0.0010311380611885454,675670460.9845297
2015-10-30,47.779823303222656,0.0,85.56999969482422,0.0,85.76000213623047,85.38999938964844,85.52999877929688,0.0,8803100,0.0011391527733426378,676833967.6333412
2015-11-02,47.92790985107422,0.0,85.44000244140625,0.394,85.4800033569336,85.11000061035156,85.18000030517578,0.0,5476000,0.0011391527733426378,671383725.1645648
2015-11-03,47.9783935546875,0.0,85.52999877929688,0.0,85.58000183105469,85.36000061035156,85.36000061035156,0.0,5873700,0.0011391527733426378,665559956.4454881
2015-11-04,47.838172912597656,0.0,85.27999877929688,0.0,85.56999969482422,85.23999786376953,85.56999969482422,0.0,6082100,0.0012190601814109892,663453569.0545763
2015-11-05,47.653053283691406,0.0,84.94999694824219,0.0,85.33999633789062,84.94000244140625,85.25,0.0,8529600,0.001219060181410989,661744682.6027825
2015-11-06,47.42305374145508,0.0,84.54000091552734,0.0,84.69000244140625,84.33999633789062,84.62000274658203,0.0,8207700,0.001219060181410989,663301399.7596619
2015-11-09,47.22673416137695,0.0,84.19000244140625,0.0,84.44000244140625,84.12999725341797,84.36000061035156,0.0,10127900,0.0012298647807244018,665350251.5511407
2015-11-10,47.12015914916992,0.0,84.0,0.0,84.19000244140625,83.87000274658203,84.0999984741211,0.0,9673000,0.0012298647807244018,668679718.6785623
2015-11-11,47.0079460144043,0.0,83.80000305175781,0.0,84.0999984741211,83.75,84.04000091552734,0.0,3943900,0.0011003582375236662,667593136.8817526
2015-11-12,46.69382858276367,0.0,83.23999786376953,0.0,83.68000030517578,83.22000122070312,83.47000122070312,0.0,11570600,0.000929399784205754,668780136.1371964
2015-11-13,46.559200286865234,0.0,83.0,0.0,83.36000061035156,82.98999786376953,83.27999877929688,0.0,7487900,0.000929399784205754,671662018.0123103
2015-11-16,46.77796936035156,0.0,83.38999938964844,0.0,83.44000244140625,82.80999755859375,82.91000366210938,0.0,8228200,0.0010753476788771042,673692545.6566584
2015-11-17,46.81163024902344,0.0,83.44999694824219,0.0,83.73999786376953,83.37000274658203,83.5999984741211,0.0,9106400,0.001043554870393475,677680185.4461428
2015-11-18,46.90138244628906,0.0,83.61000061035156,0.0,83.66000366210938,83.4000015258789,83.4000015258789,0.0,7479000,0.0009672845034006467,679971751.4817677
2015-11-19,46.48067855834961,0.0,82.86000061035156,0.0,83.48999786376953,82.8499984741211,83.33000183105469,0.0,9428300,0.0008737293199836491,683493158.3375537
2015-11-20,46.46943664550781,0.0,82.83999633789062,0.0,83.20999908447266,82.80999755859375,82.87999725341797,0.0,9763700,0.000982528715727507,687070459.3803406
2015-11-23,46.43018341064453,0.0,82.7699966430664,0.0,82.88999938964844,82.69000244140625,82.73999786376953,0.0,5138900,0.0008946529202716227,687752044.6254972
2015-11-24,46.49187469482422,0.0,82.87999725341797,0.0,82.91000366210938,82.56999969482422,82.6500015258789,0.0,9529200,0.0009740154632456588,690100245.6609635
2015-11-25,46.54240036010742,0.0,82.97000122070312,0.0,82.98999786376953,82.83999633789062,82.83999633789062,0.0,7132500,0.0008009000696798541,691359676.4249347
2015-11-27,46.61528396606445,0.0,83.0999984741211,0.0,83.1500015258789,82.94000244140625,83.0199966430664,0.0,2259900,0.0007019124043013793,686106325.1251584
2015-11-30,46.587249755859375,0.0,83.05000305175781,0.0,83.1500015258789,82.98999786376953,83.0999984741211,0.0,5356300,0.0006723618845713185,685899642.025654
2015-12-01,46.91866683959961,0.0,83.23999786376953,0.398,83.27999877929688,82.80000305175781,82.8499984741211,0.0,9849200,0.0007100803066203622,685597295.8904145
2015-12-02,46.822845458984375,0.0,83.06999969482422,0.0,83.44000244140625,83.02999877929688,83.18000030517578,0.0,11871300,0.0007100803066203622,685320284.7062671
2015-12-03,46.698856353759766,0.0,82.8499984741211,0.0,83.12999725341797,82.72000122070312,82.91999816894531,0.0,15290200,0.0006301728985520106,689874631.4027271
2015-12-04,46.59175491333008,0.0,82.66000366210938,0.0,82.93000030517578,82.5,82.80000305175781,0.0,14027900,0.0006301728985520106,694472071.2244124
2015-12-07,46.26483917236328,0.0,82.08000183105469,0.0,82.5,82.0199966430664,82.33000183105469,0.0,11989900,0.0006301728985520106,694192535.5537959
2015-12-08,45.68989944458008,0.0,81.05999755859375,0.0,81.62000274658203,80.95999908447266,81.43000030517578,0.0,25199100,0.000619368299238598,706722889.4465069
2015-12-09,45.92662811279297,0.0,81.4800033569336,0.0,81.69999694824219,81.05000305175781,81.05999755859375,0.0,16703900,0.0008959001536304131,713825887.1300349
2015-12-10,45.73501205444336,0.0,81.13999938964844,0.0,81.56999969482422,81.0,81.2699966430664,0.0,14206800,0.001091058761355988,718927099.2024437
2015-12-11,44.82186126708984,0.0,79.5199966430664,0.0,80.54000091552734,78.62000274658203,80.54000091552734,0.0,54233300,0.001091058761355988,744181355.3337703
2015-12-14,44.43296432495117,0.0,78.83000183105469,0.0,79.51000213623047,78.20999908447266,79.4000015258789,0.0,38540500,0.001091058761355988,764571280.5146838
2015-12-15,45.160064697265625,0.0,80.12000274658203,0.0,80.44999694824219,79.76000213623047,79.80000305175781,0.0,36337800,0.001190888567216449,783667608.4489126
2015-12-16,45.50387954711914,0.0,80.7300033569336,0.0,80.88999938964844,80.05999755859375,80.38999938964844,0.0,30575300,0.001190888567216449,798372923.9711156
2015-12-17,44.99658203125,0.0,79.83000183105469,0.0,80.80999755859375,79.80000305175781,80.69999694824219,0.0,17345300,0.0013978000570006705,800408584.2127179
2015-12-18,44.82754135131836,0.0,79.52999877929688,0.0,79.79000091552734,79.33999633789062,79.55999755859375,0.0,23548900,0.0013967569727957236,811682904.5443883
2015-12-21,44.68661880493164,0.0,79.27999877929688,0.0,79.9000015258789,79.06999969482422,79.69999694824219,0.0,14468700,0.0014609720523968766,818311320.9167299
2015-12-22,45.22769927978516,0.0,80.23999786376953,0.0,80.26000213623047,79.36000061035156,79.4000015258789,0.0,12569500,0.0016344205968126715,824442442.9326073
2015-12-23,45.51516342163086,0.0,80.75,0.0,80.88999938964844,80.41999816894531,80.51000213623047,0.0,12824900,0.0015550580538386354,828994746.1072104
2015-12-24,45.60808944702149,0.0,80.48999786376953,0.424,80.69999694824219,80.2699966430664,80.3499984741211,0.0,5284300,0.0016554880655687075,827650264.6944197
2015-12-28,45.336124420166016,0.0,80.01000213623047,0.0,80.25,79.87999725341797,80.23999786376953,0.0,7151600,0.0016554880655687075,825067191.1799295
2015-12-29,45.59675216674805,0.0,80.47000122070312,0.0,80.52999877929688,80.1500015258789,80.16000366210938,0.0,7485500,0.0016077223298469271,826385527.839812
2015-12-30,45.6307373046875,0.0,80.52999877929688,0.0,80.63999938964844,80.18000030517578,80.37000274658203,0.0,13145300,0.0017302954775330764,825232982.1563418
2015-12-31,45.65911483764648,0.0,80.58000183105469,0.0,80.87999725341797,80.38999938964844,80.4800033569336,0.0,7935200,0.0017302954775330764,826372936.9621338
2016-01-04,45.387115478515625,0.0,80.0999984741211,0.0,80.16000366210938,79.66999816894531,80.01000213623047,0.0,14787700,0.0017302954775330764,832460581.1348022
2016-01-05,45.47212600708008,0.0,80.25,0.0,80.52999877929688,80.06999969482422,80.33999633789062,0.0,11491300,0.0017302954775330764,833873018.4067197
2016-01-06,45.47212600708008,0.0,80.25,0.0,80.33000183105469,79.93000030517578,79.93000030517578,0.0,11320100,0.0017447630935984591,837066499.4705139
2016-01-07,45.17744064331055,0.0,79.7300033569336,0.0,80.0,79.62000274658203,79.66999816894531,0.0,11004700,0.001883025368658199,839621835.7576764
2016-01-08,45.05845260620117,0.0,79.5199966430664,0.0,80.22000122070312,79.5,80.04000091552734,0.0,17902100,0.0017489319994672351,845917719.8072221
2016-01-11,44.99047470092773,0.0,79.4000015258789,0.0,79.94999694824219,79.30999755859375,79.86000061035156,0.0,16917700,0.0015854006272042135,852262092.2407241
2016-01-12,45.03580856323242,0.0,79.4800033569336,0.0,79.94999694824219,79.30000305175781,79.88999938964844,0.0,15217700,0.001982845065463668,857383697.8142754
2016-01-13,44.53716278076172,0.0,78.5999984741211,0.0,79.62000274658203,78.48999786376953,79.54000091552734,0.0,20352700,0.001982845065463668,865863578.5798814
2016-01-14,44.7354736328125,0.0,78.94999694824219,0.0,79.04000091552734,78.27999877929688,78.66000366210938,0.0,18572700,0.0017708734446553668,872190886.9769021
2016-01-15,44.14620208740234,0.0,77.91000366210938,0.0,78.68000030517578,77.41999816894531,77.66999816894531,0.0,27309900,0.0019566445028505954,883595340.8975147
2016-01-19,43.99319839477539,0.0,77.63999938964844,0.0,78.12999725341797,77.38999938964844,77.94999694824219,0.0,15975700,0.0018974883602859201,888716855.4568578
2016-01-20,43.698543548583984,0.0,77.12000274658203,0.0,77.41999816894531,75.81999969482422,77.02999877929688,0.0,25973500,0.0018974883602859201,901184041.1859603
2016-01-21,43.99319839477539,0.0,77.63999938964844,0.0,77.95999908447266,76.80000305175781,77.12000274658203,0.0,20065800,0.0017244738849409094,906198017.3166729
2016-01-22,44.66750717163086,0.0,78.83000183105469,0.0,78.91999816894531,78.23999786376953,78.4000015258789,0.0,17653100,0.0015510253405251143,913826857.8351157
2016-01-25,44.22551345825195,0.0,78.05000305175781,0.0,78.73999786376953,78.02999877929688,78.58999633789062,0.0,16448400,0.001832425721677889,920759156.6065167
2016-01-26,44.62216567993164,0.0,78.75,0.0,78.79000091552734,78.18000030517578,78.36000061035156,0.0,12010900,0.0020803500636444668,920638663.8238331
2016-01-27,44.55416870117188,0.0,78.62999725341797,0.0,79.08000183105469,78.37999725341797,78.72000122070312,0.0,14563000,0.0021241985839294203,922467606.8077935
2016-01-28,44.78082656860352,0.0,79.02999877929688,0.0,79.29000091552734,78.73999786376953,79.11000061035156,0.0,14622600,0.0022314592910559405,925475428.9090232
2016-01-29,44.92813491821289,0.0,79.29000091552734,0.0,79.44999694824219,79.12999725341797,79.19999694824219,0.0,14218700,0.002111185173655764,930137624.2041633
2016-02-01,44.66107940673828,0.0,78.43000030517578,0.391,78.79000091552734,78.30999755859375,78.76000213623047,0.0,8865500,0.002111185173655764,931511332.5808207
2016-02-02,44.34217834472656,0.0,77.87000274658203,0.0,78.22000122070312,77.83000183105469,78.05000305175781,0.0,15442100,0.002111185173655764,937296928.775866
2016-02-03,44.55856323242188,0.0,78.25,0.0,78.4000015258789,77.62999725341797,78.11000061035156,0.0,15465200,0.002255252170718219,944339008.612212
2016-02-04,44.41622924804688,0.0,78.0,0.0,78.38999938964844,77.93000030517578,78.22000122070312,0.0,8989700,0.002436515559727955,944512341.2033626
2016-02-05,44.07454681396485,0.0,77.4000015258789,0.0,77.98999786376953,77.27999877929688,77.98999786376953,0.0,14632300,0.0022982532846682153,946048915.0294713
2016-02-08,43.56205368041992,0.0,76.5,0.0,76.80000305175781,76.27999877929688,76.7699966430664,0.0,15649900,0.002155814799467364,951777034.6328069
2016-02-09,43.39690399169922,0.0,76.20999908447266,0.0,76.55999755859375,75.87000274658203,76.08999633789062,0.0,18685000,0.0020749997960641813,960846175.2348279
2016-02-10,43.33427047729492,0.0,76.0999984741211,0.0,76.7300033569336,75.94999694824219,76.41000366210938,0.0,13086000,0.001964851160346035,965590538.5305375
2016-02-11,43.04384231567383,0.0,75.58999633789062,0.0,75.87000274658203,75.08999633789062,75.3499984741211,0.0,22158200,0.001964851160346035,974512373.4932188
2016-02-12,43.68732452392578,0.0,76.72000122070312,0.0,76.79000091552734,75.7699966430664,75.86000061035156,0.0,17751500,0.0019310450806225249,980235748.0573381
2016-02-16,43.72719192504883,0.0,76.79000091552734,0.0,77.02999877929688,76.69000244140625,76.80999755859375,0.0,14106000,0.0017452740224272966,986475700.1236628
2016-02-17,44.08594512939453,0.0,77.41999816894531,0.0,77.58999633789062,77.11000061035156,77.18000030517578,0.0,16353000,0.0014916410422132706,993676186.4210038
2016-02-18,44.12580108642578,0.0,77.48999786376953,0.0,77.75,77.44000244140625,77.69999694824219,0.0,13247300,0.0014916410422132706,998077172.2628094
2016-02-19,44.211212158203125,0.0,77.63999938964844,0.0,77.68000030517578,77.05000305175781,77.1500015258789,0.0,12879900,0.0014948379967802126,1001082686.5131257
2016-02-22,44.59273910522461,0.0,78.30999755859375,0.0,78.3499984741211,77.94999694824219,78.04000091552734,0.0,13826600,0.0014948379967802126,1002120712.2472733
2016-02-23,44.50164794921875,0.0,78.1500015258789,0.0,78.27999877929688,77.73999786376953,78.05999755859375,0.0,16809700,0.0013554704547388506,1003621856.18931
2016-02-24,44.57565689086914,0.0,78.27999877929688,0.0,78.37000274658203,77.45999908447266,77.55999755859375,0.0,13622100,0.0012361320505346839,999225418.2411739
2016-02-25,44.81482696533203,0.0,78.69999694824219,0.0,78.7300033569336,78.05999755859375,78.33000183105469,0.0,10699100,0.0011922835302497301,993644015.5490814
2016-02-26,45.11661529541016,0.0,79.2300033569336,0.0,79.30000305175781,78.86000061035156,78.94999694824219,0.0,12060200,0.0010543243664209588,993985703.0172439
2016-02-29,45.60064315795898,0.0,80.08000183105469,0.0,80.12999725341797,79.26000213623047,79.27999877929688,0.0,23746800,0.0010143069140859423,1000332266.6289314
2016-03-01,46.32134628295898,0.0,80.91999816894531,0.419,81.01000213623047,79.54000091552734,79.83000183105469,0.0,24023200,0.0010143069140859423,1009523388.0135188
2016-03-02,46.00648880004883,0.0,80.37000274658203,0.0,80.61000061035156,80.22000122070312,80.5,0.0,14987400,0.0010899401498802096,1015381185.4636662
2016-03-03,46.16105270385742,0.0,80.63999938964844,0.0,80.87000274658203,79.98999786376953,80.2699966430664,0.0,12018400,0.0010698061208858618,1019854134.527055
2016-03-04,46.2927131652832,0.0,80.87000274658203,0.0,81.23999786376953,80.5,80.77999877929688,0.0,18029900,0.0008740751158107431,1027839150.7168603
2016-03-07,46.34994888305664,0.0,80.97000122070312,0.0,81.0,80.66999816894531,80.68000030517578,0.0,12656200,0.0009790170208064204,1029976766.2141467
2016-03-08,46.02367401123047,0.0,80.4000015258789,0.0,80.8499984741211,80.36000061035156,80.79000091552734,0.0,17813700,0.0010846029877366777,1038156943.6066703
2016-03-09,46.13815689086914,0.0,80.5999984741211,0.0,80.69999694824219,80.36000061035156,80.55000305175781,0.0,7699600,0.0012442197750550965,1039343596.9208611
2016-03-10,46.45870971679688,0.0,81.16000366210938,0.0,81.19000244140625,80.55000305175781,81.05999755859375,0.0,18167000,0.0009569239725137882,1047678424.31792
2016-03-11,47.01972961425781,0.0,82.13999938964844,0.0,82.26000213623047,81.63999938964844,81.72000122070312,0.0,18662700,0.0009569239725137882,1056586735.4242718
2016-03-14,46.88804626464844,0.0,81.91000366210938,0.0,82.05999755859375,81.52999877929688,81.87999725341797,0.0,12512400,0.0012012254167330888,1061401591.6133336
2016-03-15,46.45299911499024,0.0,81.1500015258789,0.0,81.4800033569336,81.11000061035156,81.4000015258789,0.0,16442600,0.0013732378255452444,1068987594.2861708
2016-03-16,46.76212310791016,0.0,81.69000244140625,0.0,81.98999786376953,80.81999969482422,80.93000030517578,0.0,21567100,0.0014451803520841595,1080059847.2216954
2016-03-17,47.05976486206055,0.0,82.20999908447266,0.0,82.3499984741211,81.72000122070312,81.87999725341797,0.0,18423000,0.0014451803520841595,1088648403.5392156
2016-03-18,47.16853332519531,0.0,82.4000015258789,0.0,82.61000061035156,82.27999877929688,82.30000305175781,0.0,12922000,0.0014419833975172175,1092605356.9662185
2016-03-21,47.11703872680664,0.0,82.30999755859375,0.0,82.45999908447266,82.13999938964844,82.38999938964844,0.0,12653600,0.0014419833975172175,1093493994.5981948
2016-03-22,46.9910774230957,0.0,82.08999633789062,0.0,82.25,81.9800033569336,82.13999938964844,0.0,8941200,0.0012999505584058047,1094164935.4454403
2016-03-23,46.773563385009766,0.0,81.70999908447266,0.0,82.06999969482422,81.68000030517578,82.06999969482422,0.0,11354200,0.0010709346089133218,1096554217.118878
2016-03-24,46.56746673583984,0.0,81.3499984741211,0.0,81.48999786376953,81.08000183105469,81.12000274658203,0.0,13497800,0.0010709346089133218,1100088748.0988579
2016-03-28,46.35568618774414,0.0,80.9800033569336,0.0,81.43000030517578,80.94000244140625,81.26000213623047,0.0,11298900,0.0012029451923644512,1101202487.8602042
2016-03-29,46.53312683105469,0.0,81.29000091552734,0.0,81.31999969482422,80.68000030517578,80.73999786376953,0.0,11348400,0.0012862008733898575,1102929882.7407475
2016-03-30,46.69914627075195,0.0,81.58000183105469,0.0,81.70999908447266,81.38999938964844,81.44000244140625,0.0,11796400,0.0012862008733898575,1102410271.9054813
2016-03-31,46.76212310791016,0.0,81.69000244140625,0.0,81.9000015258789,81.4800033569336,81.48999786376953,0.0,9436700,0.0012372583247841707,1101028123.7496634
2016-04-01,46.79606246948242,0.0,81.37000274658203,0.379,81.51000213623047,80.80000305175781,80.9800033569336,0.0,10822400,0.001113325356716063,1098405891.7053223
2016-04-04,46.68102264404297,0.0,81.16999816894531,0.0,81.51000213623047,81.08000183105469,81.26000213623047,0.0,9269700,0.001291333848288665,1096416155.1703439
2016-04-05,46.50849151611328,0.0,80.87000274658203,0.0,81.06999969482422,80.77999877929688,80.81999969482422,0.0,13254500,0.0011863919432929877,1095723841.9090574
2016-04-06,46.899559020996094,0.0,81.55000305175781,0.0,81.62000274658203,80.9800033569336,81.01000213623047,0.0,13935000,0.0010808059763627303,1095783164.0233176
2016-04-07,46.66950988769531,0.0,81.1500015258789,0.0,81.41000366210938,81.05999755859375,81.22000122070312,0.0,11306100,0.001053777810749341,1093753174.1724286
2016-04-08,46.882286071777344,0.0,81.5199966430664,0.0,81.63999938964844,81.41999816894531,81.58000183105469,0.0,7953000,0.0011479334731947133,1086791025.0319707
2016-04-11,46.945587158203125,0.0,81.62999725341797,0.0,81.86000061035156,81.62000274658203,81.6500015258789,0.0,8126900,0.0011479334731947133,1085662180.9774005
2016-04-12,47.22162628173828,0.0,82.11000061035156,0.0,82.13999938964844,81.72000122070312,81.7699966430664,0.0,11772800,0.000983072605841516,1086646502.7483742
2016-04-13,47.53216552734375,0.0,82.6500015258789,0.0,82.81999969482422,82.30999755859375,82.30999755859375,0.0,13596100,0.0008110601970293604,1092957741.2209709
2016-04-14,47.51488494873047,0.0,82.62000274658203,0.0,82.7300033569336,82.5,82.6500015258789,0.0,10758400,0.0007983850621425973,1094784179.21739
2016-04-15,47.440162658691406,0.0,82.48999786376953,0.0,82.56999969482422,82.4000015258789,82.47000122070312,0.0,7857300,0.0008071853071150176,1094720385.9816656
2016-04-18,47.71046447753906,0.0,82.95999908447266,0.0,82.97000122070312,82.12999725341797,82.16000366210938,0.0,9211400,0.0008321254956426506,1095362299.8902335
2016-04-19,47.911766052246094,0.0,83.30999755859375,0.0,83.41000366210938,83.08000183105469,83.1500015258789,0.0,11623600,0.0008321254956426506,1099001515.7546754
2016-04-20,48.00379180908203,0.0,83.47000122070312,0.0,83.69999694824219,83.22000122070312,83.37999725341797,0.0,10128800,0.0008321254956426506,1098689443.9789667
2016-04-21,47.854251861572266,0.0,83.20999908447266,0.0,83.5999984741211,83.16999816894531,83.56999969482422,0.0,13349500,0.0009977809204715481,1100512301.030386
2016-04-22,47.963497161865234,0.0,83.4000015258789,0.0,83.44999694824219,83.20999908447266,83.27999877929688,0.0,10982300,0.0010882853020694654,1098056116.4014785
2016-04-25,47.77947616577149,0.0,83.08000183105469,0.0,83.37000274658203,83.05000305175781,83.25,0.0,8972400,0.0009997195069072452,1095958789.574808
2016-04-26,47.940467834472656,0.0,83.36000061035156,0.0,83.37000274658203,83.16000366210938,83.29000091552734,0.0,8291000,0.0010075478609372565,1092451137.431057
2016-04-27,48.22229766845703,0.0,83.8499984741211,0.0,83.91000366210938,83.41000366210938,83.44000244140625,0.0,10505400,0.0010075478609372565,1093076988.7005215
2016-04-28,48.141788482666016,0.0,83.70999908447266,0.0,84.04000091552734,83.6500015258789,83.83000183105469,0.0,9229000,0.0009867365544759079,1095419822.975637
2016-04-29,48.22229766845703,0.0,83.8499984741211,0.0,83.91000366210938,83.3499984741211,83.62999725341797,0.0,20284700,0.0009867365544759079,1103044961.9673955
2016-05-02,48.24079132080078,0.0,83.5,0.382,83.52999877929688,83.29000091552734,83.37999725341797,0.0,11420700,0.0008796672364466739,1106499689.1705468
2016-05-03,47.9288215637207,0.0,82.95999908447266,0.0,83.22000122070312,82.83999633789062,83.19999694824219,0.0,18449200,0.0009367022920731981,1112668453.859402
2016-05-04,47.74971008300781,0.0,82.6500015258789,0.0,82.86000061035156,82.61000061035156,82.80999755859375,0.0,17645200,0.0009367022920731981,1120529615.395555
2016-05-05,47.70927429199219,0.0,82.58000183105469,0.0,82.91999816894531,82.54000091552734,82.91000366210938,0.0,18782100,0.0009133336029811433,1128852220.9396908
2016-05-06,47.68038177490234,0.0,82.52999877929688,0.0,82.70999908447266,82.20999908447266,82.2300033569336,0.0,16204400,0.0008191779405357713,1135349583.095593
2016-05-09,47.59371948242188,0.0,82.37999725341797,0.0,82.58999633789062,82.27999877929688,82.4000015258789,0.0,11622800,0.0009485120076972017,1137197969.9059684
2016-05-10,47.998146057128906,0.0,83.08000183105469,0.0,83.0999984741211,82.43000030517578,82.43000030517578,0.0,11420700,0.0008690714308310984,1139221404.91706
2016-05-11,47.96343994140625,0.0,83.0199966430664,0.0,83.36000061035156,82.93000030517578,83.08000183105469,0.0,20692000,0.0008690714308310984,1146087927.4949331
2016-05-12,48.0385627746582,0.0,83.1500015258789,0.0,83.23999786376953,82.95999908447266,83.23999786376953,0.0,11312400,0.0009176412154774107,1147104547.1557374
2016-05-13,47.824832916259766,0.0,82.77999877929688,0.0,83.18000030517578,82.73999786376953,83.06999969482422,0.0,11332400,0.0009400731629319945,1151926747.363124
2016-05-16,48.09058380126953,0.0,83.23999786376953,0.0,83.27999877929688,82.87000274658203,82.93000030517578,0.0,12981700,0.00113536888617586,1152858969.2757077
2016-05-17,47.99235153198242,0.0,83.06999969482422,0.0,83.31999969482422,83.01000213623047,83.0999984741211,0.0,7489900,0.0012282294645393364,1152864447.77344
2016-05-18,47.998146057128906,0.0,83.08000183105469,0.0,83.33000183105469,82.8499984741211,83.0999984741211,0.0,16612500,0.0013607921759021195,1158372518.7055073
2016-05-19,47.86527633666992,0.0,82.8499984741211,0.0,82.91000366210938,82.58999633789062,82.79000091552734,0.0,20290200,0.0012052220700379068,1165682947.172413
2016-05-20,48.03281784057617,0.0,83.13999938964844,0.0,83.16000366210938,82.86000061035156,82.86000061035156,0.0,10556700,0.0011147176884399896,1167685842.704095
2016-05-23,48.04437255859375,0.0,83.16000366210938,0.0,83.5999984741211,82.95999908447266,83.12000274658203,0.0,10457400,0.0010712729001510805,1168387497.2956946
2016-05-24,48.33324813842773,0.0,83.66000366210938,0.0,83.66000366210938,83.30999755859375,83.37000274658203,0.0,10838400,0.0011096888094057444,1169164606.1167035
2016-05-25,48.40833282470703,0.0,83.79000091552734,0.0,83.91999816894531,83.75,83.83000183105469,0.0,15119600,0.0011096888094057444,1175843372.482524
2016-05-26,48.2696647644043,0.0,83.55000305175781,0.0,83.94000244140625,83.54000091552734,83.94000244140625,0.0,12269000,0.0011536131606644884,1177710792.4635932
2016-05-27,48.350563049316406,0.0,83.69000244140625,0.0,83.69000244140625,83.52999877929688,83.58999633789062,0.0,6225600,0.0011837117995285942,1177149180.9198833
2016-05-31,48.30433654785156,0.0,83.61000061035156,0.0,83.87000274658203,83.5199966430664,83.75,0.0,11994100,0.0011631167834744046,1183617665.219637
2016-06-01,48.38093948364258,0.0,83.33999633789062,0.402,83.37999725341797,82.9000015258789,82.98999786376953,0.0,16488600,0.0011060817278478804,1190993213.888453
2016-06-02,48.39256286621094,0.0,83.36000061035156,0.0,83.41000366210938,83.11000061035156,83.19999694824219,0.0,12118900,0.001187238943666958,1192504199.003032
2016-06-03,48.47965240478516,0.0,83.51000213623047,0.0,83.55999755859375,83.2300033569336,83.44000244140625,0.0,13093000,0.0010780190110539832,1193355370.1982105
2016-06-06,48.69442367553711,0.0,83.87999725341797,0.0,83.93000030517578,83.62000274658203,83.77999877929688,0.0,16126200,0.0010780190110539832,1194036898.4921713
2016-06-07,48.90926361083984,0.0,84.25,0.0,84.3499984741211,83.93000030517578,83.9800033569336,0.0,18423500,0.0009486849438925526,1197153038.251126
2016-06-08,49.09498977661133,0.0,84.56999969482422,0.0,84.5999984741211,84.3499984741211,84.36000061035156,0.0,14652800,0.0009486849438925526,1199177294.4223495
2016-06-09,48.90345764160156,0.0,84.23999786376953,0.0,84.56999969482422,84.13999938964844,84.56999969482422,0.0,11188300,0.0010020571022101325,1190446051.4352102
2016-06-10,48.66542816162109,0.0,83.83000183105469,0.0,84.0199966430664,83.66000366210938,83.9000015258789,0.0,15259900,0.0008812525596754459,1189796873.791304
2016-06-13,48.34031677246094,0.0,83.2699966430664,0.0,83.80999755859375,83.2699966430664,83.5,0.0,17257900,0.0008500203672484415,1192053425.6304908
2016-06-14,48.177772521972656,0.0,82.98999786376953,0.0,83.23999786376953,82.7699966430664,83.12999725341797,0.0,20578800,0.0006297844554769433,1171380431.4566536
2016-06-15,48.20100021362305,0.0,83.02999877929688,0.0,83.37999725341797,82.97000122070312,83.26000213623047,0.0,14202800,0.0005567869231122138,1156627342.417708
2016-06-16,48.23003387451172,0.0,83.08000183105469,0.0,83.1500015258789,82.44999694824219,82.8499984741211,0.0,19195500,0.00042422421174943077,1146177957.8093212
2016-06-17,48.2590446472168,0.0,83.12999725341797,0.0,83.33000183105469,83.05999755859375,83.08999633789062,0.0,16113800,0.00041413889278474596,1137219196.5244234
2016-06-20,48.54351425170898,0.0,83.62000274658203,0.0,83.97000122070312,83.52999877929688,83.7300033569336,0.0,13368400,0.0004232439555380481,1135101659.3336074
2016-06-21,48.729305267333984,0.0,83.94000244140625,0.0,83.9800033569336,83.62999725341797,83.7699966430664,0.0,12141800,0.0005992384442959914,1128326569.916062
2016-06-22,48.77573013305664,0.0,84.0199966430664,0.0,84.12000274658203,83.88999938964844,83.98999786376953,0.0,10759500,0.0004697384999859101,1126397479.7219594
2016-06-23,49.13566207885742,0.0,84.63999938964844,0.0,84.63999938964844,84.31999969482422,84.38999938964844,0.0,9920200,0.0004697384999859101,1125056758.0457416
2016-06-24,48.3287239074707,0.0,83.25,0.0,84.19999694824219,82.9000015258789,82.98999786376953,0.0,31416700,0.00047506935252191677,1137595088.2044716
2016-06-27,47.63209915161133,0.0,82.05000305175781,0.0,83.05999755859375,82.01000213623047,83.0,0.0,27244200,0.0004449707136578109,1151960591.3586874
2016-06-28,48.23003387451172,0.0,83.08000183105469,0.0,83.11000061035156,82.69000244140625,82.83000183105469,0.0,13910300,0.0005136856602616293,1156591291.5030768
2016-06-29,48.83956527709961,0.0,84.12999725341797,0.0,84.30000305175781,83.54000091552734,83.58000183105469,0.0,23604300,0.0005136856602616293,1167571224.0430076
2016-06-30,49.17047500610352,0.0,84.69999694824219,0.0,84.80000305175781,83.94000244140625,84.05999755859375,0.0,26304600,0.0004325284444425518,1176852244.2554777
2016-07-01,49.26789093017578,0.0,84.47000122070312,0.397,84.69999694824219,84.25,84.30000305175781,0.0,16343000,0.0005904198494676092,1182733790.2826219
2016-07-05,48.987918853759766,0.0,83.98999786376953,0.0,84.30000305175781,83.8499984741211,84.30000305175781,0.0,12078200,0.0005904198494676092,1181384212.8601015
2016-07-06,49.203739166259766,0.0,84.36000061035156,0.0,84.37000274658203,83.75,83.87999725341797,0.0,9607000,0.0008001469374921898,1180497464.4542572
2016-07-07,49.26789093017578,0.0,84.47000122070312,0.0,84.5999984741211,84.25,84.37999725341797,0.0,13058100,0.0008001469374921898,1182041747.771242
2016-07-08,49.92113876342773,0.0,85.58999633789062,0.0,85.63999938964844,84.79000091552734,84.81999969482422,0.0,21395600,0.0007467747791746099,1189611942.673662
2016-07-11,49.950313568115234,0.0,85.63999938964844,0.0,85.91999816894531,85.5999984741211,85.63999938964844,0.0,18313500,0.0007467747791746099,1190761095.0301578
2016-07-12,50.09030151367188,0.0,85.87999725341797,0.0,86.31999969482422,85.86000061035156,86.05999755859375,0.0,16074300,0.0008317850677104761,1191056296.8875885
2016-07-13,49.944435119628906,0.0,85.62999725341797,0.0,85.9000015258789,85.51000213623047,85.87000274658203,0.0,13040300,0.0008317850677104761,1190319296.9359927
2016-07-14,50.0435905456543,0.0,85.80000305175781,0.0,85.91000366210938,85.5999984741211,85.9000015258789,0.0,7764400,0.0009501027670754125,1182910275.9419518
2016-07-15,49.944435119628906,0.0,85.62999725341797,0.0,85.94000244140625,85.5999984741211,85.8499984741211,0.0,9163800,0.0011191957732627,1177500605.7872713
2016-07-18,50.113616943359375,0.0,85.91999816894531,0.0,85.94000244140625,85.62999725341797,85.68000030517578,0.0,7447200,0.001288185965979303,1165692264.5281594
2016-07-19,49.97943878173828,0.0,85.69000244140625,0.0,85.87000274658203,85.54000091552734,85.7300033569336,0.0,7349700,0.0014236924576357206,1160846569.867004
2016-07-20,50.10776138305664,0.0,85.91000366210938,0.0,85.98999786376953,85.6500015258789,85.80999755859375,0.0,7247500,0.0012812239495772443,1149890667.9638515
2016-07-21,50.03780746459961,0.0,85.79000091552734,0.0,86.08000183105469,85.73999786376953,85.77999877929688,0.0,11265000,0.0013526851840561318,1145196347.8095706
2016-07-22,50.25941467285156,0.0,86.16999816894531,0.0,86.26000213623047,85.7300033569336,85.80999755859375,0.0,10523500,0.0014928670851555444,1141348856.3048651
2016-07-25,50.0202751159668,0.0,85.76000213623047,0.0,86.08999633789062,85.68000030517578,86.08999633789062,0.0,14768400,0.0016344742068982402,1141211874.9187713
2016-07-26,49.82780838012695,0.0,85.43000030517578,0.0,85.75,85.37999725341797,85.69999694824219,0.0,14292600,0.0016344742068982402,1143395672.120055
2016-07-27,49.97943878173828,0.0,85.69000244140625,0.0,85.72000122070312,85.33999633789062,85.58000183105469,0.0,11730800,0.0016852614292636556,1142285542.2044845
2016-07-28,49.76947784423828,0.0,85.33000183105469,0.0,85.51000213623047,85.23999786376953,85.51000213623047,0.0,17968100,0.0018067911412260752,1145282319.5517101
2016-07-29,49.8161506652832,0.0,85.41000366210938,0.0,85.43000030517578,84.98999786376953,85.18000030517578,0.0,15202400,0.0018067911412260752,1146639750.5331008
2016-08-01,49.53668212890625,0.0,84.55000305175781,0.383,84.9800033569336,84.4800033569336,84.97000122070312,0.0,18335300,0.001855747062035502,1153424897.3842864
2016-08-02,49.46638870239258,0.0,84.43000030517578,0.0,84.61000061035156,84.29000091552734,84.5199966430664,0.0,21959800,0.001855747062035502,1158596243.029434
2016-08-03,49.68901443481445,0.0,84.80999755859375,0.0,84.88999938964844,84.44999694824219,84.5,0.0,13733700,0.0016460199740109215,1158235950.676025
2016-08-04,50.00539779663086,0.0,85.3499984741211,0.0,85.45999908447266,85.0,85.12000274658203,0.0,11832000,0.0016460199740109215,1160685669.5803566
2016-08-05,50.11670303344727,0.0,85.54000091552734,0.0,85.77999877929688,85.51000213623047,85.62999725341797,0.0,12314900,0.0016460199740109215,1160057705.4132733
2016-08-08,50.3217658996582,0.0,85.88999938964844,0.0,85.93000030517578,85.5999984741211,85.69999694824219,0.0,10800900,0.001739590627575701,1157918593.860953
2016-08-09,50.49752807617188,0.0,86.19000244140625,0.0,86.25,85.91999816894531,85.94000244140625,0.0,13772300,0.0016545803390398347,1156038044.1604009
2016-08-10,50.403785705566406,0.0,86.02999877929688,0.0,86.25,86.0,86.20999908447266,0.0,7250400,0.0017722753049709155,1153084927.677203
2016-08-11,50.526832580566406,0.0,86.23999786376953,0.0,86.36000061035156,86.0999984741211,86.16999816894531,0.0,6732600,0.0017331657151926961,1144399857.4610393
2016-08-12,50.567848205566406,0.0,86.30999755859375,0.0,86.33000183105469,86.12000274658203,86.19000244140625,0.0,3996500,0.0016679738929181159,1136328768.6005123
2016-08-15,50.72016906738281,0.0,86.56999969482422,0.0,86.62000274658203,86.33000183105469,86.48999786376953,0.0,9396400,0.001498983700201513,1134187868.5387506
2016-08-16,50.61472702026367,0.0,86.38999938964844,0.0,86.5999984741211,86.3499984741211,86.5999984741211,0.0,8104400,0.0014840285673140166,1129696518.3879306
2016-08-17,50.685020446777344,0.0,86.51000213623047,0.0,86.55000305175781,86.31999969482422,86.44999694824219,0.0,14139600,0.0015338836269440568,1131257499.1617777
2016-08-18,50.88424682617188,0.0,86.8499984741211,0.0,86.8499984741211,86.5199966430664,86.58000183105469,0.0,8582700,0.001462422392465169,1129236959.9059453
2016-08-19,50.73187255859375,0.0,86.58999633789062,0.0,86.80999755859375,86.55000305175781,86.73999786376953,0.0,7474000,0.0014476374075489142,1125779917.210594
2016-08-22,50.64984893798828,0.0,86.44999694824219,0.0,86.55999755859375,86.30999755859375,86.5,0.0,5364700,0.0012508957012842357,1119034680.8453455
2016-08-23,50.81975555419922,0.0,86.73999786376953,0.0,86.81999969482422,86.58999633789062,86.66999816894531,0.0,7476400,0.0012508957012842357,1115718529.6442122
2016-08-24,50.679161071777344,0.0,86.5,0.0,86.77999877929688,86.48999786376953,86.7300033569336,0.0,6655300,0.001136917211567149,1113604754.3477921
2016-08-25,50.772891998291016,0.0,86.66000366210938,0.0,86.7699966430664,86.52999877929688,86.55000305175781,0.0,7482800,0.0011358481116111245,1111167689.180471
2016-08-26,50.71430206298828,0.0,86.55999755859375,0.0,87.0199966430664,86.41000366210938,86.61000061035156,0.0,10544900,0.0011992980701051631,1103319456.885026
2016-08-29,50.96622848510742,0.0,86.98999786376953,0.0,87.04000091552734,86.66000366210938,86.69000244140625,0.0,10038500,0.0011436230934464692,1094821772.7067978
2016-08-30,50.99555206298828,0.0,87.04000091552734,0.0,87.13999938964844,86.79000091552734,86.98999786376953,0.0,16157400,0.0011944746732175263,1096423381.6879756
2016-08-31,50.79635238647461,0.0,86.69999694824219,0.0,87.02999877929688,86.62000274658203,86.97000122070312,0.0,16985000,0.0012348271241992676,1100418902.9538593
2016-09-01,50.89695358276367,0.0,86.5,0.371,86.52999877929688,86.12000274658203,86.4000015258789,0.0,14952700,0.0012348271241992676,1099112002.0608387
2016-09-02,51.13230895996094,0.0,86.9000015258789,0.0,87.02999877929688,86.62000274658203,86.76000213623047,0.0,13540100,0.0012348271241992676,1100317257.4672759
2016-09-06,51.19111633300781,0.0,87.0,0.0,87.01000213623047,86.8499984741211,86.87000274658203,0.0,12662000,0.0011830272486991124,1097693229.6325018
2016-09-07,51.049930572509766,0.0,86.76000213623047,0.0,87.01000213623047,86.69999694824219,86.94999694824219,0.0,8245100,0.0012369416648309963,1098445270.4687088
2016-09-08,50.955787658691406,0.0,86.5999984741211,0.0,86.81999969482422,86.58999633789062,86.7699966430664,0.0,8430700,0.0011192466988999158,1092537848.4100282
2016-09-09,50.467430114746094,0.0,85.7699966430664,0.0,86.55999755859375,85.73999786376953,86.3499984741211,0.0,25087600,0.001020175543314451,1097449032.546325
2016-09-12,50.64393997192383,0.0,86.06999969482422,0.0,86.2300033569336,85.55000305175781,85.5999984741211,0.0,17718300,0.0009939985513005528,1101418265.4492695
2016-09-13,50.25558853149414,0.0,85.41000366210938,0.0,85.97000122070312,85.2699966430664,85.86000061035156,0.0,21907200,0.001157022161196103,1105678400.5059137
2016-09-14,50.243797302246094,0.0,85.38999938964844,0.0,85.80999755859375,85.29000091552734,85.52999877929688,0.0,14257700,0.001270225002505965,1101358150.844356
2016-09-15,50.53803634643555,0.0,85.88999938964844,0.0,85.93000030517578,85.44000244140625,85.5,0.0,9964800,0.0013623718491945019,1096130546.5013776
2016-09-16,50.54977798461914,0.0,85.91000366210938,0.0,85.93000030517578,85.58000183105469,85.77999877929688,0.0,8396600,0.0015201490334830967,1093404983.9381385
2016-09-19,50.57920837402344,0.0,85.95999908447266,0.0,86.06999969482422,85.81999969482422,85.97000122070312,0.0,9855500,0.0013947521172999388,1091862610.8101194
2016-09-20,50.52037811279297,0.0,85.86000061035156,0.0,86.0999984741211,85.72000122070312,86.0,0.0,8705600,0.001499862282839426,1091969592.9216838
2016-09-21,50.93814849853516,0.0,86.56999969482422,0.0,86.62000274658203,85.87999725341797,85.91000366210938,0.0,17484300,0.001499862282839426,1096619308.5888212
2016-09-22,51.10879135131836,0.0,86.86000061035156,0.0,87.12999725341797,86.70999908447266,86.86000061035156,0.0,11813600,0.001443994446098101,1096048541.0793486
2016-09-23,51.049930572509766,0.0,86.76000213623047,0.0,86.97000122070312,86.69999694824219,86.80000305175781,0.0,13122600,0.0014199386581540295,1097822603.3341362
2016-09-26,50.82632827758789,0.0,86.37999725341797,0.0,86.68000030517578,86.30999755859375,86.56999969482422,0.0,6590500,0.0013564886996599908,1095019237.6635718
2016-09-27,50.97343826293945,0.0,86.62999725341797,0.0,86.63999938964844,86.12999725341797,86.26000213623047,0.0,8516500,0.001317007642649563,1093236968.1239598
2016-09-28,51.314727783203125,0.0,87.20999908447266,0.0,87.2300033569336,86.47000122070312,86.77999877929688,0.0,11149300,0.0012661560628785058,1094835749.0505764
2016-09-29,51.120548248291016,0.0,86.87999725341797,0.0,87.19000244140625,86.55999755859375,87.16999816894531,0.0,13425800,0.0015412525374300461,1097104120.077563
2016-09-30,51.34413146972656,0.0,87.26000213623047,0.0,87.29000091552734,86.9800033569336,87.0,0.0,12158000,0.0016411369712857292,1099552418.2834806
2016-10-03,51.31222152709961,0.0,86.81999969482422,0.386,86.91000366210938,86.6500015258789,86.81999969482422,0.0,10708800,0.0017722031134094983,1098424216.3892534
2016-10-04,51.22357177734375,0.0,86.66999816894531,0.0,87.0,86.55999755859375,86.94000244140625,0.0,11057500,0.0018293015591987999,1097011154.58153
2016-10-05,51.3594970703125,0.0,86.9000015258789,0.0,86.98999786376953,86.76000213623047,86.97000122070312,0.0,9424500,0.0018539495359099485,1096229400.8682675
2016-10-06,51.38906478881836,0.0,86.94999694824219,0.0,86.98999786376953,86.7300033569336,86.97000122070312,0.0,9455200,0.0019749983800863447,1097608774.5019398
2016-10-07,51.50724029541016,0.0,87.1500015258789,0.0,87.19000244140625,86.73999786376953,86.98999786376953,0.0,10824200,0.002058064559485547,1099830442.9292226
2016-10-10,51.65501403808594,0.0,87.4000015258789,0.0,87.5,87.1500015258789,87.20999908447266,0.0,4182300,0.001980340367586738,1095059557.303795
2016-10-11,51.365421295166016,0.0,86.91000366210938,0.0,87.27999877929688,86.7699966430664,87.2699966430664,0.0,8855400,0.0018290738106185613,1092249280.8012826
2016-10-12,51.34769058227539,0.0,86.87999725341797,0.0,87.02999877929688,86.7300033569336,86.87000274658203,0.0,7915300,0.0016442274632738492,1090652631.6323235
2016-10-13,51.21765899658203,0.0,86.66000366210938,0.0,86.7699966430664,86.43000030517578,86.61000061035156,0.0,10614800,0.001468699576255806,1092809218.5105581
2016-10-14,51.33586883544922,0.0,86.86000061035156,0.0,86.9800033569336,86.73999786376953,86.91000366210938,0.0,6766300,0.0013109223919672112,1091408766.8166146
2016-10-17,51.26495742797852,0.0,86.73999786376953,0.0,86.98999786376953,86.70999908447266,86.83999633789062,0.0,7790000,0.001434298376962435,1089086088.2113502
2016-10-18,51.47178268432617,0.0,87.08999633789062,0.0,87.12000274658203,86.81999969482422,87.05000305175781,0.0,8404600,0.0014408775231042408,1088185339.2816453
2016-10-19,51.61955261230469,0.0,87.33999633789062,0.0,87.38999938964844,87.13999938964844,87.16000366210938,0.0,9874300,0.0014408775231042408,1086213985.655146
2016-10-20,51.62546157836914,0.0,87.3499984741211,0.0,87.41000366210938,87.18000030517578,87.33999633789062,0.0,12558000,0.0015372650814768573,1087650632.036736
2016-10-21,51.63728332519531,0.0,87.37000274658203,0.0,87.44999694824219,87.06999969482422,87.18000030517578,0.0,8332900,0.0015295866158553187,1087512683.5244982
2016-10-24,51.66681289672852,0.0,87.41999816894531,0.0,87.55999755859375,87.27999877929688,87.4800033569336,0.0,7200800,0.0015295866158553187,1087023446.68128
2016-10-25,51.63728332519531,0.0,87.37000274658203,0.0,87.41999816894531,87.2300033569336,87.33000183105469,0.0,6906500,0.0014294968015942581,1084821408.1892104
2016-10-26,51.430423736572266,0.0,87.0199966430664,0.0,87.3499984741211,86.98999786376953,87.1500015258789,0.0,13813300,0.0014294968015942581,1088229929.9199967
2016-10-27,51.24131393432617,0.0,86.69999694824219,0.0,87.12999725341797,86.55000305175781,87.08999633789062,0.0,19333100,0.0011140478760609763,1088033958.8640606
2016-10-28,50.99309158325195,0.0,86.27999877929688,0.0,86.66000366210938,86.20999908447266,86.5999984741211,0.0,19745600,0.0010141634422052934,1093986513.577525
2016-10-31,50.83940124511719,0.0,86.0199966430664,0.0,86.30999755859375,85.93000030517578,86.26000213623047,0.0,21174600,0.0008830973000815241,1096295191.401406
2016-11-01,50.64113235473633,0.0,85.30000305175781,0.386,85.68000030517578,84.97000122070312,85.68000030517578,0.0,26184000,0.0007842280762275989,1102446933.2504756
2016-11-02,50.41553115844727,0.0,84.91999816894531,0.0,85.23999786376953,84.81999969482422,85.16000366210938,0.0,19593600,0.0007411669036952587,1103342668.3594599
2016-11-03,50.42739868164063,0.0,84.94000244140625,0.0,85.2300033569336,84.87000274658203,85.0999984741211,0.0,12699700,0.0008090961999906783,1101289997.2228398
2016-11-04,50.45115280151367,0.0,84.9800033569336,0.0,85.25,84.91000366210938,85.08999633789062,0.0,10970400,0.0008894467831808628,1101089825.7684739
2016-11-07,51.15764236450195,0.0,86.16999816894531,0.0,86.22000122070312,85.69000244140625,85.75,0.0,14416200,0.0009316307455979885,1103418493.6311026
2016-11-08,51.04484176635742,0.0,85.9800033569336,0.0,86.12999725341797,85.73999786376953,85.7699966430664,0.0,20370600,0.0010995928040458407,1103685275.2647884
2016-11-09,50.688602447509766,0.0,85.37999725341797,0.0,86.0,85.30000305175781,85.44999694824219,0.0,24858900,0.0010415798885584672,1113064852.5382936
2016-11-10,50.02370071411133,0.0,84.26000213623047,0.0,85.19999694824219,84.20999908447266,85.19999694824219,0.0,33213300,0.0010415798885584672,1127830381.671506
2016-11-11,49.5546989440918,0.0,83.47000122070312,0.0,84.19999694824219,83.25,83.98999786376953,0.0,16442900,0.0010415798885584672,1130146986.455663
2016-11-14,49.92273712158203,0.0,84.08999633789062,0.0,84.19000244140625,83.23999786376953,83.25,0.0,21036000,0.0014711557821058257,1139248027.505263
2016-11-15,50.58173751831055,0.0,85.19999694824219,0.0,85.30999755859375,84.5199966430664,84.5199966430664,0.0,17888600,0.0013594664704245328,1140390425.4020085
2016-11-16,50.37989807128906,0.0,84.86000061035156,0.0,85.0,84.7300033569336,84.83999633789062,0.0,11965700,0.0014230238948728798,1135107618.0231488
2016-11-17,50.24336624145508,0.0,84.62999725341797,0.0,85.08999633789062,84.62999725341797,84.8499984741211,0.0,12017600,0.001431010984040699,1136213692.812323
2016-11-18,50.24336624145508,0.0,84.62999725341797,0.0,84.94000244140625,84.4800033569336,84.80999755859375,0.0,17781800,0.00140000775945074,1141255250.4541063
2016-11-21,50.64705276489258,0.0,85.30999755859375,0.0,85.3499984741211,84.83999633789062,84.8499984741211,0.0,11581600,0.0014382052774637717,1141900374.9305604
2016-11-22,51.02105331420898,0.0,85.94000244140625,0.0,86.02999877929688,85.41999816894531,85.44999694824219,0.0,16648100,0.0014266037995594697,1143200902.3654997
2016-11-23,50.83111572265625,0.0,85.62000274658203,0.0,85.69000244140625,85.27999877929688,85.29000091552734,0.0,10662900,0.0016025592340156093,1142311081.2531548
2016-11-25,50.89641952514648,0.0,85.7300033569336,0.0,85.76000213623047,85.5999984741211,85.66999816894531,0.0,2009600,0.0016025592340156093,1139543323.598765
2016-11-28,50.89044189453125,0.0,85.72000122070312,0.0,86.0,85.47000122070312,85.62000274658203,0.0,16897400,0.0016358645476517654,1143079977.8869083
2016-11-29,50.82515335083008,0.0,85.61000061035156,0.0,85.69999694824219,85.43000030517578,85.5,0.0,9164000,0.0016991707702836908,1138400376.1565616
2016-11-30,50.84891128540039,0.0,85.6500015258789,0.0,85.80000305175781,85.43000030517578,85.69999694824219,0.0,15211300,0.0018234271145163537,1140722728.1947665
2016-12-01,50.61097717285156,0.0,84.87000274658203,0.381,85.31999969482422,84.87000274658203,85.27999877929688,0.0,18249400,0.0017879258942056608,1144337253.3547175
2016-12-02,50.91509628295898,0.0,85.37999725341797,0.0,85.38999938964844,84.9800033569336,85.06999969482422,0.0,9360400,0.0018242577329941369,1139944597.1212478
2016-12-05,51.046295166015625,0.0,85.5999984741211,0.0,85.66999816894531,85.37999725341797,85.41999816894531,0.0,9782100,0.0016608409704047498,1134271326.2488167
2016-12-06,51.30271530151367,0.0,86.02999877929688,0.0,86.05999755859375,85.6500015258789,85.7300033569336,0.0,16090600,0.0016186570079876241,1135422810.430006
2016-12-07,51.55913925170898,0.0,86.45999908447266,0.0,86.5999984741211,86.06999969482422,86.13999938964844,0.0,20886400,0.0014389378966123984,1142274681.5155513
2016-12-08,51.55315780639648,0.0,86.44999694824219,0.0,86.5,86.12999725341797,86.37000274658203,0.0,10782100,0.0016017198154950855,1139519721.7310588
2016-12-09,51.57704544067383,0.0,86.48999786376953,0.0,86.62000274658203,86.36000061035156,86.41000366210938,0.0,6463400,0.0016017198154950855,1132551104.089204
2016-12-12,51.50543594360352,0.0,86.37000274658203,0.0,86.68000030517578,86.27999877929688,86.6500015258789,0.0,8457100,0.0017092803319462945,1124794002.3605468
2016-12-13,51.63069534301758,0.0,86.58000183105469,0.0,86.83999633789062,86.55999755859375,86.69000244140625,0.0,10739200,0.0012794476721075486,1122814172.9081774
2016-12-14,51.24307632446289,0.0,85.93000030517578,0.0,86.83999633789062,85.8499984741211,86.58000183105469,0.0,15672400,0.0013333019740263956,1120845658.3179777
2016-12-15,51.26695251464844,0.0,85.97000122070312,0.0,86.13999938964844,85.75,85.79000091552734,0.0,11221700,0.0012697445495780486,1117870971.1192176
2016-12-16,51.31468200683594,0.0,86.05000305175781,0.0,86.26000213623047,86.02999877929688,86.20999908447266,0.0,15722200,0.0011692078814076613,1119736286.3038442
2016-12-19,51.44583511352539,0.0,86.2699966430664,0.0,86.37999725341797,86.0999984741211,86.12000274658203,0.0,5897900,0.0011988672494011715,1115685723.5384321
2016-12-20,51.51740264892578,0.0,86.38999938964844,0.0,86.4800033569336,86.19000244140625,86.30000305175781,0.0,11072400,0.001193000505122907,1116102640.00955
2016-12-21,51.60686111450195,0.0,86.54000091552734,0.0,86.62000274658203,86.33000183105469,86.3499984741211,0.0,17461400,0.001193000505122907,1121431718.1844802
2016-12-22,51.71816253662109,0.0,86.44000244140625,0.286,86.44000244140625,86.16999816894531,86.2699966430664,0.0,8507600,0.0010816156357007518,1106510739.5318651
2016-12-23,51.813873291015625,0.0,86.5999984741211,0.0,86.61000061035156,86.41000366210938,86.47000122070312,0.0,4230500,0.0010816156357007518,1091677204.6144214
2016-12-27,51.76599884033203,0.0,86.5199966430664,0.0,86.66000366210938,86.44999694824219,86.48999786376953,0.0,5840600,0.001104118103875825,1086515783.5265083
2016-12-28,51.69419479370117,0.0,86.4000015258789,0.0,86.63999938964844,86.36000061035156,86.63999938964844,0.0,6961200,0.0011105234579065495,1075528624.7681997
2016-12-29,51.76599884033203,0.0,86.5199966430664,0.0,86.55000305175781,86.37999725341797,86.47000122070312,0.0,3794300,0.0010527008002890312,1060451507.9708827
2016-12-30,51.783939361572266,0.0,86.55000305175781,0.0,86.69999694824219,86.37999725341797,86.58000183105469,0.0,7513400,0.001111877989673832,1054656202.9151614
2017-01-03,51.99934387207031,0.0,86.91000366210938,0.0,86.94999694824219,86.69999694824219,86.87999725341797,0.0,14050100,0.0008865680104135406,1056296252.5203583
2017-01-04,52.280548095703125,0.0,87.37999725341797,0.0,87.38999938964844,87.0,87.0,0.0,11912400,0.0008865680104135406,1058125291.8331994
2017-01-05,52.2027473449707,0.0,87.25,0.0,87.41999816894531,87.19999694824219,87.26000213623047,0.0,10458600,0.0009249206434672865,1056613348.3971671
2017-01-06,52.19080352783203,0.0,87.2300033569336,0.0,87.27999877929688,87.04000091552734,87.16000366210938,0.0,6836400,0.0009249206434672865,1046812474.3440113
2017-01-09,52.178829193115234,0.0,87.20999908447266,0.0,87.27999877929688,87.05000305175781,87.20999908447266,0.0,6648800,0.0008901118621275241,1038967027.6225075
2017-01-10,52.184814453125,0.0,87.22000122070312,0.0,87.43000030517578,87.18000030517578,87.30999755859375,0.0,11777000,0.0008901118621275241,1036163290.4362028
2017-01-11,52.2147216796875,0.0,87.2699966430664,0.0,87.31999969482422,87.11000061035156,87.25,0.0,11914200,0.0007915484028555719,1035553062.9824017
2017-01-12,52.22669982910156,0.0,87.29000091552734,0.0,87.30000305175781,87.12999725341797,87.25,0.0,12512300,0.0007517342524926944,1038934119.6074834
2017-01-13,52.24464797973633,0.0,87.31999969482422,0.0,87.4000015258789,87.0999984741211,87.26000213623047,0.0,8861000,0.0007599368307883545,1038847185.8651419
2017-01-17,52.19080352783203,0.0,87.2300033569336,0.0,87.29000091552734,87.1500015258789,87.26000213623047,0.0,8633000,0.0008029061600991092,1039745544.6636866
2017-01-18,52.23866653442383,0.0,87.30999755859375,0.0,87.30999755859375,87.0999984741211,87.19999694824219,0.0,12715500,0.0008577244520041984,1043558199.1320413
2017-01-19,52.07112503051758,0.0,87.02999877929688,0.0,87.30000305175781,86.94000244140625,87.25,0.0,10703200,0.0008488693823295111,1046009522.3970686
2017-01-20,52.17285537719727,0.0,87.19999694824219,0.0,87.22000122070312,86.97000122070312,87.05999755859375,0.0,9262000,0.0009250742217786427,1044749379.6305702
2017-01-23,52.17285537719727,0.0,87.19999694824219,0.0,87.22000122070312,87.04000091552734,87.12999725341797,0.0,13561300,0.0010054829080988334,1046937755.3677392
2017-01-24,52.208744049072266,0.0,87.26000213623047,0.0,87.31999969482422,87.11000061035156,87.1500015258789,0.0,7490500,0.0009409123430648494,1042073334.974507
2017-01-25,52.39424896240234,0.0,87.56999969482422,0.0,87.56999969482422,87.33999633789062,87.4000015258789,0.0,8953900,0.0009409123430648494,1038605685.7515365
2017-01-26,52.37026977539063,0.0,87.52999877929688,0.0,87.58999633789062,87.41000366210938,87.5,0.0,7443900,0.0009431186652798298,1035798957.7933902
2017-01-27,52.41817092895508,0.0,87.61000061035156,0.0,87.69000244140625,87.44999694824219,87.45999908447266,0.0,7888100,0.0009010085800630823,1029115294.618104
2017-01-30,52.31046295166016,0.0,87.43000030517578,0.0,87.54000091552734,87.30999755859375,87.4800033569336,0.0,7637600,0.00086549192404211,1024109884.5439608
2017-01-31,52.25661087036133,0.0,87.33999633789062,0.0,87.41999816894531,87.18000030517578,87.38999938964844,0.0,12249400,0.000806314734657309,1020297288.3549645
2017-02-01,52.45013046264648,0.0,87.27999877929688,0.382,87.33000183105469,86.94999694824219,87.19999694824219,0.0,12489400,0.000806314734657309,1014233866.8950641
2017-02-02,52.48017883300781,0.0,87.33000183105469,0.0,87.37000274658203,87.13999938964844,87.2699966430664,0.0,10886200,0.0008397325306917448,1012534952.6288956
2017-02-03,52.57032775878906,0.0,87.4800033569336,0.0,87.58000183105469,87.43000030517578,87.5199966430664,0.0,12674000,0.0008013798976379989,1013319558.8241335
2017-02-06,52.53425979614258,0.0,87.41999816894531,0.0,87.52999877929688,87.3499984741211,87.5,0.0,7004900,0.0008073156370578905,1009819176.1884114
2017-02-07,52.45611953735352,0.0,87.29000091552734,0.0,87.5199966430664,87.27999877929688,87.5199966430664,0.0,11170100,0.0007483483476820403,1010194959.8774501
2017-02-08,52.49217224121094,0.0,87.3499984741211,0.0,87.36000061035156,87.12000274658203,87.29000091552734,0.0,11107300,0.0007483483476820403,1008474230.2538614
2017-02-09,52.564334869384766,0.0,87.47000122070312,0.0,87.54000091552734,87.3499984741211,87.3499984741211,0.0,7292600,0.0007393512905027831,1008586387.616978
2017-02-10,52.6003303527832,0.0,87.52999877929688,0.0,87.55000305175781,87.4000015258789,87.5199966430664,0.0,5471800,0.0007140958542465015,1007779460.9320807
2017-02-13,52.67844009399414,0.0,87.66000366210938,0.0,87.72000122070312,87.58999633789062,87.5999984741211,0.0,7477200,0.0006520389740319946,1010243853.5839808
2017-02-14,52.71452713012695,0.0,87.72000122070312,0.0,87.76000213623047,87.47000122070312,87.6500015258789,0.0,8785000,0.0006473468564420704,1009903963.6283572
2017-02-15,52.73258590698242,0.0,87.75,0.0,87.7699966430664,87.56999969482422,87.62999725341797,0.0,10582800,0.0006606468515109877,1011717468.302536
2017-02-16,52.69050979614258,0.0,87.68000030517578,0.0,88.08000183105469,87.51000213623047,87.66000366210938,0.0,8917800,0.0006290905430876841,1008215054.655838
2017-02-17,52.74459838867188,0.0,87.7699966430664,0.0,87.79000091552734,87.51000213623047,87.58999633789062,0.0,6247300,0.0006102857311709992,1006650911.9425396
2017-02-21,52.91886520385742,0.0,88.05999755859375,0.0,88.05999755859375,87.7699966430664,87.7699966430664,0.0,10437800,0.0005298770448508085,1008809475.5130768
2017-02-22,52.94289016723633,0.0,88.0999984741211,0.0,88.12000274658203,87.94000244140625,88.01000213623047,0.0,10963600,0.0005298770448508085,1012794513.9626216
2017-02-23,52.99097442626953,0.0,88.18000030517578,0.0,88.30000305175781,88.08000183105469,88.29000091552734,0.0,8150200,0.0005298770448508085,1013351511.7281656
2017-02-24,53.03302764892578,0.0,88.25,0.0,88.37000274658203,88.05999755859375,88.11000061035156,0.0,8390200,0.0005678778203801232,1014659064.9027689
2017-02-27,53.09912109375,0.0,88.36000061035156,0.0,88.36000061035156,88.19000244140625,88.25,0.0,5693300,0.000599795331251538,1013505100.7446108
2017-02-28,53.05707931518555,0.0,88.29000091552734,0.0,88.37000274658203,88.23999786376953,88.30000305175781,0.0,5868400,0.0006153629041611401,1010372993.7852224
2017-03-01,53.25260162353516,0.0,88.2300033569336,0.384,88.30999755859375,88.18000030517578,88.18000030517578,0.0,10612100,0.0006153629041611401,1010873442.3968785
2017-03-02,53.08361053466797,0.0,87.94999694824219,0.0,88.25,87.94999694824219,88.25,0.0,9193000,0.0006153629041611401,1006128872.6441216
2017-03-03,53.10776138305664,0.0,87.98999786376953,0.0,88.08999633789062,87.81999969482422,88.0199966430664,0.0,15059300,0.0005819451081267041,1004957986.347804
2017-03-06,52.93877410888672,0.0,87.70999908447266,0.0,87.88999938964844,87.69000244140625,87.8499984741211,0.0,17066300,0.0006314108018225433,1006572880.057132
2017-03-07,52.59471130371094,0.0,87.13999938964844,0.0,87.5999984741211,87.12000274658203,87.52999877929688,0.0,17023100,0.0006254750624026517,1009007469.0487937
2017-03-08,52.24468994140625,0.0,86.55999755859375,0.0,87.06999969482422,86.55000305175781,86.93000030517578,0.0,22433500,0.0005564692142355774,1015676117.5030057
2017-03-09,52.10585021972656,0.0,86.33000183105469,0.0,86.72000122070312,86.19999694824219,86.37999725341797,0.0,21260700,0.0005564692142355774,1024565731.6007524
2017-03-10,52.087772369384766,0.0,86.30000305175781,0.0,86.87999725341797,86.08000183105469,86.87999725341797,0.0,20643900,0.0007717289059947117,1032910731.8060254
2017-03-13,52.12997817993164,0.0,86.37000274658203,0.0,86.4800033569336,86.12000274658203,86.37999725341797,0.0,13512300,0.0008219632513070653,1025095604.983248
2017-03-14,51.97306442260742,0.0,86.11000061035156,0.0,86.20999908447266,85.98999786376953,86.12000274658203,0.0,12808500,0.000908620628247777,1021745810.2786837
2017-03-15,52.691314697265625,0.0,87.30000305175781,0.0,87.30000305175781,86.31999969482422,86.4000015258789,0.0,19654600,0.0008703434165269464,1020513688.1180052
2017-03-16,52.54043960571289,0.0,87.05000305175781,0.0,87.52999877929688,87.02999877929688,87.5,0.0,15807500,0.0007983871501828912,1021772243.1096152
2017-03-17,52.55854415893555,0.0,87.08000183105469,0.0,87.25,87.04000091552734,87.25,0.0,9984500,0.00081010551245376,1021879970.1918708
2017-03-20,52.45591354370117,0.0,86.91000366210938,0.0,87.06999969482422,86.91000366210938,87.06999969482422,0.0,12220600,0.0007203747111865458,1024584259.5093621
2017-03-21,52.08171081542969,0.0,86.29000091552734,0.0,87.16999816894531,86.27999877929688,87.08000183105469,0.0,16918200,0.0007401125820288532,1029446900.1642197
2017-03-22,52.208438873291016,0.0,86.5,0.0,86.56999969482422,86.0199966430664,86.23999786376953,0.0,14054600,0.0007401125820288532,1033163249.9950651
2017-03-23,52.22658157348633,0.0,86.52999877929688,0.0,86.75,86.37000274658203,86.43000030517578,0.0,10618900,0.0007401125820288532,1028442913.1567577
2017-03-24,52.40763092041016,0.0,86.83000183105469,0.0,86.86000061035156,86.5999984741211,86.5999984741211,0.0,8920800,0.0007003849174356074,1026446593.9275832
2017-03-27,52.35331726074219,0.0,86.73999786376953,0.0,86.77999877929688,86.4000015258789,86.5199966430664,0.0,7788700,0.0007110241111850538,1022772586.1286042
2017-03-28,52.64302062988281,0.0,87.22000122070312,0.0,87.25,86.69999694824219,86.69999694824219,0.0,16871700,0.0006645395076812796,1029933398.2134986
2017-03-29,52.75167465209961,0.0,87.4000015258789,0.0,87.55000305175781,87.22000122070312,87.27999877929688,0.0,12266300,0.0006645395076812796,1032586495.5714998
2017-03-30,52.99912643432617,0.0,87.80999755859375,0.0,87.83000183105469,87.47000122070312,87.5999984741211,0.0,16367900,0.0006645395076812796,1036276454.4306014
2017-03-31,52.98104095458984,0.0,87.77999877929688,0.0,87.9000015258789,87.69000244140625,87.7300033569336,0.0,11778400,0.0006645395076812796,1035224664.5139118
2017-04-03,52.95253372192383,0.0,87.36000061035156,0.373,87.47000122070312,87.2300033569336,87.45999908447266,0.0,20664400,0.0006150738139854405,1041132084.2808981
2017-04-04,52.97073745727539,0.0,87.38999938964844,0.0,87.48999786376953,87.29000091552734,87.37000274658203,0.0,8473900,0.0006874629361077952,1039630466.0515013
2017-04-05,52.92828369140625,0.0,87.31999969482422,0.0,87.70999908447266,87.2699966430664,87.52999877929688,0.0,11102300,0.0007473630390819251,1039718555.955142
2017-04-06,52.99494171142578,0.0,87.43000030517578,0.0,87.5199966430664,87.30000305175781,87.4000015258789,0.0,7234500,0.0008191380161861456,1038238581.9299607
2017-04-07,52.97073745727539,0.0,87.38999938964844,0.0,87.62000274658203,87.38999938964844,87.55000305175781,0.0,5457800,0.0006038783244270114,1035499117.8626893
2017-04-10,53.0434684753418,0.0,87.51000213623047,0.0,87.62000274658203,87.44999694824219,87.52999877929688,0.0,7996900,0.0005729060629057646,1033566416.9862354
2017-04-11,52.94039916992188,0.0,87.33999633789062,0.0,87.56999969482422,87.23999786376953,87.56999969482422,0.0,8005800,0.0004862486859650529,1036214778.2267132
2017-04-12,52.97677993774414,0.0,87.4000015258789,0.0,87.5999984741211,87.31999969482422,87.4000015258789,0.0,8723800,0.0005866917467842084,1036157931.2972053
2017-04-13,52.867671966552734,0.0,87.22000122070312,0.0,87.48999786376953,87.16000366210938,87.37000274658203,0.0,10446700,0.0005866917467842084,1037931581.6503192
2017-04-17,53.02528381347656,0.0,87.4800033569336,0.0,87.5,87.2300033569336,87.33000183105469,0.0,7158700,0.0006611476641727638,1035601141.1198329
2017-04-18,53.01316452026367,0.0,87.45999908447266,0.0,87.55999755859375,87.2300033569336,87.47000122070312,0.0,9062800,0.0007943486072928344,1037227424.1164434
2017-04-19,52.96465301513672,0.0,87.37999725341797,0.0,87.69999694824219,87.33000183105469,87.51000213623047,0.0,8643200,0.0008102159259879834,1037858679.7426497
2017-04-20,53.14041519165039,0.0,87.66999816894531,0.0,87.69000244140625,87.44000244140625,87.4800033569336,0.0,7766000,0.0009158149489022439,1037453033.88994
2017-04-21,53.09797286987305,0.0,87.5999984741211,0.0,87.70999908447266,87.48999786376953,87.63999938964844,0.0,11328200,0.0010026530524687998,1038484216.2460933
2017-04-24,53.34653091430664,0.0,88.01000213623047,0.0,88.0199966430664,87.87999725341797,87.95999908447266,0.0,8904700,0.0009611812076415777,1035998195.4935892
2017-04-25,53.4434700012207,0.0,88.16999816894531,0.0,88.19999694824219,88.02999877929688,88.06999969482422,0.0,12493400,0.000891023011574814,1038962461.8367392
2017-04-26,53.3950309753418,0.0,88.08999633789062,0.0,88.2300033569336,88.06999969482422,88.08999633789062,0.0,7269000,0.0009368324333189927,1039048432.1586851
2017-04-27,53.431400299072266,0.0,88.1500015258789,0.0,88.16000366210938,88.01000213623047,88.08999633789062,0.0,6897900,0.0009368324333189927,1039085170.0281779
2017-04-28,53.41320037841797,0.0,88.12000274658203,0.0,88.23999786376953,88.06999969482422,88.16000366210938,0.0,7542800,0.0009368324333189927,1034820394.1320449
2017-05-01,53.44060897827149,0.0,87.79000091552734,0.375,87.8499984741211,87.69999694824219,87.75,0.0,10336000,0.0009368324333189927,1028718947.6119087
2017-05-02,53.45884704589844,0.0,87.81999969482422,0.0,87.9000015258789,87.76000213623047,87.88999938964844,0.0,10792800,0.0009439507086748688,1022720323.3961135
2017-05-03,53.507568359375,0.0,87.9000015258789,0.0,87.94999694824219,87.80000305175781,87.88999938964844,0.0,7413400,0.000892425917015994,1013436187.2881268
2017-05-04,53.22145462036133,0.0,87.43000030517578,0.0,87.83999633789062,87.3499984741211,87.83999633789062,0.0,20562500,0.0008325258140418641,1009978124.6005709
2017-05-05,53.31277084350586,0.0,87.58000183105469,0.0,87.66000366210938,87.37999725341797,87.43000030517578,0.0,14935200,0.000863389040199768,1007153810.0547307
2017-05-08,53.373634338378906,0.0,87.68000030517578,0.0,87.7300033569336,87.54000091552734,87.61000061035156,0.0,8199200,0.000863389040199768,1004298201.3999455
2017-05-09,53.33709716796875,0.0,87.62000274658203,0.0,87.8499984741211,87.61000061035156,87.80000305175781,0.0,10810000,0.0007860773243239839,1004416515.6925141
2017-05-10,53.56841278076172,0.0,88.0,0.0,88.04000091552734,87.7300033569336,87.8499984741211,0.0,10824900,0.0008852314236989185,1002117684.5210605
2017-05-11,53.57449722290039,0.0,88.01000213623047,0.0,88.04000091552734,87.83000183105469,87.94000244140625,0.0,8461400,0.0008731953044261579,994127395.4392569
2017-05-12,53.556270599365234,0.0,87.9800033569336,0.0,88.06999969482422,87.91000366210938,88.05999755859375,0.0,8929900,0.0009061227069325306,983517870.1873052
2017-05-15,53.67799758911133,0.0,88.18000030517578,0.0,88.25,88.11000061035156,88.12000274658203,0.0,10690200,0.0007765403717502849,968788577.4119967
2017-05-16,53.75712203979492,0.0,88.30999755859375,0.0,88.3499984741211,88.18000030517578,88.2699966430664,0.0,12638900,0.0006433394286302144,966754072.2141508
2017-05-17,53.51972961425781,0.0,87.91999816894531,0.0,88.0999984741211,87.87000274658203,88.0199966430664,0.0,14055700,0.0006296151115191339,962522802.0181141
2017-05-18,53.58061218261719,0.0,88.0199966430664,0.0,88.16000366210938,87.62999725341797,87.66000366210938,0.0,10731800,0.0005894677145166286,957923630.0702231
2017-05-19,53.67799758911133,0.0,88.18000030517578,0.0,88.30999755859375,88.12999725341797,88.16999816894531,0.0,15998800,0.000502629610950073,961061446.5748197
2017-05-22,53.84234619140625,0.0,88.44999694824219,0.0,88.44999694824219,88.2699966430664,88.36000061035156,0.0,7181800,0.0005214038100125097,958031134.9326785
2017-05-23,53.83626556396485,0.0,88.44000244140625,0.0,88.48999786376953,88.3499984741211,88.48999786376953,0.0,6998400,0.0005323671662494133,950999903.4082745
2017-05-24,53.92757034301758,0.0,88.58999633789062,0.0,88.61000061035156,88.4000015258789,88.5,0.0,8533600,0.0004865577445052345,949158358.3687857
2017-05-25,53.88498306274414,0.0,88.5199966430664,0.0,88.75,88.48999786376953,88.58999633789062,0.0,7985500,0.0004865577445052345,943413427.2461543
2017-05-26,53.91539764404297,0.0,88.56999969482422,0.0,88.58999633789062,88.5,88.5,0.0,2909500,0.0005072073487345089,938212926.3479445
2017-05-30,53.97019958496094,0.0,88.66000366210938,0.0,88.69999694824219,88.5199966430664,88.55999755859375,0.0,5371100,0.0005089166725310535,940624979.767972
2017-05-31,53.96406936645508,0.0,88.6500015258789,0.0,88.69999694824219,88.52999877929688,88.66999816894531,0.0,13758400,0.0005938611557149457,938809400.6597731
2017-06-01,54.12118148803711,0.0,88.52999877929688,0.377,88.5999984741211,88.29000091552734,88.36000061035156,0.0,19189300,0.0005729968252514657,946065739.2310612
2017-06-02,54.15177154541016,0.0,88.58000183105469,0.0,88.66000366210938,88.5,88.55000305175781,0.0,9491600,0.0005729968252514657,942398422.3831964
2017-06-05,54.1028938293457,0.0,88.5,0.0,88.63999938964844,88.45999908447266,88.55000305175781,0.0,10384400,0.0005259994266935815,937399952.3187244
2017-06-06,54.01729583740234,0.0,88.36000061035156,0.0,88.51000213623047,88.30999755859375,88.4800033569336,0.0,14386500,0.0005259994266935815,941145985.8305492
2017-06-07,53.90724563598633,0.0,88.18000030517578,0.0,88.44000244140625,88.06999969482422,88.44000244140625,0.0,13329000,0.0005259994266935815,943828553.1241523
2017-06-08,53.95003890991211,0.0,88.25,0.0,88.33999633789062,88.02999877929688,88.19999694824219,0.0,14208300,0.0005263663026088951,942793697.3832146
2017-06-09,53.99282455444336,0.0,88.31999969482422,0.0,88.44999694824219,88.19999694824219,88.33999633789062,0.0,10414900,0.00043795936106250013,935761997.700228
2017-06-12,54.08452224731445,0.0,88.47000122070312,0.0,88.54000091552734,88.29000091552734,88.3499984741211,0.0,9900000,0.0004235399874335215,935315493.7318892
2017-06-13,54.18236923217773,0.0,88.62999725341797,0.0,88.63999938964844,88.5,88.51000213623047,0.0,8640400,0.00041997691920999807,936956598.303919
2017-06-14,54.18846130371094,0.0,88.63999938964844,0.0,88.75,88.5199966430664,88.73999786376953,0.0,8850700,0.0004462422055642079,937385854.5925685
2017-06-15,53.98062515258789,0.0,88.30000305175781,0.0,88.44999694824219,88.12000274658203,88.41999816894531,0.0,10860500,0.00042436133313783193,937617459.572565
2017-06-16,53.888916015625,0.0,88.1500015258789,0.0,88.37999725341797,88.12999725341797,88.37999725341797,0.0,11996100,0.0004738399464163343,935321641.2909917
2017-06-19,54.0539665222168,0.0,88.41999816894531,0.0,88.44999694824219,88.29000091552734,88.31999969482422,0.0,6398400,0.0005379035715323419,932155109.1765933
2017-06-20,53.86445617675781,0.0,88.11000061035156,0.0,88.22000122070312,88.0999984741211,88.1500015258789,0.0,18318500,0.000558967228548376,934227709.8765963
2017-06-21,53.552677154541016,0.0,87.5999984741211,0.0,88.16000366210938,87.5199966430664,88.12000274658203,0.0,26728100,0.0005480038723114724,948771913.8925885
2017-06-22,53.69941711425781,0.0,87.83999633789062,0.0,87.87999725341797,87.62999725341797,87.69000244140625,0.0,18699400,0.0006128858996002443,954216442.4503568
2017-06-23,53.91947937011719,0.0,88.19999694824219,0.0,88.22000122070312,87.87000274658203,87.87999725341797,0.0,11337700,0.0006128858996002443,950159899.0647513
2017-06-26,53.99282455444336,0.0,88.31999969482422,0.0,88.36000061035156,88.1500015258789,88.18000030517578,0.0,9504500,0.0005922362953709699,950985617.099108
2017-06-27,53.8216552734375,0.0,88.04000091552734,0.0,88.33999633789062,87.9800033569336,88.31999969482422,0.0,15293300,0.0006407756449274603,958763877.8328911
2017-06-28,54.04174041748047,0.0,88.4000015258789,0.0,88.44000244140625,88.11000061035156,88.20999908447266,0.0,9755500,0.0006833264192330332,961597667.6939404
2017-06-29,53.90724563598633,0.0,88.18000030517578,0.0,88.38999938964844,88.05999755859375,88.26000213623047,0.0,14548400,0.000815574467807185,967005844.0893203
2017-06-30,54.03560256958008,0.0,88.38999938964844,0.0,88.4800033569336,88.20999908447266,88.30000305175781,0.0,8202000,0.0008652890691116837,970154192.9125831
2017-07-03,54.00924682617188,0.0,87.97000122070312,0.377,88.25,87.87999725341797,88.01000213623047,0.0,13882000,0.0008096482644074435,974685262.4682714
2017-07-05,53.96625900268555,0.0,87.9000015258789,0.0,88.11000061035156,87.83999633789062,88.02999877929688,0.0,16269100,0.0008755925401074951,976343672.5664593
2017-07-06,53.831180572509766,0.0,87.68000030517578,0.0,87.88999938964844,87.54000091552734,87.87000274658203,0.0,15424700,0.0008755925401074951,978816150.5142817
2017-07-07,53.782073974609375,0.0,87.5999984741211,0.0,87.70999908447266,87.44999694824219,87.61000061035156,0.0,15731200,0.0007760715648172469,982510914.3713936
2017-07-10,53.84344482421875,0.0,87.69999694824219,0.0,87.73999786376953,87.56999969482422,87.5999984741211,0.0,12286600,0.0008044841518002216,986329926.971036
2017-07-11,53.80664443969727,0.0,87.63999938964844,0.0,87.72000122070312,87.5199966430664,87.69999694824219,0.0,9261400,0.0008444858133298429,988169825.7681347
2017-07-12,54.156585693359375,0.0,88.20999908447266,0.0,88.20999908447266,87.87000274658203,87.98999786376953,0.0,17979900,0.0008444858133298429,992604881.3884735
2017-07-13,54.19957733154297,0.0,88.27999877929688,0.0,88.31999969482422,88.12999725341797,88.22000122070312,0.0,11744600,0.000818220526975633,992581556.6238585
2017-07-14,54.353023529052734,0.0,88.52999877929688,0.0,88.56999969482422,88.25,88.33999633789062,0.0,12626700,0.000818220526975633,992785072.9502965
2017-07-17,54.3714599609375,0.0,88.55999755859375,0.0,88.58999633789062,88.4800033569336,88.55000305175781,0.0,10158100,0.0007032902877853753,993783952.2669959
2017-07-18,54.39603042602539,0.0,88.5999984741211,0.0,88.63999938964844,88.47000122070312,88.54000091552734,0.0,9221100,0.0006835204742103864,994291355.6554824
2017-07-19,54.48812103271485,0.0,88.75,0.0,88.83000183105469,88.62999725341797,88.69000244140625,0.0,8250900,0.000628867247996859,991291967.5685277
2017-07-20,54.51884078979492,0.0,88.80000305175781,0.0,88.8499984741211,88.66999816894531,88.83999633789062,0.0,11827800,0.0006956083576690536,992234897.6729802
2017-07-21,54.47583770751953,0.0,88.7300033569336,0.0,88.79000091552734,88.6500015258789,88.77999877929688,0.0,8771700,0.0006824846261222097,992002092.9008484
2017-07-24,54.51884078979492,0.0,88.80000305175781,0.0,88.80000305175781,88.6500015258789,88.70999908447266,0.0,4707500,0.0007575672822220982,985934479.3750702
2017-07-25,54.543338775634766,0.0,88.83999633789062,0.0,88.91000366210938,88.79000091552734,88.87000274658203,0.0,7292900,0.0007575672822220982,985889083.845635
2017-07-26,54.62318420410156,0.0,88.97000122070312,0.0,89.04000091552734,88.86000061035156,88.97000122070312,0.0,7279800,0.0007073186088690632,984806471.1045159
2017-07-27,54.58021545410156,0.0,88.9000015258789,0.0,89.0,88.80999755859375,88.95999908447266,0.0,11624500,0.0006157630263213382,987837054.5158205
2017-07-28,54.58634948730469,0.0,88.91000366210938,0.0,88.91000366210938,88.7699966430664,88.8499984741211,0.0,4945300,0.0004916889248376582,985841897.3356277
2017-07-31,54.58634948730469,0.0,88.91000366210938,0.0,88.98999786376953,88.79000091552734,88.80000305175781,0.0,9779900,0.00047477197926848084,987443290.7839154
2017-08-01,54.64060974121094,0.0,88.62999725341797,0.368,88.68000030517578,88.56999969482422,88.61000061035156,0.0,14946800,0.0005131698892021051,989466086.75063
2017-08-02,54.65290451049805,0.0,88.6500015258789,0.0,88.72000122070312,88.58999633789062,88.62999725341797,0.0,7422700,0.00047487052332895977,986037099.0488204
2017-08-03,54.54813766479492,0.0,88.4800033569336,0.0,88.66000366210938,88.41999816894531,88.56999969482422,0.0,9548300,0.00047487052332895977,985196954.2085012
2017-08-04,54.56044006347656,0.0,88.5,0.0,88.5199966430664,88.41000366210938,88.4800033569336,0.0,6451600,0.0004940042316947076,980929057.6803601
2017-08-07,54.53580856323242,0.0,88.45999908447266,0.0,88.5,88.4000015258789,88.5,0.0,5204700,0.0005047036945849696,979723021.2681483
2017-08-08,54.30154037475586,0.0,88.08000183105469,0.0,88.5,87.98999786376953,88.41999816894531,0.0,18534700,0.00045941692324761213,984941262.3055413
2017-08-09,54.09191131591797,0.0,87.73999786376953,0.0,87.9800033569336,87.68000030517578,87.9000015258789,0.0,15001700,0.00045941692324761213,987687504.2730119
2017-08-10,53.74666213989258,0.0,87.18000030517578,0.0,87.63999938964844,87.11000061035156,87.55999755859375,0.0,24749700,0.00045941692324761213,999749370.325797
2017-08-11,53.83912658691406,0.0,87.33000183105469,0.0,87.45999908447266,87.26000213623047,87.37000274658203,0.0,17434300,0.0005099201687789653,1008031837.0210557
2017-08-14,54.12271118164063,0.0,87.79000091552734,0.0,87.94000244140625,87.58999633789062,87.58999633789062,0.0,12566000,0.0005099201687789653,1011585152.6728191
2017-08-15,54.14120864868164,0.0,87.81999969482422,0.0,87.88999938964844,87.7300033569336,87.80000305175781,0.0,6830500,0.0005134915729063511,1010229869.3171971
2017-08-16,54.14739608764648,0.0,87.83000183105469,0.0,87.97000122070312,87.80000305175781,87.88999938964844,0.0,11716100,0.0005134915729063511,1011026570.7811083
2017-08-17,53.84527969360352,0.0,87.33999633789062,0.0,87.80000305175781,87.29000091552734,87.72000122070312,0.0,14112300,0.00044675046323415654,1014603201.9207728
2017-08-18,53.925418853759766,0.0,87.47000122070312,0.0,87.69000244140625,87.29000091552734,87.48999786376953,0.0,14324400,0.0005856954196144268,1020195501.805357
2017-08-21,53.98094940185547,0.0,87.55999755859375,0.0,87.61000061035156,87.44999694824219,87.58000183105469,0.0,7763400,0.0005530901886034355,1018295586.2698752
2017-08-22,54.20289611816406,0.0,87.91999816894531,0.0,88.0,87.58999633789062,87.63999938964844,0.0,12982200,0.0005530901886034355,1019688458.1504943
2017-08-23,54.20904922485352,0.0,87.93000030517578,0.0,87.97000122070312,87.70999908447266,87.7699966430664,0.0,6449500,0.000656784442967319,1018485441.471772
2017-08-24,54.289161682128906,0.0,88.05999755859375,0.0,88.06999969482422,87.87999725341797,87.97000122070312,0.0,8480100,0.0006137264926697028,1018535619.5296817
2017-08-25,54.38783264160156,0.0,88.22000122070312,0.0,88.25,88.01000213623047,88.04000091552734,0.0,6622800,0.0006055525455792311,1019180091.2170591
2017-08-28,54.39397811889648,0.0,88.2300033569336,0.0,88.2699966430664,88.13999938964844,88.2699966430664,0.0,5161700,0.0005904594980311534,1018682438.5738434
2017-08-29,54.3261833190918,0.0,88.12000274658203,0.0,88.1500015258789,87.98999786376953,88.01000213623047,0.0,8991600,0.0005604882803357987,1017539852.8442564
2017-08-30,54.47414016723633,0.0,88.36000061035156,0.0,88.4000015258789,88.13999938964844,88.1500015258789,0.0,13431100,0.0005328433705088925,1020541818.5764191
2017-08-31,54.62211990356445,0.0,88.5999984741211,0.0,88.61000061035156,88.41999816894531,88.41999816894531,0.0,12705200,0.0005328433705088925,1018959381.4794631
2017-09-01,54.677825927734375,0.0,88.31999969482422,0.37,88.3499984741211,88.1500015258789,88.1500015258789,0.0,10535700,0.0006035298038540073,1014464364.522395
2017-09-05,54.55400848388672,0.0,88.12000274658203,0.0,88.26000213623047,87.95999908447266,88.26000213623047,0.0,9560500,0.0006061875076898567,1009377684.8608774
2017-09-06,54.516845703125,0.0,88.05999755859375,0.0,88.27999877929688,88.04000091552734,88.2300033569336,0.0,9023300,0.000680836445199765,1000272510.8191293
2017-09-07,54.52303314208984,0.0,88.06999969482422,0.0,88.19999694824219,88.05999755859375,88.19999694824219,0.0,8784000,0.000732692844153726,991845293.4174613
2017-09-08,54.34968566894531,0.0,87.79000091552734,0.0,88.05999755859375,87.79000091552734,88.05999755859375,0.0,7688700,0.000732692844153726,983062931.0923743
2017-09-11,54.52303314208984,0.0,88.06999969482422,0.0,88.19000244140625,87.8499984741211,87.94000244140625,0.0,8047600,0.0008115044879839353,979425587.7704015
2017-09-12,54.591156005859375,0.0,88.18000030517578,0.0,88.19000244140625,88.05000305175781,88.11000061035156,0.0,4752800,0.000849402471651441,973998301.7595503
2017-09-13,54.60970687866211,0.0,88.20999908447266,0.0,88.2300033569336,88.05000305175781,88.0999984741211,0.0,11725900,0.0008673490241597375,968589531.8252927
2017-09-14,54.68397521972656,0.0,88.33000183105469,0.0,88.37000274658203,88.16000366210938,88.16999816894531,0.0,9554600,0.0008673490241597375,964366634.3035017
2017-09-15,54.73353958129883,0.0,88.41000366210938,0.0,88.43000030517578,88.23999786376953,88.27999877929688,0.0,8248000,0.0008853889785356954,963253582.1759057
2017-09-18,54.708740234375,0.0,88.37000274658203,0.0,88.41999816894531,88.31999969482422,88.37999725341797,0.0,7442200,0.0007284244080358661,960043858.7131076
2017-09-19,54.764461517333984,0.0,88.45999908447266,0.0,88.47000122070312,88.31999969482422,88.4000015258789,0.0,7208300,0.0007273134222913116,953518261.236215
2017-09-20,54.75828552246094,0.0,88.44999694824219,0.0,88.52999877929688,88.31999969482422,88.4800033569336,0.0,10087200,0.000792976214023205,950950720.8331698
2017-09-21,54.69019317626953,0.0,88.33999633789062,0.0,88.48999786376953,88.31999969482422,88.4800033569336,0.0,6932300,0.0007714735729269488,948518545.8536118
2017-09-22,54.74592971801758,0.0,88.43000030517578,0.0,88.43000030517578,88.30000305175781,88.33000183105469,0.0,7570500,0.000804278873306238,947684150.9089757
2017-09-25,54.77688217163086,0.0,88.4800033569336,0.0,88.5,88.36000061035156,88.4000015258789,0.0,4326200,0.000804278873306238,945360264.9499378
2017-09-26,54.84501647949219,0.0,88.58999633789062,0.0,88.68000030517578,88.54000091552734,88.55999755859375,0.0,8816500,0.0007865742651189941,939880138.0302368
2017-09-27,54.869747161865234,0.0,88.62999725341797,0.0,88.66000366210938,88.48999786376953,88.58999633789062,0.0,7490100,0.0008193249153425404,936640240.4406412
2017-09-28,54.869747161865234,0.0,88.62999725341797,0.0,88.66999816894531,88.58000183105469,88.62999725341797,0.0,5934000,0.0008361465115410505,929407424.1284386
2017-09-29,54.950225830078125,0.0,88.76000213623047,0.0,88.76000213623047,88.5999984741211,88.69999694824219,0.0,8906900,0.000841024702375898,927476221.9491141
2017-10-02,54.92223358154297,0.0,88.3499984741211,0.365,88.4000015258789,88.23999786376953,88.26000213623047,0.0,13097600,0.000841418623339113,922332816.7380197
2017-10-03,55.02170944213867,0.0,88.51000213623047,0.0,88.5199966430664,88.3499984741211,88.3499984741211,0.0,5928800,0.0007996488696300271,920620308.6811732
2017-10-04,54.96575164794922,0.0,88.41999816894531,0.0,88.51000213623047,88.37000274658203,88.4800033569336,0.0,5832400,0.0007803284874385747,917019102.0518773
2017-10-05,55.03411865234375,0.0,88.52999877929688,0.0,88.52999877929688,88.41000366210938,88.41000366210938,0.0,5967900,0.000761751893608475,916192323.0241563
2017-10-06,54.95335388183594,0.0,88.4000015258789,0.0,88.48999786376953,88.3499984741211,88.44999694824219,0.0,5847400,0.0008223105959855231,916509410.5658516
2017-10-09,54.95954132080078,0.0,88.41000366210938,0.0,88.47000122070312,88.37999725341797,88.44000244140625,0.0,3278400,0.0007290814803604664,913255717.0731741
2017-10-10,55.00302505493164,0.0,88.4800033569336,0.0,88.52999877929688,88.4000015258789,88.52999877929688,0.0,8786500,0.0007022612934198056,913876375.8574108
2017-10-11,54.94710159301758,0.0,88.38999938964844,0.0,88.4800033569336,88.37000274658203,88.4800033569336,0.0,7948700,0.0006505054306631831,913401181.05453
2017-10-12,54.88494873046875,0.0,88.29000091552734,0.0,88.4000015258789,88.29000091552734,88.4000015258789,0.0,6181100,0.0006505054306631831,910500928.1807733
2017-10-13,54.9097900390625,0.0,88.33000183105469,0.0,88.43000030517578,88.27999877929688,88.41000366210938,0.0,3941200,0.0006816735436787443,908293651.2219262
2017-10-16,54.9409065246582,0.0,88.37999725341797,0.0,88.4000015258789,88.27999877929688,88.38999938964844,0.0,6060300,0.0007054626256469698,906253784.6953559
2017-10-17,55.02170944213867,0.0,88.51000213623047,0.0,88.55999755859375,88.37999725341797,88.37999725341797,0.0,7468100,0.0006640961863026271,905505838.3040292
2017-10-18,55.077674865722656,0.0,88.5999984741211,0.0,88.6500015258789,88.5199966430664,88.54000091552734,0.0,7974400,0.0005984333945707337,905709700.383807
2017-10-19,55.0838508605957,0.0,88.61000061035156,0.0,88.6500015258789,88.44000244140625,88.4800033569336,0.0,7270600,0.0005666194742985346,902946982.6673235
2017-10-20,55.13362121582031,0.0,88.69000244140625,0.0,88.7300033569336,88.61000061035156,88.66000366210938,0.0,7107000,0.0005338141739192453,901729658.7096139
2017-10-23,55.07146453857422,0.0,88.58999633789062,0.0,88.73999786376953,88.58999633789062,88.69999694824219,0.0,7227200,0.0005911177139880203,898068663.2049258
2017-10-24,55.07146453857422,0.0,88.58999633789062,0.0,88.69000244140625,88.58000183105469,88.62000274658203,0.0,7103700,0.0006265546368878682,897981286.8049682
2017-10-25,54.91598510742188,0.0,88.33999633789062,0.0,88.52999877929688,88.22000122070312,88.52999877929688,0.0,16817000,0.0005853772944260524,904946079.0501186
2017-10-26,54.8476448059082,0.0,88.2300033569336,0.0,88.45999908447266,88.19000244140625,88.43000030517578,0.0,10649800,0.0006657229535016268,907128303.9154658
2017-10-27,54.99682235717773,0.0,88.47000122070312,0.0,88.48999786376953,88.2300033569336,88.30000305175781,0.0,13720000,0.0007630864974988825,909560136.9891576
2017-10-30,54.98439407348633,0.0,88.44999694824219,0.0,88.51000213623047,88.30000305175781,88.30000305175781,0.0,5954500,0.0007468840474525024,906217691.0694909
2017-10-31,54.99682235717773,0.0,88.47000122070312,0.0,88.51000213623047,88.44000244140625,88.48999786376953,0.0,7198400,0.0007623705633707367,906100267.1446906
2017-11-01,54.94439697265625,0.0,88.0199966430664,0.366,88.19999694824219,88.01000213623047,88.18000030517578,0.0,9505500,0.0006938190889826228,898472447.2781469
2017-11-02,54.91322708129883,0.0,87.97000122070312,0.0,88.08000183105469,87.9000015258789,88.01000213623047,0.0,6096800,0.0006605392838587613,892347928.707474
2017-11-03,54.91944885253906,0.0,87.9800033569336,0.0,88.08000183105469,87.87000274658203,88.0199966430664,0.0,7003200,0.0006913169987562131,891532339.032927
2017-11-06,54.92567825317383,0.0,87.98999786376953,0.0,88.04000091552734,87.88999938964844,87.93000030517578,0.0,12262400,0.0007212028849614359,892578341.5735154
2017-11-07,54.76960754394531,0.0,87.73999786376953,0.0,87.9800033569336,87.70999908447266,87.97000122070312,0.0,11805400,0.0007101250882345911,893238774.6749514
2017-11-08,54.52617645263672,0.0,87.3499984741211,0.0,87.73999786376953,87.30999755859375,87.73999786376953,0.0,18120000,0.0006960691828145126,899890315.4707893
2017-11-09,54.25771331787109,0.0,86.91999816894531,0.0,87.13999938964844,86.72000122070312,87.13999938964844,0.0,38343500,0.0006960691828145126,920105905.294709
2017-11-10,54.37638473510742,0.0,87.11000061035156,0.0,87.18000030517578,86.87999725341797,86.94000244140625,0.0,24521600,0.0007246863795759269,929577450.9431566
2017-11-13,54.338905334472656,0.0,87.05000305175781,0.0,87.16000366210938,87.02999877929688,87.04000091552734,0.0,16280500,0.0007044949583670601,931966945.7569728
2017-11-14,54.1079330444336,0.0,86.68000030517578,0.0,86.95999908447266,86.62000274658203,86.91999816894531,0.0,13870600,0.0007044949583670601,931701283.0107008
2017-11-15,54.1079330444336,0.0,86.68000030517578,0.0,86.76000213623047,86.22000122070312,86.45999908447266,0.0,25382000,0.0007044949583670601,941665558.9453984
2017-11-16,54.6385383605957,0.0,87.52999877929688,0.0,87.5999984741211,87.04000091552734,87.12000274658203,0.0,30075200,0.0006541172653716321,951361654.4248005
2017-11-17,54.60107803344727,0.0,87.47000122070312,0.0,87.51000213623047,87.33999633789062,87.36000061035156,0.0,15942100,0.0006889068386267024,957387252.1897029
2017-11-20,54.613555908203125,0.0,87.48999786376953,0.0,87.62999725341797,87.43000030517578,87.5199966430664,0.0,8930300,0.0006316032985579274,958675930.0852337
2017-11-21,54.72593307495117,0.0,87.66999816894531,0.0,87.70999908447266,87.56999969482422,87.56999969482422,0.0,10102400,0.0006569889564521107,959705182.4404156
2017-11-22,54.81332015991211,0.0,87.80999755859375,0.0,87.87000274658203,87.69999694824219,87.72000122070312,0.0,9473800,0.0006569889564521107,960697388.168014
2017-11-24,54.85075378417969,0.0,87.87000274658203,0.0,87.91999816894531,87.83000183105469,87.87000274658203,0.0,3126500,0.0005598217011780263,960832556.020991
2017-11-27,54.68221282958984,0.0,87.5999984741211,0.0,87.87000274658203,87.54000091552734,87.87000274658203,0.0,10645400,0.00045757996634592304,964454264.5772358
2017-11-28,54.85075378417969,0.0,87.87000274658203,0.0,87.88999938964844,87.62999725341797,87.63999938964844,0.0,10403700,0.0005075396875604786,962029589.7088308
2017-11-29,54.78209686279297,0.0,87.76000213623047,0.0,87.87999725341797,87.68000030517578,87.81999969482422,0.0,11806200,0.0005855768492453262,956769934.4044276
2017-11-30,54.794578552246094,0.0,87.77999877929688,0.0,87.94999694824219,87.77999877929688,87.79000091552734,0.0,17981500,0.0006027308125356491,962624300.2986363
2017-12-01,54.77707290649414,0.0,87.37999725341797,0.372,87.5,86.9800033569336,87.41999816894531,0.0,15485800,0.0006027308125356491,966069774.5959933
2017-12-04,54.75823593139648,0.0,87.3499984741211,0.0,87.61000061035156,87.31999969482422,87.5,0.0,14801700,0.0005113943952611492,966242293.0375296
2017-12-05,54.72687911987305,0.0,87.30000305175781,0.0,87.44999694824219,87.27999877929688,87.4000015258789,0.0,9347600,0.0004539456881493653,963390660.3745052
2017-12-06,54.67673873901367,0.0,87.22000122070312,0.0,87.41000366210938,87.19999694824219,87.29000091552734,0.0,10081700,0.0004818374356859734,960417989.0356699
2017-12-07,54.70179748535156,0.0,87.26000213623047,0.0,87.30999755859375,87.16999816894531,87.26000213623047,0.0,8955900,0.0004989888854648463,959319956.4032116
2017-12-08,54.75823593139648,0.0,87.3499984741211,0.0,87.37000274658203,87.2699966430664,87.33000183105469,0.0,9100400,0.0004989888854648463,958677630.324076
2017-12-11,54.77075958251953,0.0,87.37000274658203,0.0,87.38999938964844,87.29000091552734,87.3499984741211,0.0,11847900,0.0004507736672907066,960815348.0008444
2017-12-12,54.7457160949707,0.0,87.33000183105469,0.0,87.44999694824219,87.31999969482422,87.44999694824219,0.0,8846700,0.00041898625253434423,960720556.6087874
2017-12-13,54.77707290649414,0.0,87.37999725341797,0.0,87.44999694824219,87.33000183105469,87.37000274658203,0.0,7495000,0.00048378726947621235,958307309.7537934
2017-12-14,54.66421890258789,0.0,87.19999694824219,0.0,87.4000015258789,87.06999969482422,87.33999633789062,0.0,19337000,0.00048378726947621235,963297231.2433455
2017-12-15,54.67045211791992,0.0,87.20999908447266,0.0,87.33999633789062,87.19999694824219,87.30000305175781,0.0,14223900,0.0005231500615226079,968652150.2091665
2017-12-18,54.72687911987305,0.0,87.30000305175781,0.0,87.38999938964844,87.2300033569336,87.23999786376953,0.0,11735200,0.0005472883539916069,963973102.190375
2017-12-19,54.61405944824219,0.0,87.12000274658203,0.0,87.3499984741211,87.08999633789062,87.30000305175781,0.0,10985000,0.0005545759774372778,952986052.2773198
2017-12-20,54.657936096191406,0.0,87.19000244140625,0.0,87.26000213623047,87.08999633789062,87.19999694824219,0.0,11857400,0.0005639147003772409,948155032.4950022
2017-12-21,54.71517181396485,0.0,86.91999816894531,0.361,86.98999786376953,86.87000274658203,86.93000030517578,0.0,11195700,0.0005889881301972737,947941898.5116686
2017-12-22,54.76555633544922,0.0,87.0,0.0,87.06999969482422,86.91000366210938,86.97000122070312,0.0,11136900,0.0005889889893254682,948969460.9156412
2017-12-26,54.847415924072266,0.0,87.12999725341797,0.0,87.12999725341797,86.93000030517578,86.94000244140625,0.0,5798900,0.0006391251549354533,942293556.1146207
2017-12-27,54.87263107299805,0.0,87.16999816894531,0.0,87.20999908447266,87.08000183105469,87.08000183105469,0.0,5625500,0.0005151538210932001,939341084.7639357
2017-12-28,54.847415924072266,0.0,87.12999725341797,0.0,87.20999908447266,87.0999984741211,87.19000244140625,0.0,6116500,0.0004774341671467207,933389122.1588619
2017-12-29,54.929229736328125,0.0,87.26000213623047,0.0,87.30999755859375,87.08000183105469,87.13999938964844,0.0,5116800,0.000494852833706934,931178941.2377251
2018-01-02,54.979618072509766,0.0,87.33999633789062,0.0,87.36000061035156,87.25,87.30000305175781,0.0,7223500,0.000494852833706934,926494027.7980502
2018-01-03,55.24398040771485,0.0,87.76000213623047,0.0,87.77999877929688,87.33999633789062,87.33999633789062,0.0,20557100,0.000494852833706934,929462577.2035266
2018-01-04,55.33842086791992,0.0,87.91000366210938,0.0,87.98999786376953,87.7699966430664,87.81999969482422,0.0,13610900,0.0004863298808769896,928225248.3792199
2018-01-05,55.37621688842773,0.0,87.97000122070312,0.0,88.01000213623047,87.87999725341797,87.97000122070312,0.0,9851600,0.0004797494366084805,924166456.061996
2018-01-08,55.33209991455078,0.0,87.9000015258789,0.0,88.02999877929688,87.86000061035156,87.95999908447266,0.0,9804000,0.0005230084847455326,922454049.9703726
2018-01-09,55.162147521972656,0.0,87.62999725341797,0.0,87.98999786376953,87.61000061035156,87.98999786376953,0.0,13550400,0.0005230084847455326,925436212.0690664
2018-01-10,55.04256820678711,0.0,87.44000244140625,0.0,87.55999755859375,87.2699966430664,87.5,0.0,33182000,0.0004933984387667388,935876110.4696364
2018-01-11,55.22510147094727,0.0,87.7300033569336,0.0,87.73999786376953,87.45999908447266,87.5199966430664,0.0,12911500,0.00048784951114137326,936637322.0940787
2018-01-12,55.130653381347656,0.0,87.58000183105469,0.0,87.70999908447266,87.55000305175781,87.58999633789062,0.0,12088500,0.0004815342104628954,936168029.3682704
2018-01-16,55.09919738769531,0.0,87.52999877929688,0.0,87.7300033569336,87.44999694824219,87.63999938964844,0.0,18474100,0.0005400376906573003,941861970.9496089
2018-01-17,55.1054916381836,0.0,87.54000091552734,0.0,87.69000244140625,87.5199966430664,87.55999755859375,0.0,16340400,0.0005662102904811022,946730615.2752467
2018-01-18,55.04884719848633,0.0,87.44999694824219,0.0,87.55999755859375,87.4000015258789,87.5,0.0,16134900,0.0005072824247570328,952117357.9796927
2018-01-19,55.1054916381836,0.0,87.54000091552734,0.0,87.55000305175781,87.38999938964844,87.44000244140625,0.0,14401800,0.0005776522774840084,953787396.9407218
2018-01-22,55.155879974365234,0.0,87.62000274658203,0.0,87.6500015258789,87.48999786376953,87.48999786376953,0.0,16674700,0.0005074909737500141,959205843.681614
2018-01-23,55.31953048706055,0.0,87.87999725341797,0.0,87.9000015258789,87.62999725341797,87.68000030517578,0.0,11600300,0.00048241754392998136,963978925.5686986
2018-01-24,55.23768615722656,0.0,87.75,0.0,87.87999725341797,87.6500015258789,87.80000305175781,0.0,10746300,0.0005988831488713588,966320882.8362178
2018-01-25,55.19989776611328,0.0,87.69000244140625,0.0,87.9000015258789,87.61000061035156,87.9000015258789,0.0,11039300,0.0006589498528532147,968863362.4319712
2018-01-26,55.24398040771485,0.0,87.76000213623047,0.0,87.83999633789062,87.62999725341797,87.72000122070312,0.0,7164100,0.0007525934948805035,965651484.3650393
2018-01-29,55.04884719848633,0.0,87.44999694824219,0.0,87.68000030517578,87.43000030517578,87.62999725341797,0.0,19590800,0.000696789471223901,975758855.4690346
2018-01-30,54.859981536865234,0.0,87.1500015258789,0.0,87.45999908447266,87.13999938964844,87.44999694824219,0.0,18469300,0.0006622168413733647,981632415.6148032
2018-01-31,54.95441436767578,0.0,87.30000305175781,0.0,87.41999816894531,87.20999908447266,87.30000305175781,0.0,12692800,0.0007490678876415277,979912944.4702632
2018-02-01,54.85075378417969,0.0,86.7699966430664,0.366,86.98999786376953,86.72000122070312,86.86000061035156,0.0,17920000,0.0007490678876415277,987031166.4823078
2018-02-02,54.5030632019043,0.0,86.22000122070312,0.0,86.62000274658203,86.1500015258789,86.55000305175781,0.0,24787000,0.0007490678876415277,997287528.0236138
2018-02-05,54.19963455200195,0.0,85.73999786376953,0.0,86.51000213623047,85.58000183105469,86.12999725341797,0.0,28071300,0.0007303440935790759,1011857897.8810204
2018-02-06,54.52837753295898,0.0,86.26000213623047,0.0,86.36000061035156,85.51000213623047,85.51000213623047,0.0,33924300,0.0010350272831283424,1031428552.1130456
2018-02-07,54.3260612487793,0.0,85.94000244140625,0.0,86.62000274658203,85.86000061035156,86.37999725341797,0.0,24298100,0.0010773063959896116,1035044761.3462478
2018-02-08,53.85196685791016,0.0,85.19000244140625,0.0,86.0,85.18000030517578,85.91000366210938,0.0,25419300,0.0010773063959896116,1041784611.370898
2018-02-09,53.70024490356445,0.0,84.94999694824219,0.0,85.41999816894531,84.06999969482422,85.27999877929688,0.0,47230300,0.0010773063959896116,1056503143.0162278
2018-02-12,54.06690979003906,0.0,85.52999877929688,0.0,85.66000366210938,85.16000366210938,85.19999694824219,0.0,23448100,0.0011027677769484343,1060336305.8214158
2018-02-13,53.89620590209961,0.0,85.26000213623047,0.0,85.41999816894531,85.11000061035156,85.31999969482422,0.0,14679900,0.0011691559017790697,1061514394.3440756
2018-02-14,53.99102020263672,0.0,85.41000366210938,0.0,85.44000244140625,84.9000015258789,84.98999786376953,0.0,19332400,0.0012205219001843073,1069858250.2717093
2018-02-15,54.42720413208008,0.0,86.0999984741211,0.0,86.0999984741211,85.61000061035156,85.61000061035156,0.0,21931600,0.0012205219001843073,1076677977.5898223
2018-02-16,54.6484603881836,0.0,86.44999694824219,0.0,86.51000213623047,86.06999969482422,86.08999633789062,0.0,29195600,0.0011428644240116608,1086927114.8960357
2018-02-20,54.45882797241211,0.0,86.1500015258789,0.0,86.37999725341797,86.11000061035156,86.19999694824219,0.0,22740600,0.0012494508988880656,1092531459.6516988
2018-02-21,54.21229553222656,0.0,85.76000213623047,0.0,86.37999725341797,85.73999786376953,86.23999786376953,0.0,15656700,0.001325748400067389,1097793009.9723332
2018-02-22,54.25021362304688,0.0,85.81999969482422,0.0,86.13999938964844,85.73999786376953,85.80000305175781,0.0,14626900,0.0013706064382651112,1098696863.5700104
2018-02-23,54.61056518554688,0.0,86.38999938964844,0.0,86.41999816894531,85.83000183105469,85.88999938964844,0.0,15919500,0.00132061656570411,1105110998.953465
2018-02-26,54.70534133911133,0.0,86.54000091552734,0.0,86.68000030517578,86.38999938964844,86.44999694824219,0.0,10996300,0.0012269729236768214,1106736889.642122
2018-02-27,54.55997085571289,0.0,86.30999755859375,0.0,86.5,86.19999694824219,86.4800033569336,0.0,13840900,0.0012269729236768214,1111580894.5716798
2018-02-28,54.47779083251953,0.0,86.18000030517578,0.0,86.4800033569336,86.12000274658203,86.41000366210938,0.0,8751000,0.001350834837758901,1113951881.669641
2018-03-01,54.11668014526367,0.0,85.2699966430664,0.341,85.93000030517578,85.2699966430664,85.91000366210938,0.0,24974200,0.001263983791490738,1124564660.5066814
2018-03-02,54.42130279541016,0.0,85.75,0.0,85.79000091552734,85.29000091552734,85.31999969482422,0.0,18767600,0.0015013034279984887,1127918229.5209854
2018-03-05,54.42130279541016,0.0,85.75,0.0,85.80999755859375,85.56999969482422,85.56999969482422,0.0,9000200,0.0015499860334761114,1125109391.8177044
2018-03-06,54.497440338134766,0.0,85.87000274658203,0.0,85.94999694824219,85.69000244140625,85.83000183105469,0.0,14462900,0.0015473985242704642,1127580949.293409
2018-03-07,54.36418151855469,0.0,85.66000366210938,0.0,85.80999755859375,85.5999984741211,85.7699966430664,0.0,8195200,0.0012445467062068612,1126466104.6565282
2018-03-08,54.427642822265625,0.0,85.76000213623047,0.0,85.80000305175781,85.61000061035156,85.76000213623047,0.0,10201800,0.0013053627447069348,1127103522.2265515
2018-03-09,54.62438583374024,0.0,86.06999969482422,0.0,86.12999725341797,85.77999877929688,85.86000061035156,0.0,8942600,0.0013053627447069348,1127072432.5595007
2018-03-12,54.53553771972656,0.0,85.93000030517578,0.0,86.06999969482422,85.79000091552734,86.0,0.0,10126500,0.0014433667605926554,1128621473.5757797
2018-03-13,54.36418151855469,0.0,85.66000366210938,0.0,86.04000091552734,85.61000061035156,85.93000030517578,0.0,19020400,0.0014339933527635026,1135927310.116341
2018-03-14,54.30070877075195,0.0,85.55999755859375,0.0,85.77999877929688,85.5199966430664,85.7300033569336,0.0,10802500,0.0013091017477384627,1139936516.2129781
2018-03-15,54.33879852294922,0.0,85.62000274658203,0.0,85.75,85.5,85.55000305175781,0.0,8647900,0.0013059550886678688,1137603909.8120856
2018-03-16,54.4530029296875,0.0,85.80000305175781,0.0,85.80999755859375,85.58999633789062,85.63999938964844,0.0,11006000,0.0013383810446921272,1138400393.923932
2018-03-19,54.23089218139648,0.0,85.44999694824219,0.0,85.69000244140625,85.3499984741211,85.66000366210938,0.0,14298800,0.001415768718067954,1142310129.6870942
2018-03-20,54.33879852294922,0.0,85.62000274658203,0.0,85.6500015258789,85.43000030517578,85.43000030517578,0.0,14317800,0.0014008461306043714,1146819834.7734785
2018-03-21,54.35781478881836,0.0,85.6500015258789,0.0,85.80999755859375,85.5199966430664,85.58000183105469,0.0,8643700,0.001324548629425048,1147634808.6368804
2018-03-22,54.03417205810547,0.0,85.13999938964844,0.0,85.56999969482422,85.12000274658203,85.44999694824219,0.0,15972300,0.0011632241271577538,1151346465.8038244
2018-03-23,53.894561767578125,0.0,84.91999816894531,0.0,85.38999938964844,84.81999969482422,85.29000091552734,0.0,21847400,0.0011030111301269137,1161210607.1640074
2018-03-26,54.243595123291016,0.0,85.47000122070312,0.0,85.48999786376953,85.12999725341797,85.3499984741211,0.0,12454200,0.0012507740270369485,1164345537.0996625
2018-03-27,54.19284439086914,0.0,85.38999938964844,0.0,85.62999725341797,85.20999908447266,85.4800033569336,0.0,12661500,0.0013260086035213384,1169888261.5976727
2018-03-28,54.167442321777344,0.0,85.3499984741211,0.0,85.44000244140625,85.19999694824219,85.36000061035156,0.0,14642900,0.0012782453475143024,1173608244.0575433
2018-03-29,54.35146713256836,0.0,85.63999938964844,0.0,85.69999694824219,85.38999938964844,85.48999786376953,0.0,10299600,0.0012782453475143024,1175340071.004256
2018-04-02,54.14057540893555,0.0,84.95999908447266,0.349,85.2699966430664,84.88999938964844,85.12000274658203,0.0,18902700,0.0011120469813546618,1183911840.615306
2018-04-03,54.29349899291992,0.0,85.19999694824219,0.0,85.20999908447266,84.88999938964844,85.11000061035156,0.0,12994100,0.001229168245725783,1186423910.59402
2018-04-04,54.41459655761719,0.0,85.38999938964844,0.0,85.44000244140625,84.9000015258789,84.9000015258789,0.0,9677200,0.0013395604491052834,1183798221.4041696
2018-04-05,54.45915603637695,0.0,85.45999908447266,0.0,85.58000183105469,85.41000366210938,85.43000030517578,0.0,10152000,0.001277318579703695,1186519108.7854416
2018-04-06,54.338111877441406,0.0,85.2699966430664,0.0,85.5,85.16999816894531,85.41000366210938,0.0,12680800,0.0011742234283423519,1191007926.0561626
2018-04-09,54.54204559326172,0.0,85.58999633789062,0.0,85.61000061035156,85.41000366210938,85.44999694824219,0.0,9043200,0.0012531995885955792,1192957682.2082882
2018-04-10,54.73959732055664,0.0,85.9000015258789,0.0,85.94000244140625,85.68000030517578,85.69999694824219,0.0,11434100,0.0011151955727098585,1196650372.9902298
2018-04-11,54.75868225097656,0.0,85.93000030517578,0.0,86.0,85.80999755859375,85.87000274658203,0.0,7675500,0.0010434579098529031,1199584598.080202
2018-04-12,54.95622634887695,0.0,86.23999786376953,0.0,86.26000213623047,85.97000122070312,86.02999877929688,0.0,23692600,0.0010434579098529031,1209630790.333309
2018-04-13,54.98809051513672,0.0,86.29000091552734,0.0,86.41000366210938,86.23999786376953,86.30000305175781,0.0,16213400,0.0009297031786480619,1215158319.7991447
2018-04-16,55.07096481323242,0.0,86.41999816894531,0.0,86.51000213623047,86.27999877929688,86.38999938964844,0.0,10781600,0.0009196717885555169,1218221943.03406
2018-04-17,55.09640502929688,0.0,86.45999908447266,0.0,86.66000366210938,86.43000030517578,86.55000305175781,0.0,15577600,0.00084228411517969,1226148237.308042
2018-04-18,55.0390853881836,0.0,86.37000274658203,0.0,86.55000305175781,86.33999633789062,86.5199966430664,0.0,13745600,0.0007506202277668679,1231319651.6921573
2018-04-19,54.86701965332031,0.0,86.0999984741211,0.0,86.23999786376953,85.98999786376953,86.20999908447266,0.0,19345500,0.0007506202277668679,1239293032.4344392
2018-04-20,54.73321533203125,0.0,85.88999938964844,0.0,86.08999633789062,85.87000274658203,86.05000305175781,0.0,17693500,0.0007506202277668679,1245746706.0564132
2018-04-23,54.58663177490234,0.0,85.66000366210938,0.0,85.83999633789062,85.58000183105469,85.83000183105469,0.0,15971100,0.0007506202277668679,1251491441.0885584
2018-04-24,54.47828674316406,0.0,85.48999786376953,0.0,85.7699966430664,85.37999725341797,85.69000244140625,0.0,17872600,0.0006151006601343232,1258615319.5684705
2018-04-25,54.48466873168945,0.0,85.5,0.0,85.54000091552734,85.23999786376953,85.41000366210938,0.0,15078400,0.0005398660836499334,1263765681.302334
2018-04-26,54.675819396972656,0.0,85.80000305175781,0.0,85.86000061035156,85.5199966430664,85.56999969482422,0.0,17479700,0.00046376742557488975,1270673947.6226382
2018-04-27,54.65035629272461,0.0,85.76000213623047,0.0,85.91999816894531,85.61000061035156,85.87000274658203,0.0,7014700,0.0005483813208898866,1263657812.4525645
2018-04-30,54.61213684082031,0.0,85.69999694824219,0.0,85.8499984741211,85.69000244140625,85.69999694824219,0.0,12473000,0.0005319390035941279,1264684036.0413325
2018-05-01,54.65243148803711,0.0,85.4000015258789,0.363,85.4000015258789,85.18000030517578,85.27999877929688,0.0,18707700,0.00036613513374538403,1267730299.4682977
2018-05-02,54.63321685791016,0.0,85.37000274658203,0.0,85.55000305175781,85.31999969482422,85.4000015258789,0.0,12057000,0.0002557429303658835,1271719431.3435934
2018-05-03,54.6268310546875,0.0,85.36000061035156,0.0,85.4000015258789,85.22000122070312,85.4000015258789,0.0,21626200,0.0002557429303658835,1281316018.5532162
2018-05-04,54.66523742675781,0.0,85.41999816894531,0.0,85.44999694824219,85.16000366210938,85.20999908447266,0.0,14862100,0.0003283583212441032,1284751308.0508034
2018-05-07,54.71642303466797,0.0,85.5,0.0,85.52999877929688,85.4000015258789,85.43000030517578,0.0,23063900,0.0002493821609908761,1296145180.6425307
2018-05-08,54.63321685791016,0.0,85.37000274658203,0.0,85.47000122070312,85.30999755859375,85.44999694824219,0.0,13693500,0.00027219611926361005,1300533058.2068245
2018-05-09,54.72281265258789,0.0,85.51000213623047,0.0,85.54000091552734,85.33999633789062,85.3499984741211,0.0,10476200,0.0003062988989704858,1299079497.3701174
2018-05-10,54.88282012939453,0.0,85.76000213623047,0.0,85.79000091552734,85.55000305175781,85.56999969482422,0.0,13375800,0.0003062988989704858,1299962853.4478385
2018-05-11,54.86361312866211,0.0,85.7300033569336,0.0,85.83999633789062,85.62999725341797,85.76000213623047,0.0,8505100,0.00034700344731447146,1293187935.0287907
2018-05-14,54.87642288208008,0.0,85.75,0.0,85.81999969482422,85.56999969482422,85.72000122070312,0.0,14695800,0.0004041498645867771,1276738315.18918
2018-05-15,54.60762786865234,0.0,85.33000183105469,0.0,85.5999984741211,85.2699966430664,85.55999755859375,0.0,20008800,0.0004238594503116034,1273335730.6627545
2018-05-16,54.67802810668945,0.0,85.44000244140625,0.0,85.47000122070312,85.29000091552734,85.37000274658203,0.0,13028100,0.0004887881266993197,1270922264.9573796
2018-05-17,54.71001815795898,0.0,85.48999786376953,0.0,85.55999755859375,85.33999633789062,85.33999633789062,0.0,13198300,0.000508949810600283,1270335114.374621
2018-05-18,54.65243148803711,0.0,85.4000015258789,0.0,85.45999908447266,85.33000183105469,85.3499984741211,0.0,14241600,0.0005591784887218597,1262526550.0411685
2018-05-21,54.72920989990234,0.0,85.5199966430664,0.0,85.56999969482422,85.38999938964844,85.38999938964844,0.0,7000400,0.0005591784887218597,1246385216.431748
2018-05-22,54.76764678955078,0.0,85.58000183105469,0.0,85.62999725341797,85.51000213623047,85.55999755859375,0.0,6220700,0.0005469351594443695,1239543248.2645247
2018-05-23,54.81241607666016,0.0,85.6500015258789,0.0,85.6500015258789,85.38999938964844,85.4800033569336,0.0,13053100,0.0005840923584219239,1242215360.2247994
2018-05-24,54.84442901611328,0.0,85.69999694824219,0.0,85.72000122070312,85.5199966430664,85.5199966430664,0.0,12468600,0.0005840923584219239,1243666801.4346955
2018-05-25,54.75484085083008,0.0,85.55999755859375,0.0,85.63999938964844,85.45999908447266,85.58000183105469,0.0,12895700,0.000596878218494223,1245821259.416011
2018-05-29,54.52444839477539,0.0,85.19999694824219,0.0,85.4000015258789,85.16000366210938,85.37000274658203,0.0,13519800,0.0005421992654418718,1252782857.4727862
2018-05-30,54.69081497192383,0.0,85.45999908447266,0.0,85.48999786376953,85.29000091552734,85.29000091552734,0.0,15145000,0.0006446483711987166,1255653926.2218173
2018-05-31,54.63964080810547,0.0,85.37999725341797,0.0,85.5,85.36000061035156,85.48999786376953,0.0,17391000,0.0006928589562110591,1260183056.2587981
2018-06-01,54.76435470581055,0.0,85.19000244140625,0.384,85.2300033569336,85.0999984741211,85.1500015258789,0.0,12891000,0.0006928589562110591,1260675692.6417456
2018-06-04,54.88004302978516,0.0,85.37000274658203,0.0,85.41999816894531,85.2300033569336,85.2699966430664,0.0,13830900,0.0006202435653328394,1257519565.0460138
2018-06-05,54.94435119628906,0.0,85.47000122070312,0.0,85.5199966430664,85.30000305175781,85.37000274658203,0.0,10614100,0.0006212216251927513,1253980183.922916
2018-06-06,55.079345703125,0.0,85.68000030517578,0.0,85.70999908447266,85.37999725341797,85.41000366210938,0.0,6920900,0.0005984076669200174,1248425058.8570247
2018-06-07,55.098628997802734,0.0,85.70999908447266,0.0,85.7699966430664,85.55000305175781,85.62999725341797,0.0,13764400,0.0005707564616810486,1251311576.3401334
2018-06-08,55.06648254394531,0.0,85.66000366210938,0.0,85.7300033569336,85.56999969482422,85.5999984741211,0.0,9784000,0.0006440956977618697,1250984366.7331755
2018-06-11,55.16933441162109,0.0,85.81999969482422,0.0,85.8499984741211,85.69000244140625,85.69999694824219,0.0,10429300,0.000603391149417884,1251885562.5243292
2018-06-12,55.21435928344727,0.0,85.88999938964844,0.0,85.97000122070312,85.7699966430664,85.83000183105469,0.0,12432400,0.0005238501662138651,1254051426.8282814
2018-06-13,55.23362731933594,0.0,85.91999816894531,0.0,86.05000305175781,85.83000183105469,85.91000366210938,0.0,9958900,0.0005284832448243233,1252626963.4491026
2018-06-14,55.39435195922852,0.0,86.16999816894531,0.0,86.19000244140625,86.02999877929688,86.08000183105469,0.0,13954300,0.0004944703272498703,1256038548.1971195
2018-06-15,55.36219787597656,0.0,86.12000274658203,0.0,86.16000366210938,85.98999786376953,86.11000061035156,0.0,16303700,0.0005352202970920416,1261984275.2555726
2018-06-18,55.355735778808594,0.0,86.11000061035156,0.0,86.12999725341797,85.9800033569336,86.05000305175781,0.0,11512000,0.0005505228884878645,1256469291.0177805
2018-06-19,55.27864456176758,0.0,85.98999786376953,0.0,86.02999877929688,85.87000274658203,85.94000244140625,0.0,12543200,0.0006056775307932519,1255184556.3767266
2018-06-20,55.33649444580078,0.0,86.08000183105469,0.0,86.12999725341797,86.02999877929688,86.08000183105469,0.0,10422800,0.0006056775307932519,1254174331.3550737
2018-06-21,55.22080993652344,0.0,85.9000015258789,0.0,86.06999969482422,85.87000274658203,86.06999969482422,0.0,8132500,0.0005685203318156975,1252123287.9601374
2018-06-22,55.22718811035156,0.0,85.91000366210938,0.0,86.08999633789062,85.87999725341797,86.04000091552734,0.0,7385200,0.0006668112841612668,1248953572.278365
2018-06-25,55.098628997802734,0.0,85.70999908447266,0.0,85.80999755859375,85.62999725341797,85.7699966430664,0.0,13975400,0.0005694115287739707,1250736915.910945
2018-06-26,55.09220886230469,0.0,85.69999694824219,0.0,85.7300033569336,85.5999984741211,85.70999908447266,0.0,7503900,0.0005863833260920316,1248150994.538722
2018-06-27,54.97646331787109,0.0,85.5199966430664,0.0,85.70999908447266,85.47000122070312,85.6500015258789,0.0,13119200,0.0005021576380368111,1253045405.6409986
2018-06-28,54.82220077514648,0.0,85.27999877929688,0.0,85.41000366210938,85.16000366210938,85.3499984741211,0.0,13829300,0.0004539470530244686,1258513563.2792459
2018-06-29,54.69365310668945,0.0,85.08000183105469,0.0,85.5199966430664,85.05999755859375,85.38999938964844,0.0,17450500,0.0005438929123124635,1266067197.7534702
2018-07-02,54.745975494384766,0.0,84.77999877929688,0.381,84.80000305175781,84.5999984741211,84.63999938964844,0.0,22438600,0.0005438929123124635,1277621582.6874263
2018-07-03,54.7524299621582,0.0,84.79000091552734,0.0,84.95999908447266,84.73999786376953,84.83999633789062,0.0,10098600,0.0005429148524525515,1279410152.843766
2018-07-05,54.95904922485352,0.0,85.11000061035156,0.0,85.12999725341797,84.88999938964844,84.9000015258789,0.0,12729400,0.0005935169406577369,1273690375.874359
2018-07-06,55.101104736328125,0.0,85.33000183105469,0.0,85.33000183105469,85.12000274658203,85.12999725341797,0.0,9640300,0.0005842293396537252,1270722697.6823535
2018-07-09,55.185035705566406,0.0,85.45999908447266,0.0,85.54000091552734,85.36000061035156,85.37000274658203,0.0,11517200,0.0005108901035729042,1271656147.1857646
2018-07-10,55.19150924682617,0.0,85.47000122070312,0.0,85.58000183105469,85.45999908447266,85.5,0.0,7531700,0.0005108901035729042,1269925693.1638143
2018-07-11,55.10757827758789,0.0,85.33999633789062,0.0,85.44999694824219,85.30000305175781,85.38999938964844,0.0,14111200,0.0005108901035729042,1270059250.636358
2018-07-12,55.28191375732422,0.0,85.61000061035156,0.0,85.6500015258789,85.44000244140625,85.4800033569336,0.0,10327300,0.0004979707721436071,1254048822.0513783
2018-07-13,55.28191375732422,0.0,85.61000061035156,0.0,85.72000122070312,85.61000061035156,85.68000030517578,0.0,9860300,0.00046705501333034374,1251758459.7551496
2018-07-16,55.2431755065918,0.0,85.55000305175781,0.0,85.62999725341797,85.51000213623047,85.62000274658203,0.0,7963100,0.00040614335958720916,1248762684.970759
2018-07-17,55.26254653930664,0.0,85.58000183105469,0.0,85.6500015258789,85.44999694824219,85.48999786376953,0.0,10721000,0.00038748604061832645,1243210821.8690298
2018-07-18,55.28835678100586,0.0,85.62000274658203,0.0,85.68000030517578,85.52999877929688,85.61000061035156,0.0,12838600,0.00036052829053528424,1240582268.9825392
2018-07-19,55.26254653930664,0.0,85.58000183105469,0.0,85.63999938964844,85.48999786376953,85.56999969482422,0.0,6907300,0.0003917433145440931,1234075362.5610108
2018-07-20,55.28835678100586,0.0,85.62000274658203,0.0,85.69000244140625,85.58000183105469,85.62000274658203,0.0,9329000,0.0003917433145440931,1230408818.2787697
2018-07-23,55.26900863647461,0.0,85.58999633789062,0.0,85.69000244140625,85.58999633789062,85.66999816894531,0.0,7459200,0.0003479483074299832,1223880212.2540488
2018-07-24,55.38525390625,0.0,85.7699966430664,0.0,85.83000183105469,85.5999984741211,85.5999984741211,0.0,11803700,0.0003772878082651409,1223824410.486088
2018-07-25,55.488525390625,0.0,85.93000030517578,0.0,85.94999694824219,85.72000122070312,85.79000091552734,0.0,11342300,0.00036031601094707984,1224075648.7199087
2018-07-26,55.49501800537109,0.0,85.94000244140625,0.0,86.01000213623047,85.9000015258789,85.94000244140625,0.0,9233600,0.0003420925932454555,1222690723.0261908
2018-07-27,55.475624084472656,0.0,85.91000366210938,0.0,85.9800033569336,85.80999755859375,85.94999694824219,0.0,10811200,0.0003455755170751631,1225072221.4411721
2018-07-30,55.49501800537109,0.0,85.94000244140625,0.0,86.01000213623047,85.8499984741211,85.94000244140625,0.0,8400500,0.0003026305037556839,1217204948.3482785
2018-07-31,55.61122131347656,0.0,86.12000274658203,0.0,86.1500015258789,86.05000305175781,86.0999984741211,0.0,10709500,0.0003026305037556839,1211750207.4453626
2018-08-01,55.66117858886719,0.0,85.83000183105469,0.367,85.87999725341797,85.66999816894531,85.76000213623047,0.0,23297900,0.0003026305037556839,1218826217.9288895
2018-08-02,55.69359970092773,0.0,85.87999725341797,0.0,85.88999938964844,85.72000122070312,85.76000213623047,0.0,10989200,0.0003226147232367361,1213975695.1191554
2018-08-03,55.73898696899414,0.0,85.94999694824219,0.0,85.98999786376953,85.8499984741211,85.86000061035156,0.0,6940500,0.0003226147232367361,1201748717.210915
2018-08-06,55.84273147583008,0.0,86.11000061035156,0.0,86.11000061035156,85.87000274658203,85.87000274658203,0.0,7521900,0.0003477027052814155,1187787428.4137545
2018-08-07,55.86870193481445,0.0,86.1500015258789,0.0,86.2300033569336,85.87000274658203,85.87000274658203,0.0,8408200,0.000449767055359638,1170311684.3848636
2018-08-08,55.83624649047852,0.0,86.0999984741211,0.0,86.16999816894531,86.08000183105469,86.12999725341797,0.0,10103600,0.0004652814107045591,1160642963.5218606
2018-08-09,55.79732894897461,0.0,86.04000091552734,0.0,86.13999938964844,86.0,86.11000061035156,0.0,6354700,0.0004538580777985717,1147796044.1945515
2018-08-10,55.70009994506836,0.0,85.88999938964844,0.0,86.01000213623047,85.81999969482422,85.9000015258789,0.0,9473300,0.0004538580777985717,1122410709.991007
2018-08-13,55.66117858886719,0.0,85.83000183105469,0.0,85.95999908447266,85.7699966430664,85.95999908447266,0.0,10479000,0.0004941912728134471,1113632111.7752197
2018-08-14,55.75843811035156,0.0,85.9800033569336,0.0,86.01000213623047,85.86000061035156,85.87999725341797,0.0,9767700,0.0004923761900011314,1110364005.2151392
2018-08-15,55.66117858886719,0.0,85.83000183105469,0.0,85.9000015258789,85.7300033569336,85.87000274658203,0.0,14684800,0.0005017115077417046,1107262545.342848
2018-08-16,55.73249816894531,0.0,85.94000244140625,0.0,85.98999786376953,85.86000061035156,85.91000366210938,0.0,14931800,0.00047049648373289596,1102460388.2152255
2018-08-17,55.79732894897461,0.0,86.04000091552734,0.0,86.06999969482422,85.9000015258789,85.9000015258789,0.0,15280900,0.0004761307096295732,1092863635.192114
2018-08-20,55.82329177856445,0.0,86.08000183105469,0.0,86.1500015258789,86.02999877929688,86.08999633789062,0.0,8174900,0.0004216347643981138,1082900085.0513942
2018-08-21,55.9076042175293,0.0,86.20999908447266,0.0,86.29000091552734,86.08999633789062,86.11000061035156,0.0,9281400,0.00039229526356295615,1078593980.7661269
2018-08-22,55.92708206176758,0.0,86.23999786376953,0.0,86.27999877929688,86.19999694824219,86.19999694824219,0.0,8297400,0.00041384884755434856,1074310545.8831
2018-08-23,55.92057037353516,0.0,86.2300033569336,0.0,86.31999969482422,86.19000244140625,86.23999786376953,0.0,7751800,0.0004455495326297789,1068700642.2699156
2018-08-24,56.017845153808594,0.0,86.37999725341797,0.0,86.41000366210938,86.25,86.27999877929688,0.0,7458500,0.000450678592324592,1066261320.0274332
2018-08-27,56.03732299804688,0.0,86.41000366210938,0.0,86.45999908447266,86.37000274658203,86.4000015258789,0.0,5581700,0.00040367774635607646,1060608198.3784811
2018-08-28,56.011329650878906,0.0,86.37000274658203,0.0,86.41000366210938,86.31999969482422,86.37000274658203,0.0,8175300,0.00040367774635607646,1060226765.8450172
2018-08-29,55.97890472412109,0.0,86.31999969482422,0.0,86.38999938964844,86.27999877929688,86.33999633789062,0.0,7403700,0.00042062360445552834,1048397697.8416624
2018-08-30,55.93354415893555,0.0,86.25,0.0,86.3499984741211,86.22000122070312,86.33000183105469,0.0,8481700,0.00035044610297903917,1041431228.9924561
2018-08-31,56.00484848022461,0.0,86.36000061035156,0.0,86.41999816894531,86.27999877929688,86.29000091552734,0.0,9569300,0.0003798904046050353,1041864860.768969
2018-09-04,55.888282775878906,0.0,85.80999755859375,0.371,85.93000030517578,85.72000122070312,85.88999938964844,0.0,16029000,0.00035480242256035594,1042924536.8653433
2018-09-05,55.82967758178711,0.0,85.72000122070312,0.0,85.83000183105469,85.69000244140625,85.80000305175781,0.0,13369200,0.0002701874919959853,1046448401.7725506
2018-09-06,55.87526321411133,0.0,85.79000091552734,0.0,85.83000183105469,85.72000122070312,85.80000305175781,0.0,13137500,0.0003082069149813619,1048449669.6077437
2018-09-07,55.816654205322266,0.0,85.69999694824219,0.0,85.7699966430664,85.62999725341797,85.62999725341797,0.0,12374700,0.0003082069149813619,1050757782.0915889
2018-09-10,55.92739486694336,0.0,85.87000274658203,0.0,85.88999938964844,85.7699966430664,85.80000305175781,0.0,6997900,0.0003082069149813619,1048620794.3465884
2018-09-11,55.94040298461914,0.0,85.88999938964844,0.0,85.9800033569336,85.76000213623047,85.76000213623047,0.0,17897800,0.0003109275627940491,1047890274.4848524
2018-09-12,56.07066345214844,0.0,86.08999633789062,0.0,86.1500015258789,85.91999816894531,85.91999816894531,0.0,14041900,0.00026586869505784824,1050149046.2781088
2018-09-13,56.17488098144531,0.0,86.25,0.0,86.30999755859375,86.16999816894531,86.16999816894531,0.0,10375800,0.00022833648509492955,1051375074.2800758
2018-09-14,56.22696304321289,0.0,86.33000183105469,0.0,86.38999938964844,86.2300033569336,86.23999786376953,0.0,12945000,0.00022833648509492955,1052749892.0587691
2018-09-17,56.18788528442383,0.0,86.2699966430664,0.0,86.33000183105469,86.2300033569336,86.30999755859375,0.0,13279900,0.00026283823613762935,1052145324.69414
2018-09-18,56.18139266967773,0.0,86.26000213623047,0.0,86.36000061035156,86.23999786376953,86.29000091552734,0.0,19882300,0.00029950767755665126,1056027524.4175382
2018-09-19,56.07715606689453,0.0,86.0999984741211,0.0,86.29000091552734,86.08000183105469,86.23999786376953,0.0,14471100,0.00029950767755665126,1060040451.1614239
2018-09-20,56.15533447265625,0.0,86.22000122070312,0.0,86.22000122070312,85.93000030517578,86.12000274658203,0.0,15360100,0.0002779540935652589,1059758437.1018909
2018-09-21,56.16836166381836,0.0,86.23999786376953,0.0,86.27999877929688,86.19999694824219,86.22000122070312,0.0,10966700,0.00024625340848982854,1052540080.0905924
2018-09-24,56.14228439331055,0.0,86.19999694824219,0.0,86.25,86.08000183105469,86.19999694824219,0.0,10229400,0.0002376414249653077,1051090189.293604
2018-09-25,56.0967025756836,0.0,86.12999725341797,0.0,86.18000030517578,86.08999633789062,86.12999725341797,0.0,13240400,0.00026896721870135347,1051560269.7567955
2018-09-26,56.15533447265625,0.0,86.22000122070312,0.0,86.33999633789062,86.16999816894531,86.19000244140625,0.0,19504800,0.00026896721870135347,1054988304.575469
2018-09-27,56.25951385498047,0.0,86.37999725341797,0.0,86.4000015258789,86.2699966430664,86.30999755859375,0.0,7996600,0.0002995833659516702,1053469959.7208902
2018-09-28,56.29861831665039,0.0,86.44000244140625,0.0,86.47000122070312,86.27999877929688,86.3499984741211,0.0,17085200,0.0003414353960726855,1052445129.2051588
2018-10-01,56.46154022216797,0.0,86.30000305175781,0.389,86.30000305175781,86.13999938964844,86.16000366210938,0.0,22566000,0.00039362649562651954,1059114562.4473875
2018-10-02,56.41572952270508,0.0,86.2300033569336,0.0,86.30000305175781,86.18000030517578,86.26000213623047,0.0,13577600,0.00044960564014083547,1061848375.0782255
2018-10-03,56.2652473449707,0.0,86.0,0.0,86.30999755859375,85.91000366210938,86.27999877929688,0.0,17930600,0.0004567740438404436,1067201086.8980227
2018-10-04,56.0558967590332,0.0,85.68000030517578,0.0,85.9000015258789,85.58000183105469,85.81999969482422,0.0,24935100,0.0004032402655101459,1075575274.2168972
2018-10-05,55.80727005004883,0.0,85.30000305175781,0.0,85.66999816894531,85.30000305175781,85.6500015258789,0.0,25063300,0.0004032402655101459,1086399814.7851853
2018-10-08,55.68296051025391,0.0,85.11000061035156,0.0,85.36000061035156,85.08000183105469,85.3499984741211,0.0,12869500,0.0004032402655101459,1087297703.2408032
2018-10-09,55.76801681518555,0.0,85.23999786376953,0.0,85.30999755859375,85.12000274658203,85.13999938964844,0.0,19488500,0.0004428999464079849,1095247258.6457691
2018-10-10,55.368927001953125,0.0,84.62999725341797,0.0,85.11000061035156,84.61000061035156,85.11000061035156,0.0,25204700,0.0004428999464079849,1095960146.8869286
2018-10-11,55.41470336914063,0.0,84.69999694824219,0.0,85.0,84.56999969482422,84.83000183105469,0.0,37665300,0.0006130119725436414,1110175992.0790777
2018-10-12,55.70916366577149,0.0,85.1500015258789,0.0,85.20999908447266,84.94000244140625,85.11000061035156,0.0,31877600,0.0007235695046983019,1124323863.7964036
2018-10-15,55.66987228393555,0.0,85.08999633789062,0.0,85.19000244140625,85.04000091552734,85.08000183105469,0.0,16658500,0.0007385366559661291,1124884438.576217
2018-10-16,55.85958480834961,0.0,85.37999725341797,0.0,85.4000015258789,85.23999786376953,85.25,0.0,18955700,0.0007150853724739507,1128306899.7205281
2018-10-17,55.748416900634766,0.0,85.20999908447266,0.0,85.36000061035156,85.13999938964844,85.26000213623047,0.0,18739400,0.0007603855404183888,1127760365.882135
2018-10-18,55.51285934448242,0.0,84.8499984741211,0.0,85.19000244140625,84.8499984741211,85.1500015258789,0.0,28653800,0.0007603855404183888,1134995129.2319524
2018-10-19,55.54557800292969,0.0,84.9000015258789,0.0,85.06999969482422,84.8499984741211,85.05000305175781,0.0,20606400,0.0008527480399215458,1138022104.683976
2018-10-22,55.57174682617188,0.0,84.94000244140625,0.0,85.1500015258789,84.87000274658203,85.0999984741211,0.0,15049900,0.0009324521299100932,1136041231.7230468
2018-10-23,55.51940536499024,0.0,84.86000061035156,0.0,84.9000015258789,84.55000305175781,84.6500015258789,0.0,20873200,0.0009011263361740475,1139867394.9352689
2018-10-24,55.24460983276367,0.0,84.44000244140625,0.0,84.91999816894531,84.41000366210938,84.87999725341797,0.0,23827800,0.0010556863162018324,1143932959.8307412
2018-10-25,55.35580825805664,0.0,84.61000061035156,0.0,84.66999816894531,84.43000030517578,84.61000061035156,0.0,29513700,0.0010848114470226485,1158977193.8627152
2018-10-26,55.10722732543945,0.0,84.2300033569336,0.0,84.52999877929688,84.16999816894531,84.30999755859375,0.0,27424100,0.0010606040456422924,1168826368.2525997
2018-10-29,55.05488967895508,0.0,84.1500015258789,0.0,84.44000244140625,84.04000091552734,84.4000015258789,0.0,23379400,0.0010478869885924245,1171760804.2615557
2018-10-30,55.18572235107422,0.0,84.3499984741211,0.0,84.3499984741211,83.98999786376953,84.16999816894531,0.0,24105300,0.0011183051028194545,1179728866.9211009
2018-10-31,55.18572235107422,0.0,84.3499984741211,0.0,84.58999633789062,84.3499984741211,84.44999694824219,0.0,23047900,0.0010936872796059945,1180507262.8308797
2018-11-01,55.43885803222656,0.0,84.31999969482422,0.415,84.41000366210938,84.0,84.08999633789062,0.0,33115700,0.0010936872796059945,1192592939.4904606
2018-11-02,55.405948638916016,0.0,84.2699966430664,0.0,84.52999877929688,84.13999938964844,84.41999816894531,0.0,19675800,0.0011450481279401774,1190101797.8233943
2018-11-05,55.45200729370117,0.0,84.33999633789062,0.0,84.44000244140625,84.2300033569336,84.2699966430664,0.0,12299600,0.0012208285340201627,1189056830.2547212
2018-11-06,55.59667205810547,0.0,84.55999755859375,0.0,84.55999755859375,84.37999725341797,84.41000366210938,0.0,14675500,0.001138115010294761,1191796039.4594162
2018-11-07,55.9188232421875,0.0,85.05000305175781,0.0,85.06999969482422,84.63999938964844,84.63999938964844,0.0,26155500,0.001138115010294761,1200346965.7947056
2018-11-08,55.78074264526367,0.0,84.83999633789062,0.0,85.08000183105469,84.81999969482422,84.8499984741211,0.0,20677500,0.0010567249282102623,1208482971.927449
2018-11-09,55.46516036987305,0.0,84.36000061035156,0.0,84.68000030517578,84.27999877929688,84.66999816894531,0.0,20869300,0.0009461673960556019,1212454156.933303
2018-11-12,55.123268127441406,0.0,83.83999633789062,0.0,84.41000366210938,83.80999755859375,84.33000183105469,0.0,22319600,0.0008910642678483975,1213755142.9779537
2018-11-13,55.03123092651367,0.0,83.69999694824219,0.0,84.0199966430664,83.62999725341797,83.86000061035156,0.0,22907600,0.0008778461099215541,1220138041.027832
2018-11-14,54.92605209350586,0.0,83.54000091552734,0.0,83.98999786376953,83.33999633789062,83.80999755859375,0.0,44747700,0.0009447412896654463,1240851535.1561046
2018-11-15,54.91286849975586,0.0,83.5199966430664,0.0,83.5199966430664,82.98999786376953,83.19000244140625,0.0,32332600,0.0009447412896654463,1252630788.979364
2018-11-16,54.74852752685547,0.0,83.2699966430664,0.0,83.30000305175781,83.0,83.16000366210938,0.0,64912800,0.0009666496566231393,1290778522.73803
2018-11-19,54.57756805419922,0.0,83.01000213623047,0.0,83.23999786376953,82.9000015258789,83.05000305175781,0.0,36567300,0.0010080560784736967,1310644269.8310912
2018-11-20,54.40663528442383,0.0,82.75,0.0,82.97000122070312,82.69999694824219,82.77999877929688,0.0,21901900,0.0010080560784736967,1316155255.466667
2018-11-21,54.68274688720703,0.0,83.16999816894531,0.0,83.33999633789062,83.06999969482422,83.16999816894531,0.0,16560400,0.0009435827234870346,1318605806.7026048
2018-11-23,54.380313873291016,0.0,82.70999908447266,0.0,82.9000015258789,82.70999908447266,82.83000183105469,0.0,9708100,0.0008668955873164498,1316221686.7152684
2018-11-26,54.63673400878906,0.0,83.0999984741211,0.0,83.13999938964844,82.91000366210938,83.02999877929688,0.0,19807100,0.0009484719083905248,1320142980.850474
2018-11-27,54.61043930053711,0.0,83.05999755859375,0.0,83.06999969482422,82.87000274658203,82.94000244140625,0.0,14370700,0.0009737914733568811,1319344081.015402
2018-11-28,55.06410598754883,0.0,83.75,0.0,83.7699966430664,83.05999755859375,83.11000061035156,0.0,23513100,0.0008473942146155352,1323188355.5611625
2018-11-29,55.077239990234375,0.0,83.7699966430664,0.0,83.88999938964844,83.54000091552734,83.58999633789062,0.0,17927900,0.0008473942146155352,1326391814.3019965
2018-11-30,54.965450286865234,0.0,83.5999984741211,0.0,83.73999786376953,83.55000305175781,83.55999755859375,0.0,15081000,0.0009170206560070917,1327026954.0321593
2018-12-03,55.34588623046875,0.0,83.80000305175781,0.376,83.83000183105469,83.5,83.6500015258789,0.0,27052900,0.0009389655433207275,1337819382.30678
2018-12-04,55.00246047973633,0.0,83.27999877929688,0.0,83.70999908447266,83.19999694824219,83.62999725341797,0.0,32066500,0.0009604171131354668,1354307599.5031629
2018-12-06,54.81094741821289,0.0,82.98999786376953,0.0,83.08999633789062,82.72000122070312,82.8499984741211,0.0,27661900,0.0009604171131354668,1363164062.2849844
2018-12-07,54.70528411865234,0.0,82.83000183105469,0.0,83.38999938964844,82.83000183105469,83.26000213623047,0.0,28901200,0.0009622321055895715,1375511593.8174415
2018-12-10,54.744903564453125,0.0,82.88999938964844,0.0,82.95999908447266,82.55999755859375,82.81999969482422,0.0,23434700,0.0008735101615384136,1383824766.4037855
2018-12-11,54.84395980834961,0.0,83.04000091552734,0.0,83.26000213623047,82.97000122070312,83.18000030517578,0.0,19243900,0.0008735101615384136,1388032660.4133606
2018-12-12,55.022254943847656,0.0,83.30999755859375,0.0,83.58999633789062,83.29000091552734,83.31999969482422,0.0,17571500,0.0009421162458133885,1392859747.3366632
2018-12-13,55.15435409545898,0.0,83.51000213623047,0.0,83.5999984741211,83.43000030517578,83.5,0.0,15859200,0.0010070195053269023,1393827682.4194407
2018-12-14,54.92321395874024,0.0,83.16000366210938,0.0,83.4800033569336,83.0999984741211,83.37000274658203,0.0,16397600,0.0008948241576385721,1393506648.9850786
2018-12-17,54.566551208496094,0.0,82.62000274658203,0.0,83.16000366210938,82.55000305175781,83.08999633789062,0.0,24124900,0.0008948241576385721,1401458244.0424964
2018-12-18,54.46770095825195,0.0,82.08000183105469,0.391,82.43000030517578,81.9000015258789,82.36000061035156,0.0,25284300,0.000780553291177722,1409368923.7971957
2018-12-19,53.97665023803711,0.0,81.33999633789062,0.0,82.26000213623047,81.23999786376953,82.12000274658203,0.0,32062700,0.0006594427793386173,1422946584.5709906
2018-12-20,53.505496978759766,0.0,80.62999725341797,0.0,81.19000244140625,80.01000213623047,81.06999969482422,0.0,68796100,0.0006594427793386173,1461426327.3617578
2018-12-21,53.24006652832031,0.0,80.2300033569336,0.0,80.93000030517578,80.0999984741211,80.58999633789062,0.0,56295000,0.0009635011809248442,1492236529.5834496
2018-12-24,52.8419075012207,0.0,79.62999725341797,0.0,80.3499984741211,79.62999725341797,80.2300033569336,0.0,18853600,0.0009635011809248442,1494645105.7343378
2018-12-26,53.731082916259766,0.0,80.97000122070312,0.0,80.97000122070312,79.55000305175781,79.7300033569336,0.0,25010300,0.001124370389991267,1505613358.2298157
2018-12-27,53.697940826416016,0.0,80.91999816894531,0.0,80.97000122070312,80.37999725341797,80.48999786376953,0.0,31806100,0.0012053943465211924,1517135545.6409395
2018-12-28,53.77754974365234,0.0,81.04000091552734,0.0,81.31999969482422,80.8499984741211,80.98999786376953,0.0,30106400,0.0012053943465211924,1527139196.4063735
2018-12-31,53.8173713684082,0.0,81.0999984741211,0.0,81.33000183105469,81.08999633789062,81.19000244140625,0.0,14153600,0.0012911913660657783,1524465929.473441
2019-01-02,53.74436569213867,0.0,80.98999786376953,0.0,81.11000061035156,80.6500015258789,80.72000122070312,0.0,26977400,0.0012215649246742218,1526708430.1699562
2019-01-03,53.77091217041016,0.0,81.02999877929688,0.0,81.16000366210938,80.77999877929688,80.91000366210938,0.0,32776600,0.0012774261300842376,1540991188.54094
2019-01-04,54.67340087890625,0.0,82.38999938964844,0.0,82.5,81.56999969482422,81.66999816894531,0.0,38754000,0.001180194154189513,1557733591.6725037
2019-01-07,55.20427703857422,0.0,83.19000244140625,0.0,83.19000244140625,82.56999969482422,82.58000183105469,0.0,38127600,0.001180194154189513,1576378260.88229
2019-01-08,55.562625885009766,0.0,83.7300033569336,0.0,83.73999786376953,83.26000213623047,83.38999938964844,0.0,30795000,0.0011783791617354085,1589030685.8975365
2019-01-09,55.62895965576172,0.0,83.83000183105469,0.0,84.01000213623047,83.79000091552734,83.8499984741211,0.0,40909400,0.0011783791617354085,1611139421.3635156
2019-01-10,55.84798812866211,0.0,84.16000366210938,0.0,84.20999908447266,83.55000305175781,83.66000366210938,0.0,50520000,0.0012297329402046167,1635326037.4642024
2019-01-11,55.66880035400391,0.0,83.88999938964844,0.0,83.9800033569336,83.77999877929688,83.81999969482422,0.0,19793300,0.0012036013554912177,1641487464.1754394
2019-01-14,55.48963165283203,0.0,83.62000274658203,0.0,83.7699966430664,83.55000305175781,83.66999816894531,0.0,20137700,0.001138698095977704,1648152339.0983884
2019-01-15,55.67542266845703,0.0,83.9000015258789,0.0,83.94000244140625,83.55000305175781,83.62000274658203,0.0,24799000,0.0012221253429937936,1659258632.0232997
2019-01-16,55.76168441772461,0.0,84.02999877929688,0.0,84.13999938964844,83.95999908447266,84.01000213623047,0.0,26508100,0.0012221253429937936,1669655238.459893
2019-01-17,55.91435623168945,0.0,84.26000213623047,0.0,84.29000091552734,83.88999938964844,83.94000244140625,0.0,24574400,0.0012776349622527078,1677364746.6284192
2019-01-18,56.07357025146485,0.0,84.5,0.0,84.66999816894531,84.38999938964844,84.41999816894531,0.0,36236400,0.0012776349622527078,1696974659.7502632
2019-01-22,55.70198822021485,0.0,83.94000244140625,0.0,84.33999633789062,83.83000183105469,84.33000183105469,0.0,25504200,0.0012776349622527078,1707626037.5648923
2019-01-23,55.8148078918457,0.0,84.11000061035156,0.0,84.2300033569336,83.87000274658203,84.05999755859375,0.0,18529400,0.001047644546457612,1714928219.6650975
2019-01-24,55.8745002746582,0.0,84.19999694824219,0.0,84.22000122070312,83.94000244140625,84.08000183105469,0.0,17875500,0.0011855289500014154,1718838646.1418636
2019-01-25,56.01386260986328,0.0,84.41000366210938,0.0,84.48999786376953,84.33999633789062,84.36000061035156,0.0,16775200,0.0009250299849105099,1722341430.6733813
2019-01-28,55.92759323120117,0.0,84.27999877929688,0.0,84.33000183105469,84.06999969482422,84.19000244140625,0.0,14694100,0.0007497681192842657,1725872249.1140153
2019-01-29,55.89442443847656,0.0,84.2300033569336,0.0,84.3499984741211,84.02999877929688,84.3499984741211,0.0,18717000,0.0008820960623463619,1731013064.5206814
2019-01-30,56.33904266357422,0.0,84.9000015258789,0.0,85.02999877929688,84.33000183105469,84.33999633789062,0.0,25993500,0.0007962990428017761,1742798058.16476
2019-01-31,56.47838973999024,0.0,85.11000061035156,0.0,85.23999786376953,84.87999725341797,84.87999725341797,0.0,27070400,0.0007962990428017761,1753763610.4751406
2019-02-01,56.45105743408203,0.0,84.68000030517578,0.389,84.76000213623047,84.54000091552734,84.66000366210938,0.0,24749900,0.0007550922053260302,1754526806.8235004
2019-02-04,56.58437728881836,0.0,84.87999725341797,0.0,84.93000030517578,84.61000061035156,84.69000244140625,0.0,15968400,0.0007550922053260302,1757793832.8736925
2019-02-05,56.78439331054688,0.0,85.18000030517578,0.0,85.2699966430664,84.93000030517578,84.94000244140625,0.0,33188300,0.0007550922053260302,1775495765.019002
2019-02-06,56.73106002807617,0.0,85.0999984741211,0.0,85.20999908447266,85.0199966430664,85.11000061035156,0.0,25936800,0.0008252662998222563,1787872835.0732288
2019-02-07,56.53770446777344,0.0,84.80999755859375,0.0,84.9000015258789,84.66000366210938,84.83000183105469,0.0,27119400,0.0008252662998222563,1800377833.5252974
2019-02-08,56.52438735961914,0.0,84.79000091552734,0.0,84.80999755859375,84.58000183105469,84.70999908447266,0.0,16728100,0.0007915958857616092,1804730656.3009474
2019-02-11,56.55102157592773,0.0,84.83000183105469,0.0,84.87000274658203,84.69999694824219,84.7699966430664,0.0,10051800,0.0007491213862000336,1807158718.353229
2019-02-12,56.82434844970703,0.0,85.23999786376953,0.0,85.2699966430664,85.06999969482422,85.08000183105469,0.0,20174000,0.0007491213862000336,1814348956.334862
2019-02-13,56.744388580322266,0.0,85.12000274658203,0.0,85.30999755859375,85.05000305175781,85.29000091552734,0.0,25088400,0.0007621124403480415,1824159369.7294629
2019-02-14,56.75102233886719,0.0,85.12999725341797,0.0,85.22000122070312,84.86000061035156,84.9800033569336,0.0,19406700,0.0007621124403480414,1830605920.8319104
2019-02-15,56.931034088134766,0.0,85.4000015258789,0.0,85.45999908447266,85.27999877929688,85.27999877929688,0.0,24052000,0.0007066028210891271,1836904686.1161308
2019-02-19,56.95102691650391,0.0,85.43000030517578,0.0,85.4800033569336,85.26000213623047,85.30000305175781,0.0,11317700,0.0007974551402360053,1834393830.4494586
2019-02-20,56.9976921081543,0.0,85.5,0.0,85.55000305175781,85.33000183105469,85.45999908447266,0.0,9925700,0.0008273169380816931,1830694455.052712
2019-02-21,56.944374084472656,0.0,85.41999816894531,0.0,85.52999877929688,85.3499984741211,85.44999694824219,0.0,15479800,0.0007539402124736807,1835603892.201021
2019-02-22,57.05769729614258,0.0,85.58999633789062,0.0,85.66999816894531,85.48999786376953,85.5199966430664,0.0,12330300,0.0006224939745731419,1837629295.7434216
2019-02-25,57.10434722900391,0.0,85.66000366210938,0.0,85.83000183105469,85.62000274658203,85.70999908447266,0.0,13698200,0.0006224939745731419,1841262788.6314332
2019-02-26,57.17768478393555,0.0,85.7699966430664,0.0,85.87000274658203,85.66999816894531,85.72000122070312,0.0,16049300,0.0006928753429002817,1846882714.5608084
2019-02-27,57.19768905639648,0.0,85.80000305175781,0.0,85.86000061035156,85.7300033569336,85.80000305175781,0.0,14818900,0.0006147515533377814,1851860464.2092931
2019-02-28,57.164337158203125,0.0,85.75,0.0,85.83000183105469,85.69999694824219,85.77999877929688,0.0,21340600,0.0006483073854898676,1862556033.5153186
2019-03-01,57.326393127441406,0.0,85.61000061035156,0.382,85.66000366210938,85.5,85.55000305175781,0.0,26455300,0.0006483073854898676,1874926966.5763733
2019-03-04,57.23934173583984,0.0,85.4800033569336,0.0,85.75,85.33999633789062,85.70999908447266,0.0,16034400,0.0006028078598272186,1880732785.4976897
2019-03-05,57.21257400512695,0.0,85.44000244140625,0.0,85.48999786376953,85.36000061035156,85.4800033569336,0.0,14510100,0.0006312699537864288,1884766089.8978884
2019-03-06,57.11878967285156,0.0,85.30000305175781,0.0,85.41999816894531,85.26000213623047,85.4000015258789,0.0,16806400,0.0006312699537864288,1889584988.4490664
2019-03-07,57.07862091064453,0.0,85.23999786376953,0.0,85.33999633789062,85.08000183105469,85.33000183105469,0.0,28101100,0.0005610958592902027,1897679347.6006765
2019-03-08,56.98488235473633,0.0,85.0999984741211,0.0,85.12000274658203,84.80999755859375,84.9800033569336,0.0,21043400,0.0005610958592902027,1902796692.5813947
2019-03-11,57.17236709594727,0.0,85.37999725341797,0.0,85.38999938964844,85.05000305175781,85.06999969482422,0.0,17922400,0.0005434124948816416,1905996282.468275
2019-03-12,57.27281188964844,0.0,85.52999877929688,0.0,85.58000183105469,85.29000091552734,85.30999755859375,0.0,20180500,0.0005434124948816416,1911278237.9296257
2019-03-13,57.426849365234375,0.0,85.76000213623047,0.0,85.7699966430664,85.55999755859375,85.58000183105469,0.0,24524800,0.0005434124948816416,1923201549.1055806
2019-03-14,57.38665390014648,0.0,85.69999694824219,0.0,85.83000183105469,85.68000030517578,85.72000122070312,0.0,12342500,0.00044699419371754394,1919396074.353657
2019-03-15,57.44023895263672,0.0,85.77999877929688,0.0,85.87999725341797,85.75,85.76000213623047,0.0,21775300,0.0005152388896063519,1924626376.638116
2019-03-18,57.42013931274414,0.0,85.75,0.0,85.83000183105469,85.66999816894531,85.79000091552734,0.0,10498900,0.0005152388896063519,1924668979.217481
2019-03-19,57.4536247253418,0.0,85.80000305175781,0.0,85.95999908447266,85.75,85.80999755859375,0.0,14067200,0.0004243865704594736,1925378692.941502
2019-03-20,57.70139694213867,0.0,86.16999816894531,0.0,86.30000305175781,85.6500015258789,85.80999755859375,0.0,31184400,0.000441097644111704,1937612841.8500688
2019-03-21,57.68798065185547,0.0,86.1500015258789,0.0,86.26000213623047,86.04000091552734,86.05999755859375,0.0,16400700,0.0004009748284315733,1935215009.227468
2019-03-22,57.48040390014648,0.0,85.83999633789062,0.0,86.05000305175781,85.75,86.0199966430664,0.0,27030400,0.0003945366627883088,1943741419.9345543
2019-03-25,57.46030044555664,0.0,85.80999755859375,0.0,85.91000366210938,85.6500015258789,85.77999877929688,0.0,23592100,0.0003945366627883088,1949297691.3841732
2019-03-26,57.60092926025391,0.0,86.0199966430664,0.0,86.1500015258789,85.88999938964844,85.94999694824219,0.0,18762700,0.0003241552944611691,1954600859.6892705
2019-03-27,57.6411018371582,0.0,86.08000183105469,0.0,86.23999786376953,85.87999725341797,86.06999969482422,0.0,16706700,0.0003879743371885318,1959016244.7512429
2019-03-28,57.754974365234375,0.0,86.25,0.0,86.25,86.04000091552734,86.08999633789062,0.0,19706700,0.000419904257089253,1963455191.2541466
2019-03-29,57.90226745605469,0.0,86.47000122070312,0.0,86.52999877929688,86.30000305175781,86.31999969482422,0.0,22358900,0.000419904257089253,1965452574.0357656
2019-04-01,57.88815689086914,0.0,86.06999969482422,0.379,86.27999877929688,86.05000305175781,86.20999908447266,0.0,21353900,0.0004267281309304488,1974557208.0075643
2019-04-02,57.91504287719727,0.0,86.11000061035156,0.0,86.13999938964844,85.94000244140625,86.08999633789062,0.0,15129300,0.00039826603697123845,1973175773.9005983
2019-04-03,57.935245513916016,0.0,86.13999938964844,0.0,86.30999755859375,86.0999984741211,86.19999694824219,0.0,13746500,0.00039826603697123845,1967117659.8747556
2019-04-04,58.02263641357422,0.0,86.2699966430664,0.0,86.27999877929688,86.12999725341797,86.1500015258789,0.0,14435700,0.00046557837741661626,1967709495.564924
2019-04-05,58.13027572631836,0.0,86.43000030517578,0.0,86.5,86.33999633789062,86.36000061035156,0.0,14227000,0.00046557837741661626,1965230194.0914457
2019-04-08,58.09664535522461,0.0,86.37999725341797,0.0,86.41000366210938,86.30999755859375,86.38999938964844,0.0,11472100,0.0004916911969365743,1956139087.6698692
2019-04-09,58.05628967285156,0.0,86.31999969482422,0.0,86.41999816894531,86.2699966430664,86.33000183105469,0.0,19118700,0.0005340102609665806,1952269457.603824
2019-04-10,58.31186294555664,0.0,86.69999694824219,0.0,86.69999694824219,86.43000030517578,86.43000030517578,0.0,16767000,0.0005340102609665806,1955113709.1591911
2019-04-11,58.39929962158203,0.0,86.83000183105469,0.0,86.86000061035156,86.6500015258789,86.69000244140625,0.0,20976100,0.0005340102609665806,1956384781.4055429
2019-04-12,58.48673248291016,0.0,86.95999908447266,0.0,87.01000213623047,86.79000091552734,86.93000030517578,0.0,17442800,0.00046576556507777253,1951493925.6933
2019-04-15,58.446380615234375,0.0,86.9000015258789,0.0,86.94999694824219,86.83000183105469,86.94999694824219,0.0,13940000,0.0005082668182886353,1935788649.7108884
2019-04-16,58.41277313232422,0.0,86.8499984741211,0.0,86.97000122070312,86.81999969482422,86.95999908447266,0.0,11543800,0.0005667428460237272,1922202945.9310803
2019-04-17,58.27152633666992,0.0,86.63999938964844,0.0,86.94000244140625,86.62999725341797,86.94000244140625,0.0,11818600,0.0005262355414358415,1919079864.9214911
2019-04-18,58.29841232299805,0.0,86.68000030517578,0.0,86.79000091552734,86.58000183105469,86.79000091552734,0.0,15295500,0.0004957043650869826,1916757454.8479292
2019-04-22,58.19753646850586,0.0,86.52999877929688,0.0,86.66000366210938,86.5199966430664,86.62000274658203,0.0,24591400,0.0004990374910755443,1920972610.0474343
2019-04-23,58.39929962158203,0.0,86.83000183105469,0.0,86.87999725341797,86.58999633789062,86.63999938964844,0.0,15094100,0.0005297713135528454,1912078529.4471195
2019-04-24,58.31857681274414,0.0,86.70999908447266,0.0,86.8499984741211,86.69999694824219,86.8499984741211,0.0,11938800,0.0005805208414010073,1906409719.491777
2019-04-25,58.34552001953125,0.0,86.75,0.0,86.80999755859375,86.56999969482422,86.69999694824219,0.0,14369000,0.0004666837331675708,1906157117.9620712
2019-04-26,58.493431091308594,0.0,86.97000122070312,0.0,86.9800033569336,86.8499984741211,86.8499984741211,0.0,11937200,0.0004011979811147633,1900338693.6274028
2019-04-29,58.466556549072266,0.0,86.93000030517578,0.0,87.0,86.93000030517578,86.94999694824219,0.0,7601200,0.0004011979811147633,1889614509.7238026
2019-04-30,58.47328567504883,0.0,86.94000244140625,0.0,87.04000091552734,86.91999816894531,86.97000122070312,0.0,11168100,0.000378184539773678,1877501815.011518
2019-05-01,58.28147888183594,0.0,86.29000091552734,0.366,86.87000274658203,86.27999877929688,86.58999633789062,0.0,24574300,0.000378184539773678,1875998516.0784826
2019-05-02,58.32198333740234,0.0,86.3499984741211,0.0,86.4800033569336,86.18000030517578,86.36000061035156,0.0,24936600,0.000378184539773678,1877473903.5886068
2019-05-03,58.47059631347656,0.0,86.56999969482422,0.0,86.5999984741211,86.47000122070312,86.5199966430664,0.0,18522700,0.0003484899107179533,1874063015.6134408
2019-05-06,58.497596740722656,0.0,86.61000061035156,0.0,86.62000274658203,86.0,86.18000030517578,0.0,18893700,0.0003672482316314844,1871620896.8729656
2019-05-07,58.14639663696289,0.0,86.08999633789062,0.0,86.44999694824219,85.94999694824219,86.4000015258789,0.0,30266300,0.0005877174074087542,1870139228.9544544
2019-05-08,58.16666030883789,0.0,86.12000274658203,0.0,86.30000305175781,86.02999877929688,86.0999984741211,0.0,27527500,0.0006410384064254404,1875794695.4279218
2019-05-09,58.078861236572266,0.0,85.98999786376953,0.0,86.05999755859375,85.68000030517578,85.98999786376953,0.0,30890400,0.0006410384064254404,1888643244.721997
2019-05-10,58.24094009399414,0.0,86.2300033569336,0.0,86.30999755859375,85.75,85.95999908447266,0.0,33782400,0.0007068402865254872,1901913849.6524265
2019-05-13,57.70738220214844,0.0,85.44000244140625,0.0,85.7699966430664,85.41999816894531,85.68000030517578,0.0,34801600,0.0008476075376481487,1907857686.431352
2019-05-14,57.835693359375,0.0,85.62999725341797,0.0,85.83000183105469,85.52999877929688,85.61000061035156,0.0,18128500,0.0009616317161397006,1906255022.7879539
2019-05-15,57.88973617553711,0.0,85.70999908447266,0.0,85.76000213623047,85.44000244140625,85.48999786376953,0.0,19543700,0.0009716962030454086,1905576898.568665
2019-05-16,58.065338134765625,0.0,85.97000122070312,0.0,86.11000061035156,85.80000305175781,85.83000183105469,0.0,29384100,0.0009656306361353765,1910774326.5893483
2019-05-17,58.04509353637695,0.0,85.94000244140625,0.0,86.0999984741211,85.79000091552734,85.79000091552734,0.0,27089400,0.0011117954340231604,1914033827.002401
2019-05-20,57.99103927612305,0.0,85.86000061035156,0.0,86.08000183105469,85.77999877929688,85.91999816894531,0.0,15780000,0.0012649410378698213,1895118334.22989
2019-05-21,58.17341613769531,0.0,86.12999725341797,0.0,86.1500015258789,85.98999786376953,85.98999786376953,0.0,15004300,0.0012903870338233613,1883942950.6928096
2019-05-22,58.22066879272461,0.0,86.19999694824219,0.0,86.19999694824219,85.97000122070312,86.08000183105469,0.0,14976200,0.0013100254818913441,1851289456.6944304
2019-05-23,57.930267333984375,0.0,85.7699966430664,0.0,85.98999786376953,85.66999816894531,85.95999908447266,0.0,18333400,0.001409670500052777,1839678377.3717306
2019-05-24,57.84918594360352,0.0,85.6500015258789,0.0,85.97000122070312,85.63999938964844,85.87000274658203,0.0,17611600,0.001563929625406122,1837266086.434216
2019-05-28,57.79516220092773,0.0,85.56999969482422,0.0,85.81999969482422,85.48999786376953,85.75,0.0,20544600,0.001563929625406122,1840287300.54575
2019-05-29,57.63982391357422,0.0,85.33999633789062,0.0,85.5199966430664,85.25,85.45999908447266,0.0,25441900,0.0015376586149865722,1851146464.9165199
2019-05-30,57.76140213012695,0.0,85.5199966430664,0.0,85.6500015258789,85.44000244140625,85.48999786376953,0.0,20311900,0.0015970577167764872,1851869509.6787226
2019-05-31,57.342655181884766,0.0,84.9000015258789,0.0,85.33999633789062,84.87999725341797,85.23999786376953,0.0,34947400,0.0015970577167764872,1865944144.6502323
2019-06-03,57.43488693237305,0.0,84.6500015258789,0.386,84.77999877929688,84.47000122070312,84.6500015258789,0.0,58940600,0.0015594400053868343,1889913190.3243291
2019-06-04,58.01164627075195,0.0,85.5,0.0,85.51000213623047,84.91000366210938,84.91000366210938,0.0,34113300,0.001540681684473303,1901142293.7146688
2019-06-05,58.1473503112793,0.0,85.69999694824219,0.0,85.72000122070312,85.43000030517578,85.58000183105469,0.0,28368700,0.001294099689176075,1910431388.3689334
2019-06-06,58.26947784423828,0.0,85.87999725341797,0.0,85.95999908447266,85.56999969482422,85.68000030517578,0.0,23538600,0.0011984596261293825,1908482672.5021908
2019-06-07,58.418739318847656,0.0,86.0999984741211,0.0,86.20999908447266,85.16000366210938,86.0,0.0,29934000,0.0012970203633336358,1907743142.9265401
2019-06-10,58.5069580078125,0.0,86.2300033569336,0.0,86.33999633789062,86.18000030517578,86.26000213623047,0.0,17482200,0.0012312184832335893,1901487818.6628795
2019-06-11,58.588340759277344,0.0,86.3499984741211,0.0,86.66000366210938,86.22000122070312,86.51000213623047,0.0,34293700,0.0010904512321109278,1905990790.8355167
2019-06-12,58.452667236328125,0.0,86.1500015258789,0.0,86.3499984741211,86.12999725341797,86.33000183105469,0.0,18195500,0.0009339258004085131,1903014918.4868464
2019-06-13,58.588340759277344,0.0,86.3499984741211,0.0,86.41000366210938,86.25,86.30000305175781,0.0,19438500,0.0009382291344310987,1903653815.0878057
2019-06-14,58.54767227172852,0.0,86.29000091552734,0.0,86.36000061035156,86.22000122070312,86.31999969482422,0.0,8842000,0.0009698470391311797,1898091073.5480778
2019-06-17,58.45943069458008,0.0,86.16000366210938,0.0,86.29000091552734,86.12000274658203,86.23999786376953,0.0,10554000,0.0008035583480481438,1894796873.966895
2019-06-18,58.86655044555664,0.0,86.76000213623047,0.0,86.7699966430664,86.54000091552734,86.56999969482422,0.0,22540400,0.0006695011120739695,1899495133.3010356
2019-06-19,59.14474105834961,0.0,87.16999816894531,0.0,87.19000244140625,86.55000305175781,86.69999694824219,0.0,28212600,0.0006553212929405092,1903194283.9842114
2019-06-20,59.44329452514648,0.0,87.61000061035156,0.0,87.6500015258789,87.29000091552734,87.43000030517578,0.0,48362000,0.0005849333170243642,1920350311.4383454
2019-06-21,59.253265380859375,0.0,87.33000183105469,0.0,87.44999694824219,87.33000183105469,87.37999725341797,0.0,22467800,0.0005079258214186883,1915224383.7760985
2019-06-24,59.24652099609375,0.0,87.31999969482422,0.0,87.37000274658203,87.27999877929688,87.33000183105469,0.0,13764100,0.00035366669606534294,1880739081.0281117
2019-06-25,58.99546813964844,0.0,86.94999694824219,0.0,87.30999755859375,86.88999938964844,87.30999755859375,0.0,26173600,0.00035366669606534294,1862955322.3070478
2019-06-26,58.96833419799805,0.0,86.91000366210938,0.0,87.16000366210938,86.87999725341797,87.12000274658203,0.0,19554600,0.0004574653512175458,1864528165.492715
2019-06-27,59.13117218017578,0.0,87.1500015258789,0.0,87.19999694824219,87.0199966430664,87.05999755859375,0.0,12995100,0.0004714301647163969,1857444347.741118
2019-06-28,59.15152740478516,0.0,87.18000030517578,0.0,87.25,87.1500015258789,87.19999694824219,0.0,14690800,0.0004714301647163969,1847182398.4928796
2019-07-01,59.16923904418945,0.0,86.81999969482422,0.386,87.26000213623047,86.80000305175781,87.12999725341797,0.0,26036100,0.00048627439118703857,1845758839.0523336
2019-07-02,59.29873275756836,0.0,87.01000213623047,0.0,87.05999755859375,86.83999633789062,86.87999725341797,0.0,20683200,0.0005556407280064562,1850931762.368054
2019-07-03,59.52364349365234,0.0,87.33999633789062,0.0,87.38999938964844,87.02999877929688,87.05000305175781,0.0,16237900,0.0005556407280064562,1844846989.0201569
2019-07-05,59.28506088256836,0.0,86.98999786376953,0.0,87.08999633789062,86.8499984741211,87.08000183105469,0.0,17591400,0.0006561977748980001,1835913560.3727856
2019-07-08,59.16923904418945,0.0,86.81999969482422,0.0,86.94999694824219,86.80999755859375,86.94999694824219,0.0,16679400,0.0006102259792720615,1822065651.377257
2019-07-09,59.1010856628418,0.0,86.72000122070312,0.0,86.80000305175781,86.69999694824219,86.76000213623047,0.0,19189100,0.0006102259792720615,1810099331.046616
2019-07-10,59.26462936401367,0.0,86.95999908447266,0.0,87.08000183105469,86.88999938964844,86.93000030517578,0.0,24497000,0.0006167861647058464,1806542137.7465808
2019-07-11,59.14878845214844,0.0,86.79000091552734,0.0,87.01000213623047,86.66999816894531,87.01000213623047,0.0,19191200,0.0006167861647058464,1792543480.5137453
2019-07-12,59.24419784545898,0.0,86.93000030517578,0.0,86.94000244140625,86.72000122070312,86.79000091552734,0.0,21291200,0.0006342708508669977,1773488564.9382515
2019-07-15,59.28506088256836,0.0,86.98999786376953,0.0,87.06999969482422,86.86000061035156,86.91000366210938,0.0,10735200,0.0006026529461669167,1767721859.3838706
2019-07-16,59.16241836547852,0.0,86.80999755859375,0.0,86.9800033569336,86.7300033569336,86.9800033569336,0.0,20147200,0.0006026529461669167,1768238239.1735742
2019-07-17,59.08745574951172,0.0,86.69999694824219,0.0,86.87999725341797,86.69000244140625,86.87999725341797,0.0,9361300,0.0006136257145220711,1758166719.6782672
2019-07-18,59.11473846435547,0.0,86.73999786376953,0.0,86.76000213623047,86.51000213623047,86.70999908447266,0.0,17236600,0.0005716257152246905,1752354235.8412607
2019-07-19,59.012481689453125,0.0,86.58999633789062,0.0,86.77999877929688,86.55999755859375,86.73999786376953,0.0,14771000,0.0006593955916545042,1746071552.0270574
2019-07-22,59.21014404296875,0.0,86.87999725341797,0.0,86.87999725341797,86.6500015258789,86.69000244140625,0.0,12852800,0.0007137320184969849,1730632468.127841
2019-07-23,59.31233215332031,0.0,87.02999877929688,0.0,87.05999755859375,86.8499984741211,86.94999694824219,0.0,14051800,0.0007137320184969849,1723347591.354673
2019-07-24,59.36009216308594,0.0,87.0999984741211,0.0,87.11000061035156,86.98999786376953,87.01000213623047,0.0,12713700,0.0007137320184969849,1719767078.6982522
2019-07-25,59.27828979492188,0.0,86.9800033569336,0.0,87.1500015258789,86.91000366210938,87.1500015258789,0.0,14272500,0.0006492094446419793,1717674261.654312
2019-07-26,59.40774917602539,0.0,87.16999816894531,0.0,87.19000244140625,87.08000183105469,87.12000274658203,0.0,8512700,0.0006091410121092492,1712325510.4636784
2019-07-29,59.31917572021485,0.0,87.04000091552734,0.0,87.16000366210938,86.95999908447266,87.1500015258789,0.0,14731800,0.0006205582714873333,1712673424.3956187
2019-07-30,59.346435546875,0.0,87.08000183105469,0.0,87.08999633789062,86.83999633789062,86.9000015258789,0.0,13794100,0.0006059139606626793,1709694513.9228094
2019-07-31,59.24419784545898,0.0,86.93000030517578,0.0,87.26000213623047,86.58000183105469,87.1500015258789,0.0,23449700,0.0005982848111121075,1708358277.7203758
2019-08-01,59.21477127075195,0.0,86.5199966430664,0.367,86.98999786376953,86.48999786376953,86.55000305175781,0.0,28839000,0.0007013980669565923,1709875646.1542401
2019-08-02,59.12582015991211,0.0,86.38999938964844,0.0,86.48999786376953,86.18000030517578,86.48999786376953,0.0,23559600,0.0006008410200650483,1709395426.2341394
2019-08-05,58.50984191894531,0.0,85.48999786376953,0.0,85.87000274658203,85.3499984741211,85.87000274658203,0.0,47727900,0.0005482520784867335,1731021301.7968435
2019-08-06,58.88624572753906,0.0,86.04000091552734,0.0,86.12000274658203,85.66999816894531,85.87000274658203,0.0,28695000,0.0006858116501668569,1728179543.2424212
2019-08-07,58.87944793701172,0.0,86.02999877929688,0.0,86.12999725341797,85.44999694824219,85.69000244140625,0.0,38028500,0.000869361759395567,1736626925.5293648
2019-08-08,59.11208724975586,0.0,86.37000274658203,0.0,86.41999816894531,86.05000305175781,86.05000305175781,0.0,27074700,0.000869361759395567,1736932049.8593042
2019-08-09,59.030006408691406,0.0,86.25,0.0,86.3499984741211,86.08000183105469,86.22000122070312,0.0,19090800,0.0009022680387974636,1738743207.682201
2019-08-12,58.82465744018555,0.0,85.94999694824219,0.0,86.13999938964844,85.87999725341797,86.01000213623047,0.0,17466700,0.0009230492308676362,1743890577.5178394
2019-08-13,59.08473205566406,0.0,86.33000183105469,0.0,86.41000366210938,85.87999725341797,85.94000244140625,0.0,30078600,0.001007851371201068,1750851322.5668225
2019-08-14,58.5577507019043,0.0,85.55999755859375,0.0,85.97000122070312,85.5,85.94000244140625,0.0,29745300,0.001196552654461177,1754101188.586444
2019-08-15,58.72884750366211,0.0,85.80999755859375,0.0,85.9000015258789,85.6500015258789,85.70999908447266,0.0,27296500,0.0012844391802404398,1759579127.3218427
2019-08-16,58.92733383178711,0.0,86.0999984741211,0.0,86.12999725341797,85.94000244140625,85.94000244140625,0.0,15780200,0.0011966693038106262,1754060352.3950243
2019-08-19,59.098411560058594,0.0,86.3499984741211,0.0,86.36000061035156,86.22000122070312,86.26000213623047,0.0,13603000,0.0011155092664188663,1755709145.3695447
2019-08-20,59.14635467529297,0.0,86.41999816894531,0.0,86.47000122070312,86.25,86.38999938964844,0.0,16126800,0.001130585942928105,1760034785.6589968
2019-08-21,59.39955520629883,0.0,86.79000091552734,0.0,86.8499984741211,86.58000183105469,86.63999938964844,0.0,18334300,0.001130585942928105,1762169304.9139962
2019-08-22,59.509071350097656,0.0,86.94999694824219,0.0,87.02999877929688,86.75,86.94000244140625,0.0,20677200,0.001091309861630908,1768062417.1763222
2019-08-23,59.235294342041016,0.0,86.55000305175781,0.0,87.13999938964844,86.4800033569336,86.79000091552734,0.0,30340300,0.0011370470715633388,1779590712.3781235
2019-08-26,59.52961730957031,0.0,86.9800033569336,0.0,86.9800033569336,86.73999786376953,86.81999969482422,0.0,14187800,0.0011846106938743898,1778459811.461488
2019-08-27,59.502227783203125,0.0,86.94000244140625,0.0,87.18000030517578,86.79000091552734,87.1500015258789,0.0,14722700,0.0012093679947839987,1778527509.1497452
2019-08-28,59.64595031738281,0.0,87.1500015258789,0.0,87.19000244140625,86.88999938964844,86.91999816894531,0.0,13576000,0.0012752229217920922,1773394112.0919304
2019-08-29,59.70755386352539,0.0,87.23999786376953,0.0,87.41000366210938,87.19000244140625,87.33999633789062,0.0,16271400,0.0011721096659476076,1766685212.5053709
2019-08-30,59.65278625488281,0.0,87.16000366210938,0.0,87.38999938964844,86.97000122070312,87.37999725341797,0.0,14413600,0.001219238271507497,1765777822.528845
2019-09-03,59.48165893554688,0.0,86.54000091552734,0.371,86.72000122070312,86.38999938964844,86.72000122070312,0.0,20561500,0.001219238271507497,1770060753.0796354
2019-09-04,59.60539627075195,0.0,86.72000122070312,0.0,86.75,86.58999633789062,86.69000244140625,0.0,13526700,0.0011328490352151682,1767992891.7242625
2019-09-05,59.83907699584961,0.0,87.05999755859375,0.0,87.12999725341797,86.77999877929688,86.80000305175781,0.0,23399100,0.0009427387405526733,1765149938.4298475
2019-09-06,59.89405822753906,0.0,87.13999938964844,0.0,87.30000305175781,87.04000091552734,87.18000030517578,0.0,25162700,0.0009427387405526733,1768339496.8008919
2019-09-09,59.95591354370117,0.0,87.2300033569336,0.0,87.26000213623047,87.0199966430664,87.19000244140625,0.0,17484200,0.000921781758736937,1768299277.4510398
2019-09-10,59.99027633666992,0.0,87.27999877929688,0.0,87.30999755859375,87.0999984741211,87.23999786376953,0.0,14055800,0.0009410163119159019,1764336992.264345
2019-09-11,59.98340606689453,0.0,87.2699966430664,0.0,87.30000305175781,87.16999816894531,87.2300033569336,0.0,13999200,0.0009073761625022082,1757340668.7454164
2019-09-12,60.01777648925781,0.0,87.31999969482422,0.0,87.43000030517578,87.25,87.33999633789062,0.0,23246400,0.0006852806170258964,1765055934.051544
2019-09-13,59.90780258178711,0.0,87.16000366210938,0.0,87.30999755859375,87.11000061035156,87.16999816894531,0.0,34407300,0.0005973940912466335,1774032562.5165
2019-09-16,60.12089157104492,0.0,87.47000122070312,0.0,87.4800033569336,87.18000030517578,87.30000305175781,0.0,23020800,0.0006120169434757933,1782868663.5411158
2019-09-17,60.155250549316406,0.0,87.5199966430664,0.0,87.52999877929688,87.33999633789062,87.5,0.0,14626400,0.0006190511136720888,1783449113.350405
2019-09-18,60.12089157104492,0.0,87.47000122070312,0.0,87.54000091552734,87.19000244140625,87.45999908447266,0.0,15913800,0.0006705368854511156,1773169910.2910905
2019-09-19,60.05213165283203,0.0,87.37000274658203,0.0,87.54000091552734,87.33000183105469,87.41999816894531,0.0,13327000,0.0007507848266708064,1771197368.2004414
2019-09-20,60.12775039672852,0.0,87.4800033569336,0.0,87.51000213623047,87.33999633789062,87.4000015258789,0.0,23298400,0.0008338971818065803,1768958119.5750403
2019-09-23,60.10025787353516,0.0,87.44000244140625,0.0,87.51000213623047,87.38999938964844,87.41000366210938,0.0,15456800,0.0008074252501520949,1763617679.7840421
2019-09-24,60.01777648925781,0.0,87.31999969482422,0.0,87.52999877929688,87.20999908447266,87.5199966430664,0.0,21934200,0.000778456362655637,1766009163.4847672
2019-09-25,59.95591354370117,0.0,87.2300033569336,0.0,87.29000091552734,87.02999877929688,87.25,0.0,15142100,0.0007534991461000404,1765078470.3676255
2019-09-26,59.91466522216797,0.0,87.16999816894531,0.0,87.26000213623047,87.04000091552734,87.2300033569336,0.0,13873100,0.0007375385258160708,1761186527.7215745
2019-09-27,59.845970153808594,0.0,87.06999969482422,0.0,87.2300033569336,87.0,87.16000366210938,0.0,13419200,0.0008182682965513265,1755115381.924838
2019-09-30,59.91466522216797,0.0,87.16999816894531,0.0,87.16999816894531,87.0199966430664,87.05999755859375,0.0,21827700,0.0008329530176205476,1755629591.4688776
2019-10-01,59.77664566040039,0.0,86.62000274658203,0.35,86.86000061035156,86.55000305175781,86.83999633789062,0.0,27665700,0.0008805692040028126,1764309107.1653216
2019-10-02,59.4246711730957,0.0,86.11000061035156,0.0,86.58000183105469,86.04000091552734,86.56999969482422,0.0,33789500,0.0008293988686150179,1778003475.133684
2019-10-03,59.45920181274414,0.0,86.16000366210938,0.0,86.23999786376953,85.75,86.12000274658203,0.0,30387800,0.0008293988686150179,1788899071.7110105
2019-10-04,59.64556503295898,0.0,86.43000030517578,0.0,86.44000244140625,86.19999694824219,86.2699966430664,0.0,17588600,0.0008293988686150179,1791204969.242962
2019-10-07,59.59720993041992,0.0,86.36000061035156,0.0,86.48999786376953,86.25,86.37000274658203,0.0,14542500,0.0007962001889423774,1793307591.007923
2019-10-08,59.37640380859375,0.0,86.04000091552734,0.0,86.31999969482422,86.04000091552734,86.2699966430664,0.0,15471500,0.0007561844436932397,1790774588.5952177
2019-10-09,59.55581665039063,0.0,86.30000305175781,0.0,86.37999725341797,86.25,86.2699966430664,0.0,11351300,0.0007452971033807917,1787012036.022283
2019-10-10,59.63173294067383,0.0,86.41000366210938,0.0,86.4800033569336,86.30000305175781,86.31999969482422,0.0,11092800,0.0007452971033807917,1780164211.3176377
2019-10-11,59.880165100097656,0.0,86.7699966430664,0.0,86.83000183105469,86.56999969482422,86.63999938964844,0.0,18661400,0.0007452971033807917,1780977098.1694176
2019-10-14,59.92156600952149,0.0,86.83000183105469,0.0,86.87000274658203,86.69000244140625,86.7699966430664,0.0,9842600,0.0007532310070547147,1778145724.7944303
2019-10-15,60.052696228027344,0.0,87.0199966430664,0.0,87.06999969482422,86.80000305175781,86.83999633789062,0.0,26321500,0.0007461968368584191,1788367294.867882
2019-10-16,60.00437545776367,0.0,86.94999694824219,0.0,87.01000213623047,86.94000244140625,86.98999786376953,0.0,11813000,0.0006920150177649994,1788392507.7025096
2019-10-17,60.08720779418945,0.0,87.06999969482422,0.0,87.0999984741211,87.0,87.01000213623047,0.0,14814300,0.0006285227808883951,1788107326.367678
2019-10-18,60.10099411010742,0.0,87.08999633789062,0.0,87.12999725341797,86.95999908447266,87.06999969482422,0.0,21363700,0.0005831683334723644,1785985665.5961113
2019-10-21,60.1217155456543,0.0,87.12000274658203,0.0,87.16999816894531,87.11000061035156,87.16000366210938,0.0,10090400,0.000530607572438383,1782560704.842746
2019-10-22,60.135528564453125,0.0,87.13999938964844,0.0,87.18000030517578,87.08000183105469,87.18000030517578,0.0,15464300,0.0005236133947276287,1785039639.41014
2019-10-23,60.19070816040039,0.0,87.22000122070312,0.0,87.2300033569336,87.08999633789062,87.1500015258789,0.0,9097500,0.0005541666714651747,1781444188.7046268
2019-10-24,60.25972366333008,0.0,87.31999969482422,0.0,87.31999969482422,87.16999816894531,87.26000213623047,0.0,14832800,0.000442535177472205,1783484044.203846
2019-10-25,60.30801010131836,0.0,87.38999938964844,0.0,87.41999816894531,87.30000305175781,87.30000305175781,0.0,11593600,0.00036180540673694933,1786280809.1134026
2019-10-28,60.30112838745117,0.0,87.37999725341797,0.0,87.44000244140625,87.36000061035156,87.4000015258789,0.0,10646500,0.00030581664992340957,1785958082.9188998
2019-10-29,60.19070816040039,0.0,87.22000122070312,0.0,87.4000015258789,87.19999694824219,87.37000274658203,0.0,10655700,0.00025820046354114453,1776504700.3594475
2019-10-30,60.11483001708984,0.0,87.11000061035156,0.0,87.27999877929688,87.0,87.2699966430664,0.0,24566400,0.00025820046354114453,1776399174.5423393
2019-10-31,59.90776824951172,0.0,86.80999755859375,0.0,87.0999984741211,86.79000091552734,87.08999633789062,0.0,24576400,0.00025820046354114453,1780605262.5633845
2019-11-01,60.16484832763672,0.0,86.81999969482422,0.361,86.91000366210938,86.58000183105469,86.58999633789062,0.0,23894100,0.00025820046354114453,1784082265.6282759
2019-11-04,60.28959274291992,0.0,87.0,0.0,87.05000305175781,86.94000244140625,86.9800033569336,0.0,14135800,0.00018912131080308785,1773163130.2619147
2019-11-05,60.22726058959961,0.0,86.91000366210938,0.0,87.08000183105469,86.81999969482422,87.06999969482422,0.0,21946800,0.00022006569252963924,1769486369.0933833
2019-11-06,60.15789794921875,0.0,86.80999755859375,0.0,86.91000366210938,86.77999877929688,86.91000366210938,0.0,8976900,0.00017979104192234925,1754589696.3717384
2019-11-07,60.13020706176758,0.0,86.7699966430664,0.0,86.9800033569336,86.75,86.94000244140625,0.0,15077600,0.00022733545675991023,1741853401.4192007
2019-11-08,60.185665130615234,0.0,86.8499984741211,0.0,86.87999725341797,86.63999938964844,86.76000213623047,0.0,11692800,0.00022733545675991023,1726314281.3651795
2019-11-11,60.1510124206543,0.0,86.80000305175781,0.0,86.83999633789062,86.68000030517578,86.7699966430664,0.0,4933600,0.00027216300682206295,1717392797.9512715
2019-11-12,60.16484832763672,0.0,86.81999969482422,0.0,86.88999938964844,86.7300033569336,86.75,0.0,14690200,0.000294792471446328,1714220676.129126
2019-11-13,60.10249328613281,0.0,86.7300033569336,0.0,86.7699966430664,86.68000030517578,86.7300033569336,0.0,15333600,0.000315217040354752,1704726486.1815438
2019-11-14,60.06783676147461,0.0,86.68000030517578,0.0,86.80000305175781,86.6500015258789,86.73999786376953,0.0,14965100,0.0003331559364904289,1696544833.5659149
2019-11-15,60.24806594848633,0.0,86.94000244140625,0.0,86.94999694824219,86.76000213623047,86.7699966430664,0.0,12996200,0.00032613133026068426,1694759268.8841503
2019-11-18,60.17180633544922,0.0,86.83000183105469,0.0,86.9000015258789,86.79000091552734,86.87000274658203,0.0,13135800,0.0003671677545466072,1693554992.8544908
2019-11-19,59.95697784423828,0.0,86.5199966430664,0.0,86.75,86.5199966430664,86.73999786376953,0.0,20175500,0.0003441499380646846,1697163213.4733472
2019-11-20,59.83223342895508,0.0,86.33999633789062,0.0,86.58000183105469,86.33000183105469,86.47000122070312,0.0,22566100,0.00031359666132713864,1700146557.4011605
2019-11-21,59.84609222412109,0.0,86.36000061035156,0.0,86.44999694824219,86.2699966430664,86.43000030517578,0.0,17853800,0.00031359666132713864,1700411800.3537314
2019-11-22,60.07479476928711,0.0,86.69000244140625,0.0,86.69000244140625,86.4000015258789,86.48999786376953,0.0,20394800,0.00031359666132713864,1700491354.6875546
2019-11-25,60.23417663574219,0.0,86.91999816894531,0.0,86.94000244140625,86.70999908447266,86.70999908447266,0.0,16885300,0.00030777209151156785,1694907692.7213094
2019-11-26,60.30345153808594,0.0,87.0199966430664,0.0,87.0199966430664,86.9000015258789,86.94999694824219,0.0,11469400,0.00030777209151156785,1689042562.0045133
2019-11-27,60.37968063354492,0.0,87.12999725341797,0.0,87.1500015258789,86.94999694824219,86.98999786376953,0.0,11814700,0.00030777209151156785,1673664629.1888342
2019-11-29,60.24806594848633,0.0,86.94000244140625,0.0,87.11000061035156,86.93000030517578,87.11000061035156,0.0,11519500,0.0004035715070989934,1642015291.7141323
2019-12-02,60.20698928833008,0.0,86.54000091552734,0.341,86.62999725341797,86.3499984741211,86.62999725341797,0.0,20966400,0.0004035715070989934,1633267237.1521904
2019-12-03,60.12350082397461,0.0,86.41999816894531,0.0,86.47000122070312,86.23999786376953,86.33999633789062,0.0,29757200,0.0004627344293828782,1634381678.9465344
2019-12-04,60.30437850952149,0.0,86.68000030517578,0.0,86.70999908447266,86.45999908447266,86.45999908447266,0.0,12406800,0.00043179004765632684,1626873159.2992086
2019-12-05,60.39480972290039,0.0,86.80999755859375,0.0,86.80999755859375,86.58000183105469,86.73999786376953,0.0,18158900,0.00043179004765632684,1618929164.9368467
2019-12-06,60.47831726074219,0.0,86.93000030517578,0.0,87.01000213623047,86.8499984741211,86.94999694824219,0.0,16094700,0.0003842456328187659,1618069022.962443
2019-12-09,60.47831726074219,0.0,86.93000030517578,0.0,87.0,86.9000015258789,86.9000015258789,0.0,18034300,0.00042405122523369085,1607009187.738885
2019-12-10,60.62440872192383,0.0,87.13999938964844,0.0,87.1500015258789,86.9000015258789,86.93000030517578,0.0,15117100,0.00038342330046943154,1605023169.7389572
2019-12-11,60.7496452331543,0.0,87.31999969482422,0.0,87.33999633789062,87.08999633789062,87.16000366210938,0.0,14127500,0.0003607938358451665,1601492208.233794
2019-12-12,60.8887825012207,0.0,87.5199966430664,0.0,87.61000061035156,87.33000183105469,87.36000061035156,0.0,18958100,0.00032798863774189665,1608605197.6009672
2019-12-13,60.951416015625,0.0,87.61000061035156,0.0,87.6500015258789,87.5,87.55000305175781,0.0,18088100,0.0002932940372631332,1613965243.4215243
2019-12-16,61.069671630859375,0.0,87.77999877929688,0.0,87.83000183105469,87.69999694824219,87.73999786376953,0.0,17517400,0.0002625607357731345,1610648356.1077542
2019-12-17,61.25753402709961,0.0,88.05000305175781,0.0,88.05000305175781,87.79000091552734,87.79000091552734,0.0,18650700,0.00022152431148721147,1604163450.5647085
2019-12-18,61.36880874633789,0.0,88.20999908447266,0.0,88.25,88.05999755859375,88.08999633789062,0.0,31575700,0.00022152431148721147,1592642003.0930717
2019-12-19,61.3366813659668,0.0,87.8499984741211,0.314,87.93000030517578,87.72000122070312,87.91000366210938,0.0,29429300,0.00026698540983594217,1597588439.1641405
2019-12-20,61.24592208862305,0.0,87.72000122070312,0.0,87.98999786376953,87.69999694824219,87.94999694824219,0.0,31918800,0.00036053306064495836,1610271264.3003614
2019-12-23,61.27388381958008,0.0,87.76000213623047,0.0,87.80000305175781,87.7300033569336,87.75,0.0,9720200,0.00037200078347080114,1598979600.2736955
2019-12-24,61.32272720336914,0.0,87.83000183105469,0.0,87.83000183105469,87.7300033569336,87.77999877929688,0.0,4854900,0.00040235380764711915,1588875755.1806676
2019-12-26,61.41351318359375,0.0,87.95999908447266,0.0,87.98999786376953,87.88999938964844,87.94000244140625,0.0,11382700,0.00040235380764711915,1587833686.107254
2019-12-27,61.38556671142578,0.0,87.91999816894531,0.0,88.0199966430664,87.88999938964844,88.0199966430664,0.0,11627100,0.0004490463994061541,1585782183.4265149
2019-12-30,61.343658447265625,0.0,87.86000061035156,0.0,88.0199966430664,87.7699966430664,88.0,0.0,12524300,0.00039683422755099697,1576575285.1057992
2019-12-31,61.399532318115234,0.0,87.94000244140625,0.0,87.94999694824219,87.80999755859375,87.86000061035156,0.0,8310800,0.0004470196898393879,1568092796.979656
2020-01-02,61.65785217285156,0.0,88.30999755859375,0.0,88.31999969482422,88.05000305175781,88.0999984741211,0.0,15756600,0.0003878567675555031,1567880473.0193124
2020-01-03,61.59504318237305,0.0,88.22000122070312,0.0,88.27999877929688,88.04000091552734,88.12000274658203,0.0,17342200,0.0005127468090925569,1567877719.501447
2020-01-06,61.532188415527344,0.0,88.12999725341797,0.0,88.18000030517578,88.05000305175781,88.11000061035156,0.0,17936900,0.000557861784240074,1568930683.3492641
2020-01-07,61.4763298034668,0.0,88.05000305175781,0.0,88.16000366210938,88.04000091552734,88.13999938964844,0.0,9640300,0.000608445366138425,1562460442.6270077
2020-01-08,61.532188415527344,0.0,88.12999725341797,0.0,88.2300033569336,88.0199966430664,88.06999969482422,0.0,16088100,0.0006123149171719245,1556806356.2082806
2020-01-09,61.69279861450195,0.0,88.36000061035156,0.0,88.37000274658203,88.16999816894531,88.23999786376953,0.0,16649500,0.0005855585359709483,1555263067.0383756
2020-01-10,61.71372604370117,0.0,88.38999938964844,0.0,88.41000366210938,88.30000305175781,88.37000274658203,0.0,16182900,0.0005855585359709483,1551926261.4719088
2020-01-13,61.71372604370117,0.0,88.38999938964844,0.0,88.44999694824219,88.3499984741211,88.4000015258789,0.0,17762400,0.0005855585359709483,1556975178.139302
2020-01-14,61.70674133300781,0.0,88.37999725341797,0.0,88.48999786376953,88.27999877929688,88.37000274658203,0.0,29157100,0.0006164053488658657,1563546019.6877556
2020-01-15,61.720699310302734,0.0,88.4000015258789,0.0,88.52999877929688,88.38999938964844,88.4000015258789,0.0,24637900,0.0006333039493112049,1574390192.0382545
2020-01-16,61.74165725708008,0.0,88.43000030517578,0.0,88.52999877929688,88.37999725341797,88.47000122070312,0.0,22349200,0.0007086010735334595,1578209534.2258878
2020-01-17,61.69279861450195,0.0,88.36000061035156,0.0,88.51000213623047,88.36000061035156,88.4800033569336,0.0,29626700,0.000766108764384641,1588834886.5606158
2020-01-21,61.56013107299805,0.0,88.16999816894531,0.0,88.43000030517578,88.16999816894531,88.33999633789062,0.0,19724900,0.0007206476660359104,1593775308.5303292
2020-01-22,61.67181396484375,0.0,88.33000183105469,0.0,88.37000274658203,88.2300033569336,88.30999755859375,0.0,17731800,0.0006754130625101313,1596500084.638432
2020-01-23,61.48333358764648,0.0,88.05999755859375,0.0,88.19999694824219,88.0199966430664,88.18000030517578,0.0,28566200,0.0006749235887232229,1607676086.6357167
2020-01-24,61.225006103515625,0.0,87.69000244140625,0.0,88.06999969482422,87.6500015258789,88.06999969482422,0.0,40838300,0.0006445705645469048,1626245043.2134235
2020-01-27,60.81308364868164,0.0,87.0999984741211,0.0,87.37999725341797,86.95999908447266,87.23999786376953,0.0,41372700,0.0006445705645469048,1648955440.5424511
2020-01-28,61.3366813659668,0.0,87.8499984741211,0.0,87.95999908447266,87.38999938964844,87.5,0.0,32628300,0.0005978779727878698,1661527981.9688463
2020-01-29,61.301788330078125,0.0,87.80000305175781,0.0,88.2300033569336,87.77999877929688,87.97000122070312,0.0,17308200,0.0005542907290556015,1664055519.7431533
2020-01-30,61.36464691162109,0.0,87.88999938964844,0.0,87.91000366210938,87.5,87.51000213623047,0.0,20103300,0.0005041052667672105,1661899937.1762776
2020-01-31,61.11328887939453,0.0,87.52999877929688,0.0,87.80000305175781,87.38999938964844,87.80000305175781,0.0,35659700,0.0007103365580897392,1666869328.5594578
2020-02-03,61.10346603393555,0.0,87.1500015258789,0.366,87.47000122070312,87.12999725341797,87.33000183105469,0.0,25754700,0.0005854465165526854,1668529712.0092845
2020-02-04,61.468048095703125,0.0,87.66999816894531,0.0,87.69000244140625,87.4800033569336,87.5,0.0,25063800,0.0006228526340246079,1653585944.0018609
2020-02-05,61.72044372558594,0.0,88.02999877929688,0.0,88.05999755859375,87.83999633789062,87.87999725341797,0.0,36687700,0.0005722690521262569,1659623248.445862
2020-02-06,61.76953506469727,0.0,88.0999984741211,0.0,88.1500015258789,87.87000274658203,88.0,0.0,18329900,0.000591856000590686,1646474616.330404
2020-02-07,61.67840576171875,0.0,87.97000122070312,0.0,88.05000305175781,87.87999725341797,87.98999786376953,0.0,12865100,0.000657094016223805,1636897639.7378771
2020-02-10,61.76251602172852,0.0,88.08999633789062,0.0,88.0999984741211,87.87999725341797,87.94999694824219,0.0,14220000,0.000736746885382694,1633771117.8960104
2020-02-11,61.80458068847656,0.0,88.1500015258789,0.0,88.27999877929688,88.1500015258789,88.2699966430664,0.0,16821500,0.000736746885382694,1633624708.6815002
2020-02-12,61.96584701538086,0.0,88.37999725341797,0.0,88.45999908447266,88.26000213623047,88.31999969482422,0.0,26688200,0.0007586493574661062,1631735958.2816834
2020-02-13,61.98688507080078,0.0,88.41000366210938,0.0,88.45999908447266,88.29000091552734,88.30999755859375,0.0,13297900,0.0008270910589001483,1620868177.26834
2020-02-14,61.9798583984375,0.0,88.4000015258789,0.0,88.48999786376953,88.3499984741211,88.44000244140625,0.0,11398800,0.0007794082101874455,1610275648.2130625
2020-02-18,61.85368347167969,0.0,88.22000122070312,0.0,88.4000015258789,88.1500015258789,88.3499984741211,0.0,26635300,0.0007219005193362639,1618141449.8209393
2020-02-19,61.88169860839844,0.0,88.26000213623047,0.0,88.37000274658203,88.25,88.30999755859375,0.0,18547500,0.000759240805732198,1621811159.0302906
2020-02-20,61.98688507080078,0.0,88.41000366210938,0.0,88.44000244140625,88.05999755859375,88.31999969482422,0.0,31277000,0.0007361959024068509,1632696251.5546465
2020-02-21,61.930763244628906,0.0,88.33000183105469,0.0,88.37999725341797,88.16000366210938,88.33999633789062,0.0,23027000,0.0008059517683621719,1636210069.3195524
2020-02-24,61.26472091674805,0.0,87.37999725341797,0.0,87.5999984741211,87.19999694824219,87.5,0.0,57828300,0.0008148123248038344,1662044626.6074226
2020-02-25,60.83701705932617,0.0,86.7699966430664,0.0,87.80999755859375,86.69000244140625,87.76000213623047,0.0,68418000,0.0009103500181734007,1688319837.5021374
2020-02-26,60.900169372558594,0.0,86.86000061035156,0.0,87.25,86.5999984741211,86.93000030517578,0.0,69233800,0.0010286972771235388,1726253115.427768
2020-02-27,60.07979202270508,0.0,85.69000244140625,0.0,86.69000244140625,85.5199966430664,86.12999725341797,0.0,72596300,0.0010286972771235388,1765465699.1602519
2020-02-28,60.32518768310547,0.0,86.04000091552734,0.0,86.1500015258789,84.69000244140625,84.69000244140625,0.0,97472600,0.0010286972771235388,1822635494.1802797
2020-03-02,60.782958984375,0.0,86.30999755859375,0.38,86.4000015258789,85.2300033569336,85.63999938964844,0.0,72357700,0.001048680418280971,1860934510.1255567
2020-03-03,60.52239608764648,0.0,85.94000244140625,0.0,87.19000244140625,85.73999786376953,86.37999725341797,0.0,58721000,0.001048680418280971,1891015410.5587127
2020-03-04,61.35341262817383,0.0,87.12000274658203,0.0,87.16000366210938,86.58999633789062,86.66000366210938,0.0,52664700,0.0011177626182254717,1913307129.4461992
2020-03-05,60.578731536865234,0.0,86.0199966430664,0.0,86.51000213623047,85.8499984741211,86.36000061035156,0.0,62455700,0.0013568000364403451,1946635729.9527729
2020-03-06,59.89561080932617,0.0,85.05000305175781,0.0,85.27999877929688,84.08999633789062,84.52999877929688,0.0,69860600,0.0012935379445274918,1977623973.2410612
2020-03-09,57.31808471679688,0.0,81.38999938964844,0.0,83.48999786376953,79.63999938964844,79.63999938964844,0.0,73609600,0.0012282999288943728,2007770065.5936832
2020-03-10,58.19842529296875,0.0,82.63999938964844,0.0,82.87000274658203,81.12999725341797,82.62000274658203,0.0,57598000,0.001697860540092055,2033442699.4044106
2020-03-11,56.93077087402344,0.0,80.83999633789062,0.0,81.69000244140625,80.19999694824219,81.25,0.0,60006600,0.002510493844482442,2062205740.0187538
2020-03-12,54.65609359741211,0.0,77.61000061035156,0.0,80.25,76.2300033569336,76.37999725341797,0.0,82926400,0.002457744559504112,2103588341.7458065
2020-03-13,56.37443923950195,0.0,80.05000305175781,0.0,80.27999877929688,78.13999938964844,80.12999725341797,0.0,69164600,0.003187717742995075,2131419697.302694
2020-03-16,53.2757682800293,0.0,75.6500015258789,0.0,77.6500015258789,74.30000305175781,75.72000122070312,0.0,43080100,0.003758014642880269,2133483738.864057
2020-03-17,53.77576446533203,0.0,76.36000061035156,0.0,77.69999694824219,74.62999725341797,75.55000305175781,0.0,68569400,0.005569083745742187,2159057786.6557226
2020-03-18,51.402488708496094,0.0,72.98999786376953,0.0,74.75,71.91000366210938,73.8499984741211,0.0,54289800,0.005535890082611995,2180347547.823376
2020-03-19,50.24753952026367,0.0,71.3499984741211,0.0,72.66999816894531,70.7699966430664,71.86000061035156,0.0,45706300,0.005510621938654105,2195182185.361723
2020-03-20,49.12074661254883,0.0,69.75,0.0,72.13999938964844,69.41000366210938,71.41000366210938,0.0,55796500,0.0055386872847230885,2216828422.253757
2020-03-23,48.33199691772461,0.0,68.62999725341797,0.0,70.12000274658203,67.5199966430664,70.05000305175781,0.0,48862100,0.005529826728281426,2227267007.004432
2020-03-24,50.325008392333984,0.0,71.45999908447266,0.0,71.94999694824219,69.9000015258789,70.08999633789062,0.0,51304000,0.005694588673538483,2245637174.9670787
2020-03-25,51.74053192138672,0.0,73.47000122070312,0.0,75.56999969482422,72.08000183105469,72.25,0.0,45692600,0.005576241414588345,2257079564.1771646
2020-03-26,54.10675048828125,0.0,76.83000183105469,0.0,76.83000183105469,73.69999694824219,74.01000213623047,0.0,41965200,0.005846235471590246,2272185444.8042245
2020-03-27,54.24760437011719,0.0,77.02999877929688,0.0,78.37000274658203,75.36000061035156,75.44000244140625,0.0,66536800,0.005846235471590246,2303264901.3215322
2020-03-30,54.7124252319336,0.0,77.69000244140625,0.0,78.04000091552734,76.63999938964844,77.0999984741211,0.0,35016900,0.006100594613537033,2315582784.707133
2020-03-31,54.27578353881836,0.0,77.06999969482422,0.0,77.70999908447266,76.9800033569336,77.37000274658203,0.0,31103400,0.006379764597284808,2319506740.734718
2020-04-01,52.7859001159668,0.0,74.58000183105469,0.385,75.2699966430664,74.37000274658203,75.18000030517578,0.0,36859100,0.006228161304720868,2322304746.572058
2020-04-02,53.19644546508789,0.0,75.16000366210938,0.0,76.30000305175781,74.2300033569336,74.37000274658203,0.0,31824800,0.006292754747682096,2318196319.7381096
2020-04-03,52.05694580078125,0.0,73.55000305175781,0.0,75.19999694824219,73.31999969482422,75.0,0.0,39986200,0.006292754747682096,2320758003.6487823
2020-04-06,53.32383728027344,0.0,75.33999633789062,0.0,75.55999755859375,74.80999755859375,75.05999755859375,0.0,32347800,0.006529002033008918,2328034991.189823
2020-04-07,53.32383728027344,0.0,75.33999633789062,0.0,76.72000122070312,75.23999786376953,76.43000030517578,0.0,35120800,0.005979788552652347,2339067615.2732186
2020-04-08,54.71109771728516,0.0,77.30000305175781,0.0,77.62999725341797,75.69000244140625,75.95999908447266,0.0,46291400,0.005804065955380842,2356902198.5042152
2020-04-09,58.29241180419922,0.0,82.36000061035156,0.0,84.05000305175781,81.48999786376953,81.97000122070312,0.0,88846900,0.005804065955380842,2407202305.7549005
2020-04-13,57.45721435546875,0.0,81.18000030517578,0.0,81.91999816894531,80.41999816894531,81.80999755859375,0.0,40390500,0.0049887524700104975,2425617955.8636556
2020-04-14,57.6978874206543,0.0,81.5199966430664,0.0,82.08999633789062,80.97000122070312,81.91000366210938,0.0,37632800,0.004689429515947964,2437114591.691547
2020-04-15,57.15998077392578,0.0,80.76000213623047,0.0,80.91000366210938,79.95999908447266,80.25,0.0,34367500,0.0028783604130860467,2452359721.8295984
2020-04-16,57.10337066650391,0.0,80.68000030517578,0.0,80.75,79.93000030517578,80.55999755859375,0.0,25821900,0.0033025174081234045,2450715388.958486
2020-04-17,57.39352035522461,0.0,81.08999633789062,0.0,81.4000015258789,80.8499984741211,81.31999969482422,0.0,38251800,0.0033025174081234045,2467181246.1645823
2020-04-20,56.53004455566406,0.0,79.87000274658203,0.0,80.79000091552734,79.72000122070312,80.29000091552734,0.0,24676200,0.003193717947060166,2472586064.143123
2020-04-21,55.4966926574707,0.0,78.41000366210938,0.0,79.05999755859375,78.25,78.95999908447266,0.0,42335600,0.003193717947060166,2484165191.0976777
2020-04-22,55.98509216308594,0.0,79.0999984741211,0.0,79.37000274658203,78.83999633789062,79.26000213623047,0.0,15720900,0.0031757717387556742,2487057631.4968657
2020-04-23,55.956764221191406,0.0,79.05999755859375,0.0,79.66000366210938,78.7300033569336,79.25,0.0,23896700,0.0033902626696707973,2491356948.5690646
2020-04-24,55.43299865722656,0.0,78.31999969482422,0.0,79.2300033569336,78.16000366210938,79.12000274658203,0.0,37915200,0.0031202686126688963,2508627063.5795712
2020-04-27,55.65946960449219,0.0,78.63999938964844,0.0,78.93000030517578,78.51000213623047,78.69999694824219,0.0,20550700,0.003242673354812884,2511173944.087376
2020-04-28,55.82936477661133,0.0,78.87999725341797,0.0,79.12000274658203,78.44000244140625,79.06999969482422,0.0,23927600,0.0029450760041401054,2518112391.1140194
2020-04-29,56.81315612792969,0.0,80.2699966430664,0.0,80.36000061035156,79.2699966430664,79.43000030517578,0.0,34838300,0.002665906020392331,2532923336.219509
2020-04-30,56.92639923095703,0.0,80.43000030517578,0.0,80.55999755859375,79.52999877929688,79.8499984741211,0.0,34636000,0.0029823629181185843,2547656537.200165
2020-05-01,55.944480895996094,0.0,78.68000030517578,0.369,79.54000091552734,78.61000061035156,79.33999633789062,0.0,31859400,0.0031736060576099375,2550567001.3488045
2020-05-04,55.866241455078125,0.0,78.56999969482422,0.0,78.87000274658203,78.19999694824219,78.52999877929688,0.0,20400900,0.0031736060576099375,2546356060.7359085
2020-05-05,56.34974670410156,0.0,79.25,0.0,79.25,78.81999969482422,78.81999969482422,0.0,26484200,0.0029373587722831144,2546549609.111241
2020-05-06,56.02978897094727,0.0,78.80000305175781,0.0,79.43000030517578,78.7699966430664,79.33000183105469,0.0,18823300,0.00313255708209388,2548561208.297305
2020-05-07,56.172000885009766,0.0,79.0,0.0,79.70999908447266,78.97000122070312,79.19999694824219,0.0,19581700,0.002833830788371661,2545700556.1673717
2020-05-08,56.70528411865234,0.0,79.75,0.0,79.76000213623047,79.2699966430664,79.33000183105469,0.0,21770400,0.0030587783495653552,2553295038.174644
2020-05-11,56.44930648803711,0.0,79.38999938964844,0.0,79.72000122070312,79.33999633789062,79.58000183105469,0.0,14285100,0.003256054864108264,2551912584.038895
2020-05-12,56.378211975097656,0.0,79.29000091552734,0.0,80.0,79.29000091552734,79.91000366210938,0.0,25332700,0.0031022930061409045,2559794410.5788517
2020-05-13,56.07955932617188,0.0,78.87000274658203,0.0,79.41999816894531,78.73999786376953,79.3499984741211,0.0,29962000,0.0031022930061409045,2575150494.128351
2020-05-14,55.88756942749024,0.0,78.5999984741211,0.0,78.9000015258789,77.9800033569336,78.45999908447266,0.0,30429100,0.0026739893878378026,2584010208.8430495
2020-05-15,55.96578598022461,0.0,78.70999908447266,0.0,78.83999633789062,78.16999816894531,78.37000274658203,0.0,34133400,0.0030091367034295897,2594778119.186511
2020-05-18,56.95412063598633,0.0,80.0999984741211,0.0,80.16000366210938,79.66000366210938,79.95999908447266,0.0,31900200,0.0030091367034295897,2604762492.9861703
2020-05-19,57.02524948120117,0.0,80.19999694824219,0.0,80.43000030517578,79.88999938964844,80.04000091552734,0.0,18536500,0.0030091367034295897,2607593743.650473
2020-05-20,57.62960815429688,0.0,81.05000305175781,0.0,81.25,80.55000305175781,80.62000274658203,0.0,36053700,0.0027667832731074595,2621733195.6899548
2020-05-21,57.61540985107422,0.0,81.02999877929688,0.0,81.2300033569336,80.80000305175781,81.02999877929688,0.0,23307300,0.0027331405272795874,2622868166.311197
2020-05-22,57.75763320922852,0.0,81.2300033569336,0.0,81.33000183105469,80.80999755859375,80.94999694824219,0.0,11311900,0.0029489176963893578,2614697600.3081245
2020-05-26,58.191368103027344,0.0,81.83999633789062,0.0,82.16000366210938,81.18000030517578,81.83000183105469,0.0,27673800,0.00282651295424537,2620435453.576049
2020-05-27,58.31223678588867,0.0,82.01000213623047,0.0,82.44999694824219,81.66000366210938,82.41999816894531,0.0,24905000,0.0026435367304913997,2622613499.9364524
2020-05-28,58.36910629272461,0.0,82.08999633789062,0.0,82.55000305175781,81.94000244140625,82.12999725341797,0.0,23282500,0.0028020809835594216,2626134056.2432365
2020-05-29,58.603782653808594,0.0,82.41999816894531,0.0,82.62000274658203,81.87999725341797,82.05000305175781,0.0,32189000,0.00280707772226515,2639268581.414365
2020-06-01,59.04702377319336,0.0,82.72000122070312,0.321,82.75,81.81999969482422,81.94000244140625,0.0,46987000,0.002691691032656018,2661945961.7223587
2020-06-02,59.63235855102539,0.0,83.54000091552734,0.0,83.58000183105469,82.62000274658203,82.8499984741211,0.0,35930900,0.0026916910326560185,2677820263.791978
2020-06-03,59.91072845458984,0.0,83.93000030517578,0.0,84.37999725341797,83.77999877929688,83.87999725341797,0.0,35991000,0.0026916910326560185,2687394012.7268047
2020-06-04,59.72516250610352,0.0,83.66999816894531,0.0,83.9800033569336,83.5199966430664,83.83999633789062,0.0,36405800,0.0024964927228452527,2691159536.931773
2020-06-05,60.2890739440918,0.0,84.45999908447266,0.0,85.02999877929688,84.4000015258789,84.56999969482422,0.0,35306500,0.00215849397805029,2706291009.3912153
2020-06-08,60.360477447509766,0.0,84.55999755859375,0.0,84.68000030517578,84.3499984741211,84.66000366210938,0.0,20493100,0.0019782247564657006,2707533250.8301144
2020-06-09,59.88932800292969,0.0,83.9000015258789,0.0,84.1500015258789,83.58000183105469,84.11000061035156,0.0,28412400,0.0017809482419227922,2715348235.9685445
2020-06-10,59.80368423461914,0.0,83.77999877929688,0.0,84.22000122070312,83.26000213623047,83.79000091552734,0.0,36663100,0.001861043168230833,2727284051.5934777
2020-06-11,58.26897811889648,0.0,81.62999725341797,0.0,82.62000274658203,81.47000122070312,82.58000183105469,0.0,48794500,0.001861043168230833,2748441121.5633874
2020-06-12,58.84715270996094,0.0,82.44000244140625,0.0,82.87000274658203,81.8499984741211,82.73999786376953,0.0,36156800,0.002385712333699853,2762307418.266442
2020-06-15,59.41824722290039,0.0,83.23999786376953,0.0,83.77999877929688,81.72000122070312,81.9000015258789,0.0,39432300,0.002401885528795943,2775189416.039494
2020-06-16,59.66091537475586,0.0,83.58000183105469,0.0,84.33000183105469,83.30999755859375,84.25,0.0,40976300,0.002401885528795943,2789793390.4600477
2020-06-17,59.38251876831055,0.0,83.19000244140625,0.0,83.62000274658203,83.1500015258789,83.5199966430664,0.0,17066700,0.002401885528795943,2788857687.7937803
2020-06-18,59.36112976074219,0.0,83.16000366210938,0.0,83.20999908447266,82.83000183105469,82.95999908447266,0.0,22223600,0.002401885528795943,2790491977.202255
2020-06-19,59.1612434387207,0.0,82.87999725341797,0.0,83.37000274658203,82.70999908447266,83.31999969482422,0.0,32037600,0.0023687580913496443,2789460102.0587196
2020-06-22,59.1184196472168,0.0,82.81999969482422,0.0,83.02999877929688,82.69000244140625,82.87000274658203,0.0,21536000,0.0022441038943851175,2783096987.4026346
2020-06-23,59.20406723022461,0.0,82.94000244140625,0.0,83.13999938964844,82.88999938964844,83.11000061035156,0.0,17438000,0.002305229245504689,2772354055.558268
2020-06-24,58.59732055664063,0.0,82.08999633789062,0.0,82.77999877929688,81.54000091552734,82.68000030517578,0.0,43720600,0.002305229245504689,2794068175.567203
2020-06-25,58.618751525878906,0.0,82.12000274658203,0.0,82.16999816894531,81.48999786376953,81.87000274658203,0.0,31159700,0.00233053476385078,2810992213.4536557
2020-06-26,58.06194686889648,0.0,81.33999633789062,0.0,82.01000213623047,81.2300033569336,82.01000213623047,0.0,33705800,0.002311126545883245,2824804970.3345037
2020-06-29,57.73360061645508,0.0,80.87999725341797,0.0,81.44999694824219,80.4800033569336,81.44000244140625,0.0,76540200,0.0019316392348249218,2865823355.6921706
2020-06-30,58.261817932128906,0.0,81.62000274658203,0.0,81.80000305175781,81.08000183105469,81.1500015258789,0.0,40554300,0.0020622347460748126,2883360316.579007
2020-07-01,58.44318389892578,0.0,81.52999877929688,0.343,81.7699966430664,81.41000366210938,81.41000366210938,0.0,28799100,0.002187755428099654,2896194751.6230936
2020-07-02,58.87325668334961,0.0,82.12999725341797,0.0,82.51000213623047,81.97000122070312,82.23999786376953,0.0,30623300,0.002187755428099654,2905112420.1735606
2020-07-06,59.29621505737305,0.0,82.72000122070312,0.0,82.73999786376953,82.41000366210938,82.62000274658203,0.0,22888200,0.0023236811245254466,2907996412.4495134
2020-07-07,58.90195846557617,0.0,82.16999816894531,0.0,82.83999633789062,82.12999725341797,82.62999725341797,0.0,22408000,0.002385524126845998,2910063764.602171
2020-07-08,59.05966567993164,0.0,82.38999938964844,0.0,82.5,82.12000274658203,82.12999725341797,0.0,21155700,0.0025108471844453163,2917160507.9804864
2020-07-09,58.93063354492188,0.0,82.20999908447266,0.0,82.45999908447266,81.83000183105469,82.38999938964844,0.0,21655600,0.0023821743693475646,2920037195.657954
2020-07-10,59.13131332397461,0.0,82.48999786376953,0.0,82.54000091552734,81.9800033569336,82.06999969482422,0.0,17903400,0.002577224235242171,2920082446.432495
2020-07-13,58.80878448486328,0.0,82.04000091552734,0.0,82.91000366210938,82.02999877929688,82.80000305175781,0.0,20039400,0.002218770982977384,2921777889.87078
2020-07-14,59.310585021972656,0.0,82.73999786376953,0.0,82.77999877929688,82.04000091552734,82.04000091552734,0.0,31929700,0.002262832802108606,2930284594.510717
2020-07-15,59.6474609375,0.0,83.20999908447266,0.0,83.30999755859375,82.91000366210938,83.23999786376953,0.0,21291300,0.002262832802108606,2923893678.9201584
2020-07-16,59.70478820800781,0.0,83.29000091552734,0.0,83.30000305175781,83.08000183105469,83.16000366210938,0.0,17570400,0.0023447607442440557,2918222633.162156
2020-07-17,59.86968231201172,0.0,83.5199966430664,0.0,83.55000305175781,83.20999908447266,83.4800033569336,0.0,22863700,0.0023447607442440557,2917692763.197296
2020-07-20,60.22809219360352,0.0,84.0199966430664,0.0,84.05999755859375,83.51000213623047,83.58999633789062,0.0,16701600,0.002197039996603103,2908053502.450083
2020-07-21,60.507659912109375,0.0,84.41000366210938,0.0,84.58000183105469,84.2699966430664,84.30000305175781,0.0,22331600,0.0021059170244578595,2909211169.4413385
2020-07-22,60.62952423095703,0.0,84.58000183105469,0.0,84.62000274658203,84.33999633789062,84.5,0.0,15251400,0.0021415813345500526,2907018419.54815
2020-07-23,60.58652114868164,0.0,84.5199966430664,0.0,84.62000274658203,83.97000122070312,84.56999969482422,0.0,28434900,0.0022239254531541018,2906127769.947258
2020-07-24,60.64385223388672,0.0,84.5999984741211,0.0,84.69999694824219,84.30000305175781,84.33999633789062,0.0,14977500,0.002087411840210349,2887762578.2841096
2020-07-27,60.787254333496094,0.0,84.80000305175781,0.0,84.81999969482422,84.51000213623047,84.7300033569336,0.0,12931500,0.0017853664217459026,2867865984.098344
2020-07-28,60.62952423095703,0.0,84.58000183105469,0.0,84.80000305175781,84.5,84.72000122070312,0.0,14862900,0.0019442112420126466,2855093825.3999434
2020-07-29,60.966434478759766,0.0,85.05000305175781,0.0,85.11000061035156,84.69999694824219,84.83999633789062,0.0,18012800,0.0018393646101294164,2855191672.0836763
2020-07-30,61.09546661376953,0.0,85.2300033569336,0.0,85.2699966430664,84.73999786376953,84.77999877929688,0.0,54812400,0.0018561850856928328,2878245497.5699587
2020-07-31,61.21015548706055,0.0,85.38999938964844,0.0,85.4000015258789,84.9000015258789,85.19999694824219,0.0,28623100,0.001953519724136289,2872871156.2529726
2020-08-03,61.22526550292969,0.0,85.06999969482422,0.341,85.11000061035156,84.8499984741211,85.02999877929688,0.0,17480600,0.0019072946946319992,2866859668.097154
2020-08-04,61.20367050170898,0.0,85.04000091552734,0.0,85.06999969482422,84.80000305175781,84.97000122070312,0.0,17120700,0.0018928853118774728,2860975549.3953104
2020-08-05,61.31161117553711,0.0,85.19000244140625,0.0,85.2300033569336,85.01000213623047,85.05999755859375,0.0,14566000,0.0017675622542781548,2845191893.7552013
2020-08-06,61.448360443115234,0.0,85.37999725341797,0.0,85.4000015258789,85.0999984741211,85.19000244140625,0.0,13258600,0.0016713137797030129,2841359791.132609
2020-08-07,61.29723739624024,0.0,85.16999816894531,0.0,85.3499984741211,85.05000305175781,85.3499984741211,0.0,14289900,0.0016239139981846812,2842036996.6415772
2020-08-10,61.32603073120117,0.0,85.20999908447266,0.0,85.30000305175781,85.01000213623047,85.26000213623047,0.0,13708700,0.0015671885560734733,2841366191.6139936
2020-08-11,60.77186965942383,0.0,84.44000244140625,0.0,85.2699966430664,84.4000015258789,85.25,0.0,20535400,0.001195808401273678,2843359794.593896
2020-08-12,60.786224365234375,0.0,84.45999908447266,0.0,85.0199966430664,84.45999908447266,84.80999755859375,0.0,18003400,0.00143067075788262,2836707922.4099174
2020-08-13,60.62071990966797,0.0,84.2300033569336,0.0,84.80999755859375,84.1500015258789,84.4800033569336,0.0,28444900,0.00134874281574717,2846392419.5114193
2020-08-14,60.51277160644531,0.0,84.08000183105469,0.0,84.30000305175781,83.91999816894531,84.20999908447266,0.0,14072300,0.00134874281574717,2847785634.3715305
2020-08-17,60.87262725830078,0.0,84.58000183105469,0.0,84.62000274658203,84.0999984741211,84.16000366210938,0.0,13756500,0.00134874281574717,2838371020.0594277
2020-08-18,60.96616744995117,0.0,84.70999908447266,0.0,84.7699966430664,84.41000366210938,84.62000274658203,0.0,24900300,0.00134874281574717,2842119448.635471
2020-08-19,60.79344177246094,0.0,84.47000122070312,0.0,84.79000091552734,84.37000274658203,84.66999816894531,0.0,18738300,0.0014419687636555527,2832735516.4079638
2020-08-20,60.99494552612305,0.0,84.75,0.0,84.75,84.31999969482422,84.33000183105469,0.0,19912800,0.0015467344481358155,2829986586.6288867
2020-08-21,60.987770080566406,0.0,84.73999786376953,0.0,84.80999755859375,84.62999725341797,84.75,0.0,17570600,0.0014993982896654556,2801700046.2423415
2020-08-24,61.26847076416016,0.0,85.12999725341797,0.0,85.16999816894531,84.88999938964844,84.9000015258789,0.0,16058100,0.0014993982896654556,2765433350.8341656
2020-08-25,61.33322525024414,0.0,85.22000122070312,0.0,85.27999877929688,84.91000366210938,85.13999938964844,0.0,24018600,0.0014456439617687418,2733950947.747361
2020-08-26,61.32603073120117,0.0,85.20999908447266,0.0,85.37000274658203,85.16999816894531,85.2300033569336,0.0,16243100,0.0014198950824020813,2695564419.270313
2020-08-27,61.23247528076172,0.0,85.08000183105469,0.0,85.3499984741211,84.9000015258789,85.31999969482422,0.0,19861800,0.0013092580775980844,2642416001.707846
2020-08-28,61.282840728759766,0.0,85.1500015258789,0.0,85.2699966430664,85.08999633789062,85.12999725341797,0.0,14418500,0.0012610298857752872,2602594909.5384445
2020-08-31,61.19646835327149,0.0,85.02999877929688,0.0,85.2300033569336,84.98999786376953,85.12999725341797,0.0,21473800,0.0011994849020814853,2577034864.335469
2020-09-01,61.52960586547852,0.0,85.1500015258789,0.341,85.2300033569336,84.63999938964844,84.70999908447266,0.0,22774200,0.001173831265043775,2556011644.939459
2020-09-02,61.60186004638672,0.0,85.25,0.0,85.38999938964844,84.94999694824219,85.19999694824219,0.0,15878600,0.001173831265043775,2524116498.4764404
2020-09-03,61.218875885009766,0.0,84.72000122070312,0.0,85.12000274658203,84.37000274658203,85.0999984741211,0.0,34169800,0.001173831265043775,2499935714.7821035
2020-09-04,61.05270004272461,0.0,84.48999786376953,0.0,84.94000244140625,83.9800033569336,84.80000305175781,0.0,36087300,0.0011375055101924757,2476585957.6458883
2020-09-08,60.71305847167969,0.0,84.0199966430664,0.0,84.41000366210938,83.91000366210938,84.13999938964844,0.0,34967600,0.0012038187715430098,2462126266.771056
2020-09-09,61.189971923828125,0.0,84.68000030517578,0.0,84.73999786376953,84.25,84.37999725341797,0.0,32976800,0.0013232573688296105,2445789299.3886313
2020-09-10,60.90092468261719,0.0,84.27999877929688,0.0,84.83000183105469,84.25,84.80999755859375,0.0,32866300,0.0013446125779982693,2416694488.0335975
2020-09-11,61.02376556396485,0.0,84.44999694824219,0.0,84.48999786376953,84.0999984741211,84.33999633789062,0.0,20807100,0.0013446125779982693,2386698718.9100113
2020-09-14,60.95872497558594,0.0,84.36000061035156,0.0,84.69999694824219,84.2699966430664,84.62000274658203,0.0,28958000,0.0013446125779982693,2380221633.7269917
2020-09-15,61.12493515014648,0.0,84.58999633789062,0.0,84.72000122070312,84.44000244140625,84.55000305175781,0.0,22176900,0.0014633440729263513,2353554843.7582164
2020-09-16,61.12493515014648,0.0,84.58999633789062,0.0,84.98999786376953,84.51000213623047,84.6500015258789,0.0,26951200,0.0014715394157479153,2340199205.0540686
2020-09-17,61.05990219116211,0.0,84.5,0.0,84.66000366210938,84.2300033569336,84.30999755859375,0.0,25752400,0.001281523806627768,2331587565.0917053
2020-09-18,60.908164978027344,0.0,84.29000091552734,0.0,84.69000244140625,84.25,84.66999816894531,0.0,29891800,0.001316287429198347,2320696882.348584
2020-09-21,60.416786193847656,0.0,83.61000061035156,0.0,84.02999877929688,83.37999725341797,83.93000030517578,0.0,42968900,0.001316287429198347,2322595485.2567577
2020-09-22,60.6263313293457,0.0,83.9000015258789,0.0,83.94999694824219,83.5199966430664,83.70999908447266,0.0,41396800,0.0015027122382543735,2321063801.051494
2020-09-23,60.01212692260742,0.0,83.05000305175781,0.0,83.9800033569336,82.95999908447266,83.9800033569336,0.0,39577800,0.0015225752975177125,2320507460.043596
2020-09-24,60.048248291015625,0.0,83.0999984741211,0.0,83.33999633789062,82.55999755859375,82.87000274658203,0.0,38755800,0.0015225752975177125,2320479051.5358396
2020-09-25,59.93988037109375,0.0,82.94999694824219,0.0,83.16000366210938,82.76000213623047,83.0,0.0,36032200,0.0016313914088221487,2303523029.7680626
2020-09-28,60.330078125,0.0,83.48999786376953,0.0,83.62000274658203,83.19000244140625,83.37999725341797,0.0,20277000,0.0015822849622014897,2295367979.293405
2020-09-29,60.38066101074219,0.0,83.55999755859375,0.0,83.61000061035156,83.29000091552734,83.55999755859375,0.0,20243400,0.0017072115833691819,2289767974.7384024
2020-09-30,60.6263313293457,0.0,83.9000015258789,0.0,84.02999877929688,83.55000305175781,83.55999755859375,0.0,28797600,0.0016407532612317626,2287126442.503884
2020-10-01,60.83463287353516,0.0,83.83000183105469,0.357,83.88999938964844,83.69000244140625,83.80999755859375,0.0,31098000,0.001698364056565882,2288832738.6340127
2020-10-02,60.83463287353516,0.0,83.83000183105469,0.0,83.87000274658203,83.27999877929688,83.27999877929688,0.0,26284300,0.0017169771821590675,2282978990.8967094
2020-10-05,61.29179763793945,0.0,84.45999908447266,0.0,84.4800033569336,83.91999816894531,83.98999786376953,0.0,27394000,0.0016056528526340915,2281999737.574338
2020-10-06,61.153907775878906,0.0,84.2699966430664,0.0,84.75,84.22000122070312,84.4800033569336,0.0,37848500,0.001429849120190533,2286313166.3406973
2020-10-07,61.371620178222656,0.0,84.56999969482422,0.0,84.62999725341797,84.47000122070312,84.5199966430664,0.0,20968200,0.0013202666703531108,2271987414.8036413
2020-10-08,61.50951385498047,0.0,84.76000213623047,0.0,84.8499984741211,84.63999938964844,84.83999633789062,0.0,18738800,0.0010640491045755102,2226518129.008424
2020-10-09,61.64738845825195,0.0,84.94999694824219,0.0,85.02999877929688,84.76000213623047,84.88999938964844,0.0,21287800,0.0010640491045755102,2214847476.172777
2020-10-12,61.95943832397461,0.0,85.37999725341797,0.0,85.47000122070312,85.12999725341797,85.22000122070312,0.0,10503400,0.0010640491045755102,2197616956.5972404
2020-10-13,61.68367004394531,0.0,85.0,0.0,85.26000213623047,84.93000030517578,85.16000366210938,0.0,25183100,0.001021514855230768,2192577624.2685347
2020-10-14,61.531280517578125,0.0,84.79000091552734,0.0,85.0199966430664,84.72000122070312,84.95999908447266,0.0,31620600,0.0010133195124092038,2197322067.150037
2020-10-15,61.48772811889648,0.0,84.7300033569336,0.0,84.77999877929688,84.31999969482422,84.44999694824219,0.0,32232100,0.0010133195124092038,2194379111.747524
2020-10-16,61.415164947509766,0.0,84.62999725341797,0.0,84.94000244140625,84.5199966430664,84.86000061035156,0.0,27456900,0.0007955584021985876,2197179026.111112
2020-10-19,61.1974983215332,0.0,84.33000183105469,0.0,84.86000061035156,84.30000305175781,84.80000305175781,0.0,20998100,0.0008809862312512152,2184887242.4635816
2020-10-20,61.415164947509766,0.0,84.62999725341797,0.0,84.7699966430664,84.47000122070312,84.4800033569336,0.0,27650700,0.0008022576386484157,2193590063.884559
2020-10-21,61.40792465209961,0.0,84.62000274658203,0.0,84.80000305175781,84.52999877929688,84.62000274658203,0.0,26901600,0.0007822501866065091,2196662606.918123
2020-10-22,61.51675796508789,0.0,84.7699966430664,0.0,84.83999633789062,84.44999694824219,84.61000061035156,0.0,28977800,0.0009024800602672245,2192590619.269665
2020-10-23,61.58932495117188,0.0,84.87000274658203,0.0,84.91999816894531,84.66999816894531,84.9000015258789,0.0,20734700,0.0007619597961785278,2193730674.908496
2020-10-26,61.045047760009766,0.0,84.12000274658203,0.0,84.62000274658203,84.08999633789062,84.55999755859375,0.0,50102400,0.0007704337486096877,2212200555.887301
2020-10-27,61.07410430908203,0.0,84.16000366210938,0.0,84.33999633789062,84.12000274658203,84.18000030517578,0.0,30880900,0.0006800845380802013,2210632829.1653886
2020-10-28,60.56610107421875,0.0,83.45999908447266,0.0,83.72000122070312,83.30999755859375,83.61000061035156,0.0,45794300,0.0006800845380802013,2218856787.46304
2020-10-29,60.74028778076172,0.0,83.69999694824219,0.0,83.73999786376953,83.2699966430664,83.4000015258789,0.0,37112600,0.0008446092334344152,2223615731.153664
2020-10-30,60.87089920043945,0.0,83.87999725341797,0.0,83.91999816894531,83.43000030517578,83.62999725341797,0.0,36801700,0.0008678417331032621,2235393729.4722905
2020-11-02,61.01594161987305,0.0,83.72000122070312,0.359,83.8499984741211,83.48999786376953,83.77999877929688,0.0,25665400,0.0010380220375722348,2235789241.1336384
2020-11-03,61.54069137573242,0.0,84.44000244140625,0.0,84.44000244140625,83.88999938964844,83.88999938964844,0.0,39777600,0.0010380220375722348,2250674515.2897425
2020-11-04,62.116458892822266,0.0,85.2300033569336,0.0,85.41000366210938,84.66000366210938,84.69000244140625,0.0,57673400,0.0010041637151037522,2277409037.31836
2020-11-05,62.335079193115234,0.0,85.52999877929688,0.0,85.87999725341797,85.41999816894531,85.63999938964844,0.0,55079000,0.0010041637151037522,2301017905.5942717
2020-11-06,62.116458892822266,0.0,85.2300033569336,0.0,85.58000183105469,85.11000061035156,85.55999755859375,0.0,25953400,0.0010041637151037522,2309572780.902548
2020-11-09,62.59017181396485,0.0,85.87999725341797,0.0,86.9000015258789,85.83999633789062,86.87999725341797,0.0,59347100,0.0010041637151037522,2334081502.9565597
2020-11-10,62.50269317626953,0.0,85.76000213623047,0.0,86.05999755859375,83.37999725341797,85.77999877929688,0.0,39295700,0.0009279664695204125,2342072743.3823657
2020-11-11,62.48085021972656,0.0,85.7300033569336,0.0,85.93000030517578,85.62999725341797,85.91999816894531,0.0,14416200,0.0009512307629953835,2332899518.4682817
2020-11-12,62.05813980102539,0.0,85.1500015258789,0.0,85.6500015258789,85.1500015258789,85.6500015258789,0.0,43300100,0.0009512307629953835,2340838912.8993983
2020-11-13,62.26948547363281,0.0,85.44000244140625,0.0,85.52999877929688,85.23999786376953,85.25,0.0,20277100,0.0010576427957253586,2334309305.773847
2020-11-16,62.61928939819336,0.0,85.91999816894531,0.0,85.95999908447266,85.69000244140625,85.9000015258789,0.0,28350400,0.000972214966672731,2341842949.2076387
2020-11-17,62.64118194580078,0.0,85.94999694824219,0.0,86.11000061035156,85.72000122070312,85.77999877929688,0.0,23747100,0.0009409912459222983,2334850176.8068643
2020-11-18,62.52457427978516,0.0,85.79000091552734,0.0,86.13999938964844,85.76000213623047,86.04000091552734,0.0,22098900,0.0010109437654954965,2334907908.2408605
2020-11-19,62.735939025878906,0.0,86.08000183105469,0.0,86.13999938964844,85.6500015258789,85.70999908447266,0.0,21704200,0.00107330872848377,2342443082.056482
2020-11-20,62.61928939819336,0.0,85.91999816894531,0.0,86.0199966430664,85.8499984741211,85.91999816894531,0.0,48530200,0.0011134825651072779,2357561264.631744
2020-11-23,62.71404647827149,0.0,86.05000305175781,0.0,86.20999908447266,85.95999908447266,86.13999938964844,0.0,23790600,0.001105008612676118,2357598741.611111
2020-11-24,62.90353393554688,0.0,86.30999755859375,0.0,86.5199966430664,86.20999908447266,86.31999969482422,0.0,26080100,0.0010420898502085116,2360294876.750722
2020-11-25,62.87441635131836,0.0,86.2699966430664,0.0,86.41999816894531,86.19000244140625,86.30000305175781,0.0,26510900,0.0011204487015538099,2357390733.361392
2020-11-27,62.9764404296875,0.0,86.41000366210938,0.0,86.5,86.38999938964844,86.43000030517578,0.0,7338500,0.0009331965143687875,2331576091.413116
2020-11-30,62.910831451416016,0.0,86.31999969482422,0.0,86.43000030517578,86.1500015258789,86.43000030517578,0.0,24256900,0.0008913508891067554,2324371235.712336
2020-12-01,63.072566986083984,0.0,86.19999694824219,0.341,86.38999938964844,86.18000030517578,86.25,0.0,26256700,0.0008191030330275646,2318360146.9733467
2020-12-02,63.248146057128906,0.0,86.44000244140625,0.0,86.55000305175781,86.1500015258789,86.22000122070312,0.0,23705000,0.0008915814343510405,2310447345.6918745
2020-12-03,63.28472518920898,0.0,86.48999786376953,0.0,86.69999694824219,86.44000244140625,86.5199966430664,0.0,20748400,0.0008915814343510405,2301023076.755372
2020-12-04,63.54819869995117,0.0,86.8499984741211,0.0,86.9000015258789,86.5199966430664,86.66999816894531,0.0,19362000,0.0009340523077963671,2300615879.8068633
2020-12-07,63.51888275146485,0.0,86.80999755859375,0.0,86.83999633789062,86.68000030517578,86.80000305175781,0.0,17811300,0.0009789700013105242,2293968248.9033833
2020-12-08,63.46765899658203,0.0,86.73999786376953,0.0,86.8499984741211,86.69999694824219,86.7699966430664,0.0,21408300,0.0010475746901174182,2284327942.736889
2020-12-09,63.37256622314453,0.0,86.61000061035156,0.0,86.8499984741211,86.48999786376953,86.8499984741211,0.0,36608500,0.0010892610849541112,2277880064.215954
2020-12-10,63.48958969116211,0.0,86.7699966430664,0.0,86.87999725341797,86.45999908447266,86.4800033569336,0.0,24251500,0.0012514757672885527,2270923999.877191
2020-12-11,63.423789978027344,0.0,86.68000030517578,0.0,86.86000061035156,86.54000091552734,86.72000122070312,0.0,17699600,0.0014018219268928892,2257049847.223524
2020-12-14,63.43840408325195,0.0,86.69999694824219,0.0,86.87999725341797,86.5999984741211,86.83000183105469,0.0,20705200,0.0014098677838645668,2244116049.9837055
2020-12-15,63.63594436645508,0.0,86.97000122070312,0.0,87.0,86.68000030517578,86.8499984741211,0.0,25052800,0.0014449401859791353,2250140361.3481126
2020-12-16,63.54084777832031,0.0,86.83999633789062,0.0,86.97000122070312,86.5999984741211,86.94000244140625,0.0,42386700,0.001492425907191887,2264685966.23216
2020-12-17,63.63564300537109,0.0,86.61000061035156,0.359,86.68000030517578,86.51000213623047,86.58999633789062,0.0,23911400,0.0013692818437095414,2260048586.617781
2020-12-18,63.68706893920898,0.0,86.68000030517578,0.0,86.72000122070312,86.55000305175781,86.6500015258789,0.0,26741200,0.0012290742348753873,2264289187.496615
2020-12-21,63.45928955078125,0.0,86.37000274658203,0.0,86.55000305175781,86.22000122070312,86.37999725341797,0.0,30308300,0.0011905605095711483,2273586173.144798
2020-12-22,63.54011917114258,0.0,86.4800033569336,0.0,86.54000091552734,86.3499984741211,86.43000030517578,0.0,21975100,0.0012614397928416643,2260184449.556532
2020-12-23,63.82664108276367,0.0,86.87000274658203,0.0,86.91000366210938,86.5999984741211,86.62000274658203,0.0,15913900,0.0012614397928416645,2250847988.3432484
2020-12-24,63.9588737487793,0.0,87.05000305175781,0.0,87.05000305175781,86.94000244140625,86.94999694824219,0.0,7327300,0.001183080941496366,2234151256.9051166
2020-12-28,64.03968811035156,0.0,87.16000366210938,0.0,87.2300033569336,87.04000091552734,87.18000030517578,0.0,22575500,0.001148197637993055,2200636252.912243
2020-12-29,63.9588737487793,0.0,87.05000305175781,0.0,87.30999755859375,87.04000091552734,87.30999755859375,0.0,22893000,0.0012315613091985413,2190182234.201752
2020-12-30,64.09111022949219,0.0,87.2300033569336,0.0,87.27999877929688,87.08000183105469,87.08000183105469,0.0,21080100,0.0012250725635937155,2186141175.518575
2020-12-31,64.1426010131836,0.0,87.30000305175781,0.0,87.33999633789062,87.16999816894531,87.20999908447266,0.0,12059900,0.001156034667917953,2174535919.6607437
2021-01-04,64.01032257080078,0.0,87.12000274658203,0.0,87.4000015258789,86.87000274658203,87.4000015258789,0.0,34528300,0.0011927803618974873,2183383488.3821335
2021-01-05,64.03238677978516,0.0,87.1500015258789,0.0,87.25,86.9800033569336,87.0199966430664,0.0,33725500,0.001240130845958497,2192097076.1400013
2021-01-06,63.91480255126953,0.0,86.98999786376953,0.0,87.33999633789062,86.97000122070312,87.08999633789062,0.0,37148100,0.0013172483462866667,2203910528.7555213
2021-01-07,64.09850311279297,0.0,87.23999786376953,0.0,87.37000274658203,87.12999725341797,87.18000030517578,0.0,25868200,0.0013471079628983521,2207691757.7758846
2021-01-08,64.1939926147461,0.0,87.37000274658203,0.0,87.37999725341797,87.13999938964844,87.3499984741211,0.0,27403600,0.001429118538531876,2214972719.518044
2021-01-11,63.84867477416992,0.0,86.9000015258789,0.0,87.16999816894531,86.88999938964844,87.0199966430664,0.0,26608000,0.0013526141737366412,2220275916.7105355
2021-01-12,63.929500579833984,0.0,87.01000213623047,0.0,87.06999969482422,86.79000091552734,86.88999938964844,0.0,41746100,0.0012244460703880844,2228136749.570762
2021-01-13,64.12055206298828,0.0,87.2699966430664,0.0,87.30999755859375,86.94999694824219,86.9800033569336,0.0,47710300,0.0011058758652421567,2247121104.0734
2021-01-14,64.10586547851562,0.0,87.25,0.0,87.37999725341797,87.22000122070312,87.2699966430664,0.0,25484800,0.001070803463127588,2253153724.4536686
2021-01-15,64.00297546386719,0.0,87.11000061035156,0.0,87.2699966430664,87.05000305175781,87.13999938964844,0.0,48134800,0.0009468452462120418,2271276314.216614
2021-01-19,64.18667602539062,0.0,87.36000061035156,0.0,87.37999725341797,87.1500015258789,87.3499984741211,0.0,24270500,0.0009342403450679989,2276966810.398199
2021-01-20,64.30420684814453,0.0,87.5199966430664,0.0,87.62000274658203,87.37000274658203,87.62000274658203,0.0,24534700,0.0008918531172531641,2279048289.9526267
2021-01-21,64.26746368408203,0.0,87.47000122070312,0.0,87.56999969482422,87.37999725341797,87.47000122070312,0.0,20451400,0.0009785363797647827,2283007976.8021417
2021-01-22,64.1426010131836,0.0,87.30000305175781,0.0,87.38999938964844,87.18000030517578,87.27999877929688,0.0,26615900,0.0009076570964942667,2282375044.251978
2021-01-25,64.15727233886719,0.0,87.31999969482422,0.0,87.33999633789062,87.02999877929688,87.30000305175781,0.0,28718200,0.0009275914871464149,2292220891.379674
2021-01-26,64.06175994873047,0.0,87.19000244140625,0.0,87.33000183105469,87.18000030517578,87.29000091552734,0.0,39103500,0.0009751253355455151,2310576788.371767
2021-01-27,63.878047943115234,0.0,86.94000244140625,0.0,87.22000122070312,86.80999755859375,87.0199966430664,0.0,46378600,0.0009751253355455151,2332601006.5306106
2021-01-28,64.0691146850586,0.0,87.19999694824219,0.0,87.48999786376953,87.13999938964844,87.16000366210938,0.0,38836200,0.0009736138037087242,2347319481.344187
2021-01-29,63.90011215209961,0.0,86.97000122070312,0.0,87.37000274658203,86.88999938964844,87.12999725341797,0.0,46095900,0.0008821701009237681,2342059953.1161537
2021-02-01,64.1051254272461,0.0,86.93000030517578,0.318,86.97000122070312,86.66000366210938,86.80999755859375,0.0,35620700,0.0008787295952760548,2347237579.8648896
2021-02-02,64.26000213623047,0.0,87.13999938964844,0.0,87.26000213623047,87.08999633789062,87.1500015258789,0.0,29522300,0.0008419839012965204,2355852647.8594584
2021-02-03,64.31156158447266,0.0,87.20999908447266,0.0,87.36000061035156,87.16999816894531,87.19999694824219,0.0,31911000,0.0007728637884583244,2366384504.5031896
2021-02-04,64.44434356689453,0.0,87.38999938964844,0.0,87.47000122070312,87.30999755859375,87.3499984741211,0.0,21181100,0.0007177460515265806,2371226875.459623
2021-02-05,64.54022216796875,0.0,87.5199966430664,0.0,87.6500015258789,87.4800033569336,87.62999725341797,0.0,21653100,0.0006192817461080011,2377282907.2669864
2021-02-08,64.73198699951172,0.0,87.77999877929688,0.0,87.77999877929688,87.55999755859375,87.58999633789062,0.0,16590100,0.0005204513070196192,2379181385.052018
2021-02-09,64.61396789550781,0.0,87.62000274658203,0.0,87.7300033569336,87.56999969482422,87.6500015258789,0.0,14404300,0.00048307303810510294,2379927309.5846634
2021-02-10,64.59918212890625,0.0,87.5999984741211,0.0,87.68000030517578,87.47000122070312,87.62000274658203,0.0,20469400,0.0004664058378642803,2380396438.018242
2021-02-11,64.62870025634766,0.0,87.63999938964844,0.0,87.68000030517578,87.54000091552734,87.63999938964844,0.0,17047200,0.0005247899426423198,2380185719.3680654
2021-02-12,64.73198699951172,0.0,87.77999877929688,0.0,87.79000091552734,87.55000305175781,87.55000305175781,0.0,17800100,0.0005631782823626791,2373571264.874286
2021-02-16,64.62870025634766,0.0,87.63999938964844,0.0,87.73999786376953,87.56999969482422,87.7300033569336,0.0,22264400,0.0006376399079820816,2379666923.546061
2021-02-17,64.6065673828125,0.0,87.61000061035156,0.0,87.61000061035156,87.43000030517578,87.45999908447266,0.0,20276700,0.0005984902534438093,2384531343.4205613
2021-02-18,64.51811218261719,0.0,87.48999786376953,0.0,87.58999633789062,87.38999938964844,87.47000122070312,0.0,26366700,0.0006937507316649501,2386098947.6782722
2021-02-19,64.52544403076172,0.0,87.5,0.0,87.62999725341797,87.4800033569336,87.62999725341797,0.0,28124800,0.0006191824038327733,2393067961.774511
2021-02-22,64.32633972167969,0.0,87.2300033569336,0.0,87.45999908447266,87.2300033569336,87.37000274658203,0.0,25455400,0.0006191824038327733,2397297047.7066703
2021-02-23,64.481201171875,0.0,87.44000244140625,0.0,87.51000213623047,87.01000213623047,87.19000244140625,0.0,29015900,0.0006687862115022311,2405616236.2810707
2021-02-24,64.5475845336914,0.0,87.52999877929688,0.0,87.52999877929688,87.2300033569336,87.30999755859375,0.0,21791800,0.0007083251843073223,2409905206.2691946
2021-02-25,63.93553161621094,0.0,86.69999694824219,0.0,87.41999816894531,86.5999984741211,87.33000183105469,0.0,59413400,0.0007815484022102491,2434542321.1689177
2021-02-26,63.74376678466797,0.0,86.44000244140625,0.0,86.91999816894531,86.41000366210938,86.87999725341797,0.0,46615300,0.0006996962628415538,2455537179.1822343
2021-03-01,64.45941162109375,0.0,87.0999984741211,0.307,87.16000366210938,86.55999755859375,86.66999816894531,0.0,48014200,0.0009190701792414815,2475316502.7248387
2021-03-02,64.36322021484375,0.0,86.97000122070312,0.0,87.16000366210938,86.93000030517578,87.1500015258789,0.0,23988500,0.0009779924770275778,2482130348.5762825
2021-03-03,64.15599822998047,0.0,86.69000244140625,0.0,86.91000366210938,86.66000366210938,86.83999633789062,0.0,30197000,0.0009779924770275778,2488414958.22657
2021-03-04,63.91179275512695,0.0,86.36000061035156,0.0,86.94999694824219,86.08000183105469,86.75,0.0,49020300,0.001006114918242586,2506622656.426324
2021-03-05,64.10418701171875,0.0,86.62000274658203,0.0,86.72000122070312,86.08999633789062,86.48999786376953,0.0,46950100,0.0012247018554916189,2528155728.973564
2021-03-08,63.637962341308594,0.0,85.98999786376953,0.0,86.63999938964844,85.97000122070312,86.56999969482422,0.0,39868700,0.0014618060378069218,2532389410.9586444
2021-03-09,63.72676849365234,0.0,86.11000061035156,0.0,86.44999694824219,86.08000183105469,86.22000122070312,0.0,31441100,0.0015707113315710634,2529678119.2148423
2021-03-10,63.926570892333984,0.0,86.37999725341797,0.0,86.5,86.1500015258789,86.22000122070312,0.0,23776600,0.0016800133447598103,2522661016.104362
2021-03-11,64.16339874267578,0.0,86.69999694824219,0.0,86.86000061035156,86.58000183105469,86.58000183105469,0.0,27728500,0.0016745024887448536,2519578360.7973433
2021-03-12,63.98576354980469,0.0,86.45999908447266,0.0,86.5999984741211,86.37000274658203,86.55999755859375,0.0,21842000,0.001616118383966814,2512582230.4491134
2021-03-15,63.993194580078125,0.0,86.47000122070312,0.0,86.55000305175781,86.30999755859375,86.4000015258789,0.0,14719400,0.0016369444671656976,2508738000.32583
2021-03-16,63.84518432617188,0.0,86.2699966430664,0.0,86.48999786376953,86.18000030517578,86.43000030517578,0.0,22931400,0.0015932585575192805,2505050658.2888956
2021-03-17,63.93399429321289,0.0,86.38999938964844,0.0,86.6500015258789,86.04000091552734,86.0999984741211,0.0,28345800,0.0016970832493100065,2509597084.915191
2021-03-18,63.44551467895508,0.0,85.7300033569336,0.0,86.16999816894531,85.70999908447266,86.05999755859375,0.0,37150300,0.0016635250927423523,2516780366.1406617
2021-03-19,63.68976593017578,0.0,86.05999755859375,0.0,86.1500015258789,85.6500015258789,85.86000061035156,0.0,47467800,0.0018736476416520479,2531931167.3478985
2021-03-22,63.919166564941406,0.0,86.37000274658203,0.0,86.5199966430664,86.1500015258789,86.19999694824219,0.0,32979500,0.0018736476416520479,2534541164.61944
2021-03-23,63.98576354980469,0.0,86.45999908447266,0.0,86.5,86.25,86.3499984741211,0.0,24705800,0.001911038777152074,2522981114.5413046
2021-03-24,64.02279663085938,0.0,86.51000213623047,0.0,86.80000305175781,86.51000213623047,86.54000091552734,0.0,31374500,0.0018239659559478826,2516957435.8020725
2021-03-25,64.1337890625,0.0,86.66000366210938,0.0,86.66000366210938,86.36000061035156,86.44999694824219,0.0,24070300,0.0017507427380449557,2507425657.0351377
2021-03-26,64.32623291015625,0.0,86.91999816894531,0.0,86.93000030517578,86.56999969482422,86.76000213623047,0.0,25948000,0.0017507427380449557,2499765285.5400934
2021-03-29,64.36322021484375,0.0,86.97000122070312,0.0,87.0,86.69999694824219,86.86000061035156,0.0,17447500,0.0015850369417954875,2488087017.4151707
2021-03-30,64.20781707763672,0.0,86.76000213623047,0.0,86.87999725341797,86.73999786376953,86.83000183105469,0.0,19622100,0.00156923453898065,2488162309.0916286
2021-03-31,64.51860809326172,0.0,87.18000030517578,0.0,87.20999908447266,86.8499984741211,86.86000061035156,0.0,41604700,0.0015779703383241232,2503523890.870352
2021-04-01,64.65528106689453,0.0,87.06999969482422,0.294,87.06999969482422,86.8499984741211,86.97000122070312,0.0,30806600,0.0016149302732646708,2505636684.2723904
2021-04-05,64.68497467041016,0.0,87.11000061035156,0.0,87.18000030517578,87.04000091552734,87.08000183105469,0.0,20758300,0.0013294258791050546,2499297875.77023
2021-04-06,64.79634094238281,0.0,87.26000213623047,0.0,87.30000305175781,87.12999725341797,87.12999725341797,0.0,15367900,0.0010923216967897516,2492453352.5138917
2021-04-07,64.77405548095703,0.0,87.2300033569336,0.0,87.31999969482422,87.16999816894531,87.27999877929688,0.0,15645400,0.0010093534644672318,2484922011.8758006
2021-04-08,64.79634094238281,0.0,87.26000213623047,0.0,87.36000061035156,87.23999786376953,87.33000183105469,0.0,11052100,0.0008451701465971232,2467262593.6350446
2021-04-09,64.75178527832031,0.0,87.19999694824219,0.0,87.20999908447266,87.0999984741211,87.1500015258789,0.0,17413100,0.0008451701465971232,2465239907.9148736
2021-04-12,64.68497467041016,0.0,87.11000061035156,0.0,87.13999938964844,87.0199966430664,87.0999984741211,0.0,15464500,0.0008905792282006891,2463325716.4577966
2021-04-13,64.72950744628906,0.0,87.16999816894531,0.0,87.19999694824219,86.91000366210938,87.01000213623047,0.0,20643500,0.0008644151301833887,2463255044.332129
2021-04-14,64.69979858398438,0.0,87.12999725341797,0.0,87.29000091552734,87.08999633789062,87.19000244140625,0.0,17992800,0.0008336394142104033,2468579904.2641106
2021-04-15,64.9597396850586,0.0,87.4800033569336,0.0,87.4800033569336,87.2699966430664,87.33000183105469,0.0,20944400,0.0007851840501501759,2466132703.3300548
2021-04-16,64.82608795166016,0.0,87.30000305175781,0.0,87.52999877929688,87.30000305175781,87.5,0.0,32509300,0.0007945529755343843,2467378348.4591103
2021-04-19,64.72210693359375,0.0,87.16000366210938,0.0,87.29000091552734,87.12000274658203,87.19999694824219,0.0,23904900,0.0005706553806259778,2462239659.8110256
2021-04-20,64.61071014404297,0.0,87.01000213623047,0.0,87.13999938964844,86.95999908447266,87.05999755859375,0.0,22901000,0.0005706553806259778,2459612189.075585
2021-04-21,64.82608795166016,0.0,87.30000305175781,0.0,87.30000305175781,86.95999908447266,86.97000122070312,0.0,19527000,0.0005257712586078635,2459087882.3148155
2021-04-22,64.7072525024414,0.0,87.13999938964844,0.0,87.33000183105469,87.12000274658203,87.31999969482422,0.0,18506500,0.000566735551300296,2453314689.7247314
2021-04-23,64.87801361083984,0.0,87.37000274658203,0.0,87.44999694824219,87.19000244140625,87.19999694824219,0.0,14388700,0.0006417809677682761,2445225223.793242
2021-04-26,64.84832000732422,0.0,87.33000183105469,0.0,87.4800033569336,87.29000091552734,87.37999725341797,0.0,12746100,0.0006860000476179367,2434563866.075903
2021-04-27,64.75922393798828,0.0,87.20999908447266,0.0,87.37999725341797,87.20999908447266,87.37999725341797,0.0,17660600,0.0006323319274674769,2432821222.1384563
2021-04-28,64.88545227050781,0.0,87.37999725341797,0.0,87.44999694824219,87.16999816894531,87.23999786376953,0.0,14795000,0.000654995497090268,2409632119.231742
2021-04-29,64.9597396850586,0.0,87.4800033569336,0.0,87.55000305175781,87.3499984741211,87.55000305175781,0.0,17152900,0.0006462596977467947,2400914651.7118363
2021-04-30,64.93000030517578,0.0,87.44000244140625,0.0,87.48999786376953,87.3499984741211,87.37000274658203,0.0,23367500,0.0006214283943916189,2386797683.62434
2021-05-03,64.95533752441406,0.0,87.18000030517578,0.294,87.33000183105469,87.16999816894531,87.2300033569336,0.0,15782400,0.0006250250547599931,2373064232.2757297
2021-05-04,64.91808319091797,0.0,87.12999725341797,0.0,87.1500015258789,86.97000122070312,87.11000061035156,0.0,23089700,0.0006250250547599931,2364531525.9476433
2021-05-05,65.04479217529297,0.0,87.30000305175781,0.0,87.31999969482422,87.16999816894531,87.19000244140625,0.0,13676300,0.0005742214619365363,2356954015.7286506
2021-05-06,65.02239990234375,0.0,87.2699966430664,0.0,87.33999633789062,87.1500015258789,87.29000091552734,0.0,23110100,0.0006295584735689957,2346303203.889823
2021-05-07,65.06708526611328,0.0,87.33000183105469,0.0,87.41000366210938,87.2300033569336,87.3499984741211,0.0,17872700,0.0006319343922370435,2319678750.3034744
2021-05-10,64.91808319091797,0.0,87.12999725341797,0.0,87.37999725341797,87.12999725341797,87.36000061035156,0.0,16580800,0.0006252916225374856,2293756355.5073996
2021-05-11,64.8510513305664,0.0,87.04000091552734,0.0,87.08999633789062,86.80999755859375,86.9000015258789,0.0,28683600,0.0005922412976355429,2296015182.5005484
2021-05-12,64.5380859375,0.0,86.62000274658203,0.0,86.9800033569336,86.62000274658203,86.91999816894531,0.0,31630100,0.0006561873146064876,2277309393.324964
2021-05-13,64.76907348632812,0.0,86.93000030517578,0.0,87.0,86.76000213623047,86.7699966430664,0.0,28689600,0.0007019993276934373,2270356914.125049
2021-05-14,64.97769165039062,0.0,87.20999908447266,0.0,87.20999908447266,87.0199966430664,87.05000305175781,0.0,22550800,0.0006309280806557421,2276156552.005683
2021-05-17,64.85845947265625,0.0,87.05000305175781,0.0,87.20999908447266,86.98999786376953,87.19999694824219,0.0,13545000,0.0007288669229311594,2256252494.150646
2021-05-18,64.7020263671875,0.0,86.83999633789062,0.0,87.16999816894531,86.83000183105469,87.16999816894531,0.0,16447500,0.0007634421638361869,2253838409.755907
2021-05-19,64.53067016601562,0.0,86.61000061035156,0.0,86.83999633789062,86.56999969482422,86.5999984741211,0.0,34701000,0.0007013969520326695,2258358944.0026603
2021-05-20,64.80635833740234,0.0,86.9800033569336,0.0,87.33999633789062,86.68000030517578,86.68000030517578,0.0,28013700,0.0006787676959122102,2261498376.91941
2021-05-21,64.90319061279297,0.0,87.11000061035156,0.0,87.12999725341797,86.91999816894531,87.08000183105469,0.0,36466200,0.000648938630476496,2271662710.6735773
2021-05-24,64.97769165039062,0.0,87.20999908447266,0.0,87.30999755859375,87.0999984741211,87.18000030517578,0.0,24277800,0.0006047195506268356,2273638657.8166842
2021-05-25,64.98516845703125,0.0,87.22000122070312,0.0,87.27999877929688,87.13999938964844,87.26000213623047,0.0,15466600,0.0006633881474464174,2251252008.417808
2021-05-26,65.00750732421875,0.0,87.25,0.0,87.2699966430664,87.16000366210938,87.16000366210938,0.0,14354900,0.0006502529130596604,2244944737.1669893
2021-05-27,64.97769165039062,0.0,87.20999908447266,0.0,87.37999725341797,87.19999694824219,87.37999725341797,0.0,12682100,0.0006502529130596604,2235857694.0087457
2021-05-28,64.95533752441406,0.0,87.18000030517578,0.0,87.3499984741211,87.18000030517578,87.30000305175781,0.0,15464100,0.0006551264327161471,2228405828.8398137
2021-06-01,65.15044403076172,0.0,87.1500015258789,0.291,87.16000366210938,87.0,87.05999755859375,0.0,22655300,0.000651529772347773,2239043048.0278683
2021-06-02,65.23267364501953,0.0,87.26000213623047,0.0,87.2699966430664,87.12000274658203,87.1500015258789,0.0,13698300,0.000651529772347773,2231911763.001403
2021-06-03,65.09812927246094,0.0,87.08000183105469,0.0,87.2300033569336,86.98999786376953,87.02999877929688,0.0,16701800,0.0006972222929468818,2225491646.4514894
2021-06-04,65.24015808105469,0.0,87.2699966430664,0.0,87.30999755859375,87.16999816894531,87.2300033569336,0.0,26829200,0.0006775721240464921,2227811677.690082
2021-06-07,65.26263427734375,0.0,87.30000305175781,0.0,87.3499984741211,87.26000213623047,87.29000091552734,0.0,9189800,0.0006751962053784444,2219936602.2644343
2021-06-08,65.30745697021484,0.0,87.36000061035156,0.0,87.44000244140625,87.30999755859375,87.44000244140625,0.0,10983900,0.0006364298934744364,2214206156.5521183
2021-06-09,65.35977935791016,0.0,87.43000030517578,0.0,87.48999786376953,87.4000015258789,87.47000122070312,0.0,13232200,0.0006614449384796851,2211116413.2229333
2021-06-10,65.47936248779297,0.0,87.58999633789062,0.0,87.66000366210938,87.45999908447266,87.5,0.0,15290000,0.0005974989215087404,2207007644.5541983
2021-06-11,65.50181579589844,0.0,87.62000274658203,0.0,87.69000244140625,87.55000305175781,87.6500015258789,0.0,12559600,0.000515777339570034,2190577565.0236583
2021-06-14,65.44200134277344,0.0,87.54000091552734,0.0,87.58999633789062,87.47000122070312,87.58999633789062,0.0,19408600,0.000515777339570034,2187361106.9933395
2021-06-15,65.43453216552734,0.0,87.52999877929688,0.0,87.56999969482422,87.44000244140625,87.4800033569336,0.0,16037000,0.0004549638346244814,2186325529.668118
2021-06-16,65.3448257446289,0.0,87.41000366210938,0.0,87.56999969482422,87.26000213623047,87.52999877929688,0.0,21267200,0.00045643284906547114,2186832079.295658
2021-06-17,65.3896713256836,0.0,87.47000122070312,0.0,87.5,87.37999725341797,87.45999908447266,0.0,21099000,0.0004873705746851715,2184186742.066877
2021-06-18,65.35977935791016,0.0,87.43000030517578,0.0,87.44999694824219,87.29000091552734,87.33999633789062,0.0,35134500,0.0004828416083217593,2179352999.7886777
2021-06-21,65.48682403564453,0.0,87.5999984741211,0.0,87.5999984741211,87.44999694824219,87.5199966430664,0.0,21265000,0.0004376252572894932,2177700996.6058035
2021-06-22,65.5317153930664,0.0,87.66000366210938,0.0,87.66000366210938,87.5199966430664,87.56999969482422,0.0,14604400,0.0004376252572894932,2169465238.933757
2021-06-23,65.46443176269531,0.0,87.56999969482422,0.0,87.75,87.56999969482422,87.62999725341797,0.0,16583100,0.00037895666046991136,2160214874.709114
2021-06-24,65.66626739501953,0.0,87.83999633789062,0.0,87.83999633789062,87.69999694824219,87.73999786376953,0.0,12722300,0.00039248071368332165,2154001541.880865
2021-06-25,65.7335433959961,0.0,87.93000030517578,0.0,87.94999694824219,87.83000183105469,87.8499984741211,0.0,16175000,0.00039248071368332165,2154317630.914416
2021-06-28,65.72608947753906,0.0,87.91999816894531,0.0,87.97000122070312,87.86000061035156,87.97000122070312,0.0,16019300,0.0003579421614713471,2160433308.2105002
2021-06-29,65.8083267211914,0.0,88.02999877929688,0.0,88.02999877929688,87.93000030517578,87.94000244140625,0.0,12728000,0.0003579421614713471,2153709222.192952
2021-06-30,65.81578063964844,0.0,88.04000091552734,0.0,88.06999969482422,87.95999908447266,87.97000122070312,0.0,26093500,0.0003698241174881705,2156125381.2725186
2021-07-01,65.94480895996094,0.0,87.91999816894531,0.292,87.91999816894531,87.80999755859375,87.83000183105469,0.0,31932400,0.00034548224684917146,2163813312.6674833
2021-07-02,66.0498275756836,0.0,88.05999755859375,0.0,88.06999969482422,87.91999816894531,87.95999908447266,0.0,11464800,0.0002930803666988019,2163470145.6294346
2021-07-06,66.01231384277344,0.0,88.01000213623047,0.0,88.08000183105469,87.94000244140625,88.05999755859375,0.0,17784300,0.0003550478190394504,2152018484.4402013
2021-07-07,66.03479766845703,0.0,88.04000091552734,0.0,88.0999984741211,87.93000030517578,88.08999633789062,0.0,11463700,0.000423940251833318,2136701712.8690448
2021-07-08,65.89230346679688,0.0,87.8499984741211,0.0,87.93000030517578,87.7699966430664,87.80999755859375,0.0,21936400,0.00041738301864893056,2126349328.47924
2021-07-09,66.00479125976562,0.0,88.0,0.0,88.0199966430664,87.87000274658203,87.87999725341797,0.0,17698100,0.00041738301864893056,2120799257.7432117
2021-07-12,65.9822998046875,0.0,87.97000122070312,0.0,88.0199966430664,87.88999938964844,88.0,0.0,17546700,0.00046447142426958636,2114047913.4031568
2021-07-13,65.78729248046875,0.0,87.70999908447266,0.0,87.95999908447266,87.69999694824219,87.91999816894531,0.0,26938600,0.00046447142426958636,2114449098.6470964
2021-07-14,65.89230346679688,0.0,87.8499984741211,0.0,87.87999725341797,87.73999786376953,87.80999755859375,0.0,16100200,0.0004759075957295539,2096846513.688793
2021-07-15,65.84727478027344,0.0,87.79000091552734,0.0,87.81999969482422,87.72000122070312,87.7699966430664,0.0,16384800,0.00048392507584736,2075217496.9122932
2021-07-16,65.75729370117188,0.0,87.66999816894531,0.0,87.83999633789062,87.63999938964844,87.83999633789062,0.0,17820400,0.00048544351032043484,2069969605.1295145
2021-07-19,65.31476593017578,0.0,87.08000183105469,0.0,87.48999786376953,86.9800033569336,87.45999908447266,0.0,54224700,0.00047163744011187393,2074166942.5732386
2021-07-20,65.64476776123047,0.0,87.5199966430664,0.0,87.52999877929688,87.08000183105469,87.16000366210938,0.0,26941300,0.0006515690353739662,2076052907.5791616
2021-07-21,65.80228424072266,0.0,87.7300033569336,0.0,87.76000213623047,87.55999755859375,87.58000183105469,0.0,18522600,0.0006515690353739662,2071907755.9802766
2021-07-22,65.83978271484375,0.0,87.77999877929688,0.0,87.8499984741211,87.6500015258789,87.73999786376953,0.0,17110500,0.0006515690353739662,2069630578.8862138
2021-07-23,65.96730041503906,0.0,87.94999694824219,0.0,87.98999786376953,87.83000183105469,87.87999725341797,0.0,19441000,0.0005853967519532632,2064759687.929432
2021-07-26,65.86980438232422,0.0,87.81999969482422,0.0,87.97000122070312,87.77999877929688,87.91999816894531,0.0,15282700,0.0006381151008434088,2055509318.834989
2021-07-27,65.77976989746094,0.0,87.69999694824219,0.0,87.7699966430664,87.55999755859375,87.69999694824219,0.0,19919000,0.0006068278159303766,2042314572.6345487
2021-07-28,65.83231353759766,0.0,87.7699966430664,0.0,87.8499984741211,87.66999816894531,87.80000305175781,0.0,15129200,0.0006068278159303766,2020852145.9360032
2021-07-29,65.97480010986328,0.0,87.95999908447266,0.0,88.0,87.83000183105469,87.83000183105469,0.0,18675000,0.0005949458599135533,2007011959.1218858
2021-07-30,65.88477325439453,0.0,87.83999633789062,0.0,87.97000122070312,87.83999633789062,87.93000030517578,0.0,21062100,0.0006340386598908396,1989878104.4202895
2021-08-02,65.72151947021484,0.0,87.33999633789062,0.283,87.69000244140625,87.33999633789062,87.66999816894531,0.0,27274400,0.0006340386598908396,1984208568.9778101
2021-08-03,65.7967529296875,0.0,87.44000244140625,0.0,87.45999908447266,87.27999877929688,87.38999938964844,0.0,16058700,0.0005720712075501912,1974935549.6383243
2021-08-04,65.67635345458984,0.0,87.27999877929688,0.0,87.41999816894531,87.27999877929688,87.37000274658203,0.0,17113300,0.00056954359175955,1964702934.7361429
2021-08-05,65.82686614990234,0.0,87.4800033569336,0.0,87.5199966430664,87.33000183105469,87.33000183105469,0.0,15465700,0.0006146813344505686,1960749944.036502
2021-08-06,65.75160217285156,0.0,87.37999725341797,0.0,87.5199966430664,87.37000274658203,87.43000030517578,0.0,12923200,0.000686549158018819,1954671768.9666083
2021-08-09,65.60111236572266,0.0,87.18000030517578,0.0,87.36000061035156,87.18000030517578,87.33999633789062,0.0,10788700,0.0006200009935194214,1950578752.3915608
2021-08-10,65.45063781738281,0.0,86.9800033569336,0.0,87.19999694824219,86.97000122070312,87.19000244140625,0.0,31522900,0.0006200009935194214,1962322856.6951933
2021-08-11,65.55596160888672,0.0,87.12000274658203,0.0,87.16000366210938,87.01000213623047,87.04000091552734,0.0,15834400,0.0006332888749944572,1959040107.1930053
2021-08-12,65.6688003540039,0.0,87.2699966430664,0.0,87.29000091552734,87.08999633789062,87.12000274658203,0.0,14127800,0.0005892271395306338,1956968015.613471
2021-08-13,65.8117904663086,0.0,87.45999908447266,0.0,87.45999908447266,87.30000305175781,87.30000305175781,0.0,10016800,0.0005567709794378586,1951520210.5544076
2021-08-16,65.8343734741211,0.0,87.48999786376953,0.0,87.48999786376953,87.3499984741211,87.44000244140625,0.0,12598100,0.0005879849094675973,1944781764.0439048
2021-08-17,65.68388366699219,0.0,87.29000091552734,0.0,87.4000015258789,87.19999694824219,87.38999938964844,0.0,18468400,0.0004689713661631584,1943477517.6433685
2021-08-18,65.53339385986328,0.0,87.08999633789062,0.0,87.38999938964844,87.08999633789062,87.30000305175781,0.0,12147600,0.0005388414795987718,1933565707.427809
2021-08-19,65.52586364746094,0.0,87.08000183105469,0.0,87.19999694824219,86.94999694824219,87.0,0.0,20026700,0.0005388414795987718,1927875271.4966183
2021-08-20,65.68388366699219,0.0,87.29000091552734,0.0,87.33000183105469,87.08999633789062,87.0999984741211,0.0,16784100,0.0005388414795987718,1921880108.6149852
2021-08-23,65.88703155517578,0.0,87.55999755859375,0.0,87.58999633789062,87.41000366210938,87.41000366210938,0.0,21933100,0.0004861231307086263,1916985757.9452455
2021-08-24,65.97733306884766,0.0,87.68000030517578,0.0,87.69999694824219,87.55000305175781,87.58000183105469,0.0,20828100,0.0004861231307086263,1916341088.000464
2021-08-25,66.04510498046875,0.0,87.7699966430664,0.0,87.81999969482422,87.66000366210938,87.69999694824219,0.0,19085400,0.0004861231307086263,1888753658.5976615
2021-08-26,66.00747680664062,0.0,87.72000122070312,0.0,87.7699966430664,87.58000183105469,87.76000213623047,0.0,17676100,0.0004976641020208105,1869080014.6910772
2021-08-27,66.18803405761719,0.0,87.95999908447266,0.0,87.98999786376953,87.7300033569336,87.75,0.0,18519700,0.00043722065208341433,1848817761.1062248
2021-08-30,66.27079010009766,0.0,88.06999969482422,0.0,88.0999984741211,87.95999908447266,87.9800033569336,0.0,11640000,0.00043722065208341433,1840395974.7742002
2021-08-31,66.28585052490234,0.0,88.08999633789062,0.0,88.0999984741211,87.97000122070312,88.05999755859375,0.0,19163900,0.000507213101636009,1833017957.9257603
2021-09-01,66.34246826171875,0.0,87.88999938964844,0.275,87.9800033569336,87.81999969482422,87.83999633789062,0.0,22973500,0.0004904121728171342,1815444527.4738433
2021-09-02,66.42550659179688,0.0,88.0,0.0,88.0199966430664,87.93000030517578,88.0,0.0,16521300,0.00045916512029758926,1794706881.5139043
2021-09-03,66.43305969238281,0.0,88.01000213623047,0.0,88.04000091552734,87.88999938964844,87.95999908447266,0.0,6491000,0.0004214956017183835,1772031988.6252933
2021-09-07,66.25944519042969,0.0,87.77999877929688,0.0,87.98999786376953,87.7699966430664,87.98999786376953,0.0,11728800,0.0004438148316901707,1758715805.3672972
2021-09-08,66.33490753173828,0.0,87.87999725341797,0.0,87.91000366210938,87.70999908447266,87.79000091552734,0.0,13020900,0.000467630245619321,1751497186.4271498
2021-09-09,66.39530181884766,0.0,87.95999908447266,0.0,87.9800033569336,87.86000061035156,87.87000274658203,0.0,23024700,0.000405780855354453,1748490771.5504904
2021-09-10,66.29718780517578,0.0,87.83000183105469,0.0,88.08999633789062,87.81999969482422,88.08000183105469,0.0,16112600,0.00044075892907144713,1744734504.7846174
2021-09-13,66.46326446533203,0.0,88.05000305175781,0.0,88.05999755859375,87.88999938964844,87.94999694824219,0.0,17136900,0.0005081470222603232,1746608453.684059
2021-09-14,66.43305969238281,0.0,88.01000213623047,0.0,88.12000274658203,87.97000122070312,88.08000183105469,0.0,20108000,0.0004769330922305844,1744953003.8581424
2021-09-15,66.53117370605469,0.0,88.13999938964844,0.0,88.13999938964844,88.01000213623047,88.0199966430664,0.0,17069500,0.0004550694078766052,1737458655.2460988
2021-09-16,66.50855255126953,0.0,88.11000061035156,0.0,88.13999938964844,87.94999694824219,88.11000061035156,0.0,13859700,0.00044030065253327375,1721873598.3552115
2021-09-17,66.42550659179688,0.0,88.0,0.0,88.08999633789062,87.97000122070312,88.08000183105469,0.0,38948500,0.00048789588186032003,1716654465.4019432
2021-09-20,66.19154357910156,0.0,87.69000244140625,0.0,87.80999755859375,87.55000305175781,87.5999984741211,0.0,49641000,0.00048789588186032003,1728595575.7639506
2021-09-21,66.30471801757812,0.0,87.83999633789062,0.0,87.87999725341797,87.68000030517578,87.83000183105469,0.0,27304200,0.00048789588186032003,1730677618.4832194
2021-09-22,66.42550659179688,0.0,88.0,0.0,88.08000183105469,87.8499984741211,87.97000122070312,0.0,24344800,0.00048789588186032003,1726139002.1179562
2021-09-23,66.45568084716797,0.0,88.04000091552734,0.0,88.16000366210938,87.95999908447266,88.05000305175781,0.0,27590300,0.00048789588186032003,1728862158.8728101
2021-09-24,66.35757446289062,0.0,87.91000366210938,0.0,88.0199966430664,87.86000061035156,87.95999908447266,0.0,21713200,0.0004763549105481359,1726111423.7857335
2021-09-27,66.29718780517578,0.0,87.83000183105469,0.0,87.88999938964844,87.7300033569336,87.76000213623047,0.0,17652900,0.0004763549105481359,1726373686.8256161
2021-09-28,65.99528503417969,0.0,87.43000030517578,0.0,87.69999694824219,87.37999725341797,87.66000366210938,0.0,35515900,0.0004763549105481359,1737506557.5392768
2021-09-29,66.11599731445312,0.0,87.58999633789062,0.0,87.70999908447266,87.51000213623047,87.52999877929688,0.0,19783400,0.00048547079049201446,1722472670.0381203
2021-09-30,66.04054260253906,0.0,87.48999786376953,0.0,87.68000030517578,87.37999725341797,87.63999938964844,0.0,41680700,0.0004779816183157756,1730125953.382262
2021-10-01,66.19884490966797,0.0,87.41000366210938,0.289,87.4800033569336,87.13999938964844,87.3499984741211,0.0,30062800,0.00044563311632344054,1736630190.9411778
2021-10-04,65.96401977539062,0.0,87.0999984741211,0.0,87.37999725341797,87.08000183105469,87.3499984741211,0.0,24726400,0.0005268590166336783,1743079924.39706
2021-10-05,65.93378448486328,0.0,87.05999755859375,0.0,87.22000122070312,87.02999877929688,87.19000244140625,0.0,22347700,0.000511634126466234,1747689784.817057
2021-10-06,65.89590454101562,0.0,87.01000213623047,0.0,87.04000091552734,86.7699966430664,86.87000274658203,0.0,28905900,0.0004878187125370837,1759996897.1276903
2021-10-07,65.90347290039062,0.0,87.0199966430664,0.0,87.30000305175781,86.95999908447266,87.12999725341797,0.0,29054000,0.0004878187125370837,1768011632.9658508
2021-10-08,65.7065658569336,0.0,86.76000213623047,0.0,87.05000305175781,86.76000213623047,87.0,0.0,28064300,0.0004528406388200895,1776644538.7080178
2021-10-11,65.50206756591797,0.0,86.48999786376953,0.0,86.80999755859375,86.48999786376953,86.76000213623047,0.0,16068400,0.00038545254563121355,1773392650.0133636
2021-10-12,65.62325286865234,0.0,86.6500015258789,0.0,86.7699966430664,86.58000183105469,86.5999984741211,0.0,32922200,0.0004582078532008508,1783591031.4868078
2021-10-13,65.79743957519531,0.0,86.87999725341797,0.0,86.87999725341797,86.55999755859375,86.69999694824219,0.0,29370400,0.0004918187843455373,1789301222.6695287
2021-10-14,66.16848754882812,0.0,87.37000274658203,0.0,87.37999725341797,87.04000091552734,87.05000305175781,0.0,26937000,0.0004367174262532551,1785455379.612181
2021-10-15,66.05494689941406,0.0,87.22000122070312,0.0,87.38999938964844,87.16999816894531,87.38999938964844,0.0,29782900,0.00046510090607387546,1789535644.7138772
2021-10-18,66.0246353149414,0.0,87.18000030517578,0.0,87.18000030517578,86.98999786376953,87.0199966430664,0.0,20338400,0.00046510090607387546,1787793467.406615
2021-10-19,66.07007598876953,0.0,87.23999786376953,0.0,87.25,87.12000274658203,87.18000030517578,0.0,26103300,0.00046510090607387546,1792337472.7768188
2021-10-20,66.0927963256836,0.0,87.2699966430664,0.0,87.29000091552734,87.19000244140625,87.25,0.0,19720100,0.00046510090607387546,1793197128.8252027
2021-10-21,65.9261703491211,0.0,87.05000305175781,0.0,87.29000091552734,86.98999786376953,87.25,0.0,19273600,0.0004875293299690342,1796535431.8434458
2021-10-22,65.76715087890625,0.0,86.83999633789062,0.0,87.05999755859375,86.80000305175781,87.0199966430664,0.0,20734400,0.0004875293299690342,1801991449.9682834
2021-10-25,65.88075256347656,0.0,86.98999786376953,0.0,87.08000183105469,86.7699966430664,86.94000244140625,0.0,20230000,0.0006188761655071022,1803734519.388544
2021-10-26,65.89590454101562,0.0,87.01000213623047,0.0,87.19999694824219,87.01000213623047,87.12000274658203,0.0,19617200,0.0006188761655071022,1807021071.4087229
2021-10-27,65.8428726196289,0.0,86.94000244140625,0.0,87.12999725341797,86.93000030517578,87.0999984741211,0.0,18521300,0.0005478896196677023,1807891754.8820314
2021-10-28,66.00946807861328,0.0,87.16000366210938,0.0,87.16000366210938,86.9800033569336,86.9800033569336,0.0,16374700,0.0006016198514526515,1803002585.476606
2021-10-29,65.83529663085938,0.0,86.93000030517578,0.0,87.05000305175781,86.93000030517578,87.0199966430664,0.0,26521600,0.000651960959582731,1810380466.899442
2021-11-01,65.76465606689453,0.0,86.55999755859375,0.277,86.77999877929688,86.55000305175781,86.7300033569336,0.0,29987000,0.0005365367542834486,1815014349.036008
2021-11-02,65.92422485351562,0.0,86.7699966430664,0.0,86.83999633789062,86.55999755859375,86.55999755859375,0.0,26441600,0.0006302416789594423,1823747654.6828375
2021-11-03,66.0533447265625,0.0,86.94000244140625,0.0,86.95999908447266,86.69000244140625,86.70999908447266,0.0,22984200,0.0006302416789594423,1823600258.2915108
2021-11-04,66.22809600830078,0.0,87.16999816894531,0.0,87.55999755859375,87.0,87.0199966430664,0.0,28989800,0.0006302416789594423,1831268654.2374809
2021-11-05,66.47882080078125,0.0,87.5,0.0,87.5199966430664,87.25,87.30000305175781,0.0,27595000,0.0007155141257879329,1838966094.2497072
2021-11-08,66.39525604248047,0.0,87.38999938964844,0.0,87.61000061035156,87.33999633789062,87.58999633789062,0.0,11957900,0.0007456643858617307,1827445303.0071743
2021-11-09,66.44844818115234,0.0,87.45999908447266,0.0,87.45999908447266,87.27999877929688,87.38999938964844,0.0,13732600,0.0006729090782920934,1815233031.8528311
2021-11-10,66.07614135742188,0.0,86.97000122070312,0.0,87.3499984741211,86.94000244140625,87.3499984741211,0.0,30438400,0.0006523677328227591,1816449228.268711
2021-11-11,65.96217346191406,0.0,86.81999969482422,0.0,87.04000091552734,86.81999969482422,87.02999877929688,0.0,10086100,0.0006523677328227591,1807790656.4557576
2021-11-12,65.98497772216797,0.0,86.8499984741211,0.0,87.05000305175781,86.83999633789062,86.91999816894531,0.0,26392400,0.0006932404600513188,1816624685.093792
2021-11-15,65.90899658203125,0.0,86.75,0.0,86.91999816894531,86.7300033569336,86.91000366210938,0.0,17057100,0.0006932404600513188,1817032642.119447
2021-11-16,65.93940734863281,0.0,86.79000091552734,0.0,86.87000274658203,86.73999786376953,86.7699966430664,0.0,14302000,0.0007491821813725573,1803031189.4362252
2021-11-17,65.87103271484375,0.0,86.69999694824219,0.0,86.83999633789062,86.69999694824219,86.81999969482422,0.0,17919200,0.0007784528372592732,1796022958.2082477
2021-11-18,65.81780242919922,0.0,86.62999725341797,0.0,86.80999755859375,86.62999725341797,86.80999755859375,0.0,23421300,0.0007811111760800708,1786915152.2591546
2021-11-19,65.76465606689453,0.0,86.55999755859375,0.0,86.7699966430664,86.55999755859375,86.62999725341797,0.0,45282700,0.0008181178584098002,1801219941.827992
2021-11-22,65.51392364501953,0.0,86.2300033569336,0.0,86.66999816894531,86.22000122070312,86.63999938964844,0.0,26266000,0.0006867710228717322,1808489151.3303182
2021-11-23,65.42276000976562,0.0,86.11000061035156,0.0,86.37000274658203,86.02999877929688,86.2300033569336,0.0,33967100,0.0006867710228717322,1821762500.3519998
2021-11-24,65.40756225585938,0.0,86.08999633789062,0.0,86.11000061035156,85.76000213623047,86.0,0.0,31158800,0.0006786492392146589,1834274048.3559988
2021-11-26,64.93651580810547,0.0,85.47000122070312,0.0,85.62000274658203,85.33999633789062,85.61000061035156,0.0,36123400,0.000720772778270296,1848078070.573274
2021-11-29,65.33919525146484,0.0,86.0,0.0,86.12999725341797,85.76000213623047,85.80999755859375,0.0,31728900,0.0006704316701402165,1854064387.798915
2021-11-30,65.06566619873047,0.0,85.63999938964844,0.0,86.06999969482422,85.5199966430664,85.95999908447266,0.0,35465700,0.000744612604264465,1868683188.1091588
2021-12-01,65.07483673095703,0.0,85.37000274658203,0.282,85.94000244140625,85.31999969482422,85.7699966430664,0.0,41845200,0.0007547044208363995,1885492172.7468522
2021-12-02,65.5550537109375,0.0,86.0,0.0,86.05999755859375,85.41000366210938,85.41999816894531,0.0,42383500,0.0010341680348836865,1895838179.144184
2021-12-03,65.5550537109375,0.0,86.0,0.0,86.0999984741211,85.83000183105469,86.05000305175781,0.0,47368800,0.001053496684215783,1921802046.0644617
2021-12-06,65.84468841552734,0.0,86.37999725341797,0.0,86.4800033569336,86.0,86.02999877929688,0.0,28211300,0.0009682242373872923,1933526954.8407419
2021-12-07,66.19535064697266,0.0,86.83999633789062,0.0,87.06999969482422,86.63999938964844,86.70999908447266,0.0,42893500,0.0009380739773134946,1953907749.5461478
2021-12-08,66.18010711669922,0.0,86.81999969482422,0.0,86.87000274658203,86.68000030517578,86.77999877929688,0.0,26598200,0.0009939133238013966,1961606199.3229458
2021-12-09,65.88282012939453,0.0,86.43000030517578,0.0,86.80000305175781,86.43000030517578,86.80000305175781,0.0,24939100,0.0009417893705223702,1969979328.165127
2021-12-10,66.0352554321289,0.0,86.62999725341797,0.0,86.66000366210938,86.52999877929688,86.55999755859375,0.0,20247200,0.0009727766727031722,1970415725.138304
2021-12-13,66.0352554321289,0.0,86.62999725341797,0.0,86.70999908447266,86.55999755859375,86.62999725341797,0.0,17125800,0.0008817108277241059,1971049768.1267087
2021-12-14,65.92092895507812,0.0,86.4800033569336,0.0,86.58999633789062,86.33000183105469,86.5,0.0,20310500,0.0008817108277241059,1970236165.5735197
2021-12-15,66.1724853515625,0.0,86.80999755859375,0.0,86.83999633789062,86.33000183105469,86.47000122070312,0.0,31699000,0.000913069071704739,1977428709.6755376
2021-12-16,66.12352752685547,0.0,86.44999694824219,0.296,86.62999725341797,86.38999938964844,86.55000305175781,0.0,27374000,0.0009584186847533319,1971830875.3163233
2021-12-17,66.06233978271484,0.0,86.37000274658203,0.0,86.51000213623047,86.20999908447266,86.36000061035156,0.0,27248200,0.0009333319220373755,1975724630.4059043
2021-12-20,65.9476547241211,0.0,86.22000122070312,0.0,86.29000091552734,86.08999633789062,86.12999725341797,0.0,27560400,0.0009251095094122269,1984423328.5341597
2021-12-21,66.2994613647461,0.0,86.68000030517578,0.0,86.69000244140625,86.33999633789062,86.33999633789062,0.0,24390500,0.0009251095094122269,1989677189.5302243
2021-12-22,66.47537994384766,0.0,86.91000366210938,0.0,86.93000030517578,86.63999938964844,86.6500015258789,0.0,17433300,0.0009251095094122269,1992832756.0495346
2021-12-23,66.6666030883789,0.0,87.16000366210938,0.0,87.20999908447266,86.94000244140625,86.95999908447266,0.0,15612100,0.0009251095094122269,1992344525.400622
2021-12-27,66.73542785644531,0.0,87.25,0.0,87.31999969482422,87.12999725341797,87.16999816894531,0.0,13396700,0.0007871810225635282,1990443297.2127824
2021-12-28,66.70481872558594,0.0,87.20999908447266,0.0,87.23999786376953,87.08000183105469,87.22000122070312,0.0,17150700,0.0008126595581965685,1993421604.4098868
2021-12-29,66.59776306152344,0.0,87.06999969482422,0.0,87.18000030517578,87.05000305175781,87.1500015258789,0.0,16760300,0.0008024189245845427,1986771188.1558857
2021-12-30,66.5671615600586,0.0,87.02999877929688,0.0,87.0999984741211,86.98999786376953,87.0999984741211,0.0,12326100,0.0006915278435322715,1973003282.7465482
2021-12-31,66.55186462402344,0.0,87.01000213623047,0.0,87.12000274658203,86.9800033569336,87.05999755859375,0.0,11505300,0.0004648265841012148,1972935710.6637561
2022-01-03,66.52124786376953,0.0,86.97000122070312,0.0,86.97000122070312,86.76000213623047,86.91999816894531,0.0,35368400,0.00044549793476911833,1984926135.3477478
2022-01-04,66.35303497314453,0.0,86.75,0.0,87.0,86.66999816894531,87.0,0.0,33609900,0.0005304512415853522,2000056251.7485785
2022-01-05,65.8405532836914,0.0,86.08000183105469,0.0,86.77999877929688,86.08000183105469,86.73999786376953,0.0,44808500,0.0005304512415853522,2015373736.3161905
2022-01-06,65.84818267822266,0.0,86.08999633789062,0.0,86.31999969482422,86.05000305175781,86.0999984741211,0.0,42823200,0.0005031254578061619,2032272278.6271172
2022-01-07,65.67991638183594,0.0,85.87000274658203,0.0,86.0999984741211,85.86000061035156,86.08999633789062,0.0,34630100,0.0005031254578061619,2043622306.8945384
2022-01-10,65.73345947265625,0.0,85.94000244140625,0.0,85.95999908447266,85.37000274658203,85.76000213623047,0.0,52621800,0.0004721381556253601,2060761457.9987783
2022-01-11,66.03939056396484,0.0,86.33999633789062,0.0,86.33999633789062,85.75,85.98999786376953,0.0,32513100,0.0004463525642282004,2071815254.7408452
2022-01-12,66.14646911621094,0.0,86.4800033569336,0.0,86.5199966430664,86.33999633789062,86.47000122070312,0.0,24621400,0.0004463525642282004,2077298089.2460172
2022-01-13,65.90934753417969,0.0,86.16999816894531,0.0,86.5,86.13999938964844,86.45999908447266,0.0,31699700,0.0003904289291323759,2086577840.4808288
2022-01-14,65.84818267822266,0.0,86.08999633789062,0.0,86.2300033569336,86.0,86.11000061035156,0.0,31046200,0.00031580866019706715,2070314985.4730272
2022-01-18,65.52691650390625,0.0,85.66999816894531,0.0,85.8499984741211,85.61000061035156,85.83999633789062,0.0,46331500,0.00031580866019706715,2083103215.9063976
2022-01-19,65.46572875976562,0.0,85.58999633789062,0.0,85.95999908447266,85.55999755859375,85.81999969482422,0.0,31390200,0.00038065118301624905,2091529401.1672428
2022-01-20,65.34337615966797,0.0,85.43000030517578,0.0,85.97000122070312,85.41000366210938,85.75,0.0,38217700,0.0005609601158371478,2105521293.6557345
2022-01-21,65.35102081298828,0.0,85.44000244140625,0.0,85.5999984741211,85.33000183105469,85.43000030517578,0.0,57098000,0.0005609601158371478,2130669050.5504062
2022-01-24,65.28216552734375,0.0,85.3499984741211,0.0,85.41000366210938,84.7699966430664,85.19000244140625,0.0,79230800,0.0005609601158371478,2173686685.072369
2022-01-25,65.0909652709961,0.0,85.0999984741211,0.0,85.29000091552734,84.9000015258789,85.08999633789062,0.0,43642700,0.000716029995681713,2189298569.708833
2022-01-26,64.86913299560547,0.0,84.80999755859375,0.0,85.87000274658203,84.69999694824219,85.47000122070312,0.0,63574900,0.0007805168193517479,2221551722.7292743
2022-01-27,64.58610534667969,0.0,84.44000244140625,0.0,85.12000274658203,84.25,85.0199966430664,0.0,47351000,0.0007165765188395253,2240247481.24277
2022-01-28,64.76969909667969,0.0,84.68000030517578,0.0,84.69000244140625,83.94999694824219,84.25,0.0,51496700,0.0007165765188395253,2260173241.4399705
2022-01-31,64.7850112915039,0.0,84.69999694824219,0.0,84.83000183105469,84.22000122070312,84.5,0.0,78932100,0.00077661763598,2294327230.590766
2022-02-01,65.04216003417969,0.0,84.7300033569336,0.305,84.77999877929688,84.37000274658203,84.6500015258789,0.0,42377300,0.0009549100682992121,2311680056.0197496
2022-02-02,65.1419448852539,0.0,84.86000061035156,0.0,84.95999908447266,84.61000061035156,84.9000015258789,0.0,29261500,0.0008699567614829781,2319533088.5971313
2022-02-03,64.55854034423828,0.0,84.0999984741211,0.0,84.54000091552734,84.08999633789062,84.47000122070312,0.0,44760800,0.0008985264440020896,2338671530.8493776
2022-02-04,64.30522155761719,0.0,83.7699966430664,0.0,83.9000015258789,83.19999694824219,83.76000213623047,0.0,65508300,0.0008700128812933781,2373262014.10801
2022-02-07,64.2591552734375,0.0,83.70999908447266,0.0,83.86000061035156,83.41999816894531,83.54000091552734,0.0,37620700,0.0010528481206045132,2390791140.245032
2022-02-08,64.19007873535156,0.0,83.62000274658203,0.0,83.8499984741211,83.58000183105469,83.77999877929688,0.0,39549000,0.0011626881063033963,2395277057.235542
2022-02-09,64.5278549194336,0.0,84.05999755859375,0.0,84.12000274658203,83.94000244140625,83.94000244140625,0.0,37641800,0.0012412820501001409,2409441157.589595
2022-02-10,63.675743103027344,0.0,82.94999694824219,0.0,83.83000183105469,82.94000244140625,83.54000091552734,0.0,57751400,0.0012412820501001409,2437675644.8529496
2022-02-11,63.45314407348633,0.0,82.66000366210938,0.0,83.25,82.44999694824219,83.2300033569336,0.0,58997100,0.0012099057198940934,2469426685.989652
2022-02-14,63.34568405151367,0.0,82.5199966430664,0.0,82.83000183105469,82.22000122070312,82.6500015258789,0.0,36550200,0.0012099057198940934,2484616484.7135878
2022-02-15,63.45314407348633,0.0,82.66000366210938,0.0,82.80999755859375,82.55999755859375,82.73999786376953,0.0,32724800,0.001281731291100489,2493290496.1019487
2022-02-16,63.806251525878906,0.0,83.12000274658203,0.0,83.18000030517578,82.54000091552734,82.61000061035156,0.0,38996000,0.0012569936712870842,2510619172.193945
2022-02-17,63.5375862121582,0.0,82.7699966430664,0.0,82.97000122070312,82.70999908447266,82.97000122070312,0.0,30755200,0.001150463257433701,2516981733.5279675
2022-02-18,63.62970733642578,0.0,82.88999938964844,0.0,82.98999786376953,82.62000274658203,82.69000244140625,0.0,43848800,0.0012702274040515215,2534200327.9793205
2022-02-22,63.483848571777344,0.0,82.69999694824219,0.0,83.05000305175781,82.58999633789062,82.83999633789062,0.0,37004300,0.0014602517206983264,2543246306.6667767
2022-02-23,63.36870193481445,0.0,82.55000305175781,0.0,82.91000366210938,82.52999877929688,82.8499984741211,0.0,36545400,0.001417067635221406,2552695632.5967093
2022-02-24,63.82160949707031,0.0,83.13999938964844,0.0,83.18000030517578,81.83000183105469,81.91000366210938,0.0,56132500,0.0014034676404189597,2576439525.62693
2022-02-25,64.182373046875,0.0,83.61000061035156,0.0,83.62999725341797,83.22000122070312,83.22000122070312,0.0,44118800,0.0014034676404189597,2593409568.336063
2022-02-28,64.22844696044922,0.0,83.66999816894531,0.0,83.87999725341797,83.22000122070312,83.22000122070312,0.0,54006400,0.0015729451280098248,2616343874.638179
2022-03-01,64.0489730834961,0.0,83.12999725341797,0.307,83.63999938964844,82.94999694824219,83.43000030517578,0.0,43268500,0.0015394257880973236,2636754791.223193
2022-03-02,64.2030258178711,0.0,83.33000183105469,0.0,83.36000061035156,82.94000244140625,83.08000183105469,0.0,41489200,0.0015178167871455913,2650795642.2640605
2022-03-03,64.01044464111328,0.0,83.08000183105469,0.0,83.5,82.20999908447266,83.4800033569336,0.0,23594200,0.0016142456008264275,2650327906.376951
2022-03-04,63.5943489074707,0.0,82.54000091552734,0.0,82.94000244140625,82.4800033569336,82.94000244140625,0.0,32141100,0.0017016003901295638,2659844192.277158
2022-03-07,63.03964614868164,0.0,81.81999969482422,0.0,82.41000366210938,81.75,82.38999938964844,0.0,43675900,0.0017016003901295638,2683671884.3470373
2022-03-08,62.816200256347656,0.0,81.52999877929688,0.0,82.08999633789062,81.5,81.87999725341797,0.0,57474500,0.0015187651508184285,2712690470.5784507
2022-03-09,63.3400993347168,0.0,82.20999908447266,0.0,82.31999969482422,81.8499984741211,82.01000213623047,0.0,31143000,0.001651585918773204,2723928481.2550435
2022-03-10,62.808475494384766,0.0,81.5199966430664,0.0,81.87000274658203,81.41999816894531,81.76000213623047,0.0,46408900,0.0017064638852063933,2737880868.408124
2022-03-11,62.35390853881836,0.0,80.93000030517578,0.0,81.6500015258789,80.86000061035156,81.62999725341797,0.0,40097000,0.0017064638852063933,2752403729.794899
2022-03-14,61.61427307128906,0.0,79.97000122070312,0.0,80.87000274658203,79.87999725341797,80.8499984741211,0.0,61536700,0.0017064638852063933,2779484570.0871243
2022-03-15,62.07653427124024,0.0,80.56999969482422,0.0,80.76000213623047,80.0999984741211,80.12999725341797,0.0,57385300,0.0020070945577675765,2802134002.4722996
2022-03-16,62.9471435546875,0.0,81.69999694824219,0.0,81.73999786376953,80.55000305175781,80.95999908447266,0.0,66254800,0.001935268986561181,2833153932.9344006
2022-03-17,63.37865829467773,0.0,82.26000213623047,0.0,82.30000305175781,81.75,81.7699966430664,0.0,48573700,0.0018663798138508227,2855173730.4765067
2022-03-18,63.58665466308594,0.0,82.52999877929688,0.0,82.54000091552734,81.94999694824219,82.0999984741211,0.0,59780500,0.0018170295046276087,2867127830.4132185
2022-03-21,62.85467529296875,0.0,81.58000183105469,0.0,82.44999694824219,81.41999816894531,82.38999938964844,0.0,62364300,0.0019125268293295455,2872958467.690985
2022-03-22,63.17827987670898,0.0,82.0,0.0,82.06999969482422,81.5,81.66000366210938,0.0,40148600,0.0019401099808548782,2880051994.452819
2022-03-23,62.97799682617188,0.0,81.73999786376953,0.0,82.01000213623047,81.58999633789062,81.86000061035156,0.0,36294900,0.0020318805925803795,2886594872.615245
2022-03-24,63.10898208618164,0.0,81.91000366210938,0.0,81.94000244140625,81.5199966430664,81.7300033569336,0.0,18435800,0.0021090108541011064,2879301431.410914
2022-03-25,62.65439224243164,0.0,81.31999969482422,0.0,81.91999816894531,81.26000213623047,81.91999816894531,0.0,36497500,0.0022599185776689674,2887707536.151753
2022-03-28,63.04733657836914,0.0,81.83000183105469,0.0,81.8499984741211,81.26000213623047,81.27999877929688,0.0,26886100,0.002423968322270631,2892863372.4446616
2022-03-29,63.82551193237305,0.0,82.83999633789062,0.0,82.86000061035156,82.1500015258789,82.19999694824219,0.0,49781100,0.002344684190426427,2900948380.33242
2022-03-30,63.63289260864258,0.0,82.58999633789062,0.0,82.69999694824219,82.38999938964844,82.62000274658203,0.0,43905200,0.002282302767085878,2915974589.647208
2022-03-31,63.40176010131836,0.0,82.29000091552734,0.0,82.7300033569336,82.2699966430664,82.69000244140625,0.0,40717600,0.0023243036966636836,2913625438.752904
2022-04-01,63.39712524414063,0.0,81.94999694824219,0.334,82.02999877929688,81.6500015258789,81.83000183105469,0.0,31316100,0.0022083792248414357,2913137858.128599
2022-04-04,63.87675094604492,0.0,82.56999969482422,0.0,82.58000183105469,82.0,82.0199966430664,0.0,32710900,0.0022083792248414357,2917481267.6583366
2022-04-05,63.04898452758789,0.0,81.5,0.0,82.47000122070312,81.47000122070312,82.38999938964844,0.0,51886400,0.0024221045599603693,2935601512.837383
2022-04-06,62.55387115478516,0.0,80.86000061035156,0.0,81.4000015258789,80.69000244140625,80.94000244140625,0.0,67118000,0.002179443806306711,2958713092.997827
2022-04-07,62.45332717895508,0.0,80.7300033569336,0.0,81.04000091552734,80.72000122070312,80.94000244140625,0.0,42831400,0.002148815798681519,2966090077.786037
2022-04-08,62.07423400878906,0.0,80.23999786376953,0.0,80.7300033569336,80.2300033569336,80.4800033569336,0.0,42177200,0.0021488157986815186,2973625313.579275
2022-04-11,61.64876174926758,0.0,79.69000244140625,0.0,80.06999969482422,79.58000183105469,79.9800033569336,0.0,42293400,0.0021488157986815186,2989344403.0045223
2022-04-12,62.1206283569336,0.0,80.30000305175781,0.0,80.62000274658203,80.06999969482422,80.23999786376953,0.0,38031000,0.0019640088167476814,2990941075.5110784
2022-04-13,62.49197006225586,0.0,80.77999877929688,0.0,80.87999725341797,80.37999725341797,80.44000244140625,0.0,31635500,0.0019839328445189967,2990971356.3051314
2022-04-14,62.07423400878906,0.0,80.23999786376953,0.0,80.88999938964844,80.02999877929688,80.77999877929688,0.0,45130400,0.0021853519562733703,3001033081.9845476
2022-04-18,61.973663330078125,0.0,80.11000061035156,0.0,80.36000061035156,80.0,80.16000366210938,0.0,20864100,0.002224878631206347,2993681958.884375
2022-04-19,61.919532775878906,0.0,80.04000091552734,0.0,80.19000244140625,79.86000061035156,79.95999908447266,0.0,29920800,0.00200961715988659,2998616555.2429986
2022-04-20,62.11292266845703,0.0,80.29000091552734,0.0,80.44000244140625,80.16000366210938,80.27999877929688,0.0,25769700,0.0017920096917144524,2996964153.658519
2022-04-21,61.687442779541016,0.0,79.73999786376953,0.0,80.54000091552734,79.66999816894531,80.48999786376953,0.0,38695100,0.0016542631740772127,3007794107.075482
2022-04-22,61.316104888916016,0.0,79.26000213623047,0.0,79.66000366210938,79.16999816894531,79.63999938964844,0.0,28243000,0.0015007675480558566,3012244688.8335395
2022-04-25,61.834415435791016,0.0,79.93000030517578,0.0,80.0,79.2699966430664,79.4000015258789,0.0,35914500,0.0014400000405418356,3020737314.0390306
2022-04-26,61.47084426879883,0.0,79.45999908447266,0.0,79.9000015258789,79.44999694824219,79.9000015258789,0.0,31171600,0.0012995082696318347,3026428485.8698044
2022-04-27,61.16912841796875,0.0,79.06999969482422,0.0,79.66999816894531,78.98999786376953,79.47000122070312,0.0,37598600,0.0012995082696318347,3036476332.5096374
2022-04-28,61.50949096679688,0.0,79.51000213623047,0.0,79.62999725341797,78.94000244140625,79.23999786376953,0.0,30808800,0.001568588419847619,3043137966.530246
2022-04-29,60.7513542175293,0.0,78.52999877929688,0.0,79.25,78.4800033569336,79.13999938964844,0.0,35697100,0.0016493376790054832,3054059191.192615
2022-05-02,60.75526428222656,0.0,78.2300033569336,0.305,78.30000305175781,77.83000183105469,78.16000366210938,0.0,38674400,0.0016493376790054832,3059773284.412723
2022-05-03,61.073673248291016,0.0,78.63999938964844,0.0,78.76000213623047,78.3499984741211,78.4000015258789,0.0,42665700,0.0016493376790054832,3065801506.4378767
2022-05-04,61.69496536254883,0.0,79.44000244140625,0.0,79.6500015258789,78.08000183105469,78.6500015258789,0.0,55154900,0.0015168277498253334,3082366330.623736
2022-05-05,60.59992980957031,0.0,78.02999877929688,0.0,79.0199966430664,77.80999755859375,78.97000122070312,0.0,53807900,0.0021481222785574338,3099829695.4428053
2022-05-06,60.25819396972656,0.0,77.58999633789062,0.0,78.0,77.41000366210938,77.62999725341797,0.0,39256900,0.0020452783759526924,3103947964.604066
2022-05-09,59.62138366699219,0.0,76.7699966430664,0.0,77.30999755859375,76.72000122070312,77.12999725341797,0.0,38442700,0.0020452783759526924,3108207357.06399
2022-05-10,59.96309280395508,0.0,77.20999908447266,0.0,77.52999877929688,76.83999633789062,77.38999938964844,0.0,48419700,0.0023084322199776056,3129584215.151045
2022-05-11,59.60585784912109,0.0,76.75,0.0,77.48999786376953,76.73999786376953,77.0,0.0,42473500,0.0025509115205216604,3145923801.9889226
2022-05-12,59.58257293701172,0.0,76.72000122070312,0.0,76.9800033569336,76.4000015258789,76.66000366210938,0.0,49069700,0.002530987492750345,3154792054.042441
2022-05-13,59.65243911743164,0.0,76.80999755859375,0.0,77.05999755859375,76.43000030517578,76.9800033569336,0.0,49084400,0.002638615873244497,3177764255.988814
2022-05-16,59.56703567504883,0.0,76.69999694824219,0.0,76.95999908447266,76.56999969482422,76.83999633789062,0.0,33300100,0.00274908041508905,3179843126.3749075
2022-05-17,59.51266860961914,0.0,76.62999725341797,0.0,76.87000274658203,76.44000244140625,76.86000061035156,0.0,41666500,0.002844271636025744,3193439954.5936346
2022-05-18,59.02337646484375,0.0,76.0,0.0,76.25,75.91000366210938,76.20999908447266,0.0,47647800,0.002844271636025744,3212328543.537334
2022-05-19,59.41948318481445,0.0,76.51000213623047,0.0,76.66999816894531,75.87000274658203,75.94999694824219,0.0,53929100,0.0028884899519602165,3232745376.639636
2022-05-20,59.38064193725586,0.0,76.45999908447266,0.0,76.80000305175781,76.2300033569336,76.77999877929688,0.0,56691000,0.0029708191407980594,3251043842.143019
2022-05-23,59.61362457275391,0.0,76.76000213623047,0.0,76.86000061035156,76.58000183105469,76.63999938964844,0.0,29917100,0.00298309955136846,3238161034.670506
2022-05-24,59.970848083496094,0.0,77.22000122070312,0.0,77.26000213623047,76.55000305175781,76.58000183105469,0.0,42246500,0.0028739819095980556,3246076570.491119
2022-05-25,60.8795051574707,0.0,78.38999938964844,0.0,78.44000244140625,77.2699966430664,77.30999755859375,0.0,56661500,0.0028739819095980556,3258114570.0838547
2022-05-26,61.72605514526367,0.0,79.4800033569336,0.0,79.5199966430664,78.47000122070312,78.68000030517578,0.0,64773400,0.002510599751355341,3277683848.429465
2022-05-27,62.27743911743164,0.0,80.19000244140625,0.0,80.19000244140625,79.61000061035156,79.80000305175781,0.0,52813100,0.002291420748938835,3286791908.5551972
2022-05-31,61.74157333374024,0.0,79.5,0.0,79.86000061035156,79.31999969482422,79.73999786376953,0.0,68424700,0.0026122672349108366,3308308402.602816
2022-06-01,61.51313018798828,0.0,78.9000015258789,0.307,79.44999694824219,78.75,79.2300033569336,0.0,87646100,0.0026122672349108366,3339086139.883641
2022-06-02,61.770389556884766,0.0,79.2300033569336,0.0,79.23999786376953,78.69000244140625,78.91999816894531,0.0,34752500,0.0027302271743074786,3332587059.3497567
2022-06-03,61.31043243408203,0.0,78.63999938964844,0.0,78.87000274658203,78.5199966430664,78.87000274658203,0.0,36008000,0.002254413115805133,3326132202.9848557
2022-06-06,60.85046005249024,0.0,78.05000305175781,0.0,78.80000305175781,77.95999908447266,78.77999877929688,0.0,35756100,0.002254413115805133,3315950035.636593
2022-06-07,60.99079132080078,0.0,78.2300033569336,0.0,78.31999969482422,77.7300033569336,77.79000091552734,0.0,31499900,0.002254413115805133,3316167061.559035
2022-06-08,60.46841812133789,0.0,77.55999755859375,0.0,78.06999969482422,77.45999908447266,78.04000091552734,0.0,25361600,0.0022213331471723323,3302216063.5523906
2022-06-09,59.98505783081055,0.0,76.94000244140625,0.0,77.51000213623047,76.79000091552734,77.26000213623047,0.0,49468700,0.001863030156000932,3314095953.8927894
2022-06-10,58.96371078491211,0.0,75.62999725341797,0.0,76.22000122070312,75.27999877929688,76.19999694824219,0.0,59907000,0.001863030156000932,3332947381.0741363
2022-06-13,56.99127960205078,0.0,73.0999984741211,0.0,74.30999755859375,72.88999938964844,74.25,0.0,122714600,0.001553982663752406,3390220573.0770173
2022-06-14,57.36547088623047,0.0,73.58000183105469,0.0,74.2300033569336,73.05000305175781,73.44999694824219,0.0,62818600,0.002078051008875043,3415129975.4267135
2022-06-15,58.48038101196289,0.0,75.01000213623047,0.0,75.38999938964844,74.04000091552734,74.19999694824219,0.0,70628200,0.001982859787938349,3443236081.1782775
2022-06-16,57.552581787109375,0.0,73.81999969482422,0.0,74.1500015258789,73.22000122070312,73.9000015258789,0.0,61583400,0.002452247498006072,3457476529.246503
2022-06-17,57.7319221496582,0.0,74.05000305175781,0.0,74.56999969482422,73.80999755859375,73.98999786376953,0.0,49281000,0.002342119293615693,3467657291.0237446
2022-06-21,57.69292449951172,0.0,74.0,0.0,74.66999816894531,73.93000030517578,74.5,0.0,45924600,0.0025861234873250983,3475950888.5726385
2022-06-22,57.677337646484375,0.0,73.9800033569336,0.0,74.25,73.80999755859375,73.87000274658203,0.0,38204800,0.0024854104073504238,3479523376.7520666
2022-06-23,58.09053802490234,0.0,74.51000213623047,0.0,74.58000183105469,74.08000183105469,74.19000244140625,0.0,30961800,0.0024014925878382996,3481053497.678242
2022-06-24,58.503753662109375,0.0,75.04000091552734,0.0,75.36000061035156,74.58999633789062,74.75,0.0,38198600,0.0024014925878382996,3491778059.6792674
2022-06-27,58.145118713378906,0.0,74.58000183105469,0.0,75.0999984741211,74.58000183105469,75.0999984741211,0.0,25658200,0.0026423745975825666,3496165662.138064
2022-06-28,57.5058479309082,0.0,73.76000213623047,0.0,74.79000091552734,73.75,74.69000244140625,0.0,39303800,0.0026423745975825666,3509897299.4155397
2022-06-29,57.42005920410156,0.0,73.6500015258789,0.0,73.79000091552734,73.43000030517578,73.72000122070312,0.0,36806800,0.002321528111610565,3519541016.438275
2022-06-30,57.38886260986328,0.0,73.61000061035156,0.0,73.83000183105469,73.05999755859375,73.33000183105469,0.0,45139900,0.0024524501723141457,3534330133.5070534
2022-07-01,57.93627166748047,0.0,73.9800033569336,0.329,74.2300033569336,73.44999694824219,73.5,0.0,38849300,0.00225327482697872,3548626410.304363
2022-07-05,57.8814697265625,0.0,73.91000366210938,0.0,73.9800033569336,73.02999877929688,73.51000213623047,0.0,38316200,0.0021453736789654805,3563157158.754681
2022-07-06,57.66216278076172,0.0,73.62999725341797,0.0,74.0,73.5199966430664,73.79000091552734,0.0,44706000,0.002299355803001724,3564869165.6279907
2022-07-07,58.6019401550293,0.0,74.83000183105469,0.0,74.87999725341797,74.02999877929688,74.08999633789062,0.0,44430400,0.002326079202428628,3568115737.757788
2022-07-08,58.64894104003906,0.0,74.88999938964844,0.0,74.95999908447266,74.36000061035156,74.55999755859375,0.0,31230300,0.002274307198308759,3556065907.4870887
2022-07-11,58.32001876831055,0.0,74.47000122070312,0.0,74.91999816894531,74.44999694824219,74.80000305175781,0.0,28213700,0.0025363459530386477,3543481980.044738
2022-07-12,58.55496597290039,0.0,74.7699966430664,0.0,74.9000015258789,74.5,74.55999755859375,0.0,24036500,0.002774298332304674,3534144854.982806
2022-07-13,58.492286682128906,0.0,74.69000244140625,0.0,74.91999816894531,73.91999816894531,74.0,0.0,46874900,0.002898345225015761,3526039845.2603416
2022-07-14,58.3826904296875,0.0,74.55000305175781,0.0,74.62999725341797,73.61000061035156,74.08000183105469,0.0,53953100,0.002489676982070476,3535682883.631122
2022-07-15,59.12662506103516,0.0,75.5,0.0,75.5,74.76000213623047,74.7699966430664,0.0,48360800,0.002489676982070476,3547762103.0386424
2022-07-18,58.55496597290039,0.0,74.7699966430664,0.0,75.72000122070312,74.69000244140625,75.69000244140625,0.0,33302800,0.0024034174328091498,3545845334.4136314
2022-07-19,59.33025360107422,0.0,75.76000213623047,0.0,75.94000244140625,75.04000091552734,75.04000091552734,0.0,31028200,0.002945442154305058,3543289217.3817105
2022-07-20,59.58870315551758,0.0,76.08999633789062,0.0,76.62000274658203,75.87999725341797,76.05999755859375,0.0,82881900,0.0026191087717578098,3561838931.2492733
2022-07-21,60.29352569580078,0.0,76.98999786376953,0.0,77.05999755859375,75.93000030517578,76.0199966430664,0.0,52282000,0.0028882775619891382,3572461978.59267
2022-07-22,60.2152099609375,0.0,76.88999938964844,0.0,77.54000091552734,76.6500015258789,77.11000061035156,0.0,51055800,0.0028882775619891382,3577705965.165487
2022-07-25,60.19955825805664,0.0,76.87000274658203,0.0,77.08999633789062,76.6500015258789,76.94999694824219,0.0,26032000,0.0030501638421753393,3554869668.7535787
2022-07-26,59.77664566040039,0.0,76.33000183105469,0.0,76.70999908447266,76.27999877929688,76.62000274658203,0.0,24151200,0.002809281832431073,3515830878.921188
2022-07-27,60.43446350097656,0.0,77.16999816894531,0.0,77.47000122070312,76.66999816894531,76.66999816894531,0.0,35075700,0.002901445612414359,3507837212.265378
2022-07-28,61.05316162109375,0.0,77.95999908447266,0.0,78.0199966430664,77.2300033569336,77.54000091552734,0.0,42335900,0.002901445612414359,3491239748.8642073
2022-07-29,61.2332649230957,0.0,78.19000244140625,0.0,78.3499984741211,77.75,77.95999908447266,0.0,33606800,0.0027705235517107786,3480361949.010595
2022-08-01,61.25212097167969,0.0,77.91000366210938,0.304,78.08000183105469,77.51000213623047,77.63999938964844,0.0,31595600,0.002921641418089286,3465289510.4390945
2022-08-02,60.9691162109375,0.0,77.55000305175781,0.0,77.86000061035156,77.5,77.7699966430664,0.0,40604400,0.0030359414537693913,3437220643.09621
2022-08-03,61.50373840332031,0.0,78.2300033569336,0.0,78.25,77.56999969482422,77.77999877929688,0.0,35660900,0.002943380554056918,3430864480.8379035
2022-08-04,61.668827056884766,0.0,78.44000244140625,0.0,78.44999694824219,78.11000061035156,78.33999633789062,0.0,24386400,0.002916657154630014,3426338594.867089
2022-08-05,61.35434722900391,0.0,78.04000091552734,0.0,78.11000061035156,77.38999938964844,77.5,0.0,31006700,0.0028402677975360733,3415667005.0630174
2022-08-08,61.40937805175781,0.0,78.11000061035156,0.0,78.6500015258789,78.05000305175781,78.33999633789062,0.0,19465600,0.002578229042806184,3384181512.656572
2022-08-09,60.95338439941406,0.0,77.52999877929688,0.0,77.95999908447266,77.5,77.93000030517578,0.0,24675700,0.002340276663540158,3374371022.4051523
2022-08-10,61.86538696289063,0.0,78.69000244140625,0.0,78.7699966430664,78.38999938964844,78.5199966430664,0.0,38121800,0.002428497523117315,3371932268.8055186
2022-08-11,61.51158142089844,0.0,78.23999786376953,0.0,79.31999969482422,78.12999725341797,79.19999694824219,0.0,37778700,0.002229774731500902,3370278584.608653
2022-08-12,62.06192779541016,0.0,78.94000244140625,0.0,78.97000122070312,78.29000091552734,78.5199966430664,0.0,16912300,0.0025076205483531566,3342854604.843043
2022-08-15,61.95185470581055,0.0,78.80000305175781,0.0,79.0,78.6500015258789,78.81999969482422,0.0,18441100,0.002208200469487057,3315683638.4479947
2022-08-16,61.66096115112305,0.0,78.43000030517578,0.0,78.7300033569336,78.26000213623047,78.7300033569336,0.0,22963200,0.0016661757479911493,3306039840.0488234
2022-08-17,61.02416229248047,0.0,77.62000274658203,0.0,78.04000091552734,77.58999633789062,77.87999725341797,0.0,28774600,0.0016661757479911493,3302297399.12176
2022-08-18,61.11850357055664,0.0,77.73999786376953,0.0,77.87999725341797,77.66000366210938,77.80999755859375,0.0,19089300,0.0014744156567020332,3288350212.7258487
2022-08-19,60.49740219116211,0.0,76.94999694824219,0.0,77.37000274658203,76.77999877929688,77.33000183105469,0.0,45428900,0.0014744156567020332,3295891053.325889
2022-08-22,59.81342697143555,0.0,76.08000183105469,0.0,76.4000015258789,76.01000213623047,76.36000061035156,0.0,42014200,0.0013125293765158317,3292413381.958377
2022-08-23,59.96280288696289,0.0,76.2699966430664,0.0,76.4000015258789,75.83000183105469,76.0999984741211,0.0,33240000,0.001503458022212337,3288246391.413486
2022-08-24,60.03354263305664,0.0,76.36000061035156,0.0,76.5,76.16000366210938,76.23999786376953,0.0,16917400,0.0014112942422290504,3274555834.213469
2022-08-25,60.599605560302734,0.0,77.08000183105469,0.0,77.13999938964844,76.44999694824219,76.58000183105469,0.0,20080000,0.0014112942422290504,3249801155.0152793
2022-08-26,59.60114288330078,0.0,75.80999755859375,0.0,77.12000274658203,75.73999786376953,77.12000274658203,0.0,34460600,0.0016349420321799713,3241258973.324324
2022-08-29,59.37314224243164,0.0,75.5199966430664,0.0,75.7699966430664,75.26000213623047,75.3499984741211,0.0,28020200,0.001483824165801464,3222190481.426124
2022-08-30,58.91717529296875,0.0,74.94000244140625,0.0,75.66000366210938,74.69999694824219,75.5999984741211,0.0,66233900,0.001348888608418954,3233036976.2002854
2022-08-31,58.594818115234375,0.0,74.52999877929688,0.0,75.12000274658203,74.51000213623047,74.97000122070312,0.0,39161800,0.0012874673840951836,3228762641.2338257
2022-09-01,58.74966812133789,0.0,74.36000061035156,0.366,74.41000366210938,73.61000061035156,73.94999694824219,0.0,38499700,0.0012874673840951836,3235926383.5853815
2022-09-02,58.71016311645508,0.0,74.30999755859375,0.0,75.06999969482422,74.2300033569336,75.0,0.0,22364500,0.0011855548699168813,3228061141.6565967
2022-09-06,58.55216979980469,0.0,74.11000061035156,0.0,74.38999938964844,73.8499984741211,74.30999755859375,0.0,28820900,0.0011855548699168813,3216651259.052786
2022-09-07,59.39752960205078,0.0,75.18000030517578,0.0,75.19000244140625,74.19000244140625,74.20999908447266,0.0,26853200,0.0011855548699168813,3195484018.333375
2022-09-08,59.65825653076172,0.0,75.51000213623047,0.0,75.55000305175781,74.77999877929688,74.9000015258789,0.0,26928000,0.0009732871176286368,3191302013.063824
2022-09-09,59.8952751159668,0.0,75.80999755859375,0.0,76.16999816894531,75.62999725341797,75.87999725341797,0.0,29526800,0.0008821903805458669,3179041483.410687
2022-09-12,60.07695770263672,0.0,76.04000091552734,0.0,76.2300033569336,75.7699966430664,76.08000183105469,0.0,30276100,0.0007780295762005188,3171558502.85102
2022-09-13,58.71016311645508,0.0,74.30999755859375,0.0,75.16999816894531,74.27999877929688,74.9800033569336,0.0,47111300,0.000694321494260222,3160286682.3261323
2022-09-14,58.79706573486328,0.0,74.41999816894531,0.0,74.91000366210938,74.30999755859375,74.36000061035156,0.0,29672400,0.0009913601239180268,3141117526.375186
2022-09-15,58.425743103027344,0.0,73.94999694824219,0.0,74.44000244140625,73.91000366210938,74.29000091552734,0.0,46282300,0.0009913601239180268,3125320375.470037
2022-09-16,58.62326431274414,0.0,74.19999694824219,0.0,74.19999694824219,73.37000274658203,73.5,0.0,56479900,0.0009122438783262483,3126869071.834104
2022-09-19,58.844482421875,0.0,74.4800033569336,0.0,74.48999786376953,73.83999633789062,73.91000366210938,0.0,26891900,0.0009122438783262483,3103608946.5186167
2022-09-20,58.24403762817383,0.0,73.72000122070312,0.0,74.06999969482422,73.66999816894531,74.0199966430664,0.0,32769500,0.0010959878112960582,3082403294.7075796
2022-09-21,58.07020568847656,0.0,73.5,0.0,74.23999786376953,73.16000366210938,73.9000015258789,0.0,37851300,0.0010219618219749933,3078354765.7393255
2022-09-22,57.72259140014648,0.0,73.05999755859375,0.0,73.38999938964844,72.80000305175781,73.25,0.0,48278100,0.0010219618219749933,3082802803.990658
2022-09-23,56.9878158569336,0.0,72.12999725341797,0.0,72.7300033569336,71.87999725341797,72.55999755859375,0.0,53312000,0.0010219618219749933,3101337073.578438
2022-09-26,56.31625747680664,0.0,71.27999877929688,0.0,72.18000030517578,71.26000213623047,71.91999816894531,0.0,42287400,0.0007983140320240726,3101704288.9079447
2022-09-27,56.19773483276367,0.0,71.12999725341797,0.0,71.91999816894531,70.9000015258789,71.88999938964844,0.0,45295500,0.0009559576723208705,3109813647.466375
2022-09-28,57.201133728027344,0.0,72.4000015258789,0.0,72.48999786376953,71.44000244140625,71.66999816894531,0.0,48935800,0.001239389249288354,3105203217.7280726
2022-09-29,56.66386795043945,0.0,71.72000122070312,0.0,71.97000122070312,71.31999969482422,71.93000030517578,0.0,38068800,0.0015486720305488912,3098093408.801536
2022-09-30,56.40317535400391,0.0,71.38999938964844,0.0,72.27999877929688,71.37999725341797,71.7300033569336,0.0,42928700,0.001802030291273047,3095823793.924713
2022-10-03,57.14234161376953,0.0,71.97000122070312,0.351,72.12999725341797,71.45999908447266,71.5999984741211,0.0,48967900,0.0021760960134703283,3103425901.2528434
2022-10-04,58.37301254272461,0.0,73.5199966430664,0.0,73.52999877929688,72.7699966430664,72.9000015258789,0.0,45901300,0.0021760960134703283,3108772920.450422
2022-10-05,58.142765045166016,0.0,73.2300033569336,0.0,73.4000015258789,72.61000061035156,72.91999816894531,0.0,47833500,0.002664872265068373,3103011855.097834
2022-10-06,57.96806335449219,0.0,73.01000213623047,0.0,73.45999908447266,72.9000015258789,73.1500015258789,0.0,37196000,0.002859853639765014,3081492160.800165
2022-10-07,57.26146697998047,0.0,72.12000274658203,0.0,72.7699966430664,72.0999984741211,72.56999969482422,0.0,33983000,0.002859853639765014,3073500692.447426
2022-10-10,56.56274032592773,0.0,71.23999786376953,0.0,72.11000061035156,70.91999816894531,72.06999969482422,0.0,37759700,0.0026861686272581075,3067990394.9032736
2022-10-11,56.7374153137207,0.0,71.45999908447266,0.0,72.0199966430664,71.29000091552734,71.37999725341797,0.0,46344600,0.0030331722958145996,3067525505.4137096
2022-10-12,56.83270263671875,0.0,71.58000183105469,0.0,71.8499984741211,71.41000366210938,71.41000366210938,0.0,32784800,0.002942374553329331,3061913177.0642605
2022-10-13,56.95973587036133,0.0,71.73999786376953,0.0,71.91000366210938,70.4000015258789,70.47000122070312,0.0,48832500,0.0030475252356591655,3069434826.225372
2022-10-14,56.77711868286133,0.0,71.51000213623047,0.0,72.37000274658203,71.33000183105469,72.19000244140625,0.0,37152100,0.0030475252356591655,3061779933.7712007
2022-10-17,57.47582244873047,0.0,72.38999938964844,0.0,72.5999984741211,72.13999938964844,72.1500015258789,0.0,33820000,0.003211284439329532,3067945066.4348783
2022-10-18,57.88073348999024,0.0,72.9000015258789,0.0,73.30999755859375,72.58000183105469,73.12999725341797,0.0,37648400,0.003027540506359723,3070720523.2448277
2022-10-19,57.32495880126953,0.0,72.19999694824219,0.0,72.63999938964844,71.9800033569336,72.4000015258789,0.0,33194000,0.0029106378499842824,3073320185.642503
2022-10-20,57.00737380981445,0.0,71.80000305175781,0.0,72.75,71.7300033569336,72.20999908447266,0.0,47281100,0.0032357377375113,3075774439.078631
2022-10-21,57.55522537231445,0.0,72.48999786376953,0.0,72.58000183105469,71.55999755859375,71.58999633789062,0.0,60211200,0.0036581449237116834,3092648800.3408647
2022-10-24,57.59491729736328,0.0,72.54000091552734,0.0,72.7300033569336,72.16000366210938,72.55999755859375,0.0,29551200,0.0036581449237116834,3086878943.8257427
2022-10-25,58.150691986083984,0.0,73.23999786376953,0.0,73.25,72.69999694824219,72.72000122070312,0.0,37459200,0.003500501283414886,3088994947.163179
2022-10-26,58.30949020385742,0.0,73.44000244140625,0.0,73.70999908447266,72.94999694824219,73.05999755859375,0.0,50552100,0.003190125905933291,3094864987.297246
2022-10-27,58.73823165893555,0.0,73.9800033569336,0.0,74.13999938964844,73.36000061035156,73.62000274658203,0.0,49481500,0.0028808431246727536,3104476366.521781
2022-10-28,59.19081497192383,0.0,74.55000305175781,0.0,74.69000244140625,74.12000274658203,74.25,0.0,123446800,0.0026274848639485982,3155267367.294045
2022-10-31,58.301551818847656,0.0,73.43000030517578,0.0,74.18000030517578,73.41999816894531,74.16999816894531,0.0,60269700,0.00233441180154998,3166379316.8778977
2022-11-01,58.652225494384766,0.0,73.58999633789062,0.28,73.94999694824219,73.20999908447266,73.94000244140625,0.0,39586700,0.0024831100355622118,3162871019.148297
2022-11-02,58.11823654174805,0.0,72.91999816894531,0.0,74.29000091552734,72.87999725341797,73.55999755859375,0.0,50659500,0.002293559650649635,3157415346.5815043
2022-11-03,57.70379638671875,0.0,72.4000015258789,0.0,72.63999938964844,71.88999938964844,72.16999816894531,0.0,37507100,0.002098578275952994,3145644582.501463
2022-11-04,58.10228729248047,0.0,72.9000015258789,0.0,73.20999908447266,72.4000015258789,72.87000274658203,0.0,39849100,0.002098578275952994,3144525985.069463
2022-11-07,58.09433364868164,0.0,72.88999938964844,0.0,73.11000061035156,72.68000030517578,73.05000305175781,0.0,24913000,0.0022756719449182746,3135515370.822192
2022-11-08,58.03853988647461,0.0,72.81999969482422,0.0,73.06999969482422,72.58999633789062,72.94999694824219,0.0,39489200,0.002134724855881506,3128667105.2609096
2022-11-09,57.34513854980469,0.0,71.94999694824219,0.0,72.73999786376953,71.81999969482422,72.5999984741211,0.0,45728900,0.0019284839687089695,3128908002.8041353
2022-11-10,59.13045501708984,0.0,74.19000244140625,0.0,74.2699966430664,73.45999908447266,73.9800033569336,0.0,67165700,0.002299866826301438,3138577812.352383
2022-11-11,59.337677001953125,0.0,74.44999694824219,0.0,74.69000244140625,73.93000030517578,74.22000122070312,0.0,20934800,0.002299866826301438,3121025615.145613
2022-11-14,58.89929962158203,0.0,73.9000015258789,0.0,74.29000091552734,73.87000274658203,74.25,0.0,37932800,0.0023123926539534373,3123002729.5067625
2022-11-15,59.41737747192383,0.0,74.55000305175781,0.0,74.69999694824219,74.06999969482422,74.63999938964844,0.0,50673700,0.0024709067265816387,3127644163.7058434
2022-11-16,59.28984451293945,0.0,74.38999938964844,0.0,74.56999969482422,74.30999755859375,74.48999786376953,0.0,31124900,0.002554431235635036,3117280262.848724
2022-11-17,59.03480529785156,0.0,74.06999969482422,0.0,74.16999816894531,73.7300033569336,73.80999755859375,0.0,34338000,0.002229331348108018,3104719152.478215
2022-11-18,59.16233444213867,0.0,74.2300033569336,0.0,74.45999908447266,74.0199966430664,74.45999908447266,0.0,31663800,0.001806924161907635,3088971614.162306
2022-11-21,59.138427734375,0.0,74.19999694824219,0.0,74.3499984741211,74.0199966430664,74.1500015258789,0.0,19070500,0.001986018543827308,3081976331.478906
2022-11-22,59.56882095336914,0.0,74.73999786376953,0.0,74.79000091552734,74.26000213623047,74.33999633789062,0.0,24572500,0.001986018543827308,3070661044.3038034
2022-11-23,59.903568267822266,0.0,75.16000366210938,0.0,75.30000305175781,74.66000366210938,74.68000030517578,0.0,30316300,0.001986018543827308,3053493411.5149546
2022-11-25,59.78401565551758,0.0,75.01000213623047,0.0,75.18000030517578,74.9000015258789,75.1500015258789,0.0,9465900,0.00208016516679567,3018269976.037028
2022-11-28,59.15436172485352,0.0,74.22000122070312,0.0,74.93000030517578,74.19000244140625,74.80000305175781,0.0,31668900,0.00208016516679567,3003312699.677664
2022-11-29,59.40939712524414,0.0,74.54000091552734,0.0,74.5999984741211,74.08000183105469,74.22000122070312,0.0,27162300,0.002087708488959252,2976208844.25598
2022-11-30,60.30207061767578,0.0,75.66000366210938,0.0,75.69000244140625,74.38999938964844,74.5999984741211,0.0,41702100,0.0019390102549470202,2946366809.4542365
2022-12-01,60.5253791809082,0.0,75.62000274658203,0.319,75.66000366210938,75.18000030517578,75.56999969482422,0.0,42134200,0.0017764342382917396,2949801314.4388657
2022-12-02,60.47735595703125,0.0,75.55999755859375,0.0,75.58999633789062,74.98999786376953,74.98999786376953,0.0,27535800,0.0019818096472763733,2943840488.1114955
2022-12-05,59.90105056762695,0.0,74.83999633789062,0.0,75.30000305175781,74.69000244140625,75.27999877929688,0.0,29736500,0.0023275730696408073,2939354105.8653274
2022-12-06,59.68497085571289,0.0,74.56999969482422,0.0,75.0,74.43000030517578,74.87000274658203,0.0,24976800,0.0021504794006755265,2934578571.624332
2022-12-07,60.01311111450195,0.0,74.9800033569336,0.0,75.06999969482422,74.55000305175781,74.55000305175781,0.0,24614200,0.002156729355606326,2933614501.5016828
2022-12-08,60.06116485595703,0.0,75.04000091552734,0.0,75.13999938964844,74.80000305175781,75.06999969482422,0.0,23839500,0.0022070175946404215,2917604931.684639
2022-12-09,60.06116485595703,0.0,75.04000091552734,0.0,75.31999969482422,74.81999969482422,74.81999969482422,0.0,20687300,0.0018668974727772552,2893966906.01384
2022-12-12,60.29323959350586,0.0,75.33000183105469,0.0,75.4000015258789,75.0999984741211,75.22000122070312,0.0,22415700,0.001968063622259827,2836174347.6748877
2022-12-13,60.91755294799805,0.0,76.11000061035156,0.0,76.69999694824219,75.69000244140625,76.61000061035156,0.0,45923300,0.0017917785909374602,2827230138.8495307
2022-12-14,60.57339477539063,0.0,75.68000030517578,0.0,76.20999908447266,75.22000122070312,76.01000213623047,0.0,57177300,0.001633264518309259,2819526620.1873965
2022-12-15,60.34488296508789,0.0,75.0,0.396,75.11000061035156,74.62999725341797,74.91000366210938,0.0,41666500,0.0016945865496912859,2808248056.1460767
2022-12-16,60.023048400878906,0.0,74.5999984741211,0.0,74.80999755859375,74.41000366210938,74.56999969482422,0.0,38197100,0.0018799354491438928,2801900797.4264116
2022-12-19,59.71730041503906,0.0,74.22000122070312,0.0,74.45999908447266,74.05999755859375,74.30999755859375,0.0,24135100,0.0018799354491438928,2789145930.374521
2022-12-20,59.564430236816406,0.0,74.02999877929688,0.0,74.19000244140625,73.69000244140625,73.8499984741211,0.0,32917800,0.0017008410672242201,2786054767.3710775
2022-12-21,60.071327209472656,0.0,74.66000366210938,0.0,74.80000305175781,74.33999633789062,74.4000015258789,0.0,23211500,0.0017008410672242201,2781499266.5048995
2022-12-22,59.701210021972656,0.0,74.19999694824219,0.0,74.48999786376953,73.91999816894531,74.37000274658203,0.0,26893700,0.001737158892602459,2774587278.242638
2022-12-23,59.85408782958984,0.0,74.38999938964844,0.0,74.44999694824219,73.94999694824219,74.08000183105469,0.0,13196500,0.0019492321383290366,2767191238.750288
2022-12-27,59.23453521728516,0.0,73.62000274658203,0.0,74.37000274658203,73.58000183105469,74.31999969482422,0.0,22108000,0.002087145001294703,2757100307.3912363
2022-12-28,58.43799209594727,0.0,72.62999725341797,0.0,73.83000183105469,72.58999633789062,73.73999786376953,0.0,41064800,0.0019986090193324577,2759256779.097978
2022-12-29,59.19430923461914,0.0,73.56999969482422,0.0,73.62000274658203,72.75,72.91999816894531,0.0,33378900,0.0024532769329308423,2752375331.4492664
2022-12-30,59.24258041381836,0.0,73.62999725341797,0.0,73.66999816894531,73.27999877929688,73.31999969482422,0.0,15170300,0.0023712254601905617,2738430234.647036
2023-01-03,59.355228424072266,0.0,73.7699966430664,0.0,74.19000244140625,73.66000366210938,74.11000061035156,0.0,28787700,0.002165850051205928,2732808949.3299212
2023-01-04,60.03912734985352,0.0,74.62000274658203,0.0,74.66000366210938,73.98999786376953,74.26000213623047,0.0,37120100,0.0019414537220675781,2728667673.9866047
2023-01-05,59.918453216552734,0.0,74.47000122070312,0.0,74.54000091552734,74.18000030517578,74.36000061035156,0.0,35142000,0.002088154946020717,2723050990.4115524
2023-01-06,60.77130508422852,0.0,75.52999877929688,0.0,75.77999877929688,74.69999694824219,74.87000274658203,0.0,60041200,0.001875848411570194,2740480154.0208306
2023-01-09,60.98854446411133,0.0,75.80000305175781,0.0,75.95999908447266,75.63999938964844,75.75,0.0,35806900,0.0018255601725360986,2745345938.590937
2023-01-10,60.91616439819336,0.0,75.70999908447266,0.0,75.87000274658203,75.52999877929688,75.76000213623047,0.0,35695500,0.0017479439892899614,2752530837.384657
2023-01-11,61.31844329833984,0.0,76.20999908447266,0.0,76.25,75.8499984741211,76.0,0.0,31826700,0.0016467778398073902,2743994538.8324437
2023-01-12,61.6644287109375,0.0,76.63999938964844,0.0,76.69999694824219,76.05000305175781,76.4000015258789,0.0,29404900,0.0016467778398073902,2729957933.6610217
2023-01-13,61.6644287109375,0.0,76.63999938964844,0.0,76.7699966430664,76.22000122070312,76.26000213623047,0.0,26301500,0.001854202423798354,2716977826.866949
2023-01-17,61.45522689819336,0.0,76.37999725341797,0.0,76.55000305175781,76.29000091552734,76.5199966430664,0.0,30961200,0.0018014142541103954,2715983907.238043
2023-01-18,61.52764129638672,0.0,76.47000122070312,0.0,77.08000183105469,76.44999694824219,76.8499984741211,0.0,52989700,0.0016160653546577885,2729487287.5983706
2023-01-19,61.165565490722656,0.0,76.0199966430664,0.0,76.33000183105469,75.94999694824219,76.20999908447266,0.0,50070900,0.0016160653546577885,2709645273.173275
2023-01-20,61.28623962402344,0.0,76.16999816894531,0.0,76.16999816894531,75.7300033569336,76.0,0.0,36625400,0.0016160653546577885,2699840238.1147294
2023-01-23,61.27822494506836,0.0,76.16000366210938,0.0,76.37000274658203,75.97000122070312,76.0999984741211,0.0,26764800,0.0016160653546577885,2684861879.6637583
2023-01-24,61.31844329833984,0.0,76.20999908447266,0.0,76.25,75.87999725341797,76.01000213623047,0.0,27774500,0.0016668131838187036,2685779456.7119536
2023-01-25,61.310394287109375,0.0,76.19999694824219,0.0,76.27999877929688,75.87999725341797,75.95999908447266,0.0,25857700,0.001590553366635827,2686786564.020417
2023-01-26,61.46327590942383,0.0,76.38999938964844,0.0,76.47000122070312,76.08999633789062,76.36000061035156,0.0,25512400,0.0014526405036701605,2680771488.74783
2023-01-27,61.27822494506836,0.0,76.16000366210938,0.0,76.37000274658203,76.05000305175781,76.2699966430664,0.0,35813400,0.0016059411713814664,2676224202.636022
2023-01-30,60.94026565551758,0.0,75.73999786376953,0.0,76.02999877929688,75.72000122070312,75.87999725341797,0.0,32002000,0.0011512732577830815,2674606072.7756133
2023-01-31,61.41499710083008,0.0,76.33000183105469,0.0,76.36000061035156,75.91999816894531,75.94000244140625,0.0,41006600,0.0012212292158993198,2679910997.707191
2023-02-01,62.06021881103516,0.0,76.76000213623047,0.368,76.9800033569336,75.77999877929688,75.9800033569336,0.0,46900900,0.0013454502286055986,2683492282.153829
2023-02-02,62.41593551635742,0.0,77.19999694824219,0.0,77.33999633789062,77.06999969482422,77.31999969482422,0.0,56399900,0.0012240831353795144,2695907518.5123205
2023-02-03,61.76104736328125,0.0,76.38999938964844,0.0,76.86000061035156,76.33000183105469,76.5999984741211,0.0,39682300,0.001077381911426376,2704784197.8555164
2023-02-06,61.3648681640625,0.0,75.9000015258789,0.0,76.0999984741211,75.79000091552734,76.05999755859375,0.0,40944200,0.001077381911426376,2710243737.110187
2023-02-07,61.5831413269043,0.0,76.16999816894531,0.0,76.36000061035156,75.77999877929688,75.83000183105469,0.0,37101300,0.0012009750005172993,2720605228.5799055
2023-02-08,61.32445907592773,0.0,75.8499984741211,0.0,76.16000366210938,75.69000244140625,76.05999755859375,0.0,34066600,0.001279759471906023,2725929391.8111777
2023-02-09,60.92830657958984,0.0,75.36000061035156,0.0,76.11000061035156,75.29000091552734,76.11000061035156,0.0,42581900,0.0013989338767433253,2727589451.135932
2023-02-10,60.4593620300293,0.0,74.77999877929688,0.0,75.25,74.69000244140625,75.02999877929688,0.0,65905000,0.0013989338767433253,2743244771.868103
2023-02-13,60.61297225952149,0.0,74.97000122070312,0.0,75.22000122070312,74.75,74.83000183105469,0.0,38741300,0.0014668976280420992,2755700155.241133
2023-02-14,60.629127502441406,0.0,74.98999786376953,0.0,75.19000244140625,74.51000213623047,74.83000183105469,0.0,54193600,0.0015623676522299487,2776420942.63758
2023-02-15,60.53213119506836,0.0,74.87000274658203,0.0,74.87999725341797,74.58000183105469,74.72000122070312,0.0,44897600,0.0016643713485455657,2788805701.7828746
2023-02-16,60.04700469970703,0.0,74.2699966430664,0.0,74.58999633789062,74.2300033569336,74.54000091552734,0.0,89945400,0.001823629126236932,2824097448.0132513
2023-02-17,60.28147506713867,0.0,74.55999755859375,0.0,74.68000030517578,73.87000274658203,74.1500015258789,0.0,75910300,0.0019473530039967278,2857239270.564452
2023-02-21,59.35172653198242,0.0,73.41000366210938,0.0,74.02999877929688,73.11000061035156,73.8499984741211,0.0,98782400,0.0022492744828043454,2887047704.1310387
2023-02-22,59.73981857299805,0.0,73.88999938964844,0.0,74.19000244140625,73.5999984741211,73.5999984741211,0.0,70093300,0.0024449946903934493,2902783842.8714204
2023-02-23,60.32999420166016,0.0,74.62000274658203,0.0,74.7300033569336,74.12999725341797,74.2300033569336,0.0,47908100,0.0022150346388813864,2911035333.864817
2023-02-24,59.96618270874024,0.0,74.16999816894531,0.0,74.31999969482422,73.91999816894531,74.0,0.0,47576500,0.0024114992053719856,2928788796.1152883
2023-02-27,60.37044525146485,0.0,74.66999816894531,0.0,74.7699966430664,74.37999725341797,74.5199966430664,0.0,40292000,0.00225819853766068,2940382741.5871572
2023-02-28,60.25722885131836,0.0,74.52999877929688,0.0,74.63999938964844,74.41999816894531,74.63999938964844,0.0,32999000,0.002351747715615406,2939168117.9986677
2023-03-01,60.08643341064453,0.0,73.87000274658203,0.45,74.0999984741211,73.69000244140625,74.08000183105469,0.0,45341400,0.0022271933802092614,2948956085.717683
2023-03-02,60.15963363647461,0.0,73.95999908447266,0.0,74.05000305175781,73.4800033569336,73.4800033569336,0.0,37886100,0.002237044813393035,2931801222.9685583
2023-03-03,60.77781295776367,0.0,74.72000122070312,0.0,74.80999755859375,74.16999816894531,74.29000091552734,0.0,50123300,0.002237044813393035,2938360620.833563
2023-03-06,60.77781295776367,0.0,74.72000122070312,0.0,74.98999786376953,74.66000366210938,74.88999938964844,0.0,33430800,0.002237044813393035,2935464681.955077
2023-03-07,60.34670639038086,0.0,74.19000244140625,0.0,74.7699966430664,74.18000030517578,74.7300033569336,0.0,40222100,0.002237044813393035,2945958108.5963416
2023-03-08,60.06200408935547,0.0,73.83999633789062,0.0,74.36000061035156,73.69000244140625,74.23999786376953,0.0,54303900,0.0021134517243021115,2960830194.791121
2023-03-09,59.728511810302734,0.0,73.43000030517578,0.0,74.22000122070312,73.3499984741211,73.91000366210938,0.0,52669500,0.0021193721564201824,2975502399.6869826
2023-03-10,59.73667144775391,0.0,73.44000244140625,0.0,73.94999694824219,73.16999816894531,73.4800033569336,0.0,81516000,0.0021944944842425887,3006877017.95277
2023-03-13,59.41128540039063,0.0,73.04000091552734,0.0,73.9800033569336,72.83000183105469,73.19000244140625,0.0,78478100,0.002586932490107898,3034604112.079245
2023-03-14,59.84239959716797,0.0,73.56999969482422,0.0,73.91000366210938,73.2699966430664,73.69000244140625,0.0,66395600,0.0025849918792058314,3055100378.7460628
2023-03-15,59.64717102050781,0.0,73.33000183105469,0.0,73.4000015258789,72.61000061035156,72.80999755859375,0.0,81454700,0.002397463484270516,3074721273.2870617
2023-03-16,60.03761672973633,0.0,73.80999755859375,0.0,73.94999694824219,73.0199966430664,73.12999725341797,0.0,63386700,0.002295459787954899,3094327243.275785
2023-03-17,59.67971420288086,0.0,73.37000274658203,0.0,73.77999877929688,73.23999786376953,73.44000244140625,0.0,55132200,0.0023747221891916906,3099267510.9080667
2023-03-20,59.51704025268555,0.0,73.16999816894531,0.0,73.55999755859375,73.06999969482422,73.2300033569336,0.0,38540800,0.0022825754905834534,3088388319.303246
2023-03-21,60.16775131225586,0.0,73.97000122070312,0.0,74.08000183105469,73.5,73.6500015258789,0.0,38203400,0.002111186001427184,3094920039.480712
2023-03-22,60.22470474243164,0.0,74.04000091552734,0.0,74.79000091552734,73.70999908447266,73.9800033569336,0.0,55263500,0.0018284001392989261,3108221166.548914
2023-03-23,59.98880386352539,0.0,73.75,0.0,74.37000274658203,73.5199966430664,74.02999877929688,0.0,54660900,0.0019989512254741863,3118135220.71558
2023-03-24,59.86679458618164,0.0,73.5999984741211,0.0,73.69000244140625,73.38999938964844,73.44999694824219,0.0,44225600,0.0018024866589835876,3115974952.655132
2023-03-27,59.72036743164063,0.0,73.41999816894531,0.0,73.86000061035156,73.41999816894531,73.75,0.0,30905100,0.0019052275340210492,3103464301.6379642
2023-03-28,59.68784332275391,0.0,73.37999725341797,0.0,73.47000122070312,73.13999938964844,73.27999877929688,0.0,38277200,0.0018116783560663229,3101833627.1180353
2023-03-29,60.43619537353516,0.0,74.30000305175781,0.0,74.30999755859375,73.6500015258789,73.6500015258789,0.0,44457300,0.0018116783560663229,3102478934.5393105
2023-03-30,60.79410171508789,0.0,74.73999786376953,0.0,74.75,74.2699966430664,74.47000122070312,0.0,37130200,0.0016776059101762705,3096384958.936225
2023-03-31,61.452938079833984,0.0,75.55000305175781,0.0,75.6500015258789,74.94999694824219,74.97000122070312,0.0,54218900,0.0016776059101762705,3107225781.7774334
2023-04-03,61.40555953979492,0.0,75.1500015258789,0.342,75.30000305175781,74.97000122070312,75.13999938964844,0.0,43302900,0.0017957961739457524,3108730013.0018506
2023-04-04,61.22577667236328,0.0,74.93000030517578,0.0,75.26000213623047,74.8499984741211,75.1500015258789,0.0,46144300,0.0019183591235125287,3108201224.036032
2023-04-05,60.882598876953125,0.0,74.51000213623047,0.0,74.94999694824219,74.41999816894531,74.87999725341797,0.0,37633900,0.0019183591235125287,3103672958.53986
2023-04-06,61.1522331237793,0.0,74.83999633789062,0.0,74.95999908447266,74.29000091552734,74.38999938964844,0.0,35719600,0.0020725189936925932,3097088890.028884
2023-04-10,61.09505081176758,0.0,74.7699966430664,0.0,74.80999755859375,74.41000366210938,74.58000183105469,0.0,29083900,0.002056600880496356,3092794628.647202
2023-04-11,61.22577667236328,0.0,74.93000030517578,0.0,75.0999984741211,74.70999908447266,74.7699966430664,0.0,28875100,0.0016641628746310467,3090514923.8731933
2023-04-12,61.209434509277344,0.0,74.91000366210938,0.0,75.37999725341797,74.8499984741211,75.30999755859375,0.0,41457600,0.0013907151502433757,3093813241.4960957
2023-04-13,61.62617492675781,0.0,75.41999816894531,0.0,75.62000274658203,75.04000091552734,75.04000091552734,0.0,95864000,0.001624795417837705,3124910683.011155
2023-04-14,61.51178359985352,0.0,75.27999877929688,0.0,75.55000305175781,75.08000183105469,75.4000015258789,0.0,43767600,0.0018917345923511128,3132435197.539266
2023-04-17,61.34838485717773,0.0,75.08000183105469,0.0,75.16000366210938,74.80999755859375,75.06999969482422,0.0,26391100,0.0016532144134229544,3120357422.8618135
2023-04-18,61.38920974731445,0.0,75.12999725341797,0.0,75.36000061035156,74.9800033569336,75.26000213623047,0.0,28030700,0.0016216372342713957,3115985991.6209083
2023-04-19,61.14406204223633,0.0,74.83000183105469,0.0,74.98999786376953,74.77999877929688,74.83000183105469,0.0,26979400,0.001491105244620048,3112578362.827598
2023-04-20,61.08688735961914,0.0,74.76000213623047,0.0,74.87999725341797,74.55000305175781,74.6500015258789,0.0,30203900,0.0014911052446200477,3108717054.9789915
2023-04-21,61.27479553222656,0.0,74.98999786376953,0.0,75.02999877929688,74.69000244140625,74.87999725341797,0.0,33061800,0.0013205541584447873,3109373385.238297
2023-04-24,61.446407318115234,0.0,75.19999694824219,0.0,75.26000213623047,74.94999694824219,75.02999877929688,0.0,24661600,0.0013205541584447873,3097149330.6386795
2023-04-25,61.34838485717773,0.0,75.08000183105469,0.0,75.30000305175781,75.01000213623047,75.16000366210938,0.0,34575300,0.0013374861891650134,3083111265.7810144
2023-04-26,61.11139297485352,0.0,74.79000091552734,0.0,75.11000061035156,74.68000030517578,75.05999755859375,0.0,33762700,0.0013374861891650134,3086138791.8830447
2023-04-27,61.31568908691406,0.0,75.04000091552734,0.0,75.25,74.80000305175781,74.93000030517578,0.0,39687600,0.0014380254024511595,3088001060.235081
2023-04-28,61.57715606689453,0.0,75.36000061035156,0.0,75.4800033569336,75.05999755859375,75.05999755859375,0.0,33821100,0.0014380254024511595,3078764645.705117
2023-05-01,61.294830322265625,0.0,74.69000244140625,0.326,75.0,74.52999877929688,74.93000030517578,0.0,37748300,0.001502697456753821,3072088289.2214093
2023-05-02,61.23738479614258,0.0,74.62000274658203,0.0,74.73999786376953,74.37000274658203,74.69000244140625,0.0,39045300,0.0013845071929843391,3022172424.749277
2023-05-03,61.204586029052734,0.0,74.58000183105469,0.0,75.04000091552734,74.55999755859375,74.69999694824219,0.0,33178300,0.0012619442434175627,3006686977.0140276
2023-05-04,61.02402877807617,0.0,74.36000061035156,0.0,74.41000366210938,74.08999633789062,74.37999725341797,0.0,45207600,0.0012619442434175627,3010246120.3121495
2023-05-05,61.352294921875,0.0,74.76000213623047,0.0,74.86000061035156,74.4800033569336,74.58000183105469,0.0,31591500,0.000964282234917704,2999672231.10776
2023-05-08,61.17995834350586,0.0,74.55000305175781,0.0,74.69999694824219,74.37999725341797,74.69999694824219,0.0,18367400,0.0009101707244768605,2988987910.701582
2023-05-09,61.02402877807617,0.0,74.36000061035156,0.0,74.4800033569336,74.2699966430664,74.3499984741211,0.0,21732900,0.0009471033802037534,2978758220.2766604
2023-05-10,61.393314361572266,0.0,74.80999755859375,0.0,74.91999816894531,74.52999877929688,74.7699966430664,0.0,35392700,0.0009471033802037534,2985359960.3226733
2023-05-11,61.294830322265625,0.0,74.69000244140625,0.0,74.7699966430664,74.61000061035156,74.73999786376953,0.0,25265500,0.0007639715143524622,2977514537.503106
2023-05-12,61.07326889038086,0.0,74.41999816894531,0.0,74.79000091552734,74.27999877929688,74.68000030517578,0.0,27553200,0.0005365622623120917,2967675766.694393
2023-05-15,61.056861877441406,0.0,74.4000015258789,0.0,74.48999786376953,74.30000305175781,74.43000030517578,0.0,19764500,0.0005922177224929825,2939798428.4656587
2023-05-16,60.63010787963867,0.0,73.87999725341797,0.0,74.27999877929688,73.80999755859375,74.26000213623047,0.0,40998700,0.0005922177224929826,2951468174.872656
2023-05-17,60.79426193237305,0.0,74.08000183105469,0.0,74.33999633789062,73.93000030517578,73.95999908447266,0.0,38534100,0.0008262998870882127,2951875890.909776
2023-05-18,60.827056884765625,0.0,74.12000274658203,0.0,74.19000244140625,73.80999755859375,73.86000061035156,0.0,29129200,0.0008736167647487461,2939029318.6428065
2023-05-19,60.89273071289063,0.0,74.19999694824219,0.0,74.36000061035156,74.06999969482422,74.19000244140625,0.0,36044900,0.0008736167647487461,2941879716.8808775
2023-05-22,61.16353225708008,0.0,74.52999877929688,0.0,74.66999816894531,74.22000122070312,74.22000122070312,0.0,34897700,0.0008736167647487461,2942336144.570396
2023-05-23,60.843482971191406,0.0,74.13999938964844,0.0,74.4800033569336,74.06999969482422,74.38999938964844,0.0,32415500,0.0008493546068663607,2942755836.395173
2023-05-24,60.41672897338867,0.0,73.62000274658203,0.0,74.0199966430664,73.47000122070312,73.93000030517578,0.0,38083200,0.0008493546068663607,2953776901.8459444
2023-05-25,60.37570190429688,0.0,73.56999969482422,0.0,73.91000366210938,73.55000305175781,73.88999938964844,0.0,21457900,0.0009245889114599811,2951730148.662961
2023-05-26,60.74501037597656,0.0,74.0199966430664,0.0,74.11000061035156,73.62000274658203,73.6500015258789,0.0,23547600,0.0010851934233150284,2947479514.170347
2023-05-30,61.00759506225586,0.0,74.33999633789062,0.0,74.3499984741211,74.08999633789062,74.3499984741211,0.0,27482600,0.0010205213690123668,2958059031.6634774
2023-05-31,60.81888198852539,0.0,74.11000061035156,0.0,74.25,73.94999694824219,74.13999938964844,0.0,43393600,0.001161975655452661,2964927554.884327
2023-06-01,61.18415832519531,0.0,74.19999694824219,0.353,74.30999755859375,73.77999877929688,73.80000305175781,0.0,42425700,0.0012906132940359448,2973842705.2308283
2023-06-02,61.49750900268555,0.0,74.58000183105469,0.0,74.7699966430664,74.30000305175781,74.45999908447266,0.0,49950900,0.0012906132940359448,2978367762.1732497
2023-06-05,61.44801712036133,0.0,74.5199966430664,0.0,74.55000305175781,74.33999633789062,74.5199966430664,0.0,24080200,0.001363254713607487,2967322270.9307046
2023-06-06,61.54697036743164,0.0,74.63999938964844,0.0,74.66000366210938,74.31999969482422,74.44999694824219,0.0,23006600,0.0013357221696195369,2964438204.495657
2023-06-07,61.20890808105469,0.0,74.2300033569336,0.0,74.79000091552734,74.13999938964844,74.69999694824219,0.0,32340900,0.0014341487577964403,2965828566.1183915
2023-06-08,61.596439361572266,0.0,74.69999694824219,0.0,74.73999786376953,74.2300033569336,74.2300033569336,0.0,33987800,0.0017196262813639531,2971196570.784263
2023-06-09,61.612937927246094,0.0,74.72000122070312,0.0,74.86000061035156,74.69000244140625,74.76000213623047,0.0,27016700,0.0016686778796209147,2972570499.8187957
2023-06-12,61.54697036743164,0.0,74.63999938964844,0.0,74.80000305175781,74.4800033569336,74.79000091552734,0.0,30629500,0.001629147957147878,2976517085.21149
2023-06-13,61.62118148803711,0.0,74.7300033569336,0.0,74.94000244140625,74.62000274658203,74.83000183105469,0.0,39425900,0.001573492496966987,2987579963.214747
2023-06-14,61.64592361450195,0.0,74.76000213623047,0.0,74.98999786376953,74.41000366210938,74.80000305175781,0.0,32864600,0.0017064114237515609,2993678239.755715
2023-06-15,61.942779541015625,0.0,75.12000274658203,0.0,75.1500015258789,74.81999969482422,74.86000061035156,0.0,42412300,0.0014723292591563308,2991224189.7672987
2023-06-16,61.78608703613281,0.0,74.93000030517578,0.0,75.11000061035156,74.9000015258789,75.08999633789062,0.0,47560800,0.0015233810821570707,2985165084.0297213
2023-06-20,61.62118148803711,0.0,74.7300033569336,0.0,74.93000030517578,74.7300033569336,74.80999755859375,0.0,31930500,0.0015233810821570707,2979301424.2851863
2023-06-21,61.464500427246094,0.0,74.54000091552734,0.0,74.69999694824219,74.38999938964844,74.58000183105469,0.0,39751900,0.0015233810821570707,2980203035.8778696
2023-06-22,61.28310394287109,0.0,74.31999969482422,0.0,74.4800033569336,74.30000305175781,74.37000274658203,0.0,31504700,0.0014579556656405617,2984569084.6312323
2023-06-23,61.1758918762207,0.0,74.19000244140625,0.0,74.26000213623047,74.0,74.20999908447266,0.0,33811100,0.0014579556656405617,2985136869.5338473
2023-06-26,61.20890808105469,0.0,74.2300033569336,0.0,74.33000183105469,74.08999633789062,74.19999694824219,0.0,36111900,0.0013209692626702317,2992657629.7181506
2023-06-27,61.41503143310547,0.0,74.4800033569336,0.0,74.55000305175781,74.29000091552734,74.30999755859375,0.0,31707600,0.0011603647508151844,2995562944.769844
2023-06-28,61.76959991455078,0.0,74.91000366210938,0.0,74.91000366210938,74.41999816894531,74.47000122070312,0.0,35679600,0.0011603647508151844,3008984145.8787103
2023-06-29,61.60469055175781,0.0,74.70999908447266,0.0,74.72000122070312,74.43000030517578,74.63999938964844,0.0,41712000,0.001146933087093089,3020799324.14133
2023-06-30,61.90155029296875,0.0,75.06999969482422,0.0,75.23999786376953,74.88999938964844,74.95999908447266,0.0,35842000,0.0010182954485098053,3018482836.981407
2023-07-03,61.80455780029297,0.0,74.55000305175781,0.403,74.69000244140625,74.5199966430664,74.68000030517578,0.0,13046500,0.0010813056694573497,3006712447.7115755
2023-07-05,61.613868713378906,0.0,74.31999969482422,0.0,74.54000091552734,74.19999694824219,74.5199966430664,0.0,37947100,0.0010086642498858074,3020230220.037654
2023-07-06,61.16617584228516,0.0,73.77999877929688,0.0,73.86000061035156,73.58000183105469,73.77999877929688,0.0,52251100,0.0009119296848511295,3033971629.258728
2023-07-07,61.22422790527344,0.0,73.8499984741211,0.0,74.33000183105469,73.7300033569336,73.76000213623047,0.0,42269100,0.0007765704409473334,3036762668.9932446
2023-07-10,61.53096008300781,0.0,74.22000122070312,0.0,74.30000305175781,73.91000366210938,73.91999816894531,0.0,45752200,0.0006795344968026767,3042942855.9531803
2023-07-11,61.86256790161133,0.0,74.62000274658203,0.0,74.62000274658203,74.29000091552734,74.41000366210938,0.0,32000700,0.0006795344968026767,3025903019.1213155
2023-07-12,62.34339904785156,0.0,75.19999694824219,0.0,75.30999755859375,75.0199966430664,75.08999633789062,0.0,42820700,0.0006795344968026767,3029918522.1375666
2023-07-13,62.71647262573242,0.0,75.6500015258789,0.0,75.7300033569336,75.41000366210938,75.5,0.0,33954200,0.0006795344968026767,3028856053.9589167
2023-07-14,62.260528564453125,0.0,75.0999984741211,0.0,75.62999725341797,75.05000305175781,75.56999969482422,0.0,36081800,0.0005503607065690297,3031111850.3643274
2023-07-17,62.376583099365234,0.0,75.23999786376953,0.0,75.36000061035156,75.0,75.05999755859375,0.0,28836600,0.0006350126392124418,3030445772.6210394
2023-07-18,62.5506706237793,0.0,75.44999694824219,0.0,75.55000305175781,75.2699966430664,75.30000305175781,0.0,25990800,0.0005366439385511686,3030011318.944338
2023-07-19,62.60042953491211,0.0,75.51000213623047,0.0,75.6500015258789,75.45999908447266,75.58999633789062,0.0,26794800,0.0005366439385511686,3027300676.359237
2023-07-20,62.32684326171875,0.0,75.18000030517578,0.0,75.30000305175781,74.9800033569336,75.20999908447266,0.0,27028500,0.0005366439385511686,3011267979.6494255
2023-07-21,62.484336853027344,0.0,75.37000274658203,0.0,75.48999786376953,75.19999694824219,75.19999694824219,0.0,37447800,0.0005066586071923752,3003458861.7044907
2023-07-24,62.376583099365234,0.0,75.23999786376953,0.0,75.54000091552734,75.22000122070312,75.43000030517578,0.0,20925500,0.0006538208968980923,2993813448.4057713
2023-07-25,62.33512496948242,0.0,75.19000244140625,0.0,75.2699966430664,75.05999755859375,75.16000366210938,0.0,30067600,0.000615033781988656,2995578334.527927
2023-07-26,62.58382797241211,0.0,75.48999786376953,0.0,75.55999755859375,75.12000274658203,75.16000366210938,0.0,33068400,0.000615033781988656,2998591341.081789
2023-07-27,62.08642578125,0.0,74.88999938964844,0.0,75.69000244140625,74.7300033569336,75.62999725341797,0.0,48675800,0.0007686488126453586,3011884785.297678
2023-07-28,62.4428939819336,0.0,75.31999969482422,0.0,75.37999725341797,75.1500015258789,75.20999908447266,0.0,27588400,0.0006844630976251855,3012909119.1004734
2023-07-31,62.59212875366211,0.0,75.5,0.0,75.5999984741211,75.37999725341797,75.41999816894531,0.0,30744800,0.0006844630976251855,3009684386.7579927
2023-08-01,62.28227615356445,0.0,74.7699966430664,0.358,74.95999908447266,74.68000030517578,74.95999908447266,0.0,34529700,0.0006214528766776411,3010937991.055213
2023-08-02,62.01569747924805,0.0,74.44999694824219,0.0,74.5199966430664,74.26000213623047,74.44999694824219,0.0,37500500,0.0006214528766776411,3008254485.1621356
2023-08-03,61.81576919555664,0.0,74.20999908447266,0.0,74.36000061035156,74.08999633789062,74.20999908447266,0.0,30348000,0.000677989741770605,2997556166.6543927
2023-08-04,62.18230056762695,0.0,74.6500015258789,0.0,74.94000244140625,74.56999969482422,74.6500015258789,0.0,37411900,0.000677989741770605,2985165105.4179244
2023-08-07,62.29890060424805,0.0,74.79000091552734,0.0,74.83000183105469,74.5999984741211,74.79000091552734,0.0,19412600,0.000595680477117851,2972629688.7432637
2023-08-08,62.43219375610352,0.0,74.94999694824219,0.0,75.0,74.66000366210938,74.73999786376953,0.0,32545600,0.0006126546551652448,2967325147.3004293
2023-08-09,62.44052505493164,0.0,74.95999908447266,0.0,75.05000305175781,74.80000305175781,74.95999908447266,0.0,27569200,0.000664208575866689,2961298014.39324
2023-08-10,62.423866271972656,0.0,74.94000244140625,0.0,75.3499984741211,74.73999786376953,75.01000213623047,0.0,43697200,0.0007436588817044392,2966779893.096924
2023-08-11,62.33222198486328,0.0,74.83000183105469,0.0,74.86000061035156,74.58000183105469,74.68000030517578,0.0,23329000,0.0007399137451535123,2955166695.4995165
2023-08-14,62.32391357421875,0.0,74.81999969482422,0.0,74.93000030517578,74.56999969482422,74.69999694824219,0.0,28545100,0.000810511560019957,2933002953.862526
2023-08-15,62.123985290527344,0.0,74.58000183105469,0.0,74.79000091552734,74.55000305175781,74.62000274658203,0.0,32968600,0.000927998909490305,2929466151.799635
2023-08-16,61.93239974975586,0.0,74.3499984741211,0.0,74.75,74.3499984741211,74.55000305175781,0.0,31759400,0.0009707346368380777,2915952924.762405
2023-08-17,61.67418670654297,0.0,74.04000091552734,0.0,74.41999816894531,73.86000061035156,74.38999938964844,0.0,38546600,0.0009707346368380777,2911925201.4606233
2023-08-18,61.71580505371094,0.0,74.08999633789062,0.0,74.31999969482422,73.86000061035156,73.88999938964844,0.0,44130500,0.0012392220008782468,2884856820.7251472
2023-08-21,61.69915771484375,0.0,74.06999969482422,0.0,74.13999938964844,73.83999633789062,74.08000183105469,0.0,30768700,0.0012050238233272128,2858024803.399258
2023-08-22,61.73249053955078,0.0,74.11000061035156,0.0,74.26000213623047,74.05000305175781,74.2300033569336,0.0,18135400,0.0012050238233272128,2811139074.5049486
2023-08-23,62.23227691650391,0.0,74.70999908447266,0.0,74.81999969482422,74.4000015258789,74.4000015258789,0.0,33378000,0.0012050238233272128,2789825395.5781484
2023-08-24,61.8907585144043,0.0,74.30000305175781,0.0,74.72000122070312,74.22000122070312,74.72000122070312,0.0,34336100,0.0011371370560119849,2781700552.571814
2023-08-25,62.14897918701172,0.0,74.61000061035156,0.0,74.69999694824219,74.26000213623047,74.31999969482422,0.0,31149300,0.0013623592735329468,2772139444.4299664
2023-08-28,62.382205963134766,0.0,74.88999938964844,0.0,74.93000030517578,74.69000244140625,74.9000015258789,0.0,21461600,0.0013623592735329468,2761017663.832171
2023-08-29,62.77373123168945,0.0,75.36000061035156,0.0,75.36000061035156,74.77999877929688,74.80999755859375,0.0,42178200,0.0013623592735329468,2766725074.530786
2023-08-30,62.74873352050781,0.0,75.33000183105469,0.0,75.4800033569336,75.26000213623047,75.36000061035156,0.0,29458200,0.0013623592735329468,2757754573.875276
2023-08-31,62.70706558227539,0.0,75.27999877929688,0.0,75.37999725341797,75.16000366210938,75.2699966430664,0.0,30824500,0.0013058224084399827,2753932450.074151
2023-09-01,62.82509994506836,0.0,75.06999969482422,0.351,75.23999786376953,74.8499984741211,75.19000244140625,0.0,33213100,0.0013058224084399827,2743996691.103345
2023-09-05,62.41500854492188,0.0,74.58000183105469,0.0,74.95999908447266,74.5199966430664,74.95999908447266,0.0,29500600,0.0011996900936698807,2741633241.7796
2023-09-06,62.26436614990234,0.0,74.4000015258789,0.0,74.55000305175781,74.25,74.51000213623047,0.0,30797500,0.0011827159156224867,2736135276.301781
2023-09-07,62.47359848022461,0.0,74.6500015258789,0.0,74.69000244140625,74.27999877929688,74.27999877929688,0.0,28757400,0.0012416083511451888,2721349087.228345
2023-09-08,62.448490142822266,0.0,74.62000274658203,0.0,74.87999725341797,74.55999755859375,74.80000305175781,0.0,26389100,0.0011621580453074387,2706282684.9537926
2023-09-11,62.55728530883789,0.0,74.75,0.0,74.75,74.56999969482422,74.72000122070312,0.0,29159400,0.0012384459892744507,2676069430.279081
2023-09-12,62.456844329833984,0.0,74.62999725341797,0.0,74.76000213623047,74.55999755859375,74.55999755859375,0.0,21668500,0.0011948714185169057,2643411331.8635
2023-09-13,62.624210357666016,0.0,74.83000183105469,0.0,74.91000366210938,74.5999984741211,74.5999984741211,0.0,27498900,0.0011080033463382259,2620974970.4794865
2023-09-14,62.69955062866211,0.0,74.91999816894531,0.0,75.0,74.83000183105469,74.91000366210938,0.0,29575900,0.001065267618990453,2591155550.429463
2023-09-15,62.46523284912109,0.0,74.63999938964844,0.0,74.8499984741211,74.63999938964844,74.69999694824219,0.0,41636900,0.001065267618990453,2578688931.5273952
2023-09-18,62.50706481933594,0.0,74.69000244140625,0.0,74.7699966430664,74.55000305175781,74.55000305175781,0.0,19549700,0.0008034625805691835,2558173990.8552012
2023-09-19,62.3145637512207,0.0,74.45999908447266,0.0,74.63999938964844,74.41000366210938,74.52999877929688,0.0,33937200,0.0007038880296561922,2555848067.1686926
2023-09-20,62.26436614990234,0.0,74.4000015258789,0.0,74.76000213623047,74.38999938964844,74.62999725341797,0.0,26715100,0.000810296635467932,2549194876.1855893
2023-09-21,61.82080841064453,0.0,73.87000274658203,0.0,74.16000366210938,73.87000274658203,74.0999984741211,0.0,43327300,0.000810296635467932,2542122480.7840557
2023-09-22,61.92960739135742,0.0,74.0,0.0,74.2699966430664,73.98999786376953,74.0199966430664,0.0,36657300,0.000909063214145605,2531657392.0935793
2023-09-25,61.84591674804688,0.0,73.9000015258789,0.0,74.02999877929688,73.7300033569336,73.80999755859375,0.0,30197500,0.0006400040889266172,2523535100.0583467
2023-09-26,61.578102111816406,0.0,73.58000183105469,0.0,73.88999938964844,73.52999877929688,73.83999633789062,0.0,39193000,0.0006400040889266172,2528414216.1405168
2023-09-27,61.49443817138672,0.0,73.4800033569336,0.0,73.8499984741211,73.3499984741211,73.79000091552734,0.0,45532200,0.000764566972551103,2532675528.664168
2023-09-28,61.787330627441406,0.0,73.83000183105469,0.0,73.86000061035156,73.30999755859375,73.3499984741211,0.0,45776600,0.0010815530104126773,2533282742.443109
2023-09-29,61.69527816772461,0.0,73.72000122070312,0.0,74.20999908447266,73.70999908447266,74.13999938964844,0.0,51698300,0.0010815530104126773,2541505660.4623704
2023-10-02,61.320899963378906,0.0,72.88999938964844,0.385,73.23999786376953,72.80000305175781,73.0999984741211,0.0,69255900,0.0010815530104126773,2549059822.7502007
2023-10-03,60.69837188720703,0.0,72.1500015258789,0.0,72.80000305175781,72.12000274658203,72.5999984741211,0.0,77754200,0.0010815530104126773,2567756272.334078
2023-10-04,61.009647369384766,0.0,72.5199966430664,0.0,72.62999725341797,72.12000274658203,72.31999969482422,0.0,138971500,0.0013653479906930923,2620300877.8928056
2023-10-05,61.06853103637695,0.0,72.58999633789062,0.0,72.68000030517578,72.4000015258789,72.47000122070312,0.0,56138500,0.0012910788638949267,2630388112.337409
2023-10-06,61.15266036987305,0.0,72.69000244140625,0.0,72.81999969482422,72.0999984741211,72.30000305175781,0.0,52741500,0.001378397751193296,2639598628.453064
2023-10-09,61.60694885253906,0.0,73.2300033569336,0.0,73.23999786376953,72.69999694824219,72.69999694824219,0.0,27277200,0.001302109807226284,2638193123.2324324
2023-10-10,61.59011459350586,0.0,73.20999908447266,0.0,73.44000244140625,72.94999694824219,73.04000091552734,0.0,50761600,0.0011904346304739723,2650515706.0714355
2023-10-11,61.58171463012695,0.0,73.19999694824219,0.0,73.44000244140625,72.87999725341797,73.3499984741211,0.0,53330500,0.0014633380839262071,2656850654.241483
2023-10-12,61.25360870361328,0.0,72.80999755859375,0.0,73.16999816894531,72.58999633789062,73.16999816894531,0.0,60368000,0.0014633380839262071,2634353283.0363197
2023-10-13,61.203121185302734,0.0,72.75,0.0,73.23999786376953,72.68000030517578,73.01000213623047,0.0,54191200,0.001721900342666152,2639492845.936536
2023-10-16,61.18630599975586,0.0,72.7300033569336,0.0,72.91000366210938,72.66999816894531,72.72000122070312,0.0,39352900,0.0017804767823050589,2646482470.6411514
2023-10-17,60.9002799987793,0.0,72.38999938964844,0.0,72.61000061035156,72.29000091552734,72.41999816894531,0.0,50948700,0.0017670872210633671,2659039851.1799765
2023-10-18,60.60581588745117,0.0,72.04000091552734,0.0,72.45999908447266,71.98999786376953,72.30999755859375,0.0,58306500,0.0016606786152516273,2676353595.3226786
2023-10-19,60.3870849609375,0.0,71.77999877929688,0.0,72.4000015258789,71.77999877929688,72.04000091552734,0.0,70971900,0.0018243794567582787,2698864065.6944394
2023-10-20,60.51325988769531,0.0,71.93000030517578,0.0,72.08999633789062,71.81999969482422,71.86000061035156,0.0,64845500,0.0017344914105174233,2716205593.6580653
2023-10-23,60.75724792480469,0.0,72.22000122070312,0.0,72.41999816894531,71.68000030517578,71.7699966430664,0.0,47508700,0.001814639886734256,2728717705.779139
2023-10-24,61.06853103637695,0.0,72.58999633789062,0.0,72.62000274658203,72.33000183105469,72.41000366210938,0.0,46427900,0.001814639886734256,2734862844.6971292
2023-10-25,60.74042510986328,0.0,72.19999694824219,0.0,72.47000122070312,72.12000274658203,72.41000366210938,0.0,42518300,0.0018141843473234698,2739185930.1442223
2023-10-26,60.95074844360352,0.0,72.44999694824219,0.0,72.58000183105469,72.0999984741211,72.20999908447266,0.0,45233400,0.0016877266609686143,2741558963.0936155
2023-10-27,60.87504196166992,0.0,72.36000061035156,0.0,72.61000061035156,72.2300033569336,72.5199966430664,0.0,35621800,0.0018580179470429157,2741787815.102338
2023-10-30,60.8918571472168,0.0,72.37999725341797,0.0,72.5,72.2699966430664,72.3499984741211,0.0,29094000,0.0019651013073228698,2736124347.014497
2023-10-31,61.05169677734375,0.0,72.56999969482422,0.0,72.80000305175781,72.37999725341797,72.41000366210938,0.0,42185900,0.0019651013073228698,2737297921.2754865
2023-11-01,61.63360977172852,0.0,72.87000274658203,0.388,72.87000274658203,72.27999877929688,72.27999877929688,0.0,59313100,0.0019044749244293674,2751962271.1576858
2023-11-02,62.3271598815918,0.0,73.69000244140625,0.0,73.79000091552734,73.31999969482422,73.33000183105469,0.0,68930600,0.0018682976950033868,2765596072.09971
2023-11-03,62.936153411865234,0.0,74.41000366210938,0.0,74.45999908447266,74.0,74.1500015258789,0.0,88763600,0.0017809788077050171,2799271621.2550693
2023-11-06,62.68243408203125,0.0,74.11000061035156,0.0,74.38999938964844,74.04000091552734,74.23999786376953,0.0,93899100,0.001972864982650528,2843633308.8126774
2023-11-07,62.69084548950195,0.0,74.12000274658203,0.0,74.20999908447266,73.9000015258789,74.05999755859375,0.0,50458200,0.001972864982650528,2860489685.521589
2023-11-08,62.72468948364258,0.0,74.16000366210938,0.0,74.2300033569336,74.05999755859375,74.0999984741211,0.0,41143500,0.0017076434646951446,2863691862.585716
2023-11-09,62.33562850952149,0.0,73.69999694824219,0.0,74.19000244140625,73.68000030517578,74.05000305175781,0.0,62856100,0.0017076434646951446,2885480863.549962
2023-11-10,62.64010620117188,0.0,74.05999755859375,0.0,74.0999984741211,73.87000274658203,73.91000366210938,0.0,35563300,0.001530086899455484,2890110298.6104937
2023-11-13,62.58091735839844,0.0,73.98999786376953,0.0,74.05999755859375,73.79000091552734,73.79000091552734,0.0,37530100,0.0015377246155587547,2900478339.7904043
2023-11-14,63.21525955200195,0.0,74.73999786376953,0.0,74.93000030517578,74.62000274658203,74.62000274658203,0.0,68210800,0.0015377246155587547,2916899698.543518
2023-11-15,63.01227569580078,0.0,74.5,0.0,74.70999908447266,74.43000030517578,74.61000061035156,0.0,44022800,0.0015377246155587547,2920273447.761312
2023-11-16,63.09684371948242,0.0,74.5999984741211,0.0,74.66999816894531,74.44999694824219,74.52999877929688,0.0,52928200,0.0014972259063649109,2934474933.913948
2023-11-17,63.24065780639648,0.0,74.7699966430664,0.0,74.7699966430664,74.4800033569336,74.61000061035156,0.0,44272100,0.0014738771271904337,2939520118.8217406
2023-11-20,63.30830764770508,0.0,74.8499984741211,0.0,74.94999694824219,74.6500015258789,74.6500015258789,0.0,30846200,0.001393728650973601,2937201963.937075
2023-11-21,63.39288711547852,0.0,74.94999694824219,0.0,74.97000122070312,74.80000305175781,74.80000305175781,0.0,29493900,0.0014336887255600838,2935672460.482921
2023-11-22,63.50286102294922,0.0,75.08000183105469,0.0,75.16000366210938,74.87999725341797,75.05000305175781,0.0,40866800,0.0013095813813463844,2937772413.897451
2023-11-24,63.435176849365234,0.0,75.0,0.0,75.02999877929688,74.94999694824219,75.0199966430664,0.0,8536200,0.001137072395919925,2930324455.9891047
2023-11-27,63.52821350097656,0.0,75.11000061035156,0.0,75.19999694824219,74.93000030517578,75.0,0.0,31007400,0.0009854765872973196,2934975031.8619075
2023-11-28,63.80733108520508,0.0,75.44000244140625,0.0,75.47000122070312,75.05000305175781,75.0999984741211,0.0,44031100,0.0008783932270173655,2945123047.0058923
2023-11-29,64.15412902832031,0.0,75.8499984741211,0.0,76.04000091552734,75.70999908447266,75.73999786376953,0.0,48815500,0.0008783932270173655,2948986188.895004
2023-11-30,64.03570556640625,0.0,75.70999908447266,0.0,75.86000061035156,75.4800033569336,75.81999969482422,0.0,55047100,0.0006552246296304525,2957078483.181321
2023-12-01,64.56586456298828,0.0,75.98999786376953,0.344,76.01000213623047,75.19999694824219,75.29000091552734,0.0,60321100,0.0007902423508252448,2963891674.0279665
2023-12-04,64.40442657470703,0.0,75.80000305175781,0.0,75.8499984741211,75.55000305175781,75.55000305175781,0.0,33105700,0.0008755742447483327,2969565925.915794
2023-12-05,64.46392059326172,0.0,75.87000274658203,0.0,75.95999908447266,75.66999816894531,75.66999816894531,0.0,32466500,0.0006952422033540909,2975486726.187334
2023-12-06,64.47240447998047,0.0,75.87999725341797,0.0,76.02999877929688,75.83000183105469,75.95999908447266,0.0,21297200,0.0006952422033540909,2969259475.0916133
2023-12-07,64.5828628540039,0.0,76.01000213623047,0.0,76.13999938964844,75.91999816894531,75.98999786376953,0.0,27779300,0.0007003723182091416,2965867539.3461013
2023-12-08,64.4554214477539,0.0,75.86000061035156,0.0,75.91000366210938,75.66999816894531,75.80999755859375,0.0,30123200,0.0007003723182091416,2967982286.277898
2023-12-11,64.41293334960938,0.0,75.80999755859375,0.0,75.81999969482422,75.56999969482422,75.80000305175781,0.0,30141700,0.0006935343668498107,2967973209.627951
2023-12-12,64.557373046875,0.0,75.9800033569336,0.0,76.01000213623047,75.5999984741211,75.7699966430664,0.0,29203400,0.0006848282592670073,2962200009.5540123
2023-12-13,65.54300689697266,0.0,77.13999938964844,0.0,77.1500015258789,76.05999755859375,76.0999984741211,0.0,64201300,0.0006848282592670073,2982005808.5747128
2023-12-14,65.83244323730469,0.0,77.0999984741211,0.379,77.37999725341797,76.94999694824219,77.12999725341797,0.0,67220400,0.0006848282592670073,2997852480.359958
2023-12-15,65.68728637695312,0.0,76.93000030517578,0.0,77.3499984741211,76.75,77.02999877929688,0.0,36336400,0.0007307058601536348,2991754293.888328
2023-12-18,65.72998809814453,0.0,76.9800033569336,0.0,77.08000183105469,76.7300033569336,77.08000183105469,0.0,34793600,0.0007767538788306446,2994073699.226512
2023-12-19,65.91783142089844,0.0,77.19999694824219,0.0,77.29000091552734,77.04000091552734,77.06999969482422,0.0,25269400,0.0007767538788306446,2986039500.341512
2023-12-20,65.92635345458984,0.0,77.20999908447266,0.0,77.54000091552734,77.16999816894531,77.29000091552734,0.0,38376400,0.0007367938042441617,2990972932.9961143
2023-12-21,66.2252197265625,0.0,77.55999755859375,0.0,77.62999725341797,77.31999969482422,77.51000213623047,0.0,22861400,0.0009126170636640993,2985137095.985316
2023-12-22,66.14836883544922,0.0,77.47000122070312,0.0,77.75,77.41999816894531,77.69000244140625,0.0,18048400,0.0009300591644019581,2974959501.634574
2023-12-26,66.2764663696289,0.0,77.62000274658203,0.0,77.62999725341797,77.4800033569336,77.5,0.0,12374700,0.0009619610175748512,2963839994.440509
2023-12-27,66.5497055053711,0.0,77.94000244140625,0.0,78.08000183105469,77.61000061035156,77.66999816894531,0.0,22835300,0.0009619610175748512,2956752886.2745376
2023-12-28,66.33622741699219,0.0,77.69000244140625,0.0,77.91000366210938,77.54000091552734,77.9000015258789,0.0,22648100,0.0010988806708007622,2945984850.2624874
2023-12-29,66.08008575439453,0.0,77.38999938964844,0.0,77.86000061035156,77.38999938964844,77.66999816894531,0.0,36993900,0.001220228765120706,2947352302.400256
2024-01-02,65.85806274414062,0.0,77.12999725341797,0.0,77.23999786376953,77.04000091552734,77.12999725341797,0.0,41547100,0.0010852110439259137,2965065882.5119443
2024-01-03,65.67875671386719,0.0,76.91999816894531,0.0,77.08000183105469,76.55000305175781,76.72000122070312,0.0,39495500,0.0009998791500028257,2966794178.7600565
2024-01-04,65.422607421875,0.0,76.62000274658203,0.0,76.9000015258789,76.5999984741211,76.80999755859375,0.0,32856100,0.0011126324032658555,2956177896.0459695
2024-01-05,65.47382354736328,0.0,76.68000030517578,0.0,77.0,76.55000305175781,76.5999984741211,0.0,31158500,0.001255534105387585,2950365680.323797
2024-01-08,65.84100341796875,0.0,77.11000061035156,0.0,77.16999816894531,76.69999694824219,76.69999694824219,0.0,33479100,0.0012917522134909983,2943904133.3522434
2024-01-09,65.94343566894531,0.0,77.2300033569336,0.0,77.31999969482422,76.95999908447266,77.01000213623047,0.0,25593500,0.0012917522134909983,2940639798.18576
2024-01-10,66.06299591064453,0.0,77.37000274658203,0.0,77.48999786376953,77.27999877929688,77.41000366210938,0.0,35702800,0.0012175844713500444,2937006538.064642
2024-01-11,66.2764663696289,0.0,77.62000274658203,0.0,77.62999725341797,77.16999816894531,77.3499984741211,0.0,35947100,0.0012246421058603747,2938765099.325925
2024-01-12,66.34475708007812,0.0,77.69999694824219,0.0,77.91999816894531,77.62999725341797,77.68000030517578,0.0,31155500,0.0012246421058603747,2936471759.0876503
2024-01-16,65.92635345458984,0.0,77.20999908447266,0.0,77.55000305175781,77.12999725341797,77.55000305175781,0.0,43669900,0.0012246421058603747,2946012133.8227344
2024-01-17,65.64459991455078,0.0,76.87999725341797,0.0,77.08000183105469,76.7300033569336,77.08000183105469,0.0,54160800,0.0010555623726609393,2963495279.6525803
2024-01-18,65.7812271118164,0.0,77.04000091552734,0.0,77.05000305175781,76.8499984741211,76.98999786376953,0.0,34837600,0.0010215354928653174,2968738242.594286
2024-01-19,65.89222717285156,0.0,77.16999816894531,0.0,77.16999816894531,76.77999877929688,77.06999969482422,0.0,44359700,0.0010973160803087957,2979779792.8286233
2024-01-22,65.94343566894531,0.0,77.2300033569336,0.0,77.43000030517578,77.18000030517578,77.18000030517578,0.0,36758900,0.0010973160803087957,2979910341.8884945
2024-01-23,65.86661529541016,0.0,77.13999938964844,0.0,77.25,77.02999877929688,77.19000244140625,0.0,24561500,0.0009214928208888581,2982451925.37826
2024-01-24,65.83244323730469,0.0,77.0999984741211,0.0,77.43000030517578,77.02999877929688,77.4000015258789,0.0,27623300,0.0009745482270396393,2981412032.2865376
2024-01-25,66.33622741699219,0.0,77.69000244140625,0.0,77.69000244140625,77.30000305175781,77.37000274658203,0.0,48268800,0.0010780788569181728,2991361792.163407
2024-01-26,66.2850112915039,0.0,77.62999725341797,0.0,77.7699966430664,77.58999633789062,77.6500015258789,0.0,26232800,0.0010780788569181728,2978592915.6527624
2024-01-29,66.43013000488281,0.0,77.80000305175781,0.0,77.83000183105469,77.56999969482422,77.66000366210938,0.0,25924900,0.001028552390893646,2978108780.8871737
2024-01-30,66.34475708007812,0.0,77.69999694824219,0.0,77.83000183105469,77.52999877929688,77.80000305175781,0.0,32486600,0.001057852533873187,2979719704.068593
2024-01-31,66.15691375732422,0.0,77.4800033569336,0.0,77.9000015258789,77.43000030517578,77.69999694824219,0.0,55548900,0.0011939336055964696,2993387508.873258
2024-02-01,66.5379409790039,0.0,77.54000091552734,0.384,77.61000061035156,77.11000061035156,77.33000183105469,0.0,48019300,0.0011939336055964696,3000780401.376476
2024-02-02,66.23758697509766,0.0,77.19000244140625,0.0,77.29000091552734,77.04000091552734,77.05000305175781,0.0,42727400,0.0011615908433221327,3009082012.9486933
2024-02-05,65.92865753173828,0.0,76.83000183105469,0.0,77.01000213623047,76.66000366210938,76.94999694824219,0.0,51908600,0.001018689141200403,3018568833.9087048
2024-02-06,66.16893768310547,0.0,77.11000061035156,0.0,77.22000122070312,76.87000274658203,76.87000274658203,0.0,32948200,0.0009390397054534202,3027209844.6256666
2024-02-07,66.28047180175781,0.0,77.23999786376953,0.0,77.30000305175781,77.0199966430664,77.2699966430664,0.0,42954100,0.0009675284972217462,3034181923.765043
2024-02-08,66.24617004394531,0.0,77.19999694824219,0.0,77.30000305175781,77.12000274658203,77.18000030517578,0.0,25548400,0.0010501337241417587,3033433901.5053034
2024-02-09,66.38346862792969,0.0,77.36000061035156,0.0,77.41000366210938,77.13999938964844,77.25,0.0,33951400,0.0010328542910185042,3028289552.6960945
2024-02-12,66.23758697509766,0.0,77.19000244140625,0.0,77.45999908447266,77.16999816894531,77.33000183105469,0.0,36249100,0.0011519322357355084,3036641608.289603
2024-02-13,65.70556640625,0.0,76.56999969482422,0.0,76.80000305175781,76.44000244140625,76.66999816894531,0.0,69904200,0.0011519322357355084,3062171927.332288
2024-02-14,65.9629898071289,0.0,76.87000274658203,0.0,76.98999786376953,76.7300033569336,76.79000091552734,0.0,38603100,0.0012369984733479364,3066208611.099425
2024-02-15,66.19467163085938,0.0,77.13999938964844,0.0,77.2300033569336,76.94000244140625,77.0,0.0,44319900,0.001153719317862733,3074601672.348713
2024-02-16,65.99730682373047,0.0,76.91000366210938,0.0,77.01000213623047,76.81999969482422,76.93000030517578,0.0,50322900,0.0011668121704380323,3082667895.5550423
2024-02-20,66.13460540771484,0.0,77.06999969482422,0.0,77.12999725341797,76.81999969482422,76.88999938964844,0.0,31994100,0.0012509799584590976,3076288186.7760496
2024-02-21,66.01446533203125,0.0,76.93000030517578,0.0,77.12000274658203,76.81999969482422,77.05999755859375,0.0,38674100,0.0014413718637490557,3081813273.4839244
2024-02-22,66.33199310302734,0.0,77.30000305175781,0.0,77.30999755859375,77.0999984741211,77.1500015258789,0.0,45450200,0.0014252137207005034,3099029829.782607
2024-02-23,66.3748779296875,0.0,77.3499984741211,0.0,77.45999908447266,77.29000091552734,77.37000274658203,0.0,24686900,0.0012710857601973813,3094393808.5753794
2024-02-26,66.16034698486328,0.0,77.0999984741211,0.0,77.3499984741211,77.08000183105469,77.31999969482422,0.0,32795300,0.0012710857601973813,3094214008.9338937
2024-02-27,66.24617004394531,0.0,77.19999694824219,0.0,77.19999694824219,77.05000305175781,77.1500015258789,0.0,30926600,0.0011975969643390565,3094717851.2641115
2024-02-28,66.23758697509766,0.0,77.19000244140625,0.0,77.27999877929688,77.0999984741211,77.1500015258789,0.0,24667600,0.0010536957160258412,3097073667.8777843
2024-02-29,66.35771179199219,0.0,77.33000183105469,0.0,77.47000122070312,77.23999786376953,77.30000305175781,0.0,43322400,0.0009176146443025587,3098435351.1601825
2024-03-01,66.60626983642578,0.0,77.18000030517578,0.438,77.20999908447266,76.77999877929688,76.93000030517578,0.0,39342900,0.0009176146443025587,3104922643.017856
2024-03-04,66.5890121459961,0.0,77.16000366210938,0.0,77.2300033569336,77.02999877929688,77.12000274658203,0.0,21607300,0.0008635032007197901,3099738127.3413153
2024-03-05,66.5372085571289,0.0,77.0999984741211,0.0,77.3499984741211,77.05999755859375,77.16000366210938,0.0,38076900,0.0009140515981038603,3103249409.286039
2024-03-06,66.70118713378906,0.0,77.29000091552734,0.0,77.41000366210938,77.18000030517578,77.30000305175781,0.0,34335200,0.001039317522694255,3106849511.1703057
2024-03-07,66.77885437011719,0.0,77.37999725341797,0.0,77.51000213623047,77.31999969482422,77.48999786376953,0.0,30393000,0.0010108287309259288,3107329481.087209
2024-03-08,66.79610443115234,0.0,77.4000015258789,0.0,77.7300033569336,77.38999938964844,77.48999786376953,0.0,38317900,0.0009282235040059164,3113830001.4410834
2024-03-11,66.7874984741211,0.0,77.38999938964844,0.0,77.43000030517578,77.30000305175781,77.33999633789062,0.0,27177600,0.0008742549288405675,3114894443.7659426
2024-03-12,66.84790802001953,0.0,77.45999908447266,0.0,77.51000213623047,77.26000213623047,77.51000213623047,0.0,33351700,0.0008047719860492228,3118098868.380749
2024-03-13,66.8738021850586,0.0,77.48999786376953,0.0,77.68000030517578,77.4000015258789,77.4000015258789,0.0,28482200,0.0008047719860492228,3122781134.425748
2024-03-14,66.5544662475586,0.0,77.12000274658203,0.0,77.51000213623047,77.02999877929688,77.47000122070312,0.0,46677200,0.0007197057484367949,3135019253.9086905
2024-03-15,66.5113296508789,0.0,77.06999969482422,0.0,77.23999786376953,76.95999908447266,77.08000183105469,0.0,53985300,0.0007287012495698278,3150454338.6759925
2024-03-18,66.66667175292969,0.0,77.25,0.0,77.31999969482422,77.18000030517578,77.2699966430664,0.0,34649300,0.0006915203111353162,3147032753.2348275
2024-03-19,66.93419647216797,0.0,77.55999755859375,0.0,77.58000183105469,77.22000122070312,77.2300033569336,0.0,41841500,0.0006073525231142508,3161199892.1008525
2024-03-20,67.1585693359375,0.0,77.81999969482422,0.0,77.8499984741211,77.47000122070312,77.54000091552734,0.0,36886700,0.00041696061782429267,3163926551.639055
2024-03-21,67.12406158447266,0.0,77.77999877929688,0.0,77.95999908447266,77.68000030517578,77.94999694824219,0.0,34693300,0.00034460188790394534,3169568149.6619573
2024-03-22,67.05500030517578,0.0,77.69999694824219,0.0,77.88999938964844,77.66000366210938,77.80999755859375,0.0,26955700,0.00044139413639416046,3160789340.4376383
2024-03-25,66.95145416259766,0.0,77.58000183105469,0.0,77.66999816894531,77.54000091552734,77.55999755859375,0.0,29373100,0.00044139413639416046,3157345887.6740165
2024-03-26,66.8738021850586,0.0,77.48999786376953,0.0,77.68000030517578,77.47000122070312,77.66999816894531,0.0,28522200,0.0004849920927985531,3157175966.4120507
2024-03-27,67.22763061523438,0.0,77.9000015258789,0.0,77.9000015258789,77.5999984741211,77.68000030517578,0.0,28891100,0.0005501655700181244,3152150535.636811
2024-03-28,67.08092498779297,0.0,77.7300033569336,0.0,77.91999816894531,77.72000122070312,77.80000305175781,0.0,31546700,0.0006130400458819413,3145058622.049919
2024-04-01,66.80767059326172,0.0,77.0199966430664,0.395,77.3499984741211,76.98999786376953,77.3499984741211,0.0,47857400,0.0006130400458819413,3147489497.649335
2024-04-02,66.69490814208984,0.0,76.88999938964844,0.0,76.91000366210938,76.72000122070312,76.76000213623047,0.0,45551200,0.0005751868649247477,3145038965.91195
2024-04-03,66.74695587158203,0.0,76.94999694824219,0.0,76.98999786376953,76.70999908447266,76.77999877929688,0.0,29542300,0.0006164141864438173,3123016881.6747637
2024-04-04,66.69490814208984,0.0,76.88999938964844,0.0,77.22000122070312,76.77999877929688,77.11000061035156,0.0,36056400,0.0005093277012496467,3100496333.463251
2024-04-05,66.63420867919922,0.0,76.81999969482422,0.0,76.93000030517578,76.79000091552734,76.83000183105469,0.0,30857300,0.0005435231424092374,3039323675.2338953
2024-04-08,66.79033660888672,0.0,77.0,0.0,77.04000091552734,76.77999877929688,76.83000183105469,0.0,31067800,0.0005989880428578805,3025967541.0321918
2024-04-09,66.92913055419922,0.0,77.16000366210938,0.0,77.2300033569336,77.0199966430664,77.12000274658203,0.0,32219100,0.0005989880428578805,3015271081.5895443
2024-04-10,66.33927917480469,0.0,76.4800033569336,0.0,76.76000213623047,76.30000305175781,76.6500015258789,0.0,76623900,0.000549393040932221,3045927325.0947313
2024-04-11,66.27857208251953,0.0,76.41000366210938,0.0,76.55999755859375,76.20999908447266,76.51000213623047,0.0,50836000,0.000593694924260255,3047261628.7188635
2024-04-12,66.24385833740234,0.0,76.37000274658203,0.0,76.41999816894531,76.25,76.37999725341797,0.0,41441700,0.0006555626174226959,3041397424.794854
2024-04-15,65.8622055053711,0.0,75.93000030517578,0.0,76.44999694824219,75.83999633789062,76.44999694824219,0.0,55560400,0.0006832369288936313,3039995101.4324613
2024-04-16,65.64534759521484,0.0,75.68000030517578,0.0,75.91000366210938,75.58999633789062,75.91000366210938,0.0,55746100,0.0006315444273093655,3042189189.25002
2024-04-17,65.7320785522461,0.0,75.77999877929688,0.0,76.04000091552734,75.70999908447266,75.88999938964844,0.0,48158800,0.000694735360140606,3048437897.631824
2024-04-18,65.78414154052734,0.0,75.83999633789062,0.0,75.88999938964844,75.63999938964844,75.77999877929688,0.0,40291400,0.0007170703270340856,3043418241.0171022
2024-04-19,65.90557861328125,0.0,75.9800033569336,0.0,76.08000183105469,75.9000015258789,75.91000366210938,0.0,54739500,0.0007170703270340856,3043090519.4327817
2024-04-22,66.26988220214844,0.0,76.4000015258789,0.0,76.43000030517578,76.11000061035156,76.13999938964844,0.0,40772500,0.0006202780785438706,3027381441.3919053
2024-04-23,66.53877258300781,0.0,76.70999908447266,0.0,76.76000213623047,76.37999725341797,76.47000122070312,0.0,43554400,0.0006202780785438706,3016879228.2913933
2024-04-24,66.39132690429688,0.0,76.54000091552734,0.0,76.69999694824219,76.37000274658203,76.66999816894531,0.0,40496500,0.0007572415315816492,3014248464.6015654
2024-04-25,66.25253295898438,0.0,76.37999725341797,0.0,76.4000015258789,75.91000366210938,76.08000183105469,0.0,46371600,0.0006853210653758087,3015610858.1703005
2024-04-26,66.4607162475586,0.0,76.62000274658203,0.0,76.66000366210938,76.37000274658203,76.37000274658203,0.0,34500800,0.000622446589511992,3012226971.3489895
2024-04-29,66.66022491455078,0.0,76.8499984741211,0.0,76.8499984741211,76.66999816894531,76.72000122070312,0.0,33157800,0.000622446589511992,3006441393.471582
2024-04-30,66.17446899414062,0.0,76.29000091552734,0.0,76.76000213623047,76.29000091552734,76.5999984741211,0.0,49937500,0.000674703815255656,3016220270.06664
2024-05-01,66.52327728271484,0.0,76.29000091552734,0.4,76.62999725341797,75.93000030517578,75.94999694824219,0.0,71484700,0.000603517142275347,3042789668.3869195
2024-05-02,66.93309020996094,0.0,76.76000213623047,0.0,76.77999877929688,76.33000183105469,76.4800033569336,0.0,41497900,0.0006201494254438062,3043773383.8037705
2024-05-03,67.2121353149414,0.0,77.08000183105469,0.0,77.38999938964844,76.94000244140625,77.1500015258789,0.0,44204400,0.0005859539842842157,3036512506.6056147
2024-05-06,67.29058837890625,0.0,77.16999816894531,0.0,77.2300033569336,77.12000274658203,77.16999816894531,0.0,29547100,0.0005512315678879362,3014295471.451726
2024-05-07,67.29932403564453,0.0,77.18000030517578,0.0,77.27999877929688,77.02999877929688,77.26000213623047,0.0,34064000,0.000587401368015526,2982741183.5892935
2024-05-08,67.14236450195312,0.0,77.0,0.0,77.05999755859375,76.94999694824219,76.98999786376953,0.0,22959500,0.0006236160958510133,2941542922.809044
2024-05-09,67.1598129272461,0.0,77.0199966430664,0.0,77.05999755859375,76.86000061035156,76.95999908447266,0.0,24590900,0.0006235830637024672,2926892360.2127132
2024-05-10,67.05517578125,0.0,76.9000015258789,0.0,77.02999877929688,76.80999755859375,77.01000213623047,0.0,24633800,0.0006359417832687522,2917710908.997763
2024-05-13,67.03773498535156,0.0,76.87999725341797,0.0,77.05999755859375,76.8499984741211,77.05999755859375,0.0,22109800,0.0006842043706424526,2894435567.6096296
2024-05-14,67.14236450195312,0.0,77.0,0.0,77.02999877929688,76.9000015258789,76.91999816894531,0.0,27298700,0.0007422254322675363,2890214789.7431574
2024-05-15,67.53475952148438,0.0,77.44999694824219,0.0,77.45999908447266,77.19000244140625,77.25,0.0,56544400,0.0006790344994362958,2902933135.6845317
2024-05-16,67.37781524658203,0.0,77.2699966430664,0.0,77.45999908447266,77.26000213623047,77.45999908447266,0.0,31749800,0.0007596543575250318,2881942912.61415
2024-05-17,67.38652801513672,0.0,77.27999877929688,0.0,77.30999755859375,77.16000366210938,77.22000122070312,0.0,31550300,0.0007596543575250318,2875264409.0069
2024-05-20,67.4214096069336,0.0,77.31999969482422,0.0,77.31999969482422,77.19999694824219,77.2300033569336,0.0,18665000,0.0008097933885535417,2855381346.745518
2024-05-21,67.36909484863281,0.0,77.26000213623047,0.0,77.4000015258789,77.25,77.2699966430664,0.0,20295900,0.0008097933885535417,2841554652.372306
2024-05-22,67.22083282470703,0.0,77.08999633789062,0.0,77.19000244140625,77.0199966430664,77.1500015258789,0.0,31110700,0.0006153275877683108,2842264856.5479946
2024-05-23,66.98539733886719,0.0,76.81999969482422,0.0,77.22000122070312,76.79000091552734,77.16999816894531,0.0,36464700,0.0006659697278635893,2846952559.150217
2024-05-24,67.22083282470703,0.0,77.08999633789062,0.0,77.11000061035156,76.83999633789062,76.94000244140625,0.0,20488500,0.0007879823697105992,2835136519.238626
2024-05-28,66.9505386352539,0.0,76.77999877929688,0.0,77.19000244140625,76.76000213623047,77.16999816894531,0.0,27771700,0.0009098962475311537,2846978551.7156024
2024-05-29,66.74994659423828,0.0,76.55000305175781,0.0,76.6500015258789,76.5199966430664,76.54000091552734,0.0,38800000,0.0008576390217874897,2852067236.5210214
2024-05-30,67.02029418945312,0.0,76.86000061035156,0.0,76.87999725341797,76.62999725341797,76.62999725341797,0.0,44210200,0.0008398703962927193,2852672710.3899574
2024-05-31,67.25570678710938,0.0,77.12999725341797,0.0,77.1500015258789,76.91999816894531,76.91999816894531,0.0,45381900,0.000805058673728036,2851066759.769652
2024-06-03,67.46422576904297,0.0,77.01000213623047,0.358,77.01000213623047,76.83999633789062,76.87000274658203,0.0,36791300,0.000892803149247781,2840476935.967999
2024-06-04,67.42916870117188,0.0,76.97000122070312,0.0,77.0999984741211,76.91000366210938,76.91999816894531,0.0,39230600,0.0008720606651954173,2828062484.1406074
2024-06-05,67.64817810058594,0.0,77.22000122070312,0.0,77.22000122070312,76.95999908447266,77.12000274658203,0.0,29793700,0.0008547577001557734,2826405796.754407
2024-06-06,67.5343017578125,0.0,77.08999633789062,0.0,77.18000030517578,77.04000091552734,77.18000030517578,0.0,24398300,0.000873729935971061,2821783823.8455095
2024-06-07,67.35909271240234,0.0,76.88999938964844,0.0,76.94000244140625,76.75,76.79000091552734,0.0,32498800,0.0008294610847915732,2828790182.850738
2024-06-10,67.42041778564453,0.0,76.95999908447266,0.0,76.97000122070312,76.76000213623047,76.80999755859375,0.0,24875700,0.0008545084887090125,2827226128.857743
2024-06-11,67.50802612304688,0.0,77.05999755859375,0.0,77.06999969482422,76.8499984741211,76.91999816894531,0.0,25339600,0.0007695760887313438,2824587426.8240123
2024-06-12,67.77960205078125,0.0,77.37000274658203,0.0,77.63999938964844,77.3499984741211,77.58999633789062,0.0,51775700,0.0007115550271062599,2838244917.679523
2024-06-13,67.77082824707031,0.0,77.36000061035156,0.0,77.55000305175781,77.26000213623047,77.55000305175781,0.0,38532000,0.0007585081244592972,2844292228.104001
2024-06-14,67.50802612304688,0.0,77.05999755859375,0.0,77.18000030517578,76.94999694824219,77.11000061035156,0.0,52953300,0.0006555532994770815,2837372330.690547
2024-06-17,67.55183410644531,0.0,77.11000061035156,0.0,77.19000244140625,76.83999633789062,76.94000244140625,0.0,33165000,0.0007632731940122968,2816536302.379535
2024-06-18,67.7620849609375,0.0,77.3499984741211,0.0,77.41000366210938,77.18000030517578,77.19999694824219,0.0,46845500,0.0007131341629837869,2823108842.779777
2024-06-20,67.71827697753906,0.0,77.30000305175781,0.0,77.33999633789062,77.13999938964844,77.31999969482422,0.0,26989000,0.0007831280104707098,2818409147.0461593
2024-06-21,67.797119140625,0.0,77.38999938964844,0.0,77.41000366210938,77.20999908447266,77.29000091552734,0.0,26857600,0.0008031844796623671,2819422734.702695
2024-06-24,67.7270278930664,0.0,77.30999755859375,0.0,77.51000213623047,77.30999755859375,77.36000061035156,0.0,28766200,0.0007525423395670888,2813556647.7416205
2024-06-25,67.81463623046875,0.0,77.41000366210938,0.0,77.41999816894531,77.27999877929688,77.36000061035156,0.0,26111600,0.0006525929094970716,2815526242.372077
2024-06-26,67.66570281982422,0.0,77.23999786376953,0.0,77.2699966430664,77.16999816894531,77.26000213623047,0.0,29282000,0.0005806771505855702,2822379671.3198166
2024-06-27,67.74456024169922,0.0,77.33000183105469,0.0,77.33000183105469,77.18000030517578,77.19999694824219,0.0,29404500,0.0006123788055918372,2832802891.8821425
2024-06-28,67.57810974121094,0.0,77.13999938964844,0.0,77.5199966430664,77.13999938964844,77.37999725341797,0.0,34952000,0.0006541839788122281,2840076018.2386246
2024-07-01,67.56490325927734,0.0,76.72000122070312,0.405,76.91999816894531,76.69000244140625,76.87000274658203,0.0,31113100,0.0006541839788122281,2845055908.1250267
2024-07-02,67.74984741210938,0.0,76.93000030517578,0.0,76.94999694824219,76.69000244140625,76.7300033569336,0.0,30418400,0.0007033969502801279,2840906143.227108
2024-07-03,67.98763275146484,0.0,77.19999694824219,0.0,77.19999694824219,76.91999816894531,76.91999816894531,0.0,22067300,0.0007033969502801279,2828993982.780826
2024-07-05,68.19017028808594,0.0,77.43000030517578,0.0,77.44999694824219,77.23999786376953,77.27999877929688,0.0,25941500,0.0006845301151921822,2820824590.441423
2024-07-08,68.17255401611328,0.0,77.41000366210938,0.0,77.4800033569336,77.30999755859375,77.41000366210938,0.0,26962000,0.0006764131594022192,2817409463.8263097
2024-07-09,68.09330749511719,0.0,77.31999969482422,0.0,77.41000366210938,77.2300033569336,77.41000366210938,0.0,19108500,0.0006764131594022192,2810173237.037895
2024-07-10,68.25182342529297,0.0,77.5,0.0,77.5199966430664,77.37000274658203,77.41000366210938,0.0,25361900,0.0005771393427560541,2805284140.439212
2024-07-11,68.4984130859375,0.0,77.77999877929688,0.0,77.83999633789062,77.70999908447266,77.76000213623047,0.0,44932500,0.0005771393427560541,2817333852.377586
2024-07-12,68.67454528808594,0.0,77.9800033569336,0.0,78.0199966430664,77.79000091552734,77.79000091552734,0.0,31688100,0.0005771393427560541,2815022046.110238
2024-07-15,68.68334197998047,0.0,77.98999786376953,0.0,78.06999969482422,77.9000015258789,78.04000091552734,0.0,23235600,0.0005394671500029318,2807259588.916839
2024-07-16,68.94756317138672,0.0,78.29000091552734,0.0,78.33000183105469,78.0,78.06999969482422,0.0,41375400,0.0005394671500029318,2813755603.59112
2024-07-17,68.8682861328125,0.0,78.19999694824219,0.0,78.25,78.02999877929688,78.05999755859375,0.0,32750400,0.0005345788423943218,2807321700.7421885
2024-07-18,68.72737884521484,0.0,78.04000091552734,0.0,78.2699966430664,77.97000122070312,78.23999786376953,0.0,42513000,0.0006458171639663615,2800606084.8983707
2024-07-19,68.67454528808594,0.0,77.9800033569336,0.0,78.12999725341797,77.87999725341797,78.12000274658203,0.0,36125700,0.0005766275158309367,2801663175.9410434
2024-07-22,68.929931640625,0.0,78.2699966430664,0.0,78.27999877929688,78.11000061035156,78.16999816894531,0.0,32378800,0.0006065236957913947,2794608021.969072
2024-07-23,68.9387435913086,0.0,78.27999877929688,0.0,78.41999816894531,78.2300033569336,78.26000213623047,0.0,28826900,0.0006065236957913947,2789986432.4961643
2024-07-24,68.71858215332031,0.0,78.02999877929688,0.0,78.30999755859375,78.01000213623047,78.19999694824219,0.0,37612800,0.0005844604840144019,2798242405.8539195
2024-07-25,68.72737884521484,0.0,78.04000091552734,0.0,78.33000183105469,78.04000091552734,78.08000183105469,0.0,35409000,0.0007000748548479901,2803270675.731441
2024-07-26,68.94756317138672,0.0,78.29000091552734,0.0,78.37000274658203,78.20999908447266,78.37000274658203,0.0,23683700,0.0007320994688470403,2788224594.023816
2024-07-29,68.88591003417969,0.0,78.22000122070312,0.0,78.44000244140625,78.13999938964844,78.4000015258789,0.0,28468400,0.0007491495565663398,2789735277.2841496
2024-07-30,68.92113494873047,0.0,78.26000213623047,0.0,78.3499984741211,78.12000274658203,78.33000183105469,0.0,33652100,0.0008386977096339815,2794629373.464881
2024-07-31,69.167724609375,0.0,78.54000091552734,0.0,78.5999984741211,78.36000061035156,78.47000122070312,0.0,50714800,0.0007017402626463365,2806208196.6202145
2024-08-01,69.01632690429688,0.0,77.95999908447266,0.409,78.30000305175781,77.94000244140625,78.19000244140625,0.0,51319800,0.0007211873964007621,2803803137.9102254
2024-08-02,68.78616333007812,0.0,77.69999694824219,0.0,77.97000122070312,77.61000061035156,77.80999755859375,0.0,71578700,0.0007211873964007621,2818392409.3832107
2024-08-05,68.36121368408203,0.0,77.22000122070312,0.0,77.37999725341797,76.58000183105469,76.63999938964844,0.0,104456100,0.0006741173885399501,2856233457.4720592
2024-08-06,68.61797332763672,0.0,77.51000213623047,0.0,77.80999755859375,77.16999816894531,77.4800033569336,0.0,60113400,0.0006741173885399501,2861560853.7368894
2024-08-07,68.75074005126953,0.0,77.66000366210938,0.0,78.01000213623047,77.61000061035156,77.9800033569336,0.0,56107800,0.0006968432870200313,2875979077.7953253
2024-08-08,69.03404235839844,0.0,77.9800033569336,0.0,78.0199966430664,77.79000091552734,77.9000015258789,0.0,31528100,0.0007921895100140907,2869159925.0302267
2024-08-09,69.02518463134766,0.0,77.97000122070312,0.0,78.08999633789062,77.83000183105469,78.0199966430664,0.0,29759900,0.0008652093573428861,2871922171.3579693
2024-08-12,69.0694351196289,0.0,78.0199966430664,0.0,78.04000091552734,77.87000274658203,78.04000091552734,0.0,33878400,0.000934353753799882,2872054808.8940816
2024-08-13,69.38814544677734,0.0,78.37999725341797,0.0,78.38999938964844,78.08999633789062,78.11000061035156,0.0,37310200,0.000934353753799882,2873057231.5609517
2024-08-14,69.51209259033203,0.0,78.5199966430664,0.0,78.55000305175781,78.30000305175781,78.36000061035156,0.0,36086900,0.0008315221668732768,2853064998.9751725
2024-08-15,69.57404327392578,0.0,78.58999633789062,0.0,78.62000274658203,78.44999694824219,78.55999755859375,0.0,39411300,0.000720283845301237,2854096058.6548944
2024-08-16,69.79536437988281,0.0,78.83999633789062,0.0,78.87999725341797,78.54000091552734,78.55000305175781,0.0,33682600,0.0007194796459497389,2848038114.2239523
2024-08-19,69.91045379638672,0.0,78.97000122070312,0.0,79.0,78.75,78.80999755859375,0.0,29604300,0.0006695269967976234,2835875552.1910167
2024-08-20,69.84849548339844,0.0,78.9000015258789,0.0,79.02999877929688,78.7699966430664,79.01000213623047,0.0,33189300,0.0007930159373931258,2837088651.741863
2024-08-21,70.00785827636719,0.0,79.08000183105469,0.0,79.11000061035156,78.91000366210938,78.9800033569336,0.0,34266700,0.0007930159373931258,2834982399.1541004
2024-08-22,69.9193115234375,0.0,78.9800033569336,0.0,79.08999633789062,78.88999938964844,79.08000183105469,0.0,29292100,0.0007234175954990886,2825460094.0559144
2024-08-23,70.2911376953125,0.0,79.4000015258789,0.0,79.4000015258789,79.08000183105469,79.18000030517578,0.0,32590900,0.0006596913264937715,2830842521.2971764
2024-08-26,70.14949798583984,0.0,79.23999786376953,0.0,79.43000030517578,79.2300033569336,79.38999938964844,0.0,20460100,0.0006396105323859846,2823642050.664908
2024-08-27,70.19376373291016,0.0,79.29000091552734,0.0,79.37000274658203,79.11000061035156,79.1500015258789,0.0,22784300,0.0005622601166291078,2819031207.349354
2024-08-28,70.1583480834961,0.0,79.25,0.0,79.31999969482422,79.18000030517578,79.30999755859375,0.0,22351600,0.0006160155618918835,2817977812.0777373
2024-08-29,70.22916412353516,0.0,79.33000183105469,0.0,79.36000061035156,79.2300033569336,79.33000183105469,0.0,18353000,0.0006133876547402499,2802944655.349798
2024-08-30,70.2380142211914,0.0,79.33999633789062,0.0,79.41999816894531,79.23999786376953,79.41999816894531,0.0,27633300,0.0006621732626149844,2796245773.498984
2024-09-03,69.98892974853516,0.0,78.68000030517578,0.38,78.95999908447266,78.6500015258789,78.87999725341797,0.0,31596800,0.0006621732626149844,2802744320.217351
2024-09-04,70.24691009521484,0.0,78.97000122070312,0.0,79.05000305175781,78.66000366210938,78.66000366210938,0.0,32371800,0.0008126352202032238,2799733781.7539945
2024-09-05,70.48709869384766,0.0,79.23999786376953,0.0,79.27999877929688,79.05000305175781,79.11000061035156,0.0,44675300,0.0007899093217231427,2806767932.842315
2024-09-06,70.39813232421875,0.0,79.13999938964844,0.0,79.37999725341797,78.98999786376953,79.2699966430664,0.0,49888900,0.0007902911420586583,2819437752.358403
2024-09-09,70.56714630126953,0.0,79.33000183105469,0.0,79.37999725341797,79.16000366210938,79.2699966430664,0.0,24823800,0.0008052002657278143,2811528756.969397
2024-09-10,70.43370819091797,0.0,79.18000030517578,0.0,79.37000274658203,79.0999984741211,79.33999633789062,0.0,38347600,0.0008307326534343473,2818934221.5113864
2024-09-11,70.54047393798828,0.0,79.30000305175781,0.0,79.30999755859375,78.97000122070312,79.08999633789062,0.0,42342700,0.0008827663439675695,2825079884.90626
2024-09-12,70.63833618164062,0.0,79.41000366210938,0.0,79.48999786376953,79.20999908447266,79.25,0.0,28515000,0.0008827663439675695,2825534572.503638
2024-09-13,70.83402252197266,0.0,79.62999725341797,0.0,79.68000030517578,79.5,79.5199966430664,0.0,31806800,0.0008827663439675695,2817066553.4912353
2024-09-16,71.01192474365234,0.0,79.83000183105469,0.0,79.9000015258789,79.63999938964844,79.66000366210938,0.0,31402400,0.0008827663439675695,2803941209.0069056
2024-09-17,71.02970886230469,0.0,79.8499984741211,0.0,79.94000244140625,79.80000305175781,79.9000015258789,0.0,27423900,0.0008827663439675695,2800077240.3414645
2024-09-18,71.09197235107422,0.0,79.91999816894531,0.0,80.27999877929688,79.79000091552734,79.87999725341797,0.0,39546900,0.000788969931582266,2799405506.5140014
2024-09-19,71.30545043945312,0.0,80.16000366210938,0.0,80.33000183105469,80.08999633789062,80.29000091552734,0.0,48785900,0.0008728495814317111,2807660704.449845
2024-09-20,71.3944320678711,0.0,80.26000213623047,0.0,80.26000213623047,80.0,80.16000366210938,0.0,43626300,0.0008127204847300682,2814033736.9859242
2024-09-23,71.260986328125,0.0,80.11000061035156,0.0,80.20999908447266,80.08000183105469,80.19000244140625,0.0,29049400,0.000858878065029577,2815880480.1922145
2024-09-24,71.26988983154297,0.0,80.12000274658203,0.0,80.18000030517578,80.0,80.12000274658203,0.0,28674500,0.0008354035659014433,2816028383.8983502
2024-09-25,71.18982696533203,0.0,80.02999877929688,0.0,80.11000061035156,80.0199966430664,80.08000183105469,0.0,28899100,0.0008552417040202456,2816842746.7606745
2024-09-26,71.30545043945312,0.0,80.16000366210938,0.0,80.19000244140625,80.0199966430664,80.19000244140625,0.0,32732300,0.0008352048745831434,2819804687.663729
2024-09-27,71.48338317871094,0.0,80.36000061035156,0.0,80.37000274658203,80.19999694824219,80.22000122070312,0.0,36712700,0.0008183856479803513,2823757921.7709312
2024-09-30,71.43000793457031,0.0,80.30000305175781,0.0,80.37000274658203,80.19000244140625,80.33000183105469,0.0,31551500,0.0008712222489729204,2814611959.5403094
2024-10-01,71.3942642211914,0.0,79.87000274658203,0.39,80.0,79.80000305175781,79.98999786376953,0.0,45992200,0.0008712222489729204,2815968827.795259
2024-10-02,71.4031982421875,0.0,79.87999725341797,0.0,79.87999725341797,79.69000244140625,79.77999877929688,0.0,41214300,0.0007207602913846808,2824055480.7790484
2024-10-03,71.23333740234375,0.0,79.69000244140625,0.0,79.80999755859375,79.62999725341797,79.77999877929688,0.0,31147700,0.0008292674049557777,2821752176.9302487
2024-10-04,71.15289306640625,0.0,79.5999984741211,0.0,79.70999908447266,79.54000091552734,79.68000030517578,0.0,40122800,0.0007335393616262027,2828286439.169887
2024-10-07,70.8489761352539,0.0,79.26000213623047,0.0,79.54000091552734,79.25,79.54000091552734,0.0,69202500,0.0006456103906282513,2852832230.422526
2024-10-08,71.01880645751953,0.0,79.44999694824219,0.0,79.45999908447266,79.30000305175781,79.37000274658203,0.0,40947200,0.0006043858350499951,2858921349.7959323
2024-10-09,70.97413635253906,0.0,79.4000015258789,0.0,79.4800033569336,79.33999633789062,79.44000244140625,0.0,42426500,0.0006019139042201954,2839147286.5857444
2024-10-10,70.93836212158203,0.0,79.36000061035156,0.0,79.41000366210938,79.25,79.4000015258789,0.0,30091700,0.0006019139042201954,2827271876.936534
2024-10-11,71.12608337402344,0.0,79.56999969482422,0.0,79.58999633789062,79.33999633789062,79.33999633789062,0.0,26970800,0.0006019139042201954,2819185875.388488
2024-10-14,71.16183471679688,0.0,79.61000061035156,0.0,79.62999725341797,79.4000015258789,79.62000274658203,0.0,12065800,0.0006773752704911148,2793327598.852049
2024-10-15,71.14395141601562,0.0,79.58999633789062,0.0,79.72000122070312,79.58000183105469,79.5999984741211,0.0,31134400,0.0006773752704911148,2779511106.1295886
2024-10-16,71.26909637451172,0.0,79.7300033569336,0.0,79.80999755859375,79.66000366210938,79.69999694824219,0.0,31626300,0.0007161672941972697,2770559448.986375
2024-10-17,71.16183471679688,0.0,79.61000061035156,0.0,79.80000305175781,79.4800033569336,79.7699966430664,0.0,46599300,0.0006676940437014773,2775750486.073624
2024-10-18,71.3316650390625,0.0,79.80000305175781,0.0,79.80000305175781,79.6500015258789,79.69999694824219,0.0,28905600,0.0006823981151830466,2761048577.9343863
2024-10-21,71.0456314086914,0.0,79.4800033569336,0.0,79.70999908447266,79.4000015258789,79.66000366210938,0.0,36341500,0.0006882545046150286,2759250192.853292
2024-10-22,70.94730377197266,0.0,79.37000274658203,0.0,79.45999908447266,79.27999877929688,79.43000030517578,0.0,35466600,0.0006701341164831986,2755075003.609539
2024-10-23,70.7327651977539,0.0,79.12999725341797,0.0,79.30000305175781,79.06999969482422,79.26000213623047,0.0,39761500,0.0006380982410536313,2755445838.837445
2024-10-24,70.93836212158203,0.0,79.36000061035156,0.0,79.41999816894531,79.22000122070312,79.30000305175781,0.0,30163900,0.0006726363049110517,2746334286.7880325
2024-10-25,70.86685180664062,0.0,79.27999877929688,0.0,79.55000305175781,79.25,79.45999908447266,0.0,35590200,0.0007191625140090175,2747748093.3102202
2024-10-28,71.0456314086914,0.0,79.4800033569336,0.0,79.5199966430664,79.37999725341797,79.41999816894531,0.0,31854500,0.0006648145876885445,2747618084.4810786
2024-10-29,71.06350708007812,0.0,79.5,0.0,79.5199966430664,79.2300033569336,79.25,0.0,42992200,0.0007134300740761723,2744508147.808705
2024-10-30,70.93836212158203,0.0,79.36000061035156,0.0,79.6500015258789,79.33000183105469,79.48999786376953,0.0,28728700,0.0007314569767183489,2719320384.4840093
2024-10-31,70.74170684814453,0.0,79.13999938964844,0.0,79.37999725341797,79.13999938964844,79.37999725341797,0.0,43194600,0.0006229498631472519,2721169921.9839067
2024-11-01,70.74620819091797,0.0,78.75,0.395,79.08000183105469,78.7300033569336,79.02999877929688,0.0,44045700,0.0006229498631472519,2721656617.555806
2024-11-04,70.94385528564453,0.0,78.97000122070312,0.0,79.0999984741211,78.88999938964844,79.05000305175781,0.0,27291200,0.0007120389051285727,2720664843.3051457
2024-11-05,71.1414794921875,0.0,79.19000244140625,0.0,79.19999694824219,78.94000244140625,78.94000244140625,0.0,31611900,0.0006863116304934635,2719667120.3510346
2024-11-06,71.26726531982422,0.0,79.33000183105469,0.0,79.36000061035156,79.08000183105469,79.22000122070312,0.0,43173100,0.0006367498707900411,2732818236.2403383
2024-11-07,71.57267761230469,0.0,79.66999816894531,0.0,79.69999694824219,79.25,79.30000305175781,0.0,51325800,0.0006367498707900411,2750239945.4194627
2024-11-08,71.68949127197266,0.0,79.80000305175781,0.0,79.83000183105469,79.66999816894531,79.77999877929688,0.0,30543400,0.0006367498707900411,2754549660.9402795
2024-11-11,71.608642578125,0.0,79.70999908447266,0.0,79.81999969482422,79.70999908447266,79.79000091552734,0.0,11008700,0.0006129827342192345,2748023487.1597047
2024-11-12,71.3211669921875,0.0,79.38999938964844,0.0,79.69999694824219,79.33000183105469,79.61000061035156,0.0,44594900,0.0006129827342192345,2759439274.332573
2024-11-13,71.339111328125,0.0,79.41000366210938,0.0,79.5999984741211,79.37999725341797,79.58999633789062,0.0,33873600,0.0006363447231642124,2746030854.4326415
2024-11-14,71.1864013671875,0.0,79.23999786376953,0.0,79.52999877929688,79.23999786376953,79.45999908447266,0.0,32749300,0.0006070041379159857,2747155834.770911
2024-11-15,71.17741394042969,0.0,79.2300033569336,0.0,79.27999877929688,79.05000305175781,79.19000244140625,0.0,33709500,0.000556415015287455,2749001839.950864
2024-11-18,71.31216430664062,0.0,79.37999725341797,0.0,79.38999938964844,79.19000244140625,79.2699966430664,0.0,27780900,0.0005044010455559643,2755050014.327004
2024-11-19,71.41997528076172,0.0,79.5,0.0,79.56999969482422,79.30000305175781,79.31999969482422,0.0,34523200,0.0005044010455559643,2764387578.7924266
2024-11-20,71.40200805664062,0.0,79.4800033569336,0.0,79.5,79.38999938964844,79.48999786376953,0.0,19934000,0.0005371378793085667,2757927504.489632
2024-11-21,71.42896270751953,0.0,79.51000213623047,0.0,79.63999938964844,79.47000122070312,79.54000091552734,0.0,28040000,0.00046888119962547293,2753389744.307315
2024-11-22,71.41100311279297,0.0,79.48999786376953,0.0,79.58999633789062,79.44999694824219,79.5,0.0,29564900,0.0004682360988770215,2759506057.3856773
2024-11-25,71.68049621582031,0.0,79.79000091552734,0.0,79.8499984741211,79.72000122070312,79.72000122070312,0.0,35003000,0.00045290396384943174,2764748742.3852587
2024-11-26,71.54573822021484,0.0,79.63999938964844,0.0,79.80000305175781,79.58000183105469,79.80000305175781,0.0,41103500,0.00040428847746180397,2767156223.309895
2024-11-27,71.7613754272461,0.0,79.87999725341797,0.0,79.87999725341797,79.69000244140625,79.70999908447266,0.0,30239600,0.0004478679807954039,2759358946.8492656
2024-11-29,71.90510559082031,0.0,80.04000091552734,0.0,80.06999969482422,79.88999938964844,80.01000213623047,0.0,25037800,0.0004478679807954039,2747483706.4728208
2024-12-02,71.87892150878906,0.0,79.6500015258789,0.361,79.93000030517578,79.52999877929688,79.93000030517578,0.0,32387400,0.0004608503909697367,2745470677.646031
2024-12-03,71.87892150878906,0.0,79.6500015258789,0.0,79.73999786376953,79.61000061035156,79.72000122070312,0.0,24868500,0.00040298231933843197,2737226207.273471
2024-12-04,72.05038452148438,0.0,79.83999633789062,0.0,79.83999633789062,79.63999938964844,79.70999908447266,0.0,22733500,0.0003789223735370313,2733372024.7844095
2024-12-05,71.98722076416016,0.0,79.7699966430664,0.0,79.81999969482422,79.70999908447266,79.79000091552734,0.0,23106300,0.0004216495008118261,2733073013.7985597
2024-12-06,72.10454559326172,0.0,79.9000015258789,0.0,80.0,79.8499984741211,79.88999938964844,0.0,29931300,0.0004216495008118261,2732221253.5089345
2024-12-09,72.01428985595703,0.0,79.80000305175781,0.0,79.94000244140625,79.77999877929688,79.9000015258789,0.0,22095100,0.0004216495008118261,2731020897.939119
2024-12-10,72.05038452148438,0.0,79.83999633789062,0.0,79.94000244140625,79.73999786376953,79.94000244140625,0.0,27195200,0.0004547751149773063,2732755780.1158843
2024-12-11,72.06844329833984,0.0,79.86000061035156,0.0,79.94999694824219,79.83000183105469,79.94000244140625,0.0,24730000,0.0004898738908184113,2716637143.3213434
2024-12-12,71.86988830566406,0.0,79.63999938964844,0.0,79.98999786376953,79.62999725341797,79.80999755859375,0.0,29081600,0.00042742040674803567,2711361135.882708
2024-12-13,71.66233825683594,0.0,79.41000366210938,0.0,79.70999908447266,79.37999725341797,79.70999908447266,0.0,34201100,0.0004213545926426097,2700530408.1646814
2024-12-16,71.7977066040039,0.0,79.55999755859375,0.0,79.62000274658203,79.4800033569336,79.55000305175781,0.0,22269000,0.00046462391183692866,2694295236.858253
2024-12-17,71.64429473876953,0.0,79.38999938964844,0.0,79.5,79.38999938964844,79.41000366210938,0.0,29039500,0.0004768321842003877,2683834495.0626674
2024-12-18,70.90863037109375,0.0,78.16999816894531,0.409,79.13999938964844,78.1500015258789,79.13999938964844,0.0,80034500,0.0004768321842003877,2716930105.666545
2024-12-19,70.8360366821289,0.0,78.08999633789062,0.0,78.51000213623047,78.08999633789062,78.44999694824219,0.0,69005700,0.0004835791422104438,2743201099.4180226
2024-12-20,71.28054809570312,0.0,78.58000183105469,0.0,78.66999816894531,78.0,78.0,0.0,63276200,0.0006698219874579265,2765013234.8155794
2024-12-23,71.09004974365234,0.0,78.37000274658203,0.0,78.69000244140625,78.37000274658203,78.6500015258789,0.0,29239400,0.0007044356442200255,2767157622.1702213
2024-12-24,71.31683349609375,0.0,78.62000274658203,0.0,78.63999938964844,78.3499984741211,78.4000015258789,0.0,11926100,0.0008137500070857298,2756648799.9266424
2024-12-26,71.49825286865234,0.0,78.81999969482422,0.0,78.81999969482422,78.47000122070312,78.51000213623047,0.0,18384900,0.0008137500070857298,2750103147.335755
2024-12-27,71.25332641601562,0.0,78.55000305175781,0.0,78.76000213623047,78.52999877929688,78.73999786376953,0.0,20631800,0.0008576108131655225,2741566883.0047727
2024-12-30,71.35311126708984,0.0,78.66000366210938,0.0,78.73999786376953,78.5,78.58000183105469,0.0,20659200,0.0009687661478877604,2735519705.8434744
2024-12-31,71.34404754638672,0.0,78.6500015258789,0.0,78.83999633789062,78.55000305175781,78.77999877929688,0.0,18664900,0.001011718411896543,2728598331.9720254
2025-01-02,71.5163803100586,0.0,78.83999633789062,0.0,78.94999694824219,78.72000122070312,78.87999725341797,0.0,30415400,0.0010419912943522432,2734109082.2256722
2025-01-03,71.625244140625,0.0,78.95999908447266,0.0,79.02999877929688,78.93000030517578,78.98999786376953,0.0,32611000,0.0010608490485379193,2738603639.187792
2025-01-06,71.75222778320312,0.0,79.0999984741211,0.0,79.19000244140625,79.0199966430664,79.1500015258789,0.0,32110000,0.0010181219212631247,2742197071.1899047
2025-01-07,71.5163803100586,0.0,78.83999633789062,0.0,79.22000122070312,78.81999969482422,79.13999938964844,0.0,43790200,0.0010709110086714894,2757871277.4872613
2025-01-08,71.60710906982422,0.0,78.94000244140625,0.0,78.98999786376953,78.76000213623047,78.8499984741211,0.0,35304900,0.0010731210041211065,2764390496.86975
2025-01-10,71.23518371582031,0.0,78.52999877929688,0.0,78.80000305175781,78.5,78.80000305175781,0.0,37417300,0.0010311720385939081,2759974074.077479
2025-01-13,71.21704864501953,0.0,78.51000213623047,0.0,78.55999755859375,78.37000274658203,78.48999786376953,0.0,39180700,0.000996073262752803,2764775968.4927497
2025-01-14,71.3077621459961,0.0,78.61000061035156,0.0,78.7300033569336,78.55000305175781,78.69000244140625,0.0,29581100,0.0009666802059618467,2768849189.8791904
2025-01-15,71.93366241455078,0.0,79.30000305175781,0.0,79.30999755859375,79.05999755859375,79.16000366210938,0.0,53574900,0.0009666802059618467,2776858790.1142488
2025-01-16,72.01529693603516,0.0,79.38999938964844,0.0,79.41000366210938,79.12000274658203,79.20999908447266,0.0,32363000,0.0009735296659623262,2776924007.338006
2025-01-17,72.07878875732422,0.0,79.45999908447266,0.0,79.5199966430664,79.38999938964844,79.48999786376953,0.0,29546400,0.000961321393598867,2769225930.8144164
2025-01-21,72.269287109375,0.0,79.66999816894531,0.0,79.69999694824219,79.5999984741211,79.61000061035156,0.0,32962700,0.000961321393598867,2767710502.5713363
2025-01-22,72.16951751708984,0.0,79.55999755859375,0.0,79.72000122070312,79.5199966430664,79.69999694824219,0.0,25028500,0.000957600203596134,2763400810.7585483
2025-01-23,72.26021575927734,0.0,79.66000366210938,0.0,79.66999816894531,79.44000244140625,79.5199966430664,0.0,27434800,0.0008089517274646376,2762836418.4701223
2025-01-24,72.34185028076172,0.0,79.75,0.0,79.83000183105469,79.66000366210938,79.69999694824219,0.0,23648600,0.0007284569623530241,2754511411.421821
2025-01-27,72.39628601074219,0.0,79.80999755859375,0.0,79.86000061035156,79.61000061035156,79.66999816894531,0.0,28540600,0.0006663944379957495,2750658290.976606
2025-01-28,72.36907196044922,0.0,79.77999877929688,0.0,79.80999755859375,79.66999816894531,79.7699966430664,0.0,30439900,0.0007216916584824035,2755216213.9143744
2025-01-29,72.32372283935547,0.0,79.7300033569336,0.0,79.83000183105469,79.62000274658203,79.76000213623047,0.0,20072100,0.0006803821059450107,2750244391.0384164
2025-01-30,72.45977783203125,0.0,79.87999725341797,0.0,79.94000244140625,79.79000091552734,79.94000244140625,0.0,34495300,0.0005692267712227728,2751211621.6048226
2025-01-31,72.31465148925781,0.0,79.72000122070312,0.0,79.97000122070312,79.66999816894531,79.9000015258789,0.0,37101100,0.0005667858084732808,2743073203.341796
2025-02-03,72.2235336303711,0.0,79.26000213623047,0.36,79.37000274658203,79.04000091552734,79.16999816894531,0.0,29965100,0.0005052919556675644,2730169571.032249
2025-02-04,72.4513168334961,0.0,79.51000213623047,0.0,79.51000213623047,79.2300033569336,79.30000305175781,0.0,28938600,0.00047348828873321045,2704290550.2089186
2025-02-05,72.6427001953125,0.0,79.72000122070312,0.0,79.7699966430664,79.54000091552734,79.54000091552734,0.0,31834000,0.00047348828873321045,2660415203.775188
2025-02-06,72.53334045410156,0.0,79.5999984741211,0.0,79.79000091552734,79.58000183105469,79.72000122070312,0.0,24224100,0.0005137800315274034,2638739398.7007504
2025-02-07,72.30553436279297,0.0,79.3499984741211,0.0,79.58000183105469,79.33999633789062,79.55999755859375,0.0,28778200,0.0005115700360777866,2622280812.769124
2025-02-10,72.4513168334961,0.0,79.51000213623047,0.0,79.58999633789062,79.47000122070312,79.54000091552734,0.0,23382600,0.0005117806574996716,2617523584.4525595
2025-02-11,72.42400360107422,0.0,79.4800033569336,0.0,79.52999877929688,79.4000015258789,79.52999877929688,0.0,24410000,0.0005117806574996716,2614505548.282835
2025-02-12,72.2690658569336,0.0,79.30999755859375,0.0,79.43000030517578,79.1500015258789,79.20999908447266,0.0,34362700,0.0005117806574996716,2615157238.7497735
2025-02-13,72.59712982177734,0.0,79.66999816894531,0.0,79.69999694824219,79.37999725341797,79.43000030517578,0.0,36149900,0.0005117806574996716,2614805564.886941
2025-02-14,72.67915344238281,0.0,79.76000213623047,0.0,79.88999938964844,79.72000122070312,79.79000091552734,0.0,26668300,0.0004616618783048731,2609198583.919567
2025-02-18,72.61534881591797,0.0,79.69000244140625,0.0,79.80999755859375,79.63999938964844,79.75,0.0,23274200,0.0004616618783048731,2599336577.031871
2025-02-19,72.67001342773438,0.0,79.75,0.0,79.76000213623047,79.55999755859375,79.63999938964844,0.0,38958600,0.00048057160326162474,2602919214.2489295
2025-02-20,72.7155990600586,0.0,79.80000305175781,0.0,79.81999969482422,79.68000030517578,79.73999786376953,0.0,25789000,0.00044480900150169927,2600697870.372451
2025-02-21,72.57889556884766,0.0,79.6500015258789,0.0,79.86000061035156,79.6500015258789,79.7699966430664,0.0,32016500,0.0004713776326157922,2600154048.5725346
2025-02-24,72.67001342773438,0.0,79.75,0.0,79.83999633789062,79.63999938964844,79.66999816894531,0.0,21029200,0.0005773362894555157,2591957762.8682156
2025-02-25,72.85226440429688,0.0,79.94999694824219,0.0,79.9800033569336,79.83999633789062,79.94999694824219,0.0,30604400,0.0004981423034278449,2593015949.616399
2025-02-26,72.95249938964844,0.0,80.05999755859375,0.0,80.08000183105469,79.97000122070312,80.0,0.0,21777500,0.000442845082941191,2586315863.0061016
2025-02-27,72.8158187866211,0.0,79.91000366210938,0.0,80.08000183105469,79.87000274658203,80.05000305175781,0.0,40521800,0.000419491162879739,2599147917.8164406
2025-02-28,73.01627349853516,0.0,80.12999725341797,0.0,80.12999725341797,79.93000030517578,79.98999786376953,0.0,44321200,0.0004949347879137951,2612996254.851429
2025-03-03,72.86431884765625,0.0,79.58999633789062,0.374,79.75,79.51000213623047,79.69000244140625,0.0,40729100,0.0005506351791724912,2624665021.6756
2025-03-04,72.85515594482422,0.0,79.58000183105469,0.0,79.63999938964844,79.30999755859375,79.51000213623047,0.0,66274600,0.0005506351791724912,2654968111.0862913
2025-03-05,72.89178466796875,0.0,79.62000274658203,0.0,79.68000030517578,79.44000244140625,79.44999694824219,0.0,32302200,0.0006083268178355059,2657979820.069758
2025-03-06,72.61713409423828,0.0,79.31999969482422,0.0,79.5,79.27999877929688,79.43000030517578,0.0,50431500,0.0006775122870242723,2669997203.648861
2025-03-07,72.73614501953125,0.0,79.44999694824219,0.0,79.51000213623047,79.33000183105469,79.3499984741211,0.0,52828900,0.0006820835164698586,2683019861.2541203
2025-03-10,72.46149444580078,0.0,79.1500015258789,0.0,79.37999725341797,79.13999938964844,79.30000305175781,0.0,57602100,0.0006820835164698586,2691108239.2408705
2025-03-11,72.20516204833984,0.0,78.87000274658203,0.0,79.26000213623047,78.80000305175781,79.20999908447266,0.0,75826700,0.0006390020167095791,2707237164.016379
2025-03-12,72.28753662109375,0.0,78.95999908447266,0.0,79.11000061035156,78.87999725341797,79.05999755859375,0.0,53763000,0.0007220251934707959,2725299499.9792733
2025-03-13,71.88472747802734,0.0,78.5199966430664,0.0,78.87000274658203,78.48999786376953,78.86000061035156,0.0,81223200,0.0007220251934707959,2751817614.3573394
2025-03-14,72.21428680419922,0.0,78.87999725341797,0.0,78.97000122070312,78.70999908447266,78.83000183105469,0.0,51469800,0.0008455141628505825,2757390324.225707
2025-03-17,72.38825225830078,0.0,79.06999969482422,0.0,79.0999984741211,78.87000274658203,78.88999938964844,0.0,33954200,0.0008455141628505825,2760726691.917874
2025-03-18,72.26009368896484,0.0,78.93000030517578,0.0,79.06999969482422,78.93000030517578,79.01000213623047,0.0,40195900,0.0009054908207403036,2765805160.1926894
2025-03-19,72.73614501953125,0.0,79.44999694824219,0.0,79.54000091552734,78.95999908447266,78.95999908447266,0.0,45212700,0.0009121017535886428,2774418614.379374
2025-03-20,72.63543701171875,0.0,79.33999633789062,0.0,79.5,79.26000213623047,79.38999938964844,0.0,42977600,0.0009845173875053753,2784101505.2798257
2025-03-21,72.52558135986328,0.0,79.22000122070312,0.0,79.30999755859375,79.06999969482422,79.2699966430664,0.0,35124000,0.0009203543872752962,2781100990.575766
2025-03-24,72.73614501953125,0.0,79.44999694824219,0.0,79.5,79.3499984741211,79.41999816894531,0.0,36393500,0.0008143957304355728,2773011986.9351034
2025-03-25,72.69953155517578,0.0,79.41000366210938,0.0,79.58000183105469,79.37999725341797,79.5,0.0,29075500,0.0008448013557584699,2763547214.159563
2025-03-26,72.40656280517578,0.0,79.08999633789062,0.0,79.41999816894531,78.97000122070312,79.4000015258789,0.0,51236100,0.0008448013557584698,2777238607.0931935
2025-03-27,72.26924133300781,0.0,78.94000244140625,0.0,79.13999938964844,78.93000030517578,79.05000305175781,0.0,38493100,0.0008141231375734132,2783121499.071133
2025-03-28,72.1410903930664,0.0,78.80000305175781,0.0,79.0,78.66000366210938,78.98999786376953,0.0,58896900,0.0007386795125393569,2801599919.404596
2025-03-31,72.22346496582031,0.0,78.88999938964844,0.0,78.91999816894531,78.5199966430664,78.5199966430664,0.0,47853500,0.0006983477918457931,2810737548.753194
2025-04-01,72.39090728759766,0.0,78.69000244140625,0.382,78.72000122070312,78.43000030517578,78.68000030517578,0.0,54256000,0.0008425058857285953,2821207169.213934
2025-04-02,72.53810119628906,0.0,78.8499984741211,0.0,78.86000061035156,78.54000091552734,78.54000091552734,0.0,49072400,0.0007876751581075585,2831808543.172933
2025-04-03,71.63654327392578,0.0,77.87000274658203,0.0,78.27999877929688,77.73999786376953,78.0999984741211,0.0,116401400,0.000837507432244758,2874592512.9934464
2025-04-04,70.61539459228516,0.0,76.76000213623047,0.0,77.33000183105469,76.54000091552734,76.80000305175781,0.0,181273300,0.0007398553725966138,2958896804.457256
2025-04-07,70.00821685791016,0.0,76.0999984741211,0.0,77.5999984741211,75.62999725341797,75.87000274658203,0.0,193374800,0.000978192561049954,3055989357.5992346
2025-04-08,69.68624114990234,0.0,75.75,0.0,77.12999725341797,75.41999816894531,77.0199966430664,0.0,106007700,0.0016566640757013223,3094372758.045445
2025-04-09,71.5537338256836,0.0,77.77999877929688,0.0,77.83999633789062,75.08000183105469,75.0999984741211,0.0,152382200,0.002345595833558297,3144906861.4752393
2025-04-10,70.3853988647461,0.0,76.51000213623047,0.0,77.18000030517578,76.13999938964844,77.06999969482422,0.0,93884100,0.002638685256511271,3176095891.447612
2025-04-11,70.59698486328125,0.0,76.73999786376953,0.0,77.16999816894531,76.0,76.2699966430664,0.0,71884000,0.0031217160566997327,3193141239.397624
2025-04-14,70.94657135009766,0.0,77.12000274658203,0.0,77.45999908447266,76.94000244140625,77.27999877929688,0.0,50011400,0.003153162828748801,3204798397.929322
2025-04-15,71.13975524902344,0.0,77.33000183105469,0.0,77.5,77.18000030517578,77.23999786376953,0.0,39790500,0.003234536768358425,3212186754.1998725
2025-04-16,71.13058471679688,0.0,77.31999969482422,0.0,77.5199966430664,77.11000061035156,77.3499984741211,0.0,52028800,0.0033808090795136372,3236490789.5550923
2025-04-17,71.54454803466797,0.0,77.7699966430664,0.0,77.79000091552734,77.52999877929688,77.62000274658203,0.0,37355500,0.0033324766679990237,3239880871.5203123
2025-04-21,71.12137603759766,0.0,77.30999755859375,0.0,77.51000213623047,77.1500015258789,77.48999786376953,0.0,36078000,0.003432014542132695,3242004880.1453247
2025-04-22,71.39735412597656,0.0,77.61000061035156,0.0,77.80999755859375,77.51000213623047,77.58000183105469,0.0,33941100,0.0034454319738041355,3233468360.226864
2025-04-23,71.75613403320312,0.0,78.0,0.0,78.73999786376953,77.97000122070312,78.5999984741211,0.0,63723400,0.0034150263484812385,3254609298.5743804
2025-04-24,72.40010833740234,0.0,78.69999694824219,0.0,78.73999786376953,78.18000030517578,78.27999877929688,0.0,49007800,0.003696051773332426,3262295736.419175
2025-04-25,72.46448516845703,0.0,78.7699966430664,0.0,78.94000244140625,78.54000091552734,78.58999633789062,0.0,47981700,0.003685926252060759,3269950769.8201013
2025-04-28,72.50128936767578,0.0,78.80999755859375,0.0,78.87000274658203,78.55000305175781,78.77999877929688,0.0,42220700,0.003858124595058536,3271387959.3290725
2025-04-29,72.69447326660156,0.0,79.0199966430664,0.0,79.05000305175781,78.6500015258789,78.6500015258789,0.0,51198600,0.003808074868368666,3284498325.0252557
2025-04-30,72.30809783935547,0.0,78.5999984741211,0.0,78.70999908447266,78.45999908447266,78.62999725341797,0.0,69994200,0.0037735640542259216,3305767793.2843227
2025-05-01,72.4015121459961,0.0,78.30000305175781,0.401,78.48999786376953,78.22000122070312,78.4000015258789,0.0,50848600,0.0037707031431839432,3317272950.175149
2025-05-02,72.62342071533203,0.0,78.54000091552734,0.0,78.61000061035156,78.36000061035156,78.5,0.0,41354100,0.003710130717062709,3315924308.5232506
2025-05-05,72.59568786621094,0.0,78.51000213623047,0.0,78.63999938964844,78.4000015258789,78.47000122070312,0.0,39815300,0.0038124600216977154,3322638512.0035686
2025-05-06,72.5401840209961,0.0,78.44999694824219,0.0,78.5199966430664,78.33000183105469,78.41000366210938,0.0,36292600,0.0035741228332443753,3318104652.8099785
2025-05-07,72.60492706298828,0.0,78.5199966430664,0.0,78.62000274658203,78.36000061035156,78.55999755859375,0.0,32676200,0.002944956782848785,3310939067.4076624
2025-05-08,72.58641052246094,0.0,78.5,0.0,78.7699966430664,78.44999694824219,78.66999816894531,0.0,32684900,0.002176581474338314,3314197627.3496113
2025-05-09,72.63267517089844,0.0,78.55000305175781,0.0,78.69999694824219,78.54000091552734,78.58999633789062,0.0,23971200,0.0019415308837848102,3309273749.5319667
2025-05-12,73.35388946533203,0.0,79.33000183105469,0.0,79.38999938964844,79.02999877929688,79.23999786376953,0.0,70558600,0.0013718359064826663,3326515747.668033
2025-05-13,73.48335266113281,0.0,79.47000122070312,0.0,79.58000183105469,79.31999969482422,79.37999725341797,0.0,52141900,0.0013403891344335984,3326949005.3238277
2025-05-14,73.21520233154297,0.0,79.18000030517578,0.0,79.43000030517578,79.13999938964844,79.4000015258789,0.0,45406500,0.0011990385369342533,3336138872.5511765
2025-05-15,73.35388946533203,0.0,79.33000183105469,0.0,79.33000183105469,79.05999755859375,79.05999755859375,0.0,49301300,0.0010672188917003349,3360214815.030161
2025-05-16,73.43711853027344,0.0,79.41999816894531,0.0,79.43000030517578,79.2699966430664,79.37999725341797,0.0,30657200,0.0010431356692982157,3351440256.967333
2025-05-19,73.40013885498047,0.0,79.37999725341797,0.0,79.38999938964844,79.05000305175781,79.05999755859375,0.0,26228800,0.0009827459065096505,3346615966.2682185
2025-05-20,73.36314392089844,0.0,79.33999633789062,0.0,79.37999725341797,79.20999908447266,79.2699966430664,0.0,25933700,0.0010303683006403154,3342350293.260187
2025-05-21,72.87307739257812,0.0,78.80999755859375,0.0,79.22000122070312,78.80000305175781,79.08000183105469,0.0,54737300,0.0010303683006403154,3355390314.53958
2025-05-22,73.0210189819336,0.0,78.97000122070312,0.0,79.05000305175781,78.75,78.80999755859375,0.0,43242700,0.0008199766469714903,3364990539.1910796
2025-05-23,73.00253295898438,0.0,78.94999694824219,0.0,78.9800033569336,78.73999786376953,78.76000213623047,0.0,29598900,0.0009335647197792691,3361754338.117042
2025-05-27,73.44636535644531,0.0,79.43000030517578,0.0,79.44000244140625,79.16999816894531,79.27999877929688,0.0,33524700,0.0007613663767814919,3370313961.4846125
2025-05-28,73.40013885498047,0.0,79.37999725341797,0.0,79.44000244140625,79.25,79.41999816894531,0.0,27012900,0.0008340277405448921,3369637957.261652
2025-05-29,73.51109313964844,0.0,79.5,0.0,79.56999969482422,79.41000366210938,79.55999755859375,0.0,28616300,0.0007243804608048348,3369041782.7549653
2025-05-30,73.57581329345703,0.0,79.56999969482422,0.0,79.58000183105469,79.4000015258789,79.44999694824219,0.0,28930300,0.0008167534783476129,3365145707.8353214
2025-06-02,73.56281280517578,0.0,79.18000030517578,0.376,79.19000244140625,78.9800033569336,79.12999725341797,0.0,45527200,0.0008442276241266689,3367775557.0018406
2025-06-03,73.70216369628906,0.0,79.33000183105469,0.0,79.3499984741211,79.16999816894531,79.23999786376953,0.0,28458700,0.0007418983194916625,3366522299.5269594
2025-06-04,73.8415298461914,0.0,79.4800033569336,0.0,79.51000213623047,79.33999633789062,79.33999633789062,0.0,41403600,0.0007418983194916625,3376734464.0671687
2025-06-05,73.68359375,0.0,79.30999755859375,0.0,79.48999786376953,79.2699966430664,79.47000122070312,0.0,44563900,0.0007503769086902102,3384311498.5178204
2025-06-06,73.67430114746094,0.0,79.30000305175781,0.0,79.38999938964844,79.25,79.37999725341797,0.0,41300100,0.0007784234267666057,3394583895.2883887
2025-06-09,73.71146392822266,0.0,79.33999633789062,0.0,79.43000030517578,79.27999877929688,79.27999877929688,0.0,30169000,0.0007587043492475241,3399175687.2945027
2025-06-10,73.88796997070312,0.0,79.52999877929688,0.0,79.55000305175781,79.33000183105469,79.41000366210938,0.0,24234400,0.0007218795569814195,3399843721.6515136
2025-06-11,73.86940002441406,0.0,79.51000213623047,0.0,79.63999938964844,79.48999786376953,79.58999633789062,0.0,30114400,0.0007218795569814195,3399866619.212305
2025-06-12,73.9530258178711,0.0,79.5999984741211,0.0,79.5999984741211,79.47000122070312,79.51000213623047,0.0,28373200,0.0007651273334522359,3403797711.5081544
2025-06-13,73.73004150390625,0.0,79.36000061035156,0.0,79.5,79.30000305175781,79.41999816894531,0.0,35271000,0.0007836190160332537,3408780583.8345
2025-06-16,73.8786849975586,0.0,79.5199966430664,0.0,79.5999984741211,79.48999786376953,79.5199966430664,0.0,26225100,0.0008265593272767247,3409657425.492199
2025-06-17,73.79508209228516,0.0,79.43000030517578,0.0,79.63999938964844,79.37000274658203,79.5199966430664,0.0,27747200,0.0008200954787491605,3408767754.843134
2025-06-18,73.90657806396484,0.0,79.55000305175781,0.0,79.70999908447266,79.43000030517578,79.48999786376953,0.0,32833500,0.0008333879770194964,3407942322.6919565
2025-06-20,74.13883209228516,0.0,79.80000305175781,0.0,79.80999755859375,79.58999633789062,79.62000274658203,0.0,45845800,0.0008577518045446191,3422916714.7100353
2025-06-23,74.27819061279297,0.0,79.94999694824219,0.0,79.94999694824219,79.70999908447266,79.7699966430664,0.0,32361400,0.0007871180333622569,3425153603.154204
2025-06-24,74.48257446289062,0.0,80.16999816894531,0.0,80.20999908447266,80.0,80.05000305175781,0.0,50893200,0.0006735299605544778,3407882262.141182
2025-06-25,74.46400451660156,0.0,80.1500015258789,0.0,80.22000122070312,80.08000183105469,80.18000030517578,0.0,24156100,0.0007222879839732094,3380481123.9790053
2025-06-26,74.67768096923828,0.0,80.37999725341797,0.0,80.38999938964844,80.19999694824219,80.2699966430664,0.0,28889100,0.0006308139649009234,3359448281.651954
2025-06-27,74.64051818847656,0.0,80.33999633789062,0.0,80.47000122070312,80.30000305175781,80.4000015258789,0.0,47849500,0.0006308139649009234,3371771589.560378
2025-06-30,74.92854309082031,0.0,80.6500015258789,0.0,80.66999816894531,80.44999694824219,80.52999877929688,0.0,52885900,0.0005655291440847336,3398181255.4408665
2025-07-01,74.83424377441406,0.0,80.16999816894531,0.379,80.2699966430664,80.0999984741211,80.19999694824219,0.0,45411000,0.0005665479526469324,3415574128.254046
2025-07-02,74.97425842285156,0.0,80.31999969482422,0.0,80.31999969482422,80.08000183105469,80.16999816894531,0.0,32359500,0.0006480149211029868,3423339898.7077074
2025-07-03,75.02095031738281,0.0,80.37000274658203,0.0,80.38999938964844,80.26000213623047,80.30000305175781,0.0,19750000,0.0006480149211029868,3423040333.680634
2025-07-07,74.76891326904297,0.0,80.0999984741211,0.0,80.33999633789062,80.05999755859375,80.33000183105469,0.0,37027200,0.0006032932661759064,3434928303.918893
2025-07-08,74.66622924804688,0.0,79.98999786376953,0.0,80.12000274658203,79.94000244140625,80.08999633789062,0.0,31358900,0.0005716671219917902,3435804877.8823433
2025-07-09,74.87158966064453,0.0,80.20999908447266,0.0,80.22000122070312,80.08000183105469,80.13999938964844,0.0,30277500,0.0005906932968349622,3434642923.2564416
2025-07-10,74.79691314697266,0.0,80.12999725341797,0.0,80.22000122070312,80.12999725341797,80.20999908447266,0.0,28776200,0.0006304837471529553,3432785271.478344
2025-07-11,74.70355224609375,0.0,80.02999877929688,0.0,80.05000305175781,79.93000030517578,80.04000091552734,0.0,30482200,0.0006304837471529553,3424746154.1859217
2025-07-14,74.75957489013672,0.0,80.08999633789062,0.0,80.0999984741211,79.97000122070312,80.01000213623047,0.0,23716200,0.0005976774218500041,3417702197.669692
2025-07-15,74.53555297851562,0.0,79.8499984741211,0.0,80.16999816894531,79.8499984741211,80.16000366210938,0.0,37039500,0.0005775061186595834,3417854765.0915785
2025-07-16,74.7315673828125,0.0,80.05999755859375,0.0,80.08000183105469,79.75,79.94999694824219,0.0,39780100,0.0005944541608382524,3418717605.315242
2025-07-17,74.80624389648438,0.0,80.13999938964844,0.0,80.18000030517578,80.0,80.04000091552734,0.0,25703200,0.0005617698980207105,3416610336.6109333
2025-07-18,74.90892791748047,0.0,80.25,0.0,80.31999969482422,80.18000030517578,80.26000213623047,0.0,27686400,0.00048743757394826914,3400525764.122857
2025-07-21,75.01161193847656,0.0,80.36000061035156,0.0,80.44999694824219,80.31999969482422,80.31999969482422,0.0,28483300,0.00046307374642314653,3398300521.7033143
2025-07-22,75.14228057861328,0.0,80.5,0.0,80.5199966430664,80.33999633789062,80.44000244140625,0.0,26017700,0.0004961749276779962,3396289949.743398
2025-07-23,75.17963409423828,0.0,80.54000091552734,0.0,80.55000305175781,80.44000244140625,80.5199966430664,0.0,26025000,0.0004975810537101199,3392082928.117867
2025-07-24,75.0862808227539,0.0,80.44000244140625,0.0,80.51000213623047,80.41000366210938,80.44000244140625,0.0,27013700,0.0005068032660002006,3393525108.2373605
2025-07-25,75.1329574584961,0.0,80.48999786376953,0.0,80.58000183105469,80.41000366210938,80.5,0.0,30123100,0.0005476710355611292,3395423139.8737164
2025-07-28,75.09561157226562,0.0,80.44999694824219,0.0,80.5199966430664,80.44000244140625,80.5199966430664,0.0,22093800,0.0005744944544007748,3394561792.9893913
2025-07-29,75.14228057861328,0.0,80.5,0.0,80.55000305175781,80.44999694824219,80.48999786376953,0.0,21371800,0.00057450033890452,3390138020.637639
2025-07-30,74.98359680175781,0.0,80.33000183105469,0.0,80.5199966430664,80.25,80.44999694824219,0.0,38392400,0.00048756206735853366,3395340928.3952317
2025-07-31,75.03026580810547,0.0,80.37999725341797,0.0,80.4800033569336,80.33000183105469,80.4000015258789,0.0,41501300,0.0004644373631545588,3409114942.5192995
2025-08-01,75.0340347290039,0.0,79.9800033569336,0.404,80.08999633789062,79.80000305175781,80.04000091552734,0.0,68963100,0.0004644373631545588,3431021168.7117505
2025-08-04,75.2873306274414,0.0,80.25,0.0,80.25,80.05999755859375,80.08999633789062,0.0,37539200,0.00045137496462731394,3431456256.5110407
2025-08-05,75.24980163574219,0.0,80.20999908447266,0.0,80.23999786376953,80.0999984741211,80.20999908447266,0.0,29656300,0.0005206218875966113,3431485604.9700603
2025-08-06,75.3248519897461,0.0,80.29000091552734,0.0,80.30000305175781,80.13999938964844,80.20999908447266,0.0,30512900,0.0004822482155232927,3432667927.359869
2025-08-07,75.24980163574219,0.0,80.20999908447266,0.0,80.36000061035156,80.16000366210938,80.30999755859375,0.0,29405000,0.0004968212680067547,3431245455.171131
2025-08-08,75.25918579101562,0.0,80.22000122070312,0.0,80.25,80.16000366210938,80.19999694824219,0.0,24679000,0.0005259103665080667,3431654273.322629
2025-08-11,75.25918579101562,0.0,80.22000122070312,0.0,80.29000091552734,80.16999816894531,80.22000122070312,0.0,30159800,0.0005455773365778317,3432732599.249044
2025-08-12,75.42805480957031,0.0,80.4000015258789,0.0,80.4000015258789,80.20999908447266,80.2699966430664,0.0,40846200,0.0005072836334608499,3444041202.156788
2025-08-13,75.62507629394531,0.0,80.61000061035156,0.0,80.61000061035156,80.45999908447266,80.45999908447266,0.0,35039600,0.00044739528003870973,3451060529.8984046
2025-08-14,75.42805480957031,0.0,80.4000015258789,0.0,80.48999786376953,80.3499984741211,80.48999786376953,0.0,36559900,0.0005300965016254159,3452759818.491097
2025-08-15,75.48433685302734,0.0,80.45999908447266,0.0,80.47000122070312,80.37000274658203,80.47000122070312,0.0,22754000,0.0005781972430138874,3444432233.986022
2025-08-18,75.42805480957031,0.0,80.4000015258789,0.0,80.48999786376953,80.37999725341797,80.44000244140625,0.0,25400800,0.0006212231022148976,3443758906.15895
2025-08-19,75.4092788696289,0.0,80.37999725341797,0.0,80.4800033569336,80.36000061035156,80.44999694824219,0.0,21700500,0.0006373362238858823,3442882438.5047917
2025-08-20,75.38114166259766,0.0,80.3499984741211,0.0,80.43000030517578,80.30999755859375,80.41000366210938,0.0,29704900,0.0006359300978537588,3437166885.4863305
2025-08-21,75.24042510986328,0.0,80.19999694824219,0.0,80.30000305175781,80.19000244140625,80.26000213623047,0.0,35825900,0.0005779498621449465,3443637320.343205
2025-08-22,75.85023498535156,0.0,80.8499984741211,0.0,80.86000061035156,80.30000305175781,80.31999969482422,0.0,59541500,0.0005381824064096809,3461604113.2820435
2025-08-25,75.70011901855469,0.0,80.69000244140625,0.0,80.80999755859375,80.69000244140625,80.77999877929688,0.0,32714800,0.0005303038202261846,3469244419.566727
2025-08-26,75.86898803710938,0.0,80.87000274658203,0.0,80.9000015258789,80.73999786376953,80.79000091552734,0.0,33659900,0.0005630108737247505,3471428979.2401147
2025-08-27,75.96280670166016,0.0,80.97000122070312,0.0,80.98999786376953,80.81999969482422,80.81999969482422,0.0,24335000,0.0005630108737247505,3473229760.0565715
2025-08-28,76.00033569335938,0.0,81.01000213623047,0.0,81.01000213623047,80.9000015258789,80.97000122070312,0.0,24203800,0.0005232701519928658,3463092083.0987115
2025-08-29,75.85961151123047,0.0,80.86000061035156,0.0,80.98999786376953,80.86000061035156,80.98999786376953,0.0,35070300,0.0005833475637628372,3457412137.4251957
2025-09-02,75.77760314941406,0.0,80.38999938964844,0.383,80.43000030517578,80.19999694824219,80.2699966430664,0.0,51804000,0.0005833475637628372,3464736697.8104
2025-09-03,75.98497772216797,0.0,80.61000061035156,0.0,80.61000061035156,80.41000366210938,80.41000366210938,0.0,34283100,0.0005141006407935398,3444811522.59272
2025-09-04,76.19236755371094,0.0,80.83000183105469,0.0,80.83999633789062,80.62999725341797,80.66000366210938,0.0,37999700,0.0004951283831432975,3448776717.575727
2025-09-05,76.23005676269531,0.0,80.87000274658203,0.0,81.0999984741211,80.83999633789062,80.9800033569336,0.0,39147800,0.0004407648803418423,3442154940.8210697
2025-09-08,76.23005676269531,0.0,80.87000274658203,0.0,80.97000122070312,80.8499984741211,80.94999694824219,0.0,27003400,0.0004510251461724314,3426174854.220975
2025-09-09,76.14521789550781,0.0,80.77999877929688,0.0,80.87999725341797,80.66999816894531,80.8499984741211,0.0,36704500,0.0004209167249348012,3413522339.6360607
2025-09-10,76.2017822265625,0.0,80.83999633789062,0.0,80.94000244140625,80.79000091552734,80.83999633789062,0.0,38106100,0.0004209167249348012,3390506823.3438945
2025-09-11,76.39030456542969,0.0,81.04000091552734,0.0,81.0999984741211,80.91000366210938,80.91000366210938,0.0,34221500,0.0004240297642530381,3378825743.6657376
2025-09-12,76.31490325927734,0.0,80.95999908447266,0.0,81.02999877929688,80.94000244140625,81.02999877929688,0.0,25702800,0.00037149189594239747,3344724579.166764
2025-09-15,76.53170776367188,0.0,81.19000244140625,0.0,81.19999694824219,81.06999969482422,81.08000183105469,0.0,27248800,0.00033549190213731536,3330061027.2293935
2025-09-16,76.47514343261719,0.0,81.12999725341797,0.0,81.2300033569336,81.0999984741211,81.20999908447266,0.0,33075600,0.000327936402536527,3330050430.0350857
2025-09-17,76.39973449707031,0.0,81.05000305175781,0.0,81.23999786376953,80.91000366210938,81.19000244140625,0.0,35955700,0.00031539657702560456,3327999217.3006516
2025-09-18,76.56940460205078,0.0,81.2300033569336,0.0,81.2699966430664,81.06999969482422,81.13999938964844,0.0,43250000,0.00038358398100874164,3327372620.2226
2025-09-19,76.59769439697266,0.0,81.26000213623047,0.0,81.29000091552734,81.1500015258789,81.25,0.0,32042900,0.0004194309005932084,3320975505.110217
2025-09-22,76.65425109863281,0.0,81.31999969482422,0.0,81.33000183105469,81.18000030517578,81.19000244140625,0.0,26670200,0.0004557540219650995,3316104849.0227957
2025-09-23,76.59769439697266,0.0,81.26000213623047,0.0,81.36000061035156,81.19999694824219,81.33999633789062,0.0,37088500,0.0004952189316917171,3317075865.8902063
2025-09-24,76.4939956665039,0.0,81.1500015258789,0.0,81.25,81.12000274658203,81.25,0.0,28124300,0.0004354177969628178,3316864766.1000204
2025-09-25,76.27719116210938,0.0,80.91999816894531,0.0,81.01000213623047,80.88999938964844,81.0,0.0,33509900,0.0004354177969628178,3306224750.9037805
2025-09-26,76.42801666259766,0.0,81.08000183105469,0.0,81.11000061035156,80.95999908447266,81.04000091552734,0.0,31046800,0.00043485637294503495,3302086887.3551383
2025-09-29,76.55998229980469,0.0,81.22000122070312,0.0,81.23999786376953,81.12999725341797,81.16000366210938,0.0,28558500,0.0003747789611750637,3283661851.6815066
2025-09-30,76.53170776367188,0.0,81.19000244140625,0.0,81.20999908447266,81.0999984741211,81.16999816894531,0.0,54970300,0.00041279832674866526,3289121186.6450963
2025-10-01,76.67471313476562,0.0,80.95999908447266,0.381,81.0,80.77999877929688,80.80999755859375,0.0,58042600,0.0004216641581437596,3292531695.14033
2025-10-02,76.64629364013672,0.0,80.93000030517578,0.0,80.97000122070312,80.83999633789062,80.94000244140625,0.0,33348900,0.00047468298065130986,3283242550.870932
2025-10-03,76.56105041503906,0.0,80.83999633789062,0.0,80.94000244140625,80.81999969482422,80.91999816894531,0.0,35109200,0.0005148605848661277,3233830251.360775
2025-10-06,76.57999420166016,0.0,80.86000061035156,0.0,80.91000366210938,80.83000183105469,80.88999938964844,0.0,29485100,0.000511670830592311,3142319349.049305
2025-10-07,76.49475860595703,0.0,80.7699966430664,0.0,80.88999938964844,80.76000213623047,80.88999938964844,0.0,27672300,0.0005156071805052239,3043265933.122102
2025-10-08,76.38111877441406,0.0,80.6500015258789,0.0,80.83999633789062,80.63999938964844,80.81999969482422,0.0,34932200,0.0005156071805052239,3001894494.2991047
2025-10-09,76.1633071899414,0.0,80.41999816894531,0.0,80.6500015258789,80.30999755859375,80.63999938964844,0.0,65586700,0.000512494141186987,2949689692.425458
2025-10-10,75.71815490722656,0.0,79.94999694824219,0.0,80.48999786376953,79.94999694824219,80.47000122070312,0.0,83840400,0.0004823307879109214,2945879906.9697547
2025-10-13,76.19169616699219,0.0,80.44999694824219,0.0,80.44999694824219,80.16999816894531,80.2300033569336,0.0,31926800,0.0005732822465028041,2922484136.780294
2025-10-14,76.27693939208984,0.0,80.54000091552734,0.0,80.63999938964844,80.11000061035156,80.18000030517578,0.0,63860100,0.0006422226591418394,2932693765.408113
2025-10-15,76.52316284179688,0.0,80.80000305175781,0.0,80.83000183105469,80.5999984741211,80.72000122070312,0.0,59802200,0.0006055481817269274,2946622483.698933
2025-10-16,76.24852752685547,0.0,80.51000213623047,0.0,80.81999969482422,80.45999908447266,80.80000305175781,0.0,75725200,0.0006228456203951097,2963080969.5215077
2025-10-17,76.44741821289062,0.0,80.72000122070312,0.0,80.7300033569336,80.43000030517578,80.44000244140625,0.0,70044200,0.0007047879765897792,2984897086.9810557
2025-10-20,76.59893035888672,0.0,80.87999725341797,0.0,80.91000366210938,80.7699966430664,80.7699966430664,0.0,43762300,0.0006673645413922253,2990851885.488074
2025-10-21,76.48530578613281,0.0,80.76000213623047,0.0,80.94000244140625,80.76000213623047,80.87999725341797,0.0,45418100,0.0006806943601094042,2999056624.0698805
2025-10-22,76.40953063964844,0.0,80.68000030517578,0.0,80.80999755859375,80.5999984741211,80.76000213623047,0.0,50698600,0.0006806943601094042,2992072003.938705
2025-10-23,76.57999420166016,0.0,80.86000061035156,0.0,80.86000061035156,80.69999694824219,80.69999694824219,0.0,37962400,0.0007165644505631308,2985823797.404819
2025-10-24,76.7883529663086,0.0,81.08000183105469,0.0,81.08999633789062,80.97000122070312,81.02999877929688,0.0,39905600,0.0006985243320607187,2981506557.509111
2025-10-27,76.9777603149414,0.0,81.27999877929688,0.0,81.33000183105469,81.12999725341797,81.16999816894531,0.0,36495000,0.0006985243320607187,2978640686.8069544
2025-10-28,76.90199279785156,0.0,81.19999694824219,0.0,81.27999877929688,81.16999816894531,81.27999877929688,0.0,31591400,0.0007024962181039382,2966890753.3423586
2025-10-29,76.66522216796875,0.0,80.94999694824219,0.0,81.2300033569336,80.9000015258789,81.19999694824219,0.0,51827100,0.0006936303867088438,2956524559.4823503
2025-10-30,76.52316284179688,0.0,80.80000305175781,0.0,80.94000244140625,80.76000213623047,80.79000091552734,0.0,39967300,0.0006406115642012936,2950555610.4886436
2025-10-31,76.52316284179688,0.0,80.80000305175781,0.0,80.95999908447266,80.75,80.88999938964844,0.0,45044600,0.0006998539822912024,2953663965.771218
2025-11-03,76.28520965576172,0.0,80.13999938964844,0.41,80.4000015258789,80.12999725341797,80.38999938964844,0.0,54615100,0.0006636943722331181,2963592178.4109874
2025-11-04,76.29470825195312,0.0,80.1500015258789,0.0,80.22000122070312,79.95999908447266,79.9800033569336,0.0,49705000,0.0006597580223202051,2972613618.6220984
2025-11-05,76.3708724975586,0.0,80.2300033569336,0.0,80.27999877929688,80.16999816894531,80.19000244140625,0.0,42273700,0.0006597580223202051,2979168253.3729067
2025-11-06,76.3994369506836,0.0,80.26000213623047,0.0,80.33000183105469,80.12999725341797,80.30999755859375,0.0,46629200,0.0007022727208365404,2988507102.9094996
2025-11-07,76.466064453125,0.0,80.33000183105469,0.0,80.3499984741211,80.08999633789062,80.25,0.0,47233800,0.0008046127589074005,3003676574.3962727
2025-11-10,76.72307586669922,0.0,80.5999984741211,0.0,80.6500015258789,80.43000030517578,80.44999694824219,0.0,51875200,0.0007015605527321287,2992436313.86967
2025-11-11,76.8087387084961,0.0,80.69000244140625,0.0,80.7300033569336,80.61000061035156,80.61000061035156,0.0,17001100,0.0005971497804928714,2970437122.947899
2025-11-12,76.65644836425781,0.0,80.52999877929688,0.0,80.69999694824219,80.48999786376953,80.69000244140625,0.0,43962900,0.0005999237156537479,2970000976.912005
2025-11-13,76.3423080444336,0.0,80.19999694824219,0.0,80.41999816894531,80.1500015258789,80.41999816894531,0.0,53631300,0.0005144388730024285,2973097467.9997582
2025-11-14,76.3613510131836,0.0,80.22000122070312,0.0,80.4000015258789,80.08000183105469,80.08000183105469,0.0,40853500,0.0005149448936132296,2979783762.0632896
2025-11-17,76.23759460449219,0.0,80.08999633789062,0.0,80.2699966430664,80.04000091552734,80.19000244140625,0.0,42954200,0.0005662895534359445,2990562806.894532
2025-11-18,76.25664520263672,0.0,80.11000061035156,0.0,80.19000244140625,79.98999786376953,80.0199966430664,0.0,44098700,0.000531920663903186,3002270483.2507844
2025-11-19,76.29470825195312,0.0,80.1500015258789,0.0,80.30000305175781,80.08999633789062,80.13999938964844,0.0,33510100,0.000531920663903186,2989349753.780692
2025-11-20,76.24710845947266,0.0,80.0999984741211,0.0,80.48999786376953,80.0999984741211,80.41000366210938,0.0,65471200,0.000560761854737602,3003868539.0847583
2025-11-21,76.50413513183594,0.0,80.37000274658203,0.0,80.41000366210938,80.12999725341797,80.26000213623047,0.0,62331700,0.0006963930764991121,3025080966.350852
2025-11-24,76.71356201171875,0.0,80.58999633789062,0.0,80.5999984741211,80.4000015258789,80.41999816894531,0.0,38964900,0.0006963930764991121,3028869174.4228787
2025-11-25,76.98008728027344,0.0,80.87000274658203,0.0,80.9000015258789,80.54000091552734,80.56999969482422,0.0,56524800,0.000654401824882291,3048130101.434332
2025-11-26,77.05622863769531,0.0,80.94999694824219,0.0,80.9800033569336,80.79000091552734,80.83000183105469,0.0,27454800,0.000654401824882291,3047713197.6741304
2025-11-28,77.09431457519531,0.0,80.98999786376953,0.0,81.06999969482422,80.94000244140625,81.0,0.0,29430800,0.000654401824882291,3048360947.4118915
2025-12-01,76.95565795898438,0.0,80.47000122070312,0.375,80.54000091552734,80.37999725341797,80.4000015258789,0.0,45274800,0.0005549818025775644,3048665864.089457
2025-12-02,77.0990982055664,0.0,80.62000274658203,0.0,80.63999938964844,80.4800033569336,80.54000091552734,0.0,38842600,0.0005549818025775644,3055601275.1654487
2025-12-03,77.1660385131836,0.0,80.69000244140625,0.0,80.79000091552734,80.56999969482422,80.61000061035156,0.0,35019100,0.0005549818025775644,3051910267.209153
2025-12-04,77.2234115600586,0.0,80.75,0.0,80.7699966430664,80.56999969482422,80.69999694824219,0.0,34777400,0.0006706888288320463,3046147666.0170784
2025-12-05,77.2234115600586,0.0,80.75,0.0,80.80999755859375,80.66999816894531,80.7300033569336,0.0,30486800,0.0006343394405340183,3039692991.7628093
2025-12-08,77.03216552734375,0.0,80.55000305175781,0.0,80.73999786376953,80.48999786376953,80.72000122070312,0.0,43160800,0.0005319994024631581,3048288184.0024796
2025-12-09,76.94607543945312,0.0,80.45999908447266,0.0,80.61000061035156,80.44000244140625,80.55000305175781,0.0,30558800,0.0005355055799013565,3052505638.1104608
2025-12-10,77.20429229736328,0.0,80.7300033569336,0.0,80.79000091552734,80.41999816894531,80.43000030517578,0.0,53052100,0.000591297031157164,3067493734.9577703
2025-12-11,77.19474029541016,0.0,80.72000122070312,0.0,80.76000213623047,80.66000366210938,80.73999786376953,0.0,44546400,0.0006083521489264287,3078107058.65358
2025-12-12,77.05126953125,0.0,80.56999969482422,0.0,80.70999908447266,80.52999877929688,80.69000244140625,0.0,45566100,0.0006083521489264287,3085028916.4437914
2025-12-15,77.08953094482422,0.0,80.61000061035156,0.0,80.69999694824219,80.56999969482422,80.66999816894531,0.0,28983600,0.0005529728504756449,3087020568.4257445
2025-12-16,77.1373519897461,0.0,80.66000366210938,0.0,80.66999816894531,80.55999755859375,80.61000061035156,0.0,27908000,0.00054698988770225,3087394372.217287
2025-12-17,77.0417251586914,0.0,80.55999755859375,0.0,80.66999816894531,80.51000213623047,80.6500015258789,0.0,36999700,0.0005607652502505956,3090321282.665453
2025-12-18,77.25210571289062,0.0,80.77999877929688,0.0,80.80000305175781,80.66999816894531,80.77999877929688,0.0,52680500,0.0005999212704866822,3095059661.600234
2025-12-19,77.21464538574219,0.0,80.36000061035156,0.381,80.47000122070312,80.33000183105469,80.43000030517578,0.0,34413300,0.0005816357693099076,3096473621.7412133
2025-12-22,77.28189086914062,0.0,80.43000030517578,0.0,80.45999908447266,80.29000091552734,80.45999908447266,0.0,37203900,0.0005063915250770059,3087840303.785197
2025-12-23,77.33954620361328,0.0,80.48999786376953,0.0,80.48999786376953,80.3499984741211,80.37000274658203,0.0,24341800,0.0005367526436647297,3088024113.1355224
2025-12-24,77.48367309570312,0.0,80.63999938964844,0.0,80.63999938964844,80.47000122070312,80.51000213623047,0.0,10533500,0.0005367526436647297,3076336142.142802
2025-12-26,77.44524383544922,0.0,80.5999984741211,0.0,80.69999694824219,80.58999633789062,80.63999938964844,0.0,10922900,0.0005367526436647297,3052813579.1948895
2025-12-29,77.47406768798828,0.0,80.62999725341797,0.0,80.66000366210938,80.55000305175781,80.55999755859375,0.0,22012700,0.0005450926529697807,3033048785.7412615
2025-12-30,77.55094146728516,0.0,80.70999908447266,0.0,80.75,80.61000061035156,80.63999938964844,0.0,20146700,0.0005450926529697807,3017060217.1040006
2025-12-31,77.47406768798828,0.0,80.62999725341797,0.0,80.75,80.62999725341797,80.72000122070312,0.0,17457100,0.0006114972098682271,3007603478.174857
2026-01-02,77.51249694824219,0.0,80.66999816894531,0.0,80.72000122070312,80.58999633789062,80.72000122070312,0.0,28403300,0.0006368116270188493,3013190673.4506273
2026-01-05,77.71427917480469,0.0,80.87999725341797,0.0,80.91000366210938,80.69999694824219,80.73999786376953,0.0,38563200,0.0005211046007643674,3014405854.772707
2026-01-06,77.73350524902344,0.0,80.9000015258789,0.0,80.94000244140625,80.81999969482422,80.9000015258789,0.0,31721500,0.0005177159432827548,3014865148.855191
2026-01-07,77.71427917480469,0.0,80.87999725341797,0.0,81.0,80.83999633789062,80.95999908447266,0.0,27022700,0.0005475768023546221,3012936876.2718563
2026-01-08,77.77193450927734,0.0,80.94000244140625,0.0,80.94999694824219,80.80000305175781,80.83999633789062,0.0,33516900,0.0005729001997538607,3016167202.786654
2026-01-09,77.82958221435547,0.0,81.0,0.0,81.02999877929688,80.94999694824219,80.94999694824219,0.0,31849200,0.0005171087484980531,3017280653.3518105
2026-01-12,77.86801147460938,0.0,81.04000091552734,0.0,81.05000305175781,80.9000015258789,80.91000366210938,0.0,23983600,0.0005270846248498417,3017631451.72331
2026-01-13,77.86801147460938,0.0,81.04000091552734,0.0,81.08000183105469,80.97000122070312,81.06999969482422,0.0,27607400,0.0005360366863293684,3011914782.6978593
2026-01-14,77.86801147460938,0.0,81.04000091552734,0.0,81.05000305175781,80.93000030517578,81.0,0.0,42994000,0.0004921756162033027,3014291283.415967
2026-01-15,77.86801147460938,0.0,81.04000091552734,0.0,81.11000061035156,81.0,81.0999984741211,0.0,30412400,0.00044681391915398253,3017503715.888438
2026-01-16,77.91606140136719,0.0,81.08999633789062,0.0,81.0999984741211,80.98999786376953,81.08000183105469,0.0,52466300,0.00044863106644508555,3033635926.0063963
2026-01-20,77.71427917480469,0.0,80.87999725341797,0.0,80.94999694824219,80.66999816894531,80.75,0.0,38653400,0.00042558138045287766,3040281710.771876
2026-01-21,77.94488525390625,0.0,81.12000274658203,0.0,81.16000366210938,80.95999908447266,80.9800033569336,0.0,42023500,0.00037915560034150963,3050714421.76728
2026-01-22,78.0025405883789,0.0,81.18000030517578,0.0,81.23999786376953,81.12999725341797,81.19000244140625,0.0,35231900,0.0003187686228129013,3056778486.282561
2026-01-23,77.96409606933594,0.0,81.13999938964844,0.0,81.19999694824219,81.04000091552734,81.18000030517578,0.0,38360500,0.00028840750422517736,3064235540.668554
2026-01-26,78.0025405883789,0.0,81.18000030517578,0.0,81.22000122070312,81.12000274658203,81.19000244140625,0.0,27027500,0.0003013009743454682,3062406050.220919
2026-01-27,77.99292755126953,0.0,81.16999816894531,0.0,81.22000122070312,81.13999938964844,81.18000030517578,0.0,22961500,0.00034302669669468476,3063091278.5572777
2026-01-28,77.86801147460938,0.0,81.04000091552734,0.0,81.18000030517578,81.02999877929688,81.16999816894531,0.0,35559200,0.0003346866873896338,3072307847.6093054
2026-01-29,77.8583984375,0.0,81.02999877929688,0.0,81.06999969482422,80.9000015258789,81.05000305175781,0.0,38201600,0.0003346866873896338,3072398435.2209606
2026-01-30,77.94488525390625,0.0,81.12000274658203,0.0,81.12999725341797,80.91999816894531,80.91999816894531,0.0,59848000,0.0003281897161668845,3084453955.414327
2026-02-02,77.99219512939453,0.0,80.7699966430664,0.399,80.80999755859375,80.63999938964844,80.66999816894531,0.0,42890700,0.00039251773070646614,3068173104.0295196
2026-02-03,77.94392395019531,0.0,80.72000122070312,0.0,80.80999755859375,80.52999877929688,80.76000213623047,0.0,49372700,0.00046360326247676584,3075894085.0157847
2026-02-04,77.84735107421875,0.0,80.62000274658203,0.0,80.72000122070312,80.54000091552734,80.69999694824219,0.0,42829400,0.0005400060174725664,3084419279.8553524
2026-02-05,77.76045989990234,0.0,80.52999877929688,0.0,80.62000274658203,80.44999694824219,80.55999755859375,0.0,75554200,0.0005101451584006991,3113264508.941347
2026-02-06,78.03081512451172,0.0,80.80999755859375,0.0,80.80999755859375,80.62000274658203,80.66999816894531,0.0,40915900,0.00048131558356326223,3120787038.7510996
2026-02-09,78.13703918457031,0.0,80.91999816894531,0.0,80.91999816894531,80.76000213623047,80.76000213623047,0.0,33716900,0.00048131558356326223,3126728483.7998047
2026-02-10,78.05978393554688,0.0,80.83999633789062,0.0,81.01000213623047,80.83999633789062,80.94999694824219,0.0,37886100,0.0004515106542813324,3131833983.739811
2026-02-11,78.05014038085938,0.0,80.83000183105469,0.0,80.93000030517578,80.72000122070312,80.9000015258789,0.0,27272300,0.00044255859280180576,3123265614.8240223
2026-02-12,78.01150512695312,0.0,80.79000091552734,0.0,80.97000122070312,80.75,80.91000366210938,0.0,48457000,0.000504347810975936,3131918780.673048
2026-02-13,78.06945037841797,0.0,80.8499984741211,0.0,80.94000244140625,80.81999969482422,80.83000183105469,0.0,36612400,0.0005500398423091394,3132083038.358349
2026-02-17,78.03081512451172,0.0,80.80999755859375,0.0,80.86000061035156,80.73999786376953,80.81999969482422,0.0,35682000,0.0004970766609025035,3140437605.927537
2026-02-18,78.12739562988281,0.0,80.91000366210938,0.0,80.9800033569336,80.80999755859375,80.83999633789062,0.0,33943100,0.00048097032665862474,3146025796.29694
2026-02-19,78.15635681152344,0.0,80.94000244140625,0.0,80.94000244140625,80.83000183105469,80.87999725341797,0.0,29531000,0.0005294535844787303,3151152408.0564585
2026-02-20,78.21428680419922,0.0,81.0,0.0,81.0,80.87000274658203,80.93000030517578,0.0,37959800,0.000529894864753025,3156612369.4082537
2026-02-23,78.0887680053711,0.0,80.87000274658203,0.0,81.01000213623047,80.83999633789062,80.95999908447266,0.0,33666000,0.0005955219824295935,3155416595.1368117
2026-02-24,78.03081512451172,0.0,80.80999755859375,0.0,80.87000274658203,80.6500015258789,80.8499984741211,0.0,54979900,0.0005826285123093027,3152472114.18939
2026-02-25,78.13703918457031,0.0,80.91999816894531,0.0,80.93000030517578,80.81999969482422,80.81999969482422,0.0,29428200,0.0005409027899600862,3150421103.0643525
2026-02-26,78.06945037841797,0.0,80.8499984741211,0.0,80.94000244140625,80.76000213623047,80.88999938964844,0.0,54533600,0.0005870860414784595,3163809716.3289447
2026-02-27,77.94392395019531,0.0,80.72000122070312,0.0,80.80000305175781,80.6500015258789,80.75,0.0,62450000,0.0005870860414784595,3188179232.9680486
2026-03-02,77.89928436279297,0.0,80.27999877929688,0.394,80.41000366210938,80.02999877929688,80.05999755859375,0.0,74327000,0.0005271784558027625,3219974642.3296676
2026-03-03,77.74403381347656,0.0,80.12000274658203,0.0,80.30999755859375,79.83999633789062,79.94000244140625,0.0,118126800,0.0004892730152260341,3272582063.44903
2026-03-04,78.0157241821289,0.0,80.4000015258789,0.0,80.44999694824219,80.19999694824219,80.2300033569336,0.0,58694100,0.0004216505576004243,3276982715.8393373
2026-03-05,77.70521545410156,0.0,80.08000183105469,0.0,80.30999755859375,80.0199966430664,80.2699966430664,0.0,79841000,0.0004069238778719688,3305793086.5875
2026-03-06,77.32677459716797,0.0,79.69000244140625,0.0,80.0,79.6500015258789,79.75,0.0,82125600,0.0004069238778719688,3333357161.5392656
2026-03-09,77.79254913330078,0.0,80.16999816894531,0.0,80.18000030517578,79.54000091552734,79.58999633789062,0.0,88695000,0.0005422429199369637,3364665060.698567
2026-03-10,77.66639709472656,0.0,80.04000091552734,0.0,80.37999725341797,80.02999877929688,80.05000305175781,0.0,67499600,0.0005422429199369637,3390211910.013096
2026-03-11,77.49175262451172,0.0,79.86000061035156,0.0,80.04000091552734,79.80999755859375,79.98999786376953,0.0,59983500,0.0005422429199369637,3404698361.452908
2026-03-12,76.99686431884766,0.0,79.3499984741211,0.0,79.75,79.31999969482422,79.75,0.0,68674300,0.0005422429199369637,3423498429.831956
2026-03-13,76.85131072998047,0.0,79.19999694824219,0.0,79.68000030517578,79.12000274658203,79.52999877929688,0.0,68652900,0.0005767561902983254,3444641279.666538
2026-03-16,77.09388732910156,0.0,79.44999694824219,0.0,79.66999816894531,79.44999694824219,79.51000213623047,0.0,57535600,0.0005945455007579966,3464405601.7296085
2026-03-17,77.4432144165039,0.0,79.80999755859375,0.0,79.81999969482422,79.56999969482422,79.61000061035156,0.0,47967800,0.0007205195517901972,3477230838.732511
2026-03-18,77.04537963867188,0.0,79.4000015258789,0.0,79.75,79.38999938964844,79.69000244140625,0.0,50281900,0.0008238986847628509,3487619406.983058
2026-03-19,77.29767608642578,0.0,79.66000366210938,0.0,79.69999694824219,78.98999786376953,79.02999877929688,0.0,103981600,0.0008299224864891921,3530230240.650232
2026-03-20,76.57962036132812,0.0,78.91999816894531,0.0,79.52999877929688,78.8499984741211,79.5,0.0,109084800,0.00122992225747365,3570672895.976203
2026-03-23,77.08419036865234,0.0,79.44000244140625,0.0,79.69999694824219,79.16999816894531,79.30000305175781,0.0,79015800,0.001441977121614838,3599825350.1227
2026-03-24,76.82220458984375,0.0,79.16999816894531,0.0,79.41000366210938,79.05999755859375,79.23999786376953,0.0,71941600,0.0014803399800681623,3627815792.062463
2026-03-25,77.06478118896484,0.0,79.41999816894531,0.0,79.58000183105469,79.3499984741211,79.44999694824219,0.0,49917700,0.0015850452823214644,3635360649.6288786
2026-03-26,76.57962036132812,0.0,78.91999816894531,0.0,79.33000183105469,78.80000305175781,79.25,0.0,74979300,0.0015388620308030908,3664210484.7939143
2026-03-27,76.38554382324219,0.0,78.72000122070312,0.0,78.83999633789062,78.56999969482422,78.83999633789062,0.0,68174300,0.0015388620308030908,3685282389.020732
2026-03-30,76.4728775024414,0.0,78.80999755859375,0.0,79.0999984741211,78.76000213623047,79.0199966430664,0.0,55210700,0.0015388620308030908,3699836996.412477
2026-03-31,77.20063781738281,0.0,79.55999755859375,0.0,79.61000061035156,79.12000274658203,79.16000366210938,0.0,101521300,0.0015734640666757158,3745531543.8353643
2026-04-01,77.38980102539062,0.0,79.37000274658203,0.384,79.45999908447266,79.23999786376953,79.3499984741211,0.0,69789200,0.0016415257797681535,3754072259.7439113
2026-04-02,77.5750503540039,0.0,79.55999755859375,0.0,79.62999725341797,79.08000183105469,79.08000183105469,0.0,53828200,0.001641530087446729,3750766248.77346
2026-04-06,77.7115707397461,0.0,79.69999694824219,0.0,79.70999908447266,79.5,79.51000213623047,0.0,37098300,0.001641530087446729,3752812343.294156
2026-04-07,77.73107147216797,0.0,79.72000122070312,0.0,79.73999786376953,79.31999969482422,79.66999816894531,0.0,47264100,0.0015813202449757265,3760190648.9312124
2026-04-08,78.18934631347656,0.0,80.19000244140625,0.0,80.5199966430664,80.02999877929688,80.47000122070312,0.0,58556400,0.0015813202449757265,3778535670.002353
2026-04-09,78.27709197998047,0.0,80.27999877929688,0.0,80.38999938964844,80.0,80.1500015258789,0.0,45207500,0.0017413229350601096,3789600483.230203
2026-04-10,77.965087890625,0.0,79.95999908447266,0.0,80.33999633789062,79.94999694824219,80.33999633789062,0.0,33005600,0.0019092668358902704,3788186560.7102046
2026-04-13,78.25759887695312,0.0,80.26000213623047,0.0,80.2699966430664,79.87999725341797,79.87999725341797,0.0,38561400,0.0019318478825540958,3770888590.4917035
2026-04-14,78.49160766601562,0.0,80.5,0.0,80.55999755859375,80.29000091552734,80.33999633789062,0.0,42038000,0.0018683665407612214,3744547473.6334543
2026-04-15,78.45259857177734,0.0,80.45999908447266,0.0,80.48999786376953,80.3499984741211,80.44999694824219,0.0,47834900,0.0017936248489395022,3754708466.0750318
2026-04-16,78.34534454345703,0.0,80.3499984741211,0.0,80.52999877929688,80.26000213623047,80.52999877929688,0.0,37743400,0.0017414731349053862,3737957590.042828
2026-04-17,78.63786315917969,0.0,80.6500015258789,0.0,80.76000213623047,80.55999755859375,80.5999984741211,0.0,61651600,0.0017559732003540208,3739070159.023551
2026-04-20,78.56961059570312,0.0,80.58000183105469,0.0,80.66999816894531,80.5,80.62999725341797,0.0,21104400,0.0013592643846267029,3704180925.5067005
2026-04-21,78.36485290527344,0.0,80.37000274658203,0.0,80.58000183105469,80.30999755859375,80.55000305175781,0.0,58623500,0.0010815824028089463,3696701583.812344
2026-04-22,78.49160766601562,0.0,80.5,0.0,80.56999969482422,80.41999816894531,80.5,0.0,28004500,0.0011015440406334227,3686502119.893271
2026-04-23,78.36485290527344,0.0,80.37000274658203,0.0,80.55000305175781,80.16000366210938,80.45999908447266,0.0,49921700,0.001008575355629101,3689234193.8066874
2026-04-24,78.47210693359375,0.0,80.4800033569336,0.0,80.52999877929688,80.30000305175781,80.44000244140625,0.0,33626300,0.001102734309568622,3678249127.7226343
2026-04-27,78.50135803222656,0.0,80.51000213623047,0.0,80.54000091552734,80.41999816894531,80.44000244140625,0.0,24643700,0.001131843770121622,3669633450.3613186
2026-04-28,78.39409637451172,0.0,80.4000015258789,0.0,80.43000030517578,80.33000183105469,80.3499984741211,0.0,36382400,0.0011711657950071732,3667169949.5235868
2026-04-29,78.1308364868164,0.0,80.12999725341797,0.0,80.33999633789062,79.9800033569336,80.31999969482422,0.0,56809400,0.0010848267680210726,3679755850.4007125
2026-04-30,78.37459564208984,0.0,80.37999725341797,0.0,80.41999816894531,80.16999816894531,80.18000030517578,0.0,51626100,0.001070861375196963,3692331121.7706647
2026-05-01,78.47163391113281,0.0,80.05999755859375,0.419,80.2300033569336,80.02999877929688,80.05999755859375,0.0,43740400,0.0011119123710027184,3686826778.3609486
2026-05-04,78.216796875,0.0,79.80000305175781,0.0,80.0199966430664,79.69000244140625,80.0199966430664,0.0,35069300,0.0011119123710027184,3683407510.7819996
2026-05-05,78.33440399169922,0.0,79.91999816894531,0.0,80.0199966430664,79.88999938964844,79.88999938964844,0.0,26357900,0.0010741045377166162,3671240205.2444763
2026-05-06,78.56964874267578,0.0,80.16000366210938,0.0,80.23999786376953,80.08000183105469,80.08999633789062,0.0,38323100,0.0010984973632092866,3660884060.4482684
2026-05-07,78.27560424804688,0.0,79.86000061035156,0.0,80.23999786376953,79.86000061035156,80.22000122070312,0.0,44772900,0.0009870866416391978,3657643647.7140093
2026-05-08,78.550048828125,0.0,80.13999938964844,0.0,80.1500015258789,80.0,80.01000213623047,0.0,29715200,0.0008622909131408088,3649625846.2612576
2026-05-11,78.39321899414062,0.0,79.9800033569336,0.0,80.1500015258789,79.9800033569336,80.08000183105469,0.0,34366600,0.0008098438555508885,3641738394.608525
2026-05-12,78.28541564941406,0.0,79.87000274658203,0.0,79.88999938964844,79.69999694824219,79.81999969482422,0.0,37418900,0.0008098438555508885,3635344397.8250837
2026-05-13,78.32461547851562,0.0,79.91000366210938,0.0,79.94999694824219,79.79000091552734,79.83999633789062,0.0,33257100,0.0007586114963404067,3623252603.7135477
2026-05-14,78.26580047607422,0.0,79.8499984741211,0.0,80.05000305175781,79.8499984741211,79.97000122070312,0.0,27235600,0.0007073840774018693,3629625173.6971602
2026-05-15,77.88353729248047,0.0,79.45999908447266,0.0,79.69000244140625,79.45999908447266,79.63999938964844,0.0,54466000,0.0006383769524067878,3635875459.6241484
2026-05-18,77.96195220947266,0.0,79.54000091552734,0.0,79.69999694824219,79.44000244140625,79.62999725341797,0.0,38596100,0.0007668167992123406,3626103267.028954
2026-05-19,77.77571868896484,0.0,79.3499984741211,0.0,79.44999694824219,79.2300033569336,79.41000366210938,0.0,42904700,0.0007668167992123406,3627112950.042149
2026-05-20,78.27560424804688,0.0,79.86000061035156,0.0,79.87000274658203,79.4000015258789,79.5,0.0,58906300,0.0007084923029345402,3637145136.020376
2026-05-21,78.31481170654297,0.0,79.9000015258789,0.0,79.98999786376953,79.6500015258789,79.75,0.0,37584600,0.0006967556856855601,3632940871.8412795
2026-05-22,78.32461547851562,0.0,79.91000366210938,0.0,80.0199966430664,79.83999633789062,80.01000213623047,0.0,22429400,0.0006247713428016073,3625849593.031808
2026-05-26,78.58924865722656,0.0,80.18000030517578,0.0,80.19000244140625,80.04000091552734,80.13999938964844,0.0,30406100,0.0006172409275445706,3603577514.358636
2026-05-27,78.54024505615234,0.0,80.12999725341797,0.0,80.20999908447266,80.08000183105469,80.16999816894531,0.0,22523800,0.0006208375301506444,3578142856.675599
2026-05-28,78.63825988769531,0.0,80.2300033569336,0.0,80.2699966430664,80.04000091552734,80.08000183105469,0.0,32001600,0.0006723476841067646,3573597676.732115
2026-05-29,78.7166748046875,0.0,80.30999755859375,0.0,80.36000061035156,80.20999908447266,80.26000213623047,0.0,39142200,0.0006147882896937466,3562267115.2653527
2026-06-01,78.65657043457031,0.0,79.83999633789062,0.409,79.87999725341797,79.63999938964844,79.79000091552734,0.0,32671000,0.0005092802582053755,3565330500.53631
2026-06-02,78.71569061279297,0.0,79.9000015258789,0.0,79.9000015258789,79.79000091552734,79.83999633789062,0.0,25237500,0.0005153150692964459,3562416816.8805985
2026-06-03,78.49894714355469,0.0,79.68000030517578,0.0,79.77999877929688,79.62999725341797,79.75,0.0,28203400,0.0005324443103392948,3551337322.51028
2026-06-04,78.646728515625,0.0,79.83000183105469,0.0,79.8499984741211,79.75,79.75,0.0,22697900,0.0005538778772294831,3540864964.4140635
2026-06-05,78.25265502929688,0.0,79.43000030517578,0.0,79.72000122070312,79.3499984741211,79.69999694824219,0.0,46035600,0.0005052859087151887,3547459539.4740086
2026-06-08,78.36101531982422,0.0,79.54000091552734,0.0,79.6500015258789,79.4800033569336,79.5999984741211,0.0,25217800,0.0005185998007549798,3541090879.0381966
2026-06-09,78.4398422241211,0.0,79.62000274658203,0.0,79.79000091552734,79.41999816894531,79.62000274658203,0.0,34705500,0.0004895478499387788,3543483283.048684
2026-06-10,78.29206848144531,0.0,79.47000122070312,0.0,79.63999938964844,79.44999694824219,79.55999755859375,0.0,30345200,0.0005592993009602271,3535030350.583019
2026-06-11,78.75509643554688,0.0,79.94000244140625,0.0,79.97000122070312,79.5199966430664,79.56999969482422,0.0,55089500,0.0005873864624197788,3550467602.523283
2026-06-12,78.75509643554688,0.0,79.94000244140625,0.0,80.0,79.80000305175781,79.94000244140625,0.0,29873300,0.000606118581750773,3535429312.5537634
2026-06-15,78.85360717773438,0.0,80.04000091552734,0.0,80.16999816894531,80.02999877929688,80.13999938964844,0.0,32019600,0.000606118581750773,3527231402.640564
2026-06-16,78.84375762939453,0.0,80.02999877929688,0.0,80.11000061035156,79.95999908447266,80.02999877929688,0.0,24471900,0.00047394649941378506,3513637953.942411
2026-06-17,78.5482177734375,0.0,79.7300033569336,0.0,80.06999969482422,79.70999908447266,79.98999786376953,0.0,47184800,0.00047394649941378506,3524952844.805157
2026-06-18,78.82405853271484,0.0,80.01000213623047,0.0,80.06999969482422,79.91999816894531,80.02999877929688,0.0,41111700,0.0005193689825415746,3533193224.349776
2026-06-22,78.75509643554688,0.0,79.94000244140625,0.0,79.9800033569336,79.87000274658203,79.94000244140625,0.0,26479500,0.0005435510345339118,3526336681.1194468
2026-06-23,78.6861343383789,0.0,79.87000274658203,0.0,79.97000122070312,79.81999969482422,79.83000183105469,0.0,29811300,0.0005606502973091161,3511459680.2241006
2026-06-24,78.66642761230469,0.0,79.8499984741211,0.0,79.98999786376953,79.83999633789062,79.94000244140625,0.0,38841000,0.0006027251875779015,3514126354.6822686
2026-06-25,78.69598388671875,0.0,79.87999725341797,0.0,79.9800033569336,79.81999969482422,79.91999816894531,0.0,29322400,0.0006343088358879117,3508967335.1831403
2026-06-26,78.646728515625,0.0,79.83000183105469,0.0,79.94999694824219,79.80999755859375,79.81999969482422,0.0,27647500,0.000647175562684945,3510934228.402377
2026-06-29,78.82405853271484,0.0,80.01000213623047,0.0,80.02999877929688,79.8499984741211,79.94999694824219,0.0,37325700,0.0006895396436901357,3527894608.5862303
2026-06-30,78.7846450805664,0.0,79.97000122070312,0.0,80.05000305175781,79.91999816894531,80.0,0.0,38103900,0.0007227852706419612,3545091300.698774
2026-07-01,78.77375793457031,0.0,79.58999633789062,0.369,79.66000366210938,79.51000213623047,79.55999755859375,0.0,38152300,0.0007167504595508908,3555104455.27609
2026-07-02,78.89252471923828,0.0,79.70999908447266,0.0,79.79000091552734,79.66999816894531,79.7300033569336,0.0,26111800,0.0006623198522001522,3558718196.6692543
2026-07-06,79.05089569091797,0.0,79.87000274658203,0.0,79.91000366210938,79.7300033569336,79.7300033569336,0.0,25159400,0.0006164934598172935,3563495303.193459
2026-07-07,78.94202423095703,0.0,79.76000213623047,0.0,79.87999725341797,79.72000122070312,79.8499984741211,0.0,28558300,0.0006933807714473538,3563388286.6062765
2026-07-08,78.84304809570312,0.0,79.66000366210938,0.0,79.68000030517578,79.54000091552734,79.61000061035156,0.0,30771300,0.0006369187070757908,3558088686.293617
2026-07-09,78.93212127685547,0.0,79.75,0.0,79.86000061035156,79.66999816894531,79.7300033569336,0.0,21882200,0.0005804792524695071,3551571512.0999413
2026-07-10,78.89252471923828,0.0,79.70999908447266,0.0,79.83000183105469,79.62000274658203,79.77999877929688,0.0,24550300,0.0005761066339765953,3549756500.1058426
2026-07-13,78.70448303222656,0.0,79.5199966430664,0.0,79.69000244140625,79.45999908447266,79.66999816894531,0.0,32133300,0.0005480194725170438,3548505563.1241145
2026-07-14,78.86283874511719,0.0,79.68000030517578,0.0,79.69000244140625,79.56999969482422,79.68000030517578,0.0,28248700,0.0005739155352259792,3545895017.287772
2026-07-15,78.99150085449219,0.0,79.80999755859375,0.0,79.83999633789062,79.70999908447266,79.70999908447266,0.0,26948800,0.0005739155352259792,3547539086.3056245
2026-07-16,78.98160552978516,0.0,79.80000305175781,0.0,79.83999633789062,79.7300033569336,79.76000213623047,0.0,22780300,0.0006348664063218437,3544210231.450423
2026-07-17,78.83314514160156,0.0,79.6500015258789,0.0,79.83999633789062,79.62999725341797,79.75,0.0,42020100,0.0006757874644898817,3543120288.8294344
2026-07-20,78.86283874511719,0.0,79.68000030517578,0.0,79.7699966430664,79.66999816894531,79.73999786376953,0.0,19767900,0.0006645978165534899,3536060648.7833176
2026-07-21,78.83314514160156,0.0,79.6500015258789,0.0,79.73999786376953,79.5999984741211,79.72000122070312,0.0,27198800,0.0006435103922259338,3519488366.1375985
2026-07-22,78.70448303222656,0.0,79.5199966430664,0.0,79.6500015258789,79.4800033569336,79.61000061035156,0.0,24851700,0.0006042365183951614,3510360748.794259
2026-07-23,78.4174575805664,0.0,79.2300033569336,0.0,79.37000274658203,79.1500015258789,79.27999877929688,0.0,52554200,0.0005405825828304127,3516352201.230767
2026-07-24,78.4174575805664,0.0,79.2300033569336,0.0,79.30999755859375,79.16000366210938,79.25,0.0,41964600,0.0005365840307202724,3520040532.5491834
2026-07-27,78.45703887939453,0.0,79.2699966430664,0.0,79.4000015258789,79.23999786376953,79.33999633789062,0.0,28939800,0.0004722071499671188,3513544396.852869
2026-07-28,78.60550689697266,0.0,79.41999816894531,0.0,79.41999816894531,79.25,79.31999969482422,0.0,33698300,0.0005111880966903077,3517371591.0278563
2026-07-29,78.42735290527344,0.0,79.23999786376953,0.0,79.4800033569336,79.13999938964844,79.37000274658203,0.0,53074500,0.0005389847462599218,3535957609.7077327
2026-07-30,78.65499114990234,0.0,79.47000122070312,0.0,79.5,79.33000183105469,79.37999725341797,0.0,30570700,0.0006000416051260471,3532368212.610608
2026-07-31,78.6648941040039,0.0,79.4800033569336,0.0,79.54000091552734,79.23999786376953,79.45999908447266,0.0,38659800,0.0006681454333909402,3532187303.34403
2026-08-03,78.87772369384766,0.0,79.30999755859375,0.384,79.33000183105469,79.1500015258789,79.25,0.0,30860100,0.0007439515735010594,3513081307.560542
2026-08-04,79.11642456054688,0.0,79.55000305175781,0.0,79.5999984741211,79.37000274658203,79.37000274658203,0.0,46524700,0.0006670642618709993,3514960341.9412036
2026-08-05,79.08657836914062,0.0,79.5199966430664,0.0,79.55999755859375,79.44000244140625,79.55000305175781,0.0,25771800,0.0007117283216210321,3499595334.3635554
2026-08-06,79.02690887451172,0.0,79.45999908447266,0.0,79.51000213623047,79.41000366210938,79.51000213623047,0.0,25818200,0.0007363372374215087,3488473174.067749
2026-08-07,79.17609405517578,0.0,79.61000061035156,0.0,79.69000244140625,79.56999969482422,79.66999816894531,0.0,23459400,0.000670958404892972,3455006691.6435246
2026-08-10,79.04680633544922,0.0,79.4800033569336,0.0,79.56999969482422,79.41000366210938,79.56999969482422,0.0,30292400,0.000670958404892972,3447873566.838619
2026-08-11,79.0766372680664,0.0,79.51000213623047,0.0,79.56999969482422,79.48999786376953,79.55000305175781,0.0,17988300,0.0006549903530874073,3437571013.546274
2026-08-12,79.17609405517578,0.0,79.61000061035156,0.0,79.66000366210938,79.58999633789062,79.63999938964844,0.0,25243300,0.0006797199198045961,3429213132.1427054
2026-08-13,79.35511016845703,0.0,79.79000091552734,0.0,79.86000061035156,79.68000030517578,79.73999786376953,0.0,28659200,0.0006187690487087316,3429866287.1847787
2026-08-14,79.27554321289062,0.0,79.70999908447266,0.0,79.81999969482422,79.66000366210938,79.80000305175781,0.0,26611000,0.0006396597271640982,3415630745.210757
2026-08-17,79.17609405517578,0.0,79.61000061035156,0.0,79.70999908447266,79.58999633789062,79.66999816894531,0.0,22620500,0.0006054268919727004,3406429995.485935
2026-08-18,79.09652709960938,0.0,79.52999877929688,0.0,79.58000183105469,79.47000122070312,79.55999755859375,0.0,29462900,0.0006023322643079193,3402142075.3918786
2026-08-19,79.27554321289062,0.0,79.70999908447266,0.0,79.73999786376953,79.63999938964844,79.69000244140625,0.0,29670000,0.0006023322643079193,3399115562.1183305
2026-08-20,79.12635803222656,0.0,79.55999755859375,0.0,79.62999725341797,79.4800033569336,79.55000305175781,0.0,41762500,0.0006027484327797376,3406515444.5464544
2026-08-21,79.17609405517578,0.0,79.61000061035156,0.0,79.66000366210938,79.55000305175781,79.66000366210938,0.0,37545400,0.0005413470449545446,3405834853.4108663
2026-08-24,79.26559448242188,0.0,79.69999694824219,0.0,79.70999908447266,79.58000183105469,79.62000274658203,0.0,20714600,0.0005569603591619546,3397329964.873705
2026-08-25,79.4843978881836,0.0,79.91999816894531,0.0,79.94000244140625,79.76000213623047,79.83000183105469,0.0,29540300,0.0004756153314335751,3380805640.565279
2026-08-26,79.46451568603516,0.0,79.9000015258789,0.0,79.91000366210938,79.77999877929688,79.86000061035156,0.0,28585000,0.00047811671300094767,3380032717.1803727
2026-08-27,79.43467712402344,0.0,79.87000274658203,0.0,79.97000122070312,79.81999969482422,79.93000030517578,0.0,32490100,0.00042990517507032224,3365635438.6045666
2026-08-28,79.30538177490234,0.0,79.73999786376953,0.0,79.94999694824219,79.66000366210938,79.9000015258789,0.0,35134500,0.00038669053627643274,3347862905.89593
2026-08-31,79.375,0.0,79.80999755859375,0.0,79.80999755859375,79.62999725341797,79.70999908447266,0.0,36481400,0.0003431878967758214,3323613770.7821617
2026-09-01,79.0999984741211,0.0,79.0999984741211,0.435,79.30000305175781,79.05999755859375,79.2699966430664,0.0,48867800,0.0004340101340153604,3279178241.9328656
2026-09-02,79.11000061035156,0.0,79.11000061035156,0.0,79.2300033569336,79.0999984741211,79.13999938964844,0.0,34409100,0.00043959431869682074,3263329814.8887515
2026-09-03,79.20999908447266,0.0,79.20999908447266,0.0,79.30000305175781,79.16999816894531,79.20999908447266,0.0,23037600,0.0004818400105480727,3227069027.9737926
2026-09-04,79.16000366210938,0.0,79.16000366210938,0.0,79.23999786376953,79.1500015258789,79.19999694824219,0.0,25350900,0.000494212293479973,3191054647.5955057
2026-09-08,79.12000274658203,0.0,79.12000274658203,0.0,79.23999786376953,79.0999984741211,79.19000244140625,0.0,27470400,0.0005344887117139212,3151870362.959435
2026-09-09,78.9800033569336,0.0,78.9800033569336,0.0,79.11000061035156,78.9800033569336,79.08999633789062,0.0,31651700,0.0005058285814795562,3128832135.3916173
2026-09-10,78.62000274658203,0.0,78.62000274658203,0.0,78.81999969482422,78.61000061035156,78.79000091552734,0.0,53424500,0.00048109901476236746,3124149214.6783133
2026-09-11,78.5999984741211,0.0,78.5999984741211,0.0,78.86000061035156,78.5999984741211,78.77999877929688,0.0,38955300,0.0005949248891671732,3105201444.2048817
2026-09-14,78.52999877929688,0.0,78.52999877929688,0.0,78.63999938964844,78.41000366210938,78.55000305175781,0.0,44071500,0.0005331131525437686,3089515931.2740393
2026-09-15,78.37999725341797,0.0,78.37999725341797,0.0,78.51000213623047,78.37999725341797,78.51000213623047,0.0,42245600,0.0005703504469333178,3079515984.9847827
2026-09-16,78.41999816894531,0.0,78.41999816894531,0.0,78.70999908447266,78.36000061035156,78.5,0.0,48625900,0.0006063428169500043,3079396405.525038
2026-09-17,78.72000122070312,0.0,78.72000122070312,0.0,78.75,78.66000366210938,78.7300033569336,0.0,45356000,0.0006238731762682895,3076047528.0539436
2026-09-18,78.52999877929688,0.0,78.52999877929688,0.0,78.6500015258789,78.4800033569336,78.61000061035156,0.0,34871100,0.0006234570077964713,3032041597.924108
2026-09-21,78.68000030517578,0.0,78.68000030517578,0.0,78.75,78.62000274658203,78.66999816894531,0.0,44495800,0.0006665858353613054,2991501576.8234677
2026-09-23,78.0999984741211,0.0,78.0999984741211,0.0,78.58999633789062,78.06999969482422,78.55000305175781,0.0,66552837,0.0006509725211538954,2982936188.912664
