Date,Adj Close,Capital Gains,Close,Dividends,High,Low,Open,Stock Splits,Volume
1999-03-10,43.02704620361328,0.0,51.0625,0.0,51.15625,50.28125,51.125,0.0,5232000
1999-03-11,43.23771286010742,0.0,51.3125,0.0,51.734375,50.3125,51.4375,0.0,9688600
1999-03-12,42.18441009521485,0.0,50.0625,0.0,51.15625,49.65625,51.125,0.0,8743600
1999-03-15,43.395729064941406,0.0,51.5,0.0,51.5625,49.90625,50.4375,0.0,6369000
1999-03-16,43.76437759399414,0.0,51.9375,0.0,52.15625,51.15625,51.71875,0.0,4905800
1999-03-17,43.44837951660156,0.0,51.5625,0.0,52.0,51.40625,51.9375,0.0,3965000
1999-03-18,44.29098892211914,0.0,52.5625,0.0,52.59375,51.484375,51.5,0.0,4848400
1999-03-19,43.15870666503906,0.0,51.21875,0.0,53.25,51.1875,53.25,0.0,7160400
1999-03-22,42.63206100463867,0.0,50.59375,0.0,51.5625,50.5,51.4375,0.0,5024800
1999-03-23,41.1311149597168,0.0,48.8125,0.0,50.5,48.71875,50.3125,0.0,10962400
1999-03-24,42.52675247192383,0.0,50.46875,0.0,50.5,48.5,49.25,0.0,8447000
1999-03-25,44.08034133911133,0.0,52.3125,0.0,52.3125,50.9140625,51.25,0.0,8133800
1999-03-26,43.60636138916016,0.0,51.75,0.0,52.46875,51.53125,51.875,0.0,8256200
1999-03-29,45.18630599975586,0.0,53.625,0.0,53.65625,52.0625,52.375,0.0,5113800
1999-03-30,44.87031936645508,0.0,53.25,0.0,54.0,53.03125,53.5625,0.0,4940600
1999-03-31,44.21201705932617,0.0,52.46875,0.0,54.1875,52.3125,54.125,0.0,8256600
1999-04-01,45.133636474609375,0.0,53.5625,0.0,54.0625,52.6875,54.0,0.0,8715800
1999-04-05,46.766239166259766,0.0,55.5,0.0,55.578125,54.09375,54.4296875,0.0,5697200
1999-04-06,46.85841751098633,0.0,55.609375,0.0,56.21875,54.96875,55.4375,0.0,7522400
1999-04-07,46.37126541137695,0.0,55.03125,0.0,56.25,53.84375,56.125,0.0,11923600
1999-04-08,46.73992538452149,0.0,55.46875,0.0,55.734375,53.8125,54.9375,0.0,7952400
1999-04-09,47.02956771850586,0.0,55.8125,0.0,55.9375,55.21875,55.375,0.0,4946800
1999-04-12,46.71357727050781,0.0,55.4375,0.0,55.8125,54.4375,54.5,0.0,10934000
1999-04-13,46.08160018920898,0.0,54.6875,0.0,55.90625,54.25,55.78125,0.0,9962200
1999-04-14,44.50167465209961,0.0,52.8125,0.0,55.4375,52.5078125,55.375,0.0,21253800
1999-04-15,45.10731887817383,0.0,53.53125,0.0,53.6171875,51.125,53.0,0.0,17650600
1999-04-16,43.79067611694336,0.0,51.96875,0.0,53.40625,51.6875,53.40625,0.0,17274000
1999-04-19,41.73676681518555,0.0,49.53125,0.0,52.75,49.0078125,52.3125,0.0,19460600
1999-04-20,42.68472671508789,0.0,50.65625,0.0,51.0625,48.84375,49.3125,0.0,17413600
1999-04-21,44.79130935668945,0.0,53.15625,0.0,53.1875,50.4375,51.125,0.0,10940400
1999-04-22,46.00261306762695,0.0,54.59375,0.0,54.75,53.3046875,53.65625,0.0,13630600
1999-04-23,46.6082763671875,0.0,55.3125,0.0,55.71875,53.75,54.3125,0.0,7064400
1999-04-26,47.6812858581543,0.0,56.5859375,0.0,57.0,55.5078125,55.6875,0.0,5421000
1999-04-27,46.95058059692383,0.0,55.71875,0.0,57.28125,55.0078125,57.0,0.0,16482800
1999-04-28,45.34429550170898,0.0,53.8125,0.0,55.4375,53.5703125,55.25,0.0,7676800
1999-04-29,44.97562789916992,0.0,53.375,0.0,53.875,52.25,53.5625,0.0,19148200
1999-04-30,45.26530075073242,0.0,53.71875,0.0,54.40625,51.8125,54.125,0.0,15295200
1999-05-03,45.0283088684082,0.0,53.4375,0.0,53.78125,52.5390625,53.5625,0.0,11109800
1999-05-04,44.31734848022461,0.0,52.59375,0.0,54.375,52.28125,53.53125,0.0,15428400
1999-05-05,45.66029739379883,0.0,54.1875,0.0,54.1875,51.03125,52.625,0.0,12642600
1999-05-06,44.0013542175293,0.0,52.21875,0.0,54.15625,51.71875,53.6875,0.0,15173400
1999-05-07,44.6333236694336,0.0,52.96875,0.0,53.125,51.5625,52.6875,0.0,16430400
1999-05-10,45.08100128173828,0.0,53.5,0.0,53.859375,52.6875,53.3125,0.0,10604200
1999-05-11,45.79196166992188,0.0,54.34375,0.0,54.625,53.625,53.9375,0.0,8800800
1999-05-12,46.73992538452149,0.0,55.46875,0.0,55.65625,53.0,54.59375,0.0,12507400
1999-05-13,45.87095260620117,0.0,54.4375,0.0,56.0,54.1875,55.90625,0.0,9864000
1999-05-14,45.00196838378906,0.0,53.40625,0.0,54.0,53.0,53.375,0.0,12205400
1999-05-17,45.81170272827149,0.0,54.3671875,0.0,54.53125,52.4140625,52.9375,0.0,9906800
1999-05-18,45.60763931274414,0.0,54.125,0.0,54.625,53.5,54.3125,0.0,9267800
1999-05-19,46.23960113525391,0.0,54.875,0.0,54.90625,53.5,54.34375,0.0,7985600
1999-05-20,44.96906280517578,0.0,53.3671875,0.0,54.9921875,53.28125,54.9921875,0.0,5997200
1999-05-21,44.55432891845703,0.0,52.875,0.0,53.6875,52.59375,53.53125,0.0,10958600
1999-05-24,43.42202758789063,0.0,51.53125,0.0,53.0625,51.1875,52.96875,0.0,9569800
1999-05-25,42.000099182128906,0.0,49.84375,0.0,52.21875,49.625,51.46875,0.0,17771200
1999-05-26,43.17188262939453,0.0,51.234375,0.0,51.4375,48.9375,50.5,0.0,26772000
1999-05-27,43.13237762451172,0.0,51.1875,0.0,51.9296875,50.375,51.03125,0.0,23334800
1999-05-28,43.843360900878906,0.0,52.03125,0.0,52.3125,50.84375,51.5,0.0,12969800
1999-06-01,42.86905670166016,0.0,50.875,0.0,52.1875,50.59375,51.9375,0.0,6960200
1999-06-02,43.59319686889648,0.0,51.734375,0.0,52.0,49.5703125,50.84375,0.0,11996600
1999-06-03,42.9743766784668,0.0,51.0,0.0,52.125,50.6875,52.125,0.0,11147800
1999-06-04,44.29098892211914,0.0,52.5625,0.0,52.7421875,51.375,51.375,0.0,12987200
1999-06-07,45.212650299072266,0.0,53.65625,0.0,53.9921875,52.8125,52.9296875,0.0,11491800
1999-06-08,44.08034133911133,0.0,52.3125,0.0,54.03125,52.0390625,53.78125,0.0,8134800
1999-06-09,44.81765365600586,0.0,53.1875,0.0,53.3359375,52.46875,52.5,0.0,8384400
1999-06-10,44.30418014526367,0.0,52.578125,0.0,52.9375,51.9453125,52.625,0.0,9392400
1999-06-11,43.632694244384766,0.0,51.78125,0.0,52.9921875,51.3125,52.9375,0.0,16567600
1999-06-14,42.80981063842773,0.0,50.8046875,0.0,51.96875,50.6875,51.96875,0.0,14136800
1999-06-15,43.44837951660156,0.0,51.5625,0.0,51.8671875,50.78125,50.9296875,0.0,9147800
1999-06-16,45.68003082275391,0.0,54.2109375,0.0,54.2109375,52.78125,52.84375,0.0,15060200
1999-06-17,46.18693923950195,0.0,54.8125,0.0,55.0625,53.5,53.5,0.0,16278200
1999-06-18,46.397586822509766,0.0,55.0625,0.0,55.21875,54.21875,54.3125,0.0,5392800
1999-06-21,47.78662872314453,0.0,56.7109375,0.0,56.7421875,55.34375,55.4375,0.0,10565200
1999-06-22,46.34492111206055,0.0,55.0,0.0,57.09375,55.0,56.375,0.0,10862800
1999-06-23,47.07565689086914,0.0,55.8671875,0.0,56.0,54.65625,55.0078125,0.0,9607000
1999-06-24,46.14085388183594,0.0,54.7578125,0.0,55.875,54.5,55.84375,0.0,14988800
1999-06-25,46.08160018920898,0.0,54.6875,0.0,55.5625,54.1875,55.125,0.0,8635600
1999-06-28,47.17440414428711,0.0,55.984375,0.0,56.0625,54.703125,55.15625,0.0,7666200
1999-06-29,47.81954574584961,0.0,56.75,0.0,56.96875,55.65625,55.9375,0.0,9000400
1999-06-30,48.55685043334961,0.0,57.625,0.0,59.9375,56.1328125,56.8046875,0.0,19467600
1999-07-01,48.886009216308594,0.0,58.015625,0.0,58.34375,56.8125,57.8125,0.0,6822600
1999-07-02,49.50480651855469,0.0,58.75,0.0,58.8125,58.0,58.0,0.0,3302000
1999-07-06,49.18882369995117,0.0,58.375,0.0,59.65625,58.0625,59.0625,0.0,8794800
1999-07-07,49.26780700683594,0.0,58.46875,0.0,58.71875,57.9375,58.34375,0.0,10520000
1999-07-08,49.92614364624024,0.0,59.25,0.0,59.4921875,58.1875,58.46875,0.0,11225000
1999-07-09,50.426414489746094,0.0,59.84375,0.0,59.90625,59.03125,59.46875,0.0,4206800
1999-07-12,50.16312026977539,0.0,59.53125,0.0,60.375,59.1875,60.0625,0.0,7816200
1999-07-13,49.92614364624024,0.0,59.25,0.0,59.46875,58.78125,59.25,0.0,6230000
1999-07-14,50.77536010742188,0.0,60.2578125,0.0,60.375,59.0,59.84375,0.0,6909400
1999-07-15,51.24274444580078,0.0,60.8125,0.0,60.8125,60.1328125,60.46875,0.0,6539800
1999-07-16,51.71672439575195,0.0,61.375,0.0,61.71875,60.8203125,60.84375,0.0,4913800
1999-07-19,51.19007873535156,0.0,60.75,0.0,61.625,60.5078125,61.625,0.0,6833000
1999-07-20,49.21516036987305,0.0,58.40625,0.0,60.09375,58.25,60.0078125,0.0,14837400
1999-07-21,49.45215225219727,0.0,58.6875,0.0,59.1953125,58.0625,58.53125,0.0,10980400
1999-07-22,48.19476318359375,0.0,57.1953125,0.0,58.6875,57.03125,58.6875,0.0,15148400
1999-07-23,48.267181396484375,0.0,57.28125,0.0,57.8671875,56.6875,57.625,0.0,12115000
1999-07-26,47.08224868774414,0.0,55.875,0.0,57.125,55.78125,56.5,0.0,10720000
1999-07-27,48.030216217041016,0.0,57.0,0.0,57.875,56.515625,57.0,0.0,13732800
1999-07-28,48.971588134765625,0.0,58.1171875,0.0,58.4375,56.9453125,57.6875,0.0,10161800
1999-07-29,47.92488479614258,0.0,56.875,0.0,57.5,56.3125,57.03125,0.0,13033800
1999-07-30,47.6878662109375,0.0,56.59375,0.0,57.75,56.5078125,57.125,0.0,10947400
1999-08-02,47.55622482299805,0.0,56.4375,0.0,57.8125,56.21875,56.6875,0.0,9642400
1999-08-03,47.246829986572266,0.0,56.0703125,0.0,57.21875,55.25,57.2109375,0.0,13005000
1999-08-04,46.39101409912109,0.0,55.0546875,0.0,56.4921875,55.0078125,56.0703125,0.0,13227600
1999-08-05,47.1283073425293,0.0,55.9296875,0.0,55.9296875,53.75,55.0625,0.0,18695200
1999-08-06,46.62141418457031,0.0,55.328125,0.0,56.5625,54.9375,55.53125,0.0,12392200
1999-08-09,46.02237701416016,0.0,54.6171875,0.0,55.6875,54.5078125,55.53125,0.0,7983400
1999-08-10,45.60763931274414,0.0,54.125,0.0,54.8671875,52.9375,54.46875,0.0,16767200
1999-08-11,47.10856628417969,0.0,55.90625,0.0,56.0,54.265625,55.09375,0.0,13101400
1999-08-12,46.55560302734375,0.0,55.25,0.0,56.5,55.125,56.125,0.0,12715000
1999-08-13,48.583194732666016,0.0,57.65625,0.0,57.71875,56.3125,56.40625,0.0,14342600
1999-08-16,48.971588134765625,0.0,58.1171875,0.0,58.3125,57.25,57.625,0.0,11470600
1999-08-17,49.21516036987305,0.0,58.40625,0.0,58.6875,57.34375,58.625,0.0,11408400
1999-08-18,48.66217803955078,0.0,57.75,0.0,58.84375,57.53125,58.125,0.0,7035200
1999-08-19,48.08286666870117,0.0,57.0625,0.0,57.625,56.6953125,57.21875,0.0,10157800
1999-08-20,48.84651947021485,0.0,57.96875,0.0,57.96875,56.8125,57.125,0.0,6920800
1999-08-23,50.40013122558594,0.0,59.8125,0.0,59.8125,58.3671875,58.5,0.0,9652000
1999-08-24,50.74245834350586,0.0,60.21875,0.0,60.875,59.2578125,59.375,0.0,13891400
1999-08-25,51.822059631347656,0.0,61.5,0.0,61.75,59.9375,60.59375,0.0,11352000
1999-08-26,50.95966339111328,0.0,60.4765625,0.0,61.71875,60.3828125,61.5,0.0,9753000
1999-08-27,50.45277404785156,0.0,59.875,0.0,60.9375,59.71875,60.9296875,0.0,9635400
1999-08-30,49.741798400878906,0.0,59.03125,0.0,60.3125,58.875,60.125,0.0,10141600
1999-08-31,50.29479598999024,0.0,59.6875,0.0,60.0625,58.125,59.4375,0.0,14590400
1999-09-01,50.65684509277344,0.0,60.1171875,0.0,60.625,59.6875,60.0625,0.0,10752000
1999-09-02,50.479103088378906,0.0,59.90625,0.0,60.21875,58.875,59.0,0.0,14583200
1999-09-03,52.79634094238281,0.0,62.65625,0.0,62.6796875,61.40625,61.625,0.0,14195400
1999-09-07,52.55939102172852,0.0,62.375,0.0,63.15625,62.28125,62.53125,0.0,9009000
1999-09-08,51.84839630126953,0.0,61.53125,0.0,62.625,61.03125,62.0,0.0,14303400
1999-09-09,52.5857048034668,0.0,62.40625,0.0,62.5625,61.25,61.5625,0.0,12677600
1999-09-10,53.19135284423828,0.0,63.125,0.0,63.7421875,62.53125,63.25,0.0,10251000
1999-09-13,52.55278396606445,0.0,62.3671875,0.0,63.1875,62.03125,63.0625,0.0,7240800
1999-09-14,52.84243774414063,0.0,62.7109375,0.0,63.1484375,62.0,62.125,0.0,10022600
1999-09-15,51.822059631347656,0.0,61.5,0.0,63.4921875,61.4375,63.4921875,0.0,16096000
1999-09-16,51.79573440551758,0.0,61.46875,0.0,62.03125,60.1953125,61.46875,0.0,15371000
1999-09-17,53.34934997558594,0.0,63.3125,0.0,63.4375,61.9375,62.03125,0.0,14506400
1999-09-20,53.47441101074219,0.0,63.4609375,0.0,63.75,63.03125,63.5,0.0,6187200
1999-09-21,52.19072723388672,0.0,61.9375,0.0,63.03125,61.7578125,62.90625,0.0,12265800
1999-09-22,52.743682861328125,0.0,62.59375,0.0,62.921875,61.28125,62.03125,0.0,12441800
1999-09-23,50.55810546875,0.0,60.0,0.0,63.375,59.6328125,63.25,0.0,19766000
1999-09-24,50.62393569946289,0.0,60.078125,0.0,60.3125,58.625,59.625,0.0,23570800
1999-09-27,50.97942733764648,0.0,60.5,0.0,61.375,60.3125,60.9375,0.0,12608800
1999-09-28,51.21641540527344,0.0,60.78125,0.0,61.0,58.90625,60.1953125,0.0,20622000
1999-09-29,50.18946075439453,0.0,59.5625,0.0,61.21875,59.5625,60.78125,0.0,15557000
1999-09-30,50.71610641479492,0.0,60.1875,0.0,60.8125,59.375,60.125,0.0,17604200
1999-10-01,50.73586654663086,0.0,60.2109375,0.0,60.2109375,58.75,59.375,0.0,19607400
1999-10-04,51.87473678588867,0.0,61.5625,0.0,61.78125,60.1875,60.53125,0.0,12434200
1999-10-05,52.24338150024414,0.0,62.0,0.0,62.75,60.6875,61.78125,0.0,19526400
1999-10-06,53.29009246826172,0.0,63.2421875,0.0,63.3359375,61.4296875,62.375,0.0,19098200
1999-10-07,53.165000915527344,0.0,63.09375,0.0,63.8984375,62.625,63.59375,0.0,22013600
1999-10-08,53.72457504272461,0.0,63.7578125,0.0,63.9375,62.0,62.84375,0.0,22523200
1999-10-11,54.48161315917969,0.0,64.65625,0.0,64.6875,63.78125,63.9375,0.0,13016000
1999-10-12,53.2440071105957,0.0,63.1875,0.0,64.953125,63.0,64.4375,0.0,20182800
1999-10-13,51.664039611816406,0.0,61.3125,0.0,63.21875,61.0625,62.46875,0.0,22570600
1999-10-14,51.98663330078125,0.0,61.6953125,0.0,62.125,60.53125,61.53125,0.0,22130400
1999-10-15,50.45277404785156,0.0,59.875,0.0,61.0,59.5078125,60.125,0.0,33703000
1999-10-18,49.8142204284668,0.0,59.1171875,0.0,60.15625,57.4140625,59.9375,0.0,24714800
1999-10-19,50.08409881591797,0.0,59.4375,0.0,60.0625,58.4375,59.7578125,0.0,26657200
1999-10-20,51.61138916015625,0.0,61.25,0.0,61.7421875,59.75,60.34375,0.0,22486400
1999-10-21,52.454044342041016,0.0,62.25,0.0,62.25,59.8125,60.25,0.0,22454800
1999-10-22,52.21703338623047,0.0,61.96875,0.0,63.25,61.75,62.6171875,0.0,16589400
1999-10-25,52.24338150024414,0.0,62.0,0.0,62.6796875,61.4375,61.6875,0.0,13855400
1999-10-26,51.822059631347656,0.0,61.5,0.0,63.09375,61.375,62.75,0.0,13542400
1999-10-27,51.74306488037109,0.0,61.40625,0.0,61.625,60.4453125,61.34375,0.0,15225200
1999-10-28,53.53366088867188,0.0,63.53125,0.0,63.75,61.8125,62.375,0.0,14103800
1999-10-29,55.40323638916016,0.0,65.75,0.0,66.25,64.78125,65.0,0.0,19000000
1999-11-01,55.11362838745117,0.0,65.40625,0.0,66.53125,65.3203125,65.75,0.0,9681800
1999-11-02,55.14651870727539,0.0,65.4453125,0.0,66.5625,65.1953125,65.75,0.0,12834800
1999-11-03,56.24589920043945,0.0,66.75,0.0,67.125,66.1875,66.375,0.0,18752600
1999-11-04,56.87787628173828,0.0,67.5,0.0,67.8125,66.78125,67.6796875,0.0,20048600
1999-11-05,57.45716857910156,0.0,68.1875,0.0,69.21875,68.1875,68.875,0.0,15134600
1999-11-08,58.61581802368164,0.0,69.5625,0.0,69.8046875,68.21875,68.4375,0.0,10890800
1999-11-09,58.22083282470703,0.0,69.09375,0.0,70.25,68.5,70.125,0.0,14629800
1999-11-10,58.98443603515625,0.0,70.0,0.0,70.59375,68.8125,69.125,0.0,16561000
1999-11-11,60.03773880004883,0.0,71.25,0.0,71.34375,70.125,70.75,0.0,18501400
1999-11-12,60.827728271484375,0.0,72.1875,0.0,72.25,69.375,71.625,0.0,28646600
1999-11-15,60.7092399597168,0.0,72.046875,0.0,72.5,71.6875,72.25,0.0,10909400
1999-11-16,62.24964141845703,0.0,73.875,0.0,74.21875,72.0,72.3125,0.0,19126400
1999-11-17,61.406986236572266,0.0,72.875,0.0,74.1953125,72.5,73.875,0.0,21683600
1999-11-18,63.28977966308594,0.0,75.109375,0.0,75.109375,72.9375,73.375,0.0,17738400
1999-11-19,63.85590362548828,0.0,75.78125,0.0,75.90625,74.5,74.78125,0.0,17939400
1999-11-22,62.88164520263672,0.0,74.625,0.0,77.5,74.625,75.9375,0.0,18841800
1999-11-23,63.1712760925293,0.0,74.96875,0.0,76.5,74.25,76.4375,0.0,24047600
1999-11-24,65.25157165527344,0.0,77.4375,0.0,77.7421875,74.40625,75.1875,0.0,18617800
1999-11-26,65.46223449707031,0.0,77.6875,0.0,78.78125,77.375,78.40625,0.0,8045200
1999-11-29,64.38258361816406,0.0,76.40625,0.0,78.1875,76.3125,77.53125,0.0,20485200
1999-11-30,61.9337043762207,0.0,73.5,0.0,76.6875,73.5,76.5625,0.0,23702400
1999-12-01,63.276634216308594,0.0,75.09375,0.0,75.46875,73.75,74.3125,0.0,23205800
1999-12-02,65.28446197509766,0.0,77.4765625,0.0,77.625,75.328125,75.375,0.0,17229200
1999-12-03,66.67350769042969,0.0,79.125,0.0,80.1875,78.90625,79.3125,0.0,21444600
1999-12-06,67.27910614013672,0.0,79.84375,0.0,80.5,78.6875,79.4296875,0.0,16018400
1999-12-07,67.27910614013672,0.0,79.84375,0.0,80.40625,78.8359375,80.09375,0.0,23397000
1999-12-08,66.46286010742188,0.0,78.875,0.0,80.4921875,78.6875,79.8671875,0.0,19563000
1999-12-09,66.77886962890625,0.0,79.25,0.0,80.4375,77.25,80.0,0.0,28445400
1999-12-10,67.33179473876953,0.0,79.90625,0.0,80.1875,78.125,79.90625,0.0,20428400
1999-12-13,68.24687957763672,0.0,80.9921875,0.0,81.3359375,79.28125,79.6328125,0.0,16209200
1999-12-14,67.01581573486328,0.0,79.53125,0.0,81.21875,79.0,80.75,0.0,27760200
1999-12-15,68.30610656738281,0.0,81.0625,0.0,81.0625,77.9375,78.625,0.0,31797200
1999-12-16,69.99139404296875,0.0,83.0625,0.0,83.25,81.75,82.125,0.0,27219600
1999-12-17,70.59698486328125,0.0,83.78125,0.0,84.875,83.4296875,84.5,0.0,23892400
1999-12-20,71.51866149902344,0.0,84.875,0.0,85.25,83.6875,84.40625,0.0,15392000
1999-12-21,75.36317443847656,0.0,89.4375,0.0,89.4375,84.640625,85.125,0.0,26003800
1999-12-22,75.1261978149414,0.0,89.15625,0.0,89.3125,87.4375,89.1875,0.0,22313600
1999-12-23,76.02151489257812,0.0,90.21875,0.0,90.75,89.0,89.8671875,0.0,17543600
1999-12-27,75.5738296508789,0.0,89.6875,0.0,90.34375,87.90625,90.3125,0.0,19281800
1999-12-28,75.09989166259766,0.0,89.125,0.0,90.5,88.5625,89.75,0.0,15346400
1999-12-29,77.9437484741211,0.0,92.5,0.0,92.5,89.875,90.0,0.0,16512600
1999-12-30,77.10110473632812,0.0,91.5,0.0,93.75,91.5,93.625,0.0,21887000
1999-12-31,76.99580383300781,0.0,91.375,0.0,93.1875,91.375,92.625,0.0,14464400
2000-01-03,79.83966064453125,0.0,94.75,0.0,96.1875,90.75,96.1875,0.0,36345200
2000-01-04,74.36254119873047,0.0,88.25,0.0,93.5,87.9375,92.0,0.0,33786600
2000-01-05,72.46659851074219,0.0,86.0,0.0,89.625,84.25,87.5,0.0,42496600
2000-01-06,67.48981475830078,0.0,80.09375,0.0,88.0,79.75,86.875,0.0,37134800
2000-01-07,75.83717346191406,0.0,90.0,0.0,90.0,82.5,82.9375,0.0,28138200
2000-01-10,77.9437484741211,0.0,92.5,0.0,93.9375,89.9375,91.0,0.0,29675600
2000-01-11,74.1518783569336,0.0,88.0,0.0,92.875,87.0,91.75,0.0,32546600
2000-01-12,72.51927185058594,0.0,86.0625,0.0,89.2421875,86.0,89.0,0.0,29050000
2000-01-13,76.89044952392578,0.0,91.25,0.0,91.5,87.078125,88.5,0.0,25165200
2000-01-14,78.68104553222656,0.0,93.375,0.0,93.625,92.0,93.0,0.0,21898600
2000-01-18,79.10237121582031,0.0,93.875,0.0,94.4375,91.4375,92.0625,0.0,16752400
2000-01-19,80.89297485351562,0.0,96.0,0.0,96.0,92.4296875,93.4921875,0.0,19006000
2000-01-20,80.10299682617188,0.0,95.0625,0.0,96.875,94.0078125,95.5,0.0,25958000
2000-01-21,81.1036605834961,0.0,96.25,0.0,96.5625,95.0625,96.5,0.0,18698200
2000-01-24,77.2064437866211,0.0,91.625,0.0,97.625,90.96875,97.4375,0.0,28340400
2000-01-25,78.36503601074219,0.0,93.0,0.0,94.1171875,89.40625,91.875,0.0,33276200
2000-01-26,75.2051773071289,0.0,89.25,0.0,93.3125,89.0,93.25,0.0,23095600
2000-01-27,76.31111907958984,0.0,90.5625,0.0,92.5,87.625,91.75,0.0,30739200
2000-01-28,72.46659851074219,0.0,86.0,0.0,90.46875,84.75,90.0,0.0,35313800
2000-01-31,75.5738296508789,0.0,89.6875,0.0,90.0,83.5,85.875,0.0,36014600
2000-02-01,77.60143280029297,0.0,92.09375,0.0,92.5,88.4375,89.53125,0.0,26417600
2000-02-02,78.25973510742188,0.0,92.875,0.0,94.71875,92.09375,92.25,0.0,26169200
2000-02-03,81.31426239013672,0.0,96.5,0.0,96.625,92.28125,94.3125,0.0,30579800
2000-02-04,81.86724090576172,0.0,97.15625,0.0,98.2421875,96.21875,97.0,0.0,26640000
2000-02-07,82.99955749511719,0.0,98.5,0.0,98.625,96.25,97.25,0.0,17761000
2000-02-08,86.47542572021484,0.0,102.625,0.0,102.875,99.375,99.375,0.0,21999400
2000-02-09,83.42086791992188,0.0,99.0,0.0,102.1953125,98.75,102.0625,0.0,27258200
2000-02-10,86.15946197509766,0.0,102.25,0.0,102.25,98.5546875,99.8125,0.0,26341600
2000-02-11,84.15818786621094,0.0,99.875,0.0,102.0625,98.0,102.0625,0.0,24876000
2000-02-14,84.0528335571289,0.0,99.75,0.0,100.0,97.75,99.9921875,0.0,22814600
2000-02-15,84.65850067138672,0.0,100.46875,0.0,100.625,95.875,98.9375,0.0,30572800
2000-02-16,84.26349639892578,0.0,100.0,0.0,101.6875,99.3125,99.90625,0.0,25310600
2000-02-17,86.05409240722656,0.0,102.125,0.0,103.25,99.625,101.1875,0.0,30080200
2000-02-18,82.94689178466797,0.0,98.4375,0.0,103.0,98.4375,102.625,0.0,25271200
2000-02-22,83.2102279663086,0.0,98.75,0.0,99.9375,96.25,99.0,0.0,37226200
2000-02-23,87.84474182128906,0.0,104.25,0.0,105.0,99.15625,99.6796875,0.0,32170800
2000-02-24,89.74063873291016,0.0,106.5,0.0,106.8046875,102.0,104.875,0.0,48868200
2000-02-25,87.68672180175781,0.0,104.0625,0.0,107.5,103.875,106.1875,0.0,32617600
2000-02-28,87.6340103149414,0.0,104.0,0.0,105.6875,100.5,103.25,0.0,38216200
2000-02-29,89.95125579833984,0.0,106.75,0.0,107.09375,104.9375,105.75,0.0,23978600
2000-03-01,90.68859100341795,0.0,107.625,0.0,108.5625,106.5,107.25,0.0,24468400
2000-03-02,88.58859252929688,0.0,105.1328125,0.0,108.1875,104.75,108.0625,0.0,32739200
2000-03-03,93.58514404296876,0.0,111.0625,0.0,111.125,107.0,108.0,0.0,32017200
2000-03-06,94.32251739501952,0.0,111.9375,0.0,113.21875,110.25,111.75,0.0,23268400
2000-03-07,92.90054321289062,0.0,110.25,0.0,113.875,108.75,113.8125,0.0,39471000
2000-03-08,93.74315643310548,0.0,111.25,0.0,112.0,106.28125,111.0,0.0,43512600
2000-03-09,96.90303802490234,0.0,115.0,0.0,115.5,109.09375,111.21875,0.0,30101400
2000-03-10,96.4817123413086,0.0,114.5,0.0,116.4375,113.5078125,114.875,0.0,29750600
2000-03-13,93.9538345336914,0.0,111.5,0.0,114.125,109.53125,110.0,0.0,37544200
2000-03-14,90.47797393798828,0.0,107.375,0.0,113.375,105.0,112.75,0.0,39106800
2000-03-15,86.68606567382812,0.0,102.875,0.0,107.0,101.875,106.5,0.0,51202600
2000-03-16,91.63656616210938,0.0,108.75,0.0,109.25,101.0,105.375,0.0,55282200
2000-03-17,93.3745346069336,0.0,110.8125,0.0,111.0625,107.9375,108.0,0.0,31422400
2000-03-20,90.7412567138672,0.0,107.6875,0.0,111.5,106.25,111.0,2.0,21167200
2000-03-21,94.16449737548828,0.0,111.75,0.0,111.9375,103.5625,106.125,0.0,33435100
2000-03-22,96.06043243408205,0.0,114.0,0.0,115.96875,111.125,113.5,0.0,24370200
2000-03-23,97.74568939208984,0.0,116.0,0.0,117.75,113.5625,114.484375,0.0,19227400
2000-03-24,99.06230926513672,0.0,117.5625,0.0,120.5,115.015625,117.484375,0.0,22063000
2000-03-27,99.22028350830078,0.0,117.75,0.0,119.5,117.125,118.0,0.0,11752600
2000-03-28,96.69241333007812,0.0,114.75,0.0,117.8125,113.125,116.984375,0.0,18336300
2000-03-29,92.6898422241211,0.0,110.0,0.0,115.4375,110.0,115.375,0.0,27189500
2000-03-30,90.37261199951172,0.0,107.25,0.0,112.75,103.5,107.25,0.0,42328700
2000-03-31,92.26852416992188,0.0,109.5,0.0,110.625,104.0,108.140625,0.0,31349900
2000-04-03,86.73873901367188,0.0,102.9375,0.0,109.125,100.75,107.765625,0.0,31551300
2000-04-04,85.89610290527344,0.0,101.9375,0.0,103.9375,88.3125,103.625,0.0,66213000
2000-04-05,84.36882019042969,0.0,100.125,0.0,103.9375,96.25,97.5,0.0,37631500
2000-04-06,86.37008666992188,0.0,102.5,0.0,103.875,99.75,102.375,0.0,30499900
2000-04-07,89.8459701538086,0.0,106.625,0.0,107.375,102.625,104.125,0.0,20645500
2000-04-10,84.36882019042969,0.0,100.125,0.0,107.6875,99.25,107.625,0.0,26988200
2000-04-11,82.3675765991211,0.0,97.75,0.0,101.5,95.0625,97.125,0.0,34497100
2000-04-12,77.52245330810547,0.0,92.0,0.0,98.75,90.25,97.625,0.0,34824400
2000-04-13,74.1518783569336,0.0,88.0,0.0,96.0,88.0,92.8125,0.0,46330500
2000-04-14,67.72679138183594,0.0,80.375,0.0,88.5,78.0,86.0625,0.0,60851300
2000-04-17,75.52115631103516,0.0,89.625,0.0,90.0,78.0,78.015625,0.0,55398500
2000-04-18,77.52245330810547,0.0,92.0,0.0,93.0,87.375,89.484375,0.0,36260900
2000-04-19,75.15252685546875,0.0,89.1875,0.0,93.625,89.0625,92.5,0.0,28082500
2000-04-20,73.51992797851562,0.0,87.25,0.0,90.96875,86.0625,90.375,0.0,21255600
2000-04-24,71.41333770751953,0.0,84.75,0.0,85.25,79.875,83.4375,0.0,31190900
2000-04-25,76.2321548461914,0.0,90.46875,0.0,90.5,86.0,86.5,0.0,28663200
2000-04-26,73.62523651123047,0.0,87.375,0.0,92.421875,87.125,90.625,0.0,25688300
2000-04-27,76.89044952392578,0.0,91.25,0.0,92.484375,82.25,84.0,0.0,37010400
2000-04-28,79.83966064453125,0.0,94.75,0.0,94.75,92.125,93.5625,0.0,24828400
2000-05-01,80.57697296142578,0.0,95.625,0.0,96.875,94.25,95.75,0.0,23205700
2000-05-02,75.94248962402344,0.0,90.125,0.0,95.625,89.75,94.875,0.0,20307900
2000-05-03,75.09989166259766,0.0,89.125,0.0,90.25,85.515625,89.5,0.0,26589700
2000-05-04,75.25780487060547,0.0,89.3125,0.0,90.75,87.625,89.0,0.0,17750700
2000-05-05,77.04844665527344,0.0,91.4375,0.0,92.3125,88.03125,88.125,0.0,20571200
2000-05-08,74.04656982421875,0.0,87.875,0.0,90.75,87.75,90.5,0.0,13903000
2000-05-09,72.46659851074219,0.0,86.0,0.0,89.125,84.3125,88.5,0.0,19825800
2000-05-10,67.20015716552734,0.0,79.75,0.0,84.984375,79.5,84.375,0.0,34847500
2000-05-11,71.30799865722656,0.0,84.625,0.0,85.25,80.875,82.75,0.0,24709700
2000-05-12,71.30799865722656,0.0,84.625,0.0,87.5625,84.0,85.375,0.0,17832000
2000-05-15,74.41517639160156,0.0,88.3125,0.0,88.625,82.625,84.8125,0.0,17950800
2000-05-16,76.52181243896484,0.0,90.8125,0.0,91.5,88.0625,90.0,0.0,23758800
2000-05-17,74.9418716430664,0.0,88.9375,0.0,90.5,87.75,89.25,0.0,20339400
2000-05-18,72.25596618652344,0.0,85.75,0.0,89.359375,85.375,89.0,0.0,19063000
2000-05-19,68.83274841308594,0.0,81.6875,0.0,85.0,81.3125,83.75,0.0,28178100
2000-05-22,68.78009033203125,0.0,81.625,0.0,82.25,75.578125,81.625,0.0,43879800
2000-05-23,63.03963470458984,0.0,74.8125,0.0,82.625,74.25,81.375,0.0,31898500
2000-05-24,66.98947143554688,0.0,79.5,0.0,79.875,72.25,75.0,0.0,49476000
2000-05-25,65.51483917236328,0.0,77.75,0.0,82.25,76.5,80.25,0.0,29632700
2000-05-26,65.51483917236328,0.0,77.75,0.0,79.25,75.75,77.75,0.0,18203200
2000-05-30,72.09796905517578,0.0,85.5625,0.0,85.9375,80.0,80.0,0.0,31590400
2000-05-31,70.04403686523438,0.0,83.125,0.0,86.671875,82.75,84.46875,0.0,29675400
2000-06-01,73.62523651123047,0.0,87.375,0.0,88.375,84.0,85.1875,0.0,28993500
2000-06-02,78.8917007446289,0.0,93.625,0.0,93.9375,82.5,92.625,0.0,31677200
2000-06-05,79.08924102783203,0.0,93.859375,0.0,95.3125,91.875,92.25,0.0,23784300
2000-06-06,76.89044952392578,0.0,91.25,0.0,95.0,90.875,93.1875,0.0,23200500
2000-06-07,78.94438171386719,0.0,93.6875,0.0,94.0,89.5625,91.5625,0.0,22524400
2000-06-08,78.57574462890625,0.0,93.25,0.0,94.875,91.625,94.625,0.0,19313800
2000-06-09,78.99703979492188,0.0,93.75,0.0,94.75,93.0,94.75,0.0,17014600
2000-06-12,76.46914672851562,0.0,90.75,0.0,94.3125,90.0,94.3125,0.0,16484700
2000-06-13,79.4183578491211,0.0,94.25,0.0,94.625,89.359375,90.5,0.0,25187900
2000-06-14,77.62777709960938,0.0,92.125,0.0,94.875,91.5,94.875,0.0,20274500
2000-06-15,78.99703979492188,0.0,93.75,0.0,93.875,90.875,91.875,0.0,18807800
2000-06-16,79.4183578491211,0.0,94.25,0.0,95.3125,93.0625,94.75,0.0,21203400
2000-06-19,82.5782470703125,0.0,98.0,0.0,98.25,92.6875,94.015625,0.0,20042500
2000-06-20,82.2622299194336,0.0,97.625,0.0,99.6875,97.1875,98.25,0.0,20988300
2000-06-21,83.31555938720703,0.0,98.875,0.0,99.71875,96.6875,96.8125,0.0,20880600
2000-06-22,80.260986328125,0.0,95.25,0.0,99.0,94.5,98.625,0.0,21526700
2000-06-23,77.10110473632812,0.0,91.5,0.0,95.5,91.375,95.0,0.0,24888100
2000-06-26,79.20770263671875,0.0,94.0,0.0,94.421875,92.0,93.0625,0.0,22169200
2000-06-27,78.25973510742188,0.0,92.875,0.0,95.0625,92.375,93.765625,0.0,14786000
2000-06-28,79.20770263671875,0.0,94.0,0.0,95.5,92.5,92.984375,0.0,19259800
2000-06-29,77.21961212158203,0.0,91.640625,0.0,93.375,90.625,92.9375,0.0,21355800
2000-06-30,78.73371887207031,0.0,93.4375,0.0,93.953125,91.3125,91.8125,0.0,15153100
2000-07-03,80.260986328125,0.0,95.25,0.0,95.25,93.25,93.5,0.0,5212000
2000-07-05,77.15375518798828,0.0,91.5625,0.0,93.96875,90.875,93.625,0.0,16489000
2000-07-06,79.20770263671875,0.0,94.0,0.0,94.75,90.0625,91.5625,0.0,23594700
2000-07-07,80.84030151367188,0.0,95.9375,0.0,97.0,94.4375,95.0,0.0,16603200
2000-07-10,79.61582946777344,0.0,94.484375,0.0,95.875,94.0,94.6875,0.0,12659400
2000-07-11,80.05035400390625,0.0,95.0,0.0,95.75,92.8125,94.0625,0.0,14374600
2000-07-12,81.94628143310547,0.0,97.25,0.0,97.75,94.625,95.4375,0.0,18252600
2000-07-13,82.99955749511719,0.0,98.5,0.0,99.75,97.125,97.9375,0.0,19566700
2000-07-14,84.79014587402344,0.0,100.625,0.0,101.125,98.8125,100.25,0.0,17219400
2000-07-17,85.73811340332031,0.0,101.75,0.0,102.0625,99.875,100.9375,0.0,13140500
2000-07-18,83.84217834472656,0.0,99.5,0.0,100.78125,98.359375,100.375,0.0,20684000
2000-07-19,81.94628143310547,0.0,97.25,0.0,98.9375,95.65625,98.3125,0.0,21828500
2000-07-20,84.57948303222656,0.0,100.375,0.0,100.5,97.265625,97.875,0.0,19521200
2000-07-21,81.735595703125,0.0,97.0,0.0,99.515625,97.0,98.4375,0.0,14411400
2000-07-24,80.05035400390625,0.0,95.0,0.0,99.0,94.25,97.9375,0.0,18579200
2000-07-25,80.68232727050781,0.0,95.75,0.0,97.0,93.8125,95.625,0.0,19065700
2000-07-26,80.57697296142578,0.0,95.625,0.0,96.125,93.25,95.5,0.0,20318700
2000-07-27,77.41709899902344,0.0,91.875,0.0,95.0625,91.5625,93.9375,0.0,26141800
2000-07-28,73.20391845703125,0.0,86.875,0.0,92.875,86.0,92.1875,0.0,36485600
2000-07-31,75.36317443847656,0.0,89.4375,0.0,90.125,85.71875,87.625,0.0,27609900
2000-08-01,74.36254119873047,0.0,88.25,0.0,89.984375,87.6875,89.8125,0.0,15751800
2000-08-02,73.04593658447266,0.0,86.6875,0.0,90.390625,86.5,87.875,0.0,23578200
2000-08-03,76.205810546875,0.0,90.4375,0.0,91.25,83.3125,84.25,0.0,35874700
2000-08-04,75.94248962402344,0.0,90.125,0.0,92.765625,89.125,92.0,0.0,22283400
2000-08-07,77.73307800292969,0.0,92.25,0.0,93.03125,90.25,90.875,0.0,15103300
2000-08-08,79.31303405761719,0.0,94.125,0.0,94.25,91.5,92.0625,0.0,14832300
2000-08-09,77.2064437866211,0.0,91.625,0.0,94.4375,91.375,93.6875,0.0,18649800
2000-08-10,75.67913055419922,0.0,89.8125,0.0,92.234375,89.5,91.8125,0.0,15336200
2000-08-11,76.7324447631836,0.0,91.0625,0.0,91.109375,87.875,89.25,0.0,21050600
2000-08-14,78.36503601074219,0.0,93.0,0.0,93.0,90.203125,91.375,0.0,12539300
2000-08-15,78.36503601074219,0.0,93.0,0.0,93.984375,92.0,92.75,0.0,14090300
2000-08-16,79.155029296875,0.0,93.9375,0.0,94.6875,92.0,93.4375,0.0,15245300
2000-08-17,80.68232727050781,0.0,95.75,0.0,95.875,92.875,92.9375,0.0,14492400
2000-08-18,80.260986328125,0.0,95.25,0.0,96.625,94.6875,95.9375,0.0,14706700
2000-08-21,80.47167205810547,0.0,95.5,0.0,96.859375,94.375,96.0,0.0,13560100
2000-08-22,80.47167205810547,0.0,95.5,0.0,97.359375,95.265625,96.0,0.0,14878200
2000-08-23,81.78826141357422,0.0,97.0625,0.0,97.4375,93.828125,94.6875,0.0,21396400
2000-08-24,83.05223846435547,0.0,98.5625,0.0,98.6875,96.0625,97.4375,0.0,13567700
2000-08-25,82.60456848144531,0.0,98.03125,0.0,99.953125,97.0,98.484375,0.0,11764700
2000-08-28,82.99955749511719,0.0,98.5,0.0,99.84375,97.9375,98.25,0.0,12314200
2000-08-29,83.42086791992188,0.0,99.0,0.0,99.171875,97.859375,98.625,0.0,11162800
2000-08-30,83.31555938720703,0.0,98.875,0.0,99.5,97.765625,98.3125,0.0,10545300
2000-08-31,85.6327896118164,0.0,101.625,0.0,102.0,98.875,99.625,0.0,15588700
2000-09-01,86.47542572021484,0.0,102.625,0.0,103.515625,101.1875,103.0,0.0,14071900
2000-09-05,83.84217834472656,0.0,99.5,0.0,101.75,99.421875,101.625,0.0,16348300
2000-09-06,80.89297485351562,0.0,96.0,0.0,99.484375,95.5,99.25,0.0,20964900
2000-09-07,82.68357849121094,0.0,98.125,0.0,99.421875,96.5625,96.8125,0.0,16669700
2000-09-08,80.15565490722656,0.0,95.125,0.0,98.0,94.765625,97.765625,0.0,23475200
2000-09-11,78.20706176757812,0.0,92.8125,0.0,96.125,92.0,94.5,0.0,27262100
2000-09-12,76.99580383300781,0.0,91.375,0.0,94.6875,90.84375,93.5,0.0,24256000
2000-09-13,78.78638458251953,0.0,93.5,0.0,93.875,90.0,90.25,0.0,34093100
2000-09-14,78.36503601074219,0.0,93.0,0.0,95.9375,92.640625,95.25,0.0,28615300
2000-09-15,76.943115234375,0.0,91.3125,0.0,93.625,90.6875,93.125,0.0,24994600
2000-09-18,75.7318115234375,0.0,89.875,0.0,93.0,88.0,91.8125,0.0,29218500
2000-09-19,78.52305603027344,0.0,93.1875,0.0,93.78125,89.875,90.75,0.0,27568700
2000-09-20,79.73432159423828,0.0,94.625,0.0,95.234375,91.3125,93.375,0.0,33123200
2000-09-21,73.94123840332031,0.0,87.75,0.0,94.484375,87.0,93.75,0.0,25031400
2000-09-22,78.31239318847656,0.0,92.9375,0.0,93.25,87.5,87.625,0.0,33710100
2000-09-25,76.2321548461914,0.0,90.46875,0.0,94.25,90.0,93.625,0.0,20560800
2000-09-26,75.36317443847656,0.0,89.4375,0.0,92.5,88.921875,90.765625,0.0,26011200
2000-09-27,75.46849822998047,0.0,89.5625,0.0,91.1875,88.0,90.625,0.0,28482900
2000-09-28,77.15375518798828,0.0,91.5625,0.0,93.0,88.71875,88.71875,0.0,29050000
2000-09-29,74.78386688232422,0.0,88.75,0.0,92.453125,88.6875,92.0,0.0,27198800
2000-10-02,73.09860229492188,0.0,86.75,0.0,90.25,86.0,90.25,0.0,24968200
2000-10-03,70.78133392333984,0.0,84.0,0.0,88.8125,83.265625,88.0625,0.0,35731200
2000-10-04,72.15062713623047,0.0,85.625,0.0,86.859375,82.125,83.5,0.0,37672100
2000-10-05,72.36128997802734,0.0,85.875,0.0,87.1875,84.5625,85.25,0.0,23443100
2000-10-06,69.93873596191406,0.0,83.0,0.0,86.5625,81.25,85.5625,0.0,36335800
2000-10-09,69.62272644042969,0.0,82.625,0.0,83.8125,79.375,82.5625,0.0,28834600
2000-10-10,65.98888397216797,0.0,78.3125,0.0,83.3125,77.875,81.8125,0.0,35283200
2000-10-11,64.93557739257812,0.0,77.0625,0.0,80.453125,76.0625,76.875,0.0,48462600
2000-10-12,63.30294036865234,0.0,75.125,0.0,79.5625,74.40625,79.25,0.0,53223600
2000-10-13,68.46414184570312,0.0,81.25,0.0,81.625,74.625,74.6875,0.0,42410200
2000-10-16,69.09607696533203,0.0,82.0,0.0,82.3125,79.75,81.125,0.0,27644900
2000-10-17,65.93621826171875,0.0,78.25,0.0,83.171875,78.0,83.125,0.0,52101400
2000-10-18,65.72554016113281,0.0,78.0,0.0,81.1875,74.5625,76.75,0.0,64354400
2000-10-19,71.67668151855469,0.0,85.0625,0.0,85.109375,81.4375,82.390625,0.0,44278900
2000-10-20,72.72992706298828,0.0,86.3125,0.0,87.875,84.390625,84.5,0.0,40692200
2000-10-23,72.62462615966797,0.0,86.1875,0.0,87.5,84.125,86.1875,0.0,28989200
2000-10-24,69.51739501953125,0.0,82.5,0.0,87.0,82.375,86.4375,0.0,31466200
2000-10-25,65.6202163696289,0.0,77.875,0.0,82.0,76.890625,81.25,0.0,48635400
2000-10-26,67.30548858642578,0.0,79.875,0.0,80.0,73.625,78.1875,0.0,69991300
2000-10-27,67.17381286621094,0.0,79.71875,0.0,81.859375,77.484375,80.859375,0.0,51046400
2000-10-30,64.68540954589844,0.0,76.765625,0.0,79.875,75.703125,78.1875,0.0,35496700
2000-10-31,68.84590148925781,0.0,81.703125,0.0,82.5625,77.875,78.0,0.0,43863800
2000-11-01,68.25343322753906,0.0,81.0,0.0,82.8125,79.1875,80.3125,0.0,45186400
2000-11-02,69.09607696533203,0.0,82.0,0.0,83.25,81.0625,82.1875,0.0,26594300
2000-11-03,69.99139404296875,0.0,83.0625,0.0,83.9375,81.640625,82.875,0.0,29837100
2000-11-06,69.4647216796875,0.0,82.4375,0.0,84.125,82.0,83.625,0.0,23485800
2000-11-07,69.20140838623047,0.0,82.125,0.0,82.46875,80.25,81.4375,0.0,24334400
2000-11-08,63.79010009765625,0.0,75.703125,0.0,82.25,75.625,82.125,0.0,40338200
2000-11-09,63.77693557739258,0.0,75.6875,0.0,76.9375,73.0,74.75,0.0,64955900
2000-11-10,60.45903396606445,0.0,71.75,0.0,75.6875,71.75,74.25,0.0,49235500
2000-11-13,60.55122756958008,0.0,71.859375,0.0,74.1875,68.265625,70.953125,0.0,75023400
2000-11-14,63.90859603881836,0.0,75.84375,0.0,76.0,72.75,73.0,0.0,44829500
2000-11-15,65.19891357421875,0.0,77.375,0.0,78.0625,74.796875,75.5625,0.0,37760900
2000-11-16,61.406986236572266,0.0,72.875,0.0,77.0,72.875,75.375,0.0,33898700
2000-11-17,61.36751937866211,0.0,72.828125,0.0,75.1875,71.0,73.1875,0.0,49913800
2000-11-20,58.86598205566406,0.0,69.859375,0.0,72.0625,69.25,70.9375,0.0,46862300
2000-11-21,58.7738037109375,0.0,69.75,0.0,71.125,68.4375,70.1875,0.0,42128600
2000-11-22,56.14056396484375,0.0,66.625,0.0,70.125,66.5,68.4375,0.0,56623700
2000-11-24,59.35309600830078,0.0,70.4375,0.0,70.625,68.171875,68.375,0.0,19987900
2000-11-27,58.61581802368164,0.0,69.5625,0.0,72.9375,68.75,72.5625,0.0,35416600
2000-11-28,55.15311050415039,0.0,65.453125,0.0,69.9375,65.3125,68.9375,0.0,48812700
2000-11-29,53.03334045410156,0.0,62.9375,0.0,66.75,62.5,65.8125,0.0,66189300
2000-11-30,53.0728645324707,0.0,62.984375,0.0,64.25,60.5,61.75,0.0,74792600
2000-12-01,53.92864608764648,0.0,64.0,0.0,66.765625,62.125,64.0625,0.0,57112500
2000-12-04,54.77127456665039,0.0,65.0,0.0,65.359375,61.75,64.125,0.0,49106300
2000-12-05,59.563777923583984,0.0,70.6875,0.0,71.0,65.5,66.0625,0.0,76531800
2000-12-06,57.299198150634766,0.0,68.0,0.0,72.296875,67.75,70.59375,0.0,63352100
2000-12-07,56.03521728515625,0.0,66.5,0.0,68.984375,65.5,67.0,0.0,41481100
2000-12-08,57.299198150634766,0.0,68.0,0.0,73.5,67.625,71.09375,0.0,65856900
2000-12-11,62.67097854614258,0.0,74.375,0.0,74.78125,70.953125,72.0625,0.0,51829800
2000-12-12,60.38008117675781,0.0,71.65625,0.0,73.875,71.3125,73.5,0.0,31054500
2000-12-13,57.91799545288086,0.0,68.734375,0.0,73.5,68.3125,73.4375,0.0,51661600
2000-12-14,55.08727264404297,0.0,65.375,0.0,69.6875,65.25,68.515625,0.0,41562700
2000-12-15,53.82331848144531,0.0,63.875,0.0,65.625,62.5625,64.25,0.0,59026100
2000-12-18,53.92864608764648,0.0,64.0,0.0,65.96875,62.5625,65.15625,0.0,42950000
2000-12-19,49.8207893371582,0.0,59.125,0.0,65.859375,58.75,63.453125,0.0,80489200
2000-12-20,46.9637336730957,0.0,55.734375,0.0,58.375,54.75,57.3125,0.0,81432100
2000-12-21,47.240234375,0.0,56.0625,0.0,58.75,54.25,55.015625,0.0,85875600
2000-12-22,50.97942733764648,0.0,60.5,0.0,60.75,57.5,57.625,0.0,57240000
2000-12-26,51.29541015625,0.0,60.875,0.0,61.921875,58.0,60.59375,0.0,37082800
2000-12-27,51.87473678588867,0.0,61.5625,0.0,62.1875,58.9375,59.6875,0.0,33955500
2000-12-28,51.7693977355957,0.0,61.4375,0.0,62.484375,60.25,60.78125,0.0,30996900
2000-12-29,49.18882369995117,0.0,58.375,0.0,62.234375,58.0,61.5625,0.0,49191000
2001-01-02,45.0283088684082,0.0,53.4375,0.0,58.6875,52.4375,58.5625,0.0,62514100
2001-01-03,52.61203002929688,0.0,62.4375,0.0,65.25,52.15625,52.1875,0.0,118175700
2001-01-04,51.664039611816406,0.0,61.3125,0.0,63.625,60.234375,61.625,0.0,58465400
2001-01-05,47.71418380737305,0.0,56.625,0.0,61.3125,56.0,61.3125,0.0,68782000
2001-01-08,48.2408561706543,0.0,57.25,0.0,57.5,53.515625,56.3125,0.0,55576500
2001-01-09,48.2408561706543,0.0,57.25,0.0,59.125,56.625,57.75,0.0,53318900
2001-01-10,50.71610641479492,0.0,60.1875,0.0,60.375,55.75,56.125,0.0,74258300
2001-01-11,52.19072723388672,0.0,61.9375,0.0,63.6875,59.1875,59.265625,0.0,65451700
2001-01-12,52.86216735839844,0.0,62.734375,0.0,64.625,61.5,62.75,0.0,60793900
2001-01-16,52.23020935058594,0.0,61.984375,0.0,62.921875,60.5625,62.5625,0.0,32203300
2001-01-17,53.82331848144531,0.0,63.875,0.0,65.609375,63.140625,64.5,0.0,61388800
2001-01-18,56.087886810302734,0.0,66.5625,0.0,66.75,62.6875,64.125,0.0,54934700
2001-01-19,55.87723922729492,0.0,66.3125,0.0,68.3125,65.5625,68.140625,0.0,56292500
2001-01-22,55.92989349365234,0.0,66.375,0.0,67.0,64.75,65.875,0.0,35777100
2001-01-23,57.10169982910156,0.0,67.765625,0.0,68.40625,65.3125,65.90625,0.0,49859500
2001-01-24,56.5618782043457,0.0,67.125,0.0,69.125,66.75,68.0625,0.0,53905400
2001-01-25,54.34995651245117,0.0,64.5,0.0,67.671875,64.390625,66.875,0.0,57151900
2001-01-26,55.23211288452149,0.0,65.546875,0.0,65.9375,63.0,63.5625,0.0,45681400
2001-01-29,56.45652770996094,0.0,67.0,0.0,67.25,64.25,64.75,0.0,31514100
2001-01-30,56.24589920043945,0.0,66.75,0.0,67.73999786376953,66.0,67.1500015258789,0.0,42439300
2001-01-31,54.181453704833984,0.0,64.30000305175781,0.0,67.98999786376953,64.30000305175781,67.25,0.0,59322200
2001-02-01,54.89766311645508,0.0,65.1500015258789,0.0,65.61000061035156,63.59999847412109,64.55000305175781,0.0,45142600
2001-02-02,51.86415863037109,0.0,61.54999923706055,0.0,65.30000305175781,60.0,64.94000244140625,0.0,47471000
2001-02-05,51.822059631347656,0.0,61.5,0.0,61.900001525878906,60.119998931884766,61.18999862670898,0.0,36016300
2001-02-06,51.90633010864258,0.0,61.59999847412109,0.0,63.119998931884766,61.15999984741211,61.4900016784668,0.0,42417700
2001-02-07,51.06368637084961,0.0,60.59999847412109,0.0,61.20000076293945,58.58000183105469,60.5099983215332,0.0,61972200
2001-02-08,49.53849792480469,0.0,58.790000915527344,0.0,61.5,58.58000183105469,60.900001525878906,0.0,48269500
2001-02-09,47.52463150024414,0.0,56.400001525878906,0.0,58.59999847412109,56.0,58.25,0.0,55385200
2001-02-12,48.09761428833008,0.0,57.08000183105469,0.0,57.93999862670898,55.619998931884766,56.25,0.0,50540400
2001-02-13,46.55560302734375,0.0,55.25,0.0,59.18000030517578,54.97999954223633,57.650001525878906,0.0,58914000
2001-02-14,48.40938568115234,0.0,57.45000076293945,0.0,57.75,54.119998931884766,55.400001525878906,0.0,63048200
2001-02-15,49.20989990234375,0.0,58.400001525878906,0.0,60.4900016784668,58.29999923706055,58.79999923706055,0.0,67801300
2001-02-16,46.45449447631836,0.0,55.130001068115234,0.0,56.869998931884766,54.52999877929688,55.959999084472656,0.0,66779700
2001-02-20,44.65124130249024,0.0,52.9900016784668,0.0,55.84000015258789,52.29999923706055,55.7400016784668,0.0,55298400
2001-02-21,43.395729064941406,0.0,51.5,0.0,54.06999969482422,50.91999816894531,51.54999923706055,0.0,72349000
2001-02-22,42.9743766784668,0.0,51.0,0.0,52.15999984741211,48.88999938964844,51.45000076293945,0.0,103855500
2001-02-23,43.12606430053711,0.0,51.18000030517578,0.0,51.59999847412109,48.22999954223633,50.09000015258789,0.0,93337900
2001-02-26,43.94341278076172,0.0,52.150001525878906,0.0,52.59999847412109,50.25,52.08000183105469,0.0,78342700
2001-02-27,41.28912353515625,0.0,49.0,0.0,52.08000183105469,48.900001525878906,51.540000915527344,0.0,66741700
2001-02-28,39.98305130004883,0.0,47.45000076293945,0.0,50.209999084472656,46.86000061035156,49.45000076293945,0.0,102187900
2001-03-01,41.12058639526367,0.0,48.79999923706055,0.0,49.20000076293945,45.75,46.970001220703125,0.0,101773000
2001-03-02,39.3510627746582,0.0,46.70000076293945,0.0,49.630001068115234,45.650001525878906,47.20000076293945,0.0,95927100
2001-03-05,40.06730270385742,0.0,47.54999923706055,0.0,48.36000061035156,47.09000015258789,47.5,0.0,43888400
2001-03-06,41.62617111206055,0.0,49.400001525878906,0.0,50.65999984741211,49.09999847412109,49.29999923706055,0.0,60828600
2001-03-07,41.64302444458008,0.0,49.41999816894531,0.0,50.43000030517578,48.970001220703125,50.400001525878906,0.0,55215500
2001-03-08,40.8677978515625,0.0,48.5,0.0,49.810001373291016,48.09999847412109,49.34999847412109,0.0,48965200
2001-03-09,38.00285339355469,0.0,45.09999847412109,0.0,47.369998931884766,44.95000076293945,47.25,0.0,79990900
2001-03-12,35.64345932006836,0.0,42.29999923706055,0.0,44.95000076293945,41.79999923706055,44.0,0.0,80674000
2001-03-13,37.45513153076172,0.0,44.45000076293945,0.0,44.7400016784668,42.130001068115234,42.77999877929688,0.0,80024400
2001-03-14,36.86528396606445,0.0,43.75,0.0,45.18999862670898,42.310001373291016,42.70000076293945,0.0,97190000
2001-03-15,35.517066955566406,0.0,42.150001525878906,0.0,45.310001373291016,42.04999923706055,45.20000076293945,0.0,74135500
2001-03-16,34.71656799316406,0.0,41.20000076293945,0.0,42.79999923706055,40.560001373291016,41.880001068115234,0.0,77784500
2001-03-19,36.45241165161133,0.0,43.2599983215332,0.0,43.2599983215332,40.75,41.43999862670898,0.0,53248200
2001-03-20,34.000328063964844,0.0,40.34999847412109,0.0,43.810001373291016,40.20000076293945,43.43999862670898,0.0,104796200
2001-03-21,34.000328063964844,0.0,40.34999847412109,0.0,41.79999923706055,39.709999084472656,40.52000045776367,0.0,96200700
2001-03-22,36.06476593017578,0.0,42.79999923706055,0.0,42.79999923706055,39.4900016784668,40.59999847412109,0.0,130208100
2001-03-23,36.06476593017578,0.0,42.79999923706055,0.0,43.83000183105469,41.5,43.54999923706055,0.0,95277500
2001-03-26,35.230567932128906,0.0,41.810001373291016,0.0,43.5,41.54999923706055,43.470001220703125,0.0,57666200
2001-03-27,36.4439582824707,0.0,43.25,0.0,43.720001220703125,41.41999816894531,41.79999923706055,0.0,69945300
2001-03-28,33.4526252746582,0.0,39.70000076293945,0.0,42.20000076293945,39.68000030517578,41.900001525878906,0.0,77863500
2001-03-29,32.820640563964844,0.0,38.95000076293945,0.0,40.61000061035156,38.400001525878906,39.380001068115234,0.0,79654700
2001-03-30,32.989158630371094,0.0,39.150001525878906,0.0,39.97999954223633,38.0,39.29999923706055,0.0,63661300
2001-04-02,31.514543533325195,0.0,37.400001525878906,0.0,39.84999847412109,37.29999923706055,39.16999816894531,0.0,69713600
2001-04-03,29.205720901489254,0.0,34.65999984741211,0.0,37.75,34.619998931884766,37.20000076293945,0.0,89015700
2001-04-04,28.69172477722168,0.0,34.04999923706055,0.0,35.810001373291016,33.599998474121094,34.709999084472656,0.0,76473900
2001-04-05,31.438724517822266,0.0,37.310001373291016,0.0,37.959999084472656,35.709999084472656,36.0,0.0,87035800
2001-04-06,30.29273796081543,0.0,35.95000076293945,0.0,37.09999847412109,35.5,36.900001525878906,0.0,86123600
2001-04-09,31.21963882446289,0.0,37.04999923706055,0.0,37.38999938964844,35.849998474121094,36.790000915527344,0.0,51638700
2001-04-10,33.53687286376953,0.0,39.79999923706055,0.0,40.459999084472656,37.77999877929688,37.900001525878906,0.0,94265100
2001-04-11,34.548038482666016,0.0,41.0,0.0,42.5,40.45000076293945,42.15999984741211,0.0,92829500
2001-04-12,36.06476593017578,0.0,42.79999923706055,0.0,42.79999923706055,40.0,40.29999923706055,0.0,79531500
2001-04-16,33.91606521606445,0.0,40.25,0.0,42.43000030517578,40.060001373291016,41.93999862670898,0.0,65229800
2001-04-17,34.758697509765625,0.0,41.25,0.0,42.70000076293945,39.900001525878906,39.95000076293945,0.0,94694300
2001-04-18,38.38203430175781,0.0,45.54999923706055,0.0,48.0,43.20000076293945,43.720001220703125,0.0,128891400
2001-04-19,40.69927597045898,0.0,48.29999923706055,0.0,48.75,45.58000183105469,46.09999847412109,0.0,110467600
2001-04-20,40.783538818359375,0.0,48.400001525878906,0.0,49.43999862670898,43.04999923706055,48.18000030517578,0.0,80598100
2001-04-23,38.04496383666992,0.0,45.150001525878906,0.0,47.720001220703125,44.88999938964844,46.9900016784668,0.0,79317600
2001-04-24,37.328731536865234,0.0,44.29999923706055,0.0,46.41999816894531,43.75,45.09999847412109,0.0,88888300
2001-04-25,38.00285339355469,0.0,45.09999847412109,0.0,45.58000183105469,43.09999847412109,43.900001525878906,0.0,68418400
2001-04-26,37.03380584716797,0.0,43.95000076293945,0.0,46.25,43.869998931884766,45.900001525878906,0.0,71110200
2001-04-27,38.04496383666992,0.0,45.150001525878906,0.0,45.470001220703125,44.2400016784668,45.150001525878906,0.0,55580000
2001-04-30,38.88761901855469,0.0,46.150001525878906,0.0,47.56999969482422,45.29999923706055,46.25,0.0,73859100
2001-05-01,40.48862075805664,0.0,48.04999923706055,0.0,48.08000183105469,45.400001525878906,46.20000076293945,0.0,54498300
2001-05-02,41.27227020263672,0.0,48.97999954223633,0.0,49.400001525878906,47.5,48.79999923706055,0.0,77566500
2001-05-03,39.43532943725586,0.0,46.79999923706055,0.0,47.900001525878906,46.20000076293945,47.900001525878906,0.0,67124900
2001-05-04,40.61500549316406,0.0,48.20000076293945,0.0,48.20000076293945,45.11000061035156,45.29999923706055,0.0,72673400
2001-05-07,39.77239227294922,0.0,47.20000076293945,0.0,48.59999847412109,47.09999847412109,48.0,0.0,45561600
2001-05-08,40.61500549316406,0.0,48.20000076293945,0.0,48.34999847412109,46.9900016784668,48.29999923706055,0.0,56970700
2001-05-09,39.22465515136719,0.0,46.54999923706055,0.0,47.95000076293945,46.43999862670898,47.04999923706055,0.0,60984600
2001-05-10,38.567420959472656,0.0,45.77000045776367,0.0,48.04999923706055,45.720001220703125,47.91999816894531,0.0,61130300
2001-05-11,38.38203430175781,0.0,45.54999923706055,0.0,46.41999816894531,45.09000015258789,45.84000015258789,0.0,48760400
2001-05-14,37.76691436767578,0.0,44.81999969482422,0.0,45.36000061035156,43.34999847412109,45.29999923706055,0.0,43108000
2001-05-15,38.04496383666992,0.0,45.150001525878906,0.0,46.29999923706055,44.58000183105469,44.900001525878906,0.0,69007600
2001-05-16,39.73024368286133,0.0,47.150001525878906,0.0,47.52000045776367,44.060001373291016,44.310001373291016,0.0,80110500
2001-05-17,40.36222839355469,0.0,47.900001525878906,0.0,48.790000915527344,47.2599983215332,47.45000076293945,0.0,73810700
2001-05-18,40.48018264770508,0.0,48.040000915527344,0.0,48.380001068115234,47.09000015258789,47.63999938964844,0.0,41095100
2001-05-21,43.01652145385742,0.0,51.04999923706055,0.0,51.150001525878906,47.650001525878906,48.16999816894531,0.0,85426900
2001-05-22,42.89014053344727,0.0,50.900001525878906,0.0,51.95000076293945,50.18000030517578,51.310001373291016,0.0,77233900
2001-05-23,40.99419021606445,0.0,48.650001525878906,0.0,50.45000076293945,48.63999938964844,50.43999862670898,0.0,65618000
2001-05-24,42.04750061035156,0.0,49.900001525878906,0.0,49.9900016784668,48.27000045776367,48.970001220703125,0.0,61792500
2001-05-25,41.28069305419922,0.0,48.9900016784668,0.0,50.02000045776367,48.02000045776367,49.959999084472656,0.0,36191100
2001-05-29,38.8623275756836,0.0,46.119998931884766,0.0,48.5,46.09999847412109,48.5,0.0,66609600
2001-05-30,37.43827438354492,0.0,44.43000030517578,0.0,45.84999847412109,44.08000183105469,45.43000030517578,0.0,81397400
2001-05-31,37.691062927246094,0.0,44.72999954223633,0.0,45.84999847412109,44.29999923706055,44.540000915527344,0.0,68018300
2001-06-01,38.80332946777344,0.0,46.04999923706055,0.0,46.22999954223633,44.33000183105469,45.540000915527344,0.0,61874300
2001-06-04,38.61798858642578,0.0,45.83000183105469,0.0,46.65999984741211,45.290000915527344,46.33000183105469,0.0,41696000
2001-06-05,40.320091247558594,0.0,47.84999847412109,0.0,48.36000061035156,46.20000076293945,46.29999923706055,0.0,68146400
2001-06-06,40.00831604003906,0.0,47.47999954223633,0.0,48.88999938964844,47.06999969482422,48.08000183105469,0.0,61169500
2001-06-07,41.03633117675781,0.0,48.70000076293945,0.0,49.4900016784668,47.06999969482422,47.130001068115234,0.0,65400200
2001-06-08,39.89878082275391,0.0,47.34999847412109,0.0,48.77000045776367,46.95000076293945,48.720001220703125,0.0,56391400
2001-06-11,38.80332946777344,0.0,46.04999923706055,0.0,47.0,45.4900016784668,46.900001525878906,0.0,48809400
2001-06-12,38.59267425537109,0.0,45.79999923706055,0.0,46.79999923706055,44.22999954223633,44.869998931884766,0.0,78450500
2001-06-13,37.53938674926758,0.0,44.54999923706055,0.0,46.75,44.52000045776367,46.27000045776367,0.0,68535400
2001-06-14,35.601322174072266,0.0,42.25,0.0,44.400001525878906,42.0,44.02000045776367,0.0,91050300
2001-06-15,35.89624786376953,0.0,42.59999847412109,0.0,43.06999969482422,41.27999877929688,41.79999923706055,0.0,84589400
2001-06-18,35.41596221923828,0.0,42.02999877929688,0.0,43.16999816894531,41.400001525878906,42.63999938964844,0.0,63539100
2001-06-19,35.238990783691406,0.0,41.81999969482422,0.0,43.560001373291016,41.2599983215332,43.31999969482422,0.0,73386900
2001-06-20,36.03948593139648,0.0,42.77000045776367,0.0,42.970001220703125,41.27999877929688,41.29999923706055,0.0,83588600
2001-06-21,36.52821731567383,0.0,43.34999847412109,0.0,44.22999954223633,42.29999923706055,42.66999816894531,0.0,67212600
2001-06-22,36.4439582824707,0.0,43.25,0.0,44.20000076293945,42.59000015258789,43.619998931884766,0.0,51870400
2001-06-25,36.53666305541992,0.0,43.36000061035156,0.0,43.79999923706055,42.650001525878906,43.61000061035156,0.0,39212100
2001-06-26,36.66304397583008,0.0,43.5099983215332,0.0,43.88999938964844,42.47999954223633,42.540000915527344,0.0,55155100
2001-06-27,36.89900207519531,0.0,43.790000915527344,0.0,44.150001525878906,43.0,43.68000030517578,0.0,53289400
2001-06-28,37.37085723876953,0.0,44.34999847412109,0.0,46.36000061035156,44.34999847412109,44.400001525878906,0.0,89963700
2001-06-29,38.50839614868164,0.0,45.70000076293945,0.0,46.52000045776367,44.70000076293945,45.09000015258789,0.0,59719600
2001-07-02,38.29775238037109,0.0,45.45000076293945,0.0,46.47999954223633,45.18999862670898,45.650001525878906,0.0,50884300
2001-07-03,38.45786285400391,0.0,45.63999938964844,0.0,45.68999862670898,44.79999923706055,45.25,0.0,24758400
2001-07-05,36.61249923706055,0.0,43.45000076293945,0.0,45.18000030517578,43.45000076293945,44.869998931884766,0.0,44409800
2001-07-06,35.09575271606445,0.0,41.650001525878906,0.0,43.11000061035156,41.4900016784668,43.0099983215332,0.0,53434800
2001-07-09,35.399112701416016,0.0,42.0099983215332,0.0,42.68999862670898,41.5,41.88999938964844,0.0,45547500
2001-07-10,34.12671661376953,0.0,40.5,0.0,42.880001068115234,40.400001525878906,42.7599983215332,0.0,58620000
2001-07-11,34.548038482666016,0.0,41.0,0.0,41.09999847412109,39.869998931884766,40.41999816894531,0.0,77840200
2001-07-12,36.7388801574707,0.0,43.59999847412109,0.0,43.83000183105469,42.29999923706055,42.630001068115234,0.0,70363300
2001-07-13,36.35970687866211,0.0,43.150001525878906,0.0,44.43000030517578,42.900001525878906,43.380001068115234,0.0,62474200
2001-07-16,35.68559265136719,0.0,42.34999847412109,0.0,43.86000061035156,41.900001525878906,43.369998931884766,0.0,53390800
2001-07-17,36.48609161376953,0.0,43.29999923706055,0.0,43.400001525878906,41.540000915527344,41.81999969482422,0.0,59813000
2001-07-18,35.09575271606445,0.0,41.650001525878906,0.0,42.84999847412109,41.13999938964844,42.27000045776367,0.0,64797200
2001-07-19,35.92995834350586,0.0,42.63999938964844,0.0,43.34999847412109,41.75,42.459999084472656,0.0,76590200
2001-07-20,35.09575271606445,0.0,41.650001525878906,0.0,42.13999938964844,41.36000061035156,41.4900016784668,0.0,49012800
2001-07-23,34.21939849853516,0.0,40.61000061035156,0.0,42.400001525878906,40.54999923706055,42.2400016784668,0.0,55329400
2001-07-24,33.831787109375,0.0,40.150001525878906,0.0,40.900001525878906,39.310001373291016,40.380001068115234,0.0,70422900
2001-07-25,34.12671661376953,0.0,40.5,0.0,40.720001220703125,39.400001525878906,40.13999938964844,0.0,68859600
2001-07-26,34.63229751586914,0.0,41.09999847412109,0.0,41.88999938964844,39.97999954223633,40.45000076293945,0.0,69199300
2001-07-27,35.34855270385742,0.0,41.95000076293945,0.0,42.2599983215332,41.29999923706055,41.63999938964844,0.0,47452900
2001-07-30,35.13788986206055,0.0,41.70000076293945,0.0,42.29999923706055,41.400001525878906,42.130001068115234,0.0,39459400
2001-07-31,35.18843460083008,0.0,41.7599983215332,0.0,42.77999877929688,41.5,41.84000015258789,0.0,55732500
2001-08-01,36.317569732666016,0.0,43.09999847412109,0.0,43.5,42.40999984741211,42.630001068115234,0.0,53864800
2001-08-02,37.00010681152344,0.0,43.90999984741211,0.0,44.0,42.81999969482422,43.790000915527344,0.0,53187300
2001-08-03,36.38496398925781,0.0,43.18000030517578,0.0,43.52999877929688,42.560001373291016,43.52999877929688,0.0,51513700
2001-08-06,35.8120002746582,0.0,42.5,0.0,42.84999847412109,42.34999847412109,42.52999877929688,0.0,31105700
2001-08-07,35.626617431640625,0.0,42.27999877929688,0.0,42.81999969482422,41.93999862670898,42.09999847412109,0.0,38407500
2001-08-08,34.12671661376953,0.0,40.5,0.0,42.650001525878906,40.29999923706055,41.84999847412109,0.0,76045200
2001-08-09,34.27000045776367,0.0,40.66999816894531,0.0,40.880001068115234,39.97999954223633,40.40999984741211,0.0,66861400
2001-08-10,33.94134521484375,0.0,40.27999877929688,0.0,40.75,39.22999954223633,40.41999816894531,0.0,68491900
2001-08-13,34.63229751586914,0.0,41.09999847412109,0.0,41.34000015258789,40.20000076293945,40.59000015258789,0.0,48425700
2001-08-14,34.210975646972656,0.0,40.59999847412109,0.0,41.70000076293945,40.540000915527344,41.4900016784668,0.0,51267600
2001-08-15,32.947017669677734,0.0,39.09999847412109,0.0,40.93000030517578,39.06999969482422,40.619998931884766,0.0,58935300
2001-08-16,33.33463668823242,0.0,39.560001373291016,0.0,39.59000015258789,38.040000915527344,38.63999938964844,0.0,68227300
2001-08-17,31.81791114807129,0.0,37.7599983215332,0.0,38.79999923706055,37.709999084472656,38.43999862670898,0.0,56649300
2001-08-20,32.25606918334961,0.0,38.27999877929688,0.0,38.650001525878906,37.52000045776367,37.84999847412109,0.0,49921300
2001-08-21,30.91629409790039,0.0,36.68999862670898,0.0,38.650001525878906,36.650001525878906,38.290000915527344,0.0,56445600
2001-08-22,31.75892448425293,0.0,37.68999862670898,0.0,37.84000015258789,36.540000915527344,37.45000076293945,0.0,65221400
2001-08-23,31.44712448120117,0.0,37.31999969482422,0.0,38.459999084472656,37.29999923706055,37.66999816894531,0.0,54711800
2001-08-24,33.11555480957031,0.0,39.29999923706055,0.0,39.38999938964844,37.75,37.86000061035156,0.0,58450600
2001-08-27,33.15769958496094,0.0,39.34999847412109,0.0,39.900001525878906,38.83000183105469,39.27999877929688,0.0,50927500
2001-08-28,32.12125396728516,0.0,38.119998931884766,0.0,39.43999862670898,38.0099983215332,39.31999969482422,0.0,65275500
2001-08-29,31.649391174316406,0.0,37.560001373291016,0.0,38.45000076293945,37.130001068115234,38.369998931884766,0.0,59060500
2001-08-30,30.478103637695312,0.0,36.16999816894531,0.0,37.310001373291016,35.75,36.79999923706055,0.0,76105800
2001-08-31,30.86571884155273,0.0,36.630001068115234,0.0,37.02999877929688,35.939998626708984,36.02999877929688,0.0,54309000
2001-09-04,29.888261795043945,0.0,35.470001220703125,0.0,37.5,35.349998474121094,36.5099983215332,0.0,74073600
2001-09-05,29.77030563354492,0.0,35.33000183105469,0.0,35.90999984741211,34.150001525878906,35.4900016784668,0.0,95461200
2001-09-06,28.565340042114254,0.0,33.900001525878906,0.0,35.52000045776367,33.779998779296875,34.7400016784668,0.0,88701800
2001-09-07,28.39681053161621,0.0,33.70000076293945,0.0,35.099998474121094,33.349998474121094,33.619998931884766,0.0,95528800
2001-09-10,28.733850479125977,0.0,34.099998474121094,0.0,34.31999969482422,33.34000015258789,33.4900016784668,0.0,80371300
2001-09-17,26.290212631225582,0.0,31.200000762939453,0.0,32.79999923706055,31.09000015258789,31.25,0.0,97700900
2001-09-18,25.700380325317383,0.0,30.5,0.0,32.5,30.3700008392334,31.530000686645508,0.0,66285300
2001-09-19,25.25376892089844,0.0,29.96999931335449,0.0,31.0,28.26000022888184,30.63999938964844,0.0,116632800
2001-09-20,24.41114044189453,0.0,28.96999931335449,0.0,30.09000015258789,28.799999237060547,29.299999237060547,0.0,90840200
2001-09-21,23.75388526916504,0.0,28.190000534057617,0.0,28.96999931335449,27.200000762939453,27.40999984741211,0.0,112341900
2001-09-24,24.950420379638672,0.0,29.61000061035156,0.0,30.0,28.59000015258789,29.07999992370605,0.0,85696500
2001-09-25,25.02626609802246,0.0,29.700000762939453,0.0,30.43000030517578,28.950000762939453,29.709999084472656,0.0,83860600
2001-09-26,24.15834617614746,0.0,28.670000076293945,0.0,30.0,28.40999984741211,29.950000762939453,0.0,59759800
2001-09-27,23.998241424560547,0.0,28.479999542236328,0.0,28.790000915527344,27.420000076293945,28.399999618530277,0.0,70050700
2001-09-28,24.41956329345703,0.0,28.979999542236328,0.0,29.920000076293945,28.309999465942383,28.84000015258789,0.0,84810800
2001-10-01,24.20890235900879,0.0,28.729999542236328,0.0,28.979999542236328,27.850000381469727,28.850000381469727,0.0,53460800
2001-10-02,24.284744262695312,0.0,28.81999969482422,0.0,29.40999984741211,28.399999618530277,28.649999618530277,0.0,74133400
2001-10-03,26.12169075012207,0.0,31.0,0.0,31.61000061035156,28.32999992370605,28.420000076293945,0.0,136198600
2001-10-04,26.37448501586914,0.0,31.299999237060547,0.0,33.20000076293945,30.940000534057617,31.649999618530277,0.0,127371500
2001-10-05,26.762083053588867,0.0,31.76000022888184,0.0,31.899999618530277,30.26000022888184,31.0,0.0,96443400
2001-10-08,26.84635734558105,0.0,31.86000061035156,0.0,32.349998474121094,30.959999084472656,31.1299991607666,0.0,67789600
2001-10-09,26.19751739501953,0.0,31.09000015258789,0.0,32.02000045776367,30.8700008392334,31.86000061035156,0.0,57564800
2001-10-10,27.385637283325195,0.0,32.5,0.0,32.540000915527344,30.75,30.8700008392334,0.0,73840600
2001-10-11,29.239442825317383,0.0,34.70000076293945,0.0,35.25,33.13999938964844,33.189998626708984,0.0,117232200
2001-10-12,29.1130313873291,0.0,34.54999923706055,0.0,34.79999923706055,33.13999938964844,34.33000183105469,0.0,111901600
2001-10-15,28.98666000366211,0.0,34.400001525878906,0.0,34.54999923706055,33.65999984741211,34.119998931884766,0.0,78322000
2001-10-16,29.45852470397949,0.0,34.959999084472656,0.0,35.099998474121094,34.06999969482422,34.65999984741211,0.0,81346800
2001-10-17,27.343515396118164,0.0,32.45000076293945,0.0,36.0,32.29999923706055,35.869998931884766,0.0,141530300
2001-10-18,28.085023880004883,0.0,33.33000183105469,0.0,33.540000915527344,32.400001525878906,32.70000076293945,0.0,94448200
2001-10-19,28.270410537719727,0.0,33.54999923706055,0.0,33.75,32.0,32.86000061035156,0.0,73434200
2001-10-22,29.02878189086914,0.0,34.45000076293945,0.0,34.5,33.220001220703125,33.439998626708984,0.0,74104900
2001-10-23,29.18045997619629,0.0,34.630001068115234,0.0,35.400001525878906,34.0,34.81999969482422,0.0,104062200
2001-10-24,29.812429428100582,0.0,35.380001068115234,0.0,35.68000030517578,34.31999969482422,34.599998474121094,0.0,90171400
2001-10-25,31.00897789001465,0.0,36.79999923706055,0.0,36.81999969482422,34.22999954223633,34.70000076293945,0.0,118551900
2001-10-26,30.34328269958496,0.0,36.0099983215332,0.0,37.060001373291016,36.0099983215332,36.5,0.0,93823900
2001-10-29,28.68329620361328,0.0,34.040000915527344,0.0,36.150001525878906,34.040000915527344,36.0,0.0,92146800
2001-10-30,28.127153396606445,0.0,33.380001068115234,0.0,34.09000015258789,32.84000015258789,33.709999084472656,0.0,96092200
2001-10-31,28.565340042114254,0.0,33.900001525878906,0.0,34.959999084472656,33.68000030517578,34.040000915527344,0.0,106175500
2001-11-01,29.778711318969727,0.0,35.34000015258789,0.0,35.560001373291016,33.779998779296875,34.439998626708984,0.0,92716000
2001-11-02,29.997806549072266,0.0,35.599998474121094,0.0,35.849998474121094,34.88999938964844,35.27000045776367,0.0,64917700
2001-11-05,30.975265502929688,0.0,36.7599983215332,0.0,37.15999984741211,36.15999984741211,36.2599983215332,0.0,64473000
2001-11-06,32.18024444580078,0.0,38.18999862670898,0.0,38.20000076293945,36.38999938964844,36.59999847412109,0.0,107214900
2001-11-07,32.13808822631836,0.0,38.13999938964844,0.0,38.84000015258789,37.5,37.61000061035156,0.0,92562100
2001-11-08,31.809480667114254,0.0,37.75,0.0,39.400001525878906,37.25,38.54999923706055,0.0,105916300
2001-11-09,31.792627334594727,0.0,37.72999954223633,0.0,38.08000183105469,37.119998931884766,37.59000015258789,0.0,74121900
2001-11-12,32.020145416259766,0.0,38.0,0.0,38.34999847412109,36.29999923706055,37.0,0.0,112994400
2001-11-13,33.16611862182617,0.0,39.36000061035156,0.0,39.5,38.630001068115234,39.02999877929688,0.0,97931800
2001-11-14,33.40205764770508,0.0,39.63999938964844,0.0,40.2400016784668,38.7400016784668,39.959999084472656,0.0,88660100
2001-11-15,33.2672233581543,0.0,39.47999954223633,0.0,40.11000061035156,38.95000076293945,39.15999984741211,0.0,86349700
2001-11-16,33.174537658691406,0.0,39.369998931884766,0.0,39.68000030517578,38.91999816894531,39.47999954223633,0.0,64035500
2001-11-19,34.118309020996094,0.0,40.4900016784668,0.0,40.4900016784668,39.4900016784668,39.790000915527344,0.0,69196300
2001-11-20,32.54259490966797,0.0,38.619998931884766,0.0,40.22999954223633,38.47999954223633,40.08000183105469,0.0,85176500
2001-11-21,32.374046325683594,0.0,38.41999816894531,0.0,38.95000076293945,37.97999954223633,38.470001220703125,0.0,60867900
2001-11-23,33.09870529174805,0.0,39.27999877929688,0.0,39.43000030517578,38.56999969482422,38.7599983215332,0.0,27046000
2001-11-26,33.91606521606445,0.0,40.25,0.0,40.36000061035156,39.0099983215332,39.58000183105469,0.0,75267500
2001-11-27,33.87393951416016,0.0,40.20000076293945,0.0,40.970001220703125,39.20000076293945,40.04999923706055,0.0,100289700
2001-11-28,32.65212631225586,0.0,38.75,0.0,40.369998931884766,38.68999862670898,39.72999954223633,0.0,101568200
2001-11-29,33.66328811645508,0.0,39.95000076293945,0.0,40.0,38.790000915527344,39.02999877929688,0.0,83774700
2001-11-30,33.410491943359375,0.0,39.650001525878906,0.0,40.040000915527344,39.36000061035156,39.72999954223633,0.0,66018200
2001-12-03,32.837486267089844,0.0,38.970001220703125,0.0,39.59999847412109,38.869998931884766,39.290000915527344,0.0,60449800
2001-12-04,34.404788970947266,0.0,40.83000183105469,0.0,40.84000015258789,38.43999862670898,39.34000015258789,0.0,79378700
2001-12-05,36.106910705566406,0.0,42.84999847412109,0.0,43.150001525878906,41.119998931884766,41.20000076293945,0.0,115773700
2001-12-06,36.157470703125,0.0,42.90999984741211,0.0,43.2400016784668,42.36000061035156,42.70000076293945,0.0,77702100
2001-12-07,35.163177490234375,0.0,41.72999954223633,0.0,42.59999847412109,41.13999938964844,42.47999954223633,0.0,81632600
2001-12-10,34.548038482666016,0.0,41.0,0.0,42.22999954223633,40.880001068115234,41.31999969482422,0.0,69088000
2001-12-11,34.74185562133789,0.0,41.22999954223633,0.0,42.2599983215332,41.130001068115234,41.459999084472656,0.0,66056500
2001-12-12,35.0199089050293,0.0,41.560001373291016,0.0,41.93999862670898,40.59999847412109,41.5,0.0,76093400
2001-12-13,33.50318145751953,0.0,39.7599983215332,0.0,41.0,39.7599983215332,40.709999084472656,0.0,79582600
2001-12-14,33.798095703125,0.0,40.11000061035156,0.0,40.459999084472656,39.56999969482422,39.869998931884766,0.0,70006300
2001-12-17,34.3795166015625,0.0,40.79999923706055,0.0,41.2400016784668,40.02000045776367,40.02000045776367,0.0,62295500
2001-12-18,34.76713180541992,0.0,41.2599983215332,0.0,41.5,40.15999984741211,41.15999984741211,0.0,50850400
2001-12-19,34.13513946533203,0.0,40.5099983215332,0.0,41.31999969482422,40.31999969482422,40.560001373291016,0.0,79596200
2001-12-20,32.68579864501953,0.0,38.790000915527344,0.0,40.29999923706055,38.68000030517578,40.09999847412109,0.0,83048800
2001-12-21,33.2672233581543,0.0,39.47999954223633,0.0,39.709999084472656,39.150001525878906,39.41999816894531,0.0,56205000
2001-12-24,33.132415771484375,0.0,39.31999969482422,0.0,39.630001068115234,39.150001525878906,39.540000915527344,0.0,13660400
2001-12-26,33.44418716430664,0.0,39.68999862670898,0.0,40.29999923706055,39.15999984741211,39.369998931884766,0.0,37672900
2001-12-27,33.713844299316406,0.0,40.0099983215332,0.0,40.20000076293945,39.59999847412109,39.84999847412109,0.0,34255200
2001-12-28,33.98345184326172,0.0,40.33000183105469,0.0,40.79999923706055,40.22999954223633,40.290000915527344,0.0,38240400
2001-12-31,32.78693008422852,0.0,38.90999984741211,0.0,40.45000076293945,38.90999984741211,40.310001373291016,0.0,46176900
2002-01-02,33.798095703125,0.0,40.11000061035156,0.0,40.150001525878906,38.93000030517578,39.56999969482422,0.0,61708800
2002-01-03,34.96936798095703,0.0,41.5,0.0,41.54999923706055,40.2599983215332,40.310001373291016,0.0,85769100
2002-01-04,35.11259460449219,0.0,41.66999816894531,0.0,42.290000915527344,40.93000030517578,41.95000076293945,0.0,86876900
2002-01-07,34.72499084472656,0.0,41.209999084472656,0.0,42.220001220703125,40.11000061035156,42.11000061035156,0.0,75166200
2002-01-08,34.96095275878906,0.0,41.4900016784668,0.0,41.77000045776367,40.84000015258789,41.09999847412109,0.0,66956800
2002-01-09,34.64072799682617,0.0,41.11000061035156,0.0,42.59999847412109,40.900001525878906,42.040000915527344,0.0,85123000
2002-01-10,34.86824035644531,0.0,41.380001068115234,0.0,41.540000915527344,40.68000030517578,41.16999816894531,0.0,75548000
2002-01-11,34.42164993286133,0.0,40.84999847412109,0.0,41.59999847412109,40.470001220703125,41.34999847412109,0.0,60832900
2002-01-14,33.67171096801758,0.0,39.959999084472656,0.0,40.68000030517578,39.70000076293945,40.4900016784668,0.0,71310700
2002-01-15,33.991878509521484,0.0,40.34000015258789,0.0,40.75,39.560001373291016,40.02999877929688,0.0,66916100
2002-01-16,32.67739486694336,0.0,38.77999877929688,0.0,39.93999862670898,38.77000045776367,39.52999877929688,0.0,90942000
2002-01-17,33.410491943359375,0.0,39.650001525878906,0.0,39.970001220703125,39.0099983215332,39.47999954223633,0.0,75285900
2002-01-18,32.51729202270508,0.0,38.59000015258789,0.0,39.45000076293945,38.220001220703125,38.83000183105469,0.0,81985600
2002-01-22,31.514543533325195,0.0,37.400001525878906,0.0,39.02000045776367,37.33000183105469,39.0,0.0,81773800
2002-01-23,32.382476806640625,0.0,38.43000030517578,0.0,38.68999862670898,37.34999847412109,37.650001525878906,0.0,74968800
2002-01-24,32.81220245361328,0.0,38.93999862670898,0.0,39.5099983215332,38.77000045776367,38.93999862670898,0.0,77251200
2002-01-25,32.71952819824219,0.0,38.83000183105469,0.0,39.150001525878906,38.36000061035156,38.470001220703125,0.0,58832100
2002-01-28,32.904911041259766,0.0,39.04999923706055,0.0,39.38999938964844,38.41999816894531,39.150001525878906,0.0,47795900
2002-01-29,32.003265380859375,0.0,37.97999954223633,0.0,39.400001525878906,37.5099983215332,39.130001068115234,0.0,83339800
2002-01-30,32.24763488769531,0.0,38.27000045776367,0.0,38.84999847412109,36.84999847412109,38.0,0.0,101385500
2002-01-31,32.44987106323242,0.0,38.5099983215332,0.0,38.75,38.02000045776367,38.56999969482422,0.0,69655500
2002-02-01,32.13808822631836,0.0,38.13999938964844,0.0,38.880001068115234,37.70000076293945,38.400001525878906,0.0,61207100
2002-02-04,31.11006546020508,0.0,36.91999816894531,0.0,38.06999969482422,36.61000061035156,37.959999084472656,0.0,82763300
2002-02-05,30.5960750579834,0.0,36.310001373291016,0.0,37.33000183105469,36.18999862670898,36.59000015258789,0.0,86853800
2002-02-06,30.385425567626957,0.0,36.060001373291016,0.0,36.88999938964844,35.70000076293945,36.84000015258789,0.0,98507600
2002-02-07,29.652318954467773,0.0,35.189998626708984,0.0,36.54999923706055,35.0,35.9900016784668,0.0,97725900
2002-02-08,30.478103637695312,0.0,36.16999816894531,0.0,36.2400016784668,34.970001220703125,35.459999084472656,0.0,80483100
2002-02-11,30.86571884155273,0.0,36.630001068115234,0.0,36.79999923706055,35.97999954223633,36.13999938964844,0.0,57641200
2002-02-12,30.612934112548828,0.0,36.33000183105469,0.0,36.97999954223633,36.040000915527344,36.310001373291016,0.0,51477700
2002-02-13,31.13536071777344,0.0,36.95000076293945,0.0,37.150001525878906,36.61000061035156,36.720001220703125,0.0,60984700
2002-02-14,31.07637596130371,0.0,36.880001068115234,0.0,37.56999969482422,36.0,37.150001525878906,0.0,77482300
2002-02-15,30.14946746826172,0.0,35.779998779296875,0.0,36.90999984741211,35.63999938964844,36.83000183105469,0.0,79719900
2002-02-19,29.22257423400879,0.0,34.68000030517578,0.0,35.459999084472656,34.31999969482422,35.369998931884766,0.0,72437200
2002-02-20,29.618627548217773,0.0,35.150001525878906,0.0,35.16999816894531,33.93000030517578,34.900001525878906,0.0,106552700
2002-02-21,28.211423873901367,0.0,33.47999954223633,0.0,34.95000076293945,33.47999954223633,34.790000915527344,0.0,109307800
2002-02-22,28.35467338562012,0.0,33.650001525878906,0.0,34.20000076293945,33.09000015258789,33.61000061035156,0.0,99824200
2002-02-25,29.50065803527832,0.0,35.0099983215332,0.0,35.25,33.95000076293945,34.0,0.0,88994700
2002-02-26,29.39110946655273,0.0,34.880001068115234,0.0,35.43000030517578,34.369998931884766,35.22999954223633,0.0,94683300
2002-02-27,28.98666000366211,0.0,34.400001525878906,0.0,35.5099983215332,34.060001373291016,35.38999938964844,0.0,95159300
2002-02-28,28.464204788208008,0.0,33.779998779296875,0.0,34.970001220703125,33.75,34.5099983215332,0.0,95711200
2002-03-01,30.115781784057617,0.0,35.7400016784668,0.0,35.75,34.09000015258789,34.150001525878906,0.0,86081600
2002-03-04,31.30390930175781,0.0,37.150001525878906,0.0,37.22999954223633,35.400001525878906,35.70000076293945,0.0,105734600
2002-03-05,31.53140640258789,0.0,37.41999816894531,0.0,37.869998931884766,36.810001373291016,36.93000030517578,0.0,91452600
2002-03-06,31.68308448791504,0.0,37.59999847412109,0.0,37.95000076293945,36.59999847412109,37.08000183105469,0.0,86943400
2002-03-07,31.75050163269043,0.0,37.68000030517578,0.0,38.33000183105469,37.0099983215332,38.119998931884766,0.0,85496000
2002-03-08,32.584693908691406,0.0,38.66999816894531,0.0,39.02999877929688,38.130001068115234,38.22999954223633,0.0,84443700
2002-03-11,32.466732025146484,0.0,38.52999877929688,0.0,39.18999862670898,38.060001373291016,38.34999847412109,0.0,71035200
2002-03-12,32.020145416259766,0.0,38.0,0.0,38.0,37.31999969482422,37.56999969482422,0.0,82652100
2002-03-13,31.24492835998535,0.0,37.08000183105469,0.0,37.65999984741211,36.869998931884766,37.40999984741211,0.0,71376200
2002-03-14,31.059534072875977,0.0,36.86000061035156,0.0,37.400001525878906,36.72999954223633,37.060001373291016,0.0,70700500
2002-03-15,31.371301651000977,0.0,37.22999954223633,0.0,37.33000183105469,36.59000015258789,36.88999938964844,0.0,63966500
2002-03-18,31.54825782775879,0.0,37.43999862670898,0.0,37.93999862670898,37.04999923706055,37.630001068115234,0.0,78938300
2002-03-19,31.49770164489746,0.0,37.380001068115234,0.0,37.880001068115234,37.220001220703125,37.59999847412109,0.0,58947600
2002-03-20,30.385425567626957,0.0,36.060001373291016,0.0,37.08000183105469,36.040000915527344,36.869998931884766,0.0,61816500
2002-03-21,31.194355010986328,0.0,37.02000045776367,0.0,37.13999938964844,35.900001525878906,36.150001525878906,0.0,89198800
2002-03-22,30.907855987548828,0.0,36.68000030517578,0.0,37.13999938964844,36.470001220703125,36.93999862670898,0.0,58930100
2002-03-25,29.96409797668457,0.0,35.560001373291016,0.0,36.900001525878906,35.52000045776367,36.68999862670898,0.0,87421900
2002-03-26,30.242176055908203,0.0,35.88999938964844,0.0,36.41999816894531,35.400001525878906,35.41999816894531,0.0,92457500
2002-03-27,30.006227493286133,0.0,35.61000061035156,0.0,36.0,35.400001525878906,35.630001068115234,0.0,64531800
2002-03-28,30.385425567626957,0.0,36.060001373291016,0.0,36.369998931884766,35.900001525878906,36.02000045776367,0.0,59539400
2002-04-01,30.96685218811035,0.0,36.75,0.0,36.900001525878906,35.29999923706055,35.79999923706055,0.0,70730500
2002-04-02,29.56806182861328,0.0,35.09000015258789,0.0,36.150001525878906,35.0,35.97999954223633,0.0,77759800
2002-04-03,29.51751136779785,0.0,35.029998779296875,0.0,35.45000076293945,34.29999923706055,35.29999923706055,0.0,85766400
2002-04-04,29.28999328613281,0.0,34.7599983215332,0.0,35.15999984741211,34.279998779296875,34.5,0.0,90521500
2002-04-05,28.96137046813965,0.0,34.369998931884766,0.0,35.16999816894531,34.18000030517578,35.0099983215332,0.0,68426000
2002-04-08,29.323705673217773,0.0,34.79999923706055,0.0,34.79999923706055,33.41999816894531,33.470001220703125,0.0,74950700
2002-04-09,28.30411720275879,0.0,33.59000015258789,0.0,34.97999954223633,33.4900016784668,34.779998779296875,0.0,80910200
2002-04-10,28.514772415161133,0.0,33.84000015258789,0.0,34.25,33.130001068115234,33.7599983215332,0.0,85748700
2002-04-11,27.80695915222168,0.0,33.0,0.0,33.849998474121094,32.880001068115234,33.65999984741211,0.0,90665600
2002-04-12,28.245121002197266,0.0,33.52000045776367,0.0,33.79999923706055,32.95000076293945,33.31999969482422,0.0,78360100
2002-04-15,28.4726505279541,0.0,33.790000915527344,0.0,33.959999084472656,33.20000076293945,33.79999923706055,0.0,69306800
2002-04-16,29.66077041625977,0.0,35.20000076293945,0.0,35.220001220703125,34.40999984741211,34.43000030517578,0.0,72064700
2002-04-17,29.50908660888672,0.0,35.02000045776367,0.0,35.5,34.650001525878906,35.400001525878906,0.0,69130100
2002-04-18,28.94452667236328,0.0,34.349998474121094,0.0,35.150001525878906,34.0,34.779998779296875,0.0,91086100
2002-04-19,29.03721237182617,0.0,34.459999084472656,0.0,35.060001373291016,34.380001068115234,35.04999923706055,0.0,62286800
2002-04-22,28.30411720275879,0.0,33.59000015258789,0.0,34.0099983215332,33.25,34.0099983215332,0.0,64625600
2002-04-23,27.815385818481445,0.0,33.0099983215332,0.0,33.939998626708984,32.70000076293945,33.59000015258789,0.0,73070300
2002-04-24,27.385637283325195,0.0,32.5,0.0,33.310001373291016,32.20000076293945,33.209999084472656,0.0,68953900
2002-04-25,27.318233489990234,0.0,32.41999816894531,0.0,32.72999954223633,32.0,32.29999923706055,0.0,103073700
2002-04-26,26.155393600463867,0.0,31.040000915527344,0.0,32.779998779296875,31.01000022888184,32.65999984741211,0.0,100193400
2002-04-29,26.22280502319336,0.0,31.1200008392334,0.0,31.549999237060547,30.559999465942383,31.239999771118164,0.0,85326800
2002-04-30,26.73680877685547,0.0,31.729999542236328,0.0,32.189998626708984,30.940000534057617,31.030000686645508,0.0,95357900
2002-05-01,26.593563079833984,0.0,31.559999465942383,0.0,31.84000015258789,30.57999992370605,31.670000076293945,0.0,109975700
2002-05-02,25.70879554748535,0.0,30.51000022888184,0.0,31.989999771118164,30.459999084472656,31.38999938964844,0.0,85852200
2002-05-03,25.059968948364254,0.0,29.739999771118164,0.0,30.51000022888184,29.479999542236328,30.46999931335449,0.0,92103200
2002-05-06,24.41114044189453,0.0,28.96999931335449,0.0,29.979999542236328,28.850000381469727,29.6299991607666,0.0,96491200
2002-05-07,24.183631896972656,0.0,28.700000762939453,0.0,29.350000381469727,28.420000076293945,29.270000457763672,0.0,101954400
2002-05-08,26.77052879333496,0.0,31.770000457763672,0.0,31.8799991607666,30.0,30.1299991607666,0.0,129741500
2002-05-09,26.079559326171875,0.0,30.950000762939453,0.0,31.88999938964844,30.799999237060547,31.56999969482422,0.0,106477200
2002-05-10,24.90829849243164,0.0,29.559999465942383,0.0,31.09000015258789,29.5,31.01000022888184,0.0,112282800
2002-05-13,25.91946029663086,0.0,30.76000022888184,0.0,30.979999542236328,29.670000076293945,29.8700008392334,0.0,93971200
2002-05-14,27.44462013244629,0.0,32.56999969482422,0.0,32.650001525878906,31.8700008392334,32.04999923706055,0.0,107284700
2002-05-15,27.646873474121094,0.0,32.810001373291016,0.0,33.630001068115234,31.850000381469727,32.08000183105469,0.0,150522100
2002-05-16,27.68899345397949,0.0,32.86000061035156,0.0,33.04999923706055,32.220001220703125,32.540000915527344,0.0,89916300
2002-05-17,27.747982025146484,0.0,32.93000030517578,0.0,33.40999984741211,32.470001220703125,33.290000915527344,0.0,82695000
2002-05-20,27.14128303527832,0.0,32.209999084472656,0.0,32.70000076293945,31.940000534057617,32.599998474121094,0.0,78144200
2002-05-21,26.39976501464844,0.0,31.32999992370605,0.0,32.59000015258789,31.0,32.36000061035156,0.0,104180000
2002-05-22,26.458738327026367,0.0,31.399999618530277,0.0,31.59000015258789,30.40999984741211,30.96999931335449,0.0,89543100
2002-05-23,26.98960304260254,0.0,32.029998779296875,0.0,32.099998474121094,30.799999237060547,31.6299991607666,0.0,94445800
2002-05-24,26.323923110961918,0.0,31.239999771118164,0.0,31.690000534057617,31.01000022888184,31.59000015258789,0.0,55874600
2002-05-28,26.205957412719727,0.0,31.100000381469727,0.0,31.520000457763672,30.489999771118164,31.46999931335449,0.0,68829400
2002-05-29,25.51499366760254,0.0,30.280000686645508,0.0,30.899999618530277,30.239999771118164,30.65999984741211,0.0,73470200
2002-05-30,25.734073638916016,0.0,30.540000915527344,0.0,30.71999931335449,29.899999618530277,30.01000022888184,0.0,92080500
2002-05-31,25.312763214111328,0.0,30.040000915527344,0.0,31.040000915527344,30.0,30.76000022888184,0.0,79907400
2002-06-03,24.41956329345703,0.0,28.979999542236328,0.0,30.25,28.790000915527344,30.0,0.0,77043700
2002-06-04,24.739765167236328,0.0,29.36000061035156,0.0,29.68000030517578,28.61000061035156,28.75,0.0,98366200
2002-06-05,24.9925537109375,0.0,29.65999984741211,0.0,29.799999237060547,28.96999931335449,29.420000076293945,0.0,95347100
2002-06-06,24.33530807495117,0.0,28.8799991607666,0.0,29.51000022888184,27.899999618530277,29.51000022888184,0.0,91129700
2002-06-07,23.84657096862793,0.0,28.299999237060547,0.0,28.790000915527344,27.520000457763672,27.6299991607666,0.0,106049200
2002-06-10,23.804445266723636,0.0,28.25,0.0,28.75,28.13999938964844,28.36000061035156,0.0,73142900
2002-06-11,23.138761520385746,0.0,27.459999084472656,0.0,28.690000534057617,27.36000061035156,28.600000381469727,0.0,84609500
2002-06-12,23.47582054138184,0.0,27.86000061035156,0.0,27.959999084472656,26.82999992370605,27.239999771118164,0.0,152974400
2002-06-13,23.32413482666016,0.0,27.68000030517578,0.0,28.209999084472656,27.350000381469727,27.76000022888184,0.0,97556300
2002-06-14,23.273584365844727,0.0,27.6200008392334,0.0,27.71999931335449,26.200000762939453,26.86000061035156,0.0,122106800
2002-06-17,24.065650939941406,0.0,28.559999465942383,0.0,28.75,27.90999984741211,28.0,0.0,87618100
2002-06-18,24.45326805114746,0.0,29.020000457763672,0.0,29.149999618530277,28.280000686645508,28.309999465942383,0.0,100513400
2002-06-19,23.037635803222656,0.0,27.34000015258789,0.0,28.31999969482422,27.25,28.100000381469727,0.0,93507600
2002-06-20,22.29612159729004,0.0,26.459999084472656,0.0,27.450000762939453,25.670000076293945,27.270000457763672,0.0,99913200
2002-06-21,21.756839752197266,0.0,25.81999969482422,0.0,26.780000686645508,25.649999618530277,26.36000061035156,0.0,168755100
2002-06-24,22.18657875061035,0.0,26.32999992370605,0.0,26.799999237060547,25.209999084472656,25.450000762939453,0.0,219672100
2002-06-25,21.453493118286133,0.0,25.459999084472656,0.0,26.71999931335449,25.299999237060547,26.57999992370605,0.0,136336400
2002-06-26,21.613588333129883,0.0,25.649999618530277,0.0,25.780000686645508,24.38999938964844,24.43000030517578,0.0,149080300
2002-06-27,22.085464477539062,0.0,26.209999084472656,0.0,26.25,25.020000457763672,26.0,0.0,121371100
2002-06-28,21.99277114868164,0.0,26.100000381469727,0.0,26.75,25.850000381469727,26.049999237060547,0.0,87842000
2002-07-01,20.93948554992676,0.0,24.850000381469727,0.0,26.13999938964844,24.780000686645508,25.96999931335449,0.0,64753900
2002-07-02,20.181114196777344,0.0,23.950000762939453,0.0,24.75,23.09000015258789,24.600000381469727,0.0,111629600
2002-07-03,20.85521697998047,0.0,24.75,0.0,24.75,23.6200008392334,23.850000381469727,0.0,101067000
2002-07-05,22.19500160217285,0.0,26.34000015258789,0.0,26.38999938964844,25.049999237060547,25.26000022888184,0.0,56768300
2002-07-08,21.386079788208008,0.0,25.3799991607666,0.0,26.549999237060547,25.07999992370605,26.200000762939453,0.0,97288500
2002-07-09,20.779386520385746,0.0,24.65999984741211,0.0,25.479999542236328,24.59000015258789,25.25,0.0,91039600
2002-07-10,20.13897705078125,0.0,23.899999618530277,0.0,25.030000686645508,23.82999992370605,24.989999771118164,0.0,115365200
2002-07-11,20.897348403930664,0.0,24.799999237060547,0.0,24.88999938964844,23.530000686645508,23.76000022888184,0.0,170271200
2002-07-12,20.897348403930664,0.0,24.799999237060547,0.0,25.520000457763672,24.549999237060547,25.25,0.0,130027800
2002-07-15,21.54618453979492,0.0,25.56999969482422,0.0,25.63999938964844,23.75,24.68000030517578,0.0,140207200
2002-07-16,21.225980758666992,0.0,25.190000534057617,0.0,26.020000457763672,24.899999618530277,25.25,0.0,148281700
2002-07-17,21.613588333129883,0.0,25.649999618530277,0.0,26.440000534057617,24.88999938964844,26.06999969482422,0.0,157954700
2002-07-18,20.838359832763672,0.0,24.729999542236328,0.0,25.56999969482422,24.520000457763672,25.3799991607666,0.0,114052300
2002-07-19,20.214824676513672,0.0,23.989999771118164,0.0,24.709999084472656,23.799999237060547,24.32999992370605,0.0,124116400
2002-07-22,19.71766471862793,0.0,23.399999618530277,0.0,24.5,23.09000015258789,23.850000381469727,0.0,150034800
2002-07-23,18.875030517578125,0.0,22.399999618530277,0.0,23.75,22.280000686645508,23.450000762939453,0.0,150786800
2002-07-24,19.903045654296875,0.0,23.6200008392334,0.0,23.65999984741211,21.63999938964844,21.809999465942383,0.0,186493600
2002-07-25,18.74863052368164,0.0,22.25,0.0,23.399999618530277,21.799999237060547,23.25,0.0,153915500
2002-07-26,19.10254669189453,0.0,22.670000076293945,0.0,22.84000015258789,22.01000022888184,22.559999465942383,0.0,96034200
2002-07-29,20.079988479614254,0.0,23.82999992370605,0.0,24.1200008392334,23.07999992370605,23.270000457763672,0.0,96735200
2002-07-30,20.48444938659668,0.0,24.309999465942383,0.0,24.690000534057617,23.59000015258789,23.729999542236328,0.0,117394300
2002-07-31,20.09684944152832,0.0,23.850000381469727,0.0,24.190000534057617,23.36000061035156,24.0,0.0,93831300
2002-08-01,19.15309333801269,0.0,22.729999542236328,0.0,23.899999618530277,22.65999984741211,23.739999771118164,0.0,85149700
2002-08-02,18.74863052368164,0.0,22.25,0.0,22.84000015258789,21.81999969482422,22.780000686645508,0.0,86706000
2002-08-05,18.06610107421875,0.0,21.440000534057617,0.0,22.31999969482422,21.299999237060547,22.11000061035156,0.0,84897800
2002-08-06,18.95929336547852,0.0,22.5,0.0,23.01000022888184,21.790000915527344,21.799999237060547,0.0,115364600
2002-08-07,19.21209144592285,0.0,22.799999237060547,0.0,23.3700008392334,21.959999084472656,23.200000762939453,0.0,125677100
2002-08-08,19.860918045043945,0.0,23.56999969482422,0.0,23.600000381469727,22.299999237060547,22.75,0.0,111697900
2002-08-09,19.65867805480957,0.0,23.32999992370605,0.0,23.709999084472656,22.8799991607666,23.200000762939453,0.0,93576900
2002-08-12,19.71766471862793,0.0,23.399999618530277,0.0,23.479999542236328,22.899999618530277,23.049999237060547,0.0,62870900
2002-08-13,19.04355239868164,0.0,22.600000381469727,0.0,23.8700008392334,22.549999237060547,23.229999542236328,0.0,88434400
2002-08-14,20.256946563720703,0.0,24.040000915527344,0.0,24.200000762939453,22.46999931335449,22.670000076293945,0.0,102613500
2002-08-15,20.669836044311523,0.0,24.530000686645508,0.0,24.549999237060547,23.71999931335449,24.239999771118164,0.0,120307800
2002-08-16,20.813085556030277,0.0,24.700000762939453,0.0,25.0,23.729999542236328,24.1299991607666,0.0,95853000
2002-08-19,21.318666458129883,0.0,25.299999237060547,0.0,25.59000015258789,24.68000030517578,24.770000457763672,0.0,76015900
2002-08-20,21.225980758666992,0.0,25.190000534057617,0.0,25.43000030517578,24.850000381469727,25.18000030517578,0.0,89981300
2002-08-21,21.697864532470703,0.0,25.75,0.0,25.850000381469727,25.0,25.38999938964844,0.0,101365500
2002-08-22,22.043333053588867,0.0,26.15999984741211,0.0,26.209999084472656,25.420000076293945,25.739999771118164,0.0,80345500
2002-08-23,21.19226837158203,0.0,25.149999618530277,0.0,25.809999465942383,24.950000762939453,25.799999237060547,0.0,75211200
2002-08-26,21.27655029296875,0.0,25.25,0.0,25.38999938964844,24.61000061035156,25.299999237060547,0.0,83335400
2002-08-27,20.53501892089844,0.0,24.3700008392334,0.0,25.51000022888184,24.149999618530277,25.43000030517578,0.0,92340400
2002-08-28,19.78506851196289,0.0,23.479999542236328,0.0,24.09000015258789,23.38999938964844,24.020000457763672,0.0,115562300
2002-08-29,20.046295166015625,0.0,23.790000915527344,0.0,24.21999931335449,23.020000457763672,23.200000762939453,0.0,97028200
2002-08-30,19.79348373413086,0.0,23.489999771118164,0.0,24.0,23.3799991607666,23.6200008392334,0.0,59474900
2002-09-03,19.07726287841797,0.0,22.63999938964844,0.0,23.43000030517578,22.34000015258789,23.059999465942383,0.0,81828100
2002-09-04,19.15309333801269,0.0,22.729999542236328,0.0,23.020000457763672,22.239999771118164,22.5,0.0,82717600
2002-09-05,18.68120574951172,0.0,22.170000076293945,0.0,22.5,21.93000030517578,22.399999618530277,0.0,91576600
2002-09-06,19.25419807434082,0.0,22.850000381469727,0.0,23.21999931335449,22.600000381469727,22.65999984741211,0.0,86008800
2002-09-09,19.448017120361328,0.0,23.07999992370605,0.0,23.3700008392334,22.38999938964844,22.670000076293945,0.0,72679500
2002-09-10,19.928319931030277,0.0,23.649999618530277,0.0,23.670000076293945,23.030000686645508,23.229999542236328,0.0,74615800
2002-09-11,19.75979995727539,0.0,23.450000762939453,0.0,24.350000381469727,23.420000076293945,24.1200008392334,0.0,73902800
2002-09-12,19.220508575439453,0.0,22.809999465942383,0.0,23.26000022888184,22.709999084472656,23.229999542236328,0.0,70763500
2002-09-13,19.372180938720703,0.0,22.989999771118164,0.0,23.07999992370605,22.520000457763672,22.600000381469727,0.0,79716100
2002-09-16,19.0941104888916,0.0,22.65999984741211,0.0,23.0,22.3700008392334,22.86000061035156,0.0,58853600
2002-09-17,18.68965148925781,0.0,22.18000030517578,0.0,23.209999084472656,22.18000030517578,23.049999237060547,0.0,89139700
2002-09-18,18.47898292541504,0.0,21.93000030517578,0.0,22.549999237060547,21.780000686645508,22.01000022888184,0.0,92358300
2002-09-19,18.18407249450684,0.0,21.57999992370605,0.0,22.1299991607666,21.549999237060547,21.700000762939453,0.0,86247700
2002-09-20,18.259904861450195,0.0,21.670000076293945,0.0,21.899999618530277,21.479999542236328,21.82999992370605,0.0,78116900
2002-09-23,17.712194442749023,0.0,21.020000457763672,0.0,21.520000457763672,20.809999465942383,21.450000762939453,0.0,72757500
2002-09-24,17.720617294311523,0.0,21.030000686645508,0.0,21.450000762939453,20.649999618530277,20.68000030517578,0.0,91507300
2002-09-25,18.428436279296875,0.0,21.8700008392334,0.0,22.040000915527344,21.100000381469727,21.350000381469727,0.0,98051900
2002-09-26,18.20092010498047,0.0,21.600000381469727,0.0,22.32999992370605,21.3700008392334,22.15999984741211,0.0,104453500
2002-09-27,17.956558227539062,0.0,21.309999465942383,0.0,22.209999084472656,21.309999465942383,21.549999237060547,0.0,92249700
2002-09-30,17.459400177001953,0.0,20.71999931335449,0.0,21.239999771118164,20.489999771118164,21.06999969482422,0.0,91502500
2002-10-01,18.5211181640625,0.0,21.979999542236328,0.0,21.989999771118164,20.46999931335449,20.90999984741211,0.0,102096000
2002-10-02,17.9060001373291,0.0,21.25,0.0,21.96999931335449,20.96999931335449,21.51000022888184,0.0,94829700
2002-10-03,17.47624969482422,0.0,20.739999771118164,0.0,21.399999618530277,20.68000030517578,21.059999465942383,0.0,74354800
2002-10-04,17.147611618041992,0.0,20.350000381469727,0.0,21.020000457763672,20.11000061035156,20.940000534057617,0.0,81837100
2002-10-07,16.987529754638672,0.0,20.15999984741211,0.0,20.59000015258789,19.850000381469727,20.26000022888184,0.0,79861800
2002-10-08,17.021230697631836,0.0,20.200000762939453,0.0,20.61000061035156,19.76000022888184,20.280000686645508,0.0,94103100
2002-10-09,16.903257369995117,0.0,20.059999465942383,0.0,20.530000686645508,19.84000015258789,19.940000534057617,0.0,103301000
2002-10-10,17.762746810913086,0.0,21.07999992370605,0.0,21.209999084472656,19.90999984741211,20.100000381469727,0.0,109610500
2002-10-11,18.723350524902344,0.0,22.21999931335449,0.0,22.3799991607666,21.420000076293945,21.549999237060547,0.0,124777400
2002-10-14,18.94243812561035,0.0,22.479999542236328,0.0,22.5,21.780000686645508,21.8700008392334,0.0,78890300
2002-10-15,19.85247802734375,0.0,23.559999465942383,0.0,23.6299991607666,23.18000030517578,23.440000534057617,0.0,118176000
2002-10-16,19.195222854614254,0.0,22.780000686645508,0.0,23.15999984741211,22.06999969482422,22.709999084472656,0.0,97441900
2002-10-17,19.84406089782715,0.0,23.549999237060547,0.0,23.809999465942383,22.57999992370605,23.600000381469727,0.0,95754500
2002-10-18,20.063138961791992,0.0,23.809999465942383,0.0,23.850000381469727,22.93000030517578,23.280000686645508,0.0,84941900
2002-10-21,20.467607498168945,0.0,24.290000915527344,0.0,24.450000762939453,23.299999237060547,23.520000457763672,0.0,85311500
2002-10-22,20.341209411621094,0.0,24.13999938964844,0.0,24.34000015258789,23.649999618530277,23.729999542236328,0.0,89947000
2002-10-23,20.728816986083984,0.0,24.600000381469727,0.0,24.6299991607666,23.670000076293945,23.850000381469727,0.0,88093500
2002-10-24,20.20639038085937,0.0,23.979999542236328,0.0,24.86000061035156,23.920000076293945,24.68000030517578,0.0,88674800
2002-10-25,20.813085556030277,0.0,24.700000762939453,0.0,24.75,23.989999771118164,23.989999771118164,0.0,71557300
2002-10-28,20.63613510131836,0.0,24.489999771118164,0.0,25.040000915527344,24.170000076293945,25.0,0.0,90272000
2002-10-29,20.15582656860352,0.0,23.920000076293945,0.0,24.46999931335449,23.3700008392334,24.309999465942383,0.0,90293800
2002-10-30,20.695117950439453,0.0,24.559999465942383,0.0,24.790000915527344,23.850000381469727,24.059999465942383,0.0,103531100
2002-10-31,20.686687469482425,0.0,24.549999237060547,0.0,25.040000915527344,24.36000061035156,24.65999984741211,0.0,81493100
2002-11-01,21.27655029296875,0.0,25.25,0.0,25.399999618530277,24.13999938964844,24.3700008392334,0.0,86658400
2002-11-04,21.82424736022949,0.0,25.899999618530277,0.0,26.81999969482422,25.799999237060547,26.049999237060547,0.0,110562400
2002-11-05,21.99277114868164,0.0,26.100000381469727,0.0,26.170000076293945,25.559999465942383,25.709999084472656,0.0,79603300
2002-11-06,22.30454635620117,0.0,26.46999931335449,0.0,26.61000061035156,25.63999938964844,26.290000915527344,0.0,116251700
2002-11-07,21.520904541015625,0.0,25.540000915527344,0.0,26.100000381469727,25.309999465942383,25.989999771118164,0.0,82711600
2002-11-08,21.124866485595703,0.0,25.06999969482422,0.0,25.8700008392334,24.959999084472656,25.489999771118164,0.0,76937600
2002-11-11,20.48444938659668,0.0,24.309999465942383,0.0,25.020000457763672,24.149999618530277,24.950000762939453,0.0,74384300
2002-11-12,21.00689125061035,0.0,24.93000030517578,0.0,25.399999618530277,24.399999618530277,24.399999618530277,0.0,88748800
2002-11-13,21.259689331054688,0.0,25.229999542236328,0.0,25.700000762939453,24.489999771118164,24.700000762939453,0.0,119341800
2002-11-14,21.99277114868164,0.0,26.100000381469727,0.0,26.420000076293945,25.520000457763672,25.57999992370605,0.0,85720100
2002-11-15,22.279273986816406,0.0,26.440000534057617,0.0,26.450000762939453,25.75,25.899999618530277,0.0,69291300
2002-11-18,21.95064163208008,0.0,26.049999237060547,0.0,26.770000457763672,25.989999771118164,26.709999084472656,0.0,76238000
2002-11-19,21.613588333129883,0.0,25.649999618530277,0.0,26.049999237060547,25.299999237060547,25.799999237060547,0.0,88139200
2002-11-20,22.53206443786621,0.0,26.739999771118164,0.0,26.75,25.540000915527344,25.559999465942383,0.0,75104700
2002-11-21,23.36627197265625,0.0,27.729999542236328,0.0,27.84000015258789,26.75,26.93000030517578,0.0,105472900
2002-11-22,23.357845306396484,0.0,27.71999931335449,0.0,27.940000534057617,27.31999969482422,27.3700008392334,0.0,73808600
2002-11-25,23.585355758666992,0.0,27.989999771118164,0.0,28.200000762939453,27.540000915527344,27.76000022888184,0.0,72666100
2002-11-26,22.79328155517578,0.0,27.049999237060547,0.0,27.8700008392334,26.899999618530277,27.780000686645508,0.0,80017900
2002-11-27,23.517946243286133,0.0,27.90999984741211,0.0,28.200000762939453,27.479999542236328,27.530000686645508,0.0,73643900
2002-11-29,23.357845306396484,0.0,27.71999931335449,0.0,28.290000915527344,27.21999931335449,28.209999084472656,0.0,34652100
2002-12-02,23.593786239624023,0.0,28.0,0.0,28.790000915527344,27.56999969482422,28.420000076293945,0.0,85136000
2002-12-03,22.89439392089844,0.0,27.170000076293945,0.0,27.57999992370605,26.93000030517578,27.549999237060547,0.0,76595500
2002-12-04,22.388811111450195,0.0,26.56999969482422,0.0,26.950000762939453,26.209999084472656,26.559999465942383,0.0,130115900
2002-12-05,22.07704162597656,0.0,26.200000762939453,0.0,27.0,26.1299991607666,26.950000762939453,0.0,84933200
2002-12-06,22.30454635620117,0.0,26.46999931335449,0.0,26.71999931335449,25.739999771118164,25.809999465942383,0.0,81727900
2002-12-09,21.251256942749023,0.0,25.21999931335449,0.0,26.549999237060547,25.200000762939453,26.21999931335449,0.0,75855200
2002-12-10,21.57147026062012,0.0,25.600000381469727,0.0,25.950000762939453,25.350000381469727,25.420000076293945,0.0,69578300
2002-12-11,21.67257308959961,0.0,25.71999931335449,0.0,26.06999969482422,25.31999969482422,25.440000534057617,0.0,64237600
2002-12-12,21.790546417236328,0.0,25.86000061035156,0.0,26.690000534057617,25.559999465942383,26.0,0.0,62296400
2002-12-13,21.099573135375977,0.0,25.040000915527344,0.0,25.56999969482422,25.01000022888184,25.520000457763672,0.0,72647800
2002-12-16,21.78211784362793,0.0,25.850000381469727,0.0,25.959999084472656,25.06999969482422,25.21999931335449,0.0,60278500
2002-12-17,21.849536895751957,0.0,25.93000030517578,0.0,26.200000762939453,25.65999984741211,25.809999465942383,0.0,62562700
2002-12-18,21.386079788208008,0.0,25.3799991607666,0.0,25.600000381469727,25.049999237060547,25.549999237060547,0.0,67130700
2002-12-19,21.116432189941406,0.0,25.059999465942383,0.0,25.780000686645508,24.809999465942383,25.170000076293945,0.0,95969700
2002-12-20,21.33551597595215,0.0,25.31999969482422,0.0,25.450000762939453,25.06999969482422,25.32999992370605,0.0,65578600
2002-12-23,21.630443572998047,0.0,25.670000076293945,0.0,25.76000022888184,25.1299991607666,25.18000030517578,0.0,45941700
2002-12-24,21.360801696777344,0.0,25.350000381469727,0.0,25.729999542236328,25.31999969482422,25.5,0.0,16772700
2002-12-26,21.301815032958984,0.0,25.280000686645508,0.0,25.90999984741211,25.170000076293945,25.530000686645508,0.0,33795400
2002-12-27,20.9141902923584,0.0,24.81999969482422,0.0,25.850000381469727,24.75,25.18000030517578,0.0,42490200
2002-12-30,20.75410842895508,0.0,24.6299991607666,0.0,24.96999931335449,24.36000061035156,24.84000015258789,0.0,57396400
2002-12-31,20.53501892089844,0.0,24.3700008392334,0.0,24.709999084472656,24.280000686645508,24.540000915527344,0.0,46015400
2003-01-02,21.402942657470703,0.0,25.399999618530277,0.0,25.549999237060547,24.450000762939453,24.71999931335449,0.0,65903200
2003-01-03,21.63888168334961,0.0,25.68000030517578,0.0,25.709999084472656,25.280000686645508,25.459999084472656,0.0,39059500
2003-01-06,22.178157806396484,0.0,26.31999969482422,0.0,26.59000015258789,25.200000762939453,25.709999084472656,0.0,67223400
2003-01-07,22.456226348876957,0.0,26.649999618530277,0.0,26.93000030517578,26.25,26.40999984741211,0.0,88726100
2003-01-08,21.82424736022949,0.0,25.899999618530277,0.0,26.96999931335449,25.84000015258789,26.38999938964844,0.0,74989900
2003-01-09,22.498353958129883,0.0,26.700000762939453,0.0,26.979999542236328,26.21999931335449,26.239999771118164,0.0,75391100
2003-01-10,22.83540344238281,0.0,27.100000381469727,0.0,27.26000022888184,26.21999931335449,26.350000381469727,0.0,82594300
2003-01-13,22.700592041015625,0.0,26.940000534057617,0.0,27.46999931335449,26.729999542236328,27.32999992370605,0.0,72870300
2003-01-14,22.818559646606445,0.0,27.07999992370605,0.0,27.31999969482422,26.850000381469727,26.90999984741211,0.0,46993800
2003-01-15,22.53206443786621,0.0,26.739999771118164,0.0,27.350000381469727,26.57999992370605,27.239999771118164,0.0,55131000
2003-01-16,22.279273986816406,0.0,26.440000534057617,0.0,26.979999542236328,26.25,26.790000915527344,0.0,68740300
2003-01-17,21.32709503173828,0.0,25.309999465942383,0.0,25.940000534057617,25.270000457763672,25.899999618530277,0.0,77289400
2003-01-21,21.09115219116211,0.0,25.030000686645508,0.0,25.549999237060547,25.020000457763672,25.40999984741211,0.0,67729600
2003-01-22,21.00689125061035,0.0,24.93000030517578,0.0,25.530000686645508,24.8700008392334,24.959999084472656,0.0,80020200
2003-01-23,21.49562263488769,0.0,25.51000022888184,0.0,25.84000015258789,25.11000061035156,25.399999618530277,0.0,78471100
2003-01-24,20.9141902923584,0.0,24.81999969482422,0.0,25.530000686645508,24.63999938964844,25.530000686645508,0.0,74519700
2003-01-27,20.669836044311523,0.0,24.530000686645508,0.0,25.030000686645508,24.3700008392334,24.450000762939453,0.0,76561000
2003-01-28,20.8804931640625,0.0,24.780000686645508,0.0,25.049999237060547,24.420000076293945,24.770000457763672,0.0,65217200
2003-01-29,21.19226837158203,0.0,25.149999618530277,0.0,25.450000762939453,24.34000015258789,24.76000022888184,0.0,95717500
2003-01-30,20.644561767578125,0.0,24.5,0.0,25.420000076293945,24.489999771118164,25.31999969482422,0.0,70333800
2003-01-31,20.5939998626709,0.0,24.440000534057617,0.0,24.76000022888184,24.01000022888184,24.059999465942383,0.0,90505600
2003-02-03,20.63613510131836,0.0,24.489999771118164,0.0,24.790000915527344,24.3799991607666,24.520000457763672,0.0,53158800
2003-02-04,20.383344650268555,0.0,24.190000534057617,0.0,24.299999237060547,23.81999969482422,24.18000030517578,0.0,68235700
2003-02-05,20.290658950805664,0.0,24.07999992370605,0.0,24.86000061035156,24.01000022888184,24.32999992370605,0.0,80107700
2003-02-06,20.400192260742188,0.0,24.209999084472656,0.0,24.350000381469727,23.86000061035156,24.040000915527344,0.0,103552000
2003-02-07,20.063138961791992,0.0,23.809999465942383,0.0,24.450000762939453,23.649999618530277,24.36000061035156,0.0,72312400
2003-02-10,20.24009132385254,0.0,24.020000457763672,0.0,24.25,23.6200008392334,23.88999938964844,0.0,67572600
2003-02-11,20.34963798522949,0.0,24.149999618530277,0.0,24.61000061035156,23.920000076293945,24.25,0.0,77823300
2003-02-12,20.07157516479492,0.0,23.81999969482422,0.0,24.32999992370605,23.780000686645508,24.06999969482422,0.0,51753000
2003-02-13,20.172679901123047,0.0,23.940000534057617,0.0,23.979999542236328,23.31999969482422,23.850000381469727,0.0,77387400
2003-02-14,20.63613510131836,0.0,24.489999771118164,0.0,24.5,23.6200008392334,23.82999992370605,0.0,67510400
2003-02-18,21.27655029296875,0.0,25.25,0.0,25.34000015258789,24.68000030517578,24.700000762939453,0.0,73976800
2003-02-19,21.1332950592041,0.0,25.07999992370605,0.0,25.239999771118164,24.709999084472656,25.200000762939453,0.0,45541400
2003-02-20,21.04903030395508,0.0,24.979999542236328,0.0,25.270000457763672,24.84000015258789,25.149999618530277,0.0,59759800
2003-02-21,21.209125518798828,0.0,25.170000076293945,0.0,25.3700008392334,24.51000022888184,24.93000030517578,0.0,70228500
2003-02-24,20.846790313720703,0.0,24.739999771118164,0.0,25.209999084472656,24.709999084472656,25.1299991607666,0.0,56646600
2003-02-25,20.8720703125,0.0,24.770000457763672,0.0,24.950000762939453,24.07999992370605,24.450000762939453,0.0,74440700
2003-02-26,20.40862846374512,0.0,24.21999931335449,0.0,24.940000534057617,24.200000762939453,24.68000030517578,0.0,60005600
2003-02-27,20.8720703125,0.0,24.770000457763672,0.0,24.920000076293945,24.270000457763672,24.420000076293945,0.0,66424000
2003-02-28,21.20070457458496,0.0,25.15999984741211,0.0,25.21999931335449,24.71999931335449,24.809999465942383,0.0,50185800
2003-03-03,20.77095413208008,0.0,24.649999618530277,0.0,25.479999542236328,24.559999465942383,25.270000457763672,0.0,60414400
2003-03-04,20.644561767578125,0.0,24.5,0.0,24.770000457763672,24.420000076293945,24.65999984741211,0.0,56043500
2003-03-05,20.686687469482425,0.0,24.549999237060547,0.0,24.780000686645508,24.31999969482422,24.399999618530277,0.0,69096500
2003-03-06,20.63613510131836,0.0,24.489999771118164,0.0,24.68000030517578,24.229999542236328,24.43000030517578,0.0,59108600
2003-03-07,20.678268432617188,0.0,24.540000915527344,0.0,24.690000534057617,23.959999084472656,24.07999992370605,0.0,73291000
2003-03-10,20.231672286987305,0.0,24.01000022888184,0.0,24.450000762939453,23.90999984741211,24.32999992370605,0.0,55948000
2003-03-11,20.054710388183597,0.0,23.799999237060547,0.0,24.239999771118164,23.780000686645508,24.059999465942383,0.0,54934200
2003-03-12,20.417037963867188,0.0,24.229999542236328,0.0,24.239999771118164,23.540000915527344,23.76000022888184,0.0,77859800
2003-03-13,21.58831024169922,0.0,25.6200008392334,0.0,25.649999618530277,24.399999618530277,24.63999938964844,0.0,128537600
2003-03-14,21.67257308959961,0.0,25.71999931335449,0.0,25.979999542236328,25.36000061035156,25.729999542236328,0.0,89794400
2003-03-17,22.41410255432129,0.0,26.600000381469727,0.0,26.799999237060547,25.350000381469727,25.43000030517578,0.0,141040800
2003-03-18,22.69217300415039,0.0,26.93000030517578,0.0,26.96999931335449,26.420000076293945,26.799999237060547,0.0,96548700
2003-03-19,22.498353958129883,0.0,26.700000762939453,0.0,26.950000762939453,26.32999992370605,26.850000381469727,0.0,91315100
2003-03-20,22.582624435424805,0.0,26.799999237060547,0.0,27.13999938964844,26.170000076293945,26.540000915527344,0.0,92789700
2003-03-21,22.89439392089844,0.0,27.170000076293945,0.0,27.3799991607666,26.200000762939453,27.209999084472656,0.0,93304600
2003-03-24,21.94221305847168,0.0,26.040000915527344,0.0,26.600000381469727,25.96999931335449,26.46999931335449,0.0,85244500
2003-03-25,22.253990173339844,0.0,26.40999984741211,0.0,26.76000022888184,26.01000022888184,26.149999618530277,0.0,78731500
2003-03-26,22.380386352539062,0.0,26.559999465942383,0.0,26.770000457763672,26.36000061035156,26.5,0.0,67880200
2003-03-27,22.22028160095215,0.0,26.3700008392334,0.0,26.649999618530277,26.100000381469727,26.270000457763672,0.0,64113100
2003-03-28,21.975923538208008,0.0,26.07999992370605,0.0,26.43000030517578,25.950000762939453,26.13999938964844,0.0,45374700
2003-03-31,21.27655029296875,0.0,25.25,0.0,25.729999542236328,25.209999084472656,25.600000381469727,0.0,89345300
2003-04-01,21.445070266723636,0.0,25.450000762939453,0.0,25.670000076293945,25.25,25.440000534057617,0.0,73159500
2003-04-02,22.03490257263184,0.0,26.149999618530277,0.0,26.559999465942383,26.030000686645508,26.059999465942383,0.0,75843800
2003-04-03,22.312973022460938,0.0,26.479999542236328,0.0,26.850000381469727,26.309999465942383,26.63999938964844,0.0,70138200
2003-04-04,21.95064163208008,0.0,26.049999237060547,0.0,26.600000381469727,25.96999931335449,26.56999969482422,0.0,65665700
2003-04-07,21.984346389770508,0.0,26.09000015258789,0.0,27.200000762939453,26.06999969482422,27.11000061035156,0.0,83842700
2003-04-08,21.959074020385746,0.0,26.059999465942383,0.0,26.290000915527344,25.8799991607666,26.149999618530277,0.0,54250600
2003-04-09,21.453493118286133,0.0,25.459999084472656,0.0,26.280000686645508,25.40999984741211,26.100000381469727,0.0,76457100
2003-04-10,21.714712142944336,0.0,25.770000457763672,0.0,25.770000457763672,25.299999237060547,25.459999084472656,0.0,57017500
2003-04-11,21.49562263488769,0.0,25.51000022888184,0.0,26.15999984741211,25.36000061035156,26.020000457763672,0.0,67974500
2003-04-14,21.93379592895508,0.0,26.030000686645508,0.0,26.13999938964844,25.489999771118164,25.600000381469727,0.0,52476200
2003-04-15,22.14444923400879,0.0,26.280000686645508,0.0,26.459999084472656,25.850000381469727,25.96999931335449,0.0,64655700
2003-04-16,22.09389305114746,0.0,26.21999931335449,0.0,26.82999992370605,26.1200008392334,26.649999618530277,0.0,70711600
2003-04-17,22.599470138549805,0.0,26.81999969482422,0.0,26.979999542236328,26.149999618530277,26.15999984741211,0.0,70179900
2003-04-21,22.683740615844727,0.0,26.920000076293945,0.0,27.100000381469727,26.6200008392334,26.940000534057617,0.0,52729600
2003-04-22,23.113489151000977,0.0,27.43000030517578,0.0,27.459999084472656,26.649999618530277,26.729999542236328,0.0,70757200
2003-04-23,23.282005310058597,0.0,27.6299991607666,0.0,27.75,27.26000022888184,27.5,0.0,70327100
2003-04-24,23.155611038208008,0.0,27.479999542236328,0.0,27.75,27.270000457763672,27.36000061035156,0.0,72383900
2003-04-25,22.709022521972656,0.0,26.950000762939453,0.0,27.420000076293945,26.86000061035156,27.31999969482422,0.0,63277900
2003-04-28,23.155611038208008,0.0,27.479999542236328,0.0,27.6299991607666,26.950000762939453,27.049999237060547,0.0,59666200
2003-04-29,23.36627197265625,0.0,27.729999542236328,0.0,28.059999465942383,27.40999984741211,27.63999938964844,0.0,79903800
2003-04-30,23.13033103942871,0.0,27.450000762939453,0.0,27.790000915527344,27.43000030517578,27.649999618530277,0.0,60202100
2003-05-01,23.332557678222656,0.0,27.690000534057617,0.0,27.8700008392334,27.190000534057617,27.440000534057617,0.0,66022600
2003-05-02,23.8297176361084,0.0,28.280000686645508,0.0,28.290000915527344,27.56999969482422,27.61000061035156,0.0,85004100
2003-05-05,23.804445266723636,0.0,28.25,0.0,28.709999084472656,28.170000076293945,28.32999992370605,0.0,80520300
2003-05-06,24.107789993286133,0.0,28.61000061035156,0.0,28.899999618530277,28.209999084472656,28.21999931335449,0.0,77338300
2003-05-07,23.83816146850586,0.0,28.290000915527344,0.0,28.690000534057617,28.1200008392334,28.40999984741211,0.0,70353200
2003-05-08,23.399974822998047,0.0,27.770000457763672,0.0,28.190000534057617,27.76000022888184,27.850000381469727,0.0,80249100
2003-05-09,23.939266204833984,0.0,28.40999984741211,0.0,28.479999542236328,28.0,28.040000915527344,0.0,58528200
2003-05-12,24.30159950256348,0.0,28.84000015258789,0.0,28.959999084472656,28.170000076293945,28.36000061035156,0.0,67487300
2003-05-13,24.14991950988769,0.0,28.65999984741211,0.0,28.989999771118164,28.540000915527344,28.6299991607666,0.0,64934300
2003-05-14,24.0993766784668,0.0,28.600000381469727,0.0,28.96999931335449,28.36000061035156,28.8700008392334,0.0,62181200
2003-05-15,24.369016647338867,0.0,28.920000076293945,0.0,28.979999542236328,28.559999465942383,28.75,0.0,62232100
2003-05-16,24.183631896972656,0.0,28.700000762939453,0.0,28.940000534057617,28.479999542236328,28.729999542236328,0.0,70590400
2003-05-19,23.332557678222656,0.0,27.690000534057617,0.0,28.68000030517578,27.61000061035156,28.520000457763672,0.0,91334800
2003-05-20,23.399974822998047,0.0,27.770000457763672,0.0,27.959999084472656,27.40999984741211,27.76000022888184,0.0,71817800
2003-05-21,23.332557678222656,0.0,27.690000534057617,0.0,27.75,27.440000534057617,27.649999618530277,0.0,63648500
2003-05-22,23.669620513916016,0.0,28.09000015258789,0.0,28.31999969482422,27.6200008392334,27.76000022888184,0.0,62401400
2003-05-23,23.67804908752441,0.0,28.100000381469727,0.0,28.25,27.950000762939453,28.040000915527344,0.0,37922500
2003-05-27,24.520679473876957,0.0,29.100000381469727,0.0,29.21999931335449,27.899999618530277,27.93000030517578,0.0,101422100
2003-05-28,24.596513748168945,0.0,29.190000534057617,0.0,29.399999618530277,28.959999084472656,29.15999984741211,0.0,76290400
2003-05-29,24.69763565063477,0.0,29.309999465942383,0.0,29.799999237060547,29.15999984741211,29.229999542236328,0.0,97336000
2003-05-30,25.102108001708984,0.0,29.790000915527344,0.0,29.8700008392334,29.450000762939453,29.530000686645508,0.0,78093700
2003-06-02,24.92514419555664,0.0,29.57999992370605,0.0,30.200000762939453,29.309999465942383,30.07999992370605,0.0,102937000
2003-06-03,25.16107940673828,0.0,29.86000061035156,0.0,29.8799991607666,29.32999992370605,29.440000534057617,0.0,81672600
2003-06-04,25.632953643798828,0.0,30.420000076293945,0.0,30.57999992370605,29.71999931335449,29.809999465942383,0.0,87046100
2003-06-05,25.818330764770508,0.0,30.63999938964844,0.0,30.68000030517578,29.96999931335449,30.1299991607666,0.0,88747900
2003-06-06,25.38859748840332,0.0,30.1299991607666,0.0,31.46999931335449,30.040000915527344,31.209999084472656,0.0,157178100
2003-06-09,25.05154037475586,0.0,29.729999542236328,0.0,30.21999931335449,29.530000686645508,30.0,0.0,94941800
2003-06-10,25.43073463439941,0.0,30.18000030517578,0.0,30.200000762939453,29.68000030517578,29.86000061035156,0.0,69660100
2003-06-11,25.71723175048828,0.0,30.520000457763672,0.0,30.63999938964844,29.799999237060547,30.06999969482422,0.0,87338200
2003-06-12,25.82676696777344,0.0,30.649999618530277,0.0,30.75,30.26000022888184,30.63999938964844,0.0,79450500
2003-06-13,25.24535369873047,0.0,29.959999084472656,0.0,30.729999542236328,29.86000061035156,30.65999984741211,0.0,83353600
2003-06-16,26.02056312561035,0.0,30.8799991607666,0.0,30.899999618530277,30.0,30.170000076293945,0.0,71211800
2003-06-17,25.91946029663086,0.0,30.76000022888184,0.0,31.11000061035156,30.559999465942383,31.020000457763672,0.0,67571200
2003-06-18,26.054271697998047,0.0,30.920000076293945,0.0,31.229999542236328,30.450000762939453,30.65999984741211,0.0,80215700
2003-06-19,25.632953643798828,0.0,30.420000076293945,0.0,31.239999771118164,30.3799991607666,30.979999542236328,0.0,79467200
2003-06-20,25.599260330200195,0.0,30.3799991607666,0.0,30.780000686645508,30.25,30.690000534057617,0.0,71512400
2003-06-23,25.203218460083008,0.0,29.90999984741211,0.0,30.3700008392334,29.559999465942383,30.32999992370605,0.0,86509400
2003-06-24,25.00941467285156,0.0,29.68000030517578,0.0,30.1299991607666,29.530000686645508,29.729999542236328,0.0,83004400
2003-06-25,24.874591827392575,0.0,29.520000457763672,0.0,30.18000030517578,29.46999931335449,29.670000076293945,0.0,94255300
2003-06-26,25.46444129943848,0.0,30.21999931335449,0.0,30.280000686645508,29.61000061035156,29.709999084472656,0.0,79187500
2003-06-27,25.13580322265625,0.0,29.82999992370605,0.0,30.56999969482422,29.770000457763672,30.25,0.0,82451900
2003-06-30,25.236921310424805,0.0,29.950000762939453,0.0,30.34000015258789,29.799999237060547,30.15999984741211,0.0,72043000
2003-07-01,25.573978424072266,0.0,30.350000381469727,0.0,30.3799991607666,29.26000022888184,29.700000762939453,0.0,105852500
2003-07-02,26.096416473388672,0.0,30.96999931335449,0.0,30.989999771118164,30.3799991607666,30.40999984741211,0.0,81972500
2003-07-03,25.76778030395508,0.0,30.57999992370605,0.0,31.100000381469727,30.46999931335449,30.700000762939453,0.0,50050400
2003-07-07,26.871631622314453,0.0,31.88999938964844,0.0,31.899999618530277,30.959999084472656,30.96999931335449,0.0,88554600
2003-07-08,27.20025634765625,0.0,32.279998779296875,0.0,32.310001373291016,31.6200008392334,31.780000686645508,0.0,81874500
2003-07-09,27.13285446166992,0.0,32.20000076293945,0.0,32.4900016784668,31.93000030517578,32.18000030517578,0.0,89588400
2003-07-10,26.62726402282715,0.0,31.600000381469727,0.0,31.989999771118164,31.32999992370605,31.850000381469727,0.0,102928700
2003-07-11,26.829498291015625,0.0,31.84000015258789,0.0,31.989999771118164,31.61000061035156,31.649999618530277,0.0,67728100
2003-07-14,27.149702072143555,0.0,32.220001220703125,0.0,32.75,32.06999969482422,32.34000015258789,0.0,84524600
2003-07-15,27.18340301513672,0.0,32.2599983215332,0.0,32.650001525878906,31.940000534057617,32.529998779296875,0.0,75059000
2003-07-16,27.099145889282227,0.0,32.15999984741211,0.0,32.5,31.729999542236328,32.459999084472656,0.0,80138700
2003-07-17,26.273372650146484,0.0,31.18000030517578,0.0,31.84000015258789,31.040000915527344,31.68000030517578,0.0,116260400
2003-07-18,26.35763168334961,0.0,31.280000686645508,0.0,31.549999237060547,30.920000076293945,31.399999618530277,0.0,80519000
2003-07-21,26.02056312561035,0.0,30.8799991607666,0.0,31.299999237060547,30.61000061035156,31.239999771118164,0.0,111325300
2003-07-22,26.40818214416504,0.0,31.34000015258789,0.0,31.5,30.86000061035156,31.11000061035156,0.0,91471500
2003-07-23,26.62726402282715,0.0,31.600000381469727,0.0,31.63999938964844,30.989999771118164,31.38999938964844,0.0,69050400
2003-07-24,26.273372650146484,0.0,31.18000030517578,0.0,32.02000045776367,31.07999992370605,31.850000381469727,0.0,82999700
2003-07-25,26.79578971862793,0.0,31.799999237060547,0.0,31.84000015258789,30.770000457763672,31.1299991607666,0.0,82709600
2003-07-28,26.871631622314453,0.0,31.88999938964844,0.0,31.989999771118164,31.600000381469727,31.86000061035156,0.0,56180800
2003-07-29,26.66940116882324,0.0,31.649999618530277,0.0,32.02000045776367,31.239999771118164,31.93000030517578,0.0,80560100
2003-07-30,26.47560310363769,0.0,31.420000076293945,0.0,31.739999771118164,31.32999992370605,31.709999084472656,0.0,56617300
2003-07-31,26.79578971862793,0.0,31.799999237060547,0.0,32.33000183105469,31.520000457763672,31.790000915527344,0.0,85544100
2003-08-01,26.50929450988769,0.0,31.459999084472656,0.0,31.790000915527344,31.299999237060547,31.690000534057617,0.0,73545400
2003-08-04,26.500873565673828,0.0,31.450000762939453,0.0,31.799999237060547,30.84000015258789,31.420000076293945,0.0,96344600
2003-08-05,25.456003189086918,0.0,30.209999084472656,0.0,31.479999542236328,30.100000381469727,31.40999984741211,0.0,111041800
2003-08-06,25.43915557861328,0.0,30.190000534057617,0.0,30.770000457763672,30.100000381469727,30.36000061035156,0.0,96816000
2003-08-07,25.540264129638672,0.0,30.309999465942383,0.0,30.51000022888184,30.020000457763672,30.21999931335449,0.0,67326600
2003-08-08,25.33803367614746,0.0,30.06999969482422,0.0,30.549999237060547,29.93000030517578,30.43000030517578,0.0,66677100
2003-08-11,25.616107940673828,0.0,30.399999618530277,0.0,30.600000381469727,30.030000686645508,30.07999992370605,0.0,63712200
2003-08-12,26.00371551513672,0.0,30.86000061035156,0.0,30.899999618530277,30.32999992370605,30.51000022888184,0.0,59676100
2003-08-13,26.012142181396484,0.0,30.8700008392334,0.0,31.06999969482422,30.649999618530277,30.979999542236328,0.0,57969700
2003-08-14,26.037431716918945,0.0,30.899999618530277,0.0,31.190000534057617,30.670000076293945,30.8799991607666,0.0,50271500
2003-08-15,26.26493453979492,0.0,31.170000076293945,0.0,31.290000915527344,30.93000030517578,31.0,0.0,28116300
2003-08-18,26.939037322998047,0.0,31.96999931335449,0.0,32.0099983215332,31.229999542236328,31.309999465942383,0.0,67224100
2003-08-19,27.27609062194824,0.0,32.369998931884766,0.0,32.380001068115234,31.850000381469727,32.11000061035156,0.0,68205000
2003-08-20,27.20868682861328,0.0,32.290000915527344,0.0,32.52000045776367,32.02000045776367,32.099998474121094,0.0,58233500
2003-08-21,27.50360870361328,0.0,32.63999938964844,0.0,32.81999969482422,32.27000045776367,32.59000015258789,0.0,77161400
2003-08-22,27.335084915161133,0.0,32.439998626708984,0.0,33.369998931884766,32.380001068115234,33.2599983215332,0.0,92989800
2003-08-25,27.394065856933597,0.0,32.5099983215332,0.0,32.540000915527344,32.209999084472656,32.36000061035156,0.0,43044700
2003-08-26,27.41935157775879,0.0,32.540000915527344,0.0,32.59000015258789,31.809999465942383,32.279998779296875,0.0,79838500
2003-08-27,27.638429641723636,0.0,32.79999923706055,0.0,32.83000183105469,32.369998931884766,32.4900016784668,0.0,47532100
2003-08-28,27.882797241210938,0.0,33.09000015258789,0.0,33.119998931884766,32.52000045776367,32.939998626708984,0.0,55311000
2003-08-29,28.13558387756348,0.0,33.38999938964844,0.0,33.459999084472656,32.97999954223633,33.040000915527344,0.0,53148800
2003-09-02,28.5400447845459,0.0,33.869998931884766,0.0,33.88999938964844,33.130001068115234,33.4900016784668,0.0,80303100
2003-09-03,28.523193359375,0.0,33.849998474121094,0.0,34.20000076293945,33.650001525878906,34.099998474121094,0.0,85234800
2003-09-04,28.784412384033203,0.0,34.15999984741211,0.0,34.220001220703125,33.70000076293945,33.83000183105469,0.0,63736100
2003-09-05,28.59903335571289,0.0,33.939998626708984,0.0,34.34000015258789,33.66999816894531,33.970001220703125,0.0,91024100
2003-09-08,29.070919036865234,0.0,34.5,0.0,34.529998779296875,33.95000076293945,34.0,0.0,69296000
2003-09-09,28.72543716430664,0.0,34.09000015258789,0.0,34.38999938964844,33.91999816894531,34.31999969482422,0.0,87817500
2003-09-10,28.03447532653809,0.0,33.27000045776367,0.0,33.88999938964844,33.11000061035156,33.75,0.0,111624500
2003-09-11,28.34623908996582,0.0,33.63999938964844,0.0,33.779998779296875,33.0099983215332,33.279998779296875,0.0,96914900
2003-09-12,28.49790954589844,0.0,33.81999969482422,0.0,33.84000015258789,33.04999923706055,33.34000015258789,0.0,104963000
2003-09-15,28.2198486328125,0.0,33.4900016784668,0.0,33.90999984741211,33.439998626708984,33.84000015258789,0.0,54594200
2003-09-16,28.98666000366211,0.0,34.400001525878906,0.0,34.43000030517578,33.52000045776367,33.52000045776367,0.0,87463800
2003-09-17,28.868677139282227,0.0,34.2599983215332,0.0,34.5,34.029998779296875,34.33000183105469,0.0,79794700
2003-09-18,29.30684280395508,0.0,34.779998779296875,0.0,34.86000061035156,34.0,34.16999816894531,0.0,91469900
2003-09-19,29.138322830200195,0.0,34.58000183105469,0.0,34.86000061035156,34.36000061035156,34.790000915527344,0.0,69796000
2003-09-22,28.582176208496094,0.0,33.91999816894531,0.0,34.20000076293945,33.77000045776367,34.130001068115234,0.0,97477500
2003-09-23,29.087759017944336,0.0,34.52000045776367,0.0,34.560001373291016,33.90999984741211,33.970001220703125,0.0,77826500
2003-09-24,27.992341995239254,0.0,33.220001220703125,0.0,34.52000045776367,33.16999816894531,34.5099983215332,0.0,115057400
2003-09-25,27.6299991607666,0.0,32.790000915527344,0.0,33.7400016784668,32.7599983215332,33.380001068115234,0.0,117604800
2003-09-26,27.453048706054688,0.0,32.58000183105469,0.0,33.16999816894531,32.52000045776367,32.88999938964844,0.0,106581000
2003-09-29,27.9249210357666,0.0,33.13999938964844,0.0,33.16999816894531,32.45000076293945,32.7599983215332,0.0,96862800
2003-09-30,27.318233489990234,0.0,32.41999816894531,0.0,32.959999084472656,32.36000061035156,32.91999816894531,0.0,119122500
2003-10-01,27.933353424072266,0.0,33.150001525878906,0.0,33.22999954223633,32.41999816894531,32.61000061035156,0.0,106653600
2003-10-02,28.026050567626957,0.0,33.2599983215332,0.0,33.43000030517578,32.93000030517578,33.099998474121094,0.0,83911100
2003-10-03,28.809703826904297,0.0,34.189998626708984,0.0,34.470001220703125,33.81999969482422,33.849998474121094,0.0,112862800
2003-10-06,29.02035522460937,0.0,34.439998626708984,0.0,34.45000076293945,34.060001373291016,34.279998779296875,0.0,49162900
2003-10-07,29.19731330871582,0.0,34.650001525878906,0.0,34.650001525878906,34.0099983215332,34.15999984741211,0.0,80104600
2003-10-08,29.01192283630371,0.0,34.43000030517578,0.0,34.84000015258789,34.220001220703125,34.810001373291016,0.0,71387400
2003-10-09,29.231014251708984,0.0,34.689998626708984,0.0,35.27000045776367,34.43000030517578,34.90999984741211,0.0,118216100
2003-10-10,29.50065803527832,0.0,35.0099983215332,0.0,35.029998779296875,34.63999938964844,34.77000045776367,0.0,68356200
2003-10-13,29.694469451904297,0.0,35.2400016784668,0.0,35.369998931884766,34.91999816894531,35.13999938964844,0.0,60919800
2003-10-14,29.77030563354492,0.0,35.33000183105469,0.0,35.43000030517578,34.959999084472656,35.099998474121094,0.0,62274900
2003-10-15,29.64390563964844,0.0,35.18000030517578,0.0,35.849998474121094,35.029998779296875,35.79999923706055,0.0,97045200
2003-10-16,29.87983703613281,0.0,35.459999084472656,0.0,35.529998779296875,35.060001373291016,35.099998474121094,0.0,73955000
2003-10-17,29.16360092163086,0.0,34.61000061035156,0.0,35.4900016784668,34.599998474121094,35.40999984741211,0.0,97794400
2003-10-20,29.52593231201172,0.0,35.040000915527344,0.0,35.08000183105469,34.5,34.650001525878906,0.0,75544300
2003-10-21,29.7028751373291,0.0,35.25,0.0,35.45000076293945,34.939998626708984,35.13999938964844,0.0,73455600
2003-10-22,29.12990379333496,0.0,34.56999969482422,0.0,34.93000030517578,34.439998626708984,34.88999938964844,0.0,88141400
2003-10-23,28.7928466796875,0.0,34.16999816894531,0.0,34.5099983215332,34.04999923706055,34.150001525878906,0.0,95409600
2003-10-24,28.81812286376953,0.0,34.20000076293945,0.0,34.22999954223633,33.4900016784668,33.790000915527344,0.0,101778600
2003-10-27,28.826534271240234,0.0,34.209999084472656,0.0,34.45000076293945,34.040000915527344,34.279998779296875,0.0,63604500
2003-10-28,29.795574188232425,0.0,35.36000061035156,0.0,35.40999984741211,34.369998931884766,34.43000030517578,0.0,107375700
2003-10-29,29.761873245239254,0.0,35.31999969482422,0.0,35.40999984741211,35.06999969482422,35.20000076293945,0.0,74075200
2003-10-30,29.820863723754883,0.0,35.38999938964844,0.0,36.0,35.13999938964844,35.810001373291016,0.0,95062600
2003-10-31,29.64390563964844,0.0,35.18000030517578,0.0,35.4900016784668,35.060001373291016,35.439998626708984,0.0,55473200
2003-11-03,30.13264274597168,0.0,35.7599983215332,0.0,35.97999954223633,35.36000061035156,35.43000030517578,0.0,71141200
2003-11-04,29.930402755737305,0.0,35.52000045776367,0.0,35.869998931884766,35.45000076293945,35.689998626708984,0.0,60033900
2003-11-05,30.20004272460937,0.0,35.84000015258789,0.0,35.88999938964844,35.150001525878906,35.52000045776367,0.0,67412700
2003-11-06,30.2843074798584,0.0,35.939998626708984,0.0,35.970001220703125,35.34000015258789,35.790000915527344,0.0,90567400
2003-11-07,30.023090362548828,0.0,35.630001068115234,0.0,36.18000030517578,35.599998474121094,36.08000183105469,0.0,63505200
2003-11-10,29.652318954467773,0.0,35.189998626708984,0.0,35.7400016784668,35.09000015258789,35.70000076293945,0.0,68896400
2003-11-11,29.54279136657715,0.0,35.060001373291016,0.0,35.29999923706055,34.849998474121094,35.150001525878906,0.0,75607100
2003-11-12,30.17475700378418,0.0,35.810001373291016,0.0,35.959999084472656,35.13999938964844,35.16999816894531,0.0,80364600
2003-11-13,30.141054153442383,0.0,35.77000045776367,0.0,35.900001525878906,35.54999923706055,35.709999084472656,0.0,64243000
2003-11-14,29.52593231201172,0.0,35.040000915527344,0.0,36.02000045776367,34.95000076293945,35.810001373291016,0.0,90932200
2003-11-17,29.22257423400879,0.0,34.68000030517578,0.0,34.90999984741211,34.2599983215332,34.84000015258789,0.0,108063100
2003-11-18,28.548484802246094,0.0,33.880001068115234,0.0,34.970001220703125,33.81999969482422,34.869998931884766,0.0,108588500
2003-11-19,28.826534271240234,0.0,34.209999084472656,0.0,34.400001525878906,33.880001068115234,34.0099983215332,0.0,86320300
2003-11-20,28.548484802246094,0.0,33.880001068115234,0.0,34.68000030517578,33.810001373291016,33.91999816894531,0.0,117324500
2003-11-21,28.843385696411133,0.0,34.22999954223633,0.0,34.2599983215332,33.72999954223633,34.08000183105469,0.0,81787500
2003-11-24,29.64390563964844,0.0,35.18000030517578,0.0,35.25,34.470001220703125,34.52000045776367,0.0,92057500
2003-11-25,29.64390563964844,0.0,35.18000030517578,0.0,35.45000076293945,35.09000015258789,35.290000915527344,0.0,72519800
2003-11-26,29.778711318969727,0.0,35.34000015258789,0.0,35.52000045776367,34.810001373291016,35.400001525878906,0.0,72842900
2003-11-28,29.812429428100582,0.0,35.380001068115234,0.0,35.5,35.209999084472656,35.2599983215332,0.0,24802600
2003-12-01,30.250600814819336,0.0,35.900001525878906,0.0,36.0099983215332,35.470001220703125,35.709999084472656,0.0,82767300
2003-12-02,30.082077026367188,0.0,35.70000076293945,0.0,36.04999923706055,35.58000183105469,35.81999969482422,0.0,62504500
2003-12-03,29.7028751373291,0.0,35.25,0.0,36.119998931884766,35.25,35.84000015258789,0.0,107568500
2003-12-04,30.023090362548828,0.0,35.630001068115234,0.0,35.709999084472656,35.08000183105469,35.380001068115234,0.0,102334800
2003-12-05,29.52593231201172,0.0,35.040000915527344,0.0,35.5,34.959999084472656,35.27000045776367,0.0,87490200
2003-12-08,29.694469451904297,0.0,35.2400016784668,0.0,35.33000183105469,34.779998779296875,35.02000045776367,0.0,86961200
2003-12-09,29.01192283630371,0.0,34.43000030517578,0.0,35.459999084472656,34.349998474121094,35.439998626708984,0.0,109949500
2003-12-10,29.12146759033203,0.0,34.560001373291016,0.0,34.70000076293945,34.130001068115234,34.5,0.0,103504200
2003-12-11,29.745004653930664,0.0,35.29999923706055,0.0,35.38999938964844,34.4900016784668,34.5,0.0,108374700
2003-12-12,29.694469451904297,0.0,35.2400016784668,0.0,35.34000015258789,34.900001525878906,35.310001373291016,0.0,72189400
2003-12-15,29.30684280395508,0.0,34.779998779296875,0.0,35.9900016784668,34.650001525878906,35.93000030517578,0.0,106091400
2003-12-16,29.365827560424805,0.0,34.849998474121094,0.0,35.02000045776367,34.41999816894531,34.790000915527344,0.0,89854700
2003-12-17,29.4163875579834,0.0,34.90999984741211,0.0,35.0,34.56999969482422,34.810001373291016,0.0,68539900
2003-12-18,29.96409797668457,0.0,35.560001373291016,0.0,35.63999938964844,34.95000076293945,34.95000076293945,0.0,89978100
2003-12-19,29.87983703613281,0.0,35.459999084472656,0.0,35.650001525878906,35.20000076293945,35.61000061035156,0.0,89762300
2003-12-22,29.972522735595703,0.0,35.56999969482422,0.0,35.68000030517578,35.290000915527344,35.349998474121094,0.0,63580000
2003-12-23,30.20004272460937,0.0,35.84000015258789,0.0,36.02000045776367,35.529998779296875,35.599998474121094,0.0,66999800
2003-12-24,30.262420654296875,0.0,35.900001525878906,0.014,36.02000045776367,35.79999923706055,35.84000015258789,0.0,44840300
2003-12-26,30.22026252746582,0.0,35.849998474121094,0.0,36.09000015258789,35.81999969482422,35.959999084472656,0.0,25497600
2003-12-29,30.717622756958008,0.0,36.43999862670898,0.0,36.52999877929688,36.02000045776367,36.02999877929688,0.0,63296200
2003-12-30,30.818796157836918,0.0,36.560001373291016,0.0,36.58000183105469,36.29999923706055,36.52999877929688,0.0,48249400
2003-12-31,30.73448371887207,0.0,36.459999084472656,0.0,36.63999938964844,36.25,36.619998931884766,0.0,60494600
2004-01-02,30.65019416809082,0.0,36.36000061035156,0.0,36.790000915527344,36.220001220703125,36.65999984741211,0.0,55234100
2004-01-05,31.26556396484375,0.0,37.09000015258789,0.0,37.15999984741211,36.560001373291016,36.58000183105469,0.0,69717900
2004-01-06,31.47629165649414,0.0,37.34000015258789,0.0,37.41999816894531,36.95000076293945,37.08000183105469,0.0,60033000
2004-01-07,31.76290702819824,0.0,37.68000030517578,0.0,37.68000030517578,37.06999969482422,37.27999877929688,0.0,71830000
2004-01-08,32.015777587890625,0.0,37.97999954223633,0.0,38.0,37.59999847412109,37.84999847412109,0.0,76800900
2004-01-09,31.80504608154297,0.0,37.72999954223633,0.0,38.34999847412109,37.59000015258789,37.709999084472656,0.0,94296500
2004-01-12,32.31084442138672,0.0,38.33000183105469,0.0,38.34999847412109,37.68000030517578,37.84999847412109,0.0,77668400
2004-01-13,31.9904842376709,0.0,37.95000076293945,0.0,38.36000061035156,37.59999847412109,38.27000045776367,0.0,92973900
2004-01-14,32.10008239746094,0.0,38.08000183105469,0.0,38.25,37.75,38.08000183105469,0.0,68122400
2004-01-15,32.184383392333984,0.0,38.18000030517578,0.0,38.459999084472656,37.630001068115234,37.93000030517578,0.0,104427700
2004-01-16,32.51313018798828,0.0,38.56999969482422,0.0,38.630001068115234,38.16999816894531,38.380001068115234,0.0,77324100
2004-01-20,32.48784637451172,0.0,38.540000915527344,0.0,39.0,38.310001373291016,38.72999954223633,0.0,81998100
2004-01-21,32.35296630859375,0.0,38.380001068115234,0.0,38.65999984741211,38.0,38.38999938964844,0.0,112180300
2004-01-22,32.15907287597656,0.0,38.150001525878906,0.0,38.68999862670898,38.060001373291016,38.54999923706055,0.0,90061900
2004-01-23,32.04107666015625,0.0,38.0099983215332,0.0,38.459999084472656,37.77999877929688,38.209999084472656,0.0,88751300
2004-01-26,32.53000259399414,0.0,38.59000015258789,0.0,38.650001525878906,37.84000015258789,37.97999954223633,0.0,84538000
2004-01-27,31.813480377197266,0.0,37.7400016784668,0.0,38.630001068115234,37.68999862670898,38.5099983215332,0.0,97191600
2004-01-28,31.27398109436035,0.0,37.09999847412109,0.0,38.060001373291016,37.0,37.93999862670898,0.0,127959700
2004-01-29,31.39200210571289,0.0,37.2400016784668,0.0,37.310001373291016,36.65999984741211,37.2400016784668,0.0,143925900
2004-01-30,31.248682022094727,0.0,37.06999969482422,0.0,37.43999862670898,36.970001220703125,37.20000076293945,0.0,84264700
2004-02-02,31.164396286010746,0.0,36.970001220703125,0.0,37.47999954223633,36.81999969482422,37.20000076293945,0.0,94507900
2004-02-03,31.13066864013672,0.0,36.93000030517578,0.0,37.2400016784668,36.84000015258789,36.90999984741211,0.0,73488700
2004-02-04,30.62489318847656,0.0,36.33000183105469,0.0,36.86000061035156,36.33000183105469,36.619998931884766,0.0,109933000
2004-02-05,30.74290657043457,0.0,36.470001220703125,0.0,36.709999084472656,36.33000183105469,36.5099983215332,0.0,96784500
2004-02-06,31.29927444458008,0.0,37.130001068115234,0.0,37.27999877929688,36.52999877929688,36.59999847412109,0.0,107174100
2004-02-09,31.290851593017575,0.0,37.119998931884766,0.0,37.380001068115234,37.04999923706055,37.34000015258789,0.0,58817700
2004-02-10,31.34141540527344,0.0,37.18000030517578,0.0,37.40999984741211,37.02999877929688,37.060001373291016,0.0,65042700
2004-02-11,31.6785888671875,0.0,37.58000183105469,0.0,37.66999816894531,37.06999969482422,37.2400016784668,0.0,92503000
2004-02-12,31.400426864624023,0.0,37.25,0.0,37.70000076293945,37.2400016784668,37.52000045776367,0.0,70556400
2004-02-13,31.13911247253418,0.0,36.93999862670898,0.0,37.970001220703125,36.7599983215332,37.38999938964844,0.0,90570400
2004-02-17,31.56058883666992,0.0,37.43999862670898,0.0,37.619998931884766,37.220001220703125,37.27999877929688,0.0,69678600
2004-02-18,31.653289794921875,0.0,37.54999923706055,0.0,37.66999816894531,37.31999969482422,37.5099983215332,0.0,70972100
2004-02-19,31.172826766967773,0.0,36.97999954223633,0.0,37.900001525878906,36.81999969482422,37.869998931884766,0.0,100843800
2004-02-20,31.071672439575195,0.0,36.86000061035156,0.0,37.13999938964844,36.54999923706055,37.0,0.0,132347600
2004-02-23,30.726057052612305,0.0,36.45000076293945,0.0,37.02999877929688,36.11000061035156,37.0,0.0,125199800
2004-02-24,30.65019416809082,0.0,36.36000061035156,0.0,36.650001525878906,36.09999847412109,36.29999923706055,0.0,124521900
2004-02-25,30.835628509521484,0.0,36.58000183105469,0.0,36.66999816894531,36.33000183105469,36.43000030517578,0.0,74457100
2004-02-26,30.9115047454834,0.0,36.66999816894531,0.0,36.84000015258789,36.310001373291016,36.470001220703125,0.0,71327600
2004-02-27,30.827228546142575,0.0,36.56999969482422,0.0,36.93999862670898,36.27000045776367,36.7599983215332,0.0,99383900
2004-03-01,31.231834411621094,0.0,37.04999923706055,0.0,37.06999969482422,36.470001220703125,36.68000030517578,0.0,79700700
2004-03-02,30.869356155395508,0.0,36.619998931884766,0.0,37.18000030517578,36.61000061035156,36.97999954223633,0.0,91536000
2004-03-03,30.700759887695312,0.0,36.41999816894531,0.0,36.630001068115234,36.209999084472656,36.5099983215332,0.0,83938300
2004-03-04,30.987367630004883,0.0,36.7599983215332,0.0,36.83000183105469,36.38999938964844,36.43999862670898,0.0,65905600
2004-03-05,30.877784729003903,0.0,36.630001068115234,0.0,37.150001525878906,36.36000061035156,36.41999816894531,0.0,118107100
2004-03-08,30.152833938598636,0.0,35.77000045776367,0.0,36.81999969482422,35.72999954223633,36.68999862670898,0.0,112599500
2004-03-09,30.060102462768555,0.0,35.65999984741211,0.0,35.97999954223633,35.52000045776367,35.810001373291016,0.0,126140400
2004-03-10,29.663908004760746,0.0,35.189998626708984,0.0,36.0,35.130001068115234,35.75,0.0,134226100
2004-03-11,29.39417266845703,0.0,34.869998931884766,0.0,35.529998779296875,34.79999923706055,35.06999969482422,0.0,152132000
2004-03-12,29.93366241455078,0.0,35.5099983215332,0.0,35.59000015258789,35.150001525878906,35.18000030517578,0.0,118369600
2004-03-15,29.41102409362793,0.0,34.88999938964844,0.0,35.400001525878906,34.810001373291016,35.36000061035156,0.0,115813600
2004-03-16,29.461589813232425,0.0,34.95000076293945,0.0,35.25,34.630001068115234,35.11000061035156,0.0,123265100
2004-03-17,29.925241470336918,0.0,35.5,0.0,35.619998931884766,35.18000030517578,35.209999084472656,0.0,91684700
2004-03-18,29.79034996032715,0.0,35.34000015258789,0.0,35.459999084472656,34.970001220703125,35.369998931884766,0.0,111249700
2004-03-19,29.293012619018555,0.0,34.75,0.0,35.459999084472656,34.720001220703125,35.279998779296875,0.0,99976700
2004-03-22,28.922117233276367,0.0,34.310001373291016,0.0,34.54999923706055,34.029998779296875,34.529998779296875,0.0,133870400
2004-03-23,28.686084747314453,0.0,34.029998779296875,0.0,34.650001525878906,34.0099983215332,34.59000015258789,0.0,125945800
2004-03-24,29.01483726501465,0.0,34.41999816894531,0.0,34.630001068115234,34.0099983215332,34.150001525878906,0.0,118876800
2004-03-25,29.79034996032715,0.0,35.34000015258789,0.0,35.459999084472656,34.619998931884766,34.650001525878906,0.0,142122000
2004-03-26,29.6892147064209,0.0,35.220001220703125,0.0,35.58000183105469,35.20000076293945,35.29999923706055,0.0,78430800
2004-03-29,30.169700622558597,0.0,35.790000915527344,0.0,35.959999084472656,35.4900016784668,35.5099983215332,0.0,103864000
2004-03-30,30.270864486694336,0.0,35.90999984741211,0.0,35.939998626708984,35.52000045776367,35.66999816894531,0.0,95716500
2004-03-31,30.21184539794922,0.0,35.84000015258789,0.0,36.0,35.61000061035156,35.91999816894531,0.0,85993900
2004-04-01,30.481603622436523,0.0,36.15999984741211,0.0,36.25,35.779998779296875,35.810001373291016,0.0,93048600
2004-04-02,31.27398109436035,0.0,37.09999847412109,0.0,37.15999984741211,36.52000045776367,36.88999938964844,0.0,145964000
2004-04-05,31.569015502929688,0.0,37.45000076293945,0.0,37.5,36.970001220703125,37.0099983215332,0.0,67351600
2004-04-06,31.172826766967773,0.0,36.97999954223633,0.0,37.25,36.91999816894531,37.15999984741211,0.0,98611400
2004-04-07,31.13911247253418,0.0,36.93999862670898,0.0,37.11000061035156,36.65999984741211,36.9900016784668,0.0,91004900
2004-04-08,31.13911247253418,0.0,36.93999862670898,0.0,37.38999938964844,36.7400016784668,37.34999847412109,0.0,77176300
2004-04-12,31.332992553710938,0.0,37.16999816894531,0.0,37.2400016784668,36.97999954223633,37.02000045776367,0.0,55285700
2004-04-13,30.877784729003903,0.0,36.630001068115234,0.0,37.36000061035156,36.459999084472656,37.34000015258789,0.0,100624400
2004-04-14,31.029518127441406,0.0,36.810001373291016,0.0,36.95000076293945,36.36000061035156,36.40999984741211,0.0,113663200
2004-04-15,30.4731502532959,0.0,36.150001525878906,0.0,36.86000061035156,36.02000045776367,36.75,0.0,123565500
2004-04-16,30.422590255737305,0.0,36.09000015258789,0.0,36.31999969482422,35.790000915527344,36.20000076293945,0.0,110736600
2004-04-19,30.79348564147949,0.0,36.52999877929688,0.0,36.59000015258789,35.97999954223633,36.0099983215332,0.0,85838700
2004-04-20,30.07695579528809,0.0,35.68000030517578,0.0,36.790000915527344,35.63999938964844,36.61000061035156,0.0,119545100
2004-04-21,30.33828353881836,0.0,35.9900016784668,0.0,36.11000061035156,35.650001525878906,35.900001525878906,0.0,117850500
2004-04-22,31.122224807739254,0.0,36.91999816894531,0.0,37.0099983215332,35.97999954223633,36.0,0.0,137623300
2004-04-23,31.36669540405273,0.0,37.209999084472656,0.0,37.2599983215332,36.900001525878906,37.08000183105469,0.0,91855600
2004-04-26,31.13911247253418,0.0,36.93999862670898,0.0,37.290000915527344,36.650001525878906,37.18000030517578,0.0,74392200
2004-04-27,31.08009529113769,0.0,36.869998931884766,0.0,37.18999862670898,36.68999862670898,36.95000076293945,0.0,87548500
2004-04-28,30.515321731567383,0.0,36.20000076293945,0.0,36.720001220703125,36.02000045776367,36.709999084472656,0.0,111740700
2004-04-29,30.043256759643555,0.0,35.63999938964844,0.0,36.34000015258789,35.29999923706055,36.09000015258789,0.0,156917100
2004-04-30,29.30986976623535,0.0,34.77000045776367,0.0,35.79999923706055,34.720001220703125,35.65999984741211,0.0,150829200
2004-05-03,29.58806037902832,0.0,35.099998474121094,0.0,35.52000045776367,34.88999938964844,35.0,0.0,117007200
2004-05-04,29.714479446411133,0.0,35.25,0.0,35.75,35.029998779296875,35.209999084472656,0.0,126176000
2004-05-05,29.95052719116211,0.0,35.529998779296875,0.0,35.70000076293945,35.20000076293945,35.41999816894531,0.0,97528500
2004-05-06,29.722919464111328,0.0,35.2599983215332,0.0,35.439998626708984,34.849998474121094,35.22999954223633,0.0,102733300
2004-05-07,29.478466033935547,0.0,34.970001220703125,0.0,35.63999938964844,34.90999984741211,35.09000015258789,0.0,137686000
2004-05-10,29.225589752197266,0.0,34.66999816894531,0.0,34.900001525878906,34.41999816894531,34.66999816894531,0.0,156951400
2004-05-11,29.663908004760746,0.0,35.189998626708984,0.0,35.380001068115234,34.91999816894531,34.970001220703125,0.0,120493600
2004-05-12,29.722919464111328,0.0,35.2599983215332,0.0,35.290000915527344,34.27000045776367,35.119998931884766,0.0,197765400
2004-05-13,29.512184143066406,0.0,35.0099983215332,0.0,35.45000076293945,34.91999816894531,35.060001373291016,0.0,137841700
2004-05-14,29.293012619018555,0.0,34.75,0.0,35.310001373291016,34.63999938964844,35.20000076293945,0.0,133689900
2004-05-17,29.01483726501465,0.0,34.41999816894531,0.0,34.65999984741211,34.11000061035156,34.380001068115234,0.0,150652400
2004-05-18,29.27615547180176,0.0,34.72999954223633,0.0,34.900001525878906,34.599998474121094,34.65999984741211,0.0,96686400
2004-05-19,29.2424373626709,0.0,34.689998626708984,0.0,35.5099983215332,34.630001068115234,35.15999984741211,0.0,141646900
2004-05-20,29.37730598449707,0.0,34.849998474121094,0.0,35.02000045776367,34.560001373291016,34.779998779296875,0.0,94938500
2004-05-21,29.520612716674805,0.0,35.02000045776367,0.0,35.16999816894531,34.7400016784668,35.0099983215332,0.0,111329200
2004-05-24,29.722919464111328,0.0,35.2599983215332,0.0,35.459999084472656,35.0,35.29999923706055,0.0,99861800
2004-05-25,30.3129825592041,0.0,35.959999084472656,0.0,36.08000183105469,34.95000076293945,35.150001525878906,0.0,146321400
2004-05-26,30.50689125061035,0.0,36.18999862670898,0.0,36.18999862670898,35.810001373291016,35.86000061035156,0.0,93789700
2004-05-27,30.700759887695312,0.0,36.41999816894531,0.0,36.5,36.060001373291016,36.290000915527344,0.0,110183400
2004-05-28,30.81033706665039,0.0,36.54999923706055,0.0,36.54999923706055,36.209999084472656,36.380001068115234,0.0,56379500
2004-06-01,30.768211364746094,0.0,36.5,0.0,36.54999923706055,36.11000061035156,36.27000045776367,0.0,90592700
2004-06-02,30.700759887695312,0.0,36.41999816894531,0.0,36.65999984741211,36.16999816894531,36.560001373291016,0.0,103519800
2004-06-03,30.32987594604492,0.0,35.97999954223633,0.0,36.36000061035156,35.81999969482422,36.29999923706055,0.0,97301400
2004-06-04,30.50689125061035,0.0,36.18999862670898,0.0,36.619998931884766,36.16999816894531,36.34000015258789,0.0,91233200
2004-06-07,31.231834411621094,0.0,37.04999923706055,0.0,37.09999847412109,36.34000015258789,36.43999862670898,0.0,107532600
2004-06-08,31.27398109436035,0.0,37.09999847412109,0.0,37.18999862670898,36.84999847412109,36.900001525878906,0.0,72530900
2004-06-09,30.835628509521484,0.0,36.58000183105469,0.0,37.04999923706055,36.5,36.97999954223633,0.0,98215200
2004-06-10,31.054811477661133,0.0,36.84000015258789,0.0,36.84000015258789,36.54999923706055,36.68999862670898,0.0,57101300
2004-06-14,30.616458892822266,0.0,36.31999969482422,0.0,36.61000061035156,36.09999847412109,36.61000061035156,0.0,85129900
2004-06-15,31.012672424316406,0.0,36.790000915527344,0.0,36.9900016784668,36.560001373291016,36.560001373291016,0.0,91937700
2004-06-16,30.96208000183105,0.0,36.72999954223633,0.0,36.900001525878906,36.650001525878906,36.77000045776367,0.0,64743300
2004-06-17,30.67547035217285,0.0,36.38999938964844,0.0,36.65999984741211,36.25,36.650001525878906,0.0,77844200
2004-06-18,30.717622756958008,0.0,36.43999862670898,0.0,36.84000015258789,36.2599983215332,36.29999923706055,0.0,78641500
2004-06-21,30.4731502532959,0.0,36.150001525878906,0.0,36.630001068115234,36.060001373291016,36.52000045776367,0.0,65373100
2004-06-22,30.9199333190918,0.0,36.68000030517578,0.0,36.70000076293945,36.02000045776367,36.15999984741211,0.0,101524300
2004-06-23,31.290851593017575,0.0,37.119998931884766,0.0,37.18999862670898,36.5099983215332,36.56999969482422,0.0,94393900
2004-06-24,31.231834411621094,0.0,37.04999923706055,0.0,37.34999847412109,36.91999816894531,37.02000045776367,0.0,92343200
2004-06-25,31.46785926818848,0.0,37.33000183105469,0.0,37.38999938964844,36.97999954223633,37.0,0.0,81005400
2004-06-28,31.206544876098636,0.0,37.02000045776367,0.0,37.52000045776367,36.900001525878906,37.4900016784668,0.0,94033200
2004-06-29,31.501596450805664,0.0,37.369998931884766,0.0,37.59000015258789,37.08000183105469,37.09999847412109,0.0,68265900
2004-06-30,31.813480377197266,0.0,37.7400016784668,0.0,37.900001525878906,37.34999847412109,37.45000076293945,0.0,97809500
2004-07-01,31.223403930664062,0.0,37.040000915527344,0.0,37.65999984741211,36.77000045776367,37.65999984741211,0.0,122141800
2004-07-02,31.037952423095703,0.0,36.81999969482422,0.0,37.04999923706055,36.630001068115234,37.040000915527344,0.0,74056400
2004-07-06,30.372018814086918,0.0,36.02999877929688,0.0,36.59999847412109,35.83000183105469,36.59999847412109,0.0,130232600
2004-07-07,30.431026458740234,0.0,36.09999847412109,0.0,36.290000915527344,35.91999816894531,35.959999084472656,0.0,95623100
2004-07-08,30.09383583068848,0.0,35.70000076293945,0.0,36.130001068115234,35.54999923706055,35.810001373291016,0.0,108755400
2004-07-09,30.135969161987305,0.0,35.75,0.0,36.040000915527344,35.630001068115234,35.84000015258789,0.0,86014700
2004-07-12,30.009536743164062,0.0,35.599998474121094,0.0,35.689998626708984,35.2400016784668,35.56999969482422,0.0,81844500
2004-07-13,29.967378616333008,0.0,35.54999923706055,0.0,35.810001373291016,35.40999984741211,35.68000030517578,0.0,81222000
2004-07-14,29.663908004760746,0.0,35.189998626708984,0.0,35.650001525878906,35.04999923706055,35.20000076293945,0.0,119489200
2004-07-15,29.56277084350586,0.0,35.06999969482422,0.0,35.4900016784668,35.060001373291016,35.31999969482422,0.0,90405700
2004-07-16,29.225589752197266,0.0,34.66999816894531,0.0,35.45000076293945,34.619998931884766,35.43000030517578,0.0,120387100
2004-07-19,29.166576385498047,0.0,34.599998474121094,0.0,34.970001220703125,34.470001220703125,34.779998779296875,0.0,106387900
2004-07-20,29.866226196289062,0.0,35.43000030517578,0.0,35.59000015258789,34.709999084472656,34.7400016784668,0.0,117453700
2004-07-21,28.997987747192383,0.0,34.400001525878906,0.0,35.650001525878906,34.34000015258789,35.56999969482422,0.0,136086800
2004-07-22,29.39417266845703,0.0,34.869998931884766,0.0,35.11000061035156,34.25,34.47999954223633,0.0,132135800
2004-07-23,28.837800979614254,0.0,34.209999084472656,0.0,34.65999984741211,34.029998779296875,34.619998931884766,0.0,107107100
2004-07-26,28.711374282836918,0.0,34.060001373291016,0.0,34.40999984741211,33.70000076293945,34.2400016784668,0.0,112962200
2004-07-27,29.1075496673584,0.0,34.529998779296875,0.0,34.709999084472656,34.040000915527344,34.189998626708984,0.0,103474700
2004-07-28,28.981115341186523,0.0,34.380001068115234,0.0,34.630001068115234,33.810001373291016,34.40999984741211,0.0,154299800
2004-07-29,29.31829643249512,0.0,34.779998779296875,0.0,34.91999816894531,34.5,34.709999084472656,0.0,98959800
2004-07-30,29.41102409362793,0.0,34.88999938964844,0.0,35.099998474121094,34.650001525878906,34.7599983215332,0.0,83007800
2004-08-02,29.47003555297852,0.0,34.959999084472656,0.0,35.02000045776367,34.459999084472656,34.61000061035156,0.0,81249000
2004-08-03,28.85465812683105,0.0,34.22999954223633,0.0,34.93000030517578,34.189998626708984,34.84000015258789,0.0,85746500
2004-08-04,28.863113403320312,0.0,34.2400016784668,0.0,34.459999084472656,34.0099983215332,34.150001525878906,0.0,86721000
2004-08-05,28.323598861694336,0.0,33.599998474121094,0.0,34.400001525878906,33.599998474121094,34.349998474121094,0.0,109722900
2004-08-06,27.581806182861328,0.0,32.720001220703125,0.0,33.40999984741211,32.65999984741211,33.400001525878906,0.0,148808600
2004-08-09,27.649232864379883,0.0,32.79999923706055,0.0,32.959999084472656,32.650001525878906,32.810001373291016,0.0,79281900
2004-08-10,27.994848251342773,0.0,33.209999084472656,0.0,33.47999954223633,32.91999816894531,32.959999084472656,0.0,105819800
2004-08-11,27.75037956237793,0.0,32.91999816894531,0.0,33.040000915527344,32.54999923706055,32.849998474121094,0.0,121217700
2004-08-12,27.37105941772461,0.0,32.470001220703125,0.0,32.86000061035156,32.369998931884766,32.689998626708984,0.0,113691800
2004-08-13,27.413196563720703,0.0,32.52000045776367,0.0,32.7400016784668,32.349998474121094,32.650001525878906,0.0,91416100
2004-08-16,27.725086212158203,0.0,32.88999938964844,0.0,33.189998626708984,32.59000015258789,32.61000061035156,0.0,77851300
2004-08-17,28.03700256347656,0.0,33.2599983215332,0.0,33.439998626708984,32.9900016784668,33.119998931884766,0.0,89573100
2004-08-18,28.534337997436523,0.0,33.849998474121094,0.0,33.90999984741211,33.0099983215332,33.060001373291016,0.0,106608500
2004-08-19,28.382604598999023,0.0,33.66999816894531,0.0,33.849998474121094,33.40999984741211,33.72999954223633,0.0,104690200
2004-08-20,28.66921615600586,0.0,34.0099983215332,0.0,34.13999938964844,33.5099983215332,33.56999969482422,0.0,91962400
2004-08-23,28.73666381835937,0.0,34.09000015258789,0.0,34.27000045776367,33.90999984741211,34.04999923706055,0.0,83390800
2004-08-24,28.728212356567383,0.0,34.08000183105469,0.0,34.310001373291016,33.810001373291016,34.25,0.0,86610500
2004-08-25,29.12441062927246,0.0,34.54999923706055,0.0,34.599998474121094,33.900001525878906,34.06999969482422,0.0,88394600
2004-08-26,28.997987747192383,0.0,34.400001525878906,0.0,34.54999923706055,34.310001373291016,34.459999084472656,0.0,57663400
2004-08-27,29.13285255432129,0.0,34.560001373291016,0.0,34.68000030517578,34.439998626708984,34.470001220703125,0.0,58597200
2004-08-30,28.64393424987793,0.0,33.97999954223633,0.0,34.43000030517578,33.939998626708984,34.40999984741211,0.0,62355700
2004-08-31,28.677648544311523,0.0,34.02000045776367,0.0,34.119998931884766,33.650001525878906,34.02000045776367,0.0,81262000
2004-09-01,28.888391494750977,0.0,34.27000045776367,0.0,34.470001220703125,33.79999923706055,33.93000030517578,0.0,96630600
2004-09-02,29.31829643249512,0.0,34.779998779296875,0.0,34.880001068115234,34.15999984741211,34.18000030517578,0.0,83054000
2004-09-03,28.778797149658203,0.0,34.13999938964844,0.0,34.66999816894531,34.04999923706055,34.439998626708984,0.0,90213700
2004-09-07,29.02326011657715,0.0,34.43000030517578,0.0,34.61000061035156,34.119998931884766,34.400001525878906,0.0,95556500
2004-09-08,28.91367530822754,0.0,34.29999923706055,0.0,34.68000030517578,34.18000030517578,34.310001373291016,0.0,101466100
2004-09-09,29.158132553100582,0.0,34.59000015258789,0.0,34.75,34.13999938964844,34.45000076293945,0.0,104397500
2004-09-10,29.60491752624512,0.0,35.119998931884766,0.0,35.189998626708984,34.470001220703125,34.61000061035156,0.0,108591600
2004-09-13,29.992677688598636,0.0,35.58000183105469,0.0,35.720001220703125,35.13999938964844,35.25,0.0,109350500
2004-09-14,30.03482437133789,0.0,35.630001068115234,0.0,35.720001220703125,35.36000061035156,35.45000076293945,0.0,76466300
2004-09-15,29.714479446411133,0.0,35.25,0.0,35.45000076293945,35.119998931884766,35.41999816894531,0.0,90128700
2004-09-16,29.77350234985352,0.0,35.31999969482422,0.0,35.56999969482422,35.130001068115234,35.2599983215332,0.0,67121000
2004-09-17,29.866226196289062,0.0,35.43000030517578,0.0,35.52000045776367,35.15999984741211,35.22999954223633,0.0,83903400
2004-09-20,29.866226196289062,0.0,35.43000030517578,0.0,35.77000045776367,35.18000030517578,35.290000915527344,0.0,110678100
2004-09-21,29.98423767089844,0.0,35.56999969482422,0.0,35.849998474121094,35.41999816894531,35.540000915527344,0.0,93688400
2004-09-22,29.461589813232425,0.0,34.95000076293945,0.0,35.459999084472656,34.869998931884766,35.439998626708984,0.0,101393400
2004-09-23,29.436317443847656,0.0,34.91999816894531,0.0,35.150001525878906,34.880001068115234,34.97999954223633,0.0,92503200
2004-09-24,29.335166931152344,0.0,34.79999923706055,0.0,35.189998626708984,34.75,34.9900016784668,0.0,103247400
2004-09-27,29.08228302001953,0.0,34.5,0.0,34.7400016784668,34.380001068115234,34.619998931884766,0.0,86017600
2004-09-28,29.141284942626957,0.0,34.56999969482422,0.0,34.689998626708984,34.22999954223633,34.54999923706055,0.0,87070300
2004-09-29,29.571197509765625,0.0,35.08000183105469,0.0,35.119998931884766,34.529998779296875,34.540000915527344,0.0,95096200
2004-09-30,29.62178421020508,0.0,35.13999938964844,0.0,35.27000045776367,34.88999938964844,35.02000045776367,0.0,74514600
2004-10-01,30.431026458740234,0.0,36.09999847412109,0.0,36.150001525878906,35.36000061035156,35.45000076293945,0.0,118252700
2004-10-04,30.60802459716797,0.0,36.310001373291016,0.0,36.619998931884766,36.25,36.36000061035156,0.0,108032600
2004-10-05,30.65019416809082,0.0,36.36000061035156,0.0,36.4900016784668,36.15999984741211,36.22999954223633,0.0,89754400
2004-10-06,30.894630432128903,0.0,36.650001525878906,0.0,36.68999862670898,36.11000061035156,36.310001373291016,0.0,87815500
2004-10-07,30.549015045166016,0.0,36.2400016784668,0.0,36.66999816894531,36.16999816894531,36.540000915527344,0.0,82374300
2004-10-08,29.992677688598636,0.0,35.58000183105469,0.0,36.2400016784668,35.5,36.08000183105469,0.0,115073000
2004-10-11,30.135969161987305,0.0,35.75,0.0,35.86000061035156,35.599998474121094,35.720001220703125,0.0,51181600
2004-10-12,30.085397720336918,0.0,35.689998626708984,0.0,35.84000015258789,35.20000076293945,35.43000030517578,0.0,97884100
2004-10-13,30.01795768737793,0.0,35.61000061035156,0.0,36.13999938964844,35.43000030517578,36.04999923706055,0.0,132442500
2004-10-14,29.883087158203125,0.0,35.45000076293945,0.0,35.779998779296875,35.33000183105469,35.689998626708984,0.0,99383700
2004-10-15,30.03482437133789,0.0,35.630001068115234,0.0,35.86000061035156,35.279998779296875,35.4900016784668,0.0,129183400
2004-10-18,30.464733123779297,0.0,36.13999938964844,0.0,36.25,35.400001525878906,35.5099983215332,0.0,108933400
2004-10-19,30.24555969238281,0.0,35.880001068115234,0.0,36.56999969482422,35.790000915527344,36.380001068115234,0.0,129973500
2004-10-20,30.38886260986328,0.0,36.04999923706055,0.0,36.22999954223633,35.650001525878906,35.83000183105469,0.0,106524200
2004-10-21,30.852508544921875,0.0,36.59999847412109,0.0,36.790000915527344,36.09999847412109,36.2400016784668,0.0,122627600
2004-10-22,30.17813491821289,0.0,35.79999923706055,0.0,36.68000030517578,35.7400016784668,36.61000061035156,0.0,114321100
2004-10-25,30.03482437133789,0.0,35.630001068115234,0.0,35.810001373291016,35.4900016784668,35.72999954223633,0.0,102863000
2004-10-26,30.19499397277832,0.0,35.81999969482422,0.0,35.84000015258789,35.40999984741211,35.650001525878906,0.0,98164500
2004-10-27,30.96208000183105,0.0,36.72999954223633,0.0,36.88999938964844,35.709999084472656,35.84000015258789,0.0,152423400
2004-10-28,31.15596580505371,0.0,36.959999084472656,0.0,37.119998931884766,36.56999969482422,36.68000030517578,0.0,111113900
2004-10-29,31.10539436340332,0.0,36.900001525878906,0.0,37.2400016784668,36.66999816894531,36.90999984741211,0.0,100779200
2004-11-01,31.223403930664062,0.0,37.040000915527344,0.0,37.18000030517578,36.79999923706055,36.97999954223633,0.0,72356000
2004-11-02,31.32457160949707,0.0,37.15999984741211,0.0,37.54999923706055,37.02000045776367,37.09000015258789,0.0,108930700
2004-11-03,31.535295486450195,0.0,37.40999984741211,0.0,37.900001525878906,37.150001525878906,37.7599983215332,0.0,140980100
2004-11-04,31.712322235107425,0.0,37.619998931884766,0.0,37.77999877929688,37.11000061035156,37.2599983215332,0.0,112513700
2004-11-05,31.99894142150879,0.0,37.959999084472656,0.0,38.15999984741211,37.61000061035156,38.02000045776367,0.0,117017900
2004-11-08,32.032649993896484,0.0,38.0,0.0,38.09999847412109,37.84999847412109,37.95000076293945,0.0,66486000
2004-11-09,31.9652156829834,0.0,37.91999816894531,0.0,38.150001525878906,37.810001373291016,37.93000030517578,0.0,85038700
2004-11-10,31.855615615844727,0.0,37.790000915527344,0.0,38.060001373291016,37.650001525878906,37.93000030517578,0.0,95122300
2004-11-11,32.27711486816406,0.0,38.290000915527344,0.0,38.380001068115234,37.86000061035156,37.90999984741211,0.0,99338800
2004-11-12,32.58900451660156,0.0,38.65999984741211,0.0,38.7599983215332,38.16999816894531,38.34000015258789,0.0,102418100
2004-11-15,32.7323112487793,0.0,38.83000183105469,0.0,38.86000061035156,38.5,38.63999938964844,0.0,82696000
2004-11-16,32.53000259399414,0.0,38.59000015258789,0.0,38.68000030517578,38.31999969482422,38.65999984741211,0.0,97197500
2004-11-17,32.96833419799805,0.0,39.11000061035156,0.0,39.31999969482422,38.83000183105469,38.83000183105469,0.0,125242500
2004-11-18,33.12006759643555,0.0,39.290000915527344,0.0,39.36000061035156,38.88999938964844,38.97999954223633,0.0,94901100
2004-11-19,32.6058464050293,0.0,38.68000030517578,0.0,39.290000915527344,38.59000015258789,39.2400016784668,0.0,118448900
2004-11-22,32.91776657104492,0.0,39.04999923706055,0.0,39.06999969482422,38.47999954223633,38.61000061035156,0.0,79882600
2004-11-23,32.86716842651367,0.0,38.9900016784668,0.0,39.150001525878906,38.61000061035156,39.0099983215332,0.0,91925300
2004-11-24,33.153804779052734,0.0,39.33000183105469,0.0,39.38999938964844,39.06999969482422,39.09000015258789,0.0,74051700
2004-11-26,33.052635192871094,0.0,39.209999084472656,0.0,39.47999954223633,39.16999816894531,39.369998931884766,0.0,31248900
2004-11-29,33.044189453125,0.0,39.20000076293945,0.0,39.63999938964844,38.970001220703125,39.459999084472656,0.0,94765400
2004-11-30,32.97676467895508,0.0,39.119998931884766,0.0,39.38999938964844,39.060001373291016,39.29999923706055,0.0,87663100
2004-12-01,33.651119232177734,0.0,39.91999816894531,0.0,39.959999084472656,39.27000045776367,39.27000045776367,0.0,102375000
2004-12-02,33.77759552001953,0.0,40.06999969482422,0.0,40.38999938964844,39.7599983215332,39.81999969482422,0.0,122005600
2004-12-03,33.82817459106445,0.0,40.130001068115234,0.0,40.59000015258789,40.08000183105469,40.34999847412109,0.0,114227700
2004-12-06,33.94618225097656,0.0,40.27000045776367,0.0,40.43000030517578,39.90999984741211,40.119998931884766,0.0,70415100
2004-12-07,33.364524841308594,0.0,39.58000183105469,0.0,40.5,39.52999877929688,40.34999847412109,0.0,121439800
2004-12-08,33.55841827392578,0.0,39.810001373291016,0.0,39.97999954223633,39.5,39.59999847412109,0.0,10121300
2004-12-09,33.76072311401367,0.0,40.04999923706055,0.0,40.18999862670898,39.2400016784668,39.4900016784668,0.0,134346000
2004-12-10,33.659568786621094,0.0,39.93000030517578,0.0,40.06999969482422,39.7400016784668,39.84000015258789,0.0,86177300
2004-12-13,33.95460510253906,0.0,40.27999877929688,0.0,40.34000015258789,39.97999954223633,40.22999954223633,0.0,74296400
2004-12-14,34.1231803894043,0.0,40.47999954223633,0.0,40.59000015258789,40.25,40.27999877929688,0.0,91985000
2004-12-15,33.99674224853516,0.0,40.33000183105469,0.0,40.68000030517578,40.150001525878906,40.4900016784668,0.0,95179300
2004-12-16,33.67644500732422,0.0,39.95000076293945,0.0,40.45000076293945,39.81999969482422,40.34000015258789,0.0,86101300
2004-12-17,33.59047317504883,0.0,39.470001220703125,0.379,39.810001373291016,39.43000030517578,39.63999938964844,0.0,97947000
2004-12-20,33.360687255859375,0.0,39.20000076293945,0.0,39.77000045776367,39.09000015258789,39.56999969482422,0.0,106397600
2004-12-21,33.769195556640625,0.0,39.68000030517578,0.0,39.709999084472656,39.27999877929688,39.38999938964844,0.0,83184700
2004-12-22,33.81174850463867,0.0,39.72999954223633,0.0,39.93000030517578,39.4900016784668,39.540000915527344,0.0,75298000
2004-12-23,33.83727264404297,0.0,39.7599983215332,0.0,39.90999984741211,39.540000915527344,39.61000061035156,0.0,45782000
2004-12-27,33.69259262084961,0.0,39.59000015258789,0.0,40.02000045776367,39.400001525878906,39.97999954223633,0.0,67157700
2004-12-28,34.015995025634766,0.0,39.970001220703125,0.0,40.0,39.61000061035156,39.66999816894531,0.0,62563100
2004-12-29,34.058563232421875,0.0,40.02000045776367,0.0,40.15999984741211,39.900001525878906,39.91999816894531,0.0,46594800
2004-12-30,34.03302001953125,0.0,39.9900016784668,0.0,40.119998931884766,39.93000030517578,40.06999969482422,0.0,41717600
2004-12-31,33.97343444824219,0.0,39.91999816894531,0.0,40.119998931884766,39.77999877929688,40.02999877929688,0.0,44112300
2005-01-03,33.61600875854492,0.0,39.5,0.0,40.290000915527344,39.369998931884766,40.09000015258789,0.0,100970900
2005-01-04,33.00323867797852,0.0,38.77999877929688,0.0,39.7400016784668,38.54999923706055,39.66999816894531,0.0,136623200
2005-01-05,32.79898834228516,0.0,38.540000915527344,0.0,38.959999084472656,38.470001220703125,38.68000030517578,0.0,127925500
2005-01-06,32.6373176574707,0.0,38.34999847412109,0.0,38.709999084472656,38.34000015258789,38.630001068115234,0.0,102934600
2005-01-07,32.80753326416016,0.0,38.54999923706055,0.0,38.869998931884766,38.209999084472656,38.560001373291016,0.0,123104000
2005-01-10,32.79048538208008,0.0,38.52999877929688,0.0,38.869998931884766,38.38999938964844,38.43999862670898,0.0,88764200
2005-01-11,32.56070327758789,0.0,38.2599983215332,0.0,38.5,38.06999969482422,38.369998931884766,0.0,106398800
2005-01-12,32.83306121826172,0.0,38.58000183105469,0.0,38.59999847412109,38.0099983215332,38.43000030517578,0.0,127754900
2005-01-13,32.399017333984375,0.0,38.06999969482422,0.0,38.84999847412109,38.0099983215332,38.58000183105469,0.0,101982400
2005-01-14,32.70540237426758,0.0,38.43000030517578,0.0,38.52000045776367,38.18999862670898,38.20000076293945,0.0,93460900
2005-01-18,32.95220184326172,0.0,38.720001220703125,0.0,38.790000915527344,38.220001220703125,38.27999877929688,0.0,91760400
2005-01-19,32.40753173828125,0.0,38.08000183105469,0.0,38.75,38.060001373291016,38.72999954223633,0.0,104981000
2005-01-20,31.78626251220703,0.0,37.34999847412109,0.0,37.810001373291016,37.31999969482422,37.650001525878906,0.0,120963900
2005-01-21,31.53096389770508,0.0,37.04999923706055,0.0,37.54999923706055,36.9900016784668,37.47999954223633,0.0,138569200
2005-01-24,31.08842658996582,0.0,36.52999877929688,0.0,37.20000076293945,36.459999084472656,37.119998931884766,0.0,137499000
2005-01-25,31.241609573364254,0.0,36.709999084472656,0.0,37.09000015258789,36.65999984741211,36.77000045776367,0.0,119171300
2005-01-26,31.61606216430664,0.0,37.150001525878906,0.0,37.290000915527344,36.81999969482422,36.959999084472656,0.0,107465800
2005-01-27,31.57350730895996,0.0,37.09999847412109,0.0,37.27000045776367,36.869998931884766,37.09000015258789,0.0,103654700
2005-01-28,31.42029190063477,0.0,36.91999816894531,0.0,37.27000045776367,36.619998931884766,37.220001220703125,0.0,111648600
2005-01-31,31.828805923461918,0.0,37.400001525878906,0.0,37.52999877929688,37.2599983215332,37.36000061035156,0.0,89139900
2005-02-01,31.93095970153809,0.0,37.52000045776367,0.0,37.650001525878906,37.369998931884766,37.4900016784668,0.0,76610300
2005-02-02,31.982013702392575,0.0,37.58000183105469,0.0,37.72999954223633,37.310001373291016,37.63999938964844,0.0,100160500
2005-02-03,31.61606216430664,0.0,37.150001525878906,0.0,37.40999984741211,37.0,37.380001068115234,0.0,90157900
2005-02-04,32.12668991088867,0.0,37.75,0.0,37.81999969482422,37.150001525878906,37.150001525878906,0.0,99302000
2005-02-07,32.05860137939453,0.0,37.66999816894531,0.0,37.90999984741211,37.52000045776367,37.79999923706055,0.0,71551400
2005-02-08,32.11818313598633,0.0,37.7400016784668,0.0,38.0099983215332,37.619998931884766,37.65999984741211,0.0,72821700
2005-02-09,31.58202362060547,0.0,37.11000061035156,0.0,37.79999923706055,37.060001373291016,37.77000045776367,0.0,93276600
2005-02-10,31.61606216430664,0.0,37.150001525878906,0.0,37.31999969482422,36.880001068115234,37.2599983215332,0.0,110373000
2005-02-11,32.084129333496094,0.0,37.70000076293945,0.0,37.84999847412109,36.93000030517578,37.02999877929688,0.0,108684100
2005-02-14,32.22882461547852,0.0,37.869998931884766,0.0,37.93999862670898,37.68999862670898,37.70000076293945,0.0,54908900
2005-02-15,32.44157409667969,0.0,38.119998931884766,0.0,38.47999954223633,37.81999969482422,37.900001525878906,0.0,131406500
2005-02-16,32.32240295410156,0.0,37.97999954223633,0.0,38.15999984741211,37.83000183105469,38.02999877929688,0.0,80273900
2005-02-17,31.88839530944824,0.0,37.470001220703125,0.0,38.13999938964844,37.43000030517578,38.04999923706055,0.0,115628300
2005-02-18,31.78626251220703,0.0,37.34999847412109,0.0,37.56999969482422,37.2599983215332,37.47999954223633,0.0,69158800
2005-02-22,31.39480209350586,0.0,36.88999938964844,0.0,37.54999923706055,36.790000915527344,37.02999877929688,0.0,121232000
2005-02-23,31.437353134155277,0.0,36.93999862670898,0.0,37.06999969482422,36.70000076293945,37.040000915527344,0.0,95010100
2005-02-24,31.837326049804688,0.0,37.40999984741211,0.0,37.43999862670898,36.7599983215332,36.84999847412109,0.0,99334600
2005-02-25,32.016056060791016,0.0,37.619998931884766,0.0,37.70000076293945,37.290000915527344,37.380001068115234,0.0,79988700
2005-02-28,31.67562294006348,0.0,37.220001220703125,0.0,37.59999847412109,36.91999816894531,37.459999084472656,0.0,95731300
2005-03-01,32.02457046508789,0.0,37.630001068115234,0.0,37.70000076293945,37.33000183105469,37.369998931884766,0.0,78460600
2005-03-02,32.007545471191406,0.0,37.61000061035156,0.0,38.02000045776367,37.36000061035156,37.40999984741211,0.0,107270600
2005-03-03,31.74371719360352,0.0,37.29999923706055,0.0,37.72999954223633,37.02000045776367,37.709999084472656,0.0,89793800
2005-03-04,31.93095970153809,0.0,37.52000045776367,0.0,37.75,37.400001525878906,37.59999847412109,0.0,86622300
2005-03-07,32.3905143737793,0.0,38.060001373291016,0.0,38.290000915527344,37.560001373291016,37.59999847412109,0.0,93563900
2005-03-08,32.067115783691406,0.0,37.68000030517578,0.0,38.209999084472656,37.650001525878906,38.0099983215332,0.0,89595200
2005-03-09,31.9735164642334,0.0,37.56999969482422,0.0,37.93000030517578,37.470001220703125,37.66999816894531,0.0,98063000
2005-03-10,31.93095970153809,0.0,37.52000045776367,0.0,37.66999816894531,37.08000183105469,37.61000061035156,0.0,97043600
2005-03-11,31.63307762145996,0.0,37.16999816894531,0.0,37.81999969482422,37.02000045776367,37.68999862670898,0.0,102857500
2005-03-14,31.77777671813965,0.0,37.34000015258789,0.0,37.36000061035156,37.02999877929688,37.2400016784668,0.0,65576200
2005-03-15,31.522445678710938,0.0,37.040000915527344,0.0,37.47999954223633,36.9900016784668,37.41999816894531,0.0,93856300
2005-03-16,31.16502952575684,0.0,36.619998931884766,0.0,37.18000030517578,36.52999877929688,36.90999984741211,0.0,159578000
2005-03-17,31.241609573364254,0.0,36.709999084472656,0.0,36.88999938964844,36.540000915527344,36.61000061035156,0.0,100429600
2005-03-18,31.0714111328125,0.0,36.5099983215332,0.0,36.790000915527344,36.34999847412109,36.75,0.0,108899400
2005-03-21,31.13095474243164,0.0,36.58000183105469,0.0,36.75,36.25,36.59999847412109,0.0,92752500
2005-03-22,30.74800109863281,0.0,36.130001068115234,0.0,36.75,36.11000061035156,36.61000061035156,0.0,114016300
2005-03-23,30.85865020751953,0.0,36.2599983215332,0.0,36.4900016784668,36.06999969482422,36.09000015258789,0.0,97444900
2005-03-24,30.867143630981445,0.0,36.27000045776367,0.0,36.650001525878906,36.27000045776367,36.38999938964844,0.0,77566800
2005-03-28,30.92671775817871,0.0,36.34000015258789,0.0,36.61000061035156,36.310001373291016,36.40999984741211,0.0,59739000
2005-03-29,30.679901123046875,0.0,36.04999923706055,0.0,36.58000183105469,35.939998626708984,36.27000045776367,0.0,119554300
2005-03-30,31.258621215820312,0.0,36.72999954223633,0.0,36.77999877929688,36.220001220703125,36.22999954223633,0.0,114711000
2005-03-31,31.122459411621094,0.0,36.56999969482422,0.0,36.75,36.43999862670898,36.72999954223633,0.0,86578900
2005-04-01,30.80757522583008,0.0,36.20000076293945,0.0,36.880001068115234,36.130001068115234,36.81999969482422,0.0,143814300
2005-04-04,31.02885627746582,0.0,36.459999084472656,0.0,36.59999847412109,36.02999877929688,36.25,0.0,100090300
2005-04-05,31.11395263671875,0.0,36.560001373291016,0.0,36.66999816894531,36.41999816894531,36.4900016784668,0.0,66266600
2005-04-06,31.06289291381836,0.0,36.5,0.0,36.90999984741211,36.41999816894531,36.65999984741211,0.0,82168900
2005-04-07,31.437353134155277,0.0,36.93999862670898,0.0,36.95000076293945,36.5099983215332,36.52999877929688,0.0,88618000
2005-04-08,31.18203353881836,0.0,36.63999938964844,0.0,37.06999969482422,36.59999847412109,37.0,0.0,92332900
2005-04-11,31.045879364013672,0.0,36.47999954223633,0.0,36.77999877929688,36.400001525878906,36.75,0.0,70976000
2005-04-12,31.19906044006348,0.0,36.65999984741211,0.0,36.7400016784668,35.90999984741211,36.43999862670898,0.0,144848500
2005-04-13,30.68843078613281,0.0,36.060001373291016,0.0,36.59999847412109,35.97999954223633,36.560001373291016,0.0,108995500
2005-04-14,30.25440216064453,0.0,35.54999923706055,0.0,36.09999847412109,35.5,36.060001373291016,0.0,158057900
2005-04-15,29.56506729125977,0.0,34.7400016784668,0.0,35.369998931884766,34.68000030517578,35.2400016784668,0.0,170013300
2005-04-18,29.57358741760254,0.0,34.75,0.0,35.0,34.63999938964844,34.709999084472656,0.0,110084000
2005-04-19,29.777812957763672,0.0,34.9900016784668,0.0,35.099998474121094,34.75,35.02000045776367,0.0,96922100
2005-04-20,29.531021118164062,0.0,34.70000076293945,0.0,35.290000915527344,34.59000015258789,35.209999084472656,0.0,140457400
2005-04-21,30.313987731933597,0.0,35.619998931884766,0.0,35.709999084472656,34.959999084472656,35.119998931884766,0.0,124505100
2005-04-22,29.862913131713867,0.0,35.09000015258789,0.0,35.470001220703125,34.81999969482422,35.459999084472656,0.0,114996800
2005-04-25,30.10972595214844,0.0,35.380001068115234,0.0,35.459999084472656,35.150001525878906,35.29999923706055,0.0,72170100
2005-04-26,29.828887939453125,0.0,35.04999923706055,0.0,35.70000076293945,35.040000915527344,35.290000915527344,0.0,104958800
2005-04-27,29.87143325805664,0.0,35.099998474121094,0.0,35.25,34.72999954223633,34.869998931884766,0.0,112539300
2005-04-28,29.57358741760254,0.0,34.75,0.0,35.150001525878906,34.720001220703125,34.91999816894531,0.0,98181900
2005-04-29,29.769309997558597,0.0,34.97999954223633,0.0,35.060001373291016,34.349998474121094,35.0,0.0,144435900
2005-05-02,29.888452529907227,0.0,35.119998931884766,0.0,35.2599983215332,34.88999938964844,35.099998474121094,0.0,67648800
2005-05-03,30.041635513305664,0.0,35.29999923706055,0.0,35.43000030517578,35.029998779296875,35.04999923706055,0.0,103428700
2005-05-04,30.407588958740234,0.0,35.72999954223633,0.0,35.83000183105469,35.2400016784668,35.290000915527344,0.0,90480600
2005-05-05,30.43311882019043,0.0,35.7599983215332,0.0,35.91999816894531,35.529998779296875,35.75,0.0,79341700
2005-05-06,30.518218994140625,0.0,35.86000061035156,0.0,36.02000045776367,35.720001220703125,35.970001220703125,0.0,77310200
2005-05-09,30.66290855407715,0.0,36.02999877929688,0.0,36.060001373291016,35.65999984741211,35.869998931884766,0.0,66298400
2005-05-10,30.44162940979004,0.0,35.77000045776367,0.0,35.959999084472656,35.619998931884766,35.86000061035156,0.0,77194700
2005-05-11,30.59480857849121,0.0,35.95000076293945,0.0,36.02999877929688,35.29999923706055,35.81999969482422,0.0,131952400
2005-05-12,30.509708404541016,0.0,35.849998474121094,0.0,36.20000076293945,35.65999984741211,36.02999877929688,0.0,116602200
2005-05-13,30.841615676879883,0.0,36.2400016784668,0.0,36.470001220703125,35.88999938964844,35.9900016784668,0.0,133273500
2005-05-16,31.045879364013672,0.0,36.47999954223633,0.0,36.540000915527344,36.130001068115234,36.2400016784668,0.0,79093200
2005-05-17,31.233097076416016,0.0,36.70000076293945,0.0,36.7400016784668,36.209999084472656,36.34999847412109,0.0,91665900
2005-05-18,31.65861320495605,0.0,37.20000076293945,0.0,37.36000061035156,36.709999084472656,36.79999923706055,0.0,128105900
2005-05-19,31.922435760498047,0.0,37.5099983215332,0.0,37.52000045776367,37.20000076293945,37.290000915527344,0.0,92619700
2005-05-20,32.05010223388672,0.0,37.65999984741211,0.0,37.68999862670898,37.34999847412109,37.45000076293945,0.0,66530100
2005-05-23,32.211788177490234,0.0,37.84999847412109,0.0,37.9900016784668,37.59999847412109,37.65999984741211,0.0,93068200
2005-05-24,32.31393051147461,0.0,37.970001220703125,0.0,38.0,37.70000076293945,37.7599983215332,0.0,100830000
2005-05-25,32.17774963378906,0.0,37.810001373291016,0.0,37.880001068115234,37.59000015258789,37.84000015258789,0.0,76470600
2005-05-26,32.501163482666016,0.0,38.18999862670898,0.0,38.27000045776367,37.97999954223633,37.97999954223633,0.0,84066800
2005-05-27,32.51815414428711,0.0,38.209999084472656,0.0,38.25,38.02000045776367,38.13999938964844,0.0,50076900
2005-05-31,32.40753173828125,0.0,38.08000183105469,0.0,38.2400016784668,37.91999816894531,38.18999862670898,0.0,75281500
2005-06-01,32.67134094238281,0.0,38.38999938964844,0.0,38.68000030517578,38.02000045776367,38.02999877929688,0.0,110875700
2005-06-02,32.901126861572266,0.0,38.65999984741211,0.0,38.65999984741211,38.29999923706055,38.33000183105469,0.0,75926500
2005-06-03,32.4245491027832,0.0,38.09999847412109,0.0,38.63999938964844,38.02000045776367,38.630001068115234,0.0,96998400
2005-06-06,32.43305206298828,0.0,38.11000061035156,0.0,38.18999862670898,37.959999084472656,38.119998931884766,0.0,52681400
2005-06-07,32.16072082519531,0.0,37.790000915527344,0.0,38.470001220703125,37.7400016784668,38.150001525878906,0.0,108953400
2005-06-08,32.092647552490234,0.0,37.709999084472656,0.0,37.95000076293945,37.560001373291016,37.880001068115234,0.0,79211900
2005-06-09,32.29690933227539,0.0,37.95000076293945,0.0,38.060001373291016,37.5,37.65999984741211,0.0,99383300
2005-06-10,31.95647621154785,0.0,37.54999923706055,0.0,37.900001525878906,37.380001068115234,37.900001525878906,0.0,85971700
2005-06-13,32.10966110229492,0.0,37.72999954223633,0.0,37.95000076293945,37.459999084472656,37.47999954223633,0.0,82331300
2005-06-14,31.982013702392575,0.0,37.58000183105469,0.0,37.84000015258789,37.5,37.68999862670898,0.0,62593600
2005-06-15,32.084129333496094,0.0,37.70000076293945,0.0,37.869998931884766,37.25,37.83000183105469,0.0,103952000
2005-06-16,32.254337310791016,0.0,37.900001525878906,0.0,38.0,37.65999984741211,37.7400016784668,0.0,90450100
2005-06-17,32.25861358642578,0.0,37.869998931884766,0.035,38.209999084472656,37.75,38.11000061035156,0.0,83915700
2005-06-20,32.25861358642578,0.0,37.869998931884766,0.0,38.08000183105469,37.58000183105469,37.720001220703125,0.0,67580000
2005-06-21,32.241580963134766,0.0,37.84999847412109,0.0,38.0099983215332,37.70000076293945,37.84000015258789,0.0,97845600
2005-06-22,32.207489013671875,0.0,37.810001373291016,0.0,38.09999847412109,37.630001068115234,38.0,0.0,75221100
2005-06-23,31.84973907470703,0.0,37.38999938964844,0.0,38.18000030517578,37.33000183105469,37.869998931884766,0.0,122163300
2005-06-24,31.491968154907227,0.0,36.970001220703125,0.0,37.40999984741211,36.959999084472656,37.380001068115234,0.0,142144100
2005-06-27,31.347152709960938,0.0,36.79999923706055,0.0,37.060001373291016,36.70000076293945,36.95000076293945,0.0,72780800
2005-06-28,31.645294189453125,0.0,37.150001525878906,0.0,37.2599983215332,36.900001525878906,36.95000076293945,0.0,73330300
2005-06-29,31.57712745666504,0.0,37.06999969482422,0.0,37.2599983215332,36.970001220703125,37.25,0.0,71513600
2005-06-30,31.330116271972656,0.0,36.77999877929688,0.0,37.209999084472656,36.75,37.13999938964844,0.0,87803700
2005-07-01,31.28751564025879,0.0,36.72999954223633,0.0,37.0,36.68000030517578,36.86000061035156,0.0,55254800
2005-07-05,31.61122131347656,0.0,37.11000061035156,0.0,37.18999862670898,36.59999847412109,36.59999847412109,0.0,79288700
2005-07-06,31.45788955688477,0.0,36.93000030517578,0.0,37.27999877929688,36.86000061035156,37.02999877929688,0.0,79101000
2005-07-07,31.568618774414062,0.0,37.060001373291016,0.0,37.09000015258789,36.54999923706055,36.58000183105469,0.0,119466300
2005-07-08,32.173423767089844,0.0,37.77000045776367,0.0,37.810001373291016,36.9900016784668,37.08000183105469,0.0,101320700
2005-07-11,32.47154998779297,0.0,38.119998931884766,0.0,38.15999984741211,37.79999923706055,37.869998931884766,0.0,96283700
2005-07-12,32.62490463256836,0.0,38.29999923706055,0.0,38.459999084472656,38.0099983215332,38.119998931884766,0.0,86059300
2005-07-13,32.70155334472656,0.0,38.38999938964844,0.0,38.43000030517578,38.16999816894531,38.31999969482422,0.0,72135400
2005-07-14,33.025264739990234,0.0,38.77000045776367,0.0,38.880001068115234,38.52000045776367,38.66999816894531,0.0,99135200
2005-07-15,33.127479553222656,0.0,38.88999938964844,0.0,39.0,38.650001525878906,38.83000183105469,0.0,67239200
2005-07-18,32.99117660522461,0.0,38.72999954223633,0.0,38.88999938964844,38.68999862670898,38.790000915527344,0.0,58644000
2005-07-19,33.374488830566406,0.0,39.18000030517578,0.0,39.20000076293945,38.84000015258789,38.90999984741211,0.0,77860900
2005-07-20,33.613006591796875,0.0,39.459999084472656,0.0,39.56999969482422,38.900001525878906,38.93999862670898,0.0,91433100
2005-07-21,33.62152862548828,0.0,39.470001220703125,0.0,39.68999862670898,39.209999084472656,39.560001373291016,0.0,127286000
2005-07-22,33.57892990112305,0.0,39.41999816894531,0.0,39.59000015258789,39.220001220703125,39.47999954223633,0.0,71666600
2005-07-25,33.45115661621094,0.0,39.27000045776367,0.0,39.630001068115234,39.20000076293945,39.459999084472656,0.0,51872700
2005-07-26,33.57892990112305,0.0,39.41999816894531,0.0,39.52999877929688,39.18999862670898,39.38999938964844,0.0,67324900
2005-07-27,33.83447265625,0.0,39.720001220703125,0.0,39.7599983215332,39.22999954223633,39.45000076293945,0.0,78351100
2005-07-28,33.99632263183594,0.0,39.90999984741211,0.0,39.91999816894531,39.63999938964844,39.75,0.0,66163700
2005-07-29,33.71521759033203,0.0,39.58000183105469,0.0,39.91999816894531,39.52000045776367,39.869998931884766,0.0,74725700
2005-08-01,33.77484893798828,0.0,39.650001525878906,0.0,39.83000183105469,39.52000045776367,39.63999938964844,0.0,59748300
2005-08-02,34.141143798828125,0.0,40.08000183105469,0.0,40.13999938964844,39.650001525878906,39.70000076293945,0.0,79284100
2005-08-03,34.12409973144531,0.0,40.060001373291016,0.0,40.130001068115234,39.880001068115234,39.90999984741211,0.0,61916400
2005-08-04,33.7918815612793,0.0,39.66999816894531,0.0,39.93999862670898,39.56999969482422,39.880001068115234,0.0,72035500
2005-08-05,33.63005447387695,0.0,39.47999954223633,0.0,39.790000915527344,39.43000030517578,39.61000061035156,0.0,66029500
2005-08-08,33.382999420166016,0.0,39.18999862670898,0.0,39.61000061035156,39.13999938964844,39.52000045776367,0.0,63415400
2005-08-09,33.6044807434082,0.0,39.45000076293945,0.0,39.59000015258789,39.310001373291016,39.369998931884766,0.0,62143600
2005-08-10,33.31487274169922,0.0,39.11000061035156,0.0,39.68999862670898,38.970001220703125,39.54999923706055,0.0,102317500
2005-08-11,33.587440490722656,0.0,39.43000030517578,0.0,39.540000915527344,39.09999847412109,39.130001068115234,0.0,92446700
2005-08-12,33.40006256103516,0.0,39.209999084472656,0.0,39.31999969482422,38.970001220703125,39.119998931884766,0.0,86367300
2005-08-15,33.6044807434082,0.0,39.45000076293945,0.0,39.630001068115234,39.08000183105469,39.13999938964844,0.0,63061100
2005-08-16,33.05929946899414,0.0,38.810001373291016,0.0,39.33000183105469,38.7400016784668,39.29999923706055,0.0,94596000
2005-08-17,33.2552490234375,0.0,39.040000915527344,0.0,39.16999816894531,38.790000915527344,38.91999816894531,0.0,74470500
2005-08-18,33.084861755371094,0.0,38.84000015258789,0.0,39.09999847412109,38.77000045776367,38.869998931884766,0.0,72559400
2005-08-19,33.067832946777344,0.0,38.81999969482422,0.0,39.0,38.790000915527344,38.88999938964844,0.0,52024300
2005-08-22,33.084861755371094,0.0,38.84000015258789,0.0,39.18000030517578,38.59999847412109,38.880001068115234,0.0,88056300
2005-08-23,32.99117660522461,0.0,38.72999954223633,0.0,38.91999816894531,38.61000061035156,38.84000015258789,0.0,57482900
2005-08-24,32.795257568359375,0.0,38.5,0.0,39.18000030517578,38.459999084472656,38.650001525878906,0.0,95025700
2005-08-25,32.87193298339844,0.0,38.59000015258789,0.0,38.68999862670898,38.4900016784668,38.56999969482422,0.0,52328800
2005-08-26,32.76118469238281,0.0,38.459999084472656,0.0,38.59999847412109,38.27000045776367,38.52999877929688,0.0,63840700
2005-08-29,33.01671600341797,0.0,38.7599983215332,0.0,38.84999847412109,38.2599983215332,38.2599983215332,0.0,74940400
2005-08-30,32.8974723815918,0.0,38.619998931884766,0.0,38.65999984741211,38.31999969482422,38.560001373291016,0.0,87373600
2005-08-31,33.20413589477539,0.0,38.97999954223633,0.0,39.0099983215332,38.47999954223633,38.63999938964844,0.0,93426300
2005-09-01,33.15300750732422,0.0,38.91999816894531,0.0,39.150001525878906,38.77999877929688,39.0,0.0,74884400
2005-09-02,33.025264739990234,0.0,38.77000045776367,0.0,39.02999877929688,38.7400016784668,39.0,0.0,53244900
2005-09-06,33.51078796386719,0.0,39.34000015258789,0.0,39.40999984741211,38.900001525878906,38.95000076293945,0.0,78106600
2005-09-07,33.57039260864258,0.0,39.40999984741211,0.0,39.47999954223633,39.209999084472656,39.29999923706055,0.0,57440100
2005-09-08,33.56188201904297,0.0,39.400001525878906,0.0,39.56999969482422,39.27000045776367,39.290000915527344,0.0,73529700
2005-09-09,33.74929428100586,0.0,39.619998931884766,0.0,39.68999862670898,39.310001373291016,39.40999984741211,0.0,75342100
2005-09-12,33.84300231933594,0.0,39.72999954223633,0.0,39.86000061035156,39.58000183105469,39.630001068115234,0.0,51689900
2005-09-13,33.75780487060547,0.0,39.630001068115234,0.0,39.90999984741211,39.540000915527344,39.68000030517578,0.0,66145800
2005-09-14,33.374488830566406,0.0,39.18000030517578,0.0,39.68000030517578,39.150001525878906,39.650001525878906,0.0,98644000
2005-09-15,33.35748291015625,0.0,39.15999984741211,0.0,39.34000015258789,39.04999923706055,39.2599983215332,0.0,80421500
2005-09-16,33.56188201904297,0.0,39.400001525878906,0.0,39.459999084472656,39.11000061035156,39.25,0.0,71034100
2005-09-19,33.29783248901367,0.0,39.09000015258789,0.0,39.380001068115234,38.90999984741211,39.31999969482422,0.0,73387500
2005-09-20,33.16154098510742,0.0,38.93000030517578,0.0,39.540000915527344,38.810001373291016,39.15999984741211,0.0,115202800
2005-09-21,32.795257568359375,0.0,38.5,0.0,38.869998931884766,38.470001220703125,38.81999969482422,0.0,116404300
2005-09-22,32.91449737548828,0.0,38.63999938964844,0.0,38.72999954223633,38.2400016784668,38.43999862670898,0.0,118686100
2005-09-23,33.00821685791016,0.0,38.75,0.0,38.880001068115234,38.40999984741211,38.5,0.0,70154000
2005-09-26,33.01671600341797,0.0,38.7599983215332,0.0,39.02999877929688,38.54999923706055,38.970001220703125,0.0,69327600
2005-09-27,32.9400749206543,0.0,38.66999816894531,0.0,38.900001525878906,38.5099983215332,38.790000915527344,0.0,64089500
2005-09-28,32.94858169555664,0.0,38.68000030517578,0.0,38.95000076293945,38.560001373291016,38.7599983215332,0.0,72044500
2005-09-29,33.39153289794922,0.0,39.20000076293945,0.0,39.209999084472656,38.45000076293945,38.630001068115234,0.0,117634600
2005-09-30,33.613006591796875,0.0,39.459999084472656,0.0,39.47999954223633,39.130001068115234,39.16999816894531,0.0,79248500
2005-10-03,33.69818115234375,0.0,39.560001373291016,0.0,39.75,39.5099983215332,39.540000915527344,0.0,81685600
2005-10-04,33.47670364379883,0.0,39.29999923706055,0.0,39.880001068115234,39.290000915527344,39.619998931884766,0.0,85348600
2005-10-05,33.01671600341797,0.0,38.7599983215332,0.0,39.34000015258789,38.72999954223633,39.310001373291016,0.0,106152200
2005-10-06,32.58229446411133,0.0,38.25,0.0,38.86000061035156,37.91999816894531,38.72999954223633,0.0,162213700
2005-10-07,32.65896987915039,0.0,38.34000015258789,0.0,38.56999969482422,38.18000030517578,38.400001525878906,0.0,91119900
2005-10-10,32.48008346557617,0.0,38.130001068115234,0.0,38.459999084472656,38.060001373291016,38.27000045776367,0.0,64012000
2005-10-11,32.31821823120117,0.0,37.93999862670898,0.0,38.2400016784668,37.79999923706055,38.2400016784668,0.0,114736900
2005-10-12,31.93490982055664,0.0,37.4900016784668,0.0,38.060001373291016,37.43000030517578,37.720001220703125,0.0,146109500
2005-10-13,32.18193054199219,0.0,37.77999877929688,0.0,37.90999984741211,37.33000183105469,37.470001220703125,0.0,138569600
2005-10-14,32.420448303222656,0.0,38.060001373291016,0.0,38.06999969482422,37.63999938964844,37.880001068115234,0.0,131463200
2005-10-17,32.52267837524414,0.0,38.18000030517578,0.0,38.18999862670898,37.81999969482422,38.06999969482422,0.0,64080400
2005-10-18,32.292667388916016,0.0,37.90999984741211,0.0,38.18000030517578,37.90999984741211,38.13999938964844,0.0,88070400
2005-10-19,32.9400749206543,0.0,38.66999816894531,0.0,38.66999816894531,37.61000061035156,37.720001220703125,0.0,132879900
2005-10-20,32.633399963378906,0.0,38.310001373291016,0.0,38.84999847412109,38.09999847412109,38.709999084472656,0.0,132576900
2005-10-21,32.837833404541016,0.0,38.54999923706055,0.0,38.75,38.33000183105469,38.66999816894531,0.0,110032000
2005-10-24,33.35748291015625,0.0,39.15999984741211,0.0,39.18000030517578,38.470001220703125,38.72999954223633,0.0,110820900
2005-10-25,33.22970199584961,0.0,39.0099983215332,0.0,39.18999862670898,38.77000045776367,39.09000015258789,0.0,86665800
2005-10-26,33.05929946899414,0.0,38.810001373291016,0.0,39.27000045776367,38.7599983215332,38.97999954223633,0.0,89878100
2005-10-27,32.3948974609375,0.0,38.02999877929688,0.0,38.79999923706055,38.02999877929688,38.77999877929688,0.0,132231100
2005-10-28,32.64192199707031,0.0,38.31999969482422,0.0,38.38999938964844,37.91999816894531,38.15999984741211,0.0,95243900
2005-10-31,33.11043930053711,0.0,38.869998931884766,0.0,39.04999923706055,38.41999816894531,38.45000076293945,0.0,115279100
2005-11-01,33.084861755371094,0.0,38.84000015258789,0.0,39.0099983215332,38.709999084472656,38.77999877929688,0.0,73502300
2005-11-02,33.5192985534668,0.0,39.34999847412109,0.0,39.459999084472656,38.709999084472656,38.72999954223633,0.0,101409900
2005-11-03,34.021881103515625,0.0,39.93999862670898,0.0,40.09000015258789,39.68000030517578,39.7400016784668,0.0,137054000
2005-11-04,34.141143798828125,0.0,40.08000183105469,0.0,40.22999954223633,39.84000015258789,40.0,0.0,100944500
2005-11-07,34.18370819091797,0.0,40.130001068115234,0.0,40.290000915527344,39.95000076293945,40.209999084472656,0.0,65324500
2005-11-08,34.19222640991211,0.0,40.13999938964844,0.0,40.34999847412109,39.9900016784668,40.08000183105469,0.0,78859700
2005-11-09,34.20927810668945,0.0,40.15999984741211,0.0,40.33000183105469,40.02999877929688,40.119998931884766,0.0,72458800
2005-11-10,34.584075927734375,0.0,40.59999847412109,0.0,40.68999862670898,39.91999816894531,40.18000030517578,0.0,120763100
2005-11-11,34.677791595458984,0.0,40.709999084472656,0.0,40.91999816894531,40.68000030517578,40.77000045776367,0.0,80057200
2005-11-14,34.677791595458984,0.0,40.709999084472656,0.0,40.86000061035156,40.59999847412109,40.77000045776367,0.0,53652400
2005-11-15,34.51593017578125,0.0,40.52000045776367,0.0,40.900001525878906,40.380001068115234,40.72999954223633,0.0,79543500
2005-11-16,34.7288932800293,0.0,40.77000045776367,0.0,40.77999877929688,40.459999084472656,40.630001068115234,0.0,65895700
2005-11-17,35.18888854980469,0.0,41.310001373291016,0.0,41.31999969482422,40.84999847412109,40.90999984741211,0.0,94425500
2005-11-18,35.30814743041992,0.0,41.45000076293945,0.0,41.650001525878906,41.27000045776367,41.52000045776367,0.0,108820200
2005-11-21,35.39329528808594,0.0,41.54999923706055,0.0,41.58000183105469,41.2400016784668,41.400001525878906,0.0,69731400
2005-11-22,35.52108383178711,0.0,41.70000076293945,0.0,41.869998931884766,41.36000061035156,41.470001220703125,0.0,88814000
2005-11-23,35.60628128051758,0.0,41.79999923706055,0.0,42.02000045776367,41.709999084472656,41.72999954223633,0.0,64101200
2005-11-25,35.682952880859375,0.0,41.88999938964844,0.0,41.93999862670898,41.72999954223633,41.84000015258789,0.0,22930200
2005-11-28,35.38478088378906,0.0,41.540000915527344,0.0,42.0,41.5,42.0,0.0,74716200
2005-11-29,35.214439392089844,0.0,41.34000015258789,0.0,41.84999847412109,41.34000015258789,41.77000045776367,0.0,77443000
2005-11-30,35.12925338745117,0.0,41.2400016784668,0.0,41.4900016784668,41.18999862670898,41.27999877929688,0.0,88044400
2005-12-01,35.78515625,0.0,42.0099983215332,0.0,42.04999923706055,41.5,41.5099983215332,0.0,91914100
2005-12-02,35.87032699584961,0.0,42.11000061035156,0.0,42.130001068115234,41.869998931884766,41.93999862670898,0.0,72929200
2005-12-05,35.60628128051758,0.0,41.79999923706055,0.0,42.060001373291016,41.630001068115234,42.060001373291016,0.0,61519900
2005-12-06,35.72551345825195,0.0,41.93999862670898,0.0,42.310001373291016,41.900001525878906,42.02999877929688,0.0,81509400
2005-12-07,35.65737533569336,0.0,41.86000061035156,0.0,42.02999877929688,41.630001068115234,42.0,0.0,83885500
2005-12-08,35.40182113647461,0.0,41.560001373291016,0.0,42.0,41.27000045776367,41.959999084472656,0.0,112043200
2005-12-09,35.53813171386719,0.0,41.720001220703125,0.0,41.77000045776367,41.380001068115234,41.560001373291016,0.0,56526900
2005-12-12,35.665924072265625,0.0,41.869998931884766,0.0,41.93999862670898,41.68000030517578,41.869998931884766,0.0,44863600
2005-12-13,35.81071853637695,0.0,42.040000915527344,0.0,42.209999084472656,41.7599983215332,41.81999969482422,0.0,76611600
2005-12-14,35.69147491455078,0.0,41.900001525878906,0.0,42.09999847412109,41.709999084472656,41.95000076293945,0.0,73581600
2005-12-15,35.75107955932617,0.0,41.970001220703125,0.0,42.06999969482422,41.61000061035156,42.0,0.0,72607200
2005-12-16,35.50431823730469,0.0,41.58000183105469,0.101,41.93999862670898,41.54999923706055,41.86000061035156,0.0,63743000
2005-12-19,34.940757751464844,0.0,40.91999816894531,0.0,41.709999084472656,40.900001525878906,41.66999816894531,0.0,75341700
2005-12-20,34.96637344360352,0.0,40.95000076293945,0.0,41.150001525878906,40.75,40.95000076293945,0.0,70257700
2005-12-21,35.120052337646484,0.0,41.130001068115234,0.0,41.40999984741211,40.95000076293945,41.02000045776367,0.0,68935000
2005-12-22,35.35061264038086,0.0,41.400001525878906,0.0,41.459999084472656,41.09999847412109,41.11000061035156,0.0,59149500
2005-12-23,35.35061264038086,0.0,41.400001525878906,0.0,41.59000015258789,41.29999923706055,41.5099983215332,0.0,38000400
2005-12-27,35.043216705322266,0.0,41.040000915527344,0.0,41.68000030517578,40.970001220703125,41.52000045776367,0.0,55656300
2005-12-28,35.00052261352539,0.0,40.9900016784668,0.0,41.22999954223633,40.869998931884766,41.060001373291016,0.0,50302400
2005-12-29,34.76997756958008,0.0,40.720001220703125,0.0,41.119998931884766,40.650001525878906,41.02999877929688,0.0,47301700
2005-12-30,34.50528717041016,0.0,40.40999984741211,0.0,40.58000183105469,40.36000061035156,40.540000915527344,0.0,60026500
2006-01-03,35.273773193359375,0.0,41.310001373291016,0.0,41.4900016784668,40.15999984741211,40.650001525878906,0.0,109350400
2006-01-04,35.64094161987305,0.0,41.7400016784668,0.0,41.7400016784668,41.31999969482422,41.40999984741211,0.0,92769400
2006-01-05,35.79461669921875,0.0,41.91999816894531,0.0,42.0,41.709999084472656,41.75,0.0,77656900
2006-01-06,36.443580627441406,0.0,42.68000030517578,0.0,42.70000076293945,42.060001373291016,42.2599983215332,0.0,110053900
2006-01-09,36.5887336730957,0.0,42.84999847412109,0.0,42.91999816894531,42.52000045776367,42.68000030517578,0.0,80768800
2006-01-10,36.61436080932617,0.0,42.880001068115234,0.0,42.91999816894531,42.54999923706055,42.65999984741211,0.0,84369400
2006-01-11,36.89614868164063,0.0,43.209999084472656,0.0,43.310001373291016,42.869998931884766,43.0,0.0,100761400
2006-01-12,36.7168197631836,0.0,43.0,0.0,43.290000915527344,42.84999847412109,43.15999984741211,0.0,82429200
2006-01-13,36.69974136352539,0.0,42.97999954223633,0.0,43.04999923706055,42.72999954223633,42.93999862670898,0.0,64572100
2006-01-17,36.46065902709961,0.0,42.70000076293945,0.0,42.790000915527344,42.5,42.650001525878906,0.0,77962100
2006-01-18,36.04225158691406,0.0,42.209999084472656,0.0,42.459999084472656,42.02000045776367,42.02999877929688,0.0,121021900
2006-01-19,36.30696105957031,0.0,42.52000045776367,0.0,42.81999969482422,42.290000915527344,42.41999816894531,0.0,111094000
2006-01-20,35.22252655029297,0.0,41.25,0.0,42.4900016784668,41.150001525878906,42.459999084472656,0.0,188569400
2006-01-23,35.23106002807617,0.0,41.2599983215332,0.0,41.45000076293945,41.08000183105469,41.36000061035156,0.0,111381900
2006-01-24,35.384765625,0.0,41.43999862670898,0.0,41.70000076293945,41.310001373291016,41.36000061035156,0.0,77956900
2006-01-25,35.23106002807617,0.0,41.2599983215332,0.0,41.66999816894531,41.08000183105469,41.63999938964844,0.0,99826400
2006-01-26,35.47867584228516,0.0,41.54999923706055,0.0,41.68999862670898,41.22999954223633,41.5,0.0,112600600
2006-01-27,35.95685577392578,0.0,42.11000061035156,0.0,42.38999938964844,41.7400016784668,41.79999923706055,0.0,110830400
2006-01-30,36.025177001953125,0.0,42.18999862670898,0.0,42.31999969482422,42.06999969482422,42.18000030517578,0.0,53942600
2006-01-31,35.86294174194336,0.0,42.0,0.0,42.27000045776367,41.810001373291016,42.16999816894531,0.0,100988100
2006-02-01,35.99103927612305,0.0,42.150001525878906,0.0,42.16999816894531,41.70000076293945,41.7400016784668,0.0,89168700
2006-02-02,35.3762321472168,0.0,41.43000030517578,0.0,42.08000183105469,41.40999984741211,42.0099983215332,0.0,94047400
2006-02-03,34.940757751464844,0.0,40.91999816894531,0.0,41.22999954223633,40.77999877929688,41.119998931884766,0.0,121094200
2006-02-06,34.84682083129883,0.0,40.810001373291016,0.0,41.0099983215332,40.59000015258789,40.720001220703125,0.0,58162800
2006-02-07,34.69313049316406,0.0,40.630001068115234,0.0,40.93000030517578,40.43999862670898,40.7400016784668,0.0,87327000
2006-02-08,35.09442901611328,0.0,41.09999847412109,0.0,41.150001525878906,40.68999862670898,40.91999816894531,0.0,89907800
2006-02-09,34.76144790649414,0.0,40.709999084472656,0.0,41.369998931884766,40.630001068115234,41.209999084472656,0.0,78213400
2006-02-10,34.974910736083984,0.0,40.959999084472656,0.0,41.060001373291016,40.2599983215332,40.68000030517578,0.0,102575900
2006-02-13,34.57358169555664,0.0,40.4900016784668,0.0,40.7400016784668,40.29999923706055,40.70000076293945,0.0,70643100
2006-02-14,34.92367935180664,0.0,40.900001525878906,0.0,41.02000045776367,40.40999984741211,40.56999969482422,0.0,94340300
2006-02-15,35.14567947387695,0.0,41.15999984741211,0.0,41.2599983215332,40.72999954223633,40.790000915527344,0.0,92254300
2006-02-16,35.47013854980469,0.0,41.540000915527344,0.0,41.54999923706055,41.150001525878906,41.310001373291016,0.0,103859600
2006-02-17,35.18836975097656,0.0,41.209999084472656,0.0,41.459999084472656,41.20000076293945,41.459999084472656,0.0,81770200
2006-02-21,34.79558181762695,0.0,40.75,0.0,41.27000045776367,40.61000061035156,41.209999084472656,0.0,85101400
2006-02-22,35.23106002807617,0.0,41.2599983215332,0.0,41.540000915527344,40.68000030517578,40.77999877929688,0.0,91983900
2006-02-23,35.13713836669922,0.0,41.150001525878906,0.0,41.540000915527344,41.08000183105469,41.18999862670898,0.0,66517100
2006-02-24,35.23106002807617,0.0,41.2599983215332,0.0,41.290000915527344,41.0099983215332,41.18999862670898,0.0,57085400
2006-02-27,35.623863220214844,0.0,41.720001220703125,0.0,41.869998931884766,41.33000183105469,41.36000061035156,0.0,64945000
2006-02-28,35.09442901611328,0.0,41.09999847412109,0.0,41.720001220703125,40.970001220703125,41.61000061035156,0.0,117564600
2006-03-01,35.57262420654297,0.0,41.65999984741211,0.0,41.77000045776367,41.150001525878906,41.22999954223633,0.0,80962300
2006-03-02,35.598236083984375,0.0,41.68999862670898,0.0,41.84000015258789,41.40999984741211,41.54999923706055,0.0,69856500
2006-03-03,35.39331817626953,0.0,41.45000076293945,0.0,42.0099983215332,41.38999938964844,41.45000076293945,0.0,112066100
2006-03-06,35.085914611816406,0.0,41.09000015258789,0.0,41.630001068115234,40.959999084472656,41.540000915527344,0.0,99581000
2006-03-07,34.88099670410156,0.0,40.84999847412109,0.0,41.06999969482422,40.650001525878906,41.02000045776367,0.0,96441100
2006-03-08,34.89806365966797,0.0,40.869998931884766,0.0,41.09000015258789,40.5,40.7599983215332,0.0,103961900
2006-03-09,34.59919738769531,0.0,40.52000045776367,0.0,41.150001525878906,40.470001220703125,41.0,0.0,108556700
2006-03-10,34.63336181640625,0.0,40.560001373291016,0.0,40.790000915527344,40.18999862670898,40.47999954223633,0.0,124474900
2006-03-13,34.73582458496094,0.0,40.68000030517578,0.0,40.93999862670898,40.619998931884766,40.7400016784668,0.0,69169100
2006-03-14,35.324989318847656,0.0,41.369998931884766,0.0,41.41999816894531,40.63999938964844,40.63999938964844,0.0,118201000
2006-03-15,35.623863220214844,0.0,41.720001220703125,0.0,41.720001220703125,41.31999969482422,41.52999877929688,0.0,84375800
2006-03-16,35.324989318847656,0.0,41.369998931884766,0.0,41.91999816894531,41.33000183105469,41.84999847412109,0.0,101371200
2006-03-17,35.41815185546875,0.0,41.45000076293945,0.029,41.59000015258789,41.22999954223633,41.34000015258789,0.0,78219600
2006-03-20,35.503570556640625,0.0,41.54999923706055,0.0,41.68000030517578,41.400001525878906,41.56999969482422,0.0,60240100
2006-03-21,35.12761306762695,0.0,41.11000061035156,0.0,42.0099983215332,41.08000183105469,41.11000061035156,0.0,136566000
2006-03-22,35.21306610107422,0.0,41.209999084472656,0.0,41.27999877929688,40.86000061035156,40.880001068115234,0.0,112282800
2006-03-23,35.11052322387695,0.0,41.09000015258789,0.0,41.220001220703125,40.81999969482422,41.09000015258789,0.0,75158200
2006-03-24,35.28995895385742,0.0,41.29999923706055,0.0,41.5,41.02000045776367,41.22999954223633,0.0,81795500
2006-03-27,35.29849624633789,0.0,41.310001373291016,0.0,41.5099983215332,41.2400016784668,41.27999877929688,0.0,54400400
2006-03-28,35.15325927734375,0.0,41.13999938964844,0.0,41.66999816894531,40.9900016784668,41.38999938964844,0.0,100522800
2006-03-29,35.81973648071289,0.0,41.91999816894531,0.0,42.09999847412109,41.16999816894531,41.20000076293945,0.0,130669100
2006-03-30,35.930816650390625,0.0,42.04999923706055,0.0,42.29999923706055,41.790000915527344,42.0099983215332,0.0,115915600
2006-03-31,35.82830047607422,0.0,41.93000030517578,0.0,42.18999862670898,41.84000015258789,42.130001068115234,0.0,71074600
2006-04-03,35.87100601196289,0.0,41.97999954223633,0.0,42.369998931884766,41.900001525878906,42.150001525878906,0.0,80730700
2006-04-04,36.06753540039063,0.0,42.209999084472656,0.0,42.310001373291016,41.93000030517578,42.04999923706055,0.0,89952600
2006-04-05,36.40932083129883,0.0,42.61000061035156,0.0,42.66999816894531,42.209999084472656,42.29999923706055,0.0,91628200
2006-04-06,36.511863708496094,0.0,42.72999954223633,0.0,42.93999862670898,42.43999862670898,42.59000015258789,0.0,91712800
2006-04-07,36.16154861450195,0.0,42.31999969482422,0.0,43.04999923706055,42.29999923706055,42.880001068115234,0.0,116604300
2006-04-10,36.11026382446289,0.0,42.2599983215332,0.0,42.5,42.09000015258789,42.400001525878906,0.0,58981900
2006-04-11,35.81973648071289,0.0,41.91999816894531,0.0,42.43000030517578,41.709999084472656,42.38999938964844,0.0,91481900
2006-04-12,35.82830047607422,0.0,41.93000030517578,0.0,42.08000183105469,41.79999923706055,41.93999862670898,0.0,58751200
2006-04-13,35.97354507446289,0.0,42.09999847412109,0.0,42.33000183105469,41.790000915527344,41.900001525878906,0.0,63476900
2006-04-17,35.59758377075195,0.0,41.65999984741211,0.0,42.209999084472656,41.38999938964844,42.040000915527344,0.0,104072100
2006-04-18,36.28117370605469,0.0,42.459999084472656,0.0,42.560001373291016,41.77000045776367,41.77000045776367,0.0,124291700
2006-04-19,36.44351196289063,0.0,42.650001525878906,0.0,42.650001525878906,42.29999923706055,42.540000915527344,0.0,79050300
2006-04-20,36.31532287597656,0.0,42.5,0.0,42.81999969482422,42.380001068115234,42.63999938964844,0.0,81408000
2006-04-21,35.88810348510742,0.0,42.0,0.0,42.720001220703125,41.81999969482422,42.65999984741211,0.0,130181200
2006-04-24,35.85391616821289,0.0,41.959999084472656,0.0,42.06999969482422,41.720001220703125,41.95000076293945,0.0,78556400
2006-04-25,35.77702713012695,0.0,41.869998931884766,0.0,42.09999847412109,41.650001525878906,42.06999969482422,0.0,77660800
2006-04-26,35.76847839355469,0.0,41.86000061035156,0.0,42.060001373291016,41.70000076293945,41.86000061035156,0.0,82537000
2006-04-27,36.11026382446289,0.0,42.2599983215332,0.0,42.4900016784668,41.5,41.66999816894531,0.0,173950100
2006-04-28,35.75990676879883,0.0,41.84999847412109,0.0,42.220001220703125,41.77999877929688,42.0,0.0,88876600
2006-05-01,35.40958023071289,0.0,41.43999862670898,0.0,42.04999923706055,41.310001373291016,41.91999816894531,0.0,92875500
2006-05-02,35.503570556640625,0.0,41.54999923706055,0.0,41.72999954223633,41.400001525878906,41.619998931884766,0.0,85148100
2006-05-03,35.45231246948242,0.0,41.4900016784668,0.0,41.63999938964844,41.27999877929688,41.56999969482422,0.0,74971600
2006-05-04,35.74282455444336,0.0,41.83000183105469,0.0,41.9900016784668,41.52999877929688,41.52999877929688,0.0,88696800
2006-05-05,36.02482223510742,0.0,42.15999984741211,0.0,42.209999084472656,41.93999862670898,42.09999847412109,0.0,80392200
2006-05-08,36.05899429321289,0.0,42.20000076293945,0.0,42.27999877929688,42.06999969482422,42.08000183105469,0.0,45079100
2006-05-09,35.92227554321289,0.0,42.040000915527344,0.0,42.18000030517578,41.970001220703125,42.09999847412109,0.0,48528800
2006-05-10,35.60612487792969,0.0,41.66999816894531,0.0,41.97999954223633,41.54999923706055,41.93000030517578,0.0,92424200
2006-05-11,34.81145095825195,0.0,40.7400016784668,0.0,41.650001525878906,40.630001068115234,41.630001068115234,0.0,140989700
2006-05-12,34.341495513916016,0.0,40.18999862670898,0.0,40.619998931884766,40.18000030517578,40.560001373291016,0.0,153920800
2006-05-15,34.315853118896484,0.0,40.15999984741211,0.0,40.34000015258789,39.790000915527344,40.02000045776367,0.0,127896500
2006-05-16,34.059513092041016,0.0,39.86000061035156,0.0,40.2599983215332,39.77000045776367,40.16999816894531,0.0,132397500
2006-05-17,33.59809494018555,0.0,39.31999969482422,0.0,39.810001373291016,39.22999954223633,39.68000030517578,0.0,207897100
2006-05-18,33.36738586425781,0.0,39.04999923706055,0.0,39.65999984741211,39.0,39.4900016784668,0.0,139690900
2006-05-19,33.62372970581055,0.0,39.34999847412109,0.0,39.470001220703125,38.75,39.20000076293945,0.0,194306300
2006-05-22,33.29902648925781,0.0,38.970001220703125,0.0,39.2400016784668,38.619998931884766,39.0099983215332,0.0,169591800
2006-05-23,32.97433853149414,0.0,38.59000015258789,0.0,39.380001068115234,38.56999969482422,39.2599983215332,0.0,142243900
2006-05-24,33.196475982666016,0.0,38.84999847412109,0.0,39.040000915527344,38.22999954223633,38.52999877929688,0.0,234981600
2006-05-25,33.63228988647461,0.0,39.36000061035156,0.0,39.380001068115234,38.81999969482422,39.11000061035156,0.0,123510900
2006-05-26,33.74336624145508,0.0,39.4900016784668,0.0,39.58000183105469,39.22999954223633,39.45000076293945,0.0,91319600
2006-05-30,33.017051696777344,0.0,38.63999938964844,0.0,39.33000183105469,38.61000061035156,39.29999923706055,0.0,105606200
2006-05-31,33.17085647583008,0.0,38.81999969482422,0.0,39.060001373291016,38.540000915527344,38.709999084472656,0.0,137066200
2006-06-01,33.95698165893555,0.0,39.7400016784668,0.0,39.7400016784668,38.84000015258789,38.93000030517578,0.0,119357400
2006-06-02,33.871524810791016,0.0,39.63999938964844,0.0,40.0,39.310001373291016,39.959999084472656,0.0,128864100
2006-06-05,33.13666915893555,0.0,38.77999877929688,0.0,39.560001373291016,38.77999877929688,39.560001373291016,0.0,103190600
2006-06-06,33.11104965209961,0.0,38.75,0.0,38.95000076293945,38.34999847412109,38.84999847412109,0.0,127271000
2006-06-07,32.86326217651367,0.0,38.459999084472656,0.0,39.16999816894531,38.45000076293945,38.79999923706055,0.0,130754700
2006-06-08,32.811973571777344,0.0,38.400001525878906,0.0,38.560001373291016,37.4900016784668,38.27000045776367,0.0,280562200
2006-06-09,32.59834289550781,0.0,38.150001525878906,0.0,38.7400016784668,38.11000061035156,38.560001373291016,0.0,144146200
2006-06-12,31.957481384277344,0.0,37.400001525878906,0.0,38.2599983215332,37.38999938964844,38.20000076293945,0.0,145607500
2006-06-13,31.829330444335938,0.0,37.25,0.0,37.79999923706055,37.15999984741211,37.4900016784668,0.0,207099500
2006-06-14,32.154022216796875,0.0,37.630001068115234,0.0,37.709999084472656,37.20000076293945,37.36000061035156,0.0,201876800
2006-06-15,33.025596618652344,0.0,38.650001525878906,0.0,38.790000915527344,37.79999923706055,37.84999847412109,0.0,200700400
2006-06-16,32.78276062011719,0.0,38.34000015258789,0.026,38.68000030517578,38.20000076293945,38.54999923706055,0.0,120006100
2006-06-19,32.5177001953125,0.0,38.02999877929688,0.0,38.540000915527344,37.90999984741211,38.5,0.0,129450100
2006-06-20,32.56044387817383,0.0,38.08000183105469,0.0,38.47999954223633,37.93999862670898,38.09000015258789,0.0,102871700
2006-06-21,33.073482513427734,0.0,38.68000030517578,0.0,38.9900016784668,38.130001068115234,38.13999938964844,0.0,129548100
2006-06-22,32.65450668334961,0.0,38.18999862670898,0.0,38.68000030517578,37.9900016784668,38.59000015258789,0.0,143100500
2006-06-23,32.620296478271484,0.0,38.150001525878906,0.0,38.52999877929688,37.93000030517578,38.15999984741211,0.0,88050200
2006-06-26,32.705806732177734,0.0,38.25,0.0,38.38999938964844,38.06999969482422,38.16999816894531,0.0,65157700
2006-06-27,32.09015655517578,0.0,37.52999877929688,0.0,38.33000183105469,37.4900016784668,38.27000045776367,0.0,128227500
2006-06-28,32.32958221435547,0.0,37.810001373291016,0.0,37.84000015258789,37.380001068115234,37.619998931884766,0.0,91576300
2006-06-29,33.31290054321289,0.0,38.959999084472656,0.0,38.959999084472656,37.900001525878906,37.97999954223633,0.0,181997200
2006-06-30,33.15042495727539,0.0,38.77000045776367,0.0,39.13999938964844,38.68000030517578,39.119998931884766,0.0,82719200
2006-07-03,33.347110748291016,0.0,39.0,0.0,39.0,38.810001373291016,38.88999938964844,0.0,21598500
2006-07-05,32.620296478271484,0.0,38.150001525878906,0.0,38.68000030517578,38.09000015258789,38.63999938964844,0.0,93724000
2006-07-06,32.586116790771484,0.0,38.11000061035156,0.0,38.47999954223633,38.0099983215332,38.27000045776367,0.0,70615200
2006-07-07,32.22696685791016,0.0,37.68999862670898,0.0,38.16999816894531,37.56999969482422,37.900001525878906,0.0,108063300
2006-07-10,31.944807052612305,0.0,37.36000061035156,0.0,37.93000030517578,37.16999816894531,37.790000915527344,0.0,105109800
2006-07-11,32.18421936035156,0.0,37.63999938964844,0.0,37.7400016784668,37.08000183105469,37.27999877929688,0.0,136114200
2006-07-12,31.57713508605957,0.0,36.93000030517578,0.0,37.63999938964844,36.84000015258789,37.560001373291016,0.0,154458900
2006-07-13,31.046993255615234,0.0,36.310001373291016,0.0,37.040000915527344,36.310001373291016,36.63999938964844,0.0,177745500
2006-07-14,30.73063850402832,0.0,35.939998626708984,0.0,36.380001068115234,35.790000915527344,36.29999923706055,0.0,172448500
2006-07-17,30.807601928710938,0.0,36.02999877929688,0.0,36.25,35.869998931884766,35.95000076293945,0.0,134311000
2006-07-18,30.91016960144043,0.0,36.150001525878906,0.0,36.33000183105469,35.540000915527344,36.220001220703125,0.0,206964900
2006-07-19,31.31207656860352,0.0,36.619998931884766,0.0,36.83000183105469,36.09000015258789,36.119998931884766,0.0,192517600
2006-07-20,30.85033226013184,0.0,36.08000183105469,0.0,36.79999923706055,36.040000915527344,36.75,0.0,152292100
2006-07-21,30.52541160583496,0.0,35.70000076293945,0.0,35.959999084472656,35.619998931884766,35.880001068115234,0.0,119343000
2006-07-24,31.132518768310547,0.0,36.40999984741211,0.0,36.43000030517578,35.79999923706055,35.84000015258789,0.0,130269300
2006-07-25,31.31207656860352,0.0,36.619998931884766,0.0,36.7400016784668,36.2400016784668,36.4900016784668,0.0,108869600
2006-07-26,31.28640937805176,0.0,36.59000015258789,0.0,36.869998931884766,36.22999954223633,36.5099983215332,0.0,107170500
2006-07-27,31.081188201904297,0.0,36.34999847412109,0.0,37.040000915527344,36.25,36.7400016784668,0.0,99698700
2006-07-28,31.73105239868164,0.0,37.11000061035156,0.0,37.13999938964844,36.5,36.52999877929688,0.0,93556100
2006-07-31,31.722492218017575,0.0,37.09999847412109,0.0,37.31999969482422,36.88999938964844,37.08000183105469,0.0,78015300
2006-08-01,31.19235038757324,0.0,36.47999954223633,0.0,36.79999923706055,36.2599983215332,36.77000045776367,0.0,98552800
2006-08-02,31.54294204711914,0.0,36.88999938964844,0.0,37.130001068115234,36.61000061035156,36.61000061035156,0.0,87370600
2006-08-03,31.739599227905277,0.0,37.119998931884766,0.0,37.34000015258789,36.47999954223633,36.52000045776367,0.0,99205600
2006-08-04,31.594242095947266,0.0,36.95000076293945,0.0,37.630001068115234,36.619998931884766,37.45000076293945,0.0,123493800
2006-08-07,31.389026641845703,0.0,36.709999084472656,0.0,36.93999862670898,36.52999877929688,36.90999984741211,0.0,69634800
2006-08-08,31.19235038757324,0.0,36.47999954223633,0.0,36.900001525878906,36.2599983215332,36.810001373291016,0.0,124139900
2006-08-09,31.235111236572266,0.0,36.52999877929688,0.0,37.310001373291016,36.43000030517578,36.9900016784668,0.0,145342200
2006-08-10,31.457426071166992,0.0,36.790000915527344,0.0,36.880001068115234,36.310001373291016,36.43000030517578,0.0,102481300
2006-08-11,31.235111236572266,0.0,36.52999877929688,0.0,36.68999862670898,36.369998931884766,36.650001525878906,0.0,86903200
2006-08-14,31.44033432006836,0.0,36.77000045776367,0.0,37.27000045776367,36.70000076293945,36.84000015258789,0.0,109281100
2006-08-15,32.23552322387695,0.0,37.70000076293945,0.0,37.75,37.09000015258789,37.20000076293945,0.0,133712100
2006-08-16,32.99653244018555,0.0,38.59000015258789,0.0,38.61000061035156,37.84000015258789,37.97999954223633,0.0,135452100
2006-08-17,33.116249084472656,0.0,38.72999954223633,0.0,38.97999954223633,38.43999862670898,38.459999084472656,0.0,129492200
2006-08-18,33.16752624511719,0.0,38.790000915527344,0.0,38.83000183105469,38.27999877929688,38.630001068115234,0.0,97754500
2006-08-21,32.85117721557617,0.0,38.41999816894531,0.0,38.560001373291016,38.2599983215332,38.5,0.0,66668400
2006-08-22,32.85973358154297,0.0,38.43000030517578,0.0,38.810001373291016,38.20000076293945,38.36000061035156,0.0,102058600
2006-08-23,32.61177062988281,0.0,38.13999938964844,0.0,38.66999816894531,37.91999816894531,38.459999084472656,0.0,96056300
2006-08-24,32.705806732177734,0.0,38.25,0.0,38.34999847412109,37.91999816894531,38.25,0.0,78985300
2006-08-25,32.765647888183594,0.0,38.31999969482422,0.0,38.63999938964844,38.060001373291016,38.16999816894531,0.0,73572900
2006-08-28,33.013633728027344,0.0,38.61000061035156,0.0,38.790000915527344,38.2400016784668,38.290000915527344,0.0,80035000
2006-08-29,33.116249084472656,0.0,38.72999954223633,0.0,38.7599983215332,38.18000030517578,38.58000183105469,0.0,104842000
2006-08-30,33.270137786865234,0.0,38.90999984741211,0.0,39.02999877929688,38.59999847412109,38.720001220703125,0.0,75687200
2006-08-31,33.23594284057617,0.0,38.869998931884766,0.0,39.02999877929688,38.7599983215332,38.959999084472656,0.0,61207200
2006-09-01,33.415504455566406,0.0,39.08000183105469,0.0,39.209999084472656,38.900001525878906,39.08000183105469,0.0,69388500
2006-09-05,33.74041748046875,0.0,39.459999084472656,0.0,39.47999954223633,38.84999847412109,39.09999847412109,0.0,85582800
2006-09-06,33.06494140625,0.0,38.66999816894531,0.0,39.18999862670898,38.61000061035156,39.09999847412109,0.0,97888600
2006-09-07,32.9110107421875,0.0,38.4900016784668,0.0,38.900001525878906,38.36000061035156,38.54999923706055,0.0,115877400
2006-09-08,33.107688903808594,0.0,38.720001220703125,0.0,38.81999969482422,38.459999084472656,38.540000915527344,0.0,96627000
2006-09-11,33.31290054321289,0.0,38.959999084472656,0.0,39.150001525878906,38.31999969482422,38.40999984741211,0.0,142377500
2006-09-12,33.92852783203125,0.0,39.68000030517578,0.0,39.79999923706055,38.95000076293945,38.95000076293945,0.0,124102400
2006-09-13,34.15940475463867,0.0,39.95000076293945,0.0,39.97999954223633,39.630001068115234,39.709999084472656,0.0,116054300
2006-09-14,34.19361877441406,0.0,39.9900016784668,0.0,40.220001220703125,39.7599983215332,39.84999847412109,0.0,98116000
2006-09-15,34.31592559814453,0.0,40.11000061035156,0.023,40.459999084472656,40.0,40.29999923706055,0.0,137825600
2006-09-18,34.32450866699219,0.0,40.119998931884766,0.0,40.400001525878906,39.93999862670898,40.119998931884766,0.0,117806700
2006-09-19,34.093502044677734,0.0,39.84999847412109,0.0,40.25,39.52000045776367,40.220001220703125,0.0,159060800
2006-09-20,34.589725494384766,0.0,40.43000030517578,0.0,40.540000915527344,40.18999862670898,40.20000076293945,0.0,116635500
2006-09-21,34.37583923339844,0.0,40.18000030517578,0.0,40.66999816894531,40.08000183105469,40.52999877929688,0.0,121886900
2006-09-22,34.110633850097656,0.0,39.869998931884766,0.0,40.15999984741211,39.70000076293945,40.150001525878906,0.0,100996400
2006-09-25,34.70948791503906,0.0,40.56999969482422,0.0,40.65999984741211,39.68000030517578,40.040000915527344,0.0,136473400
2006-09-26,34.880615234375,0.0,40.77000045776367,0.0,40.79999923706055,40.400001525878906,40.52000045776367,0.0,113375600
2006-09-27,34.83782196044922,0.0,40.720001220703125,0.0,40.95000076293945,40.5,40.66999816894531,0.0,113003800
2006-09-28,34.931922912597656,0.0,40.83000183105469,0.0,40.88999938964844,40.43000030517578,40.77000045776367,0.0,85943600
2006-09-29,34.77794647216797,0.0,40.650001525878906,0.0,40.93000030517578,40.619998931884766,40.900001525878906,0.0,85438200
2006-10-02,34.341590881347656,0.0,40.13999938964844,0.0,40.70000076293945,40.08000183105469,40.59999847412109,0.0,97068800
2006-10-03,34.487060546875,0.0,40.310001373291016,0.0,40.47999954223633,39.880001068115234,40.02000045776367,0.0,116261400
2006-10-04,35.334041595458984,0.0,41.29999923706055,0.0,41.310001373291016,40.13999938964844,40.2400016784668,0.0,149209500
2006-10-05,35.505149841308594,0.0,41.5,0.0,41.560001373291016,41.18000030517578,41.29999923706055,0.0,91799900
2006-10-06,35.42815017700195,0.0,41.40999984741211,0.0,41.560001373291016,41.2400016784668,41.36000061035156,0.0,85450400
2006-10-09,35.54794692993164,0.0,41.54999923706055,0.0,41.7400016784668,41.31999969482422,41.36000061035156,0.0,62786100
2006-10-10,35.6077995300293,0.0,41.619998931884766,0.0,41.75,41.310001373291016,41.59999847412109,0.0,98181800
2006-10-11,35.53937149047852,0.0,41.540000915527344,0.0,41.83000183105469,41.16999816894531,41.43000030517578,0.0,136561300
2006-10-12,36.10404586791992,0.0,42.20000076293945,0.0,42.25,41.70000076293945,41.7599983215332,0.0,95260200
2006-10-13,36.3008041381836,0.0,42.43000030517578,0.0,42.52000045776367,42.13999938964844,42.22999954223633,0.0,80470200
2006-10-16,36.33504104614258,0.0,42.470001220703125,0.0,42.619998931884766,42.400001525878906,42.43000030517578,0.0,62017400
2006-10-17,35.93292236328125,0.0,42.0,0.0,42.20000076293945,41.7599983215332,42.16999816894531,0.0,146149100
2006-10-18,35.76179885864258,0.0,41.79999923706055,0.0,42.310001373291016,41.650001525878906,42.220001220703125,0.0,120366100
2006-10-19,35.84737777709961,0.0,41.900001525878906,0.0,42.11000061035156,41.59000015258789,41.68999862670898,0.0,108198400
2006-10-20,35.93292236328125,0.0,42.0,0.0,42.08000183105469,41.63999938964844,42.040000915527344,0.0,105454300
2006-10-23,36.3008041381836,0.0,42.43000030517578,0.0,42.58000183105469,41.81999969482422,41.91999816894531,0.0,126960500
2006-10-24,36.05270385742188,0.0,42.13999938964844,0.0,42.45000076293945,41.91999816894531,42.27999877929688,0.0,103541700
2006-10-25,36.3008041381836,0.0,42.43000030517578,0.0,42.52000045776367,42.04999923706055,42.15999984741211,0.0,125399500
2006-10-26,36.63447189331055,0.0,42.81999969482422,0.0,42.91999816894531,42.220001220703125,42.58000183105469,0.0,130260700
2006-10-27,36.112586975097656,0.0,42.209999084472656,0.0,42.81999969482422,42.08000183105469,42.720001220703125,0.0,129375000
2006-10-30,36.34358215332031,0.0,42.47999954223633,0.0,42.650001525878906,42.060001373291016,42.15999984741211,0.0,103899900
2006-10-31,36.42914581298828,0.0,42.58000183105469,0.0,42.7599983215332,42.310001373291016,42.560001373291016,0.0,135811800
2006-11-01,35.93292236328125,0.0,42.0,0.0,42.77000045776367,41.81999969482422,42.72999954223633,0.0,148960600
2006-11-02,35.96714401245117,0.0,42.040000915527344,0.0,42.13999938964844,41.7400016784668,41.810001373291016,0.0,100216400
2006-11-03,35.87303924560547,0.0,41.93000030517578,0.0,42.18999862670898,41.61000061035156,42.09999847412109,0.0,119263300
2006-11-06,36.39492416381836,0.0,42.540000915527344,0.0,42.709999084472656,42.060001373291016,42.06999969482422,0.0,101283300
2006-11-07,36.64302444458008,0.0,42.83000183105469,0.0,43.09000015258789,42.470001220703125,42.540000915527344,0.0,139706500
2006-11-08,36.81413269042969,0.0,43.02999877929688,0.0,43.20000076293945,42.470001220703125,42.59000015258789,0.0,180245700
2006-11-09,36.64302444458008,0.0,42.83000183105469,0.0,43.34999847412109,42.66999816894531,43.2599983215332,0.0,124278000
2006-11-10,36.81413269042969,0.0,43.02999877929688,0.0,43.040000915527344,42.66999816894531,42.84000015258789,0.0,82419400
2006-11-13,37.19059371948242,0.0,43.470001220703125,0.0,43.540000915527344,43.0,43.04999923706055,0.0,89146200
2006-11-14,37.5841178894043,0.0,43.93000030517578,0.0,43.970001220703125,43.2400016784668,43.5,0.0,121962800
2006-11-15,37.73812484741211,0.0,44.11000061035156,0.0,44.400001525878906,43.91999816894531,43.9900016784668,0.0,116565900
2006-11-16,37.90068054199219,0.0,44.29999923706055,0.0,44.41999816894531,44.02000045776367,44.2599983215332,0.0,113513200
2006-11-17,37.90068054199219,0.0,44.29999923706055,0.0,44.29999923706055,43.95000076293945,44.060001373291016,0.0,95162500
2006-11-20,37.977684020996094,0.0,44.38999938964844,0.0,44.47999954223633,44.0099983215332,44.15999984741211,0.0,107184100
2006-11-21,38.02901458740234,0.0,44.45000076293945,0.0,44.5099983215332,44.25,44.41999816894531,0.0,68092200
2006-11-22,38.268550872802734,0.0,44.72999954223633,0.0,44.75,44.2599983215332,44.58000183105469,0.0,69852700
2006-11-24,38.20012283325195,0.0,44.650001525878906,0.0,44.86000061035156,44.380001068115234,44.400001525878906,0.0,51762900
2006-11-27,37.336029052734375,0.0,43.63999938964844,0.0,44.61000061035156,43.63999938964844,44.5099983215332,0.0,159506300
2006-11-28,37.44723510742188,0.0,43.77000045776367,0.0,43.84000015258789,43.34000015258789,43.5099983215332,0.0,118268400
2006-11-29,37.70389938354492,0.0,44.06999969482422,0.0,44.18000030517578,43.65999984741211,44.0,0.0,139515500
2006-11-30,37.67823791503906,0.0,44.040000915527344,0.0,44.27999877929688,43.790000915527344,44.04999923706055,0.0,123457100
2006-12-01,37.3531379699707,0.0,43.65999984741211,0.0,44.34999847412109,43.2599983215332,44.0,0.0,144559600
2006-12-04,37.86643981933594,0.0,44.2599983215332,0.0,44.47999954223633,43.790000915527344,43.790000915527344,0.0,89782400
2006-12-05,38.00333786010742,0.0,44.41999816894531,0.0,44.54999923706055,44.18999862670898,44.38999938964844,0.0,84697500
2006-12-06,37.86643981933594,0.0,44.2599983215332,0.0,44.400001525878906,44.06999969482422,44.27999877929688,0.0,78207500
2006-12-07,37.38735580444336,0.0,43.70000076293945,0.0,44.47999954223633,43.70000076293945,44.34000015258789,0.0,124936100
2006-12-08,37.5584602355957,0.0,43.900001525878906,0.0,44.2599983215332,43.470001220703125,43.560001373291016,0.0,133798700
2006-12-11,37.69534683227539,0.0,44.060001373291016,0.0,44.369998931884766,43.75,43.83000183105469,0.0,72931300
2006-12-12,37.47289657592773,0.0,43.79999923706055,0.0,44.130001068115234,43.560001373291016,44.04999923706055,0.0,110985900
2006-12-13,37.54133605957031,0.0,43.880001068115234,0.0,44.11000061035156,43.619998931884766,44.09999847412109,0.0,79035500
2006-12-14,37.96055221557617,0.0,44.369998931884766,0.0,44.56999969482422,43.93999862670898,43.970001220703125,0.0,109104200
2006-12-15,38.05821228027344,0.0,44.43000030517578,0.054,44.7599983215332,44.34999847412109,44.68000030517578,0.0,99942300
2006-12-18,37.68133544921875,0.0,43.9900016784668,0.0,44.75,43.79999923706055,44.58000183105469,0.0,121588700
2006-12-19,37.5614013671875,0.0,43.84999847412109,0.0,44.060001373291016,43.380001068115234,43.650001525878906,0.0,136535200
2006-12-20,37.4243392944336,0.0,43.68999862670898,0.0,44.11000061035156,43.66999816894531,43.900001525878906,0.0,67213400
2006-12-21,37.158817291259766,0.0,43.380001068115234,0.0,43.790000915527344,43.209999084472656,43.7400016784668,0.0,102952300
2006-12-22,36.77333068847656,0.0,42.93000030517578,0.0,43.40999984741211,42.93000030517578,43.400001525878906,0.0,92858600
2006-12-26,36.92754364013672,0.0,43.11000061035156,0.0,43.119998931884766,42.880001068115234,42.93000030517578,0.0,50848600
2006-12-27,37.115970611572266,0.0,43.33000183105469,0.0,43.400001525878906,43.09999847412109,43.209999084472656,0.0,54129200
2006-12-28,36.93609237670898,0.0,43.119998931884766,0.0,43.380001068115234,43.04999923706055,43.20000076293945,0.0,69016000
2006-12-29,36.97036361694336,0.0,43.15999984741211,0.0,43.61000061035156,43.119998931884766,43.18999862670898,0.0,75152500
2007-01-03,37.038875579833984,0.0,43.2400016784668,0.0,44.060001373291016,42.52000045776367,43.459999084472656,0.0,167689500
2007-01-04,37.74127578735352,0.0,44.060001373291016,0.0,44.209999084472656,43.150001525878906,43.29999923706055,0.0,136853500
2007-01-05,37.5614013671875,0.0,43.84999847412109,0.0,43.95000076293945,43.47999954223633,43.95000076293945,0.0,138958800
2007-01-08,37.58708953857422,0.0,43.880001068115234,0.0,44.119998931884766,43.63999938964844,43.88999938964844,0.0,106401600
2007-01-09,37.77555465698242,0.0,44.09999847412109,0.0,44.290000915527344,43.630001068115234,44.0099983215332,0.0,121577500
2007-01-10,38.22097396850586,0.0,44.619998931884766,0.0,44.65999984741211,43.81999969482422,43.959999084472656,0.0,121070100
2007-01-11,38.61501693725586,0.0,45.08000183105469,0.0,45.2400016784668,44.650001525878906,44.709999084472656,0.0,174029800
2007-01-12,38.812007904052734,0.0,45.310001373291016,0.0,45.34999847412109,44.970001220703125,45.02000045776367,0.0,104217300
2007-01-16,38.78630828857422,0.0,45.27999877929688,0.0,45.400001525878906,45.130001068115234,45.34999847412109,0.0,95690500
2007-01-17,38.469383239746094,0.0,44.90999984741211,0.0,45.290000915527344,44.83000183105469,45.09000015258789,0.0,127142600
2007-01-18,37.7584114074707,0.0,44.08000183105469,0.0,44.84000015258789,43.95000076293945,44.790000915527344,0.0,189029800
2007-01-19,37.83550643920898,0.0,44.16999816894531,0.0,44.27999877929688,43.90999984741211,43.970001220703125,0.0,127544300
2007-01-22,37.4243392944336,0.0,43.68999862670898,0.0,44.22999954223633,43.5099983215332,44.209999084472656,0.0,123441700
2007-01-23,37.33012771606445,0.0,43.58000183105469,0.0,43.97999954223633,43.5,43.65999984741211,0.0,133103600
2007-01-24,37.94685745239258,0.0,44.29999923706055,0.0,44.31999969482422,43.77000045776367,43.86000061035156,0.0,117615300
2007-01-25,37.458614349365234,0.0,43.72999954223633,0.0,44.470001220703125,43.58000183105469,44.36000061035156,0.0,158337600
2007-01-26,37.32154083251953,0.0,43.56999969482422,0.0,43.83000183105469,43.290000915527344,43.810001373291016,0.0,146284300
2007-01-29,37.35580825805664,0.0,43.61000061035156,0.0,43.90999984741211,43.400001525878906,43.459999084472656,0.0,104191500
2007-01-30,37.3729362487793,0.0,43.630001068115234,0.0,43.790000915527344,43.52000045776367,43.68000030517578,0.0,69605900
2007-01-31,37.749847412109375,0.0,44.06999969482422,0.0,44.18999862670898,43.33000183105469,43.58000183105469,0.0,157772500
2007-02-01,37.68988800048828,0.0,44.0,0.0,44.400001525878906,43.84999847412109,44.27000045776367,0.0,147365600
2007-02-02,37.826934814453125,0.0,44.15999984741211,0.0,44.25,43.93999862670898,44.119998931884766,0.0,98189200
2007-02-05,37.79268264770508,0.0,44.119998931884766,0.0,44.36000061035156,43.959999084472656,44.13999938964844,0.0,96347800
2007-02-06,37.74127578735352,0.0,44.060001373291016,0.0,44.22999954223633,43.63999938964844,44.20000076293945,0.0,121110200
2007-02-07,38.083927154541016,0.0,44.459999084472656,0.0,44.650001525878906,44.119998931884766,44.27999877929688,0.0,117823800
2007-02-08,38.07535934448242,0.0,44.45000076293945,0.0,44.59999847412109,44.22999954223633,44.400001525878906,0.0,89521900
2007-02-09,37.58708953857422,0.0,43.880001068115234,0.0,44.720001220703125,43.72999954223633,44.56999969482422,0.0,133472000
2007-02-12,37.44146728515625,0.0,43.709999084472656,0.0,43.88999938964844,43.59000015258789,43.869998931884766,0.0,126940000
2007-02-13,37.5699462890625,0.0,43.86000061035156,0.0,44.0,43.70000076293945,43.77999877929688,0.0,93648000
2007-02-14,38.2038459777832,0.0,44.59999847412109,0.0,44.709999084472656,44.040000915527344,44.040000915527344,0.0,133370000
2007-02-15,38.42655563354492,0.0,44.86000061035156,0.0,44.86000061035156,44.54999923706055,44.630001068115234,0.0,110452500
2007-02-16,38.29803466796875,0.0,44.709999084472656,0.0,44.83000183105469,44.56999969482422,44.65999984741211,0.0,72342200
2007-02-20,38.58929443359375,0.0,45.04999923706055,0.0,45.119998931884766,44.43000030517578,44.63999938964844,0.0,93629000
2007-02-21,38.70923614501953,0.0,45.18999862670898,0.0,45.209999084472656,44.83000183105469,44.91999816894531,0.0,95864000
2007-02-22,38.90624237060547,0.0,45.41999816894531,0.0,45.54999923706055,45.06999969482422,45.36000061035156,0.0,116344400
2007-02-23,38.769187927246094,0.0,45.2599983215332,0.0,45.459999084472656,45.060001373291016,45.41999816894531,0.0,113467100
2007-02-26,38.58075714111328,0.0,45.040000915527344,0.0,45.5,44.7599983215332,45.47999954223633,0.0,101623700
2007-02-27,36.99604415893555,0.0,43.18999862670898,0.0,44.47999954223633,43.060001373291016,44.369998931884766,0.0,317813200
2007-02-28,37.115970611572266,0.0,43.33000183105469,0.0,43.7599983215332,42.93000030517578,43.150001525878906,0.0,214978700
2007-03-01,36.94464111328125,0.0,43.130001068115234,0.0,43.540000915527344,42.2400016784668,42.54999923706055,0.0,231806500
2007-03-02,36.38787841796875,0.0,42.47999954223633,0.0,43.13999938964844,42.470001220703125,42.77999877929688,0.0,183359400
2007-03-05,36.10519027709961,0.0,42.150001525878906,0.0,42.79999923706055,42.060001373291016,42.150001525878906,0.0,171885400
2007-03-06,36.704811096191406,0.0,42.84999847412109,0.0,42.9900016784668,42.5,42.52999877929688,0.0,155551800
2007-03-07,36.55918502807617,0.0,42.68000030517578,0.0,42.97999954223633,42.650001525878906,42.86000061035156,0.0,119979300
2007-03-08,36.80759811401367,0.0,42.970001220703125,0.0,43.2400016784668,42.84000015258789,43.130001068115234,0.0,120900700
2007-03-09,36.77333068847656,0.0,42.93000030517578,0.0,43.34000015258789,42.650001525878906,43.33000183105469,0.0,128597600
2007-03-12,37.013179779052734,0.0,43.209999084472656,0.0,43.27999877929688,42.83000183105469,42.869998931884766,0.0,81310100
2007-03-13,36.29364013671875,0.0,42.369998931884766,0.0,43.2400016784668,42.36000061035156,43.0,0.0,171231800
2007-03-14,36.82474899291992,0.0,42.9900016784668,0.0,43.0,42.09999847412109,42.43000030517578,0.0,192586700
2007-03-15,36.73908233642578,0.0,42.88999938964844,0.0,43.060001373291016,42.720001220703125,42.900001525878906,0.0,111627400
2007-03-16,36.710784912109375,0.0,42.83000183105469,0.027,43.040000915527344,42.61000061035156,42.93999862670898,0.0,108328800
2007-03-19,37.08792495727539,0.0,43.27000045776367,0.0,43.38999938964844,42.95000076293945,43.060001373291016,0.0,95913200
2007-03-20,37.353641510009766,0.0,43.58000183105469,0.0,43.59000015258789,43.209999084472656,43.2599983215332,0.0,78755700
2007-03-21,38.07362365722656,0.0,44.41999816894531,0.0,44.43999862670898,43.34999847412109,43.63999938964844,0.0,173333500
2007-03-22,37.936485290527344,0.0,44.2599983215332,0.0,44.45000076293945,44.09000015258789,44.43999862670898,0.0,114856300
2007-03-23,37.81649017333984,0.0,44.119998931884766,0.0,44.369998931884766,44.06999969482422,44.2599983215332,0.0,68530300
2007-03-26,37.97076797485352,0.0,44.29999923706055,0.0,44.31999969482422,43.630001068115234,44.13999938964844,0.0,114237300
2007-03-27,37.70507049560547,0.0,43.9900016784668,0.0,44.2400016784668,43.95000076293945,44.22999954223633,0.0,76419200
2007-03-28,37.30220031738281,0.0,43.52000045776367,0.0,44.02999877929688,43.5099983215332,43.79999923706055,0.0,142795000
2007-03-29,37.34505462646485,0.0,43.56999969482422,0.0,43.84999847412109,43.09999847412109,43.81999969482422,0.0,124407000
2007-03-30,37.3107795715332,0.0,43.52999877929688,0.0,43.869998931884766,43.220001220703125,43.560001373291016,0.0,120418700
2007-04-02,37.36220932006836,0.0,43.59000015258789,0.0,43.7599983215332,43.29999923706055,43.66999816894531,0.0,89617700
2007-04-03,37.85075759887695,0.0,44.15999984741211,0.0,44.310001373291016,43.790000915527344,43.81999969482422,0.0,105814500
2007-04-04,38.00505447387695,0.0,44.34000015258789,0.0,44.380001068115234,44.130001068115234,44.18999862670898,0.0,85147200
2007-04-05,38.193603515625,0.0,44.560001373291016,0.0,44.58000183105469,44.22999954223633,44.290000915527344,0.0,54220200
2007-04-09,38.09934616088867,0.0,44.45000076293945,0.0,44.75,44.380001068115234,44.709999084472656,0.0,63050200
2007-04-10,38.296478271484375,0.0,44.68000030517578,0.0,44.68000030517578,44.40999984741211,44.43999862670898,0.0,76364500
2007-04-11,37.89363098144531,0.0,44.209999084472656,0.0,44.65999984741211,44.06999969482422,44.63999938964844,0.0,114012300
2007-04-12,38.193603515625,0.0,44.560001373291016,0.0,44.619998931884766,43.95000076293945,44.13999938964844,0.0,113801300
2007-04-13,38.27076721191406,0.0,44.650001525878906,0.0,44.720001220703125,44.290000915527344,44.56999969482422,0.0,94572000
2007-04-16,38.62217712402344,0.0,45.060001373291016,0.0,45.150001525878906,44.83000183105469,44.83000183105469,0.0,72803200
2007-04-17,38.7078857421875,0.0,45.15999984741211,0.0,45.20000076293945,44.959999084472656,45.150001525878906,0.0,81852300
2007-04-18,38.5793342590332,0.0,45.0099983215332,0.0,45.22999954223633,44.83000183105469,44.93000030517578,0.0,82002500
2007-04-19,38.699317932128906,0.0,45.150001525878906,0.0,45.25,44.720001220703125,44.810001373291016,0.0,95413000
2007-04-20,38.913612365722656,0.0,45.400001525878906,0.0,45.66999816894531,45.20000076293945,45.52000045776367,0.0,122377400
2007-04-23,38.97360229492188,0.0,45.470001220703125,0.0,45.59999847412109,45.34000015258789,45.459999084472656,0.0,85303300
2007-04-24,39.17075347900391,0.0,45.70000076293945,0.0,45.83000183105469,45.33000183105469,45.630001068115234,0.0,108143700
2007-04-25,39.69359588623047,0.0,46.310001373291016,0.0,46.31999969482422,45.70000076293945,45.84999847412109,0.0,106818100
2007-04-26,39.8993034362793,0.0,46.54999923706055,0.0,46.650001525878906,46.33000183105469,46.41999816894531,0.0,99308300
2007-04-27,39.91644287109375,0.0,46.56999969482422,0.0,46.70000076293945,46.290000915527344,46.369998931884766,0.0,96536500
2007-04-30,39.39360809326172,0.0,45.959999084472656,0.0,46.52999877929688,45.91999816894531,46.4900016784668,0.0,93290500
2007-05-01,39.35931015014648,0.0,45.91999816894531,0.0,46.13999938964844,45.65999984741211,45.970001220703125,0.0,135044400
2007-05-02,39.787864685058594,0.0,46.41999816894531,0.0,46.58000183105469,46.04999923706055,46.09000015258789,0.0,91971600
2007-05-03,39.933589935302734,0.0,46.59000015258789,0.0,46.720001220703125,46.43000030517578,46.5099983215332,0.0,98003600
2007-05-04,39.96787643432617,0.0,46.630001068115234,0.0,46.88999938964844,46.41999816894531,46.77000045776367,0.0,93591800
2007-05-07,39.96787643432617,0.0,46.630001068115234,0.0,46.77999877929688,46.56999969482422,46.65999984741211,0.0,47487900
2007-05-08,40.05359649658203,0.0,46.72999954223633,0.0,46.77000045776367,46.29999923706055,46.470001220703125,0.0,95138900
2007-05-09,40.139286041259766,0.0,46.83000183105469,0.0,46.970001220703125,46.459999084472656,46.4900016784668,0.0,116021000
2007-05-10,39.59076690673828,0.0,46.18999862670898,0.0,46.77999877929688,46.06999969482422,46.66999816894531,0.0,171196300
2007-05-11,40.09645080566406,0.0,46.77999877929688,0.0,46.77999877929688,46.18000030517578,46.2400016784668,0.0,104767900
2007-05-14,39.82215881347656,0.0,46.459999084472656,0.0,46.880001068115234,46.18999862670898,46.77000045776367,0.0,118899200
2007-05-15,39.513614654541016,0.0,46.09999847412109,0.0,46.70000076293945,45.9900016784668,46.41999816894531,0.0,179438500
2007-05-16,39.8993034362793,0.0,46.54999923706055,0.0,46.560001373291016,45.90999984741211,46.20000076293945,0.0,144420500
2007-05-17,39.71072769165039,0.0,46.33000183105469,0.0,46.56999969482422,46.290000915527344,46.4900016784668,0.0,109869100
2007-05-18,40.03643035888672,0.0,46.709999084472656,0.0,46.709999084472656,46.380001068115234,46.47999954223633,0.0,104961700
2007-05-21,40.2935905456543,0.0,47.0099983215332,0.0,47.2400016784668,46.66999816894531,46.7400016784668,0.0,112831400
2007-05-22,40.32787322998047,0.0,47.04999923706055,0.0,47.27999877929688,46.869998931884766,47.040000915527344,0.0,98029100
2007-05-23,40.139286041259766,0.0,46.83000183105469,0.0,47.369998931884766,46.79999923706055,47.18999862670898,0.0,119220600
2007-05-24,39.56501388549805,0.0,46.15999984741211,0.0,47.040000915527344,45.970001220703125,46.86000061035156,0.0,206268600
2007-05-25,39.8135871887207,0.0,46.45000076293945,0.0,46.560001373291016,46.18000030517578,46.2599983215332,0.0,87143200
2007-05-29,40.12215423583984,0.0,46.810001373291016,0.0,46.86000061035156,46.40999984741211,46.5,0.0,99702400
2007-05-30,40.4478645324707,0.0,47.18999862670898,0.0,47.20000076293945,46.34999847412109,46.47999954223633,0.0,132036500
2007-05-31,40.63643264770508,0.0,47.40999984741211,0.0,47.52000045776367,47.209999084472656,47.31999969482422,0.0,109457700
2007-06-01,40.6621322631836,0.0,47.43999862670898,0.0,47.77000045776367,47.369998931884766,47.58000183105469,0.0,125089800
2007-06-04,40.78214645385742,0.0,47.58000183105469,0.0,47.63999938964844,47.2400016784668,47.27000045776367,0.0,64782700
2007-06-05,40.78214645385742,0.0,47.58000183105469,0.0,47.58000183105469,47.0,47.45000076293945,0.0,151160400
2007-06-06,40.34503173828125,0.0,47.06999969482422,0.0,47.380001068115234,46.959999084472656,47.369998931884766,0.0,183166500
2007-06-07,39.71930694580078,0.0,46.34000015258789,0.0,47.209999084472656,46.31999969482422,46.90999984741211,0.0,221373300
2007-06-08,40.20787811279297,0.0,46.90999984741211,0.0,46.93000030517578,46.15999984741211,46.31999969482422,0.0,177587800
2007-06-11,40.13072967529297,0.0,46.81999969482422,0.0,47.18999862670898,46.7599983215332,46.880001068115234,0.0,97100400
2007-06-12,39.89072036743164,0.0,46.540000915527344,0.0,47.040000915527344,46.45000076293945,46.56999969482422,0.0,153967700
2007-06-13,40.32787322998047,0.0,47.04999923706055,0.0,47.09000015258789,46.540000915527344,46.7400016784668,0.0,147985300
2007-06-14,40.59358215332031,0.0,47.36000061035156,0.0,47.4900016784668,47.09000015258789,47.09999847412109,0.0,101531900
2007-06-15,40.96843338012695,0.0,47.7599983215332,0.037,47.869998931884766,47.650001525878906,47.7599983215332,0.0,100378400
2007-06-18,40.97700500488281,0.0,47.77000045776367,0.0,47.869998931884766,47.66999816894531,47.84999847412109,0.0,75713200
2007-06-19,40.96843338012695,0.0,47.7599983215332,0.0,47.86000061035156,47.5099983215332,47.630001068115234,0.0,109621300
2007-06-20,40.58241653442383,0.0,47.310001373291016,0.0,47.91999816894531,47.2400016784668,47.83000183105469,0.0,161889500
2007-06-21,40.95126724243164,0.0,47.7400016784668,0.0,47.790000915527344,47.08000183105469,47.290000915527344,0.0,143181300
2007-06-22,40.56526184082031,0.0,47.290000915527344,0.0,47.709999084472656,47.13999938964844,47.63999938964844,0.0,153328700
2007-06-25,40.39371490478516,0.0,47.09000015258789,0.0,47.58000183105469,46.81999969482422,47.29999923706055,0.0,136602600
2007-06-26,40.16211700439453,0.0,46.81999969482422,0.0,47.31999969482422,46.7400016784668,47.310001373291016,0.0,128211900
2007-06-27,40.77971649169922,0.0,47.540000915527344,0.0,47.560001373291016,46.70000076293945,46.77000045776367,0.0,141196200
2007-06-28,40.76256561279297,0.0,47.52000045776367,0.0,47.84999847412109,47.470001220703125,47.52000045776367,0.0,116546300
2007-06-29,40.831172943115234,0.0,47.59999847412109,0.0,47.880001068115234,47.209999084472656,47.77999877929688,0.0,124794700
2007-07-02,41.200042724609375,0.0,48.02999877929688,0.0,48.04999923706055,47.68000030517578,47.709999084472656,0.0,80863100
2007-07-03,41.440223693847656,0.0,48.310001373291016,0.0,48.31999969482422,48.040000915527344,48.09000015258789,0.0,34803300
2007-07-05,41.740455627441406,0.0,48.65999984741211,0.0,48.77000045776367,48.290000915527344,48.34000015258789,0.0,73588500
2007-07-06,41.91203308105469,0.0,48.86000061035156,0.0,48.90999984741211,48.5,48.709999084472656,0.0,65804300
2007-07-09,41.937744140625,0.0,48.88999938964844,0.0,48.97999954223633,48.720001220703125,48.900001525878906,0.0,66768800
2007-07-10,41.586055755615234,0.0,48.47999954223633,0.0,48.900001525878906,48.43000030517578,48.619998931884766,0.0,104383100
2007-07-11,41.86911010742188,0.0,48.810001373291016,0.0,48.810001373291016,48.31999969482422,48.369998931884766,0.0,99637600
2007-07-12,42.512454986572266,0.0,49.560001373291016,0.0,49.66999816894531,48.91999816894531,48.970001220703125,0.0,107667100
2007-07-13,42.80412673950195,0.0,49.900001525878906,0.0,49.970001220703125,49.56999969482422,49.630001068115234,0.0,74232200
2007-07-16,42.76121520996094,0.0,49.84999847412109,0.0,50.08000183105469,49.7599983215332,49.88999938964844,0.0,77799500
2007-07-17,43.087188720703125,0.0,50.22999954223633,0.0,50.29999923706055,49.91999816894531,49.959999084472656,0.0,124833700
2007-07-18,43.03570938110352,0.0,50.16999816894531,0.0,50.16999816894531,49.63999938964844,49.95000076293945,0.0,144915900
2007-07-19,43.16439437866211,0.0,50.31999969482422,0.0,50.65999984741211,50.310001373291016,50.40999984741211,0.0,116563800
2007-07-20,42.93278884887695,0.0,50.04999923706055,0.0,50.36000061035156,49.7400016784668,50.290000915527344,0.0,163721300
2007-07-23,42.94993209838867,0.0,50.06999969482422,0.0,50.310001373291016,49.91999816894531,50.220001220703125,0.0,107464100
2007-07-24,42.315162658691406,0.0,49.33000183105469,0.0,50.09999847412109,49.04999923706055,49.70000076293945,0.0,175496200
2007-07-25,42.37521743774414,0.0,49.400001525878906,0.0,49.66999816894531,49.060001373291016,49.58000183105469,0.0,170258700
2007-07-26,42.014949798583984,0.0,48.97999954223633,0.0,49.470001220703125,48.04999923706055,49.060001373291016,0.0,318522000
2007-07-27,41.16573333740234,0.0,47.9900016784668,0.0,49.119998931884766,47.9900016784668,48.88999938964844,0.0,246387600
2007-07-30,41.64607620239258,0.0,48.54999923706055,0.0,48.72999954223633,47.95000076293945,48.220001220703125,0.0,166517200
2007-07-31,40.77114486694336,0.0,47.52999877929688,0.0,48.9900016784668,47.43000030517578,48.970001220703125,0.0,260224500
2007-08-01,41.08852005004883,0.0,47.900001525878906,0.0,47.93000030517578,46.97999954223633,47.38999938964844,0.0,301153900
2007-08-02,41.46595764160156,0.0,48.34000015258789,0.0,48.43000030517578,47.790000915527344,47.93000030517578,0.0,177369900
2007-08-03,40.67676544189453,0.0,47.41999816894531,0.0,48.310001373291016,47.150001525878906,48.25,0.0,166048400
2007-08-06,41.14859008789063,0.0,47.970001220703125,0.0,48.02000045776367,47.02999877929688,47.470001220703125,0.0,190869100
2007-08-07,41.440223693847656,0.0,48.310001373291016,0.0,48.619998931884766,47.47999954223633,47.880001068115234,0.0,167109700
2007-08-08,41.89487838745117,0.0,48.84000015258789,0.0,49.060001373291016,48.400001525878906,48.5099983215332,0.0,164831200
2007-08-09,40.9255485534668,0.0,47.709999084472656,0.0,48.970001220703125,47.68999862670898,48.18999862670898,0.0,242418200
2007-08-10,40.55670166015625,0.0,47.27999877929688,0.0,47.83000183105469,46.630001068115234,47.20000076293945,0.0,247006400
2007-08-13,40.831172943115234,0.0,47.59999847412109,0.0,47.880001068115234,47.47999954223633,47.68000030517578,0.0,116935100
2007-08-14,40.136375427246094,0.0,46.790000915527344,0.0,47.7400016784668,46.72999954223633,47.70000076293945,0.0,153529800
2007-08-15,39.3729248046875,0.0,45.900001525878906,0.0,47.09000015258789,45.810001373291016,46.68000030517578,0.0,214854100
2007-08-16,38.98693084716797,0.0,45.45000076293945,0.0,45.90999984741211,44.38999938964844,45.52999877929688,0.0,362468700
2007-08-17,39.72462463378906,0.0,46.310001373291016,0.0,46.59000015258789,45.59000015258789,46.310001373291016,0.0,223246600
2007-08-20,39.91334915161133,0.0,46.52999877929688,0.0,46.720001220703125,46.08000183105469,46.4900016784668,0.0,144715100
2007-08-21,40.33364868164063,0.0,47.02000045776367,0.0,47.130001068115234,46.38999938964844,46.47999954223633,0.0,115027200
2007-08-22,40.88264846801758,0.0,47.65999984741211,0.0,47.70000076293945,47.27000045776367,47.380001068115234,0.0,115814100
2007-08-23,40.77114486694336,0.0,47.52999877929688,0.0,47.84999847412109,47.22999954223633,47.790000915527344,0.0,118663400
2007-08-24,41.34587097167969,0.0,48.20000076293945,0.0,48.22999954223633,47.31999969482422,47.380001068115234,0.0,88189200
2007-08-27,41.07136535644531,0.0,47.880001068115234,0.0,48.20000076293945,47.84000015258789,48.060001373291016,0.0,72490400
2007-08-28,40.09347152709961,0.0,46.7400016784668,0.0,47.70000076293945,46.709999084472656,47.59999847412109,0.0,106024800
2007-08-29,41.24292755126953,0.0,48.08000183105469,0.0,48.119998931884766,47.04999923706055,47.04999923706055,0.0,113201000
2007-08-30,41.45738220214844,0.0,48.33000183105469,0.0,48.7400016784668,47.75,47.83000183105469,0.0,138930000
2007-08-31,41.92058181762695,0.0,48.869998931884766,0.0,49.060001373291016,48.61000061035156,48.86000061035156,0.0,94687200
2007-09-04,42.61540603637695,0.0,49.68000030517578,0.0,50.0,48.90999984741211,48.93000030517578,0.0,98480900
2007-09-05,42.186500549316406,0.0,49.18000030517578,0.0,49.650001525878906,48.869998931884766,49.560001373291016,0.0,114049300
2007-09-06,42.15218353271485,0.0,49.13999938964844,0.0,49.36000061035156,48.810001373291016,49.22999954223633,0.0,99222600
2007-09-07,41.37160110473633,0.0,48.22999954223633,0.0,48.59999847412109,47.95000076293945,48.52999877929688,0.0,152438000
2007-09-10,41.34587097167969,0.0,48.20000076293945,0.0,48.75,47.810001373291016,48.619998931884766,0.0,125199400
2007-09-11,41.97206115722656,0.0,48.93000030517578,0.0,48.9900016784668,48.43000030517578,48.5099983215332,0.0,103064500
2007-09-12,41.98064422607422,0.0,48.93999862670898,0.0,49.369998931884766,48.77999877929688,48.84000015258789,0.0,93993400
2007-09-13,42.186500549316406,0.0,49.18000030517578,0.0,49.34999847412109,48.93999862670898,49.290000915527344,0.0,80807500
2007-09-14,42.2208137512207,0.0,49.220001220703125,0.0,49.310001373291016,48.72999954223633,48.79999923706055,0.0,99801200
2007-09-17,41.86911010742188,0.0,48.810001373291016,0.0,49.09999847412109,48.59000015258789,49.0,0.0,84882300
2007-09-18,42.924224853515625,0.0,50.040000915527344,0.0,50.08000183105469,48.83000183105469,49.09000015258789,0.0,151452100
2007-09-19,43.03570938110352,0.0,50.16999816894531,0.0,50.59000015258789,49.97999954223633,50.290000915527344,0.0,127025800
2007-09-20,42.91564178466797,0.0,50.02999877929688,0.0,50.2599983215332,49.91999816894531,50.060001373291016,0.0,109970600
2007-09-21,43.22116088867188,0.0,50.36000061035156,0.026,50.52000045776367,50.0099983215332,50.27999877929688,0.0,86829500
2007-09-24,43.418575286865234,0.0,50.59000015258789,0.0,50.959999084472656,50.33000183105469,50.4900016784668,0.0,107226800
2007-09-25,43.83052062988281,0.0,51.06999969482422,0.0,51.06999969482422,50.36000061035156,50.41999816894531,0.0,101102200
2007-09-26,44.04509735107422,0.0,51.31999969482422,0.0,51.5099983215332,51.119998931884766,51.36000061035156,0.0,96124600
2007-09-27,44.26822662353516,0.0,51.58000183105469,0.0,51.650001525878906,51.36000061035156,51.619998931884766,0.0,73423200
2007-09-28,44.12232208251953,0.0,51.40999984741211,0.0,51.68000030517578,51.18000030517578,51.540000915527344,0.0,75546000
2007-10-01,44.62866973876953,0.0,52.0,0.0,52.15999984741211,51.380001068115234,51.45000076293945,0.0,100404100
2007-10-02,44.63729476928711,0.0,52.0099983215332,0.0,52.060001373291016,51.720001220703125,52.040000915527344,0.0,71046000
2007-10-03,44.328311920166016,0.0,51.650001525878906,0.0,52.06999969482422,51.5,51.84000015258789,0.0,106785000
2007-10-04,44.4312744140625,0.0,51.77000045776367,0.0,51.83000183105469,51.34000015258789,51.75,0.0,84129300
2007-10-05,45.33244705200195,0.0,52.81999969482422,0.0,52.900001525878906,52.060001373291016,52.16999816894531,0.0,115674700
2007-10-08,45.61568069458008,0.0,53.150001525878906,0.0,53.15999984741211,52.709999084472656,52.79999923706055,0.0,63022400
2007-10-09,45.81307220458984,0.0,53.380001068115234,0.0,53.45000076293945,53.02999877929688,53.27000045776367,0.0,93965600
2007-10-10,45.92463302612305,0.0,53.5099983215332,0.0,53.56999969482422,53.209999084472656,53.38999938964844,0.0,91777500
2007-10-11,45.19513320922852,0.0,52.65999984741211,0.0,53.93999862670898,52.27999877929688,53.790000915527344,0.0,239786700
2007-10-12,45.94179534912109,0.0,53.52999877929688,0.0,53.540000915527344,52.79999923706055,52.900001525878906,0.0,131676000
2007-10-15,45.589935302734375,0.0,53.119998931884766,0.0,53.709999084472656,52.70000076293945,53.61000061035156,0.0,121578700
2007-10-16,45.37535858154297,0.0,52.869998931884766,0.0,53.27999877929688,52.68000030517578,52.790000915527344,0.0,193676600
2007-10-17,45.958961486816406,0.0,53.54999923706055,0.0,53.65999984741211,52.68000030517578,53.619998931884766,0.0,183985200
2007-10-18,46.156368255615234,0.0,53.77999877929688,0.0,53.88999938964844,53.119998931884766,53.33000183105469,0.0,144491200
2007-10-19,45.00631713867188,0.0,52.43999862670898,0.0,53.77000045776367,52.38999938964844,53.77000045776367,0.0,245111500
2007-10-22,45.5470085144043,0.0,53.06999969482422,0.0,53.119998931884766,52.02000045776367,52.15999984741211,0.0,207052100
2007-10-23,46.49966049194336,0.0,54.18000030517578,0.0,54.209999084472656,53.34000015258789,53.61000061035156,0.0,162360600
2007-10-24,46.14778900146485,0.0,53.77000045776367,0.0,53.93999862670898,52.59999847412109,53.7400016784668,0.0,298293400
2007-10-25,45.52983474731445,0.0,53.04999923706055,0.0,53.97999954223633,52.75,53.88999938964844,0.0,233833100
2007-10-26,46.28512191772461,0.0,53.93000030517578,0.0,54.20000076293945,53.43999862670898,54.08000183105469,0.0,146690300
2007-10-29,46.47391128540039,0.0,54.150001525878906,0.0,54.33000183105469,53.84000015258789,54.18999862670898,0.0,101896600
2007-10-30,46.56831359863281,0.0,54.2599983215332,0.0,54.560001373291016,53.900001525878906,53.93999862670898,0.0,114616600
2007-10-31,47.22917938232422,0.0,55.02999877929688,0.0,55.06999969482422,54.040000915527344,54.470001220703125,0.0,148431900
2007-11-01,46.34515380859375,0.0,54.0,0.0,54.77000045776367,53.970001220703125,54.68000030517578,0.0,181974200
2007-11-02,46.70563507080078,0.0,54.41999816894531,0.0,54.54999923706055,53.59999847412109,54.41999816894531,0.0,217882900
2007-11-05,46.40524291992188,0.0,54.06999969482422,0.0,54.400001525878906,53.59000015258789,53.86000061035156,0.0,150588900
2007-11-06,46.92878723144531,0.0,54.68000030517578,0.0,54.68999862670898,53.77999877929688,54.33000183105469,0.0,131884700
2007-11-07,45.78730773925781,0.0,53.34999847412109,0.0,54.58000183105469,53.310001373291016,54.220001220703125,0.0,197908200
2007-11-08,44.3969612121582,0.0,51.72999954223633,0.0,53.33000183105469,50.79999923706055,53.13999938964844,0.0,380626400
2007-11-09,42.91219711303711,0.0,50.0,0.0,51.119998931884766,50.0,50.72999954223633,0.0,309414900
2007-11-12,41.822227478027344,0.0,48.72999954223633,0.0,50.2400016784668,48.650001525878906,49.91999816894531,0.0,283216000
2007-11-13,43.54731369018555,0.0,50.7400016784668,0.0,50.790000915527344,49.34999847412109,49.38999938964844,0.0,255625900
2007-11-14,42.98945617675781,0.0,50.09000015258789,0.0,51.43999862670898,49.900001525878906,51.38999938964844,0.0,263284100
2007-11-15,42.757720947265625,0.0,49.81999969482422,0.0,50.540000915527344,49.369998931884766,50.0,0.0,251548800
2007-11-16,43.15249633789063,0.0,50.27999877929688,0.0,50.4900016784668,49.34000015258789,50.15999984741211,0.0,263623700
2007-11-19,42.65472412109375,0.0,49.70000076293945,0.0,50.45000076293945,49.40999984741211,50.15999984741211,0.0,198651100
2007-11-20,42.82638549804688,0.0,49.900001525878906,0.0,50.77999877929688,48.93000030517578,49.959999084472656,0.0,300763600
2007-11-21,42.320011138916016,0.0,49.310001373291016,0.0,50.16999816894531,48.84999847412109,49.45000076293945,0.0,212225400
2007-11-23,42.7748908996582,0.0,49.84000015258789,0.0,49.970001220703125,49.369998931884766,49.630001068115234,0.0,46463300
2007-11-26,42.03678894042969,0.0,48.97999954223633,0.0,50.369998931884766,48.900001525878906,49.970001220703125,0.0,150352100
2007-11-27,42.87788391113281,0.0,49.959999084472656,0.0,50.04999923706055,49.09999847412109,49.400001525878906,0.0,211369300
2007-11-28,44.182395935058594,0.0,51.47999954223633,0.0,51.70000076293945,50.59999847412109,50.630001068115234,0.0,216868100
2007-11-29,44.37120056152344,0.0,51.70000076293945,0.0,51.88999938964844,51.20000076293945,51.27999877929688,0.0,172087300
2007-11-30,44.03649520874024,0.0,51.310001373291016,0.0,52.25,50.95000076293945,52.209999084472656,0.0,171417400
2007-12-03,43.6674690246582,0.0,50.880001068115234,0.0,51.52999877929688,50.81999969482422,51.09000015258789,0.0,108625700
2007-12-04,43.48722076416016,0.0,50.66999816894531,0.0,50.93999862670898,50.380001068115234,50.4900016784668,0.0,113374100
2007-12-05,44.26822662353516,0.0,51.58000183105469,0.0,52.0,51.15999984741211,51.20000076293945,0.0,137614200
2007-12-06,44.90332794189453,0.0,52.31999969482422,0.0,52.369998931884766,51.61000061035156,51.630001068115234,0.0,99724500
2007-12-07,44.91191864013672,0.0,52.33000183105469,0.0,52.540000915527344,52.08000183105469,52.290000915527344,0.0,88992300
2007-12-10,45.09214401245117,0.0,52.540000915527344,0.0,52.68999862670898,52.31999969482422,52.459999084472656,0.0,75657900
2007-12-11,44.04509735107422,0.0,51.31999969482422,0.0,52.84000015258789,51.209999084472656,52.619998931884766,0.0,167064300
2007-12-12,44.43986892700195,0.0,51.77999877929688,0.0,52.43000030517578,50.88999938964844,52.25,0.0,162975200
2007-12-13,44.19958114624024,0.0,51.5,0.0,51.630001068115234,50.97999954223633,51.33000183105469,0.0,153476200
2007-12-14,43.74470520019531,0.0,50.970001220703125,0.0,51.59999847412109,50.91999816894531,51.09000015258789,0.0,128396700
2007-12-17,42.68046569824219,0.0,49.72999954223633,0.0,50.9900016784668,49.709999084472656,50.77999877929688,0.0,134377000
2007-12-18,42.81779861450195,0.0,49.88999938964844,0.0,50.27000045776367,49.18000030517578,50.2400016784668,0.0,154251700
2007-12-19,42.80921173095703,0.0,49.880001068115234,0.0,50.20000076293945,49.61000061035156,49.88999938964844,0.0,137970900
2007-12-20,43.68461990356445,0.0,50.900001525878906,0.0,50.959999084472656,50.20000076293945,50.619998931884766,0.0,167341700
2007-12-21,44.546348571777344,0.0,51.84999847412109,0.053,51.900001525878906,51.47999954223633,51.68000030517578,0.0,107573500
2007-12-24,44.88140106201172,0.0,52.2400016784668,0.0,52.400001525878906,51.95000076293945,52.0099983215332,0.0,34499800
2007-12-26,45.10477828979492,0.0,52.5,0.0,52.630001068115234,52.0,52.130001068115234,0.0,58492100
2007-12-27,44.563507080078125,0.0,51.869998931884766,0.0,52.5,51.709999084472656,52.33000183105469,0.0,65778900
2007-12-28,44.52057266235352,0.0,51.81999969482422,0.0,52.15999984741211,51.43000030517578,52.040000915527344,0.0,67545400
2007-12-31,44.00507354736328,0.0,51.220001220703125,0.0,51.68000030517578,51.209999084472656,51.56999969482422,0.0,70135600
2008-01-02,43.309181213378906,0.0,50.40999984741211,0.0,51.470001220703125,50.130001068115234,51.27000045776367,0.0,152344100
2008-01-03,43.48959732055664,0.0,50.619998931884766,0.0,50.7599983215332,50.150001525878906,50.40999984741211,0.0,114103700
2008-01-04,41.58230209350586,0.0,48.400001525878906,0.0,49.83000183105469,48.209999084472656,49.810001373291016,0.0,212617600
2008-01-07,41.38469696044922,0.0,48.16999816894531,0.0,48.59999847412109,47.43000030517578,48.400001525878906,0.0,235083600
2008-01-08,40.31078720092773,0.0,46.91999816894531,0.0,48.7599983215332,46.91999816894531,48.27000045776367,0.0,261669800
2008-01-09,41.169918060302734,0.0,47.91999816894531,0.0,47.959999084472656,46.459999084472656,47.11000061035156,0.0,254011800
2008-01-10,41.230072021484375,0.0,47.9900016784668,0.0,48.40999984741211,47.290000915527344,47.43000030517578,0.0,249958500
2008-01-11,40.422481536865234,0.0,47.04999923706055,0.0,47.77000045776367,46.70000076293945,47.72999954223633,0.0,211685200
2008-01-14,41.12696838378906,0.0,47.869998931884766,0.0,48.0099983215332,47.310001373291016,47.68999862670898,0.0,168048500
2008-01-15,39.99290466308594,0.0,46.54999923706055,0.0,47.52000045776367,46.34999847412109,47.369998931884766,0.0,241094900
2008-01-16,39.56334686279297,0.0,46.04999923706055,0.0,46.90999984741211,45.459999084472656,46.18999862670898,0.0,265625900
2008-01-17,39.01348876953125,0.0,45.40999984741211,0.0,46.58000183105469,45.20000076293945,46.2400016784668,0.0,254098800
2008-01-18,38.9619255065918,0.0,45.34999847412109,0.0,46.13999938964844,44.97999954223633,45.63999938964844,0.0,273063300
2008-01-22,37.95675659179688,0.0,44.18000030517578,0.0,44.77000045776367,42.72999954223633,42.83000183105469,0.0,325732000
2008-01-23,37.8106803894043,0.0,44.0099983215332,0.0,44.150001525878906,41.61000061035156,42.540000915527344,0.0,390129000
2008-01-24,38.58391952514648,0.0,44.90999984741211,0.0,44.93000030517578,44.060001373291016,44.18999862670898,0.0,250249100
2008-01-25,37.79351043701172,0.0,43.9900016784668,0.0,45.869998931884766,43.93999862670898,45.869998931884766,0.0,199299100
2008-01-28,38.08562850952149,0.0,44.33000183105469,0.0,44.43999862670898,43.56999969482422,44.02000045776367,0.0,163711200
2008-01-29,38.15434646606445,0.0,44.40999984741211,0.0,44.68000030517578,44.040000915527344,44.560001373291016,0.0,138520000
2008-01-30,38.11997604370117,0.0,44.369998931884766,0.0,45.31999969482422,44.18000030517578,44.25,0.0,220824400
2008-01-31,38.7729377746582,0.0,45.130001068115234,0.0,45.59000015258789,43.81999969482422,43.869998931884766,0.0,246824100
2008-02-01,39.16814422607422,0.0,45.59000015258789,0.0,45.880001068115234,44.880001068115234,45.5,0.0,161920300
2008-02-04,38.618282318115234,0.0,44.95000076293945,0.0,45.61000061035156,44.93999862670898,45.58000183105469,0.0,100209900
2008-02-05,37.51858901977539,0.0,43.66999816894531,0.0,44.59999847412109,43.63999938964844,44.16999816894531,0.0,188990400
2008-02-06,36.779727935791016,0.0,42.810001373291016,0.0,44.16999816894531,42.77000045776367,43.91999816894531,0.0,178285000
2008-02-07,37.0374641418457,0.0,43.11000061035156,0.0,43.790000915527344,42.150001525878906,42.33000183105469,0.0,286254800
2008-02-08,37.45846939086914,0.0,43.59999847412109,0.0,43.77000045776367,42.93999862670898,43.20000076293945,0.0,173781300
2008-02-11,37.86223983764648,0.0,44.06999969482422,0.0,44.220001220703125,43.540000915527344,43.77000045776367,0.0,119562300
2008-02-12,37.64746856689453,0.0,43.81999969482422,0.0,44.68000030517578,43.5099983215332,44.34000015258789,0.0,145412400
2008-02-13,38.47223663330078,0.0,44.77999877929688,0.0,44.880001068115234,44.15999984741211,44.38999938964844,0.0,148685900
2008-02-14,37.77633285522461,0.0,43.970001220703125,0.0,44.84999847412109,43.88999938964844,44.84999847412109,0.0,170868900
2008-02-15,37.64746856689453,0.0,43.81999969482422,0.0,43.97999954223633,43.45000076293945,43.72999954223633,0.0,100053300
2008-02-19,37.5787239074707,0.0,43.7400016784668,0.0,44.5,43.27000045776367,44.400001525878906,0.0,110507600
2008-02-20,37.75055694580078,0.0,43.93999862670898,0.0,44.09000015258789,43.2400016784668,43.2599983215332,0.0,137338800
2008-02-21,37.38970184326172,0.0,43.52000045776367,0.0,44.470001220703125,43.34000015258789,44.36000061035156,0.0,127857000
2008-02-22,37.52716827392578,0.0,43.68000030517578,0.0,43.68999862670898,42.59999847412109,43.66999816894531,0.0,157364700
2008-02-25,37.71618270874024,0.0,43.900001525878906,0.0,44.06999969482422,43.34000015258789,43.630001068115234,0.0,121444300
2008-02-26,37.86223983764648,0.0,44.06999969482422,0.0,44.47999954223633,43.369998931884766,43.650001525878906,0.0,148375900
2008-02-27,38.05125427246094,0.0,44.290000915527344,0.0,44.459999084472656,43.66999816894531,43.77000045776367,0.0,125682600
2008-02-28,37.90519714355469,0.0,44.119998931884766,0.0,44.52999877929688,43.95000076293945,44.119998931884766,0.0,129196700
2008-02-29,36.90000915527344,0.0,42.95000076293945,0.0,43.77000045776367,42.84999847412109,43.650001525878906,0.0,188724500
2008-03-03,36.65944290161133,0.0,42.66999816894531,0.0,42.9900016784668,42.2400016784668,42.91999816894531,0.0,132963800
2008-03-04,36.86563491821289,0.0,42.90999984741211,0.0,43.040000915527344,42.02000045776367,42.400001525878906,0.0,183851000
2008-03-05,37.04605102539063,0.0,43.119998931884766,0.0,43.540000915527344,42.75,42.9900016784668,0.0,183208300
2008-03-06,36.2298698425293,0.0,42.16999816894531,0.0,43.27000045776367,42.09999847412109,43.09000015258789,0.0,152752200
2008-03-07,36.143951416015625,0.0,42.06999969482422,0.0,42.63999938964844,41.380001068115234,41.91999816894531,0.0,242552400
2008-03-10,35.44805908203125,0.0,41.2599983215332,0.0,42.13999938964844,41.16999816894531,42.0099983215332,0.0,146801900
2008-03-11,36.79690170288086,0.0,42.83000183105469,0.0,42.84999847412109,41.5099983215332,41.86000061035156,0.0,196755300
2008-03-12,36.69380187988281,0.0,42.709999084472656,0.0,43.43999862670898,42.59999847412109,43.0,0.0,155566100
2008-03-13,36.977333068847656,0.0,43.040000915527344,0.0,43.33000183105469,41.810001373291016,42.22999954223633,0.0,208967900
2008-03-14,36.29861068725586,0.0,42.25,0.0,43.380001068115234,41.7400016784668,43.33000183105469,0.0,309589800
2008-03-17,35.63706970214844,0.0,41.47999954223633,0.0,42.0099983215332,41.04999923706055,41.290000915527344,0.0,193130600
2008-03-18,37.22649383544922,0.0,43.33000183105469,0.0,43.34000015258789,42.11000061035156,42.2400016784668,0.0,216300400
2008-03-19,36.30720520019531,0.0,42.2599983215332,0.0,43.59999847412109,42.22999954223633,43.5099983215332,0.0,216157200
2008-03-20,37.049198150634766,0.0,43.09000015258789,0.033,43.09999847412109,42.09999847412109,42.34999847412109,0.0,128397000
2008-03-24,38.33033752441406,0.0,44.58000183105469,0.0,44.7599983215332,43.27999877929688,43.27999877929688,0.0,125018000
2008-03-25,38.54529571533203,0.0,44.83000183105469,0.0,45.06999969482422,44.27999877929688,44.70000076293945,0.0,118107500
2008-03-26,38.433502197265625,0.0,44.70000076293945,0.0,44.84999847412109,44.27999877929688,44.66999816894531,0.0,124824600
2008-03-27,37.58229064941406,0.0,43.709999084472656,0.0,44.5099983215332,43.709999084472656,44.43999862670898,0.0,143868600
2008-03-28,37.39312362670898,0.0,43.4900016784668,0.0,44.34000015258789,43.33000183105469,44.02000045776367,0.0,111822300
2008-03-31,37.59090042114258,0.0,43.720001220703125,0.0,44.02000045776367,43.45000076293945,43.650001525878906,0.0,113644800
2008-04-01,39.198760986328125,0.0,45.59000015258789,0.0,45.61000061035156,44.40999984741211,44.41999816894531,0.0,137494400
2008-04-02,39.11275863647461,0.0,45.4900016784668,0.0,46.02000045776367,45.16999816894531,45.70000076293945,0.0,132486800
2008-04-03,39.198760986328125,0.0,45.59000015258789,0.0,45.90999984741211,45.13999938964844,45.290000915527344,0.0,140033800
2008-04-04,39.43088912963867,0.0,45.86000061035156,0.0,46.34999847412109,45.400001525878906,45.77000045776367,0.0,139261000
2008-04-07,39.34490203857422,0.0,45.7599983215332,0.0,46.40999984741211,45.650001525878906,46.13999938964844,0.0,102297100
2008-04-08,39.04397201538086,0.0,45.40999984741211,0.0,45.720001220703125,45.18000030517578,45.40999984741211,0.0,97435200
2008-04-09,38.605464935302734,0.0,44.900001525878906,0.0,45.4900016784668,44.630001068115234,45.470001220703125,0.0,127182300
2008-04-10,39.15575408935547,0.0,45.540000915527344,0.0,45.84000015258789,44.93000030517578,44.93000030517578,0.0,112773800
2008-04-11,38.07238006591797,0.0,44.27999877929688,0.0,45.09999847412109,44.119998931884766,45.02000045776367,0.0,120135400
2008-04-14,37.90044021606445,0.0,44.08000183105469,0.0,44.47999954223633,43.95000076293945,44.209999084472656,0.0,89274600
2008-04-15,37.9520263671875,0.0,44.13999938964844,0.0,44.34999847412109,43.68000030517578,44.2400016784668,0.0,124232300
2008-04-16,39.009578704833984,0.0,45.369998931884766,0.0,45.47999954223633,44.650001525878906,44.68999862670898,0.0,134027900
2008-04-17,38.923587799072266,0.0,45.27000045776367,0.0,45.470001220703125,44.97999954223633,45.41999816894531,0.0,124953100
2008-04-18,40.161712646484375,0.0,46.709999084472656,0.0,46.93000030517578,46.220001220703125,46.470001220703125,0.0,133022500
2008-04-21,40.44547653198242,0.0,47.040000915527344,0.0,47.08000183105469,46.4900016784668,46.619998931884766,0.0,83303200
2008-04-22,39.843597412109375,0.0,46.34000015258789,0.0,46.77000045776367,45.93000030517578,46.75,0.0,104689600
2008-04-23,40.282108306884766,0.0,46.84999847412109,0.0,47.060001373291016,46.27000045776367,46.68000030517578,0.0,131086200
2008-04-24,40.64323043823242,0.0,47.27000045776367,0.0,47.790000915527344,46.38999938964844,46.869998931884766,0.0,166509000
2008-04-25,40.54003143310547,0.0,47.150001525878906,0.0,47.34999847412109,46.56999969482422,47.31999969482422,0.0,121945400
2008-04-28,40.617431640625,0.0,47.2400016784668,0.0,47.619998931884766,47.130001068115234,47.2599983215332,0.0,71244000
2008-04-29,40.926944732666016,0.0,47.59999847412109,0.0,47.7599983215332,47.060001373291016,47.150001525878906,0.0,91270600
2008-04-30,40.59164810180664,0.0,47.209999084472656,0.0,48.060001373291016,47.02999877929688,47.70000076293945,0.0,132152700
2008-05-01,41.87274932861328,0.0,48.70000076293945,0.0,48.720001220703125,47.220001220703125,47.22999954223633,0.0,143596900
2008-05-02,41.93294525146485,0.0,48.77000045776367,0.0,49.18999862670898,48.34000015258789,49.15999984741211,0.0,124990000
2008-05-05,41.81255722045898,0.0,48.630001068115234,0.0,49.02999877929688,48.400001525878906,48.77000045776367,0.0,75624700
2008-05-06,42.07050704956055,0.0,48.93000030517578,0.0,49.130001068115234,48.13999938964844,48.4900016784668,0.0,139582600
2008-05-07,41.30526351928711,0.0,48.040000915527344,0.0,49.22999954223633,47.869998931884766,48.93999862670898,0.0,140008300
2008-05-08,41.61480712890625,0.0,48.400001525878906,0.0,48.70000076293945,48.060001373291016,48.2400016784668,0.0,128058700
2008-05-09,41.451446533203125,0.0,48.209999084472656,0.0,48.459999084472656,47.900001525878906,48.040000915527344,0.0,97062000
2008-05-12,42.20807266235352,0.0,49.09000015258789,0.0,49.18999862670898,48.20000076293945,48.27999877929688,0.0,89606500
2008-05-13,42.3198356628418,0.0,49.220001220703125,0.0,49.33000183105469,48.7599983215332,49.11000061035156,0.0,85448100
2008-05-14,42.22528076171875,0.0,49.11000061035156,0.0,49.93000030517578,49.040000915527344,49.40999984741211,0.0,143598200
2008-05-15,42.96470260620117,0.0,49.970001220703125,0.0,50.02000045776367,48.97999954223633,49.119998931884766,0.0,157248900
2008-05-16,42.99910354614258,0.0,50.0099983215332,0.0,50.11000061035156,49.45000076293945,50.06999969482422,0.0,146563200
2008-05-19,42.689571380615234,0.0,49.650001525878906,0.0,50.470001220703125,49.34000015258789,50.04999923706055,0.0,140048700
2008-05-20,42.36284255981445,0.0,49.27000045776367,0.0,49.470001220703125,48.88999938964844,49.470001220703125,0.0,137163700
2008-05-21,41.42564010620117,0.0,48.18000030517578,0.0,49.59999847412109,48.02000045776367,49.33000183105469,0.0,192806700
2008-05-22,41.571807861328125,0.0,48.34999847412109,0.0,48.68999862670898,48.11000061035156,48.29999923706055,0.0,153198200
2008-05-23,41.44285583496094,0.0,48.20000076293945,0.0,48.34999847412109,47.81999969482422,48.18000030517578,0.0,121698400
2008-05-27,42.17370223999024,0.0,49.04999923706055,0.0,49.11000061035156,48.290000915527344,48.29999923706055,0.0,106984300
2008-05-28,42.34565734863281,0.0,49.25,0.0,49.36000061035156,48.75,49.27999877929688,0.0,121363000
2008-05-29,42.72396087646485,0.0,49.68999862670898,0.0,49.970001220703125,49.25,49.27999877929688,0.0,143993000
2008-05-30,42.99910354614258,0.0,50.0099983215332,0.0,50.2400016784668,49.75,49.880001068115234,0.0,94153600
2008-06-02,42.47461700439453,0.0,49.400001525878906,0.0,49.91999816894531,48.959999084472656,49.91999816894531,0.0,144359900
2008-06-03,42.24248504638672,0.0,49.130001068115234,0.0,49.900001525878906,48.66999816894531,49.59000015258789,0.0,167606900
2008-06-04,42.78414535522461,0.0,49.7599983215332,0.0,50.09999847412109,48.93999862670898,48.97999954223633,0.0,174870800
2008-06-05,43.4634017944336,0.0,50.54999923706055,0.0,50.61000061035156,49.70000076293945,49.88999938964844,0.0,126653700
2008-06-06,42.1564826965332,0.0,49.02999877929688,0.0,50.209999084472656,49.02000045776367,50.11000061035156,0.0,189136000
2008-06-09,41.93294525146485,0.0,48.77000045776367,0.0,49.18999862670898,47.95000076293945,49.130001068115234,0.0,208897300
2008-06-10,41.73518371582031,0.0,48.540000915527344,0.0,48.93999862670898,48.15999984741211,48.27000045776367,0.0,162798500
2008-06-11,40.72920227050781,0.0,47.369998931884766,0.0,48.52000045776367,47.34999847412109,48.43999862670898,0.0,170366900
2008-06-12,40.77219009399414,0.0,47.41999816894531,0.0,48.11000061035156,47.0,47.709999084472656,0.0,189913200
2008-06-13,41.58902359008789,0.0,48.369998931884766,0.0,48.470001220703125,47.459999084472656,47.709999084472656,0.0,167855000
2008-06-16,41.95871353149414,0.0,48.79999923706055,0.0,49.02000045776367,48.06999969482422,48.119998931884766,0.0,136343900
2008-06-17,41.73518371582031,0.0,48.540000915527344,0.0,49.060001373291016,48.470001220703125,48.95000076293945,0.0,122932000
2008-06-18,41.28807830810547,0.0,48.02000045776367,0.0,48.45000076293945,47.83000183105469,48.2599983215332,0.0,169338100
2008-06-19,41.93294525146485,0.0,48.77000045776367,0.0,49.0099983215332,47.61000061035156,47.93000030517578,0.0,221304200
2008-06-20,40.80064392089844,0.0,47.41999816894531,0.034,48.34999847412109,47.209999084472656,48.33000183105469,0.0,197434200
2008-06-23,40.482303619384766,0.0,47.04999923706055,0.0,47.7400016784668,46.97999954223633,47.61000061035156,0.0,131488800
2008-06-24,40.27577209472656,0.0,46.810001373291016,0.0,47.369998931884766,46.40999984741211,46.83000183105469,0.0,178293800
2008-06-25,40.92970657348633,0.0,47.56999969482422,0.0,48.0,46.93999862670898,47.0099983215332,0.0,179023400
2008-06-26,39.27770614624024,0.0,45.650001525878906,0.0,46.70000076293945,45.63999938964844,46.68999862670898,0.0,190028300
2008-06-27,39.27770614624024,0.0,45.650001525878906,0.0,45.900001525878906,44.970001220703125,45.59999847412109,0.0,181351800
2008-06-30,38.86471176147461,0.0,45.16999816894531,0.0,45.83000183105469,45.150001525878906,45.5099983215332,0.0,132912400
2008-07-01,39.415374755859375,0.0,45.810001373291016,0.0,45.86000061035156,44.68000030517578,44.810001373291016,0.0,245494300
2008-07-02,38.46891403198242,0.0,44.709999084472656,0.0,46.130001068115234,44.63999938964844,45.95000076293945,0.0,199576400
2008-07-03,38.40010452270508,0.0,44.630001068115234,0.0,45.08000183105469,44.27999877929688,44.97999954223633,0.0,123118300
2008-07-07,38.63240051269531,0.0,44.900001525878906,0.0,45.459999084472656,44.2400016784668,45.040000915527344,0.0,181011300
2008-07-08,39.55305480957031,0.0,45.970001220703125,0.0,46.0099983215332,44.77000045776367,44.95000076293945,0.0,206151200
2008-07-09,38.50334548950195,0.0,44.75,0.0,46.02999877929688,44.72999954223633,45.959999084472656,0.0,168500300
2008-07-10,38.95935821533203,0.0,45.27999877929688,0.0,45.41999816894531,44.380001068115234,44.81999969482422,0.0,238811500
2008-07-11,38.33985900878906,0.0,44.560001373291016,0.0,45.27000045776367,43.84999847412109,44.810001373291016,0.0,265514700
2008-07-14,38.055938720703125,0.0,44.22999954223633,0.0,45.18000030517578,44.06999969482422,45.13999938964844,0.0,177389800
2008-07-15,38.064544677734375,0.0,44.2400016784668,0.0,44.93000030517578,43.29999923706055,44.0099983215332,0.0,283891100
2008-07-16,39.010990142822266,0.0,45.34000015258789,0.0,45.380001068115234,43.91999816894531,44.36000061035156,0.0,186047800
2008-07-17,39.26910781860352,0.0,45.63999938964844,0.0,45.81999969482422,44.97999954223633,45.61000061035156,0.0,197555100
2008-07-18,38.36567687988281,0.0,44.59000015258789,0.0,45.16999816894531,44.59000015258789,45.13999938964844,0.0,160661000
2008-07-21,38.52916717529297,0.0,44.77999877929688,0.0,45.18999862670898,44.4900016784668,45.0,0.0,128107800
2008-07-22,38.52916717529297,0.0,44.77999877929688,0.0,44.810001373291016,43.86000061035156,44.02999877929688,0.0,152524500
2008-07-23,39.036808013916016,0.0,45.369998931884766,0.0,45.88999938964844,44.720001220703125,44.84999847412109,0.0,169259100
2008-07-24,38.45172119140625,0.0,44.68999862670898,0.0,45.61000061035156,44.650001525878906,45.58000183105469,0.0,145561000
2008-07-25,38.95074844360352,0.0,45.27000045776367,0.0,45.47999954223633,44.7599983215332,44.97999954223633,0.0,111616700
2008-07-28,38.21939849853516,0.0,44.41999816894531,0.0,45.52000045776367,44.209999084472656,45.2599983215332,0.0,124028500
2008-07-29,39.010990142822266,0.0,45.34000015258789,0.0,45.540000915527344,44.56999969482422,44.61000061035156,0.0,142290900
2008-07-30,39.20888137817383,0.0,45.56999969482422,0.0,45.81999969482422,44.880001068115234,45.470001220703125,0.0,165679900
2008-07-31,39.11421585083008,0.0,45.459999084472656,0.0,46.150001525878906,45.02000045776367,45.119998931884766,0.0,180473100
2008-08-01,38.61518096923828,0.0,44.880001068115234,0.0,45.54999923706055,44.400001525878906,45.5099983215332,0.0,180350400
2008-08-04,38.22801208496094,0.0,44.43000030517578,0.0,44.91999816894531,44.29999923706055,44.869998931884766,0.0,116298000
2008-08-05,39.51862716674805,0.0,45.93000030517578,0.0,45.970001220703125,44.84000015258789,44.88999938964844,0.0,151657400
2008-08-06,40.12091064453125,0.0,46.630001068115234,0.0,46.810001373291016,45.58000183105469,45.95000076293945,0.0,133463700
2008-08-07,39.81116485595703,0.0,46.27000045776367,0.0,46.84999847412109,46.08000183105469,46.34999847412109,0.0,152805800
2008-08-08,40.71460723876953,0.0,47.31999969482422,0.0,47.43999862670898,46.150001525878906,46.2400016784668,0.0,143121500
2008-08-11,41.0845832824707,0.0,47.75,0.0,48.27999877929688,47.13999938964844,47.29999923706055,0.0,157290100
2008-08-12,41.12760162353516,0.0,47.79999923706055,0.0,48.15999984741211,47.5099983215332,47.7400016784668,0.0,140549300
2008-08-13,41.04156494140625,0.0,47.70000076293945,0.0,48.119998931884766,47.25,47.720001220703125,0.0,169652100
2008-08-14,41.5147705078125,0.0,48.25,0.0,48.459999084472656,47.4900016784668,47.540000915527344,0.0,158069200
2008-08-15,41.43733978271485,0.0,48.15999984741211,0.0,48.56999969482422,47.959999084472656,48.33000183105469,0.0,123115900
2008-08-18,40.95550155639648,0.0,47.59999847412109,0.0,48.310001373291016,47.2599983215332,48.29999923706055,0.0,151399100
2008-08-19,40.44786834716797,0.0,47.0099983215332,0.0,47.59000015258789,46.75,47.36000061035156,0.0,155410600
2008-08-20,40.51669692993164,0.0,47.09000015258789,0.0,47.560001373291016,46.7400016784668,47.34000015258789,0.0,155466700
2008-08-21,40.32741165161133,0.0,46.869998931884766,0.0,47.08000183105469,46.380001068115234,46.7400016784668,0.0,118916200
2008-08-22,40.860870361328125,0.0,47.4900016784668,0.0,47.68000030517578,47.08000183105469,47.119998931884766,0.0,96515500
2008-08-25,40.00045776367188,0.0,46.4900016784668,0.0,47.209999084472656,46.369998931884766,47.15999984741211,0.0,128076500
2008-08-26,39.948822021484375,0.0,46.43000030517578,0.0,46.77000045776367,46.119998931884766,46.52000045776367,0.0,107225500
2008-08-27,40.20694732666016,0.0,46.72999954223633,0.0,47.09000015258789,46.290000915527344,46.45000076293945,0.0,108489900
2008-08-28,40.53390121459961,0.0,47.11000061035156,0.0,47.27999877929688,46.83000183105469,46.91999816894531,0.0,112808600
2008-08-29,39.68211364746094,0.0,46.119998931884766,0.0,47.119998931884766,45.91999816894531,46.61000061035156,0.0,133184300
2008-09-02,39.19167709350586,0.0,45.54999923706055,0.0,47.08000183105469,45.34000015258789,46.869998931884766,0.0,162277500
2008-09-03,38.821685791015625,0.0,45.119998931884766,0.0,45.63999938964844,44.790000915527344,45.45000076293945,0.0,161682900
2008-09-04,37.56549835205078,0.0,43.65999984741211,0.0,44.90999984741211,43.65999984741211,44.86000061035156,0.0,219004700
2008-09-05,37.38480758666992,0.0,43.45000076293945,0.0,43.77999877929688,42.810001373291016,43.27999877929688,0.0,247977500
2008-09-08,37.31597137451172,0.0,43.369998931884766,0.0,44.220001220703125,42.68000030517578,44.02000045776367,0.0,311065100
2008-09-09,36.5244026184082,0.0,42.45000076293945,0.0,43.790000915527344,42.34999847412109,43.34999847412109,0.0,214180600
2008-09-10,36.82554626464844,0.0,42.79999923706055,0.0,43.18000030517578,42.45000076293945,42.86000061035156,0.0,160658100
2008-09-11,37.51387023925781,0.0,43.59999847412109,0.0,43.68999862670898,42.16999816894531,42.20000076293945,0.0,203398200
2008-09-12,37.36761093139648,0.0,43.43000030517578,0.0,43.709999084472656,42.900001525878906,43.22999954223633,0.0,172094300
2008-09-15,36.2060546875,0.0,42.08000183105469,0.0,43.290000915527344,42.02999877929688,42.400001525878906,0.0,616772300
2008-09-16,36.48997116088867,0.0,42.40999984741211,0.0,42.84000015258789,41.43000030517578,41.47999954223633,0.0,349506500
2008-09-17,34.59707260131836,0.0,40.209999084472656,0.0,42.41999816894531,40.18999862670898,41.869998931884766,0.0,340088000
2008-09-18,35.76722717285156,0.0,41.56999969482422,0.0,41.970001220703125,39.5,41.09999847412109,0.0,423934000
2008-09-19,36.936466217041016,0.0,42.900001525878906,0.028,43.83000183105469,42.09999847412109,43.77000045776367,0.0,263394000
2008-09-22,35.197269439697266,0.0,40.880001068115234,0.0,42.84000015258789,40.79999923706055,42.7400016784668,0.0,164698200
2008-09-23,34.930355072021484,0.0,40.56999969482422,0.0,41.75,40.43999862670898,41.20000076293945,0.0,184011200
2008-09-24,35.17143630981445,0.0,40.84999847412109,0.0,41.2599983215332,40.52000045776367,40.810001373291016,0.0,159270800
2008-09-25,35.7310791015625,0.0,41.5,0.0,42.02000045776367,41.02999877929688,41.22999954223633,0.0,148586800
2008-09-26,35.36946487426758,0.0,41.08000183105469,0.0,41.4900016784668,40.220001220703125,40.310001373291016,0.0,182678600
2008-09-29,32.562618255615234,0.0,37.81999969482422,0.0,40.380001068115234,37.18000030517578,40.2599983215332,0.0,307954400
2008-09-30,33.50111770629883,0.0,38.90999984741211,0.0,39.29999923706055,37.59999847412109,37.720001220703125,0.0,195436700
2008-10-01,33.14810562133789,0.0,38.5,0.0,38.970001220703125,38.02999877929688,38.84000015258789,0.0,174033300
2008-10-02,31.641382217407227,0.0,36.75,0.0,38.25,36.63999938964844,38.25,0.0,192124000
2008-10-03,31.15059280395508,0.0,36.18000030517578,0.0,38.18000030517578,36.09999847412109,37.2599983215332,0.0,272116100
2008-10-06,30.014110565185547,0.0,34.86000061035156,0.0,35.529998779296875,32.90999984741211,35.2599983215332,0.0,394046600
2008-10-07,28.11132049560547,0.0,32.650001525878906,0.0,35.20000076293945,32.27000045776367,35.13999938964844,0.0,329365700
2008-10-08,27.88745880126953,0.0,32.38999938964844,0.0,34.119998931884766,31.84000015258789,31.950000762939453,0.0,452066500
2008-10-09,27.13839530944824,0.0,31.520000457763672,0.0,33.68000030517578,30.96999931335449,33.150001525878906,0.0,352433900
2008-10-10,26.966203689575195,0.0,31.31999969482422,0.0,32.47999954223633,29.3799991607666,30.520000457763672,0.0,472339100
2008-10-13,30.2465763092041,0.0,35.130001068115234,0.0,35.25,32.400001525878906,32.86000061035156,0.0,276998700
2008-10-14,28.9378662109375,0.0,33.61000061035156,0.0,36.150001525878906,33.189998626708984,36.150001525878906,0.0,341595900
2008-10-15,26.34628677368164,0.0,30.600000381469727,0.0,33.349998474121094,30.540000915527344,33.22999954223633,0.0,312088500
2008-10-16,27.77552604675293,0.0,32.2599983215332,0.0,32.27000045776367,29.25,30.809999465942383,0.0,494783500
2008-10-17,27.80997085571289,0.0,32.29999923706055,0.0,33.650001525878906,31.40999984741211,31.670000076293945,0.0,326571300
2008-10-20,28.584875106811523,0.0,33.20000076293945,0.0,33.2599983215332,31.700000762939453,32.7599983215332,0.0,232783400
2008-10-21,27.10396957397461,0.0,31.479999542236328,0.0,33.2599983215332,31.479999542236328,32.65999984741211,0.0,239932400
2008-10-22,26.35490226745605,0.0,30.61000061035156,0.0,31.600000381469727,29.709999084472656,31.3700008392334,0.0,289993600
2008-10-23,26.25157165527344,0.0,30.489999771118164,0.0,31.09000015258789,28.899999618530277,30.489999771118164,0.0,377966900
2008-10-24,25.407812118530277,0.0,29.51000022888184,0.0,30.25,28.09000015258789,28.229999542236328,0.0,322129500
2008-10-27,24.70179748535156,0.0,28.690000534057617,0.0,30.200000762939453,28.65999984741211,29.170000076293945,0.0,239302300
2008-10-28,27.431135177612305,0.0,31.86000061035156,0.0,31.8799991607666,28.850000381469727,29.68000030517578,0.0,327239500
2008-10-29,27.362253189086918,0.0,31.780000686645508,0.0,33.08000183105469,31.25,31.90999984741211,0.0,341316000
2008-10-30,28.27489471435547,0.0,32.84000015258789,0.0,33.060001373291016,31.979999542236328,32.66999816894531,0.0,255292100
2008-10-31,28.317947387695312,0.0,32.88999938964844,0.0,33.43000030517578,32.09000015258789,32.369998931884766,0.0,224261000
2008-11-03,28.2576961517334,0.0,32.81999969482422,0.0,33.290000915527344,32.5099983215332,32.810001373291016,0.0,128455500
2008-11-04,29.058399200439453,0.0,33.75,0.0,34.0099983215332,32.97999954223633,33.459999084472656,0.0,182487600
2008-11-05,27.543066024780277,0.0,31.989999771118164,0.0,33.599998474121094,31.920000076293945,33.529998779296875,0.0,183893900
2008-11-06,26.31184959411621,0.0,30.559999465942383,0.0,31.8700008392334,30.399999618530277,31.489999771118164,0.0,220677200
2008-11-07,26.85427474975586,0.0,31.190000534057617,0.0,31.479999542236328,30.59000015258789,30.920000076293945,0.0,176946200
2008-11-10,26.492664337158203,0.0,30.770000457763672,0.0,31.96999931335449,30.399999618530277,31.96999931335449,0.0,142584500
2008-11-11,25.91579818725586,0.0,30.100000381469727,0.0,30.76000022888184,29.71999931335449,30.479999542236328,0.0,162869800
2008-11-12,24.71901512145996,0.0,28.709999084472656,0.0,29.799999237060547,28.649999618530277,29.649999618530277,0.0,184946400
2008-11-13,26.22574806213379,0.0,30.459999084472656,0.0,30.530000686645508,27.280000686645508,28.61000061035156,0.0,317943900
2008-11-14,24.95148468017578,0.0,28.979999542236328,0.0,30.420000076293945,28.8700008392334,29.780000686645508,0.0,259407000
2008-11-17,24.426279067993164,0.0,28.3700008392334,0.0,29.229999542236328,28.26000022888184,28.489999771118164,0.0,202835200
2008-11-18,24.40045928955078,0.0,28.34000015258789,0.0,28.75,27.38999938964844,28.559999465942383,0.0,252661800
2008-11-19,23.126190185546875,0.0,26.86000061035156,0.0,28.780000686645508,26.790000915527344,28.399999618530277,0.0,244180600
2008-11-20,22.006898880004883,0.0,25.559999465942383,0.0,27.450000762939453,25.46999931335449,26.530000686645508,0.0,342472400
2008-11-21,22.96259307861328,0.0,26.670000076293945,0.0,26.68000030517578,25.049999237060547,26.01000022888184,0.0,282746800
2008-11-24,24.36600875854492,0.0,28.299999237060547,0.0,28.63999938964844,26.979999542236328,27.21999931335449,0.0,225058200
2008-11-25,24.25408172607422,0.0,28.170000076293945,0.0,28.63999938964844,27.520000457763672,28.61000061035156,0.0,202968700
2008-11-26,25.270055770874023,0.0,29.350000381469727,0.0,29.36000061035156,27.809999465942383,27.8799991607666,0.0,164912000
2008-11-28,25.072023391723636,0.0,29.1200008392334,0.0,29.190000534057617,28.82999992370605,29.020000457763672,0.0,41238200
2008-12-01,23.18646049499512,0.0,26.93000030517578,0.0,28.51000022888184,26.88999938964844,28.5,0.0,149161500
2008-12-02,23.96134376525879,0.0,27.82999992370605,0.0,27.88999938964844,26.84000015258789,27.299999237060547,0.0,181743000
2008-12-03,24.641529083251957,0.0,28.6200008392334,0.0,28.709999084472656,27.06999969482422,27.1299991607666,0.0,230944900
2008-12-04,23.94412422180176,0.0,27.809999465942383,0.0,28.780000686645508,27.31999969482422,28.170000076293945,0.0,188868700
2008-12-05,24.917049407958984,0.0,28.940000534057617,0.0,29.06999969482422,26.950000762939453,27.5,0.0,212283700
2008-12-08,25.898571014404297,0.0,30.07999992370605,0.0,30.459999084472656,29.440000534057617,29.59000015258789,0.0,185782500
2008-12-09,25.83831024169922,0.0,30.01000022888184,0.0,30.82999992370605,29.56999969482422,29.68000030517578,0.0,178148300
2008-12-10,25.752206802368164,0.0,29.90999984741211,0.0,30.459999084472656,29.6200008392334,30.100000381469727,0.0,162335100
2008-12-11,25.046201705932617,0.0,29.09000015258789,0.0,30.270000457763672,28.940000534057617,29.809999465942383,0.0,167161400
2008-12-12,25.554180145263672,0.0,29.68000030517578,0.0,29.86000061035156,28.46999931335449,28.690000534057617,0.0,158600100
2008-12-15,25.106468200683597,0.0,29.15999984741211,0.0,29.76000022888184,28.739999771118164,29.729999542236328,0.0,107887000
2008-12-16,26.31184959411621,0.0,30.559999465942383,0.0,30.65999984741211,29.100000381469727,29.420000076293945,0.0,169300100
2008-12-17,25.99328994750977,0.0,30.190000534057617,0.0,30.600000381469727,29.81999969482422,30.25,0.0,159813500
2008-12-18,25.536954879760746,0.0,29.65999984741211,0.0,30.399999618530277,29.36000061035156,30.190000534057617,0.0,142656400
2008-12-19,25.746484756469727,0.0,29.86000061035156,0.043,30.3700008392334,29.65999984741211,29.93000030517578,0.0,118308900
2008-12-22,25.1860294342041,0.0,29.209999084472656,0.0,29.920000076293945,28.739999771118164,29.86000061035156,0.0,95379600
2008-12-23,25.05668830871582,0.0,29.059999465942383,0.0,29.6200008392334,28.88999938964844,29.32999992370605,0.0,68764800
2008-12-24,25.12567138671875,0.0,29.13999938964844,0.0,29.209999084472656,28.979999542236328,29.200000762939453,0.0,27194700
2008-12-26,25.11704635620117,0.0,29.1299991607666,0.0,29.229999542236328,28.96999931335449,29.200000762939453,0.0,20937000
2008-12-29,24.91010093688965,0.0,28.88999938964844,0.0,29.239999771118164,28.459999084472656,29.209999084472656,0.0,52688300
2008-12-30,25.427453994750977,0.0,29.489999771118164,0.0,29.59000015258789,28.940000534057617,28.96999931335449,0.0,77089500
2008-12-31,25.64301109313965,0.0,29.739999771118164,0.0,30.07999992370605,29.450000762939453,29.459999084472656,0.0,89189700
2009-01-02,26.755300521850582,0.0,31.030000686645508,0.0,31.1299991607666,29.690000534057617,29.75,0.0,107891500
2009-01-05,26.74667739868164,0.0,31.020000457763672,0.0,31.32999992370605,30.59000015258789,30.82999992370605,0.0,91751900
2009-01-06,27.01397705078125,0.0,31.32999992370605,0.0,31.6299991607666,31.11000061035156,31.25,0.0,136791700
2009-01-07,26.2465877532959,0.0,30.440000534057617,0.0,30.899999618530277,30.190000534057617,30.729999542236328,0.0,133879800
2009-01-08,26.52249526977539,0.0,30.76000022888184,0.0,30.799999237060547,30.07999992370605,30.3799991607666,0.0,131926600
2009-01-09,25.927549362182617,0.0,30.06999969482422,0.0,30.790000915527344,29.920000076293945,30.770000457763672,0.0,117137900
2009-01-12,25.45332145690918,0.0,29.520000457763672,0.0,30.149999618530277,29.200000762939453,30.11000061035156,0.0,102726200
2009-01-13,25.46194267272949,0.0,29.530000686645508,0.0,29.979999542236328,29.18000030517578,29.51000022888184,0.0,186266700
2009-01-14,24.68592643737793,0.0,28.6299991607666,0.0,29.280000686645508,28.46999931335449,29.190000534057617,0.0,136294000
2009-01-15,25.091184616088867,0.0,29.100000381469727,0.0,29.34000015258789,28.06999969482422,28.56999969482422,0.0,192567200
2009-01-16,25.367094039916992,0.0,29.420000076293945,0.0,29.600000381469727,28.700000762939453,29.5,0.0,175478100
2009-01-20,24.10822486877441,0.0,27.959999084472656,0.0,29.43000030517578,27.959999084472656,29.299999237060547,0.0,135105800
2009-01-21,25.134292602539062,0.0,29.149999618530277,0.0,29.190000534057617,28.100000381469727,28.43000030517578,0.0,149179600
2009-01-22,24.79802131652832,0.0,28.76000022888184,0.0,29.229999542236328,28.26000022888184,28.520000457763672,0.0,200602700
2009-01-23,24.918737411499023,0.0,28.899999618530277,0.0,29.350000381469727,28.13999938964844,28.290000915527344,0.0,170164100
2009-01-26,25.09980773925781,0.0,29.11000061035156,0.0,29.59000015258789,28.75,28.940000534057617,0.0,140398700
2009-01-27,25.280874252319336,0.0,29.31999969482422,0.0,29.56999969482422,29.1200008392334,29.1200008392334,0.0,110591300
2009-01-28,26.168981552124023,0.0,30.350000381469727,0.0,30.649999618530277,29.809999465942383,29.809999465942383,0.0,139722800
2009-01-29,25.505054473876957,0.0,29.57999992370605,0.0,30.399999618530277,29.479999542236328,29.979999542236328,0.0,130731800
2009-01-30,25.05668830871582,0.0,29.059999465942383,0.0,29.93000030517578,28.940000534057617,29.799999237060547,0.0,140334200
2009-02-02,25.35846710205078,0.0,29.40999984741211,0.0,29.61000061035156,28.739999771118164,28.780000686645508,0.0,126796100
2009-02-03,25.755109786987305,0.0,29.8700008392334,0.0,30.43000030517578,29.030000686645508,29.46999931335449,0.0,120541100
2009-02-04,25.78959083557129,0.0,29.90999984741211,0.0,30.8700008392334,29.790000915527344,29.940000534057617,0.0,175780900
2009-02-05,26.358667373657227,0.0,30.56999969482422,0.0,30.770000457763672,29.459999084472656,29.479999542236328,0.0,217578900
2009-02-06,27.04846954345703,0.0,31.3700008392334,0.0,31.51000022888184,30.57999992370605,30.68000030517578,0.0,164513200
2009-02-09,27.16056060791016,0.0,31.5,0.0,31.670000076293945,31.190000534057617,31.38999938964844,0.0,98856900
2009-02-10,26.160356521606445,0.0,30.34000015258789,0.0,31.68000030517578,30.100000381469727,31.299999237060547,0.0,232795200
2009-02-11,26.03964233398437,0.0,30.200000762939453,0.0,30.530000686645508,29.729999542236328,30.3799991607666,0.0,169117200
2009-02-12,26.358667373657227,0.0,30.56999969482422,0.0,30.61000061035156,29.63999938964844,29.850000381469727,0.0,201151400
2009-02-13,26.237964630126957,0.0,30.43000030517578,0.0,30.780000686645508,30.290000915527344,30.479999542236328,0.0,145066700
2009-02-17,25.19464111328125,0.0,29.21999931335449,0.0,29.670000076293945,29.059999465942383,29.489999771118164,0.0,157783300
2009-02-18,25.21189308166504,0.0,29.239999771118164,0.0,29.670000076293945,28.8700008392334,29.40999984741211,0.0,161271900
2009-02-19,24.823881149291992,0.0,28.790000915527344,0.0,29.61000061035156,28.71999931335449,29.420000076293945,0.0,155322400
2009-02-20,24.892868041992188,0.0,28.8700008392334,0.0,29.149999618530277,28.38999938964844,28.46999931335449,0.0,210752400
2009-02-23,24.02200126647949,0.0,27.86000061035156,0.0,29.049999237060547,27.729999542236328,29.030000686645508,0.0,169473500
2009-02-24,24.81526756286621,0.0,28.780000686645508,0.0,28.979999542236328,27.959999084472656,28.01000022888184,0.0,181337300
2009-02-25,24.65143203735352,0.0,28.59000015258789,0.0,29.170000076293945,28.13999938964844,28.61000061035156,0.0,220224700
2009-02-26,23.96164321899414,0.0,27.790000915527344,0.0,28.950000762939453,27.700000762939453,28.780000686645508,0.0,211218500
2009-02-27,23.73746490478516,0.0,27.530000686645508,0.0,27.979999542236328,27.38999938964844,27.5,0.0,204492600
2009-03-02,22.97007179260254,0.0,26.63999938964844,0.0,27.51000022888184,26.46999931335449,27.1200008392334,0.0,188180400
2009-03-03,22.95282745361328,0.0,26.6200008392334,0.0,27.15999984741211,26.420000076293945,26.86000061035156,0.0,158758800
2009-03-04,23.565019607543945,0.0,27.32999992370605,0.0,27.709999084472656,26.920000076293945,27.01000022888184,0.0,164911000
2009-03-05,22.85797882080078,0.0,26.51000022888184,0.0,27.239999771118164,26.420000076293945,27.030000686645508,0.0,199626900
2009-03-06,22.676908493041992,0.0,26.299999237060547,0.0,26.809999465942383,25.709999084472656,26.649999618530277,0.0,218421600
2009-03-09,22.19404602050781,0.0,25.739999771118164,0.0,26.809999465942383,25.6299991607666,26.09000015258789,0.0,181098800
2009-03-10,23.565019607543945,0.0,27.32999992370605,0.0,27.38999938964844,26.15999984741211,26.25,0.0,175068200
2009-03-11,23.92715835571289,0.0,27.75,0.0,27.989999771118164,27.26000022888184,27.61000061035156,0.0,173094900
2009-03-12,24.72041702270508,0.0,28.670000076293945,0.0,28.76000022888184,27.440000534057617,27.729999542236328,0.0,184395100
2009-03-13,24.780771255493164,0.0,28.739999771118164,0.0,28.84000015258789,28.31999969482422,28.65999984741211,0.0,156783500
2009-03-16,24.366893768310547,0.0,28.26000022888184,0.0,28.979999542236328,28.190000534057617,28.93000030517578,0.0,190269800
2009-03-17,25.289491653442383,0.0,29.32999992370605,0.0,29.32999992370605,28.299999237060547,28.399999618530277,0.0,169773800
2009-03-18,25.60852432250977,0.0,29.700000762939453,0.0,30.200000762939453,29.07999992370605,29.209999084472656,0.0,208033900
2009-03-19,25.591285705566406,0.0,29.68000030517578,0.0,30.1299991607666,29.459999084472656,30.11000061035156,0.0,146753400
2009-03-20,25.20176696777344,0.0,29.18000030517578,0.049,30.030000686645508,28.979999542236328,29.690000534057617,0.0,149410800
2009-03-23,26.687265396118164,0.0,30.899999618530277,0.0,30.940000534057617,29.200000762939453,29.899999618530277,0.0,179499000
2009-03-24,26.194988250732425,0.0,30.32999992370605,0.0,30.8799991607666,30.309999465942383,30.63999938964844,0.0,118757600
2009-03-25,26.315895080566406,0.0,30.46999931335449,0.0,31.049999237060547,29.65999984741211,30.59000015258789,0.0,190555200
2009-03-26,27.12774658203125,0.0,31.40999984741211,0.0,31.459999084472656,30.420000076293945,30.799999237060547,0.0,182459500
2009-03-27,26.6181755065918,0.0,30.81999969482422,0.0,31.18000030517578,30.709999084472656,31.0,0.0,156108100
2009-03-30,25.96179580688477,0.0,30.059999465942383,0.0,30.31999969482422,29.6200008392334,30.299999237060547,0.0,162919700
2009-03-31,26.18634414672852,0.0,30.31999969482422,0.0,30.950000762939453,30.270000457763672,30.290000915527344,0.0,150243800
2009-04-01,26.57499122619629,0.0,30.770000457763672,0.0,30.8799991607666,29.790000915527344,29.940000534057617,0.0,137950000
2009-04-02,27.430015563964844,0.0,31.76000022888184,0.0,32.27000045776367,31.229999542236328,31.31999969482422,0.0,212272400
2009-04-03,27.939584732055664,0.0,32.349998474121094,0.0,32.400001525878906,31.82999992370605,32.09000015258789,0.0,134577300
2009-04-06,27.870500564575195,0.0,32.27000045776367,0.0,32.33000183105469,31.649999618530277,31.989999771118164,0.0,160413700
2009-04-07,27.136383056640625,0.0,31.420000076293945,0.0,31.920000076293945,31.209999084472656,31.920000076293945,0.0,147531200
2009-04-08,27.594125747680664,0.0,31.950000762939453,0.0,32.150001525878906,31.489999771118164,31.729999542236328,0.0,126126000
2009-04-09,28.449146270751957,0.0,32.939998626708984,0.0,33.0099983215332,32.43000030517578,32.54999923706055,0.0,131871500
2009-04-13,28.405967712402344,0.0,32.88999938964844,0.0,33.06999969482422,32.529998779296875,32.84000015258789,0.0,119310500
2009-04-14,28.06049919128418,0.0,32.4900016784668,0.0,32.880001068115234,32.27000045776367,32.689998626708984,0.0,124069000
2009-04-15,27.98277473449707,0.0,32.400001525878906,0.0,32.43000030517578,31.850000381469727,32.2599983215332,0.0,124808200
2009-04-16,28.708255767822266,0.0,33.2400016784668,0.0,33.43000030517578,32.5099983215332,32.849998474121094,0.0,171168000
2009-04-17,28.76871681213379,0.0,33.310001373291016,0.0,33.5,32.93000030517578,33.16999816894531,0.0,129835400
2009-04-20,27.84458923339844,0.0,32.2400016784668,0.0,32.81999969482422,32.060001373291016,32.709999084472656,0.0,123080500
2009-04-21,28.23322868347168,0.0,32.689998626708984,0.0,32.7400016784668,32.08000183105469,32.119998931884766,0.0,145490200
2009-04-22,28.319595336914062,0.0,32.790000915527344,0.0,33.529998779296875,32.38999938964844,32.5,0.0,165040500
2009-04-23,28.595977783203125,0.0,33.11000061035156,0.0,33.13999938964844,32.4900016784668,33.0,0.0,181666600
2009-04-24,29.096895217895508,0.0,33.689998626708984,0.0,33.93000030517578,33.06999969482422,33.34000015258789,0.0,141170000
2009-04-27,29.13145065307617,0.0,33.72999954223633,0.0,34.060001373291016,33.349998474121094,33.41999816894531,0.0,120749100
2009-04-28,28.91553497314453,0.0,33.47999954223633,0.0,33.90999984741211,33.36000061035156,33.52000045776367,0.0,108968000
2009-04-29,29.31280517578125,0.0,33.939998626708984,0.0,34.400001525878906,33.70000076293945,33.75,0.0,141413600
2009-04-30,29.60646247863769,0.0,34.279998779296875,0.0,34.900001525878906,34.040000915527344,34.38999938964844,0.0,144120400
2009-05-01,29.684200286865234,0.0,34.369998931884766,0.0,34.540000915527344,34.0099983215332,34.27000045776367,0.0,100112000
2009-05-04,30.271488189697266,0.0,35.04999923706055,0.0,35.09000015258789,34.52000045776367,34.68000030517578,0.0,119317400
2009-05-05,30.245576858520508,0.0,35.02000045776367,0.0,35.060001373291016,34.630001068115234,34.9900016784668,0.0,113569500
2009-05-06,30.25421524047852,0.0,35.029998779296875,0.0,35.34000015258789,34.459999084472656,35.290000915527344,0.0,178840500
2009-05-07,29.545997619628903,0.0,34.209999084472656,0.0,35.27000045776367,33.880001068115234,35.27000045776367,0.0,216484700
2009-05-08,29.563276290893555,0.0,34.22999954223633,0.0,34.7400016784668,33.880001068115234,34.470001220703125,0.0,183507300
2009-05-11,29.66692924499512,0.0,34.349998474121094,0.0,34.720001220703125,33.68000030517578,33.790000915527344,0.0,142775900
2009-05-12,29.304182052612305,0.0,33.93000030517578,0.0,34.47999954223633,33.52000045776367,34.41999816894531,0.0,147842200
2009-05-13,28.51824188232422,0.0,33.02000045776367,0.0,33.650001525878906,32.959999084472656,33.630001068115234,0.0,175548300
2009-05-14,28.83779525756836,0.0,33.38999938964844,0.0,33.70000076293945,33.08000183105469,33.099998474121094,0.0,140021700
2009-05-15,28.82052230834961,0.0,33.369998931884766,0.0,33.81999969482422,33.22999954223633,33.34000015258789,0.0,121326400
2009-05-18,29.571918487548828,0.0,34.2400016784668,0.0,34.279998779296875,33.38999938964844,33.599998474121094,0.0,114333400
2009-05-19,29.710102081298828,0.0,34.400001525878906,0.0,34.7400016784668,33.95000076293945,34.15999984741211,0.0,129086400
2009-05-20,29.60646247863769,0.0,34.279998779296875,0.0,35.040000915527344,34.18000030517578,34.529998779296875,0.0,131873700
2009-05-21,29.06236267089844,0.0,33.650001525878906,0.0,34.2599983215332,33.310001373291016,34.02000045776367,0.0,139253200
2009-05-22,28.96735954284668,0.0,33.540000915527344,0.0,33.970001220703125,33.31999969482422,33.779998779296875,0.0,83510600
2009-05-26,30.04693031311035,0.0,34.790000915527344,0.0,34.83000183105469,33.18000030517578,33.25,0.0,144857200
2009-05-27,29.839645385742188,0.0,34.54999923706055,0.0,35.189998626708984,34.43000030517578,34.689998626708984,0.0,121348800
2009-05-28,30.18512344360352,0.0,34.95000076293945,0.0,35.06999969482422,34.209999084472656,34.7599983215332,0.0,118931300
2009-05-29,30.55648803710937,0.0,35.380001068115234,0.0,35.5,34.7599983215332,34.970001220703125,0.0,111535700
2009-06-01,31.42879295349121,0.0,36.38999938964844,0.0,36.5,35.61000061035156,35.7599983215332,0.0,119126200
2009-06-02,31.47197723388672,0.0,36.43999862670898,0.0,36.790000915527344,36.11000061035156,36.18999862670898,0.0,126858600
2009-06-03,31.376989364624023,0.0,36.33000183105469,0.0,36.369998931884766,35.93000030517578,36.33000183105469,0.0,93329800
2009-06-04,31.731067657470703,0.0,36.7400016784668,0.0,36.790000915527344,36.34000015258789,36.40999984741211,0.0,89280600
2009-06-05,31.7656307220459,0.0,36.77999877929688,0.0,37.08000183105469,36.41999816894531,36.959999084472656,0.0,121958800
2009-06-08,31.670618057250977,0.0,36.66999816894531,0.0,36.95000076293945,36.119998931884766,36.54999923706055,0.0,89194100
2009-06-09,31.912446975708008,0.0,36.95000076293945,0.0,37.16999816894531,36.66999816894531,36.84000015258789,0.0,109187800
2009-06-10,31.8001766204834,0.0,36.81999969482422,0.0,37.16999816894531,36.290000915527344,37.15999984741211,0.0,133404700
2009-06-11,31.8001766204834,0.0,36.81999969482422,0.0,37.22999954223633,36.75,36.77000045776367,0.0,147909800
2009-06-12,31.65335273742676,0.0,36.650001525878906,0.0,36.720001220703125,36.20000076293945,36.66999816894531,0.0,109452500
2009-06-15,31.005596160888672,0.0,35.900001525878906,0.0,36.33000183105469,35.58000183105469,36.29999923706055,0.0,112152900
2009-06-16,30.70332336425781,0.0,35.54999923706055,0.0,36.18999862670898,35.52000045776367,36.040000915527344,0.0,110550300
2009-06-17,30.9969539642334,0.0,35.88999938964844,0.0,36.209999084472656,35.45000076293945,35.70000076293945,0.0,153421800
2009-06-18,30.9365234375,0.0,35.81999969482422,0.0,36.060001373291016,35.56999969482422,35.83000183105469,0.0,126266700
2009-06-19,31.26856231689453,0.0,36.15999984741211,0.044,36.36000061035156,35.90999984741211,36.04999923706055,0.0,122044700
2009-06-22,30.334651947021484,0.0,35.08000183105469,0.0,35.88999938964844,35.02000045776367,35.83000183105469,0.0,137714900
2009-06-23,30.265478134155277,0.0,35.0,0.0,35.2599983215332,34.77000045776367,35.18000030517578,0.0,114903100
2009-06-24,30.77566909790039,0.0,35.59000015258789,0.0,35.869998931884766,35.279998779296875,35.29999923706055,0.0,103314600
2009-06-25,31.380971908569336,0.0,36.290000915527344,0.0,36.36000061035156,35.279998779296875,35.36000061035156,0.0,112538200
2009-06-26,31.45015335083008,0.0,36.369998931884766,0.0,36.5,36.04999923706055,36.119998931884766,0.0,87677300
2009-06-29,31.51934242248535,0.0,36.45000076293945,0.0,36.75,36.119998931884766,36.470001220703125,0.0,93817600
2009-06-30,31.45881080627441,0.0,36.380001068115234,0.0,36.72999954223633,36.11000061035156,36.54999923706055,0.0,97843000
2009-07-01,31.476093292236328,0.0,36.400001525878906,0.0,36.84000015258789,36.38999938964844,36.560001373291016,0.0,85976000
2009-07-02,30.78431701660156,0.0,35.599998474121094,0.0,36.09999847412109,35.5,36.09000015258789,0.0,113309800
2009-07-06,30.62000846862793,0.0,35.40999984741211,0.0,35.540000915527344,35.040000915527344,35.380001068115234,0.0,107632500
2009-07-07,29.859058380126957,0.0,34.529998779296875,0.0,35.4900016784668,34.5099983215332,35.41999816894531,0.0,149773000
2009-07-08,30.01469993591309,0.0,34.709999084472656,0.0,34.869998931884766,34.29999923706055,34.7400016784668,0.0,152776400
2009-07-09,30.066598892211918,0.0,34.77000045776367,0.0,35.0099983215332,34.650001525878906,34.84000015258789,0.0,97851500
2009-07-10,30.19629669189453,0.0,34.91999816894531,0.0,35.13999938964844,34.560001373291016,34.66999816894531,0.0,108482000
2009-07-13,30.77566909790039,0.0,35.59000015258789,0.0,35.599998474121094,34.47999954223633,34.95000076293945,0.0,127140300
2009-07-14,30.88808822631836,0.0,35.720001220703125,0.0,35.790000915527344,35.400001525878906,35.54999923706055,0.0,115631700
2009-07-15,31.92575454711914,0.0,36.91999816894531,0.0,36.93000030517578,36.13999938964844,36.31999969482422,0.0,160869700
2009-07-16,32.30622100830078,0.0,37.36000061035156,0.0,37.43999862670898,36.720001220703125,36.75,0.0,120142500
2009-07-17,32.47917938232422,0.0,37.560001373291016,0.0,37.56999969482422,37.16999816894531,37.34999847412109,0.0,104906500
2009-07-20,32.79048538208008,0.0,37.91999816894531,0.0,38.0,37.61000061035156,37.7599983215332,0.0,97168800
2009-07-21,33.01529312133789,0.0,38.18000030517578,0.0,38.18000030517578,37.63999938964844,38.06999969482422,0.0,130587600
2009-07-22,33.292022705078125,0.0,38.5,0.0,38.68999862670898,38.130001068115234,38.209999084472656,0.0,113808600
2009-07-23,34.02702713012695,0.0,39.34999847412109,0.0,39.4900016784668,38.38999938964844,38.459999084472656,0.0,160239300
2009-07-24,33.76762008666992,0.0,39.04999923706055,0.0,39.369998931884766,38.77999877929688,38.93000030517578,0.0,109312300
2009-07-27,34.02702713012695,0.0,39.34999847412109,0.0,39.40999984741211,38.869998931884766,39.33000183105469,0.0,94718600
2009-07-28,33.793556213378906,0.0,39.08000183105469,0.0,39.59000015258789,38.93000030517578,39.18000030517578,0.0,111564300
2009-07-29,34.018409729003906,0.0,39.34000015258789,0.0,39.43000030517578,39.0,39.31999969482422,0.0,126538200
2009-07-30,34.217288970947266,0.0,39.56999969482422,0.0,40.18000030517578,39.5099983215332,39.75,0.0,108969900
2009-07-31,34.113521575927734,0.0,39.45000076293945,0.0,39.84999847412109,39.40999984741211,39.56999969482422,0.0,78208300
2009-08-03,34.62371063232422,0.0,40.040000915527344,0.0,40.060001373291016,39.63999938964844,39.869998931884766,0.0,111722800
2009-08-04,34.62371063232422,0.0,40.040000915527344,0.0,40.18999862670898,39.77000045776367,39.84999847412109,0.0,100690800
2009-08-05,34.35563659667969,0.0,39.72999954223633,0.0,40.13999938964844,39.459999084472656,40.130001068115234,0.0,118093000
2009-08-06,34.05300521850586,0.0,39.380001068115234,0.0,39.93000030517578,39.2400016784668,39.81999969482422,0.0,116937500
2009-08-07,34.485355377197266,0.0,39.880001068115234,0.0,40.06999969482422,39.59000015258789,39.91999816894531,0.0,107442100
2009-08-10,34.243221282958984,0.0,39.59999847412109,0.0,39.84999847412109,39.34000015258789,39.7400016784668,0.0,87163200
2009-08-11,33.949222564697266,0.0,39.2599983215332,0.0,39.5,39.04999923706055,39.470001220703125,0.0,91922700
2009-08-12,34.476715087890625,0.0,39.869998931884766,0.0,40.220001220703125,39.20000076293945,39.22999954223633,0.0,147240000
2009-08-13,34.66694259643555,0.0,40.09000015258789,0.0,40.15999984741211,39.63999938964844,40.11000061035156,0.0,110107000
2009-08-14,34.26917266845703,0.0,39.630001068115234,0.0,39.959999084472656,39.27999877929688,39.869998931884766,0.0,124480200
2009-08-17,33.27473449707031,0.0,38.47999954223633,0.0,39.0099983215332,38.459999084472656,38.959999084472656,0.0,131797200
2009-08-18,33.750343322753906,0.0,39.02999877929688,0.0,39.11000061035156,38.61000061035156,38.720001220703125,0.0,84496200
2009-08-19,33.98379898071289,0.0,39.29999923706055,0.0,39.400001525878906,38.540000915527344,38.56999969482422,0.0,88036300
2009-08-20,34.38157653808594,0.0,39.7599983215332,0.0,39.84000015258789,39.20000076293945,39.27999877929688,0.0,81473500
2009-08-21,34.83990478515625,0.0,40.290000915527344,0.0,40.36000061035156,39.7400016784668,39.9900016784668,0.0,114660200
2009-08-24,34.805301666259766,0.0,40.25,0.0,40.56999969482422,40.09999847412109,40.36000061035156,0.0,109904900
2009-08-25,34.90907287597656,0.0,40.369998931884766,0.0,40.7599983215332,40.25,40.34000015258789,0.0,92900400
2009-08-26,34.84853744506836,0.0,40.29999923706055,0.0,40.59999847412109,40.08000183105469,40.27999877929688,0.0,96407500
2009-08-27,34.93501281738281,0.0,40.400001525878906,0.0,40.470001220703125,39.66999816894531,40.290000915527344,0.0,121957800
2009-08-28,34.9695930480957,0.0,40.43999862670898,0.0,41.08000183105469,40.15999984741211,40.900001525878906,0.0,114300900
2009-08-31,34.61505508422852,0.0,40.02999877929688,0.0,40.20000076293945,39.790000915527344,40.13999938964844,0.0,96415300
2009-09-01,33.96651840209961,0.0,39.27999877929688,0.0,40.59000015258789,39.15999984741211,39.88999938964844,0.0,162958900
2009-09-02,33.94055938720703,0.0,39.25,0.0,39.470001220703125,39.040000915527344,39.06999969482422,0.0,92757200
2009-09-03,34.165409088134766,0.0,39.5099983215332,0.0,39.56999969482422,39.02000045776367,39.43999862670898,0.0,76783100
2009-09-04,34.900413513183594,0.0,40.36000061035156,0.0,40.380001068115234,39.52000045776367,39.58000183105469,0.0,74866600
2009-09-08,35.22902297973633,0.0,40.7400016784668,0.0,40.77999877929688,40.459999084472656,40.68000030517578,0.0,71024400
2009-09-09,35.53166580200195,0.0,41.09000015258789,0.0,41.290000915527344,40.59000015258789,40.77000045776367,0.0,99280800
2009-09-10,35.86891555786133,0.0,41.47999954223633,0.0,41.52999877929688,41.0,41.11000061035156,0.0,99289100
2009-09-11,35.90349578857422,0.0,41.52000045776367,0.0,41.619998931884766,41.220001220703125,41.5099983215332,0.0,93868400
2009-09-14,36.0418586730957,0.0,41.68000030517578,0.0,41.709999084472656,41.209999084472656,41.25,0.0,90435600
2009-09-15,36.15428161621094,0.0,41.810001373291016,0.0,41.95000076293945,41.56999969482422,41.650001525878906,0.0,91594600
2009-09-16,36.68177795410156,0.0,42.41999816894531,0.0,42.47999954223633,41.84000015258789,42.0,0.0,96888500
2009-09-17,36.6731071472168,0.0,42.40999984741211,0.0,42.65999984741211,42.209999084472656,42.310001373291016,0.0,102169600
2009-09-18,36.73456954956055,0.0,42.43999862670898,0.041,42.619998931884766,42.209999084472656,42.540000915527344,0.0,87444200
2009-09-21,36.84709930419922,0.0,42.56999969482422,0.0,42.70000076293945,42.15999984741211,42.20000076293945,0.0,71351400
2009-09-22,36.91632843017578,0.0,42.650001525878906,0.0,42.83000183105469,42.43999862670898,42.810001373291016,0.0,75638400
2009-09-23,36.74322128295898,0.0,42.45000076293945,0.0,43.16999816894531,42.380001068115234,42.83000183105469,0.0,143924100
2009-09-24,36.414310455322266,0.0,42.06999969482422,0.0,42.68999862670898,41.77000045776367,42.619998931884766,0.0,111016400
2009-09-25,36.09404373168945,0.0,41.70000076293945,0.0,42.09000015258789,41.58000183105469,41.7599983215332,0.0,109216000
2009-09-28,36.708595275878906,0.0,42.40999984741211,0.0,42.65999984741211,41.88999938964844,41.93000030517578,0.0,84478500
2009-09-29,36.54414749145508,0.0,42.220001220703125,0.0,42.619998931884766,42.02999877929688,42.40999984741211,0.0,106686400
2009-09-30,36.570106506347656,0.0,42.25,0.0,42.59999847412109,41.59999847412109,42.38999938964844,0.0,173102700
2009-10-01,35.4881706237793,0.0,41.0,0.0,42.130001068115234,41.0,42.09999847412109,0.0,140119100
2009-10-02,35.38429260253906,0.0,40.880001068115234,0.0,41.25,40.720001220703125,40.720001220703125,0.0,145286400
2009-10-05,35.66991424560547,0.0,41.209999084472656,0.0,41.400001525878906,40.83000183105469,41.09000015258789,0.0,97054200
2009-10-06,36.301788330078125,0.0,41.93999862670898,0.0,42.13999938964844,41.41999816894531,41.43999862670898,0.0,124628000
2009-10-07,36.405670166015625,0.0,42.060001373291016,0.0,42.08000183105469,41.77000045776367,41.88999938964844,0.0,93787600
2009-10-08,36.56147003173828,0.0,42.2400016784668,0.0,42.619998931884766,42.13999938964844,42.310001373291016,0.0,107850400
2009-10-09,36.76919555664063,0.0,42.47999954223633,0.0,42.54999923706055,42.060001373291016,42.150001525878906,0.0,62828000
2009-10-12,36.84709930419922,0.0,42.56999969482422,0.0,42.869998931884766,42.27999877929688,42.650001525878906,0.0,53221900
2009-10-13,36.855743408203125,0.0,42.58000183105469,0.0,42.75,42.369998931884766,42.52999877929688,0.0,70939300
2009-10-14,37.35776519775391,0.0,43.15999984741211,0.0,43.209999084472656,42.84999847412109,43.11000061035156,0.0,91004900
2009-10-15,37.271217346191406,0.0,43.060001373291016,0.0,43.119998931884766,42.869998931884766,42.93000030517578,0.0,85772800
2009-10-16,37.02886962890625,0.0,42.77999877929688,0.0,42.9900016784668,42.47999954223633,42.900001525878906,0.0,111859300
2009-10-19,37.40105819702149,0.0,43.209999084472656,0.0,43.27000045776367,42.59000015258789,42.810001373291016,0.0,83512000
2009-10-20,37.409706115722656,0.0,43.220001220703125,0.0,43.459999084472656,42.93999862670898,43.459999084472656,0.0,89847900
2009-10-21,37.340457916259766,0.0,43.13999938964844,0.0,43.81999969482422,43.060001373291016,43.209999084472656,0.0,110397400
2009-10-22,37.48761367797852,0.0,43.310001373291016,0.0,43.4900016784668,42.790000915527344,43.060001373291016,0.0,85871800
2009-10-23,37.3317985534668,0.0,43.130001068115234,0.0,43.72999954223633,43.02000045776367,43.72999954223633,0.0,117020400
2009-10-26,37.21063232421875,0.0,42.9900016784668,0.0,43.7599983215332,42.790000915527344,43.20000076293945,0.0,107068600
2009-10-27,36.64800262451172,0.0,42.34000015258789,0.0,43.11000061035156,42.18000030517578,42.93000030517578,0.0,121438200
2009-10-28,35.82572555541992,0.0,41.38999938964844,0.0,42.31999969482422,41.29999923706055,42.18999862670898,0.0,143553600
2009-10-29,36.43161392211914,0.0,42.09000015258789,0.0,42.18999862670898,41.540000915527344,41.630001068115234,0.0,85207600
2009-10-30,35.45352935791016,0.0,40.959999084472656,0.0,42.150001525878906,40.91999816894531,42.060001373291016,0.0,162796500
2009-11-02,35.60068893432617,0.0,41.130001068115234,0.0,41.56999969482422,40.63999938964844,41.0,0.0,142456600
2009-11-03,35.71319961547852,0.0,41.2599983215332,0.0,41.31999969482422,40.84000015258789,40.90999984741211,0.0,95107000
2009-11-04,35.77378845214844,0.0,41.33000183105469,0.0,41.869998931884766,41.27999877929688,41.52999877929688,0.0,107970600
2009-11-05,36.65666580200195,0.0,42.34999847412109,0.0,42.400001525878906,41.77999877929688,41.810001373291016,0.0,135204800
2009-11-06,36.873046875,0.0,42.59999847412109,0.0,42.650001525878906,42.08000183105469,42.119998931884766,0.0,96312300
2009-11-09,37.66069793701172,0.0,43.5099983215332,0.0,43.52000045776367,42.880001068115234,42.93000030517578,0.0,101620800
2009-11-10,37.75594711303711,0.0,43.619998931884766,0.0,43.77000045776367,43.400001525878906,43.459999084472656,0.0,72846500
2009-11-11,37.998291015625,0.0,43.900001525878906,0.0,44.13999938964844,43.61000061035156,43.95000076293945,0.0,84676200
2009-11-12,37.78189468383789,0.0,43.650001525878906,0.0,44.15999984741211,43.54999923706055,43.93000030517578,0.0,92426100
2009-11-13,38.0934944152832,0.0,44.0099983215332,0.0,44.13999938964844,43.630001068115234,43.77999877929688,0.0,87959500
2009-11-16,38.48299789428711,0.0,44.459999084472656,0.0,44.650001525878906,44.119998931884766,44.20000076293945,0.0,87776100
2009-11-17,38.60418701171875,0.0,44.59999847412109,0.0,44.59999847412109,44.25,44.34000015258789,0.0,81884000
2009-11-18,38.387794494628906,0.0,44.34999847412109,0.0,44.4900016784668,44.04999923706055,44.459999084472656,0.0,100240800
2009-11-19,37.79055404663086,0.0,43.65999984741211,0.0,44.08000183105469,43.34999847412109,44.04999923706055,0.0,114558000
2009-11-20,37.6001205444336,0.0,43.43999862670898,0.0,43.54999923706055,43.27999877929688,43.43000030517578,0.0,70912100
2009-11-23,38.20602035522461,0.0,44.13999938964844,0.0,44.400001525878906,43.86000061035156,43.88999938964844,0.0,91621500
2009-11-24,38.07619094848633,0.0,43.9900016784668,0.0,44.150001525878906,43.72999954223633,44.119998931884766,0.0,60670000
2009-11-25,38.24063491821289,0.0,44.18000030517578,0.0,44.220001220703125,44.0099983215332,44.13999938964844,0.0,37630100
2009-11-27,37.66069793701172,0.0,43.5099983215332,0.0,43.83000183105469,42.900001525878906,42.970001220703125,0.0,61230000
2009-11-30,37.704010009765625,0.0,43.560001373291016,0.0,43.619998931884766,43.11000061035156,43.40999984741211,0.0,84819400
2009-12-01,38.0934944152832,0.0,44.0099983215332,0.0,44.29999923706055,43.880001068115234,43.88999938964844,0.0,81817800
2009-12-02,38.14544296264648,0.0,44.06999969482422,0.0,44.4900016784668,43.97999954223633,44.15999984741211,0.0,81653600
2009-12-03,37.9896240234375,0.0,43.88999938964844,0.0,44.5,43.880001068115234,44.22999954223633,0.0,72460400
2009-12-04,38.188720703125,0.0,44.119998931884766,0.0,44.72999954223633,43.65999984741211,44.45000076293945,0.0,125062600
2009-12-07,38.00694274902344,0.0,43.90999984741211,0.0,44.290000915527344,43.81999969482422,44.09000015258789,0.0,67471900
2009-12-08,37.773223876953125,0.0,43.63999938964844,0.0,44.0,43.36000061035156,43.65999984741211,0.0,86621400
2009-12-09,38.15409469604492,0.0,44.08000183105469,0.0,44.119998931884766,43.31999969482422,43.59999847412109,0.0,78820500
2009-12-10,38.34452438354492,0.0,44.29999923706055,0.0,44.540000915527344,44.2400016784668,44.27000045776367,0.0,76722400
2009-12-11,38.197357177734375,0.0,44.130001068115234,0.0,44.59000015258789,43.95000076293945,44.540000915527344,0.0,66643700
2009-12-14,38.56090927124024,0.0,44.54999923706055,0.0,44.59999847412109,44.18999862670898,44.43000030517578,0.0,47965500
2009-12-15,38.34452438354492,0.0,44.29999923706055,0.0,44.66999816894531,44.16999816894531,44.40999984741211,0.0,61171100
2009-12-16,38.39646911621094,0.0,44.36000061035156,0.0,44.70000076293945,44.290000915527344,44.470001220703125,0.0,61629700
2009-12-17,37.92903900146485,0.0,43.81999969482422,0.0,44.209999084472656,43.7599983215332,44.15999984741211,0.0,90440900
2009-12-18,38.54721832275391,0.0,44.459999084472656,0.073,44.47999954223633,44.0,44.15999984741211,0.0,96442600
2009-12-21,38.98072814941406,0.0,44.959999084472656,0.0,45.130001068115234,44.66999816894531,44.68999862670898,0.0,82357400
2009-12-22,39.21481323242188,0.0,45.22999954223633,0.0,45.290000915527344,45.02999877929688,45.11000061035156,0.0,51569100
2009-12-23,39.50092697143555,0.0,45.560001373291016,0.0,45.56999969482422,45.209999084472656,45.31999969482422,0.0,73932200
2009-12-24,39.86507034301758,0.0,45.97999954223633,0.0,45.97999954223633,45.59999847412109,45.61000061035156,0.0,31770400
2009-12-28,40.07315826416016,0.0,46.220001220703125,0.0,46.29999923706055,45.93999862670898,46.09000015258789,0.0,49381400
2009-12-29,39.90842819213867,0.0,46.02999877929688,0.0,46.25,45.9900016784668,46.22999954223633,0.0,32410200
2009-12-30,40.02980422973633,0.0,46.16999816894531,0.0,46.2599983215332,45.959999084472656,45.97999954223633,0.0,57612700
2009-12-31,39.665672302246094,0.0,45.75,0.0,46.27999877929688,45.75,46.2599983215332,0.0,50079200
2010-01-04,40.24656295776367,0.0,46.41999816894531,0.0,46.4900016784668,46.27000045776367,46.33000183105469,0.0,62822800
2010-01-05,40.24656295776367,0.0,46.41999816894531,0.0,46.5,46.15999984741211,46.38999938964844,0.0,62935600
2010-01-06,40.00380706787109,0.0,46.13999938964844,0.0,46.54999923706055,46.06999969482422,46.400001525878906,0.0,96033000
2010-01-07,40.02980422973633,0.0,46.16999816894531,0.0,46.27000045776367,45.91999816894531,46.209999084472656,0.0,77094100
2010-01-08,40.35926818847656,0.0,46.54999923706055,0.0,46.54999923706055,45.93000030517578,46.06999969482422,0.0,88886600
2010-01-11,40.19454574584961,0.0,46.36000061035156,0.0,46.63999938964844,46.119998931884766,46.61000061035156,0.0,104673400
2010-01-12,39.69167709350586,0.0,45.77999877929688,0.0,46.13999938964844,45.52999877929688,46.08000183105469,0.0,90673900
2010-01-13,40.18585586547852,0.0,46.34999847412109,0.0,46.4900016784668,45.61000061035156,45.91999816894531,0.0,100661000
2010-01-14,40.22055435180664,0.0,46.38999938964844,0.0,46.52000045776367,46.220001220703125,46.2599983215332,0.0,75209000
2010-01-15,39.75235366821289,0.0,45.84999847412109,0.0,46.54999923706055,45.650001525878906,46.470001220703125,0.0,126849300
2010-01-19,40.393951416015625,0.0,46.59000015258789,0.0,46.63999938964844,45.95000076293945,45.959999084472656,0.0,84388200
2010-01-20,39.81304931640625,0.0,45.91999816894531,0.0,46.59999847412109,45.43000030517578,46.2599983215332,0.0,145680000
2010-01-21,39.440242767333984,0.0,45.4900016784668,0.0,46.34999847412109,45.29999923706055,46.04999923706055,0.0,204939600
2010-01-22,38.28712463378906,0.0,44.15999984741211,0.0,45.47999954223633,44.040000915527344,45.34000015258789,0.0,171098700
2010-01-25,38.41717147827149,0.0,44.310001373291016,0.0,44.59999847412109,44.119998931884766,44.43000030517578,0.0,154218700
2010-01-26,38.45185470581055,0.0,44.34999847412109,0.0,44.88999938964844,44.04999923706055,44.2599983215332,0.0,140816500
2010-01-27,38.75529479980469,0.0,44.70000076293945,0.0,44.84999847412109,44.0099983215332,44.27000045776367,0.0,161632700
2010-01-28,37.75823593139648,0.0,43.54999923706055,0.0,44.43000030517578,43.31999969482422,44.400001525878906,0.0,221439800
2010-01-29,37.09932327270508,0.0,42.790000915527344,0.0,44.02000045776367,42.630001068115234,43.90999984741211,0.0,212099600
2010-02-01,37.50681686401367,0.0,43.2599983215332,0.0,43.27999877929688,42.880001068115234,42.900001525878906,0.0,136827100
2010-02-02,37.844947814941406,0.0,43.650001525878906,0.0,43.77999877929688,43.02999877929688,43.33000183105469,0.0,110727700
2010-02-03,38.05302047729492,0.0,43.88999938964844,0.0,43.970001220703125,43.41999816894531,43.43999862670898,0.0,93581600
2010-02-04,36.95192337036133,0.0,42.619998931884766,0.0,43.65999984741211,42.619998931884766,43.56999969482422,0.0,151652500
2010-02-05,37.26405715942383,0.0,42.97999954223633,0.0,43.02000045776367,42.119998931884766,42.72999954223633,0.0,213618600
2010-02-08,36.99526977539063,0.0,42.66999816894531,0.0,43.18000030517578,42.63999938964844,42.90999984741211,0.0,94354400
2010-02-09,37.376766204833984,0.0,43.11000061035156,0.0,43.5099983215332,42.7599983215332,43.18000030517578,0.0,118956000
2010-02-10,37.29874420166016,0.0,43.02000045776367,0.0,43.310001373291016,42.75,43.11000061035156,0.0,94102900
2010-02-11,37.86228561401367,0.0,43.66999816894531,0.0,43.790000915527344,42.7599983215332,43.02999877929688,0.0,93050800
2010-02-12,37.9403076171875,0.0,43.7599983215332,0.0,43.880001068115234,43.15999984741211,43.27999877929688,0.0,93938500
2010-02-16,38.42584228515625,0.0,44.31999969482422,0.0,44.34999847412109,43.84999847412109,44.08000183105469,0.0,83861400
2010-02-17,38.6425895690918,0.0,44.56999969482422,0.0,44.56999969482422,44.2599983215332,44.52000045776367,0.0,82691700
2010-02-18,38.88536071777344,0.0,44.84999847412109,0.0,44.93000030517578,44.45000076293945,44.540000915527344,0.0,65752600
2010-02-19,38.86801528930664,0.0,44.83000183105469,0.0,45.04999923706055,44.619998931884766,44.72999954223633,0.0,80416500
2010-02-22,38.78998565673828,0.0,44.7400016784668,0.0,45.02999877929688,44.560001373291016,45.0099983215332,0.0,72055000
2010-02-23,38.28712463378906,0.0,44.15999984741211,0.0,44.7400016784668,43.95000076293945,44.709999084472656,0.0,95814400
2010-02-24,38.677276611328125,0.0,44.61000061035156,0.0,44.790000915527344,44.31999969482422,44.38999938964844,0.0,86591000
2010-02-25,38.66859436035156,0.0,44.59999847412109,0.0,44.70000076293945,43.83000183105469,44.13999938964844,0.0,97961300
2010-02-26,38.80733489990234,0.0,44.7599983215332,0.0,44.86000061035156,44.400001525878906,44.59000015258789,0.0,66222400
2010-03-01,39.37088394165039,0.0,45.40999984741211,0.0,45.4900016784668,44.95000076293945,44.959999084472656,0.0,77290100
2010-03-02,39.49225616455078,0.0,45.54999923706055,0.0,45.84999847412109,45.45000076293945,45.56999969482422,0.0,76368500
2010-03-03,39.53561782836914,0.0,45.59999847412109,0.0,45.81999969482422,45.43000030517578,45.65999984741211,0.0,65735500
2010-03-04,39.665672302246094,0.0,45.75,0.0,45.810001373291016,45.400001525878906,45.630001068115234,0.0,54470900
2010-03-05,40.26389694213867,0.0,46.43999862670898,0.0,46.540000915527344,45.9900016784668,46.09000015258789,0.0,68136300
2010-03-08,40.34193801879883,0.0,46.52999877929688,0.0,46.63999938964844,46.43999862670898,46.459999084472656,0.0,58712400
2010-03-09,40.567359924316406,0.0,46.790000915527344,0.0,47.04999923706055,46.400001525878906,46.43000030517578,0.0,98002800
2010-03-10,40.89681625366211,0.0,47.16999816894531,0.0,47.27999877929688,46.79999923706055,46.81999969482422,0.0,102578900
2010-03-11,41.052879333496094,0.0,47.34999847412109,0.0,47.34999847412109,46.97999954223633,47.060001373291016,0.0,67510300
2010-03-12,41.0615463256836,0.0,47.36000061035156,0.0,47.52999877929688,47.09999847412109,47.5,0.0,64068300
2010-03-15,40.9575080871582,0.0,47.2400016784668,0.0,47.380001068115234,46.90999984741211,47.2599983215332,0.0,60150500
2010-03-16,41.21761703491211,0.0,47.540000915527344,0.0,47.61000061035156,47.22999954223633,47.38999938964844,0.0,74950600
2010-03-17,41.33031845092773,0.0,47.66999816894531,0.0,47.900001525878906,47.52999877929688,47.61000061035156,0.0,75643500
2010-03-18,41.46903991699219,0.0,47.83000183105469,0.0,47.880001068115234,47.59999847412109,47.709999084472656,0.0,77829400
2010-03-19,41.21820831298828,0.0,47.4900016784668,0.051,47.95000076293945,47.31999969482422,47.91999816894531,0.0,86337100
2010-03-22,41.59141159057617,0.0,47.91999816894531,0.0,48.11000061035156,47.25,47.29999923706055,0.0,71902800
2010-03-23,41.87784576416016,0.0,48.25,0.0,48.29999923706055,47.77000045776367,47.9900016784668,0.0,59182600
2010-03-24,41.67820739746094,0.0,48.02000045776367,0.0,48.16999816894531,47.90999984741211,48.16999816894531,0.0,62995700
2010-03-25,41.61744689941406,0.0,47.95000076293945,0.0,48.59999847412109,47.900001525878906,48.41999816894531,0.0,76294800
2010-03-26,41.66085052490234,0.0,48.0,0.0,48.33000183105469,47.7400016784668,48.150001525878906,0.0,78067900
2010-03-29,41.86048889160156,0.0,48.22999954223633,0.0,48.400001525878906,48.09999847412109,48.2400016784668,0.0,57993300
2010-03-30,41.99933624267578,0.0,48.38999938964844,0.0,48.54999923706055,48.060001373291016,48.380001068115234,0.0,49437300
2010-03-31,41.79973220825195,0.0,48.15999984741211,0.0,48.45000076293945,48.06999969482422,48.2400016784668,0.0,59947400
2010-04-01,41.79973220825195,0.0,48.15999984741211,0.0,48.70000076293945,47.790000915527344,48.36000061035156,0.0,83728600
2010-04-05,42.19028854370117,0.0,48.61000061035156,0.0,48.720001220703125,48.13999938964844,48.27000045776367,0.0,56220300
2010-04-06,42.31181335449219,0.0,48.75,0.0,48.900001525878906,48.38999938964844,48.5,0.0,54097100
2010-04-07,42.2076530456543,0.0,48.630001068115234,0.0,48.869998931884766,48.369998931884766,48.68000030517578,0.0,77211500
2010-04-08,42.30312347412109,0.0,48.7400016784668,0.0,48.81999969482422,48.2400016784668,48.4900016784668,0.0,68314300
2010-04-09,42.5548210144043,0.0,49.02999877929688,0.0,49.04999923706055,48.630001068115234,48.75,0.0,54227300
2010-04-12,42.58955001831055,0.0,49.06999969482422,0.0,49.20000076293945,48.93999862670898,49.04999923706055,0.0,44280600
2010-04-13,42.8065185546875,0.0,49.31999969482422,0.0,49.34999847412109,48.86000061035156,49.02000045776367,0.0,59376000
2010-04-14,43.318603515625,0.0,49.90999984741211,0.0,49.91999816894531,49.5,49.58000183105469,0.0,69004800
2010-04-15,43.509559631347656,0.0,50.130001068115234,0.0,50.18999862670898,49.869998931884766,49.869998931884766,0.0,72254200
2010-04-16,42.98879623413086,0.0,49.52999877929688,0.0,50.119998931884766,49.20000076293945,49.95000076293945,0.0,127388000
2010-04-19,42.96276473999024,0.0,49.5,0.0,49.65999984741211,48.900001525878906,49.34999847412109,0.0,98251700
2010-04-20,43.17974853515625,0.0,49.75,0.0,49.880001068115234,49.43000030517578,49.77000045776367,0.0,69543700
2010-04-21,43.42274475097656,0.0,50.02999877929688,0.0,50.18999862670898,49.720001220703125,50.09000015258789,0.0,74748700
2010-04-22,43.665771484375,0.0,50.310001373291016,0.0,50.36000061035156,49.2599983215332,49.54999923706055,0.0,110477200
2010-04-23,43.8480339050293,0.0,50.52000045776367,0.0,50.56999969482422,50.09000015258789,50.29999923706055,0.0,77205200
2010-04-26,43.75259017944336,0.0,50.40999984741211,0.0,50.650001525878906,50.29999923706055,50.56999969482422,0.0,67361000
2010-04-27,42.82388305664063,0.0,49.34000015258789,0.0,50.43000030517578,49.209999084472656,50.209999084472656,0.0,112608000
2010-04-28,42.84990692138672,0.0,49.369998931884766,0.0,49.630001068115234,48.97999954223633,49.59999847412109,0.0,130082100
2010-04-29,43.59635543823242,0.0,50.22999954223633,0.0,50.33000183105469,49.61000061035156,49.650001525878906,0.0,84180200
2010-04-30,42.73709487915039,0.0,49.2400016784668,0.0,50.290000915527344,49.20000076293945,50.209999084472656,0.0,110897000
2010-05-03,43.33597183227539,0.0,49.93000030517578,0.0,50.16999816894531,49.43000030517578,49.45000076293945,0.0,74169700
2010-05-04,42.03407669067383,0.0,48.43000030517578,0.0,49.31999969482422,48.08000183105469,49.31999969482422,0.0,141136500
2010-05-05,41.81708526611328,0.0,48.18000030517578,0.0,48.5,47.63999938964844,47.91999816894531,0.0,128560200
2010-05-06,40.419715881347656,0.0,46.56999969482422,0.0,48.31999969482422,42.63999938964844,47.84999847412109,0.0,274356800
2010-05-07,39.41290664672852,0.0,45.40999984741211,0.0,46.79999923706055,44.27999877929688,46.220001220703125,0.0,288200400
2010-05-10,41.46123123168945,0.0,47.77000045776367,0.0,47.79999923706055,47.310001373291016,47.43000030517578,0.0,136041600
2010-05-11,41.41782760620117,0.0,47.720001220703125,0.0,48.38999938964844,47.20000076293945,47.290000915527344,0.0,113016100
2010-05-12,42.198974609375,0.0,48.619998931884766,0.0,48.65999984741211,47.900001525878906,47.97999954223633,0.0,85462400
2010-05-13,41.53065490722656,0.0,47.84999847412109,0.0,48.790000915527344,47.72999954223633,48.40999984741211,0.0,102844300
2010-05-14,40.732154846191406,0.0,46.93000030517578,0.0,47.52000045776367,46.380001068115234,47.4900016784668,0.0,147386100
2010-05-17,40.86236572265625,0.0,47.08000183105469,0.0,47.27000045776367,46.06999969482422,47.02000045776367,0.0,120969600
2010-05-18,40.29818344116211,0.0,46.43000030517578,0.0,47.58000183105469,46.220001220703125,47.47999954223633,0.0,153072100
2010-05-19,39.9770736694336,0.0,46.060001373291016,0.0,46.630001068115234,45.54999923706055,46.2599983215332,0.0,159000300
2010-05-20,38.49290084838867,0.0,44.34999847412109,0.0,45.27999877929688,44.25,45.15999984741211,0.0,189289800
2010-05-21,38.9182014465332,0.0,44.84000015258789,0.0,45.63999938964844,43.4900016784668,43.65999984741211,0.0,190631100
2010-05-24,38.761962890625,0.0,44.65999984741211,0.0,45.33000183105469,44.63999938964844,44.81999969482422,0.0,113038000
2010-05-25,38.79666519165039,0.0,44.70000076293945,0.0,44.7599983215332,43.22999954223633,43.68000030517578,0.0,155643000
2010-05-26,38.36270523071289,0.0,44.20000076293945,0.0,45.56999969482422,44.119998931884766,45.0099983215332,0.0,140203200
2010-05-27,39.81216812133789,0.0,45.869998931884766,0.0,45.88999938964844,45.09000015258789,45.20000076293945,0.0,110671600
2010-05-28,39.57782745361328,0.0,45.59999847412109,0.0,45.9900016784668,45.20000076293945,45.95000076293945,0.0,128535300
2010-06-01,39.21327972412109,0.0,45.18000030517578,0.0,46.25,45.130001068115234,45.43000030517578,0.0,104242700
2010-06-02,40.14197540283203,0.0,46.25,0.0,46.27999877929688,45.130001068115234,45.43999862670898,0.0,97249300
2010-06-03,40.52385711669922,0.0,46.68999862670898,0.0,46.77000045776367,46.08000183105469,46.380001068115234,0.0,98928400
2010-06-04,39.13516998291016,0.0,45.09000015258789,0.0,46.290000915527344,44.93999862670898,45.70000076293945,0.0,112849900
2010-06-07,38.423465728759766,0.0,44.27000045776367,0.0,45.459999084472656,44.220001220703125,45.31999969482422,0.0,88436600
2010-06-08,38.35403060913086,0.0,44.18999862670898,0.0,44.47999954223633,43.59000015258789,44.34999847412109,0.0,133030100
2010-06-09,38.03288650512695,0.0,43.81999969482422,0.0,44.90999984741211,43.68999862670898,44.5,0.0,101949200
2010-06-10,39.1177864074707,0.0,45.06999969482422,0.0,45.119998931884766,44.2400016784668,44.36000061035156,0.0,76892300
2010-06-11,39.49102020263672,0.0,45.5,0.0,45.540000915527344,44.61000061035156,44.61000061035156,0.0,74346800
2010-06-14,39.48233795166016,0.0,45.4900016784668,0.0,46.2400016784668,45.40999984741211,45.91999816894531,0.0,68085000
2010-06-15,40.54122161865234,0.0,46.709999084472656,0.0,46.77000045776367,45.45000076293945,45.72999954223633,0.0,76332600
2010-06-16,40.70611572265625,0.0,46.900001525878906,0.0,47.13999938964844,46.5,46.58000183105469,0.0,78399700
2010-06-17,40.8363037109375,0.0,47.04999923706055,0.0,47.18000030517578,46.63999938964844,47.15999984741211,0.0,77111900
2010-06-18,40.87022399902344,0.0,47.0,0.089,47.34000015258789,46.86000061035156,47.04999923706055,0.0,75921400
2010-06-21,40.52240753173828,0.0,46.59999847412109,0.0,47.68000030517578,46.33000183105469,47.59999847412109,0.0,95488100
2010-06-22,40.209354400634766,0.0,46.2400016784668,0.0,47.13999938964844,46.150001525878906,46.79999923706055,0.0,94493400
2010-06-23,40.04413986206055,0.0,46.04999923706055,0.0,46.470001220703125,45.68999862670898,46.290000915527344,0.0,92397600
2010-06-24,39.435428619384766,0.0,45.34999847412109,0.0,45.9900016784668,45.20000076293945,45.84999847412109,0.0,114145900
2010-06-25,39.44328308105469,0.0,45.27000045776367,0.089,45.65999984741211,44.95000076293945,45.5099983215332,0.0,88740300
2010-06-28,39.30387115478516,0.0,45.11000061035156,0.0,45.54999923706055,44.810001373291016,45.27000045776367,0.0,71350000
2010-06-29,37.78783416748047,0.0,43.369998931884766,0.0,44.459999084472656,43.06999969482422,44.41999816894531,0.0,136384200
2010-06-30,37.2127685546875,0.0,42.709999084472656,0.0,43.66999816894531,42.63999938964844,43.22999954223633,0.0,101313200
2010-07-01,37.10821533203125,0.0,42.59000015258789,0.0,42.959999084472656,41.77000045776367,42.84000015258789,0.0,158695000
2010-07-02,37.00365829467773,0.0,42.470001220703125,0.0,42.81999969482422,42.09000015258789,42.65999984741211,0.0,78565300
2010-07-06,37.11692810058594,0.0,42.59999847412109,0.0,43.369998931884766,42.25,43.09999847412109,0.0,88591900
2010-07-07,38.3018798828125,0.0,43.959999084472656,0.0,44.0099983215332,42.70000076293945,42.7400016784668,0.0,72448400
2010-07-08,38.510986328125,0.0,44.20000076293945,0.0,44.380001068115234,43.68000030517578,44.310001373291016,0.0,78264600
2010-07-09,38.87692260742188,0.0,44.619998931884766,0.0,44.630001068115234,44.08000183105469,44.18000030517578,0.0,47851200
2010-07-12,38.990196228027344,0.0,44.75,0.0,45.02999877929688,44.459999084472656,44.58000183105469,0.0,60927500
2010-07-13,39.49557113647461,0.0,45.33000183105469,0.0,45.5,44.79999923706055,45.13999938964844,0.0,93310500
2010-07-14,39.69594192504883,0.0,45.560001373291016,0.0,45.810001373291016,45.2400016784668,45.41999816894531,0.0,87687100
2010-07-15,39.73080062866211,0.0,45.59999847412109,0.0,45.7400016784668,44.9900016784668,45.470001220703125,0.0,95992500
2010-07-16,38.63296890258789,0.0,44.34000015258789,0.0,45.630001068115234,44.29999923706055,45.43999862670898,0.0,98831900
2010-07-19,38.96407318115234,0.0,44.720001220703125,0.0,44.810001373291016,44.09999847412109,44.470001220703125,0.0,81800800
2010-07-20,39.43455505371094,0.0,45.2599983215332,0.0,45.2599983215332,43.86000061035156,44.0,0.0,89061200
2010-07-21,38.89437103271485,0.0,44.63999938964844,0.0,45.7599983215332,44.560001373291016,45.7400016784668,0.0,83577000
2010-07-22,39.87892150878906,0.0,45.77000045776367,0.0,45.97999954223633,45.2400016784668,45.27000045776367,0.0,82890300
2010-07-23,40.13158416748047,0.0,46.060001373291016,0.0,46.09999847412109,45.380001068115234,45.459999084472656,0.0,81056100
2010-07-26,40.46268081665039,0.0,46.43999862670898,0.0,46.459999084472656,45.90999984741211,46.119998931884766,0.0,64850900
2010-07-27,40.44524383544922,0.0,46.41999816894531,0.0,46.720001220703125,46.209999084472656,46.63999938964844,0.0,67655600
2010-07-28,40.12287521362305,0.0,46.04999923706055,0.0,46.58000183105469,45.880001068115234,46.369998931884766,0.0,51988200
2010-07-29,39.826656341552734,0.0,45.709999084472656,0.0,46.40999984741211,45.25,46.31999969482422,0.0,85669500
2010-07-30,39.91377639770508,0.0,45.810001373291016,0.0,46.09000015258789,45.06999969482422,45.33000183105469,0.0,98958100
2010-08-02,40.66305541992188,0.0,46.66999816894531,0.0,46.790000915527344,46.209999084472656,46.38999938964844,0.0,68706800
2010-08-03,40.48882293701172,0.0,46.470001220703125,0.0,46.70000076293945,46.25,46.63999938964844,0.0,60856600
2010-08-04,40.89831161499024,0.0,46.93999862670898,0.0,46.9900016784668,46.5,46.68000030517578,0.0,43820600
2010-08-05,40.80247497558594,0.0,46.83000183105469,0.0,46.91999816894531,46.52000045776367,46.709999084472656,0.0,39150200
2010-08-06,40.741493225097656,0.0,46.7599983215332,0.0,46.84999847412109,46.04999923706055,46.31999969482422,0.0,71339200
2010-08-09,41.02030944824219,0.0,47.08000183105469,0.0,47.18999862670898,46.790000915527344,47.0,0.0,26927600
2010-08-10,40.66305541992188,0.0,46.66999816894531,0.0,46.95000076293945,46.27999877929688,46.70000076293945,0.0,86694500
2010-08-11,39.55652618408203,0.0,45.400001525878906,0.0,45.91999816894531,45.209999084472656,45.900001525878906,0.0,92219700
2010-08-12,39.24285888671875,0.0,45.040000915527344,0.0,45.2400016784668,44.45000076293945,44.52999877929688,0.0,66000200
2010-08-13,38.96407318115234,0.0,44.720001220703125,0.0,45.060001373291016,44.709999084472656,44.869998931884766,0.0,46387300
2010-08-16,39.03374481201172,0.0,44.79999923706055,0.0,45.11000061035156,44.29999923706055,44.5,0.0,55472900
2010-08-17,39.530399322509766,0.0,45.369998931884766,0.0,45.77999877929688,45.02999877929688,45.119998931884766,0.0,56927100
2010-08-18,39.68724822998047,0.0,45.54999923706055,0.0,45.81999969482422,45.11000061035156,45.27999877929688,0.0,61835400
2010-08-19,39.086036682128906,0.0,44.86000061035156,0.0,45.459999084472656,44.560001373291016,45.27999877929688,0.0,82969500
2010-08-20,39.138309478759766,0.0,44.91999816894531,0.0,45.02999877929688,44.540000915527344,44.790000915527344,0.0,65806700
2010-08-23,38.75495529174805,0.0,44.47999954223633,0.0,45.34000015258789,44.459999084472656,45.20000076293945,0.0,69612200
2010-08-24,38.03179168701172,0.0,43.650001525878906,0.0,44.119998931884766,43.470001220703125,43.970001220703125,0.0,79095800
2010-08-25,38.397735595703125,0.0,44.06999969482422,0.0,44.2599983215332,43.27000045776367,43.34000015258789,0.0,87247900
2010-08-26,37.93593215942383,0.0,43.540000915527344,0.0,44.31999969482422,43.5,44.220001220703125,0.0,91199000
2010-08-27,38.397735595703125,0.0,44.06999969482422,0.0,44.15999984741211,42.970001220703125,43.86000061035156,0.0,109568800
2010-08-30,37.996917724609375,0.0,43.61000061035156,0.0,44.25,43.59999847412109,43.86000061035156,0.0,49373200
2010-08-31,37.8662338256836,0.0,43.459999084472656,0.0,43.84999847412109,43.18000030517578,43.380001068115234,0.0,72066900
2010-09-01,38.99892807006836,0.0,44.7599983215332,0.0,44.90999984741211,44.06999969482422,44.09999847412109,0.0,83523100
2010-09-02,39.43455505371094,0.0,45.2599983215332,0.0,45.27999877929688,44.72999954223633,44.84000015258789,0.0,41816800
2010-09-03,40.0880126953125,0.0,46.0099983215332,0.0,46.02000045776367,45.54999923706055,45.7599983215332,0.0,64041100
2010-09-07,39.81792068481445,0.0,45.70000076293945,0.0,46.02999877929688,45.630001068115234,45.81999969482422,0.0,51195200
2010-09-08,40.2971305847168,0.0,46.25,0.0,46.45000076293945,45.81999969482422,45.83000183105469,0.0,66879800
2010-09-09,40.45396041870117,0.0,46.43000030517578,0.0,46.70000076293945,46.31999969482422,46.65999984741211,0.0,61476400
2010-09-10,40.60208511352539,0.0,46.59999847412109,0.0,46.66999816894531,46.25,46.47999954223633,0.0,66995700
2010-09-13,41.16842651367188,0.0,47.25,0.0,47.369998931884766,46.93999862670898,46.959999084472656,0.0,64523400
2010-09-14,41.34267807006836,0.0,47.45000076293945,0.0,47.70000076293945,47.08000183105469,47.18999862670898,0.0,91405800
2010-09-15,41.60407638549805,0.0,47.75,0.0,47.79999923706055,47.18999862670898,47.33000183105469,0.0,67108200
2010-09-16,41.76961898803711,0.0,47.93999862670898,0.0,47.97999954223633,47.540000915527344,47.65999984741211,0.0,66885800
2010-09-17,41.91108703613281,0.0,47.9900016784668,0.112,48.13999938964844,47.75,48.13999938964844,0.0,76372600
2010-09-20,42.64469146728516,0.0,48.83000183105469,0.0,48.93000030517578,48.11000061035156,48.16999816894531,0.0,84475000
2010-09-21,42.63595962524414,0.0,48.81999969482422,0.0,49.16999816894531,48.61000061035156,48.86000061035156,0.0,82272000
2010-09-22,42.52240753173828,0.0,48.68999862670898,0.0,49.02000045776367,48.41999816894531,48.619998931884766,0.0,88315900
2010-09-23,42.50495147705078,0.0,48.66999816894531,0.0,49.15999984741211,48.31999969482422,48.369998931884766,0.0,85040000
2010-09-24,43.36956405639648,0.0,49.65999984741211,0.0,49.68999862670898,49.150001525878906,49.220001220703125,0.0,79495900
2010-09-27,43.13374328613281,0.0,49.38999938964844,0.0,49.75,49.34999847412109,49.630001068115234,0.0,43859800
2010-09-28,43.11629486083984,0.0,49.369998931884766,0.0,49.540000915527344,48.59000015258789,49.5099983215332,0.0,104922900
2010-09-29,43.046424865722656,0.0,49.290000915527344,0.0,49.52999877929688,49.11000061035156,49.29999923706055,0.0,81679200
2010-09-30,42.854278564453125,0.0,49.06999969482422,0.0,49.84000015258789,48.75,49.540000915527344,0.0,122458600
2010-10-01,42.80188751220703,0.0,49.0099983215332,0.0,49.52999877929688,48.77999877929688,49.47999954223633,0.0,77675400
2010-10-04,42.33902740478516,0.0,48.47999954223633,0.0,49.04999923706055,48.20000076293945,48.869998931884766,0.0,71359900
2010-10-05,43.36956405639648,0.0,49.65999984741211,0.0,49.7599983215332,49.0,49.02999877929688,0.0,99301300
2010-10-06,42.99401092529297,0.0,49.22999954223633,0.0,49.709999084472656,48.90999984741211,49.59999847412109,0.0,81831200
2010-10-07,43.1512336730957,0.0,49.40999984741211,0.0,49.540000915527344,49.0,49.5099983215332,0.0,75693300
2010-10-08,43.44813919067383,0.0,49.75,0.0,49.869998931884766,49.08000183105469,49.43000030517578,0.0,83223900
2010-10-11,43.46561813354492,0.0,49.77000045776367,0.0,50.02000045776367,49.619998931884766,49.77999877929688,0.0,46880000
2010-10-12,43.76255798339844,0.0,50.11000061035156,0.0,50.209999084472656,49.2599983215332,49.68999862670898,0.0,88571700
2010-10-13,44.12060928344727,0.0,50.52000045776367,0.0,50.75,50.27999877929688,50.43000030517578,0.0,71122900
2010-10-14,44.03328323364258,0.0,50.41999816894531,0.0,50.63999938964844,50.16999816894531,50.54999923706055,0.0,68464000
2010-10-15,44.96774291992188,0.0,51.4900016784668,0.0,51.5,50.630001068115234,51.040000915527344,0.0,104654000
2010-10-18,44.80180358886719,0.0,51.29999923706055,0.0,51.720001220703125,51.29999923706055,51.5,0.0,72399400
2010-10-19,44.382625579833984,0.0,50.81999969482422,0.0,51.29999923706055,50.41999816894531,50.81999969482422,0.0,105739800
2010-10-20,44.70574951171875,0.0,51.18999862670898,0.0,51.56999969482422,50.869998931884766,50.959999084472656,0.0,80861400
2010-10-21,44.7930908203125,0.0,51.290000915527344,0.0,51.709999084472656,50.790000915527344,51.5099983215332,0.0,85885400
2010-10-22,45.098751068115234,0.0,51.63999938964844,0.0,51.68999862670898,51.209999084472656,51.29999923706055,0.0,47406900
2010-10-25,45.31707000732422,0.0,51.88999938964844,0.0,52.22999954223633,51.84999847412109,51.84999847412109,0.0,51413900
2010-10-26,45.43934631347656,0.0,52.02999877929688,0.0,52.150001525878906,51.41999816894531,51.630001068115234,0.0,60498300
2010-10-27,45.57906723022461,0.0,52.18999862670898,0.0,52.22999954223633,51.65999984741211,51.7599983215332,0.0,57483400
2010-10-28,45.67513656616211,0.0,52.29999923706055,0.0,52.45000076293945,51.84000015258789,52.40999984741211,0.0,61220000
2010-10-29,45.570350646972656,0.0,52.18000030517578,0.0,52.4900016784668,52.16999816894531,52.29999923706055,0.0,46668700
2010-11-01,45.60527801513672,0.0,52.220001220703125,0.0,52.75,51.97999954223633,52.369998931884766,0.0,60555600
2010-11-02,46.09434127807617,0.0,52.77999877929688,0.0,52.93000030517578,52.58000183105469,52.650001525878906,0.0,48137500
2010-11-03,46.3039436340332,0.0,53.02000045776367,0.0,53.040000915527344,52.36000061035156,52.83000183105469,0.0,126225800
2010-11-04,46.87159729003906,0.0,53.66999816894531,0.0,53.86000061035156,53.5,53.59999847412109,0.0,84201000
2010-11-05,46.87159729003906,0.0,53.66999816894531,0.0,53.810001373291016,53.5099983215332,53.70000076293945,0.0,77937100
2010-11-08,46.932735443115234,0.0,53.7400016784668,0.0,53.83000183105469,53.45000076293945,53.58000183105469,0.0,39623500
2010-11-09,46.679466247558594,0.0,53.45000076293945,0.0,54.040000915527344,53.209999084472656,53.95000076293945,0.0,66828700
2010-11-10,46.9152717590332,0.0,53.720001220703125,0.0,53.77000045776367,53.09999847412109,53.52000045776367,0.0,83553700
2010-11-11,46.61834335327149,0.0,53.380001068115234,0.0,53.47999954223633,52.65999984741211,52.90999984741211,0.0,85163600
2010-11-12,45.85853958129883,0.0,52.5099983215332,0.0,53.369998931884766,52.11000061035156,53.09999847412109,0.0,99164300
2010-11-15,45.68387222290039,0.0,52.310001373291016,0.0,52.880001068115234,52.290000915527344,52.77999877929688,0.0,56723400
2010-11-16,44.93282699584961,0.0,51.45000076293945,0.0,52.25,50.84999847412109,51.93999862670898,0.0,101097000
2010-11-17,45.06379699707031,0.0,51.59999847412109,0.0,51.869998931884766,51.34999847412109,51.47999954223633,0.0,77836200
2010-11-18,45.78867721557617,0.0,52.43000030517578,0.0,52.790000915527344,52.130001068115234,52.15999984741211,0.0,71488300
2010-11-19,45.8236083984375,0.0,52.470001220703125,0.0,52.59000015258789,52.13999938964844,52.36000061035156,0.0,54506100
2010-11-22,46.20785903930664,0.0,52.90999984741211,0.0,52.90999984741211,52.16999816894531,52.2599983215332,0.0,69918900
2010-11-23,45.47428131103516,0.0,52.06999969482422,0.0,52.45000076293945,51.77000045776367,52.369998931884766,0.0,76818300
2010-11-24,46.39127731323242,0.0,53.119998931884766,0.0,53.25,52.560001373291016,52.58000183105469,0.0,53444200
2010-11-26,46.08562088012695,0.0,52.77000045776367,0.0,53.130001068115234,52.66999816894531,52.77999877929688,0.0,23640300
2010-11-29,46.05067825317383,0.0,52.72999954223633,0.0,52.900001525878906,52.09999847412109,52.70000076293945,0.0,89269100
2010-11-30,45.49174880981445,0.0,52.09000015258789,0.0,52.7400016784668,51.880001068115234,52.18000030517578,0.0,118862100
2010-12-01,46.45241165161133,0.0,53.18999862670898,0.0,53.459999084472656,52.84000015258789,52.86000061035156,0.0,81758800
2010-12-02,46.924015045166016,0.0,53.72999954223633,0.0,53.810001373291016,53.209999084472656,53.27000045776367,0.0,56844600
2010-12-03,47.04627227783203,0.0,53.869998931884766,0.0,53.93999862670898,53.5,53.5,0.0,38014200
2010-12-06,47.0287971496582,0.0,53.84999847412109,0.0,53.95000076293945,53.68000030517578,53.880001068115234,0.0,39312000
2010-12-07,47.05500030517578,0.0,53.880001068115234,0.0,54.52000045776367,53.81999969482422,54.5,0.0,59067300
2010-12-08,47.22969055175781,0.0,54.08000183105469,0.0,54.150001525878906,53.68999862670898,54.02000045776367,0.0,48066900
2010-12-09,47.27332305908203,0.0,54.130001068115234,0.0,54.43999862670898,53.95000076293945,54.40999984741211,0.0,51679800
2010-12-10,47.58773422241211,0.0,54.4900016784668,0.0,54.54999923706055,54.09000015258789,54.290000915527344,0.0,44696200
2010-12-13,47.42180633544922,0.0,54.29999923706055,0.0,54.7400016784668,54.27000045776367,54.70000076293945,0.0,53110200
2010-12-14,47.50912857055664,0.0,54.400001525878906,0.0,54.619998931884766,54.22999954223633,54.43999862670898,0.0,69884800
2010-12-15,47.299537658691406,0.0,54.15999984741211,0.0,54.70000076293945,54.02999877929688,54.369998931884766,0.0,76951900
2010-12-16,47.66633605957031,0.0,54.58000183105469,0.0,54.65999984741211,54.060001373291016,54.209999084472656,0.0,65519400
2010-12-17,47.70833206176758,0.0,54.52000045776367,0.108,54.68000030517578,54.40999984741211,54.540000915527344,0.0,36844200
2010-12-20,47.74332809448242,0.0,54.560001373291016,0.0,54.7599983215332,54.15999984741211,54.619998931884766,0.0,48159600
2010-12-21,48.032108306884766,0.0,54.88999938964844,0.0,54.88999938964844,54.619998931884766,54.77000045776367,0.0,35775400
2010-12-22,48.02336502075195,0.0,54.880001068115234,0.0,54.959999084472656,54.790000915527344,54.869998931884766,0.0,35766500
2010-12-23,47.90084838867188,0.0,54.7400016784668,0.0,54.869998931884766,54.61000061035156,54.77999877929688,0.0,21664800
2010-12-27,47.92711639404297,0.0,54.77000045776367,0.0,54.86000061035156,54.209999084472656,54.58000183105469,0.0,29263700
2010-12-28,47.83959579467773,0.0,54.66999816894531,0.0,54.91999816894531,54.54999923706055,54.880001068115234,0.0,24160500
2010-12-29,47.944610595703125,0.0,54.790000915527344,0.0,54.900001525878906,54.72999954223633,54.81999969482422,0.0,24132700
2010-12-30,47.83085632324219,0.0,54.65999984741211,0.0,54.79999923706055,54.54999923706055,54.790000915527344,0.0,27553300
2010-12-31,47.65583419799805,0.0,54.459999084472656,0.0,54.619998931884766,54.209999084472656,54.59000015258789,0.0,38540100
2011-01-03,48.3996467590332,0.0,55.310001373291016,0.0,55.68999862670898,54.95000076293945,54.970001220703125,0.0,90994300
2011-01-04,48.364627838134766,0.0,55.27000045776367,0.0,55.54999923706055,54.91999816894531,55.5099983215332,0.0,43851500
2011-01-05,48.77591323852539,0.0,55.7400016784668,0.0,55.7599983215332,55.06999969482422,55.09999847412109,0.0,43787400
2011-01-06,48.93341445922852,0.0,55.91999816894531,0.0,55.959999084472656,55.68000030517578,55.79999923706055,0.0,46139600
2011-01-07,48.88966751098633,0.0,55.869998931884766,0.0,56.04999923706055,55.31999969482422,56.02000045776367,0.0,72261700
2011-01-10,49.07343292236328,0.0,56.08000183105469,0.0,56.18000030517578,55.58000183105469,55.75,0.0,55551800
2011-01-11,49.1434440612793,0.0,56.15999984741211,0.0,56.36000061035156,55.95000076293945,56.310001373291016,0.0,56663800
2011-01-12,49.49347305297852,0.0,56.560001373291016,0.0,56.560001373291016,56.20000076293945,56.43000030517578,0.0,51979300
2011-01-13,49.5109748840332,0.0,56.58000183105469,0.0,56.72999954223633,56.40999984741211,56.59999847412109,0.0,47364500
2011-01-14,49.87849426269531,0.0,57.0,0.0,57.02000045776367,56.459999084472656,56.59999847412109,0.0,43867400
2011-01-18,50.01850128173828,0.0,57.15999984741211,0.0,57.22999954223633,56.4900016784668,56.56999969482422,0.0,65805600
2011-01-19,49.44971084594727,0.0,56.5099983215332,0.0,57.2599983215332,56.31999969482422,57.2599983215332,0.0,67767200
2011-01-20,49.09968566894531,0.0,56.11000061035156,0.0,56.34999847412109,55.68000030517578,56.27000045776367,0.0,92357800
2011-01-21,48.723392486572266,0.0,55.68000030517578,0.0,56.4900016784668,55.650001525878906,56.38999938964844,0.0,59673300
2011-01-24,49.397193908691406,0.0,56.45000076293945,0.0,56.459999084472656,55.68000030517578,55.790000915527344,0.0,64103300
2011-01-25,49.46721267700195,0.0,56.52999877929688,0.0,56.54999923706055,56.04999923706055,56.16999816894531,0.0,55305100
2011-01-26,49.7297248840332,0.0,56.83000183105469,0.0,56.97999954223633,56.45000076293945,56.61000061035156,0.0,60547700
2011-01-27,50.03599548339844,0.0,57.18000030517578,0.0,57.34999847412109,56.91999816894531,57.0099983215332,0.0,53656100
2011-01-28,48.76715850830078,0.0,55.72999954223633,0.0,57.220001220703125,55.470001220703125,57.16999816894531,0.0,123359900
2011-01-31,49.00343322753906,0.0,56.0,0.0,56.15999984741211,55.38999938964844,55.810001373291016,0.0,70571300
2011-02-01,49.9222526550293,0.0,57.04999923706055,0.0,57.18000030517578,56.36000061035156,56.41999816894531,0.0,76952900
2011-02-02,49.843482971191406,0.0,56.959999084472656,0.0,57.16999816894531,56.84000015258789,56.93000030517578,0.0,48661000
2011-02-03,49.9310188293457,0.0,57.060001373291016,0.0,57.13999938964844,56.400001525878906,56.84999847412109,0.0,45341900
2011-02-04,50.21100997924805,0.0,57.380001068115234,0.0,57.41999816894531,56.900001525878906,57.04999923706055,0.0,47647800
2011-02-07,50.44729232788086,0.0,57.650001525878906,0.0,57.970001220703125,57.400001525878906,57.4900016784668,0.0,45627100
2011-02-08,50.7798080444336,0.0,58.02999877929688,0.0,58.06999969482422,57.560001373291016,57.66999816894531,0.0,38099900
2011-02-09,50.692291259765625,0.0,57.93000030517578,0.0,58.119998931884766,57.75,57.93999862670898,0.0,62540800
2011-02-10,50.77104949951172,0.0,58.02000045776367,0.0,58.09999847412109,57.4900016784668,57.54999923706055,0.0,70194700
2011-02-11,51.13858413696289,0.0,58.43999862670898,0.0,58.47999954223633,57.77000045776367,57.84999847412109,0.0,47853500
2011-02-14,51.2610969543457,0.0,58.58000183105469,0.0,58.65999984741211,58.380001068115234,58.43999862670898,0.0,48506100
2011-02-15,51.19108581542969,0.0,58.5,0.0,58.56999969482422,58.22999954223633,58.43999862670898,0.0,39723800
2011-02-16,51.52360534667969,0.0,58.880001068115234,0.0,59.040000915527344,58.630001068115234,58.650001525878906,0.0,53061700
2011-02-17,51.50609970092773,0.0,58.86000061035156,0.0,58.970001220703125,58.54999923706055,58.59000015258789,0.0,38361900
2011-02-18,51.39232635498047,0.0,58.72999954223633,0.0,58.970001220703125,58.5099983215332,58.86000061035156,0.0,44334300
2011-02-22,49.90473556518555,0.0,57.02999877929688,0.0,58.130001068115234,56.93999862670898,57.93000030517578,0.0,92598100
2011-02-23,49.49347305297852,0.0,56.560001373291016,0.0,57.22999954223633,56.130001068115234,57.02999877929688,0.0,97842900
2011-02-24,49.755977630615234,0.0,56.86000061035156,0.0,57.02999877929688,56.13999938964844,56.68000030517578,0.0,98716100
2011-02-25,50.44729232788086,0.0,57.650001525878906,0.0,57.720001220703125,57.119998931884766,57.18000030517578,0.0,54094600
2011-02-28,50.552284240722656,0.0,57.77000045776367,0.0,58.04999923706055,57.43000030517578,57.880001068115234,0.0,51402800
2011-03-01,49.73847579956055,0.0,56.84000015258789,0.0,58.02000045776367,56.70000076293945,58.02000045776367,0.0,91993900
2011-03-02,50.00100326538086,0.0,57.13999938964844,0.0,57.5099983215332,56.790000915527344,56.810001373291016,0.0,61552900
2011-03-03,50.98982620239258,0.0,58.27000045776367,0.0,58.369998931884766,57.66999816894531,57.66999816894531,0.0,64146600
2011-03-04,50.727298736572266,0.0,57.970001220703125,0.0,58.2599983215332,57.59000015258789,58.25,0.0,62328400
2011-03-07,50.04474639892578,0.0,57.18999862670898,0.0,58.2599983215332,56.66999816894531,58.209999084472656,0.0,98470000
2011-03-08,50.24601745605469,0.0,57.41999816894531,0.0,57.68000030517578,56.77000045776367,57.119998931884766,0.0,62399100
2011-03-09,49.90473556518555,0.0,57.02999877929688,0.0,57.27000045776367,56.720001220703125,57.209999084472656,0.0,84764200
2011-03-10,49.12594985961914,0.0,56.13999938964844,0.0,56.52000045776367,55.90999984741211,56.38999938964844,0.0,102894400
2011-03-11,49.43219375610352,0.0,56.4900016784668,0.0,56.65999984741211,55.81999969482422,55.81999969482422,0.0,81679400
2011-03-14,49.25720977783203,0.0,56.290000915527344,0.0,56.59000015258789,55.86000061035156,56.18000030517578,0.0,73565800
2011-03-15,48.55714416503906,0.0,55.4900016784668,0.0,55.81999969482422,54.470001220703125,54.63999938964844,0.0,101276500
2011-03-16,47.384559631347656,0.0,54.150001525878906,0.0,55.34000015258789,53.77000045776367,55.02999877929688,0.0,176507700
2011-03-17,47.82209396362305,0.0,54.650001525878906,0.0,55.2400016784668,54.130001068115234,55.0099983215332,0.0,94434500
2011-03-18,47.71431350708008,0.0,54.45000076293945,0.077,55.220001220703125,54.40999984741211,55.220001220703125,0.0,94887200
2011-03-21,48.63441467285156,0.0,55.5,0.0,55.77999877929688,54.5,55.27999877929688,0.0,57423000
2011-03-22,48.54679870605469,0.0,55.400001525878906,0.0,55.61000061035156,55.27999877929688,55.58000183105469,0.0,36162100
2011-03-23,48.818450927734375,0.0,55.709999084472656,0.0,55.869998931884766,54.81999969482422,55.20000076293945,0.0,60365100
2011-03-24,49.68598556518555,0.0,56.70000076293945,0.0,56.81999969482422,55.81999969482422,56.130001068115234,0.0,69502400
2011-03-25,49.80866241455078,0.0,56.84000015258789,0.0,57.220001220703125,56.72999954223633,56.880001068115234,0.0,74131100
2011-03-28,49.53702926635742,0.0,56.52999877929688,0.0,57.09999847412109,56.5,57.09000015258789,0.0,37824000
2011-03-29,50.01897430419922,0.0,57.08000183105469,0.0,57.08000183105469,56.22999954223633,56.400001525878906,0.0,47994800
2011-03-30,50.25556564331055,0.0,57.34999847412109,0.0,57.43000030517578,57.08000183105469,57.36000061035156,0.0,44935900
2011-03-31,50.325679779052734,0.0,57.43000030517578,0.0,57.47999954223633,57.150001525878906,57.25,0.0,50004300
2011-04-01,50.351959228515625,0.0,57.459999084472656,0.0,57.900001525878906,57.290000915527344,57.720001220703125,0.0,68031800
2011-04-04,50.18546295166016,0.0,57.27000045776367,0.0,57.68000030517578,57.02000045776367,57.619998931884766,0.0,48659100
2011-04-05,50.054012298583984,0.0,57.119998931884766,0.0,57.4900016784668,57.0,57.15999984741211,0.0,55349400
2011-04-06,50.17670440673828,0.0,57.2599983215332,0.0,57.72999954223633,56.93000030517578,57.560001373291016,0.0,49532100
2011-04-07,50.14164733886719,0.0,57.220001220703125,0.0,57.59999847412109,56.810001373291016,57.2400016784668,0.0,60697000
2011-04-08,49.90505599975586,0.0,56.95000076293945,0.0,57.56999969482422,56.650001525878906,57.47999954223633,0.0,42782200
2011-04-11,49.738555908203125,0.0,56.7599983215332,0.0,57.290000915527344,56.560001373291016,57.16999816894531,0.0,42451700
2011-04-12,49.39680099487305,0.0,56.369998931884766,0.0,56.63999938964844,56.150001525878906,56.5,0.0,50422800
2011-04-13,49.81741714477539,0.0,56.84999847412109,0.0,57.0,56.400001525878906,56.790000915527344,0.0,49979800
2011-04-14,49.72977828979492,0.0,56.75,0.0,56.83000183105469,56.22999954223633,56.459999084472656,0.0,53544100
2011-04-15,49.64215087890625,0.0,56.650001525878906,0.0,56.869998931884766,56.27999877929688,56.52999877929688,0.0,68530000
2011-04-18,49.29165267944336,0.0,56.25,0.0,56.27000045776367,55.31999969482422,56.08000183105469,0.0,69065000
2011-04-19,49.59834289550781,0.0,56.59999847412109,0.0,56.59999847412109,56.09999847412109,56.400001525878906,0.0,38608400
2011-04-20,50.72001266479492,0.0,57.880001068115234,0.0,57.93999862670898,57.52999877929688,57.59999847412109,0.0,67397500
2011-04-21,51.12312316894531,0.0,58.34000015258789,0.0,58.470001220703125,58.15999984741211,58.43999862670898,0.0,43666800
2011-04-25,51.25454711914063,0.0,58.4900016784668,0.0,58.52000045776367,58.27999877929688,58.38999938964844,0.0,25376800
2011-04-26,51.5437126159668,0.0,58.81999969482422,0.0,59.02999877929688,58.5099983215332,58.63999938964844,0.0,49400000
2011-04-27,51.89425277709961,0.0,59.220001220703125,0.0,59.290000915527344,58.65999984741211,58.93000030517578,0.0,56465500
2011-04-28,51.81538009643555,0.0,59.130001068115234,0.0,59.22999954223633,58.880001068115234,59.040000915527344,0.0,48100000
2011-04-29,51.77156829833984,0.0,59.08000183105469,0.0,59.290000915527344,58.97999954223633,59.02000045776367,0.0,44831200
2011-05-02,51.6751708984375,0.0,58.970001220703125,0.0,59.34000015258789,58.81999969482422,59.16999816894531,0.0,48149400
2011-05-03,51.42979049682617,0.0,58.68999862670898,0.0,59.0,58.33000183105469,58.93999862670898,0.0,38100000
2011-05-04,51.3509407043457,0.0,58.59999847412109,0.0,58.869998931884766,58.11000061035156,58.720001220703125,0.0,53097200
2011-05-05,51.070533752441406,0.0,58.27999877929688,0.0,58.970001220703125,58.08000183105469,58.310001373291016,0.0,72200000
2011-05-06,51.23702621459961,0.0,58.470001220703125,0.0,59.20000076293945,58.310001373291016,58.86000061035156,0.0,72507000
2011-05-09,51.42979049682617,0.0,58.68999862670898,0.0,58.91999816894531,58.34000015258789,58.56999969482422,0.0,40022000
2011-05-10,51.867958068847656,0.0,59.18999862670898,0.0,59.27999877929688,58.77999877929688,58.86000061035156,0.0,38053600
2011-05-11,51.49114990234375,0.0,58.7599983215332,0.0,59.310001373291016,58.36000061035156,59.09999847412109,0.0,61900000
2011-05-12,51.79785537719727,0.0,59.11000061035156,0.0,59.18999862670898,58.2400016784668,58.58000183105469,0.0,66100000
2011-05-13,51.1844596862793,0.0,58.40999984741211,0.0,59.06999969482422,58.38999938964844,58.970001220703125,0.0,63506600
2011-05-16,50.29938888549805,0.0,57.400001525878906,0.0,58.31999969482422,57.27000045776367,58.13999938964844,0.0,73115300
2011-05-17,50.43959426879883,0.0,57.560001373291016,0.0,57.56999969482422,56.97999954223633,57.09999847412109,0.0,63136000
2011-05-18,50.86022186279297,0.0,58.040000915527344,0.0,58.13999938964844,57.40999984741211,57.47999954223633,0.0,42351100
2011-05-19,51.009185791015625,0.0,58.209999084472656,0.0,58.34000015258789,57.84999847412109,58.220001220703125,0.0,35015800
2011-05-20,50.62361526489258,0.0,57.77000045776367,0.0,58.209999084472656,57.68999862670898,58.150001525878906,0.0,44703300
2011-05-23,49.87874603271485,0.0,56.91999816894531,0.0,57.150001525878906,56.650001525878906,56.97999954223633,0.0,43700000
2011-05-24,49.57207489013672,0.0,56.56999969482422,0.0,57.06999969482422,56.560001373291016,57.060001373291016,0.0,39314800
2011-05-25,49.76483154296875,0.0,56.790000915527344,0.0,57.060001373291016,56.470001220703125,56.5,0.0,41369000
2011-05-26,50.071556091308594,0.0,57.13999938964844,0.0,57.29999923706055,56.61000061035156,56.619998931884766,0.0,40564100
2011-05-27,50.325679779052734,0.0,57.43000030517578,0.0,57.4900016784668,57.18999862670898,57.2400016784668,0.0,30127200
2011-05-31,51.14061737060547,0.0,58.36000061035156,0.0,58.36000061035156,57.66999816894531,57.970001220703125,0.0,47590100
2011-06-01,50.02774429321289,0.0,57.09000015258789,0.0,58.36000061035156,57.040000915527344,58.220001220703125,0.0,51795000
2011-06-02,50.13289642333984,0.0,57.209999084472656,0.0,57.40999984741211,56.88999938964844,57.20000076293945,0.0,50198100
2011-06-03,49.3792724609375,0.0,56.34999847412109,0.0,56.9900016784668,56.27000045776367,56.54999923706055,0.0,57773700
2011-06-06,48.97618103027344,0.0,55.88999938964844,0.0,56.52999877929688,55.86000061035156,56.220001220703125,0.0,50175600
2011-06-07,48.88853073120117,0.0,55.790000915527344,0.0,56.2599983215332,55.75,56.040000915527344,0.0,46311100
2011-06-08,48.53803253173828,0.0,55.38999938964844,0.0,55.77000045776367,55.22999954223633,55.66999816894531,0.0,46426400
2011-06-09,48.62566757202149,0.0,55.4900016784668,0.0,55.7599983215332,55.22999954223633,55.40999984741211,0.0,45307500
2011-06-10,47.88080596923828,0.0,54.63999938964844,0.0,55.34000015258789,54.59000015258789,55.22999954223633,0.0,53740600
2011-06-13,47.88080596923828,0.0,54.63999938964844,0.0,54.93000030517578,54.45000076293945,54.66999816894531,0.0,37736800
2011-06-14,48.49422073364258,0.0,55.34000015258789,0.0,55.470001220703125,55.02999877929688,55.060001373291016,0.0,40565300
2011-06-15,47.574100494384766,0.0,54.290000915527344,0.0,55.150001525878906,54.18000030517578,54.810001373291016,0.0,59022400
2011-06-16,47.39009094238281,0.0,54.08000183105469,0.0,54.5,53.619998931884766,54.31999969482422,0.0,66316200
2011-06-17,47.24164962768555,0.0,53.790000915527344,0.121,54.59999847412109,53.630001068115234,54.400001525878906,0.0,70337000
2011-06-20,47.48756790161133,0.0,54.06999969482422,0.0,54.22999954223633,53.63999938964844,53.63999938964844,0.0,37402900
2011-06-21,48.50635528564453,0.0,55.22999954223633,0.0,55.290000915527344,54.02999877929688,54.2599983215332,0.0,55892800
2011-06-22,48.15504837036133,0.0,54.83000183105469,0.0,55.31999969482422,54.81999969482422,55.0,0.0,36833300
2011-06-23,48.602970123291016,0.0,55.34000015258789,0.0,55.369998931884766,54.060001373291016,54.2400016784668,0.0,80743300
2011-06-24,47.75982666015625,0.0,54.380001068115234,0.0,55.130001068115234,54.27000045776367,55.08000183105469,0.0,56298300
2011-06-27,48.523921966552734,0.0,55.25,0.0,55.52999877929688,54.31999969482422,54.43999862670898,0.0,49968900
2011-06-28,49.24408721923828,0.0,56.06999969482422,0.0,56.08000183105469,55.290000915527344,55.369998931884766,0.0,47028800
2011-06-29,49.44611358642578,0.0,56.29999923706055,0.0,56.40999984741211,55.900001525878906,56.20000076293945,0.0,65407300
2011-06-30,50.10478973388672,0.0,57.04999923706055,0.0,57.09000015258789,56.470001220703125,56.5,0.0,50347200
2011-07-01,50.860084533691406,0.0,57.90999984741211,0.0,57.9900016784668,56.91999816894531,57.08000183105469,0.0,53203900
2011-07-05,51.11476516723633,0.0,58.20000076293945,0.0,58.2599983215332,57.83000183105469,57.970001220703125,0.0,43128800
2011-07-06,51.28165817260742,0.0,58.38999938964844,0.0,58.4900016784668,57.93999862670898,58.130001068115234,0.0,49282700
2011-07-07,51.98427200317383,0.0,59.18999862670898,0.0,59.36000061035156,58.7400016784668,58.83000183105469,0.0,54799800
2011-07-08,51.843746185302734,0.0,59.02999877929688,0.0,59.040000915527344,58.369998931884766,58.68000030517578,0.0,69519500
2011-07-11,50.90401077270508,0.0,57.959999084472656,0.0,58.709999084472656,57.7599983215332,58.40999984741211,0.0,52080800
2011-07-12,50.517578125,0.0,57.52000045776367,0.0,58.06999969482422,57.459999084472656,57.95000076293945,0.0,84000700
2011-07-13,50.728363037109375,0.0,57.7599983215332,0.0,58.34000015258789,57.54999923706055,57.93999862670898,0.0,82378100
2011-07-14,50.139915466308594,0.0,57.09000015258789,0.0,58.18000030517578,56.869998931884766,57.90999984741211,0.0,98774200
2011-07-15,50.80738830566406,0.0,57.84999847412109,0.0,57.84999847412109,57.310001373291016,57.72999954223633,0.0,68281500
2011-07-18,50.53514099121094,0.0,57.540000915527344,0.0,57.790000915527344,56.97999954223633,57.52999877929688,0.0,59512200
2011-07-19,51.68564987182617,0.0,58.84999847412109,0.0,58.900001525878906,58.09000015258789,58.09000015258789,0.0,73904600
2011-07-20,51.46609878540039,0.0,58.59999847412109,0.0,59.18999862670898,58.5,59.18000030517578,0.0,57085500
2011-07-21,51.80862045288086,0.0,58.9900016784668,0.0,59.31999969482422,58.34000015258789,58.65999984741211,0.0,70148800
2011-07-22,52.34434509277344,0.0,59.59999847412109,0.0,59.70000076293945,58.91999816894531,58.959999084472656,0.0,43620400
2011-07-25,52.23894882202149,0.0,59.47999954223633,0.0,59.810001373291016,59.02000045776367,59.130001068115234,0.0,48916100
2011-07-26,52.37071228027344,0.0,59.630001068115234,0.0,59.83000183105469,59.31999969482422,59.43999862670898,0.0,40918900
2011-07-27,51.01818084716797,0.0,58.09000015258789,0.0,59.290000915527344,57.93999862670898,59.2400016784668,0.0,83969500
2011-07-28,51.105995178222656,0.0,58.18999862670898,0.0,58.93000030517578,57.88999938964844,58.119998931884766,0.0,61031900
2011-07-29,50.93913650512695,0.0,58.0,0.0,58.61000061035156,57.43999862670898,57.720001220703125,0.0,82860500
2011-08-01,50.70201873779297,0.0,57.72999954223633,0.0,58.81999969482422,57.02999877929688,58.70000076293945,0.0,85421100
2011-08-02,49.41975784301758,0.0,56.27000045776367,0.0,57.720001220703125,56.209999084472656,57.459999084472656,0.0,90853300
2011-08-03,49.89399719238281,0.0,56.810001373291016,0.0,56.880001068115234,55.34999847412109,56.34000015258789,0.0,103612300
2011-08-04,47.57540512084961,0.0,54.16999816894531,0.0,56.09000015258789,54.16999816894531,56.0,0.0,132830000
2011-08-05,47.27679443359375,0.0,53.83000183105469,0.0,55.02999877929688,52.31999969482422,54.720001220703125,0.0,214111800
2011-08-08,44.43122100830078,0.0,50.59000015258789,0.0,53.119998931884766,50.59000015258789,52.18000030517578,0.0,204804500
2011-08-09,46.57417297363281,0.0,53.02999877929688,0.0,53.08000183105469,49.93000030517578,51.34999847412109,0.0,193707100
2011-08-10,44.66835021972656,0.0,50.86000061035156,0.0,53.040000915527344,50.79999923706055,51.83000183105469,0.0,205917900
2011-08-11,46.63566207885742,0.0,53.09999847412109,0.0,53.68999862670898,51.34000015258789,51.59000015258789,0.0,143825300
2011-08-12,47.04843521118164,0.0,53.56999969482422,0.0,53.900001525878906,52.880001068115234,53.43000030517578,0.0,90483300
2011-08-15,47.74226760864258,0.0,54.36000061035156,0.0,54.36000061035156,53.52999877929688,53.790000915527344,0.0,73554300
2011-08-16,47.33828353881836,0.0,53.900001525878906,0.0,54.34999847412109,53.18000030517578,53.83000183105469,0.0,89219200
2011-08-17,47.05723190307617,0.0,53.58000183105469,0.0,54.41999816894531,53.02000045776367,53.970001220703125,0.0,84416600
2011-08-18,44.74739837646485,0.0,50.95000076293945,0.0,52.13999938964844,50.47999954223633,52.130001068115234,0.0,130019400
2011-08-19,43.93941116333008,0.0,50.02999877929688,0.0,51.66999816894531,49.9900016784668,50.41999816894531,0.0,96674600
2011-08-22,44.09747314453125,0.0,50.209999084472656,0.0,51.2400016784668,50.060001373291016,51.22999954223633,0.0,77107700
2011-08-23,45.91549301147461,0.0,52.27999877929688,0.0,52.27999877929688,50.34000015258789,50.54999923706055,0.0,75688400
2011-08-24,46.27556228637695,0.0,52.68999862670898,0.0,52.790000915527344,51.709999084472656,52.130001068115234,0.0,80197700
2011-08-25,45.5202751159668,0.0,51.83000183105469,0.0,52.900001525878906,51.650001525878906,52.65999984741211,0.0,93623700
2011-08-26,46.66202545166016,0.0,53.130001068115234,0.0,53.310001373291016,51.150001525878906,51.65999984741211,0.0,91573300
2011-08-29,47.96183776855469,0.0,54.61000061035156,0.0,54.66999816894531,53.63999938964844,53.65999984741211,0.0,45985800
2011-08-30,48.27801132202149,0.0,54.970001220703125,0.0,55.29999923706055,54.11000061035156,54.40999984741211,0.0,61617900
2011-08-31,48.3570442199707,0.0,55.060001373291016,0.0,55.7400016784668,54.59999847412109,55.29999923706055,0.0,60900400
2011-09-01,47.917911529541016,0.0,54.560001373291016,0.0,55.63999938964844,54.459999084472656,55.20000076293945,0.0,57158400
2011-09-02,46.79374313354492,0.0,53.27999877929688,0.0,54.61000061035156,52.9900016784668,53.58000183105469,0.0,58185700
2011-09-06,46.80253219604492,0.0,53.290000915527344,0.0,53.369998931884766,51.90999984741211,52.040000915527344,0.0,52992200
2011-09-07,47.98817825317383,0.0,54.63999938964844,0.0,54.650001525878906,53.900001525878906,54.04999923706055,0.0,48952200
2011-09-08,47.76861953735352,0.0,54.38999938964844,0.0,55.16999816894531,54.209999084472656,54.36000061035156,0.0,61422800
2011-09-09,46.70591735839844,0.0,53.18000030517578,0.0,54.2400016784668,52.84999847412109,54.0099983215332,0.0,63663500
2011-09-12,47.30312347412109,0.0,53.86000061035156,0.0,53.900001525878906,52.56999969482422,52.59000015258789,0.0,65973000
2011-09-13,47.93549346923828,0.0,54.58000183105469,0.0,54.68999862670898,53.79999923706055,54.060001373291016,0.0,59020000
2011-09-14,48.62052154541016,0.0,55.36000061035156,0.0,55.97999954223633,54.31999969482422,54.86000061035156,0.0,90757300
2011-09-15,49.34070587158203,0.0,56.18000030517578,0.0,56.27999877929688,55.38999938964844,55.959999084472656,0.0,83536100
2011-09-16,49.79297256469727,0.0,56.59000015258789,0.104,56.650001525878906,56.09000015258789,56.20000076293945,0.0,91902100
2011-09-19,49.8105697631836,0.0,56.61000061035156,0.0,56.90999984741211,55.43000030517578,55.88999938964844,0.0,73042900
2011-09-20,49.59059524536133,0.0,56.36000061035156,0.0,57.34999847412109,56.22999954223633,56.900001525878906,0.0,66570100
2011-09-21,48.72829055786133,0.0,55.380001068115234,0.0,56.93000030517578,55.369998931884766,56.650001525878906,0.0,79938000
2011-09-22,47.14449691772461,0.0,53.58000183105469,0.0,54.459999084472656,52.75,53.970001220703125,0.0,151885500
2011-09-23,47.64604187011719,0.0,54.150001525878906,0.0,54.380001068115234,53.09000015258789,53.130001068115234,0.0,85940600
2011-09-26,48.20036697387695,0.0,54.77999877929688,0.0,54.880001068115234,53.209999084472656,54.41999816894531,0.0,96261400
2011-09-27,48.70189666748047,0.0,55.34999847412109,0.0,56.20000076293945,54.97999954223633,55.709999084472656,0.0,81148600
2011-09-28,47.98038482666016,0.0,54.52999877929688,0.0,55.970001220703125,54.400001525878906,55.59000015258789,0.0,76757100
2011-09-29,47.408470153808594,0.0,53.880001068115234,0.0,55.43000030517578,52.970001220703125,55.36000061035156,0.0,116900200
2011-09-30,46.18542098999024,0.0,52.4900016784668,0.0,53.61000061035156,52.459999084472656,53.15999984741211,0.0,104870100
2011-10-03,44.99756622314453,0.0,51.13999938964844,0.0,52.84999847412109,51.11000061035156,52.02000045776367,0.0,99149500
2011-10-04,45.92145919799805,0.0,52.18999862670898,0.0,52.290000915527344,50.09999847412109,50.619998931884766,0.0,137013700
2011-10-05,47.100494384765625,0.0,53.52999877929688,0.0,53.68000030517578,51.65999984741211,52.060001373291016,0.0,108825700
2011-10-06,47.89240646362305,0.0,54.43000030517578,0.0,54.43999862670898,53.209999084472656,53.459999084472656,0.0,71939200
2011-10-07,47.57564926147461,0.0,54.06999969482422,0.0,54.65999984741211,53.720001220703125,54.400001525878906,0.0,72525200
2011-10-10,49.22103118896485,0.0,55.93999862670898,0.0,55.93999862670898,54.88999938964844,54.9900016784668,0.0,48230200
2011-10-11,49.555397033691406,0.0,56.31999969482422,0.0,56.459999084472656,55.70000076293945,55.790000915527344,0.0,66449100
2011-10-12,49.80177688598633,0.0,56.59999847412109,0.0,57.22999954223633,56.560001373291016,56.86000061035156,0.0,85627600
2011-10-13,50.25929641723633,0.0,57.119998931884766,0.0,57.18999862670898,56.43000030517578,56.4900016784668,0.0,63443700
2011-10-14,51.19199752807617,0.0,58.18000030517578,0.0,58.18999862670898,57.5099983215332,57.81999969482422,0.0,65643600
2011-10-17,50.40008163452149,0.0,57.27999877929688,0.0,58.09000015258789,56.970001220703125,57.90999984741211,0.0,65161300
2011-10-18,51.024810791015625,0.0,57.9900016784668,0.0,58.290000915527344,56.65999984741211,57.18999862670898,0.0,91434600
2011-10-19,50.039344787597656,0.0,56.869998931884766,0.0,57.84999847412109,56.68000030517578,57.66999816894531,0.0,67639400
2011-10-20,49.79297256469727,0.0,56.59000015258789,0.0,56.91999816894531,55.790000915527344,56.86000061035156,0.0,80378300
2011-10-21,50.41769790649414,0.0,57.29999923706055,0.0,57.65999984741211,56.77999877929688,57.18999862670898,0.0,60455800
2011-10-24,51.46474456787109,0.0,58.4900016784668,0.0,58.650001525878906,57.310001373291016,57.5099983215332,0.0,61449500
2011-10-25,50.452880859375,0.0,57.34000015258789,0.0,58.31999969482422,57.220001220703125,58.29999923706055,0.0,65299200
2011-10-26,50.391300201416016,0.0,57.27000045776367,0.0,57.77999877929688,56.209999084472656,57.65999984741211,0.0,98193800
2011-10-27,51.78150939941406,0.0,58.84999847412109,0.0,59.20000076293945,58.02999877929688,58.63999938964844,0.0,104455500
2011-10-28,51.8607063293457,0.0,58.93999862670898,0.0,59.0099983215332,58.5,58.52000045776367,0.0,42950000
2011-10-31,50.98960876464844,0.0,57.95000076293945,0.0,58.63999938964844,57.90999984741211,58.43000030517578,0.0,60520200
2011-11-01,49.66097259521485,0.0,56.43999862670898,0.0,57.90999984741211,56.119998931884766,56.52000045776367,0.0,99933000
2011-11-02,50.08332061767578,0.0,56.91999816894531,0.0,57.15999984741211,56.380001068115234,57.02999877929688,0.0,65003800
2011-11-03,51.1215934753418,0.0,58.09999847412109,0.0,58.18000030517578,56.709999084472656,57.369998931884766,0.0,78994200
2011-11-04,50.85762023925781,0.0,57.79999923706055,0.0,58.04999923706055,57.220001220703125,57.81999969482422,0.0,61527800
2011-11-07,51.21837615966797,0.0,58.209999084472656,0.0,58.25,57.16999816894531,57.7599983215332,0.0,65559000
2011-11-08,51.807891845703125,0.0,58.880001068115234,0.0,58.97999954223633,57.970001220703125,58.630001068115234,0.0,62906900
2011-11-09,49.98654556274414,0.0,56.810001373291016,0.0,57.83000183105469,56.630001068115234,57.7400016784668,0.0,69539000
2011-11-10,49.96013641357422,0.0,56.77999877929688,0.0,57.41999816894531,56.22999954223633,57.369998931884766,0.0,66052400
2011-11-11,50.90162658691406,0.0,57.84999847412109,0.0,58.02000045776367,57.20000076293945,57.27000045776367,0.0,54471000
2011-11-14,50.58486557006836,0.0,57.4900016784668,0.0,58.0099983215332,57.27999877929688,57.68999862670898,0.0,44617600
2011-11-15,51.14801025390625,0.0,58.130001068115234,0.0,58.36000061035156,57.2599983215332,57.31999969482422,0.0,52203900
2011-11-16,50.303314208984375,0.0,57.16999816894531,0.0,58.15999984741211,57.060001373291016,57.709999084472656,0.0,68342800
2011-11-17,49.1242561340332,0.0,55.83000183105469,0.0,57.040000915527344,55.47999954223633,57.02000045776367,0.0,101706900
2011-11-18,48.74590301513672,0.0,55.400001525878906,0.0,55.900001525878906,55.29999923706055,55.84000015258789,0.0,60417000
2011-11-21,47.813209533691406,0.0,54.34000015258789,0.0,54.72999954223633,53.77999877929688,54.650001525878906,0.0,52283700
2011-11-22,47.97159576416016,0.0,54.52000045776367,0.0,54.68000030517578,53.869998931884766,54.20000076293945,0.0,51940100
2011-11-23,46.88933181762695,0.0,53.290000915527344,0.0,54.16999816894531,53.2599983215332,54.11000061035156,0.0,48437300
2011-11-25,46.528568267822266,0.0,52.880001068115234,0.0,53.66999816894531,52.869998931884766,53.060001373291016,0.0,25448100
2011-11-28,48.14757537841797,0.0,54.720001220703125,0.0,54.790000915527344,54.13999938964844,54.16999816894531,0.0,46710700
2011-11-29,47.84841537475586,0.0,54.380001068115234,0.0,55.09999847412109,54.220001220703125,54.68999862670898,0.0,52056700
2011-11-30,49.61698532104492,0.0,56.38999938964844,0.0,56.43999862670898,55.66999816894531,55.86000061035156,0.0,66918600
2011-12-01,49.96013641357422,0.0,56.77999877929688,0.0,56.93000030517578,56.34999847412109,56.380001068115234,0.0,45362200
2011-12-02,49.81937026977539,0.0,56.619998931884766,0.0,57.34000015258789,56.56999969482422,57.34000015258789,0.0,36938900
2011-12-05,50.36490249633789,0.0,57.2400016784668,0.0,57.619998931884766,56.91999816894531,57.470001220703125,0.0,40492200
2011-12-06,50.22412109375,0.0,57.08000183105469,0.0,57.45000076293945,56.88999938964844,57.290000915527344,0.0,38670000
2011-12-07,50.22412109375,0.0,57.08000183105469,0.0,57.34000015258789,56.34999847412109,56.91999816894531,0.0,44576200
2011-12-08,49.37941360473633,0.0,56.119998931884766,0.0,57.150001525878906,56.0099983215332,56.709999084472656,0.0,51692600
2011-12-09,50.17132568359375,0.0,57.02000045776367,0.0,57.18999862670898,56.2400016784668,56.2599983215332,0.0,55757900
2011-12-12,49.608184814453125,0.0,56.380001068115234,0.0,57.0099983215332,55.900001525878906,56.41999816894531,0.0,55411700
2011-12-13,49.06267166137695,0.0,55.7599983215332,0.0,56.97999954223633,55.52999877929688,56.75,0.0,68557700
2011-12-14,48.297157287597656,0.0,54.88999938964844,0.0,55.59000015258789,54.58000183105469,55.54999923706055,0.0,63682800
2011-12-15,48.165164947509766,0.0,54.7400016784668,0.0,55.41999816894531,54.65999984741211,55.36000061035156,0.0,58732900
2011-12-16,48.41314697265625,0.0,54.86000061035156,0.161,55.61000061035156,54.77000045776367,54.869998931884766,0.0,60978900
2011-12-19,47.936614990234375,0.0,54.31999969482422,0.0,55.20000076293945,54.16999816894531,55.06999969482422,0.0,46733900
2011-12-20,49.357398986816406,0.0,55.93000030517578,0.0,56.0,55.16999816894531,55.20000076293945,0.0,81758800
2011-12-21,48.65142440795898,0.0,55.130001068115234,0.0,55.63999938964844,54.4900016784668,55.59999847412109,0.0,78552300
2011-12-22,49.0661735534668,0.0,55.59999847412109,0.0,55.630001068115234,55.16999816894531,55.25,0.0,40334100
2011-12-23,49.48978042602539,0.0,56.08000183105469,0.0,56.08000183105469,55.58000183105469,55.709999084472656,0.0,26594600
2011-12-27,49.67436981201172,0.0,56.2400016784668,0.049,56.41999816894531,55.93000030517578,55.9900016784668,0.0,21443500
2011-12-28,49.10027313232422,0.0,55.59000015258789,0.0,56.2599983215332,55.43999862670898,56.16999816894531,0.0,38180100
2011-12-29,49.45357131958008,0.0,55.9900016784668,0.0,56.02999877929688,55.5,55.68000030517578,0.0,28077900
2011-12-30,49.3122444152832,0.0,55.83000183105469,0.0,56.119998931884766,55.81999969482422,55.869998931884766,0.0,21832400
2012-01-03,50.257320404052734,0.0,56.900001525878906,0.0,57.18999862670898,56.75,56.90999984741211,0.0,39514100
2012-01-04,50.46931838989258,0.0,57.13999938964844,0.0,57.220001220703125,56.560001373291016,56.810001373291016,0.0,29403400
2012-01-05,50.88446044921875,0.0,57.61000061035156,0.0,57.65999984741211,56.79999923706055,57.02000045776367,0.0,41260600
2012-01-06,51.06110000610352,0.0,57.810001373291016,0.0,57.93999862670898,57.400001525878906,57.619998931884766,0.0,46325200
2012-01-09,50.893287658691406,0.0,57.619998931884766,0.0,57.97999954223633,57.43000030517578,57.959999084472656,0.0,39195500
2012-01-10,51.26425552368164,0.0,58.040000915527344,0.0,58.400001525878906,57.63999938964844,58.22999954223633,0.0,35949900
2012-01-11,51.370235443115234,0.0,58.15999984741211,0.0,58.290000915527344,57.810001373291016,58.02999877929688,0.0,37144100
2012-01-12,51.57339096069336,0.0,58.38999938964844,0.0,58.470001220703125,57.86000061035156,58.290000915527344,0.0,26188300
2012-01-13,51.38789749145508,0.0,58.18000030517578,0.0,58.20000076293945,57.68000030517578,58.08000183105469,0.0,35980400
2012-01-17,51.85602951049805,0.0,58.709999084472656,0.0,58.959999084472656,58.4900016784668,58.68999862670898,0.0,41790800
2012-01-18,52.54497146606445,0.0,59.4900016784668,0.0,59.4900016784668,58.68000030517578,58.81999969482422,0.0,48692700
2012-01-19,52.87178039550781,0.0,59.86000061035156,0.0,59.970001220703125,59.650001525878906,59.7599983215332,0.0,47774500
2012-01-20,52.79229736328125,0.0,59.77000045776367,0.0,59.79999923706055,59.560001373291016,59.59999847412109,0.0,41041700
2012-01-23,52.80992126464844,0.0,59.790000915527344,0.0,60.209999084472656,59.43999862670898,59.77999877929688,0.0,40958300
2012-01-24,52.7127799987793,0.0,59.68000030517578,0.0,59.84000015258789,59.40999984741211,59.52000045776367,0.0,38440200
2012-01-25,53.375221252441406,0.0,60.43000030517578,0.0,60.58000183105469,59.83000183105469,60.2599983215332,0.0,61591800
2012-01-26,53.18973922729492,0.0,60.220001220703125,0.0,60.79999923706055,59.93000030517578,60.68999862670898,0.0,37852700
2012-01-27,53.348724365234375,0.0,60.400001525878906,0.0,60.5099983215332,60.060001373291016,60.09000015258789,0.0,45532300
2012-01-30,53.39290237426758,0.0,60.45000076293945,0.0,60.540000915527344,59.65999984741211,59.88999938964844,0.0,42797800
2012-01-31,53.46355819702149,0.0,60.52999877929688,0.0,60.86000061035156,60.13999938964844,60.75,0.0,51449600
2012-02-01,53.89634323120117,0.0,61.02000045776367,0.0,61.2400016784668,60.65999984741211,60.880001068115234,0.0,46146700
2012-02-02,54.06416320800781,0.0,61.209999084472656,0.0,61.40999984741211,60.970001220703125,61.220001220703125,0.0,46373600
2012-02-03,54.80609893798828,0.0,62.04999923706055,0.0,62.119998931884766,61.68000030517578,61.77999877929688,0.0,36453800
2012-02-06,54.76192092895508,0.0,62.0,0.0,62.02000045776367,61.65999984741211,61.81999969482422,0.0,28541300
2012-02-07,54.87677383422852,0.0,62.130001068115234,0.0,62.25,61.66999816894531,61.95000076293945,0.0,37935700
2012-02-08,55.16823196411133,0.0,62.459999084472656,0.0,62.459999084472656,61.90999984741211,62.13999938964844,0.0,41171100
2012-02-09,55.56570816040039,0.0,62.90999984741211,0.0,62.97999954223633,62.31999969482422,62.70000076293945,0.0,46856400
2012-02-10,55.17708206176758,0.0,62.470001220703125,0.0,62.63999938964844,62.25,62.459999084472656,0.0,58090500
2012-02-13,55.68935394287109,0.0,63.04999923706055,0.0,63.130001068115234,62.650001525878906,62.93999862670898,0.0,36810200
2012-02-14,55.830684661865234,0.0,63.209999084472656,0.0,63.220001220703125,62.68999862670898,62.90999984741211,0.0,51648200
2012-02-15,55.44205093383789,0.0,62.77000045776367,0.0,63.86000061035156,62.66999816894531,63.5099983215332,0.0,105709100
2012-02-16,56.2016487121582,0.0,63.630001068115234,0.0,63.70000076293945,62.630001068115234,62.790000915527344,0.0,83642300
2012-02-17,56.02498626708984,0.0,63.43000030517578,0.0,63.68999862670898,63.150001525878906,63.63999938964844,0.0,76112300
2012-02-21,56.18398666381836,0.0,63.61000061035156,0.0,63.88999938964844,63.209999084472656,63.5,0.0,38141300
2012-02-22,55.92784118652344,0.0,63.31999969482422,0.0,63.68000030517578,63.22999954223633,63.4900016784668,0.0,43174700
2012-02-23,56.29880142211914,0.0,63.7400016784668,0.0,63.810001373291016,63.09000015258789,63.400001525878906,0.0,54250000
2012-02-24,56.49313354492188,0.0,63.959999084472656,0.0,64.06999969482422,63.79999923706055,63.91999816894531,0.0,41364900
2012-02-27,56.572635650634766,0.0,64.05000305175781,0.0,64.26000213623047,63.33000183105469,63.61000061035156,0.0,42678500
2012-02-28,57.146728515625,0.0,64.69999694824219,0.0,64.69999694824219,64.02999877929688,64.11000061035156,0.0,43717500
2012-02-29,56.890586853027344,0.0,64.41000366210938,0.0,64.95999908447266,64.19999694824219,64.75,0.0,59784400
2012-03-01,57.3410530090332,0.0,64.91999816894531,0.0,64.9800033569336,64.45999908447266,64.6500015258789,0.0,67558900
2012-03-02,57.2968978881836,0.0,64.87000274658203,0.0,65.08000183105469,64.66000366210938,64.83000183105469,0.0,33358200
2012-03-05,56.7051010131836,0.0,64.19999694824219,0.0,64.91000366210938,63.9900016784668,64.83000183105469,0.0,45788800
2012-03-06,56.14866638183594,0.0,63.56999969482422,0.0,63.720001220703125,63.22999954223633,63.56999969482422,0.0,54638600
2012-03-07,56.581451416015625,0.0,64.05999755859375,0.0,64.20999908447266,63.77000045776367,63.869998931884766,0.0,42741800
2012-03-08,57.19088745117188,0.0,64.75,0.0,64.94000244140625,64.30000305175781,64.44000244140625,0.0,43711100
2012-03-09,57.429386138916016,0.0,65.0199966430664,0.0,65.13999938964844,64.81999969482422,64.86000061035156,0.0,43117200
2012-03-12,57.45588684082031,0.0,65.05000305175781,0.0,65.11000061035156,64.72000122070312,65.0,0.0,32687300
2012-03-13,58.524635314941406,0.0,66.26000213623047,0.0,66.26000213623047,65.2699966430664,65.4000015258789,0.0,61559100
2012-03-14,58.72775650024414,0.0,66.48999786376953,0.0,66.73999786376953,66.08000183105469,66.33000183105469,0.0,59926900
2012-03-15,58.89559555053711,0.0,66.68000030517578,0.0,66.81999969482422,66.3499984741211,66.69000244140625,0.0,65531200
2012-03-16,58.854000091552734,0.0,66.5199966430664,0.113,66.66999816894531,66.36000061035156,66.66999816894531,0.0,53023100
2012-03-19,59.26984405517578,0.0,66.98999786376953,0.0,67.1500015258789,66.44999694824219,66.62999725341797,0.0,60966200
2012-03-20,59.376014709472656,0.0,67.11000061035156,0.0,67.18000030517578,66.45999908447266,66.63999938964844,0.0,47290600
2012-03-21,59.384857177734375,0.0,67.12000274658203,0.0,67.48999786376953,67.02999877929688,67.12000274658203,0.0,39648100
2012-03-22,59.26100540161133,0.0,66.9800033569336,0.0,67.13999938964844,66.68000030517578,66.72000122070312,0.0,56953900
2012-03-23,59.22560119628906,0.0,66.94000244140625,0.0,67.08000183105469,66.55999755859375,67.05999755859375,0.0,45541700
2012-03-26,60.26075744628906,0.0,68.11000061035156,0.0,68.11000061035156,67.33000183105469,67.38999938964844,0.0,40855300
2012-03-27,60.349246978759766,0.0,68.20999908447266,0.0,68.48999786376953,68.12999725341797,68.16000366210938,0.0,37278200
2012-03-28,60.11035919189453,0.0,67.94000244140625,0.0,68.51000213623047,67.54000091552734,68.25,0.0,44421900
2012-03-29,59.88030624389648,0.0,67.68000030517578,0.0,67.93000030517578,67.19999694824219,67.5999984741211,0.0,53975300
2012-03-30,59.76530075073242,0.0,67.55000305175781,0.0,68.0199966430664,67.27999877929688,67.9800033569336,0.0,39480900
2012-04-02,60.38462829589844,0.0,68.25,0.0,68.33999633789062,67.36000061035156,67.4800033569336,0.0,40031600
2012-04-03,60.366943359375,0.0,68.2300033569336,0.0,68.55000305175781,67.8499984741211,68.30999755859375,0.0,45539900
2012-04-04,59.54409408569336,0.0,67.30000305175781,0.0,67.76000213623047,66.91000366210938,67.72000122070312,0.0,54088100
2012-04-05,59.91568756103516,0.0,67.72000122070312,0.0,67.77999877929688,67.12999725341797,67.18000030517578,0.0,42979900
2012-04-09,59.464481353759766,0.0,67.20999908447266,0.0,67.4800033569336,66.76000213623047,66.87999725341797,0.0,36908200
2012-04-10,58.50894165039063,0.0,66.12999725341797,0.0,67.44000244140625,65.91999816894531,67.18000030517578,0.0,69254200
2012-04-11,58.79205703735352,0.0,66.44999694824219,0.0,66.88999938964844,66.27999877929688,66.70999908447266,0.0,62950000
2012-04-12,59.464481353759766,0.0,67.20999908447266,0.0,67.27999877929688,66.4800033569336,66.58000183105469,0.0,57407400
2012-04-13,58.56204605102539,0.0,66.19000244140625,0.0,67.19999694824219,66.16000366210938,66.9800033569336,0.0,55227500
2012-04-16,57.907318115234375,0.0,65.44999694824219,0.0,66.55999755859375,65.23999786376953,66.5199966430664,0.0,57588000
2012-04-17,59.08403396606445,0.0,66.77999877929688,0.0,66.98999786376953,65.62999725341797,65.7300033569336,0.0,47362400
2012-04-18,58.93364334106445,0.0,66.61000061035156,0.0,67.0,66.41000366210938,66.58999633789062,0.0,42536100
2012-04-19,58.27006530761719,0.0,65.86000061035156,0.0,67.16999816894531,65.62000274658203,66.37000274658203,0.0,81110900
2012-04-20,58.11079025268555,0.0,65.68000030517578,0.0,66.51000213623047,65.58000183105469,66.22000122070312,0.0,59906900
2012-04-23,57.57994079589844,0.0,65.08000183105469,0.0,65.18000030517578,64.48999786376953,65.05999755859375,0.0,70514400
2012-04-24,57.27027893066406,0.0,64.7300033569336,0.0,65.2300033569336,64.44999694824219,64.95999908447266,0.0,49661500
2012-04-25,58.79205703735352,0.0,66.44999694824219,0.0,66.48999786376953,65.97000122070312,66.06999969482422,0.0,57526900
2012-04-26,59.13712692260742,0.0,66.83999633789062,0.0,66.98999786376953,66.3499984741211,66.44000244140625,0.0,41799500
2012-04-27,59.491024017333984,0.0,67.23999786376953,0.0,67.44999694824219,66.7699966430664,67.12000274658203,0.0,46003800
2012-04-30,59.06632232666016,0.0,66.76000213623047,0.0,67.16999816894531,66.70999908447266,67.04000091552734,0.0,37787700
2012-05-01,59.163665771484375,0.0,66.87000274658203,0.0,67.62999725341797,66.58999633789062,66.69000244140625,0.0,37643800
2012-05-02,59.33177947998047,0.0,67.05999755859375,0.0,67.11000061035156,66.37999725341797,66.54000091552734,0.0,38299300
2012-05-03,58.703590393066406,0.0,66.3499984741211,0.0,67.1500015258789,66.18000030517578,67.0999984741211,0.0,51297600
2012-05-04,57.24373626708984,0.0,64.69999694824219,0.0,66.3499984741211,64.69000244140625,65.73999786376953,0.0,107554000
2012-05-07,57.29683303833008,0.0,64.76000213623047,0.0,65.06999969482422,64.29000091552734,64.30999755859375,0.0,50267800
2012-05-08,57.08448028564453,0.0,64.5199966430664,0.0,64.73999786376953,63.47999954223633,64.3499984741211,0.0,72659700
2012-05-09,56.90754318237305,0.0,64.31999969482422,0.0,64.68000030517578,63.5099983215332,63.77000045776367,0.0,85715300
2012-05-10,56.79251480102539,0.0,64.19000244140625,0.0,64.62999725341797,63.95000076293945,64.61000061035156,0.0,49448900
2012-05-11,56.783668518066406,0.0,64.18000030517578,0.0,64.86000061035156,63.90999984741211,63.970001220703125,0.0,47099900
2012-05-14,56.25282287597656,0.0,63.58000183105469,0.0,64.08000183105469,63.47999954223633,63.630001068115234,0.0,46360000
2012-05-15,56.067012786865234,0.0,63.369998931884766,0.0,64.2699966430664,63.2599983215332,63.75,0.0,66908600
2012-05-16,55.68657302856445,0.0,62.93999862670898,0.0,63.77999877929688,62.810001373291016,63.59000015258789,0.0,52825900
2012-05-17,54.50983428955078,0.0,61.61000061035156,0.0,63.060001373291016,61.59999847412109,62.959999084472656,0.0,62253900
2012-05-18,53.80205154418945,0.0,60.810001373291016,0.0,61.959999084472656,60.7599983215332,61.79999923706055,0.0,79496500
2012-05-21,55.30613708496094,0.0,62.5099983215332,0.0,62.56999969482422,60.84999847412109,60.93000030517578,0.0,61473000
2012-05-22,55.24420547485352,0.0,62.43999862670898,0.0,62.95000076293945,61.9900016784668,62.68999862670898,0.0,62954800
2012-05-23,55.35036087036133,0.0,62.560001373291016,0.0,62.709999084472656,61.369998931884766,61.90999984741211,0.0,56951100
2012-05-24,54.98760986328125,0.0,62.150001525878906,0.0,62.709999084472656,61.68999862670898,62.650001525878906,0.0,83131200
2012-05-25,54.916839599609375,0.0,62.06999969482422,0.0,62.31999969482422,61.88999938964844,62.209999084472656,0.0,32078900
2012-05-29,55.61579513549805,0.0,62.86000061035156,0.0,63.150001525878906,62.27999877929688,62.650001525878906,0.0,44216700
2012-05-30,55.146881103515625,0.0,62.33000183105469,0.0,62.54999923706055,61.68000030517578,62.290000915527344,0.0,56431800
2012-05-31,54.907981872558594,0.0,62.060001373291016,0.0,62.40999984741211,61.59000015258789,62.25,0.0,55260100
2012-06-01,53.44814300537109,0.0,60.40999984741211,0.0,61.31999969482422,60.38999938964844,60.93999862670898,0.0,71430800
2012-06-04,53.85513687133789,0.0,60.869998931884766,0.0,60.959999084472656,60.040000915527344,60.58000183105469,0.0,74119500
2012-06-05,54.07632064819336,0.0,61.119998931884766,0.0,61.2400016784668,60.630001068115234,60.65999984741211,0.0,47916900
2012-06-06,55.31497573852539,0.0,62.52000045776367,0.0,62.56999969482422,61.52000045776367,61.58000183105469,0.0,58781800
2012-06-07,55.093788146972656,0.0,62.27000045776367,0.0,63.18000030517578,62.220001220703125,63.18000030517578,0.0,38414800
2012-06-08,55.62464904785156,0.0,62.869998931884766,0.0,62.95000076293945,61.959999084472656,62.16999816894531,0.0,39730800
2012-06-11,54.68678665161133,0.0,61.810001373291016,0.0,63.380001068115234,61.77000045776367,63.34999847412109,0.0,51008900
2012-06-12,55.35036087036133,0.0,62.560001373291016,0.0,62.59000015258789,61.68000030517578,62.09999847412109,0.0,48802600
2012-06-13,54.96993255615234,0.0,62.130001068115234,0.0,62.84999847412109,61.91999816894531,62.380001068115234,0.0,50840100
2012-06-14,55.17341613769531,0.0,62.36000061035156,0.0,62.61000061035156,61.79999923706055,62.119998931884766,0.0,65170600
2012-06-15,55.85889434814453,0.0,62.9900016784668,0.143,63.08000183105469,62.36000061035156,62.38999938964844,0.0,41536100
2012-06-18,56.382110595703125,0.0,63.58000183105469,0.0,63.7400016784668,62.630001068115234,62.72999954223633,0.0,32191200
2012-06-19,56.9673957824707,0.0,64.23999786376953,0.0,64.51000213623047,63.84999847412109,63.900001525878906,0.0,36476500
2012-06-20,57.011749267578125,0.0,64.29000091552734,0.0,64.56999969482422,63.810001373291016,64.37999725341797,0.0,51389700
2012-06-21,55.59286880493164,0.0,62.68999862670898,0.0,64.30999755859375,62.619998931884766,64.23999786376953,0.0,42492700
2012-06-22,56.178165435791016,0.0,63.34999847412109,0.0,63.43000030517578,62.72999954223633,62.900001525878906,0.0,29504200
2012-06-25,55.09626770019531,0.0,62.130001068115234,0.0,62.84999847412109,61.95000076293945,62.83000183105469,0.0,33136400
2012-06-26,55.44211196899414,0.0,62.52000045776367,0.0,62.70000076293945,62.060001373291016,62.34000015258789,0.0,30611100
2012-06-27,55.77909469604492,0.0,62.900001525878906,0.0,63.18000030517578,62.68999862670898,62.7599983215332,0.0,35705800
2012-06-28,55.15834045410156,0.0,62.20000076293945,0.0,62.470001220703125,61.540000915527344,62.43000030517578,0.0,49793400
2012-06-29,56.89646530151367,0.0,64.16000366210938,0.0,64.16000366210938,63.209999084472656,63.400001525878906,0.0,44761300
2012-07-02,57.06494522094727,0.0,64.3499984741211,0.0,64.37999725341797,63.869998931884766,64.25,0.0,33425600
2012-07-03,57.54381561279297,0.0,64.88999938964844,0.0,64.88999938964844,64.29000091552734,64.38999938964844,0.0,15895100
2012-07-05,57.57927322387695,0.0,64.93000030517578,0.0,65.25,64.4800033569336,64.83000183105469,0.0,37016200
2012-07-06,56.86098098754883,0.0,64.12000274658203,0.0,64.69000244140625,63.650001525878906,64.62999725341797,0.0,40684100
2012-07-09,56.75457000732422,0.0,64.0,0.0,64.26000213623047,63.68000030517578,64.05000305175781,0.0,35628300
2012-07-10,56.19586944580078,0.0,63.369998931884766,0.0,64.51000213623047,63.119998931884766,64.3499984741211,0.0,47365700
2012-07-11,55.885501861572266,0.0,63.02000045776367,0.0,63.459999084472656,62.5,63.290000915527344,0.0,43432000
2012-07-12,55.362300872802734,0.0,62.43000030517578,0.0,62.68999862670898,61.86000061035156,62.52000045776367,0.0,57680400
2012-07-13,56.20475387573242,0.0,63.380001068115234,0.0,63.52000045776367,62.560001373291016,62.59999847412109,0.0,32357200
2012-07-16,56.04513549804688,0.0,63.20000076293945,0.0,63.52000045776367,62.95000076293945,63.2400016784668,0.0,27621400
2012-07-17,56.33777618408203,0.0,63.52999877929688,0.0,63.7400016784668,62.630001068115234,63.59999847412109,0.0,42467800
2012-07-18,57.10040664672852,0.0,64.38999938964844,0.0,64.58000183105469,63.38999938964844,63.40999984741211,0.0,44489700
2012-07-19,57.73003768920898,0.0,65.0999984741211,0.0,65.30999755859375,64.72000122070312,64.83999633789062,0.0,53017800
2012-07-20,56.9673957824707,0.0,64.23999786376953,0.0,65.0999984741211,64.20999908447266,65.08000183105469,0.0,40573100
2012-07-23,56.27568054199219,0.0,63.459999084472656,0.0,63.68000030517578,62.5099983215332,62.9900016784668,0.0,48657800
2012-07-24,55.832298278808594,0.0,62.959999084472656,0.0,63.65999984741211,62.54999923706055,63.56999969482422,0.0,57269700
2012-07-25,55.45983505249024,0.0,62.540000915527344,0.0,62.95000076293945,62.150001525878906,62.470001220703125,0.0,46264400
2012-07-26,56.19586944580078,0.0,63.369998931884766,0.0,63.72999954223633,62.970001220703125,63.43999862670898,0.0,41928200
2012-07-27,57.52607345581055,0.0,64.87000274658203,0.0,64.98999786376953,63.63999938964844,63.83000183105469,0.0,42621000
2012-07-30,57.481727600097656,0.0,64.81999969482422,0.0,65.30999755859375,64.5999984741211,65.02999877929688,0.0,37821300
2012-07-31,57.46398162841797,0.0,64.80000305175781,0.0,65.18000030517578,64.73999786376953,64.91999816894531,0.0,34588300
2012-08-01,57.29549407958984,0.0,64.61000061035156,0.0,65.27999877929688,64.3499984741211,65.26000213623047,0.0,30920200
2012-08-02,57.09154510498047,0.0,64.37999725341797,0.0,65.0199966430664,63.90999984741211,64.12000274658203,0.0,40534900
2012-08-03,58.17341613769531,0.0,65.5999984741211,0.0,65.87999725341797,65.19000244140625,65.41999816894531,0.0,42117400
2012-08-06,58.616817474365234,0.0,66.0999984741211,0.0,66.38999938964844,65.80000305175781,65.94000244140625,0.0,23523600
2012-08-07,59.10456085205078,0.0,66.6500015258789,0.0,66.91999816894531,66.27999877929688,66.37999725341797,0.0,28223300
2012-08-08,59.07795715332031,0.0,66.62000274658203,0.0,66.76000213623047,66.37000274658203,66.4800033569336,0.0,20723500
2012-08-09,59.255313873291016,0.0,66.81999969482422,0.0,66.91000366210938,66.48999786376953,66.61000061035156,0.0,20726200
2012-08-10,59.29077911376953,0.0,66.86000061035156,0.0,66.87999725341797,66.41000366210938,66.58000183105469,0.0,20312000
2012-08-13,59.432655334472656,0.0,67.0199966430664,0.0,67.02999877929688,66.5,66.83999633789062,0.0,19890300
2012-08-14,59.45928192138672,0.0,67.05000305175781,0.0,67.41000366210938,66.86000061035156,67.2699966430664,0.0,24218700
2012-08-15,59.61004257202149,0.0,67.22000122070312,0.0,67.31999969482422,66.98999786376953,67.0,0.0,29100400
2012-08-16,60.3194694519043,0.0,68.0199966430664,0.0,68.16999816894531,67.38999938964844,67.47000122070312,0.0,35699900
2012-08-17,60.58548355102539,0.0,68.31999969482422,0.0,68.33000183105469,68.01000213623047,68.16999816894531,0.0,22584800
2012-08-20,60.67417907714844,0.0,68.41999816894531,0.0,68.43000030517578,68.0,68.2699966430664,0.0,26924000
2012-08-21,60.43474197387695,0.0,68.1500015258789,0.0,68.87999725341797,67.87999725341797,68.5999984741211,0.0,41391000
2012-08-22,60.68303298950195,0.0,68.43000030517578,0.0,68.55999755859375,67.80999755859375,68.0,0.0,44555700
2012-08-23,60.18643569946289,0.0,67.87000274658203,0.0,68.33999633789062,67.69000244140625,68.12000274658203,0.0,28800400
2012-08-24,60.55891036987305,0.0,68.29000091552734,0.0,68.44999694824219,67.5999984741211,67.70999908447266,0.0,38384800
2012-08-27,60.65644073486328,0.0,68.4000015258789,0.0,68.66999816894531,68.25,68.58000183105469,0.0,20671400
2012-08-28,60.65644073486328,0.0,68.4000015258789,0.0,68.58999633789062,68.11000061035156,68.33999633789062,0.0,27337900
2012-08-29,60.65644073486328,0.0,68.4000015258789,0.0,68.56999969482422,68.11000061035156,68.4000015258789,0.0,26672400
2012-08-30,60.04456329345703,0.0,67.70999908447266,0.0,68.12999725341797,67.5999984741211,68.0999984741211,0.0,24425400
2012-08-31,60.44361114501953,0.0,68.16000366210938,0.0,68.44999694824219,67.47000122070312,68.19999694824219,0.0,42128000
2012-09-04,60.38151168823242,0.0,68.08999633789062,0.0,68.3499984741211,67.41999816894531,68.02999877929688,0.0,32017200
2012-09-05,60.3194694519043,0.0,68.0199966430664,0.0,68.3499984741211,67.83999633789062,68.05999755859375,0.0,26129300
2012-09-06,61.65852355957031,0.0,69.52999877929688,0.0,69.55000305175781,68.41999816894531,68.44000244140625,0.0,43100000
2012-09-07,61.56982421875,0.0,69.43000030517578,0.0,69.55000305175781,69.2300033569336,69.37000274658203,0.0,32958600
2012-09-10,60.78060150146485,0.0,68.54000091552734,0.0,69.4000015258789,68.48999786376953,69.25,0.0,25490000
2012-09-11,60.68303298950195,0.0,68.43000030517578,0.0,68.81999969482422,68.31999969482422,68.55000305175781,0.0,29810100
2012-09-12,60.860382080078125,0.0,68.62999725341797,0.0,68.80999755859375,68.20999908447266,68.68000030517578,0.0,42203400
2012-09-13,61.68507766723633,0.0,69.55999755859375,0.0,69.86000061035156,68.62000274658203,68.69000244140625,0.0,45417800
2012-09-14,62.23493194580078,0.0,70.18000030517578,0.0,70.43000030517578,69.79000091552734,69.80999755859375,0.0,38880300
2012-09-17,62.26152420043945,0.0,70.20999908447266,0.0,70.23999786376953,69.95999908447266,70.22000122070312,0.0,31798400
2012-09-18,62.314727783203125,0.0,70.2699966430664,0.0,70.30000305175781,70.0199966430664,70.02999877929688,0.0,27169800
2012-09-19,62.42999649047852,0.0,70.4000015258789,0.0,70.58000183105469,70.05999755859375,70.26000213623047,0.0,36484600
2012-09-20,62.36796569824219,0.0,70.33000183105469,0.0,70.4000015258789,69.87000274658203,70.05999755859375,0.0,42520200
2012-09-21,62.3857307434082,0.0,70.1500015258789,0.2,70.54000091552734,70.08000183105469,70.4800033569336,0.0,23678500
2012-09-24,62.02107620239258,0.0,69.73999786376953,0.0,69.86000061035156,69.41999816894531,69.56999969482422,0.0,32341600
2012-09-25,61.14959716796875,0.0,68.76000213623047,0.0,70.08000183105469,68.7300033569336,69.91999816894531,0.0,41299600
2012-09-26,60.65156173706055,0.0,68.19999694824219,0.0,68.70999908447266,67.8499984741211,68.66999816894531,0.0,32770400
2012-09-27,61.48752212524414,0.0,69.13999938964844,0.0,69.30000305175781,68.25,68.37000274658203,0.0,25339500
2012-09-28,60.98061752319336,0.0,68.56999969482422,0.0,69.12000274658203,68.51000213623047,68.91000366210938,0.0,30112600
2012-10-01,60.89168930053711,0.0,68.47000122070312,0.0,69.33000183105469,68.25,68.9000015258789,0.0,37715300
2012-10-02,61.06954574584961,0.0,68.66999816894531,0.0,68.9800033569336,68.12999725341797,68.7699966430664,0.0,33254300
2012-10-03,61.46083831787109,0.0,69.11000061035156,0.0,69.23999786376953,68.58999633789062,68.86000061035156,0.0,38236000
2012-10-04,61.67428588867188,0.0,69.3499984741211,0.0,69.54000091552734,69.0,69.22000122070312,0.0,26128600
2012-10-05,61.34522247314453,0.0,68.9800033569336,0.0,69.80000305175781,68.80000305175781,69.69999694824219,0.0,25207900
2012-10-08,60.784934997558594,0.0,68.3499984741211,0.0,68.72000122070312,68.19000244140625,68.58000183105469,0.0,30911500
2012-10-09,59.81559753417969,0.0,67.26000213623047,0.0,68.33999633789062,67.0999984741211,68.16999816894531,0.0,67974000
2012-10-10,59.51322937011719,0.0,66.91999816894531,0.0,67.43000030517578,66.80000305175781,67.23999786376953,0.0,45134300
2012-10-11,59.32646942138672,0.0,66.70999908447266,0.0,67.47000122070312,66.66999816894531,67.41999816894531,0.0,30469400
2012-10-12,59.2998046875,0.0,66.68000030517578,0.0,67.05999755859375,66.55000305175781,66.69999694824219,0.0,24891200
2012-10-15,59.735538482666016,0.0,67.16999816894531,0.0,67.26000213623047,66.52999877929688,66.93000030517578,0.0,22220100
2012-10-16,60.580413818359375,0.0,68.12000274658203,0.0,68.19999694824219,67.25,67.2699966430664,0.0,33960600
2012-10-17,60.54484939575195,0.0,68.08000183105469,0.0,68.30000305175781,67.68000030517578,67.7699966430664,0.0,33439400
2012-10-18,59.842281341552734,0.0,67.29000091552734,0.0,68.08000183105469,67.04000091552734,67.86000061035156,0.0,61707600
2012-10-19,58.410457611083984,0.0,65.68000030517578,0.0,67.2699966430664,65.5999984741211,67.20999908447266,0.0,75362600
2012-10-22,58.71284103393555,0.0,66.0199966430664,0.0,66.19000244140625,65.5,65.6500015258789,0.0,38621500
2012-10-23,58.15256881713867,0.0,65.38999938964844,0.0,65.94999694824219,65.19000244140625,65.4800033569336,0.0,52591200
2012-10-24,57.948036193847656,0.0,65.16000366210938,0.0,65.87000274658203,65.05999755859375,65.76000213623047,0.0,39872400
2012-10-25,57.948036193847656,0.0,65.16000366210938,0.0,65.72000122070312,64.97000122070312,65.61000061035156,0.0,52688700
2012-10-26,58.11698913574219,0.0,65.3499984741211,0.0,65.62000274658203,64.6500015258789,65.16000366210938,0.0,54213100
2012-10-31,57.761260986328125,0.0,64.94999694824219,0.0,65.38999938964844,64.7300033569336,65.2699966430664,0.0,38524500
2012-11-01,58.57944869995117,0.0,65.87000274658203,0.0,66.0,65.16999816894531,65.36000061035156,0.0,26945000
2012-11-02,57.956912994384766,0.0,65.16999816894531,0.0,66.20999908447266,65.11000061035156,66.16999816894531,0.0,44083000
2012-11-05,58.33930969238281,0.0,65.5999984741211,0.0,65.7300033569336,65.04000091552734,65.18000030517578,0.0,28094700
2012-11-06,58.4460334777832,0.0,65.72000122070312,0.0,66.16999816894531,65.45999908447266,65.70999908447266,0.0,29608400
2012-11-07,57.06759643554688,0.0,64.16999816894531,0.0,65.0999984741211,63.900001525878906,65.0199966430664,0.0,70737800
2012-11-08,56.16938781738281,0.0,63.15999984741211,0.0,64.5,63.15999984741211,64.3499984741211,0.0,58585800
2012-11-09,56.40950012207031,0.0,63.43000030517578,0.0,64.11000061035156,63.15999984741211,63.20000076293945,0.0,51542100
2012-11-12,56.4006233215332,0.0,63.41999816894531,0.0,63.869998931884766,63.25,63.79999923706055,0.0,32663700
2012-11-13,56.0093002319336,0.0,62.97999954223633,0.0,63.58000183105469,62.77999877929688,62.93000030517578,0.0,43288300
2012-11-14,55.35121154785156,0.0,62.2400016784668,0.0,63.36000061035156,62.13999938964844,63.290000915527344,0.0,82655300
2012-11-15,55.16447448730469,0.0,62.02999877929688,0.0,62.4900016784668,61.79999923706055,62.27999877929688,0.0,55124200
2012-11-16,55.40456008911133,0.0,62.29999923706055,0.0,62.47999954223633,61.310001373291016,62.08000183105469,0.0,70873100
2012-11-19,56.72075653076172,0.0,63.77999877929688,0.0,63.83000183105469,62.959999084472656,62.97999954223633,0.0,55306400
2012-11-20,56.73854446411133,0.0,63.79999923706055,0.0,63.88999938964844,63.18999862670898,63.7599983215332,0.0,52012700
2012-11-21,56.85417175292969,0.0,63.93000030517578,0.0,64.0199966430664,63.59999847412109,63.869998931884766,0.0,19611700
2012-11-23,57.7168197631836,0.0,64.9000015258789,0.0,64.91999816894531,64.25,64.29000091552734,0.0,16462900
2012-11-26,57.96581268310547,0.0,65.18000030517578,0.0,65.22000122070312,64.54000091552734,64.73999786376953,0.0,26430900
2012-11-27,57.77016067504883,0.0,64.95999908447266,0.0,65.4000015258789,64.8499984741211,65.16999816894531,0.0,25828600
2012-11-28,58.26818084716797,0.0,65.5199966430664,0.0,65.56999969482422,64.25,64.6500015258789,0.0,37295800
2012-11-29,58.61501693725586,0.0,65.91000366210938,0.0,66.13999938964844,65.58000183105469,65.87000274658203,0.0,41136100
2012-11-30,58.51720428466797,0.0,65.80000305175781,0.0,65.97000122070312,65.61000061035156,65.91999816894531,0.0,33497400
2012-12-03,58.40156936645508,0.0,65.66999816894531,0.0,66.37000274658203,65.63999938964844,66.30999755859375,0.0,28240000
2012-12-04,58.36599349975586,0.0,65.62999725341797,0.0,65.7699966430664,65.19999694824219,65.69999694824219,0.0,49584500
2012-12-05,57.7168197631836,0.0,64.9000015258789,0.0,65.54000091552734,64.55000305175781,65.52999877929688,0.0,54076200
2012-12-06,58.090293884277344,0.0,65.31999969482422,0.0,65.4800033569336,64.52999877929688,64.69999694824219,0.0,47512300
2012-12-07,57.74348449707031,0.0,64.93000030517578,0.0,65.70999908447266,64.70999908447266,65.63999938964844,0.0,30089400
2012-12-10,57.91245651245117,0.0,65.12000274658203,0.0,65.45999908447266,64.75,64.75,0.0,33219600
2012-12-11,58.66838455200195,0.0,65.97000122070312,0.0,66.33999633789062,65.5199966430664,65.56999969482422,0.0,40750800
2012-12-12,58.54386520385742,0.0,65.83000183105469,0.0,66.31999969482422,65.6500015258789,66.31999969482422,0.0,45917700
2012-12-13,58.0814208984375,0.0,65.30999755859375,0.0,66.16000366210938,65.02999877929688,65.69999694824219,0.0,45467700
2012-12-14,57.530059814453125,0.0,64.69000244140625,0.0,65.08000183105469,64.47000122070312,64.87000274658203,0.0,39630300
2012-12-17,58.29485702514648,0.0,65.55000305175781,0.0,65.56999969482422,64.66000366210938,64.75,0.0,42302900
2012-12-18,59.184181213378906,0.0,66.55000305175781,0.0,66.6500015258789,65.69999694824219,65.87999725341797,0.0,55596000
2012-12-19,58.92627716064453,0.0,66.26000213623047,0.0,66.76000213623047,66.22000122070312,66.73999786376953,0.0,34832500
2012-12-20,58.92627716064453,0.0,66.26000213623047,0.0,66.41000366210938,65.93000030517578,66.37999725341797,0.0,40754300
2012-12-21,58.30654525756836,0.0,65.19999694824219,0.367,65.27999877929688,64.5999984741211,64.87999725341797,0.0,51152900
2012-12-24,58.19031524658203,0.0,65.06999969482422,0.0,65.13999938964844,64.91999816894531,65.02999877929688,0.0,11418300
2012-12-26,57.6805534362793,0.0,64.5,0.0,65.18000030517578,64.29000091552734,65.12000274658203,0.0,21751300
2012-12-27,57.591121673583984,0.0,64.4000015258789,0.0,64.63999938964844,63.59999847412109,64.55999755859375,0.0,52933200
2012-12-28,57.03667068481445,0.0,63.77999877929688,0.0,64.43000030517578,63.75,63.90999984741211,0.0,33082100
2012-12-31,58.24394989013672,0.0,65.12999725341797,0.0,65.25,63.58000183105469,63.709999084472656,0.0,57544000
2013-01-02,60.09510040283203,0.0,67.19999694824219,0.0,67.2300033569336,66.4800033569336,66.7300033569336,0.0,70695900
2013-01-03,59.78208923339844,0.0,66.8499984741211,0.0,67.33999633789062,66.6500015258789,67.19999694824219,0.0,47366500
2013-01-04,59.58535385131836,0.0,66.62999725341797,0.0,66.87999725341797,66.47000122070312,66.87999725341797,0.0,33972500
2013-01-07,59.603248596191406,0.0,66.6500015258789,0.0,66.76000213623047,66.25,66.45999908447266,0.0,26766200
2013-01-08,59.48698043823242,0.0,66.5199966430664,0.0,66.81999969482422,66.16999816894531,66.63999938964844,0.0,28734900
2013-01-09,59.710548400878906,0.0,66.7699966430664,0.0,66.94999694824219,66.55000305175781,66.62000274658203,0.0,25600300
2013-01-10,60.068241119384766,0.0,67.16999816894531,0.0,67.2699966430664,66.55000305175781,67.2300033569336,0.0,37528000
2013-01-11,60.14874649047852,0.0,67.26000213623047,0.0,67.29000091552734,67.0,67.13999938964844,0.0,21158600
2013-01-14,59.88047790527344,0.0,66.95999908447266,0.0,67.1500015258789,66.66999816894531,66.91999816894531,0.0,36768500
2013-01-15,59.58535385131836,0.0,66.62999725341797,0.0,66.7300033569336,66.33000183105469,66.62999725341797,0.0,31675300
2013-01-16,59.82680892944336,0.0,66.9000015258789,0.0,67.12999725341797,66.5999984741211,66.72000122070312,0.0,33822300
2013-01-17,60.11299896240234,0.0,67.22000122070312,0.0,67.4800033569336,67.05999755859375,67.16999816894531,0.0,32024200
2013-01-18,59.97883224487305,0.0,67.06999969482422,0.0,67.13999938964844,66.7699966430664,67.0199966430664,0.0,31992000
2013-01-22,60.07719039916992,0.0,67.18000030517578,0.0,67.2300033569336,66.7300033569336,67.13999938964844,0.0,32123100
2013-01-23,60.4438591003418,0.0,67.58999633789062,0.0,67.79000091552734,67.45999908447266,67.55999755859375,0.0,31975700
2013-01-24,59.61220169067383,0.0,66.66000366210938,0.0,67.27999877929688,66.55999755859375,66.66000366210938,0.0,42596300
2013-01-25,59.91623306274414,0.0,67.0,0.0,67.19000244140625,66.73999786376953,66.87000274658203,0.0,39240100
2013-01-28,60.05038833618164,0.0,67.1500015258789,0.0,67.37999725341797,66.93000030517578,67.01000213623047,0.0,32926100
2013-01-29,60.05931091308594,0.0,67.16000366210938,0.0,67.30999755859375,66.62999725341797,67.06999969482422,0.0,35554700
2013-01-30,59.934112548828125,0.0,67.0199966430664,0.0,67.4800033569336,66.87000274658203,67.27999877929688,0.0,34445000
2013-01-31,59.79997253417969,0.0,66.87000274658203,0.0,67.3499984741211,66.80999755859375,66.98999786376953,0.0,34870500
2013-02-01,60.50647735595703,0.0,67.66000366210938,0.0,67.77999877929688,67.06999969482422,67.33999633789062,0.0,53120800
2013-02-04,59.45122146606445,0.0,66.4800033569336,0.0,67.45999908447266,66.45999908447266,67.2699966430664,0.0,48483700
2013-02-05,60.32759094238281,0.0,67.45999908447266,0.0,67.66999816894531,66.61000061035156,66.7699966430664,0.0,35120300
2013-02-06,60.13084411621094,0.0,67.23999786376953,0.0,67.55000305175781,67.04000091552734,67.23999786376953,0.0,43593200
2013-02-07,60.18450546264648,0.0,67.30000305175781,0.0,67.37000274658203,66.55999755859375,67.31999969482422,0.0,46017900
2013-02-08,60.80158615112305,0.0,67.98999786376953,0.0,68.12999725341797,67.62999725341797,67.63999938964844,0.0,39837200
2013-02-11,60.819435119628906,0.0,68.01000213623047,0.0,68.05999755859375,67.77999877929688,68.02999877929688,0.0,17650400
2013-02-12,60.56906509399414,0.0,67.7300033569336,0.0,68.05000305175781,67.66000366210938,67.91999816894531,0.0,22057900
2013-02-13,60.78366470336914,0.0,67.97000122070312,0.0,68.2300033569336,67.7699966430664,67.93000030517578,0.0,23494700
2013-02-14,60.76579666137695,0.0,67.94999694824219,0.0,68.05000305175781,67.62000274658203,67.66000366210938,0.0,24478800
2013-02-15,60.586952209472656,0.0,67.75,0.0,68.11000061035156,67.55999755859375,67.94000244140625,0.0,25333600
2013-02-19,61.02511596679688,0.0,68.23999786376953,0.0,68.26000213623047,67.86000061035156,67.87999725341797,0.0,23436500
2013-02-20,60.08614349365234,0.0,67.19000244140625,0.0,68.25,67.18000030517578,68.22000122070312,0.0,38200300
2013-02-21,59.4422721862793,0.0,66.47000122070312,0.0,67.01000213623047,66.2300033569336,66.94000244140625,0.0,45855600
2013-02-22,60.04143524169922,0.0,67.13999938964844,0.0,67.1500015258789,66.58999633789062,66.8499984741211,0.0,21968000
2013-02-25,59.2991828918457,0.0,66.30999755859375,0.0,67.80999755859375,66.25,67.56999969482422,0.0,40927600
2013-02-26,59.52275085449219,0.0,66.55999755859375,0.0,66.68000030517578,65.95999908447266,66.4000015258789,0.0,42088800
2013-02-27,60.13084411621094,0.0,67.23999786376953,0.0,67.6500015258789,66.47000122070312,66.55999755859375,0.0,36339500
2013-02-28,60.005638122558594,0.0,67.0999984741211,0.0,67.73999786376953,67.08999633789062,67.25,0.0,28557300
2013-03-01,60.25605010986328,0.0,67.37999725341797,0.0,67.5,66.54000091552734,66.87000274658203,0.0,31617200
2013-03-04,60.52433395385742,0.0,67.68000030517578,0.0,67.69000244140625,67.06999969482422,67.16000366210938,0.0,19380500
2013-03-05,61.41861724853516,0.0,68.68000030517578,0.0,68.7699966430664,68.08000183105469,68.08000183105469,0.0,35581900
2013-03-06,61.26659393310547,0.0,68.51000213623047,0.0,68.91000366210938,68.41999816894531,68.88999938964844,0.0,29071100
2013-03-07,61.42755889892578,0.0,68.69000244140625,0.0,68.80000305175781,68.44999694824219,68.58999633789062,0.0,21775900
2013-03-08,61.49909591674805,0.0,68.7699966430664,0.0,69.0199966430664,68.5,68.91999816894531,0.0,26159900
2013-03-11,61.67795944213867,0.0,68.97000122070312,0.0,68.98999786376953,68.47000122070312,68.68000030517578,0.0,23187900
2013-03-12,61.45436477661133,0.0,68.72000122070312,0.0,68.93000030517578,68.38999938964844,68.7699966430664,0.0,27575400
2013-03-13,61.37388229370117,0.0,68.62999725341797,0.0,68.88999938964844,68.38999938964844,68.80999755859375,0.0,34297300
2013-03-14,61.57958984375,0.0,68.86000061035156,0.0,69.01000213623047,68.70999908447266,68.87000274658203,0.0,31530800
2013-03-15,61.40838623046875,0.0,68.51000213623047,0.159,68.79000091552734,68.33999633789062,68.75,0.0,30752600
2013-03-18,61.27394104003906,0.0,68.36000061035156,0.0,68.63999938964844,67.7300033569336,67.87999725341797,0.0,36163000
2013-03-19,61.15740585327149,0.0,68.2300033569336,0.0,68.69999694824219,67.62000274658203,68.56999969482422,0.0,33125100
2013-03-20,61.58766174316406,0.0,68.70999908447266,0.0,68.86000061035156,68.38999938964844,68.70999908447266,0.0,28035400
2013-03-21,60.88853073120117,0.0,67.93000030517578,0.0,68.25,67.7699966430664,68.08000183105469,0.0,30050800
2013-03-22,61.48007583618164,0.0,68.58999633789062,0.0,68.63999938964844,68.12999725341797,68.20999908447266,0.0,28837200
2013-03-25,61.25599670410156,0.0,68.33999633789062,0.0,68.95999908447266,68.01000213623047,68.80999755859375,0.0,24909800
2013-03-26,61.58766174316406,0.0,68.70999908447266,0.0,68.7300033569336,68.44999694824219,68.5999984741211,0.0,19725200
2013-03-27,61.66831970214844,0.0,68.80000305175781,0.0,68.8499984741211,68.13999938964844,68.23999786376953,0.0,22539500
2013-03-28,61.82069778442383,0.0,68.97000122070312,0.0,69.05999755859375,68.63999938964844,68.80000305175781,0.0,23662800
2013-04-01,61.399410247802734,0.0,68.5,0.0,69.08999633789062,68.30999755859375,69.0199966430664,0.0,28112800
2013-04-02,61.88343811035156,0.0,69.04000091552734,0.0,69.2699966430664,68.7699966430664,68.83000183105469,0.0,29431900
2013-04-03,61.31874084472656,0.0,68.41000366210938,0.0,69.18000030517578,68.23999786376953,69.08000183105469,0.0,35131200
2013-04-04,61.336673736572266,0.0,68.43000030517578,0.0,68.5999984741211,68.05999755859375,68.37999725341797,0.0,32287400
2013-04-05,60.82575607299805,0.0,67.86000061035156,0.0,67.95999908447266,67.19000244140625,67.3499984741211,0.0,55610800
2013-04-08,61.14845657348633,0.0,68.22000122070312,0.0,68.23999786376953,67.69000244140625,67.88999938964844,0.0,17891600
2013-04-09,61.56076431274414,0.0,68.68000030517578,0.0,68.95999908447266,68.08999633789062,68.4000015258789,0.0,30931400
2013-04-10,62.761863708496094,0.0,70.0199966430664,0.0,70.16999816894531,68.87999725341797,68.91999816894531,0.0,55271300
2013-04-11,62.734962463378906,0.0,69.98999786376953,0.0,70.1500015258789,69.7699966430664,69.8499984741211,0.0,37233600
2013-04-12,62.69016647338867,0.0,69.94000244140625,0.0,69.98999786376953,69.41000366210938,69.81999969482422,0.0,32783700
2013-04-15,61.45318984985352,0.0,68.55999755859375,0.0,69.79000091552734,68.4800033569336,69.68000030517578,0.0,48795800
2013-04-16,62.26885223388672,0.0,69.47000122070312,0.0,69.55000305175781,68.80999755859375,68.94999694824219,0.0,27682600
2013-04-17,61.04985427856445,0.0,68.11000061035156,0.0,68.88999938964844,67.70999908447266,68.87000274658203,0.0,60204800
2013-04-18,60.20726013183594,0.0,67.16999816894531,0.0,68.33000183105469,66.87999725341797,68.29000091552734,0.0,56798200
2013-04-19,61.03189468383789,0.0,68.08999633789062,0.0,68.2300033569336,67.19999694824219,67.30000305175781,0.0,43062800
2013-04-22,61.65935134887695,0.0,68.79000091552734,0.0,69.04000091552734,68.08000183105469,68.33000183105469,0.0,34412100
2013-04-23,62.25093078613281,0.0,69.44999694824219,0.0,69.69999694824219,68.81999969482422,69.18000030517578,0.0,53078300
2013-04-24,62.22404479980469,0.0,69.41999816894531,0.0,69.66999816894531,69.12000274658203,69.27999877929688,0.0,44500700
2013-04-25,62.55569839477539,0.0,69.79000091552734,0.0,70.05000305175781,69.58999633789062,69.5999984741211,0.0,26437100
2013-04-26,62.35850143432617,0.0,69.56999969482422,0.0,69.7699966430664,69.2699966430664,69.62000274658203,0.0,24079800
2013-04-29,62.93217086791992,0.0,70.20999908447266,0.0,70.4800033569336,69.76000213623047,69.79000091552734,0.0,31664000
2013-04-30,63.3892707824707,0.0,70.72000122070312,0.0,70.7300033569336,70.04000091552734,70.30000305175781,0.0,30135800
2013-05-01,63.093482971191406,0.0,70.38999938964844,0.0,70.8499984741211,70.25,70.73999786376953,0.0,28537200
2013-05-02,63.8912467956543,0.0,71.27999877929688,0.0,71.43000030517578,70.44999694824219,70.51000213623047,0.0,31744200
2013-05-03,64.64414978027344,0.0,72.12000274658203,0.0,72.33999633789062,71.91000366210938,71.97000122070312,0.0,34061700
2013-05-06,64.8951416015625,0.0,72.4000015258789,0.0,72.51000213623047,72.19000244140625,72.25,0.0,19244300
2013-05-07,64.85929870605469,0.0,72.36000061035156,0.0,72.56999969482422,72.08999633789062,72.5199966430664,0.0,25838100
2013-05-08,65.17301177978516,0.0,72.70999908447266,0.0,72.7699966430664,72.19999694824219,72.31999969482422,0.0,24252100
2013-05-09,65.08336639404297,0.0,72.61000061035156,0.0,73.0999984741211,72.47000122070312,72.56999969482422,0.0,29337200
2013-05-10,65.47776794433594,0.0,73.05000305175781,0.0,73.08000183105469,72.62999725341797,72.76000213623047,0.0,20663700
2013-05-13,65.55842590332031,0.0,73.13999938964844,0.0,73.31999969482422,72.86000061035156,72.93000030517578,0.0,29730100
2013-05-14,65.89904022216797,0.0,73.5199966430664,0.0,73.73999786376953,73.12999725341797,73.16000366210938,0.0,36009800
2013-05-15,66.03351593017578,0.0,73.66999816894531,0.0,73.73999786376953,73.19999694824219,73.37999725341797,0.0,27214400
2013-05-16,65.96180725097656,0.0,73.58999633789062,0.0,74.0999984741211,73.55000305175781,73.7300033569336,0.0,27253400
2013-05-17,66.59815979003906,0.0,74.30000305175781,0.0,74.33000183105469,73.7300033569336,73.97000122070312,0.0,31114500
2013-05-20,66.49957275390625,0.0,74.19000244140625,0.0,74.43000030517578,73.88999938964844,74.16000366210938,0.0,25132400
2013-05-21,66.57131958007812,0.0,74.2699966430664,0.0,74.54000091552734,73.88999938964844,74.1500015258789,0.0,25900000
2013-05-22,65.98870086669922,0.0,73.62000274658203,0.0,74.94999694824219,73.23999786376953,74.36000061035156,0.0,59843200
2013-05-23,65.83631134033203,0.0,73.44999694824219,0.0,73.69999694824219,72.83000183105469,72.97000122070312,0.0,48222100
2013-05-24,65.80047607421875,0.0,73.41000366210938,0.0,73.43000030517578,72.76000213623047,72.95999908447266,0.0,26430300
2013-05-28,66.23072052001953,0.0,73.88999938964844,0.0,74.54000091552734,73.66000366210938,74.2699966430664,0.0,27057100
2013-05-29,65.91698455810547,0.0,73.54000091552734,0.0,73.80000305175781,73.12000274658203,73.5999984741211,0.0,32090300
2013-05-30,66.26655578613281,0.0,73.93000030517578,0.0,74.27999877929688,73.55000305175781,73.56999969482422,0.0,32390500
2013-05-31,65.65702819824219,0.0,73.25,0.0,74.20999908447266,73.16999816894531,73.6500015258789,0.0,38347600
2013-06-03,65.7735595703125,0.0,73.37999725341797,0.0,73.4000015258789,72.43000030517578,73.26000213623047,0.0,47613100
2013-06-04,65.43293762207031,0.0,73.0,0.0,73.81999969482422,72.69999694824219,73.52999877929688,0.0,35251900
2013-06-05,64.58139038085938,0.0,72.05000305175781,0.0,73.04000091552734,71.98999786376953,72.76000213623047,0.0,48654200
2013-06-06,64.8951416015625,0.0,72.4000015258789,0.0,72.41000366210938,71.47000122070312,72.1500015258789,0.0,62524100
2013-06-07,65.78255462646484,0.0,73.38999938964844,0.0,73.47000122070312,72.5199966430664,72.69999694824219,0.0,31969800
2013-06-10,65.80941772460938,0.0,73.41999816894531,0.0,73.76000213623047,73.26000213623047,73.52999877929688,0.0,25390000
2013-06-11,65.15507507324219,0.0,72.69000244140625,0.0,73.33999633789062,72.44000244140625,72.69000244140625,0.0,40278900
2013-06-12,64.40216827392578,0.0,71.8499984741211,0.0,73.13999938964844,71.73999786376953,73.11000061035156,0.0,42081900
2013-06-13,65.21783447265625,0.0,72.76000213623047,0.0,72.91999816894531,71.55000305175781,71.75,0.0,28221500
2013-06-14,64.78759002685547,0.0,72.27999877929688,0.0,72.83999633789062,72.16999816894531,72.76000213623047,0.0,27690700
2013-06-17,65.41500091552734,0.0,72.9800033569336,0.0,73.4000015258789,72.5999984741211,72.8499984741211,0.0,32441900
2013-06-18,65.95283508300781,0.0,73.58000183105469,0.0,73.72000122070312,73.05999755859375,73.08000183105469,0.0,24853100
2013-06-19,65.21783447265625,0.0,72.76000213623047,0.0,73.68000030517578,72.68000030517578,73.5999984741211,0.0,43145100
2013-06-20,63.66716003417969,0.0,71.02999877929688,0.0,72.16000366210938,70.79000091552734,71.91999816894531,0.0,60908400
2013-06-21,63.32907485961914,0.0,70.43000030517578,0.224,70.97000122070312,69.83999633789062,70.77999877929688,0.0,51558900
2013-06-24,62.69964218139648,0.0,69.7300033569336,0.0,70.2699966430664,69.1500015258789,69.8499984741211,0.0,41492300
2013-06-25,63.15821838378906,0.0,70.23999786376953,0.0,70.5199966430664,69.80999755859375,70.4000015258789,0.0,28897400
2013-06-26,63.72469329833984,0.0,70.87000274658203,0.0,71.0,70.58999633789062,70.83999633789062,0.0,23742300
2013-06-27,63.99449157714844,0.0,71.16999816894531,0.0,71.62000274658203,71.12999725341797,71.23999786376953,0.0,23545000
2013-06-28,64.08438873291016,0.0,71.2699966430664,0.0,71.69000244140625,70.79000091552734,70.94999694824219,0.0,28301100
2013-07-01,64.48001861572266,0.0,71.70999908447266,0.0,72.30000305175781,71.63999938964844,71.75,0.0,24942800
2013-07-02,64.50697326660156,0.0,71.73999786376953,0.0,72.18000030517578,71.3499984741211,71.68000030517578,0.0,23067900
2013-07-03,64.76778411865234,0.0,72.02999877929688,0.0,72.37000274658203,71.41999816894531,71.4800033569336,0.0,18847500
2013-07-05,65.26229095458984,0.0,72.58000183105469,0.0,72.61000061035156,71.86000061035156,72.44000244140625,0.0,28795900
2013-07-08,65.32522583007812,0.0,72.6500015258789,0.0,72.98999786376953,72.37999725341797,72.95999908447266,0.0,20558500
2013-07-09,65.72090148925781,0.0,73.08999633789062,0.0,73.25,72.6500015258789,72.98999786376953,0.0,26108600
2013-07-10,66.0985336303711,0.0,73.51000213623047,0.0,73.62000274658203,72.9800033569336,73.0199966430664,0.0,25598900
2013-07-11,67.41133880615234,0.0,74.97000122070312,0.0,75.02999877929688,74.25,74.30000305175781,0.0,47768900
2013-07-12,67.70807647705078,0.0,75.30000305175781,0.0,75.3499984741211,74.81999969482422,75.0199966430664,0.0,31412600
2013-07-15,67.8609390258789,0.0,75.47000122070312,0.0,75.5199966430664,75.16999816894531,75.37999725341797,0.0,19783600
2013-07-16,67.77102661132812,0.0,75.37000274658203,0.0,75.58999633789062,75.18000030517578,75.52999877929688,0.0,31747100
2013-07-17,67.94184875488281,0.0,75.55999755859375,0.0,75.73999786376953,75.3499984741211,75.5999984741211,0.0,24631500
2013-07-18,67.77102661132812,0.0,75.37000274658203,0.0,75.73999786376953,75.25,75.55000305175781,0.0,36278800
2013-07-19,67.06964874267578,0.0,74.58999633789062,0.0,74.73999786376953,74.37000274658203,74.72000122070312,0.0,37732400
2013-07-22,67.2674789428711,0.0,74.80999755859375,0.0,74.9800033569336,74.58000183105469,74.87000274658203,0.0,21135900
2013-07-23,66.77289581298828,0.0,74.26000213623047,0.0,74.95999908447266,74.19999694824219,74.94999694824219,0.0,24739500
2013-07-24,66.98871612548828,0.0,74.5,0.0,75.0199966430664,74.33000183105469,74.98999786376953,0.0,24426900
2013-07-25,67.41133880615234,0.0,74.97000122070312,0.0,75.05999755859375,74.45999908447266,74.8499984741211,0.0,23162200
2013-07-26,67.77102661132812,0.0,75.37000274658203,0.0,75.37999725341797,74.55000305175781,74.66999816894531,0.0,20885600
2013-07-29,67.64512634277344,0.0,75.2300033569336,0.0,75.54000091552734,75.02999877929688,75.22000122070312,0.0,20958400
2013-07-30,68.00479125976562,0.0,75.62999725341797,0.0,75.94999694824219,75.3499984741211,75.5,0.0,24104600
2013-07-31,68.13067626953125,0.0,75.7699966430664,0.0,76.20999908447266,75.62999725341797,75.77999877929688,0.0,25007600
2013-08-01,68.82302856445312,0.0,76.54000091552734,0.0,76.6500015258789,76.20999908447266,76.29000091552734,0.0,16880000
2013-08-02,69.209716796875,0.0,76.97000122070312,0.0,76.98999786376953,76.37999725341797,76.55000305175781,0.0,18105300
2013-08-05,69.25460815429688,0.0,77.0199966430664,0.0,77.08000183105469,76.77999877929688,76.93000030517578,0.0,15462800
2013-08-06,68.84103393554688,0.0,76.55999755859375,0.0,76.98999786376953,76.25,76.91999816894531,0.0,23675400
2013-08-07,68.71514129638672,0.0,76.41999816894531,0.0,76.56999969482422,75.87000274658203,76.33999633789062,0.0,20281200
2013-08-08,69.05683898925781,0.0,76.80000305175781,0.0,76.9800033569336,76.30000305175781,76.83999633789062,0.0,19994000
2013-08-09,68.77812957763672,0.0,76.48999786376953,0.0,76.94000244140625,76.2699966430664,76.66999816894531,0.0,18558500
2013-08-12,68.93994903564453,0.0,76.66999816894531,0.0,76.80999755859375,76.19000244140625,76.19999694824219,0.0,20515900
2013-08-13,69.32659912109375,0.0,77.0999984741211,0.0,77.2699966430664,76.22000122070312,76.7699966430664,0.0,23917000
2013-08-14,69.0657958984375,0.0,76.80999755859375,0.0,77.18000030517578,76.69999694824219,77.06999969482422,0.0,29921000
2013-08-15,67.89688873291016,0.0,75.51000213623047,0.0,75.98999786376953,75.29000091552734,75.94999694824219,0.0,39406600
2013-08-16,67.86990356445312,0.0,75.4800033569336,0.0,75.87000274658203,75.3499984741211,75.5199966430664,0.0,23825000
2013-08-19,67.75304412841797,0.0,75.3499984741211,0.0,76.12999725341797,75.33000183105469,75.48999786376953,0.0,29586900
2013-08-20,68.04975891113281,0.0,75.68000030517578,0.0,76.02999877929688,75.43000030517578,75.48999786376953,0.0,18842800
2013-08-21,67.81596374511719,0.0,75.41999816894531,0.0,76.08999633789062,75.13999938964844,75.44000244140625,0.0,30705100
2013-08-22,68.4813461303711,0.0,76.16000366210938,0.0,76.20999908447266,75.70999908447266,75.75,0.0,17269500
2013-08-23,68.93994903564453,0.0,76.66999816894531,0.0,76.7699966430664,76.4000015258789,76.69999694824219,0.0,20697300
2013-08-26,68.97590637207031,0.0,76.70999908447266,0.0,77.27999877929688,76.55000305175781,76.7300033569336,0.0,27525500
2013-08-27,67.56422424316406,0.0,75.13999938964844,0.0,76.18000030517578,74.95999908447266,75.80000305175781,0.0,40068900
2013-08-28,67.8249740600586,0.0,75.43000030517578,0.0,75.75,75.05000305175781,75.05000305175781,0.0,20490400
2013-08-29,68.301513671875,0.0,75.95999908447266,0.0,76.33999633789062,75.30000305175781,75.41000366210938,0.0,27287900
2013-08-30,67.8609390258789,0.0,75.47000122070312,0.0,76.04000091552734,75.19999694824219,76.04000091552734,0.0,26228500
2013-09-03,68.24758911132812,0.0,75.9000015258789,0.0,76.44000244140625,75.54000091552734,76.08999633789062,0.0,27241500
2013-09-04,68.97590637207031,0.0,76.70999908447266,0.0,76.83999633789062,75.93000030517578,76.16000366210938,0.0,27142900
2013-09-05,69.09280395507812,0.0,76.83999633789062,0.0,77.05999755859375,76.7300033569336,76.76000213623047,0.0,17809700
2013-09-06,69.17373657226562,0.0,76.93000030517578,0.0,77.33999633789062,76.05000305175781,77.0999984741211,0.0,27715100
2013-09-09,69.98297119140625,0.0,77.83000183105469,0.0,77.95999908447266,77.2300033569336,77.26000213623047,0.0,25161900
2013-09-10,70.32466888427734,0.0,78.20999908447266,0.0,78.31999969482422,77.91999816894531,78.27999877929688,0.0,27619400
2013-09-11,70.18977355957031,0.0,78.05999755859375,0.0,78.11000061035156,77.58999633789062,77.69000244140625,0.0,28132900
2013-09-12,70.14484405517578,0.0,78.01000213623047,0.0,78.25,77.8499984741211,78.08000183105469,0.0,18332700
2013-09-13,70.18977355957031,0.0,78.05999755859375,0.0,78.13999938964844,77.63999938964844,78.08999633789062,0.0,16932500
2013-09-16,70.00096130371094,0.0,77.8499984741211,0.0,78.72000122070312,77.66999816894531,78.72000122070312,0.0,25704300
2013-09-17,70.46853637695312,0.0,78.37000274658203,0.0,78.47000122070312,77.9800033569336,78.0199966430664,0.0,27174300
2013-09-18,71.31376647949219,0.0,79.30999755859375,0.0,79.47000122070312,78.33000183105469,78.48999786376953,0.0,31714700
2013-09-19,71.48461151123047,0.0,79.5,0.0,79.69000244140625,79.36000061035156,79.55999755859375,0.0,26435700
2013-09-20,71.23930358886719,0.0,78.98999786376953,0.238,79.54000091552734,78.94999694824219,79.44999694824219,0.0,26328900
2013-09-23,71.0949935913086,0.0,78.83000183105469,0.0,79.41000366210938,78.45999908447266,79.31999969482422,0.0,30319400
2013-09-24,71.0949935913086,0.0,78.83000183105469,0.0,79.25,78.56999969482422,79.0,0.0,21871300
2013-09-25,70.85150146484375,0.0,78.55999755859375,0.0,79.0,78.4000015258789,78.88999938964844,0.0,22746400
2013-09-26,71.40164947509766,0.0,79.16999816894531,0.0,79.36000061035156,78.8499984741211,78.87999725341797,0.0,22421700
2013-09-27,71.31147003173828,0.0,79.06999969482422,0.0,79.20999908447266,78.58999633789062,78.70999908447266,0.0,25151600
2013-09-30,71.14009857177734,0.0,78.87999725341797,0.0,79.08999633789062,78.0,78.25,0.0,28031900
2013-10-01,71.86161041259766,0.0,79.68000030517578,0.0,79.72000122070312,78.8499984741211,78.88999938964844,0.0,33129700
2013-10-02,71.83454132080078,0.0,79.6500015258789,0.0,79.76000213623047,79.05999755859375,79.13999938964844,0.0,25503800
2013-10-03,70.99578857421875,0.0,78.72000122070312,0.0,79.72000122070312,78.30000305175781,79.55000305175781,0.0,42998200
2013-10-04,71.60907745361328,0.0,79.4000015258789,0.0,79.51000213623047,78.6500015258789,78.72000122070312,0.0,22852700
2013-10-07,71.01380157470703,0.0,78.73999786376953,0.0,79.3499984741211,78.66999816894531,78.69999694824219,0.0,20227100
2013-10-08,69.64298248291016,0.0,77.22000122070312,0.0,78.80999755859375,77.19000244140625,78.73999786376953,0.0,43660700
2013-10-09,69.42649841308594,0.0,76.9800033569336,0.0,77.44000244140625,76.3499984741211,77.4000015258789,0.0,64526700
2013-10-10,70.89659881591797,0.0,78.61000061035156,0.0,78.79000091552734,77.79000091552734,77.80999755859375,0.0,48062700
2013-10-11,71.45574188232422,0.0,79.2300033569336,0.0,79.29000091552734,78.4000015258789,78.41000366210938,0.0,25214100
2013-10-14,71.96083068847656,0.0,79.79000091552734,0.0,79.79000091552734,78.68000030517578,78.73999786376953,0.0,31471900
2013-10-15,71.68124389648438,0.0,79.4800033569336,0.0,80.11000061035156,79.37999725341797,79.7300033569336,0.0,38684000
2013-10-16,72.49291229248047,0.0,80.37999725341797,0.0,80.41999816894531,79.79000091552734,79.8499984741211,0.0,46735900
2013-10-17,72.90777587890625,0.0,80.83999633789062,0.0,80.87000274658203,79.94999694824219,80.0199966430664,0.0,32193500
2013-10-18,74.0892333984375,0.0,82.1500015258789,0.0,82.18000030517578,81.3499984741211,81.58000183105469,0.0,39628200
2013-10-21,74.25157928466797,0.0,82.33000183105469,0.0,82.54000091552734,82.06999969482422,82.33999633789062,0.0,31176900
2013-10-22,74.35978698730469,0.0,82.44999694824219,0.0,82.9000015258789,81.93000030517578,82.6500015258789,0.0,43944800
2013-10-23,73.90885925292969,0.0,81.94999694824219,0.0,82.19999694824219,81.55000305175781,82.05000305175781,0.0,38021300
2013-10-24,74.23353576660156,0.0,82.30999755859375,0.0,82.4800033569336,81.87999725341797,82.0,0.0,23155100
2013-10-25,74.76566314697266,0.0,82.9000015258789,0.0,83.27999877929688,82.5,83.08000183105469,0.0,35824500
2013-10-28,74.78368377685547,0.0,82.91999816894531,0.0,83.05000305175781,82.55000305175781,82.91000366210938,0.0,28618400
2013-10-29,74.90994262695312,0.0,83.05999755859375,0.0,83.26000213623047,82.69999694824219,83.19999694824219,0.0,36878100
2013-10-30,74.8377914428711,0.0,82.9800033569336,0.0,83.48999786376953,82.58000183105469,83.3499984741211,0.0,33535500
2013-10-31,74.66645050048828,0.0,82.79000091552734,0.0,83.30000305175781,82.4800033569336,82.7699966430664,0.0,31309900
2013-11-01,74.68447875976562,0.0,82.80999755859375,0.0,83.16999816894531,82.4000015258789,83.06999969482422,0.0,30867800
2013-11-04,74.79267883300781,0.0,82.93000030517578,0.0,83.06999969482422,82.63999938964844,83.05999755859375,0.0,16834000
2013-11-05,74.87387084960938,0.0,83.0199966430664,0.0,83.22000122070312,82.37000274658203,82.61000061035156,0.0,27975600
2013-11-06,74.85582733154297,0.0,83.0,0.0,83.4000015258789,82.7300033569336,83.37000274658203,0.0,25576800
2013-11-07,73.44889068603516,0.0,81.44000244140625,0.0,83.12999725341797,81.37000274658203,83.01000213623047,0.0,52173200
2013-11-08,74.44096374511719,0.0,82.54000091552734,0.0,82.55999755859375,81.51000213623047,81.73999786376953,0.0,31470500
2013-11-11,74.32371520996094,0.0,82.41000366210938,0.0,82.63999938964844,82.13999938964844,82.41999816894531,0.0,24822900
2013-11-12,74.44096374511719,0.0,82.54000091552734,0.0,82.66000366210938,82.12000274658203,82.16000366210938,0.0,20108500
2013-11-13,75.34282684326172,0.0,83.54000091552734,0.0,83.55000305175781,82.0,82.0,0.0,31345900
2013-11-14,75.57732391357422,0.0,83.80000305175781,0.0,83.86000061035156,83.13999938964844,83.31999969482422,0.0,31101200
2013-11-15,75.72161865234375,0.0,83.95999908447266,0.0,83.95999908447266,83.61000061035156,83.81999969482422,0.0,20511300
2013-11-18,74.98210144042969,0.0,83.13999938964844,0.0,84.11000061035156,82.9800033569336,83.94000244140625,0.0,31679600
2013-11-19,74.76566314697266,0.0,82.9000015258789,0.0,83.48999786376953,82.76000213623047,83.08999633789062,0.0,25545300
2013-11-20,74.58526611328125,0.0,82.69999694824219,0.0,83.43000030517578,82.45999908447266,83.12000274658203,0.0,32177400
2013-11-21,75.34282684326172,0.0,83.54000091552734,0.0,83.61000061035156,82.9800033569336,83.05000305175781,0.0,28125000
2013-11-22,75.74871063232422,0.0,83.98999786376953,0.0,84.0199966430664,83.62000274658203,83.68000030517578,0.0,25361300
2013-11-25,75.9290542602539,0.0,84.19000244140625,0.0,84.37999725341797,83.9800033569336,84.29000091552734,0.0,21695100
2013-11-26,76.32587432861328,0.0,84.62999725341797,0.0,84.83999633789062,84.02999877929688,84.20999908447266,0.0,26621000
2013-11-27,76.85800170898438,0.0,85.22000122070312,0.0,85.23999786376953,84.7300033569336,84.80000305175781,0.0,21638100
2013-11-29,77.31794738769531,0.0,85.7300033569336,0.0,85.83999633789062,85.47000122070312,85.55999755859375,0.0,16708900
2013-12-02,77.09249114990234,0.0,85.4800033569336,0.0,85.95999908447266,85.3499984741211,85.83000183105469,0.0,26354600
2013-12-03,77.02935791015625,0.0,85.41000366210938,0.0,85.63999938964844,85.08000183105469,85.41999816894531,0.0,37147000
2013-12-04,77.10150909423828,0.0,85.48999786376953,0.0,85.7699966430664,84.77999877929688,85.05000305175781,0.0,37193200
2013-12-05,77.0022964477539,0.0,85.37999725341797,0.0,85.66000366210938,85.16999816894531,85.55999755859375,0.0,39829300
2013-12-06,77.56144714355469,0.0,86.0,0.0,86.18000030517578,85.58999633789062,86.0999984741211,0.0,36842900
2013-12-09,77.87713623046875,0.0,86.3499984741211,0.0,86.52999877929688,86.19999694824219,86.3499984741211,0.0,22590000
2013-12-10,77.8230209350586,0.0,86.29000091552734,0.0,86.44999694824219,86.12000274658203,86.20999908447266,0.0,26965900
2013-12-11,76.8218994140625,0.0,85.18000030517578,0.0,86.4000015258789,85.05999755859375,86.27999877929688,0.0,36830600
2013-12-12,76.6235122680664,0.0,84.95999908447266,0.0,85.41999816894531,84.9000015258789,85.20999908447266,0.0,33662600
2013-12-13,76.52429962158203,0.0,84.8499984741211,0.0,85.4000015258789,84.70999908447266,85.36000061035156,0.0,34072000
2013-12-16,76.94817352294922,0.0,85.31999969482422,0.0,85.80999755859375,85.20999908447266,85.2699966430664,0.0,24902500
2013-12-17,76.79486846923828,0.0,85.1500015258789,0.0,85.52999877929688,84.98999786376953,85.31999969482422,0.0,24454900
2013-12-18,77.68772888183594,0.0,86.13999938964844,0.0,86.22000122070312,84.05000305175781,85.25,0.0,68387200
2013-12-19,77.4712905883789,0.0,85.9000015258789,0.0,86.01000213623047,85.5199966430664,86.0,0.0,44964100
2013-12-20,78.26020812988281,0.0,86.5,0.272,86.68000030517578,85.7300033569336,85.79000091552734,0.0,40475400
2013-12-23,79.08353424072266,0.0,87.41000366210938,0.0,87.41000366210938,86.94999694824219,87.20999908447266,0.0,28181800
2013-12-24,79.11972045898438,0.0,87.44999694824219,0.0,87.51000213623047,87.2699966430664,87.43000030517578,0.0,13852500
2013-12-26,79.382080078125,0.0,87.73999786376953,0.0,87.80999755859375,87.44000244140625,87.61000061035156,0.0,15241100
2013-12-27,79.18303680419922,0.0,87.5199966430664,0.0,87.9000015258789,87.41000366210938,87.8499984741211,0.0,15827400
2013-12-30,79.06543731689453,0.0,87.38999938964844,0.0,87.51000213623047,87.13999938964844,87.38999938964844,0.0,18983700
2013-12-31,79.58112335205078,0.0,87.95999908447266,0.0,87.95999908447266,87.5199966430664,87.55000305175781,0.0,24890500
2014-01-02,78.95685577392578,0.0,87.2699966430664,0.0,87.58000183105469,87.0199966430664,87.55000305175781,0.0,29177500
2014-01-03,78.38688659667969,0.0,86.63999938964844,0.0,87.3499984741211,86.62000274658203,87.2699966430664,0.0,35723700
2014-01-06,78.09735870361328,0.0,86.31999969482422,0.0,86.76000213623047,86.0,86.66000366210938,0.0,32073100
2014-01-07,78.82113647460938,0.0,87.12000274658203,0.0,87.25,86.55999755859375,86.72000122070312,0.0,25860600
2014-01-08,78.99304962158203,0.0,87.30999755859375,0.0,87.55000305175781,86.94999694824219,87.13999938964844,0.0,27197400
2014-01-09,78.7306900024414,0.0,87.0199966430664,0.0,87.63999938964844,86.72000122070312,87.62999725341797,0.0,23674700
2014-01-10,78.98401641845703,0.0,87.30000305175781,0.0,87.4000015258789,86.58000183105469,87.2300033569336,0.0,38008900
2014-01-13,77.81689453125,0.0,86.01000213623047,0.0,87.4800033569336,85.68000030517578,87.18000030517578,0.0,48842300
2014-01-14,79.30066680908203,0.0,87.6500015258789,0.0,87.72000122070312,86.30000305175781,86.30000305175781,0.0,37178900
2014-01-15,79.95207977294922,0.0,88.37000274658203,0.0,88.54000091552734,87.94000244140625,88.02999877929688,0.0,39835600
2014-01-16,79.96114349365234,0.0,88.37999725341797,0.0,88.51000213623047,88.16000366210938,88.30000305175781,0.0,31630100
2014-01-17,79.50877380371094,0.0,87.87999725341797,0.0,88.37000274658203,87.66999816894531,88.11000061035156,0.0,36895800
2014-01-21,80.11492919921875,0.0,88.55000305175781,0.0,88.58999633789062,87.80999755859375,88.44000244140625,0.0,26412700
2014-01-22,80.32302856445312,0.0,88.77999877929688,0.0,89.0,88.5199966430664,88.77999877929688,0.0,29376900
2014-01-23,80.05162811279297,0.0,88.4800033569336,0.0,88.5199966430664,87.86000061035156,88.51000213623047,0.0,35011900
2014-01-24,78.47733306884766,0.0,86.73999786376953,0.0,88.18000030517578,86.70999908447266,88.05000305175781,0.0,63974600
2014-01-27,77.7174072265625,0.0,85.9000015258789,0.0,86.88999938964844,85.25,86.73999786376953,0.0,63519300
2014-01-28,77.6721420288086,0.0,85.8499984741211,0.0,85.94000244140625,85.30999755859375,85.5,0.0,44378800
2014-01-29,76.83973693847656,0.0,84.93000030517578,0.0,85.73999786376953,84.76000213623047,85.11000061035156,0.0,51939300
2014-01-30,78.26020812988281,0.0,86.5,0.0,86.80000305175781,85.87999725341797,85.97000122070312,0.0,65833600
2014-01-31,78.05210876464844,0.0,86.2699966430664,0.0,86.68000030517578,85.44999694824219,85.54000091552734,0.0,45187000
2014-02-03,76.26074981689453,0.0,84.29000091552734,0.0,86.5,84.06999969482422,86.11000061035156,0.0,65596900
2014-02-04,76.8216781616211,0.0,84.91000366210938,0.0,85.25,84.45999908447266,84.72000122070312,0.0,37675500
2014-02-05,76.62264251708984,0.0,84.69000244140625,0.0,84.98999786376953,83.73999786376953,84.62999725341797,0.0,41721800
2014-02-06,77.59973907470703,0.0,85.7699966430664,0.0,85.87999725341797,84.91999816894531,84.94000244140625,0.0,32308600
2014-02-07,78.98401641845703,0.0,87.30000305175781,0.0,87.36000061035156,86.0,86.25,0.0,38359400
2014-02-10,79.43640899658203,0.0,87.80000305175781,0.0,87.83999633789062,87.20999908447266,87.2699966430664,0.0,30205400
2014-02-11,80.34113311767578,0.0,88.80000305175781,0.0,88.97000122070312,87.88999938964844,87.98999786376953,0.0,38635500
2014-02-12,80.49491119384766,0.0,88.97000122070312,0.0,89.16999816894531,88.69999694824219,88.9800033569336,0.0,32507200
2014-02-13,81.09207916259766,0.0,89.62999725341797,0.0,89.69999694824219,88.30000305175781,88.31999969482422,0.0,40454500
2014-02-14,81.25491333007812,0.0,89.80999755859375,0.0,90.01000213623047,89.33000183105469,89.5999984741211,0.0,33212400
2014-02-18,81.65303039550781,0.0,90.25,0.0,90.41999816894533,89.73999786376953,89.95999908447266,0.0,29546600
2014-02-19,81.09207916259766,0.0,89.62999725341797,0.0,90.29000091552734,89.44999694824219,90.08000183105467,0.0,41749900
2014-02-20,81.4720687866211,0.0,90.05000305175781,0.0,90.22000122070312,89.30999755859375,89.69000244140625,0.0,41814800
2014-02-21,81.36347198486328,0.0,89.93000030517578,0.0,90.47000122070312,89.81999969482422,90.33999633789062,0.0,31192200
2014-02-24,81.7977523803711,0.0,90.41000366210938,0.0,90.81999969482422,90.04000091552734,90.13999938964844,0.0,31500400
2014-02-25,81.70728302001953,0.0,90.30999755859376,0.0,90.72000122070312,90.0199966430664,90.54000091552734,0.0,26771700
2014-02-26,81.63491821289062,0.0,90.2300033569336,0.0,90.83999633789062,89.87000274658203,90.5500030517578,0.0,42953700
2014-02-27,82.16455078125,0.0,90.44000244140624,0.373,90.52999877929688,89.7300033569336,89.87000274658203,0.0,28742400
2014-02-28,82.07369995117188,0.0,90.33999633789062,0.0,90.95999908447266,89.54000091552734,90.41999816894533,0.0,48609800
2014-03-03,81.46501922607422,0.0,89.66999816894531,0.0,89.91000366210938,88.87000274658203,89.48999786376953,0.0,38885700
2014-03-04,82.50072479248047,0.0,90.80999755859376,0.0,90.9800033569336,90.55999755859376,90.6500015258789,0.0,33189000
2014-03-05,82.72779083251953,0.0,91.05999755859376,0.0,91.22000122070312,90.7699966430664,90.95999908447266,0.0,27203300
2014-03-06,82.65515899658203,0.0,90.9800033569336,0.0,91.33999633789062,90.6500015258789,91.2699966430664,0.0,24063900
2014-03-07,82.24629974365234,0.0,90.52999877929688,0.0,91.36000061035156,90.06999969482422,91.2699966430664,0.0,31167800
2014-03-10,82.31898498535156,0.0,90.61000061035156,0.0,90.66000366210938,90.02999877929688,90.4800033569336,0.0,18131700
2014-03-11,81.96469116210938,0.0,90.22000122070312,0.0,91.05999755859376,89.94999694824219,90.83000183105467,0.0,27484300
2014-03-12,82.27354431152344,0.0,90.55999755859376,0.0,90.61000061035156,89.4800033569336,89.80999755859375,0.0,27977200
2014-03-13,81.11068725585938,0.0,89.27999877929688,0.0,90.93000030517578,88.87000274658203,90.9000015258789,0.0,48542000
2014-03-14,80.55651092529297,0.0,88.66999816894531,0.0,89.37999725341797,88.62999725341797,88.98999786376953,0.0,38732300
2014-03-17,81.26512908935547,0.0,89.44999694824219,0.0,89.91000366210938,89.19000244140625,89.23999786376953,0.0,28467200
2014-03-18,82.24629974365234,0.0,90.52999877929688,0.0,90.63999938964844,89.52999877929688,89.55999755859375,0.0,31250200
2014-03-19,81.8011474609375,0.0,90.04000091552734,0.0,90.66000366210938,89.44999694824219,90.55999755859376,0.0,40869400
2014-03-20,82.0282974243164,0.0,90.29000091552734,0.0,90.55999755859376,89.58000183105469,89.76000213623047,0.0,31634500
2014-03-21,81.04120635986328,0.0,89.0,0.206,90.6500015258789,88.83000183105469,90.5999984741211,0.0,62754000
2014-03-24,80.33097076416016,0.0,88.22000122070312,0.0,89.38999938964844,87.41000366210938,89.31999969482422,0.0,77735300
2014-03-25,80.59506225585938,0.0,88.51000213623047,0.0,89.25,87.7699966430664,88.68000030517578,0.0,41723300
2014-03-26,79.55697631835938,0.0,87.37000274658203,0.0,89.1500015258789,87.36000061035156,88.94999694824219,0.0,40930400
2014-03-27,79.11077880859375,0.0,86.87999725341797,0.0,87.63999938964844,86.4000015258789,87.25,0.0,64784500
2014-03-28,79.265625,0.0,87.05000305175781,0.0,88.01000213623047,86.80999755859375,87.16000366210938,0.0,39895100
2014-03-31,79.83013916015625,0.0,87.66999816894531,0.0,88.26000213623047,87.62000274658203,87.7300033569336,0.0,33924300
2014-04-01,81.23245239257812,0.0,89.20999908447266,0.0,89.2699966430664,87.70999908447266,88.0999984741211,0.0,38683800
2014-04-02,81.44186401367188,0.0,89.44000244140625,0.0,89.68000030517578,89.04000091552734,89.58999633789062,0.0,34631600
2014-04-03,80.79537963867188,0.0,88.7300033569336,0.0,89.68000030517578,88.22000122070312,89.52999877929688,0.0,30319100
2014-04-04,78.6463851928711,0.0,86.37000274658203,0.0,89.41000366210938,86.13999938964844,89.31999969482422,0.0,131213200
2014-04-07,77.89971160888672,0.0,85.55000305175781,0.0,86.62999725341797,84.94999694824219,85.83000183105469,0.0,83995800
2014-04-08,78.61909484863281,0.0,86.33999633789062,0.0,86.45999908447266,85.3499984741211,85.6500015258789,0.0,51495700
2014-04-09,79.96675109863281,0.0,87.81999969482422,0.0,87.87000274658203,86.43000030517578,86.66000366210938,0.0,45685200
2014-04-10,77.48997497558594,0.0,85.0999984741211,0.0,87.87999725341797,84.86000061035156,87.87999725341797,0.0,73659600
2014-04-11,76.58850860595703,0.0,84.11000061035156,0.0,85.44000244140625,83.91000366210938,84.33999633789062,0.0,93657400
2014-04-14,77.18949890136719,0.0,84.7699966430664,0.0,85.22000122070312,83.98999786376953,84.8499984741211,0.0,46500700
2014-04-15,77.44446563720703,0.0,85.05000305175781,0.0,85.54000091552734,83.27999877929688,85.08000183105469,0.0,84631500
2014-04-16,78.47340393066406,0.0,86.18000030517578,0.0,86.18000030517578,85.08999633789062,85.79000091552734,0.0,46970900
2014-04-17,78.49163055419922,0.0,86.19999694824219,0.0,86.62999725341797,85.62999725341797,85.8499984741211,0.0,53719500
2014-04-21,79.07438659667969,0.0,86.83999633789062,0.0,86.83999633789062,86.0,86.4000015258789,0.0,25947900
2014-04-22,79.70269012451172,0.0,87.52999877929688,0.0,87.75,86.98999786376953,87.13999938964844,0.0,38593400
2014-04-23,79.00151062011719,0.0,86.76000213623047,0.0,87.55999755859375,86.70999908447266,87.52999877929688,0.0,34376700
2014-04-24,79.75731658935547,0.0,87.58999633789062,0.0,88.20999908447266,86.6500015258789,88.19000244140625,0.0,48926300
2014-04-25,78.48252868652344,0.0,86.19000244140625,0.0,87.16999816894531,85.9800033569336,87.06999969482422,0.0,44334000
2014-04-28,78.73745727539062,0.0,86.47000122070312,0.0,87.11000061035156,85.11000061035156,86.5999984741211,0.0,58623800
2014-04-29,79.36579895019531,0.0,87.16000366210938,0.0,87.31999969482422,86.30999755859375,86.7300033569336,0.0,36742700
2014-04-30,79.57518005371094,0.0,87.38999938964844,0.0,87.4800033569336,86.54000091552734,86.76000213623047,0.0,38689400
2014-05-01,79.81192779541016,0.0,87.6500015258789,0.0,88.1500015258789,87.30999755859375,87.52999877929688,0.0,37127200
2014-05-02,79.66625213623047,0.0,87.48999786376953,0.0,88.11000061035156,87.27999877929688,87.94999694824219,0.0,40074200
2014-05-05,80.08509826660156,0.0,87.94999694824219,0.0,87.97000122070312,86.76000213623047,86.97000122070312,0.0,27924400
2014-05-06,79.04707336425781,0.0,86.80999755859375,0.0,87.86000061035156,86.7699966430664,87.80999755859375,0.0,33698500
2014-05-07,78.81941223144531,0.0,86.55999755859375,0.0,87.08000183105469,85.52999877929688,86.98999786376953,0.0,67489100
2014-05-08,78.74658203125,0.0,86.4800033569336,0.0,87.52999877929688,86.05000305175781,86.25,0.0,46556900
2014-05-09,79.03797149658203,0.0,86.80000305175781,0.0,86.86000061035156,85.8499984741211,86.43000030517578,0.0,35081500
2014-05-12,80.34008026123047,0.0,88.2300033569336,0.0,88.26000213623047,87.23999786376953,87.31999969482422,0.0,38951100
2014-05-13,80.39471435546875,0.0,88.29000091552734,0.0,88.61000061035156,88.12000274658203,88.30999755859375,0.0,30311900
2014-05-14,79.97582244873047,0.0,87.83000183105469,0.0,88.3499984741211,87.62000274658203,88.0199966430664,0.0,26483600
2014-05-15,79.3475570678711,0.0,87.13999938964844,0.0,87.95999908447266,86.58000183105469,87.80999755859375,0.0,59680300
2014-05-16,79.86658477783203,0.0,87.70999908447266,0.0,87.76000213623047,86.63999938964844,87.23999786376953,0.0,66804100
2014-05-19,80.42200469970703,0.0,88.31999969482422,0.0,88.45999908447266,87.30000305175781,87.44999694824219,0.0,32017000
2014-05-20,80.1306381225586,0.0,88.0,0.0,88.5999984741211,87.63999938964844,88.27999877929688,0.0,33716000
2014-05-21,80.8955307006836,0.0,88.83999633789062,0.0,88.88999938964844,88.11000061035156,88.16000366210938,0.0,36837700
2014-05-22,81.25064086914062,0.0,89.2300033569336,0.0,89.4800033569336,88.80000305175781,88.94000244140625,0.0,30617100
2014-05-23,81.842529296875,0.0,89.87999725341797,0.0,89.9000015258789,89.12000274658203,89.31999969482422,0.0,22687300
2014-05-27,82.86238098144531,0.0,91.0,0.0,91.0199966430664,90.1999969482422,90.27999877929688,0.0,29725200
2014-05-28,82.60741424560547,0.0,90.72000122070312,0.0,91.0999984741211,90.6500015258789,90.97000122070312,0.0,30468100
2014-05-29,83.13551330566406,0.0,91.3000030517578,0.0,91.30999755859376,90.86000061035156,91.04000091552734,0.0,33036100
2014-05-30,83.14463806152344,0.0,91.30999755859376,0.0,91.4499969482422,90.83000183105467,91.31999969482422,0.0,29906400
2014-06-02,83.06269836425781,0.0,91.22000122070312,0.0,91.44000244140624,90.63999938964844,91.41999816894533,0.0,30409900
2014-06-03,83.02626037597656,0.0,91.18000030517578,0.0,91.33000183105467,90.8000030517578,90.91999816894533,0.0,21774500
2014-06-04,83.33586120605469,0.0,91.5199966430664,0.0,91.66999816894533,90.80999755859376,90.9499969482422,0.0,20118300
2014-06-05,84.03697967529297,0.0,92.29000091552734,0.0,92.45999908447266,91.29000091552734,91.5999984741211,0.0,35583100
2014-06-06,84.51958465576172,0.0,92.81999969482422,0.0,92.81999969482422,92.4499969482422,92.62999725341795,0.0,22680600
2014-06-09,84.45586395263672,0.0,92.75,0.0,92.9800033569336,92.5,92.83999633789062,0.0,23399500
2014-06-10,84.60157775878906,0.0,92.91000366210938,0.0,92.95999908447266,92.55999755859376,92.66999816894533,0.0,20626000
2014-06-11,84.58334350585938,0.0,92.88999938964844,0.0,93.0199966430664,92.5,92.58999633789062,0.0,22878200
2014-06-12,83.81848907470703,0.0,92.0500030517578,0.0,92.79000091552734,91.7300033569336,92.69000244140624,0.0,35275900
2014-06-13,84.0643310546875,0.0,92.31999969482422,0.0,92.5500030517578,91.91999816894533,92.4499969482422,0.0,39447100
2014-06-16,84.13717651367188,0.0,92.4000015258789,0.0,92.66999816894533,91.95999908447266,92.16000366210938,0.0,25212300
2014-06-17,84.18270874023438,0.0,92.4499969482422,0.0,92.6999969482422,92.18000030517578,92.33000183105467,0.0,19977900
2014-06-18,84.65619659423828,0.0,92.97000122070312,0.0,93.0999984741211,91.9800033569336,92.54000091552734,0.0,34514000
2014-06-19,84.60157775878906,0.0,92.91000366210938,0.0,93.16999816894533,92.48999786376952,93.11000061035156,0.0,38422200
2014-06-20,84.7010726928711,0.0,92.7699966430664,0.249,92.87000274658205,92.52999877929688,92.6999969482422,0.0,25897500
2014-06-23,84.71937561035156,0.0,92.79000091552734,0.0,92.81999969482422,92.51000213623048,92.76000213623048,0.0,20837900
2014-06-24,84.63715362548828,0.0,92.6999969482422,0.0,93.56999969482422,92.43000030517578,92.77999877929688,0.0,31945800
2014-06-25,85.17584228515625,0.0,93.29000091552734,0.0,93.4499969482422,92.4800033569336,92.48999786376952,0.0,32818600
2014-06-26,85.22150421142578,0.0,93.33999633789062,0.0,93.36000061035156,92.62000274658205,93.3499984741211,0.0,22563900
2014-06-27,85.59585571289062,0.0,93.75,0.0,93.7699966430664,93.19000244140624,93.22000122070312,0.0,22877800
2014-06-30,85.74195098876953,0.0,93.91000366210938,0.0,94.13999938964844,93.66999816894533,93.7300033569336,0.0,19751900
2014-07-01,86.68232727050781,0.0,94.94000244140624,0.0,95.19000244140624,94.1999969482422,94.23999786376952,0.0,31862500
2014-07-02,86.82843780517578,0.0,95.0999984741211,0.0,95.23999786376952,94.91000366210938,95.0,0.0,18777300
2014-07-03,87.376220703125,0.0,95.6999969482422,0.0,95.6999969482422,95.1500015258789,95.41000366210938,0.0,15291700
2014-07-07,87.11146545410156,0.0,95.41000366210938,0.0,95.70999908447266,95.2300033569336,95.58999633789062,0.0,23266400
2014-07-08,86.0615005493164,0.0,94.26000213623048,0.0,95.3000030517578,93.87000274658205,95.2300033569336,0.0,40612400
2014-07-09,86.70059967041016,0.0,94.95999908447266,0.0,95.06999969482422,94.23999786376952,94.51000213623048,0.0,29919000
2014-07-10,86.42666625976562,0.0,94.66000366210938,0.0,95.0500030517578,93.62999725341795,93.73999786376952,0.0,44245300
2014-07-11,86.98362731933594,0.0,95.2699966430664,0.0,95.2699966430664,94.61000061035156,94.9000015258789,0.0,19566300
2014-07-14,87.50404357910156,0.0,95.83999633789062,0.0,96.05999755859376,95.54000091552734,95.6999969482422,0.0,19579000
2014-07-15,87.2027816772461,0.0,95.51000213623048,0.0,96.12999725341795,94.83000183105467,95.98999786376952,0.0,39467500
2014-07-16,87.54972839355469,0.0,95.88999938964844,0.0,96.3000030517578,95.79000091552734,96.1999969482422,0.0,22052600
2014-07-17,86.3901596069336,0.0,94.62000274658205,0.0,95.97000122070312,94.31999969482422,95.62999725341795,0.0,43111500
2014-07-18,87.75971984863281,0.0,96.12000274658205,0.0,96.16999816894533,95.0,95.11000061035156,0.0,36682200
2014-07-21,87.65013885498047,0.0,96.0,0.0,96.16000366210938,95.5500030517578,95.91999816894533,0.0,29750700
2014-07-22,88.20710754394531,0.0,96.61000061035156,0.0,96.76000213623048,96.3499984741211,96.4499969482422,0.0,25770400
2014-07-23,88.7731704711914,0.0,97.2300033569336,0.0,97.33999633789062,96.7699966430664,96.9499969482422,0.0,28947500
2014-07-24,88.67273712158203,0.0,97.12000274658205,0.0,97.51000213623048,96.9800033569336,97.4000015258789,0.0,24707200
2014-07-25,88.32579040527344,0.0,96.73999786376952,0.0,96.87000274658205,96.2300033569336,96.62000274658205,0.0,29898900
2014-07-28,88.35315704345703,0.0,96.7699966430664,0.0,97.0199966430664,96.0199966430664,96.83999633789062,0.0,25603400
2014-07-29,88.1979751586914,0.0,96.5999984741211,0.0,97.1999969482422,96.5199966430664,96.9800033569336,0.0,27022200
2014-07-30,88.544921875,0.0,96.9800033569336,0.0,97.31999969482422,96.5999984741211,97.13999938964844,0.0,35348500
2014-07-31,86.7553939819336,0.0,95.0199966430664,0.0,96.33999633789062,94.87999725341795,96.18000030517578,0.0,50047900
2014-08-01,86.43583679199219,0.0,94.66999816894533,0.0,95.33999633789062,94.04000091552734,94.81999969482422,0.0,60708000
2014-08-04,87.02928924560547,0.0,95.31999969482422,0.0,95.69000244140624,94.5199966430664,94.87000274658205,0.0,33230500
2014-08-05,86.36277770996094,0.0,94.58999633789062,0.0,95.20999908447266,94.1500015258789,94.94000244140624,0.0,50331100
2014-08-06,86.29885864257812,0.0,94.5199966430664,0.0,95.11000061035156,93.91999816894533,94.0,0.0,34431900
2014-08-07,86.02497100830078,0.0,94.22000122070312,0.0,95.13999938964844,93.88999938964844,94.95999908447266,0.0,33274700
2014-08-08,86.64582061767578,0.0,94.9000015258789,0.0,95.01000213623048,93.97000122070312,94.37000274658205,0.0,40236900
2014-08-11,87.1571273803711,0.0,95.45999908447266,0.0,95.76000213623048,95.1999969482422,95.2699966430664,0.0,28277500
2014-08-12,87.12059783935547,0.0,95.41999816894533,0.0,95.66999816894533,94.93000030517578,95.36000061035156,0.0,28152300
2014-08-13,88.04277801513672,0.0,96.43000030517578,0.0,96.47000122070312,95.76000213623048,95.80999755859376,0.0,27996500
2014-08-14,88.49925231933594,0.0,96.93000030517578,0.0,96.9499969482422,96.43000030517578,96.55999755859376,0.0,25006600
2014-08-15,88.92837524414062,0.0,97.4000015258789,0.0,97.62999725341795,96.4800033569336,97.48999786376952,0.0,55205500
2014-08-18,89.61315155029297,0.0,98.1500015258789,0.0,98.23999786376952,97.7699966430664,97.91000366210938,0.0,38938300
2014-08-19,90.1152801513672,0.0,98.6999969482422,0.0,98.76000213623048,98.31999969482422,98.37999725341795,0.0,21363400
2014-08-20,90.1152801513672,0.0,98.6999969482422,0.0,98.9000015258789,98.52999877929688,98.62000274658205,0.0,23435600
2014-08-21,90.29788970947266,0.0,98.9000015258789,0.0,98.9499969482422,98.5999984741211,98.75,0.0,19339500
2014-08-22,90.43484497070312,0.0,99.0500030517578,0.0,99.25,98.72000122070312,98.94000244140624,0.0,24692000
2014-08-25,90.75440979003906,0.0,99.4000015258789,0.0,99.68000030517578,99.16000366210938,99.5199966430664,0.0,24124700
2014-08-26,90.84573364257812,0.0,99.5,0.0,99.61000061035156,99.2699966430664,99.5500030517578,0.0,20100400
2014-08-27,90.86397552490234,0.0,99.5199966430664,0.0,99.63999938964844,99.30999755859376,99.52999877929688,0.0,15589100
2014-08-28,90.76356506347656,0.0,99.41000366210938,0.0,99.52999877929688,99.08000183105467,99.18000030517578,0.0,23563900
2014-08-29,91.10135650634766,0.0,99.77999877929688,0.0,99.91000366210938,99.2699966430664,99.62999725341795,0.0,17906300
2014-09-02,91.36615753173828,0.0,100.06999969482422,0.0,100.0999984741211,99.66000366210938,100.0199966430664,0.0,18326800
2014-09-03,90.82746887207033,0.0,99.4800033569336,0.0,100.33999633789062,99.3000030517578,100.33999633789062,0.0,25950700
2014-09-04,90.74526977539062,0.0,99.38999938964844,0.0,100.22000122070312,99.13999938964844,99.70999908447266,0.0,24663500
2014-09-05,91.2018051147461,0.0,99.88999938964844,0.0,99.9499969482422,99.02999877929688,99.54000091552734,0.0,30798200
2014-09-08,91.37528228759766,0.0,100.08000183105467,0.0,100.33000183105467,99.62000274658205,99.91999816894533,0.0,25571300
2014-09-09,90.61746978759766,0.0,99.25,0.0,100.45999908447266,99.05999755859376,100.08999633789062,0.0,36449200
2014-09-10,91.36615753173828,0.0,100.06999969482422,0.0,100.11000061035156,99.0999984741211,99.37999725341795,0.0,31080100
2014-09-11,91.2931137084961,0.0,99.98999786376952,0.0,100.04000091552734,99.23999786376952,99.63999938964844,0.0,28691900
2014-09-12,90.82746887207033,0.0,99.4800033569336,0.0,99.93000030517578,99.16999816894533,99.9000015258789,0.0,30444400
2014-09-15,89.95097351074219,0.0,98.5199966430664,0.0,99.5999984741211,98.22000122070312,99.58999633789062,0.0,32972200
2014-09-16,90.73616027832033,0.0,99.37999725341795,0.0,99.56999969482422,98.0500030517578,98.1500015258789,0.0,38166900
2014-09-17,90.87311553955078,0.0,99.52999877929688,0.0,100.0,98.93000030517578,99.36000061035156,0.0,37196500
2014-09-18,91.5578842163086,0.0,100.27999877929688,0.0,100.29000091552734,99.7300033569336,99.83999633789062,0.0,30196700
2014-09-19,91.50114440917967,0.0,99.9800033569336,0.238,100.55999755859376,99.58000183105467,100.45999908447266,0.0,46918000
2014-09-22,90.64997863769533,0.0,99.0500030517578,0.0,99.75,98.62000274658205,99.73999786376952,0.0,48658000
2014-09-23,90.40290069580078,0.0,98.77999877929688,0.0,99.22000122070312,98.58000183105467,98.6500015258789,0.0,33989600
2014-09-24,91.3730239868164,0.0,99.83999633789062,0.0,99.88999938964844,98.54000091552734,98.87999725341795,0.0,35959000
2014-09-25,89.45110321044922,0.0,97.73999786376952,0.0,99.6500015258789,97.6999969482422,99.5199966430664,0.0,68642500
2014-09-26,90.40290069580078,0.0,98.77999877929688,0.0,98.95999908447266,97.88999938964844,98.05999755859376,0.0,56106200
2014-09-29,90.283935546875,0.0,98.6500015258789,0.0,98.91999816894533,97.75,97.8000030517578,0.0,33342700
2014-09-30,90.41205596923828,0.0,98.79000091552734,0.0,99.3000030517578,98.31999969482422,98.91999816894533,0.0,41834300
2014-10-01,88.96602630615234,0.0,97.20999908447266,0.0,98.61000061035156,96.9000015258789,98.51000213623048,0.0,58164900
2014-10-02,88.96602630615234,0.0,97.20999908447266,0.0,97.51000213623048,95.97000122070312,97.16999816894533,0.0,54501300
2014-10-03,89.84463500976562,0.0,98.16999816894533,0.0,98.56999969482422,97.44000244140624,97.77999877929688,0.0,41627800
2014-10-06,89.6524429321289,0.0,97.95999908447266,0.0,98.72000122070312,97.66000366210938,98.4800033569336,0.0,36038700
2014-10-07,88.38032531738281,0.0,96.56999969482422,0.0,97.77999877929688,96.55999755859376,97.5,0.0,45154000
2014-10-08,90.10089874267578,0.0,98.4499969482422,0.0,98.76000213623048,96.05999755859376,96.62000274658205,0.0,64931600
2014-10-09,88.645751953125,0.0,96.86000061035156,0.0,98.56999969482422,96.70999908447266,98.31999969482422,0.0,62497100
2014-10-10,86.43097686767578,0.0,94.44000244140624,0.0,96.83000183105467,94.41999816894533,96.29000091552734,0.0,77579400
2014-10-13,85.07646942138672,0.0,92.95999908447266,0.0,94.98999786376952,92.87999725341795,94.2699966430664,0.0,80835900
2014-10-14,85.08564758300781,0.0,92.97000122070312,0.0,94.16999816894533,92.70999908447266,93.54000091552734,0.0,71814500
2014-10-15,84.53651428222656,0.0,92.37000274658205,0.0,92.76000213623048,90.23999786376952,91.56999969482422,0.0,108847800
2014-10-16,84.00566864013672,0.0,91.79000091552734,0.0,92.58000183105467,90.38999938964844,90.41999816894533,0.0,93165800
2014-10-17,85.11309051513672,0.0,93.0,0.0,93.88999938964844,92.45999908447266,93.0,0.0,69546700
2014-10-20,86.38522338867188,0.0,94.38999938964844,0.0,94.47000122070312,92.8000030517578,92.98999786376952,0.0,41479300
2014-10-21,88.65489196777344,0.0,96.87000274658205,0.0,96.87000274658205,95.31999969482422,95.55999755859376,0.0,53609800
2014-10-22,88.197265625,0.0,96.37000274658205,0.0,97.3000030517578,96.30999755859376,97.16999816894533,0.0,39178000
2014-10-23,89.5243148803711,0.0,97.81999969482422,0.0,98.36000061035156,97.16999816894533,97.33999633789062,0.0,48123800
2014-10-24,90.2564697265625,0.0,98.62000274658205,0.0,98.69000244140624,97.63999938964844,98.02999877929688,0.0,43157600
2014-10-27,90.3205337524414,0.0,98.69000244140624,0.0,98.87000274658205,98.0199966430664,98.43000030517578,0.0,29545700
2014-10-28,91.68418884277344,0.0,100.18000030517578,0.0,100.1999969482422,99.08000183105467,99.1500015258789,0.0,34495100
2014-10-29,91.34555053710938,0.0,99.80999755859376,0.0,100.12000274658205,99.0999984741211,99.8499984741211,0.0,40552800
2014-10-30,91.53777313232422,0.0,100.0199966430664,0.0,100.26000213623048,99.13999938964844,99.36000061035156,0.0,35935800
2014-10-31,92.80069732666016,0.0,101.4000015258789,0.0,101.75,101.06999969482422,101.68000030517578,0.0,54254100
2014-11-03,93.07525634765624,0.0,101.6999969482422,0.0,101.97000122070312,101.43000030517578,101.58000183105467,0.0,33481000
2014-11-04,92.7641143798828,0.0,101.36000061035156,0.0,101.62000274658205,100.66999816894533,101.37999725341795,0.0,22773300
2014-11-05,92.77328491210938,0.0,101.37000274658205,0.0,102.02999877929688,101.0199966430664,102.02999877929688,0.0,25818600
2014-11-06,93.06614685058594,0.0,101.69000244140624,0.0,101.72000122070312,100.91999816894533,101.36000061035156,0.0,24671900
2014-11-07,92.98375701904295,0.0,101.5999984741211,0.0,101.91000366210938,101.06999969482422,101.87000274658205,0.0,20931700
2014-11-10,93.31319427490234,0.0,101.95999908447266,0.0,102.08999633789062,101.37999725341795,101.6500015258789,0.0,20360000
2014-11-11,93.6060791015625,0.0,102.27999877929688,0.0,102.27999877929688,101.6999969482422,101.9800033569336,0.0,15454000
2014-11-12,93.77083587646484,0.0,102.45999908447266,0.0,102.56999969482422,101.87000274658205,101.87000274658205,0.0,22050300
2014-11-13,94.17350006103516,0.0,102.9000015258789,0.0,103.27999877929688,102.41999816894533,102.6500015258789,0.0,28027800
2014-11-14,94.46638488769533,0.0,103.22000122070312,0.0,103.22000122070312,102.52999877929688,102.87000274658205,0.0,19251300
2014-11-17,94.1826629638672,0.0,102.91000366210938,0.0,103.20999908447266,102.41999816894533,102.9800033569336,0.0,23361600
2014-11-18,94.88735961914062,0.0,103.68000030517578,0.0,103.81999969482422,102.98999786376952,103.0,0.0,26336800
2014-11-19,94.45722198486328,0.0,103.20999908447266,0.0,103.56999969482422,102.7300033569336,103.56999969482422,0.0,23760200
2014-11-20,94.87818145751952,0.0,103.66999816894533,0.0,103.76000213623048,102.69000244140624,102.7699966430664,0.0,22874000
2014-11-21,95.06124877929688,0.0,103.87000274658205,0.0,104.69000244140624,103.54000091552734,104.58999633789062,0.0,34049100
2014-11-24,95.80252838134766,0.0,104.68000030517578,0.0,104.7300033569336,104.05999755859376,104.1500015258789,0.0,17928300
2014-11-25,95.94898223876952,0.0,104.83999633789062,0.0,105.1500015258789,104.56999969482422,104.83999633789062,0.0,17526000
2014-11-26,96.57130432128906,0.0,105.5199966430664,0.0,105.58000183105467,104.83000183105467,104.94000244140624,0.0,18973800
2014-11-28,97.0197525024414,0.0,106.01000213623048,0.0,106.25,105.7300033569336,105.8000030517578,0.0,17360400
2014-12-01,95.92152404785156,0.0,104.80999755859376,0.0,105.91999816894533,104.41999816894533,105.72000122070312,0.0,35969500
2014-12-02,96.30591583251952,0.0,105.2300033569336,0.0,105.41999816894533,104.6999969482422,104.91999816894533,0.0,26031300
2014-12-03,96.47976684570312,0.0,105.41999816894533,0.0,105.56999969482422,104.76000213623048,105.38999938964844,0.0,32974300
2014-12-04,96.43404388427734,0.0,105.37000274658205,0.0,105.77999877929688,104.93000030517578,105.31999969482422,0.0,31008800
2014-12-05,96.44320678710938,0.0,105.37999725341795,0.0,105.6999969482422,105.1500015258789,105.54000091552734,0.0,25622200
2014-12-08,95.75675964355467,0.0,104.62999725341795,0.0,105.56999969482422,104.08000183105467,105.11000061035156,0.0,32685800
2014-12-09,96.0587921142578,0.0,104.95999908447266,0.0,105.04000091552734,103.04000091552734,103.41000366210938,0.0,46035100
2014-12-10,94.54874420166016,0.0,103.30999755859376,0.0,105.02999877929688,103.12000274658205,104.7699966430664,0.0,39330100
2014-12-11,94.99718475341795,0.0,103.8000030517578,0.0,105.04000091552734,103.58999633789062,103.61000061035156,0.0,47576000
2014-12-12,93.96302032470705,0.0,102.66999816894533,0.0,103.98999786376952,102.66000366210938,102.80999755859376,0.0,46889400
2014-12-15,92.992919921875,0.0,101.61000061035156,0.0,103.58000183105467,101.31999969482422,103.1999969482422,0.0,52968400
2014-12-16,91.50114440917967,0.0,99.9800033569336,0.0,102.47000122070312,99.95999908447266,100.97000122070312,0.0,65348600
2014-12-17,93.1667938232422,0.0,101.8000030517578,0.0,102.08999633789062,99.91999816894533,100.0500030517578,0.0,79715300
2014-12-18,95.40902709960938,0.0,104.25,0.0,104.26000213623048,102.9800033569336,103.26000213623048,0.0,49840900
2014-12-19,95.82882690429688,0.0,104.31999969482422,0.387,104.73999786376952,103.70999908447266,103.97000122070312,0.0,51419900
2014-12-22,96.06768035888672,0.0,104.58000183105467,0.0,104.61000061035156,104.0999984741211,104.1500015258789,0.0,33869200
2014-12-23,95.72779846191406,0.0,104.20999908447266,0.0,104.97000122070312,104.08999633789062,104.95999908447266,0.0,30156900
2014-12-24,95.81045532226562,0.0,104.3000030517578,0.0,104.6999969482422,104.2699966430664,104.33999633789062,0.0,14291300
2014-12-26,96.4902114868164,0.0,105.04000091552734,0.0,105.26000213623048,104.56999969482422,104.5999984741211,0.0,13924300
2014-12-29,96.47186279296876,0.0,105.0199966430664,0.0,105.25,104.87999725341795,104.94000244140624,0.0,17073800
2014-12-30,95.82882690429688,0.0,104.31999969482422,0.0,104.95999908447266,104.18000030517578,104.72000122070312,0.0,18604000
2014-12-31,94.8459014892578,0.0,103.25,0.0,104.91000366210938,103.0999984741211,104.5,0.0,24367100
2015-01-02,94.56114196777344,0.0,102.94000244140624,0.0,104.1999969482422,102.44000244140624,103.76000213623048,0.0,31314600
2015-01-05,93.17407989501952,0.0,101.43000030517578,0.0,102.61000061035156,101.13999938964844,102.48999786376952,0.0,36521300
2015-01-06,91.92473602294922,0.0,100.06999969482422,0.0,101.75,99.62000274658205,101.58000183105467,0.0,66205500
2015-01-07,93.10974884033205,0.0,101.36000061035156,0.0,101.5999984741211,100.48999786376952,100.7300033569336,0.0,37577400
2015-01-08,94.891845703125,0.0,103.3000030517578,0.0,103.5,102.11000061035156,102.22000122070312,0.0,40212600
2015-01-09,94.2671890258789,0.0,102.62000274658205,0.0,103.6500015258789,102.0199966430664,103.62000274658205,0.0,41410100
2015-01-12,93.2842788696289,0.0,101.5500030517578,0.0,102.93000030517578,101.29000091552734,102.81999969482422,0.0,34129800
2015-01-13,93.25672149658205,0.0,101.5199966430664,0.0,103.62000274658205,100.6999969482422,102.54000091552734,0.0,56162300
2015-01-14,92.7423095703125,0.0,100.95999908447266,0.0,101.4800033569336,100.06999969482422,100.5,0.0,51354200
2015-01-15,91.5389175415039,0.0,99.6500015258789,0.0,101.58999633789062,99.52999877929688,101.43000030517578,0.0,51005400
2015-01-16,92.61367797851562,0.0,100.81999969482422,0.0,100.9499969482422,99.36000061035156,99.5199966430664,0.0,35362200
2015-01-20,93.34857177734376,0.0,101.62000274658205,0.0,101.87999725341795,100.29000091552734,101.43000030517578,0.0,30964100
2015-01-21,93.82624816894533,0.0,102.13999938964844,0.0,102.62000274658205,100.95999908447266,101.31999969482422,0.0,40128800
2015-01-22,95.56242370605467,0.0,104.02999877929688,0.0,104.13999938964844,101.63999938964844,102.54000091552734,0.0,40887200
2015-01-23,95.7737045288086,0.0,104.26000213623048,0.0,104.58000183105467,103.72000122070312,104.0199966430664,0.0,34783000
2015-01-26,95.66348266601562,0.0,104.13999938964844,0.0,104.33000183105467,103.61000061035156,104.13999938964844,0.0,19960900
2015-01-27,93.18324279785156,0.0,101.44000244140624,0.0,102.55999755859376,101.0999984741211,102.5,0.0,45253200
2015-01-28,92.7055435180664,0.0,100.91999816894533,0.0,103.18000030517578,100.9000015258789,103.06999969482422,0.0,43591700
2015-01-29,93.59661865234376,0.0,101.88999938964844,0.0,102.08000183105467,99.95999908447266,100.83999633789062,0.0,46539700
2015-01-30,92.87092590332033,0.0,101.0999984741211,0.0,102.58000183105467,100.95999908447266,101.8000030517578,0.0,42927600
2015-02-02,93.67928314208984,0.0,101.9800033569336,0.0,102.06999969482422,99.75,101.33000183105467,0.0,43624700
2015-02-03,94.57952880859376,0.0,102.95999908447266,0.0,103.02999877929688,101.68000030517578,102.3499984741211,0.0,30750400
2015-02-04,94.49684143066406,0.0,102.87000274658205,0.0,103.5500030517578,102.30999755859376,102.54000091552734,0.0,34073200
2015-02-05,95.3144302368164,0.0,103.76000213623048,0.0,103.83000183105467,102.87000274658205,103.12999725341795,0.0,23605500
2015-02-06,94.7356948852539,0.0,103.12999725341795,0.0,104.16999816894533,102.76000213623048,103.91999816894533,0.0,34169300
2015-02-09,94.43254089355467,0.0,102.8000030517578,0.0,103.29000091552734,102.5500030517578,102.7300033569336,0.0,22604700
2015-02-10,95.90231323242188,0.0,104.4000015258789,0.0,104.54000091552734,103.20999908447266,103.37000274658205,0.0,23686500
2015-02-11,96.25138854980467,0.0,104.77999877929688,0.0,105.0199966430664,104.31999969482422,104.5199966430664,0.0,20303600
2015-02-12,97.37207794189452,0.0,106.0,0.0,106.04000091552734,105.3000030517578,105.45999908447266,0.0,22520300
2015-02-13,98.2080078125,0.0,106.91000366210938,0.0,106.93000030517578,106.0999984741211,106.3000030517578,0.0,29030200
2015-02-17,98.29986572265624,0.0,107.01000213623048,0.0,107.08000183105467,106.63999938964844,106.91000366210938,0.0,17675300
2015-02-18,98.43765258789062,0.0,107.16000366210938,0.0,107.22000122070312,106.73999786376952,106.87999725341795,0.0,15149600
2015-02-19,98.92449951171876,0.0,107.69000244140624,0.0,107.76000213623048,107.05999755859376,107.08999633789062,0.0,19828100
2015-02-20,99.58592987060548,0.0,108.41000366210938,0.0,108.47000122070312,107.27999877929688,107.62000274658205,0.0,28336700
2015-02-23,99.68695068359376,0.0,108.5199966430664,0.0,108.5500030517578,108.11000061035156,108.3499984741211,0.0,17868000
2015-02-24,99.76046752929688,0.0,108.5999984741211,0.0,108.7300033569336,108.0500030517578,108.37999725341795,0.0,19745000
2015-02-25,99.512451171875,0.0,108.33000183105467,0.0,108.86000061035156,108.08999633789062,108.44000244140624,0.0,19472300
2015-02-26,100.01765441894533,0.0,108.87999725341795,0.0,108.94000244140624,108.13999938964844,108.44000244140624,0.0,22255500
2015-02-27,99.57672119140624,0.0,108.4000015258789,0.0,108.91000366210938,108.2300033569336,108.83999633789062,0.0,27757600
2015-03-02,100.47697448730467,0.0,109.37999725341795,0.0,109.41999816894533,108.58999633789062,108.61000061035156,0.0,22988600
2015-03-03,100.00849151611328,0.0,108.87000274658205,0.0,109.16000366210938,108.18000030517578,109.0500030517578,0.0,20788900
2015-03-04,99.6226577758789,0.0,108.4499969482422,0.0,108.66999816894533,107.86000061035156,108.51000213623048,0.0,21007400
2015-03-05,99.79718780517578,0.0,108.63999938964844,0.0,108.97000122070312,108.19000244140624,108.7300033569336,0.0,15381000
2015-03-06,98.6673355102539,0.0,107.41000366210938,0.0,108.70999908447266,107.13999938964844,108.5,0.0,30990400
2015-03-09,98.95205688476562,0.0,107.72000122070312,0.0,107.98999786376952,107.19000244140624,107.62999725341795,0.0,26237100
2015-03-10,97.11488342285156,0.0,105.72000122070312,0.0,106.9800033569336,105.72000122070312,106.9499969482422,0.0,34234500
2015-03-11,96.55450439453124,0.0,105.11000061035156,0.0,106.01000213623048,105.06999969482422,105.87999725341795,0.0,25459700
2015-03-12,97.18834686279295,0.0,105.8000030517578,0.0,105.91999816894533,104.95999908447266,105.02999877929688,0.0,21473200
2015-03-13,96.76578521728516,0.0,105.33999633789062,0.0,106.12000274658205,104.68000030517578,105.6999969482422,0.0,42021100
2015-03-16,98.0150909423828,0.0,106.6999969482422,0.0,106.73999786376952,105.62000274658205,105.7300033569336,0.0,25674100
2015-03-17,98.17129516601562,0.0,106.87000274658205,0.0,107.04000091552734,106.16000366210938,106.41000366210938,0.0,19603800
2015-03-18,99.13580322265624,0.0,107.91999816894533,0.0,108.41000366210938,106.02999877929688,106.58000183105467,0.0,40622200
2015-03-19,99.28276824951172,0.0,108.08000183105467,0.0,108.37999725341795,107.87000274658205,108.02999877929688,0.0,31314000
2015-03-20,99.92542266845705,0.0,108.52999877929688,0.248,109.06999969482422,108.51000213623048,108.72000122070312,0.0,31761400
2015-03-23,99.73206329345705,0.0,108.31999969482422,0.0,108.7699966430664,108.27999877929688,108.47000122070312,0.0,17268500
2015-03-24,99.37300872802734,0.0,107.93000030517578,0.0,108.80999755859376,107.91000366210938,108.30999755859376,0.0,22445300
2015-03-25,97.09880828857422,0.0,105.45999908447266,0.0,108.1999969482422,105.41999816894533,108.0999984741211,0.0,41581400
2015-03-26,96.7673797607422,0.0,105.0999984741211,0.0,105.6999969482422,104.23999786376952,104.58999633789062,0.0,47846300
2015-03-27,97.15408325195312,0.0,105.5199966430664,0.0,105.7699966430664,104.91999816894533,105.08000183105467,0.0,33878400
2015-03-30,98.2681655883789,0.0,106.7300033569336,0.0,106.81999969482422,106.16000366210938,106.16000366210938,0.0,30570200
2015-03-31,97.22774505615234,0.0,105.5999984741211,0.0,106.6500015258789,105.56999969482422,106.43000030517578,0.0,30488100
2015-04-01,96.72135162353516,0.0,105.0500030517578,0.0,105.62000274658205,104.37000274658205,105.5999984741211,0.0,32970500
2015-04-02,96.7857894897461,0.0,105.12000274658205,0.0,105.45999908447266,104.77999877929688,105.1500015258789,0.0,19164200
2015-04-06,97.5776138305664,0.0,105.9800033569336,0.0,106.2699966430664,104.33999633789062,104.5,0.0,24451100
2015-04-07,97.41190338134766,0.0,105.8000030517578,0.0,106.6999969482422,105.8000030517578,105.91999816894533,0.0,19379400
2015-04-08,98.1852569580078,0.0,106.63999938964844,0.0,106.79000091552734,105.83000183105467,105.83999633789062,0.0,25866900
2015-04-09,98.80215454101562,0.0,107.30999755859376,0.0,107.3499984741211,106.2300033569336,106.58999633789062,0.0,23114700
2015-04-10,99.20729064941406,0.0,107.75,0.0,107.76000213623048,107.02999877929688,107.2699966430664,0.0,17164300
2015-04-13,98.9586944580078,0.0,107.4800033569336,0.0,108.37999725341795,107.36000061035156,107.83000183105467,0.0,17783500
2015-04-14,98.67324829101562,0.0,107.16999816894533,0.0,107.68000030517578,106.55999755859376,107.37000274658205,0.0,23755700
2015-04-15,99.29016876220705,0.0,107.83999633789062,0.0,108.06999969482422,107.31999969482422,107.4499969482422,0.0,21128600
2015-04-16,99.15202331542967,0.0,107.69000244140624,0.0,107.87999725341795,107.4000015258789,107.5500030517578,0.0,16195300
2015-04-17,97.60520935058594,0.0,106.01000213623048,0.0,106.9499969482422,105.5500030517578,106.66000366210938,0.0,46514000
2015-04-20,99.06916809082033,0.0,107.5999984741211,0.0,107.79000091552734,106.5,106.54000091552734,0.0,28945900
2015-04-21,99.49268341064452,0.0,108.05999755859376,0.0,108.41000366210938,107.93000030517578,108.22000122070312,0.0,22759800
2015-04-22,100.03591918945312,0.0,108.6500015258789,0.0,108.83000183105467,107.63999938964844,108.33999633789062,0.0,21429200
2015-04-23,100.41343688964844,0.0,109.05999755859376,0.0,109.5500030517578,108.26000213623048,108.27999877929688,0.0,29473200
2015-04-24,101.77606964111328,0.0,110.54000091552734,0.0,110.69000244140624,110.02999877929688,110.20999908447266,0.0,32508100
2015-04-27,101.5182876586914,0.0,110.26000213623048,0.0,111.16000366210938,110.0199966430664,110.9499969482422,0.0,31121300
2015-04-28,101.31568908691406,0.0,110.04000091552734,0.0,110.5500030517578,109.11000061035156,110.33999633789062,0.0,36849200
2015-04-29,100.680419921875,0.0,109.3499984741211,0.0,110.06999969482422,108.75,109.43000030517578,0.0,34043900
2015-04-30,99.0968017578125,0.0,107.62999725341795,0.0,109.16999816894533,107.05999755859376,108.7300033569336,0.0,44080500
2015-05-01,100.4041976928711,0.0,109.0500030517578,0.0,109.12000274658205,108.02999877929688,108.0500030517578,0.0,32874300
2015-05-04,100.56993865966795,0.0,109.2300033569336,0.0,109.91000366210938,109.16999816894533,109.4000015258789,0.0,23507300
2015-05-05,98.93106842041016,0.0,107.4499969482422,0.0,109.0,107.4000015258789,108.8000030517578,0.0,47843300
2015-05-06,98.2497329711914,0.0,106.70999908447266,0.0,107.9499969482422,106.0,107.63999938964844,0.0,42687200
2015-05-07,98.83895111083984,0.0,107.3499984741211,0.0,107.6500015258789,106.5999984741211,106.68000030517578,0.0,29335800
2015-05-08,100.07273864746094,0.0,108.69000244140624,0.0,108.91999816894533,108.3000030517578,108.45999908447266,0.0,33023300
2015-05-11,99.68606567382812,0.0,108.2699966430664,0.0,108.9800033569336,108.19000244140624,108.76000213623048,0.0,19679300
2015-05-12,99.23492431640624,0.0,107.77999877929688,0.0,108.33000183105467,106.8000030517578,107.62999725341795,0.0,33665000
2015-05-13,99.43746948242188,0.0,108.0,0.0,108.80999755859376,107.83999633789062,108.25,0.0,20738400
2015-05-14,100.8921890258789,0.0,109.58000183105467,0.0,109.66999816894533,108.4800033569336,108.87999725341795,0.0,23904200
2015-05-15,100.8921890258789,0.0,109.58000183105467,0.0,110.01000213623048,109.30999755859376,109.86000061035156,0.0,23937400
2015-05-18,101.33414459228516,0.0,110.05999755859376,0.0,110.27999877929688,109.31999969482422,109.4000015258789,0.0,17631100
2015-05-19,101.2236328125,0.0,109.94000244140624,0.0,110.3499984741211,109.76000213623048,110.18000030517578,0.0,14212900
2015-05-20,101.2880859375,0.0,110.01000213623048,0.0,110.66999816894533,109.43000030517578,110.0199966430664,0.0,21131900
2015-05-21,101.81293487548828,0.0,110.58000183105467,0.0,110.7300033569336,109.66000366210938,109.81999969482422,0.0,16771800
2015-05-22,101.7116241455078,0.0,110.47000122070312,0.0,110.87000274658205,110.37999725341795,110.4499969482422,0.0,13543800
2015-05-26,100.54230499267578,0.0,109.1999969482422,0.0,110.37999725341795,108.76000213623048,110.2300033569336,0.0,25488400
2015-05-27,102.16278076171876,0.0,110.95999908447266,0.0,111.08000183105467,109.29000091552734,109.52999877929688,0.0,30572700
2015-05-28,101.9325714111328,0.0,110.70999908447266,0.0,111.01000213623048,110.37000274658205,110.75,0.0,17302400
2015-05-29,101.32493591308594,0.0,110.0500030517578,0.0,110.79000091552734,109.79000091552734,110.63999938964844,0.0,30383000
2015-06-01,101.66555786132812,0.0,110.41999816894533,0.0,110.72000122070312,109.5199966430664,110.63999938964844,0.0,24570200
2015-06-02,101.34334564208984,0.0,110.06999969482422,0.0,110.61000061035156,109.47000122070312,110.01000213623048,0.0,19449600
2015-06-03,101.64715576171876,0.0,110.4000015258789,0.0,110.80999755859376,110.12999725341795,110.56999969482422,0.0,20507200
2015-06-04,100.87376403808594,0.0,109.55999755859376,0.0,110.4800033569336,109.20999908447266,109.77999877929688,0.0,31374600
2015-06-05,100.63441467285156,0.0,109.3000030517578,0.0,109.69000244140624,108.62999725341795,109.43000030517578,0.0,22641700
2015-06-08,99.6124038696289,0.0,108.19000244140624,0.0,109.33000183105467,107.97000122070312,109.25,0.0,24549200
2015-06-09,99.44667053222656,0.0,108.01000213623048,0.0,108.4000015258789,107.1999969482422,107.93000030517578,0.0,27554600
2015-06-10,100.80934143066406,0.0,109.48999786376952,0.0,109.80999755859376,108.26000213623048,108.37999725341795,0.0,30297900
2015-06-11,100.95661926269533,0.0,109.6500015258789,0.0,110.1500015258789,109.45999908447266,109.86000061035156,0.0,17593500
2015-06-12,100.12799072265624,0.0,108.75,0.0,109.3000030517578,108.5999984741211,109.06999969482422,0.0,27201800
2015-06-15,99.6308364868164,0.0,108.20999908447266,0.0,108.37999725341795,107.30999755859376,107.94000244140624,0.0,31238800
2015-06-16,100.17401885986328,0.0,108.8000030517578,0.0,108.9800033569336,108.0500030517578,108.0999984741211,0.0,16456900
2015-06-17,100.45021057128906,0.0,109.0999984741211,0.0,109.4499969482422,108.43000030517578,108.9800033569336,0.0,23296700
2015-06-18,101.91416931152344,0.0,110.69000244140624,0.0,110.87999725341795,109.44000244140624,109.5,0.0,43032400
2015-06-19,101.4103012084961,0.0,109.88999938964844,0.254,110.58000183105467,109.80999755859376,110.48999786376952,0.0,27877600
2015-06-22,102.15780639648438,0.0,110.6999969482422,0.0,111.02999877929688,110.4499969482422,110.6999969482422,0.0,19120900
2015-06-23,102.2408447265625,0.0,110.79000091552734,0.0,110.88999938964844,110.33000183105467,110.81999969482422,0.0,18127900
2015-06-24,101.71484375,0.0,110.22000122070312,0.0,111.12999725341795,110.19000244140624,110.66000366210938,0.0,15815900
2015-06-25,101.5118179321289,0.0,110.0,0.0,110.76000213623048,109.81999969482422,110.6500015258789,0.0,18326700
2015-06-26,100.83816528320312,0.0,109.2699966430664,0.0,110.2300033569336,108.86000061035156,109.9800033569336,0.0,32311700
2015-06-29,98.4572525024414,0.0,106.69000244140624,0.0,108.66000366210938,106.63999938964844,108.05999755859376,0.0,50874900
2015-06-30,98.80792236328124,0.0,107.06999969482422,0.0,107.72000122070312,106.73999786376952,107.48999786376952,0.0,34809900
2015-07-01,99.59233856201172,0.0,107.91999816894533,0.0,108.3499984741211,107.41999816894533,108.12999725341795,0.0,21293000
2015-07-02,99.6200180053711,0.0,107.9499969482422,0.0,108.31999969482422,107.62000274658205,108.2300033569336,0.0,20499400
2015-07-06,99.38932037353516,0.0,107.6999969482422,0.0,108.31999969482422,107.04000091552734,107.2699966430664,0.0,24311000
2015-07-07,99.63848114013672,0.0,107.97000122070312,0.0,108.06999969482422,105.83000183105467,107.81999969482422,0.0,44230800
2015-07-08,97.90354919433594,0.0,106.08999633789062,0.0,107.33000183105467,105.88999938964844,107.1999969482422,0.0,39691500
2015-07-09,97.8481903076172,0.0,106.02999877929688,0.0,107.5999984741211,106.0199966430664,107.5,0.0,28381000
2015-07-10,99.3431625366211,0.0,107.6500015258789,0.0,108.0500030517578,107.0500030517578,107.44000244140624,0.0,26415800
2015-07-13,101.08731842041016,0.0,109.54000091552734,0.0,109.62999725341795,108.56999969482422,108.58000183105467,0.0,25780700
2015-07-14,101.75178527832033,0.0,110.26000213623048,0.0,110.55999755859376,109.62999725341795,109.69000244140624,0.0,21977200
2015-07-15,101.86253356933594,0.0,110.37999725341795,0.0,110.80999755859376,110.06999969482422,110.47000122070312,0.0,28631500
2015-07-16,103.3021469116211,0.0,111.94000244140624,0.0,111.95999908447266,111.06999969482422,111.29000091552734,0.0,29838900
2015-07-17,104.82482147216795,0.0,113.58999633789062,0.0,113.58999633789062,112.6500015258789,112.83999633789062,0.0,35926800
2015-07-20,105.1846923828125,0.0,113.9800033569336,0.0,114.38999938964844,113.4800033569336,113.83000183105467,0.0,26539000
2015-07-21,105.12012481689452,0.0,113.91000366210938,0.0,114.1999969482422,113.58000183105467,114.0199966430664,0.0,35468900
2015-07-22,103.9296646118164,0.0,112.62000274658205,0.0,113.16999816894533,112.16999816894533,112.16999816894533,0.0,35575000
2015-07-23,103.54206848144533,0.0,112.1999969482422,0.0,113.0999984741211,111.91000366210938,112.7300033569336,0.0,25698300
2015-07-24,102.52696228027344,0.0,111.0999984741211,0.0,113.0,110.93000030517578,112.8000030517578,0.0,30844700
2015-07-27,101.67794799804688,0.0,110.18000030517578,0.0,110.9499969482422,109.94000244140624,110.47000122070312,0.0,35994800
2015-07-28,102.55462646484376,0.0,111.12999725341795,0.0,111.3499984741211,109.79000091552734,110.66999816894533,0.0,33553500
2015-07-29,102.94222259521484,0.0,111.5500030517578,0.0,111.79000091552734,110.94000244140624,111.37000274658205,0.0,26714100
2015-07-30,103.43132781982422,0.0,112.08000183105467,0.0,112.2699966430664,110.62000274658205,111.29000091552734,0.0,25438100
2015-07-31,103.31135559082033,0.0,111.9499969482422,0.0,112.48999786376952,111.72000122070312,112.43000030517578,0.0,22081700
2015-08-03,102.98837280273438,0.0,111.5999984741211,0.0,112.27999877929688,110.86000061035156,111.97000122070312,0.0,25001800
2015-08-04,102.7945785522461,0.0,111.38999938964844,0.0,111.75,110.93000030517578,111.5500030517578,0.0,22132300
2015-08-05,103.5882339477539,0.0,112.25,0.0,113.0,111.87999725341795,112.01000213623048,0.0,28989900
2015-08-06,101.92710876464844,0.0,110.4499969482422,0.0,112.5,109.9499969482422,112.3499984741211,0.0,42125400
2015-08-07,101.79792785644533,0.0,110.30999755859376,0.0,110.56999969482422,109.4000015258789,110.18000030517578,0.0,30006800
2015-08-10,102.96070861816406,0.0,111.56999969482422,0.0,111.80999755859376,111.0,111.01000213623048,0.0,21500800
2015-08-11,101.6410140991211,0.0,110.13999938964844,0.0,111.41000366210938,109.52999877929688,110.9800033569336,0.0,36123300
2015-08-12,101.9916763305664,0.0,110.5199966430664,0.0,110.73999786376952,108.22000122070312,109.37999725341795,0.0,41889000
2015-08-13,101.82556915283205,0.0,110.33999633789062,0.0,111.16000366210938,110.0999984741211,110.62999725341795,0.0,22510500
2015-08-14,101.98248291015624,0.0,110.51000213623048,0.0,110.66999816894533,109.86000061035156,110.08000183105467,0.0,17924900
2015-08-17,102.83148956298828,0.0,111.43000030517578,0.0,111.45999908447266,109.95999908447266,110.23999786376952,0.0,21224900
2015-08-18,102.30545806884766,0.0,110.86000061035156,0.0,111.37000274658205,110.70999908447266,111.27999877929688,0.0,13984400
2015-08-19,101.63179779052734,0.0,110.12999725341795,0.0,111.11000061035156,109.48999786376952,110.5199966430664,0.0,42511400
2015-08-20,98.81715393066406,0.0,107.08000183105467,0.0,109.45999908447266,107.06999969482422,109.11000061035156,0.0,57747300
2015-08-21,94.498291015625,0.0,102.4000015258789,0.0,106.47000122070312,102.4000015258789,105.56999969482422,0.0,97763400
2015-08-24,90.8623275756836,0.0,98.45999908447266,0.0,102.52999877929688,84.73999786376953,94.2300033569336,0.0,150829900
2015-08-25,90.52086639404295,0.0,98.08999633789062,0.0,102.73999786376952,98.01000213623048,102.06999969482422,0.0,75088300
2015-08-26,95.07965087890624,0.0,103.02999877929688,0.0,103.2300033569336,98.93000030517578,100.95999908447266,0.0,104103800
2015-08-27,97.48828125,0.0,105.63999938964844,0.0,105.70999908447266,103.27999877929688,104.5199966430664,0.0,69377700
2015-08-28,97.4698486328125,0.0,105.62000274658205,0.0,106.0,104.8499984741211,105.08000183105467,0.0,49919600
2015-08-31,96.2608871459961,0.0,104.30999755859376,0.0,105.61000061035156,104.0500030517578,105.02999877929688,0.0,39549400
2015-09-01,93.25245666503906,0.0,101.0500030517578,0.0,103.29000091552734,100.62999725341795,101.70999908447266,0.0,73155500
2015-09-02,95.88253021240234,0.0,103.9000015258789,0.0,103.91999816894533,101.6999969482422,102.87999725341795,0.0,43963600
2015-09-03,95.41189575195312,0.0,103.38999938964844,0.0,105.0199966430664,103.0999984741211,104.30999755859376,0.0,45131800
2015-09-04,94.27686309814452,0.0,102.16000366210938,0.0,102.8499984741211,101.58999633789062,101.97000122070312,0.0,49379600
2015-09-08,96.93456268310548,0.0,105.04000091552734,0.0,105.16999816894533,103.69000244140624,104.12000274658205,0.0,37343500
2015-09-09,95.84564208984376,0.0,103.86000061035156,0.0,106.30999755859376,103.58999633789062,106.27999877929688,0.0,47146700
2015-09-10,96.88843536376952,0.0,104.98999786376952,0.0,105.68000030517578,103.62000274658205,103.73999786376952,0.0,47686700
2015-09-11,97.42366027832033,0.0,105.56999969482422,0.0,105.56999969482422,104.20999908447266,104.51000213623048,0.0,29106100
2015-09-14,97.12836456298828,0.0,105.25,0.0,105.9800033569336,104.8499984741211,105.95999908447266,0.0,19718800
2015-09-15,98.2726821899414,0.0,106.48999786376952,0.0,106.81999969482422,105.11000061035156,105.5,0.0,30020200
2015-09-16,98.82640075683594,0.0,107.08999633789062,0.0,107.19000244140624,106.13999938964844,106.51000213623048,0.0,31329100
2015-09-17,98.86328125,0.0,107.12999725341795,0.0,108.7300033569336,106.63999938964844,106.9800033569336,0.0,56139800
2015-09-18,97.45719146728516,0.0,105.3499984741211,0.26,106.5999984741211,105.16999816894533,105.2300033569336,0.0,48384000
2015-09-21,97.76244354248048,0.0,105.68000030517578,0.0,106.5500030517578,104.7300033569336,105.93000030517578,0.0,35772600
2015-09-22,96.30085754394533,0.0,104.0999984741211,0.0,104.41999816894533,103.12999725341795,104.05999755859376,0.0,47359700
2015-09-23,96.37479400634766,0.0,104.18000030517578,0.0,104.66000366210938,103.63999938964844,104.37999725341795,0.0,21775100
2015-09-24,96.02330017089844,0.0,103.8000030517578,0.0,104.19000244140624,102.2699966430664,103.16999816894533,0.0,38284300
2015-09-25,95.2092056274414,0.0,102.91999816894533,0.0,105.01000213623048,102.27999877929688,104.91000366210938,0.0,44700000
2015-09-28,92.49874877929688,0.0,99.98999786376952,0.0,102.5500030517578,99.69000244140624,102.4800033569336,0.0,44077500
2015-09-29,92.01771545410156,0.0,99.47000122070312,0.0,101.26000213623048,98.75,100.23999786376952,0.0,49315500
2015-09-30,94.13614654541016,0.0,101.76000213623048,0.0,101.87000274658205,100.5,100.88999938964844,0.0,41411400
2015-10-01,94.56165313720705,0.0,102.22000122070312,0.0,102.2300033569336,100.58999633789062,101.94000244140624,0.0,39339100
2015-10-02,96.21755981445312,0.0,104.01000213623048,0.0,104.01000213623048,100.4800033569336,100.8000030517578,0.0,59370900
2015-10-05,97.595947265625,0.0,105.5,0.0,105.77999877929688,104.5500030517578,104.77999877929688,0.0,32853500
2015-10-06,97.13338470458984,0.0,105.0,0.0,105.5999984741211,104.18000030517578,105.25,0.0,33051500
2015-10-07,97.71617126464844,0.0,105.62999725341795,0.0,105.86000061035156,104.29000091552734,105.66000366210938,0.0,37389300
2015-10-08,98.10472106933594,0.0,106.0500030517578,0.0,106.2300033569336,104.20999908447266,105.2300033569336,0.0,50188900
2015-10-09,98.54875183105467,0.0,106.52999877929688,0.0,106.7300033569336,105.80999755859376,106.0999984741211,0.0,23916200
2015-10-12,98.78929901123048,0.0,106.79000091552734,0.0,106.98999786376952,106.3499984741211,106.7300033569336,0.0,16162000
2015-10-13,98.15095520019533,0.0,106.0999984741211,0.0,107.26000213623048,106.0,106.18000030517578,0.0,26999600
2015-10-14,97.99371337890624,0.0,105.93000030517578,0.0,106.62999725341795,105.48999786376952,106.0999984741211,0.0,30902600
2015-10-15,99.60332489013672,0.0,107.66999816894533,0.0,107.68000030517578,106.18000030517578,106.31999969482422,0.0,38393800
2015-10-16,100.01964569091795,0.0,108.12000274658205,0.0,108.18000030517578,107.37999725341795,107.9000015258789,0.0,27091100
2015-10-19,100.59319305419922,0.0,108.73999786376952,0.0,108.80999755859376,107.73999786376952,107.9800033569336,0.0,23776300
2015-10-20,100.0751495361328,0.0,108.18000030517578,0.0,108.77999877929688,107.80999755859376,108.5500030517578,0.0,23404700
2015-10-21,99.46458435058594,0.0,107.5199966430664,0.0,108.83999633789062,107.4800033569336,108.7300033569336,0.0,30195200
2015-10-22,101.49051666259766,0.0,109.70999908447266,0.0,109.8000030517578,108.16999816894533,108.4800033569336,0.0,42778700
2015-10-23,104.33051300048828,0.0,112.77999877929688,0.0,113.23999786376952,112.06999969482422,112.66000366210938,0.0,53170900
2015-10-26,104.3952865600586,0.0,112.8499984741211,0.0,113.06999969482422,112.2699966430664,112.6999969482422,0.0,25918000
2015-10-27,104.60804748535156,0.0,113.08000183105467,0.0,113.23999786376952,112.5199966430664,112.5500030517578,0.0,31390500
2015-10-28,105.47761535644533,0.0,114.0199966430664,0.0,114.0199966430664,112.33999633789062,113.25,0.0,42221900
2015-10-29,105.31108856201172,0.0,113.83999633789062,0.0,114.02999877929688,113.37999725341795,113.5,0.0,24913300
2015-10-30,104.83932495117188,0.0,113.33000183105467,0.0,114.08000183105467,113.3000030517578,113.88999938964844,0.0,27199200
2015-11-02,106.0234146118164,0.0,114.61000061035156,0.0,114.75,113.38999938964844,113.62999725341795,0.0,22176900
2015-11-03,106.3934555053711,0.0,115.01000213623048,0.0,115.41999816894533,114.20999908447266,114.37999725341795,0.0,20418400
2015-11-04,106.40267944335938,0.0,115.0199966430664,0.0,115.47000122070312,114.54000091552734,115.38999938964844,0.0,28633000
2015-11-05,106.11592864990234,0.0,114.70999908447266,0.0,115.4000015258789,114.11000061035156,115.12000274658205,0.0,25004100
2015-11-06,106.18992614746094,0.0,114.79000091552734,0.0,114.91999816894533,113.76000213623048,114.48999786376952,0.0,29924900
2015-11-09,105.06130981445312,0.0,113.56999969482422,0.0,114.51000213623048,112.87000274658205,114.36000061035156,0.0,33479800
2015-11-10,104.79307556152344,0.0,113.27999877929688,0.0,113.38999938964844,112.62999725341795,112.97000122070312,0.0,35452100
2015-11-11,104.66353607177734,0.0,113.13999938964844,0.0,114.13999938964844,112.9499969482422,113.58999633789062,0.0,22748800
2015-11-12,103.64596557617188,0.0,112.04000091552734,0.0,113.2300033569336,111.95999908447266,112.68000030517578,0.0,31196900
2015-11-13,101.6107940673828,0.0,109.83999633789062,0.0,111.69000244140624,109.77999877929688,111.56999969482422,0.0,52836000
2015-11-16,103.07240295410156,0.0,111.41999816894533,0.0,111.44000244140624,109.4800033569336,109.7300033569336,0.0,33980600
2015-11-17,103.13716888427734,0.0,111.48999786376952,0.0,112.29000091552734,111.20999908447266,111.61000061035156,0.0,30579500
2015-11-18,105.1168212890625,0.0,113.62999725341795,0.0,113.73999786376952,111.83000183105467,111.94000244140624,0.0,32966500
2015-11-19,105.19084930419922,0.0,113.70999908447266,0.0,114.2300033569336,113.48999786376952,113.69000244140624,0.0,26188100
2015-11-20,105.90315246582033,0.0,114.4800033569336,0.0,114.56999969482422,114.13999938964844,114.25,0.0,22727600
2015-11-23,105.5978775024414,0.0,114.1500015258789,0.0,114.94000244140624,113.66000366210938,114.5199966430664,0.0,20696200
2015-11-24,105.5053482055664,0.0,114.0500030517578,0.0,114.31999969482422,112.83999633789062,113.41000366210938,0.0,26374400
2015-11-25,105.5978775024414,0.0,114.1500015258789,0.0,114.36000061035156,113.91000366210938,114.22000122070312,0.0,14159900
2015-11-27,105.74588775634766,0.0,114.30999755859376,0.0,114.54000091552734,113.91999816894533,114.4000015258789,0.0,8828000
2015-11-30,105.47761535644533,0.0,114.0199966430664,0.0,114.6500015258789,113.6500015258789,114.6500015258789,0.0,25041600
2015-12-01,106.53221130371094,0.0,115.16000366210938,0.0,115.16000366210938,114.33999633789062,114.4800033569336,0.0,28639400
2015-12-02,105.87541961669922,0.0,114.4499969482422,0.0,115.75,114.27999877929688,115.25,0.0,22395500
2015-12-03,104.08077239990234,0.0,112.51000213623048,0.0,114.95999908447266,111.83999633789062,114.76000213623048,0.0,42754300
2015-12-04,106.5137176513672,0.0,115.13999938964844,0.0,115.33000183105467,112.62000274658205,112.8499984741211,0.0,40037300
2015-12-07,106.03268432617188,0.0,114.62000274658205,0.0,115.29000091552734,114.06999969482422,115.22000122070312,0.0,25892100
2015-12-08,106.04190826416016,0.0,114.62999725341795,0.0,115.0,113.37999725341795,113.41999816894533,0.0,30792600
2015-12-09,104.43225860595705,0.0,112.88999938964844,0.0,114.76000213623048,112.1999969482422,114.12999725341795,0.0,48509200
2015-12-10,104.904052734375,0.0,113.4000015258789,0.0,114.16000366210938,112.80999755859376,113.1500015258789,0.0,30154600
2015-12-11,102.48958587646484,0.0,110.79000091552734,0.0,112.38999938964844,110.72000122070312,112.08999633789062,0.0,56022200
2015-12-14,103.26670837402344,0.0,111.62999725341795,0.0,111.68000030517578,109.37999725341795,110.94000244140624,0.0,53098500
2015-12-15,103.89573669433594,0.0,112.30999755859376,0.0,113.27999877929688,112.16999816894533,112.66000366210938,0.0,48428000
2015-12-16,105.44058990478516,0.0,113.9800033569336,0.0,114.16999816894533,111.88999938964844,113.06999969482422,0.0,44944100
2015-12-17,103.9049835205078,0.0,112.31999969482422,0.0,114.4800033569336,112.3000030517578,114.4800033569336,0.0,45668800
2015-12-18,101.91184997558594,0.0,109.83000183105467,0.342,111.87999725341795,109.83000183105467,111.62999725341795,0.0,53746100
2015-12-21,103.04388427734376,0.0,111.0500030517578,0.0,111.06999969482422,110.0500030517578,110.87000274658205,0.0,26432800
2015-12-22,103.72125244140624,0.0,111.77999877929688,0.0,111.94000244140624,111.0500030517578,111.63999938964844,0.0,26540300
2015-12-23,104.49141693115234,0.0,112.61000061035156,0.0,112.69000244140624,112.16000366210938,112.36000061035156,0.0,25656900
2015-12-24,104.47284698486328,0.0,112.58999633789062,0.0,112.9000015258789,112.54000091552734,112.61000061035156,0.0,11468600
2015-12-28,104.41719818115234,0.0,112.52999877929688,0.0,112.5500030517578,111.51000213623048,112.31999969482422,0.0,19183600
2015-12-29,106.05956268310548,0.0,114.3000030517578,0.0,114.5500030517578,113.12999725341795,113.1999969482422,0.0,27725700
2015-12-30,105.10383605957033,0.0,113.2699966430664,0.0,114.23999786376952,113.25,114.1999969482422,0.0,19520100
2015-12-31,103.79548645019533,0.0,111.86000061035156,0.0,113.08000183105467,111.83999633789062,112.87000274658205,0.0,29886800
2016-01-04,101.60563659667967,0.0,109.5,0.0,109.5999984741211,108.12000274658205,109.4499969482422,0.0,50807600
2016-01-05,101.42931365966795,0.0,109.30999755859376,0.0,110.18000030517578,108.8000030517578,110.04000091552734,0.0,38795200
2016-01-06,100.45502471923828,0.0,108.26000213623048,0.0,108.88999938964844,107.41000366210938,107.41000366210938,0.0,41891100
2016-01-07,97.3094482421875,0.0,104.87000274658205,0.0,107.29000091552734,104.80999755859376,105.9499969482422,0.0,61386300
2016-01-08,96.51141357421876,0.0,104.01000213623048,0.0,106.29000091552734,103.9000015258789,105.62999725341795,0.0,69344000
2016-01-11,96.8083724975586,0.0,104.33000183105467,0.0,105.05999755859376,102.7300033569336,104.75,0.0,50024100
2016-01-12,97.9311065673828,0.0,105.54000091552734,0.0,106.08000183105467,104.08000183105467,105.33000183105467,0.0,46734200
2016-01-13,94.55353546142578,0.0,101.9000015258789,0.0,106.2300033569336,101.73999786376952,105.97000122070312,0.0,69870700
2016-01-14,96.56710815429688,0.0,104.06999969482422,0.0,104.9800033569336,100.66999816894533,102.3000030517578,0.0,78445700
2016-01-15,93.5699462890625,0.0,100.83999633789062,0.0,101.94000244140624,99.51000213623048,100.62000274658205,0.0,91443900
2016-01-19,93.7741241455078,0.0,101.05999755859376,0.0,102.37000274658205,99.87999725341795,102.20999908447266,0.0,56563800
2016-01-20,93.48644256591795,0.0,100.75,0.0,101.83000183105467,97.25,99.47000122070312,0.0,86675000
2016-01-21,93.5792465209961,0.0,100.8499984741211,0.0,102.3499984741211,99.81999969482422,101.18000030517578,0.0,61660100
2016-01-22,96.28874969482422,0.0,103.7699966430664,0.0,103.80999755859376,102.52999877929688,102.87999725341795,0.0,42229800
2016-01-25,94.85975646972656,0.0,102.2300033569336,0.0,103.98999786376952,102.13999938964844,103.4000015258789,0.0,38881500
2016-01-26,95.71343231201172,0.0,103.1500015258789,0.0,103.58999633789062,101.76000213623048,102.66000366210938,0.0,36143900
2016-01-27,93.3287124633789,0.0,100.58000183105467,0.0,102.98999786376952,100.1500015258789,102.5500030517578,0.0,54524700
2016-01-28,94.6463394165039,0.0,102.0,0.0,102.29000091552734,100.26000213623048,102.25,0.0,47641500
2016-01-29,96.62279510498048,0.0,104.12999725341795,0.0,104.16999816894533,101.94000244140624,101.97000122070312,0.0,54245100
2016-02-01,96.88262176513672,0.0,104.41000366210938,0.0,104.8000030517578,103.2300033569336,103.62999725341795,0.0,32750300
2016-02-02,94.78553771972656,0.0,102.1500015258789,0.0,103.97000122070312,101.83999633789062,103.93000030517578,0.0,44928100
2016-02-03,94.3308563232422,0.0,101.66000366210938,0.0,102.83000183105467,99.87999725341795,102.83000183105467,0.0,61572900
2016-02-04,94.3215789794922,0.0,101.6500015258789,0.0,102.45999908447266,100.44000244140624,101.38999938964844,0.0,49321600
2016-02-05,91.04608917236328,0.0,98.12000274658205,0.0,101.33000183105467,97.72000122070312,101.29000091552734,0.0,70749900
2016-02-08,89.65420532226562,0.0,96.62000274658205,0.0,97.0500030517578,94.83999633789062,96.29000091552734,0.0,91673100
2016-02-09,89.37584686279297,0.0,96.31999969482422,0.0,97.77999877929688,95.18000030517578,95.33000183105467,0.0,73778400
2016-02-10,89.71915435791016,0.0,96.69000244140624,0.0,98.69000244140624,96.62000274658205,97.43000030517578,0.0,59421700
2016-02-11,89.58927154541016,0.0,96.5500030517578,0.0,97.31999969482422,95.19000244140624,95.45999908447266,0.0,76839200
2016-02-12,90.9532470703125,0.0,98.0199966430664,0.0,98.12000274658205,96.7300033569336,97.63999938964844,0.0,49186500
2016-02-16,93.0039520263672,0.0,100.2300033569336,0.0,100.2300033569336,98.8499984741211,99.47000122070312,0.0,40565900
2016-02-17,95.11029052734376,0.0,102.5,0.0,102.63999938964844,100.6999969482422,100.95999908447266,0.0,41766500
2016-02-18,94.024658203125,0.0,101.33000183105467,0.0,102.83999633789062,101.1999969482422,102.81999969482422,0.0,38991500
2016-02-19,94.30299377441406,0.0,101.62999725341795,0.0,101.94000244140624,100.62000274658205,100.83999633789062,0.0,28257900
2016-02-22,95.83406066894533,0.0,103.27999877929688,0.0,103.37999725341795,102.4800033569336,102.58000183105467,0.0,23979100
2016-02-23,94.25662994384766,0.0,101.58000183105467,0.0,102.95999908447266,101.51000213623048,102.68000030517578,0.0,29869700
2016-02-24,95.15668487548828,0.0,102.5500030517578,0.0,102.68000030517578,99.7699966430664,100.38999938964844,0.0,40739100
2016-02-25,96.09385681152344,0.0,103.55999755859376,0.0,103.55999755859376,101.83999633789062,102.76000213623048,0.0,29389300
2016-02-26,95.97325897216795,0.0,103.43000030517578,0.0,104.37000274658205,103.18000030517578,104.3499984741211,0.0,30925000
2016-02-29,95.11029052734376,0.0,102.5,0.0,104.0999984741211,102.5,103.33000183105467,0.0,27553900
2016-03-01,98.16310119628906,0.0,105.79000091552734,0.0,105.79000091552734,103.16000366210938,103.4800033569336,0.0,37699800
2016-03-02,98.20022583007812,0.0,105.83000183105467,0.0,105.8499984741211,105.01000213623048,105.66000366210938,0.0,29209800
2016-03-03,98.01463317871094,0.0,105.62999725341795,0.0,105.75,104.87000274658205,105.72000122070312,0.0,25474600
2016-03-04,98.0517578125,0.0,105.66999816894533,0.0,106.3499984741211,104.97000122070312,105.75,0.0,31655400
2016-03-07,97.44862365722656,0.0,105.0199966430664,0.0,105.73999786376952,104.2699966430664,105.12999725341795,0.0,25861200
2016-03-08,96.64131927490234,0.0,104.1500015258789,0.0,105.20999908447266,103.97000122070312,104.3000030517578,0.0,28898500
2016-03-09,97.26304626464844,0.0,104.81999969482422,0.0,104.83999633789062,103.95999908447266,104.54000091552734,0.0,31047400
2016-03-10,97.11456298828124,0.0,104.66000366210938,0.0,105.86000061035156,103.30999755859376,105.26000213623048,0.0,44236100
2016-03-11,98.8126449584961,0.0,106.48999786376952,0.0,106.48999786376952,105.45999908447266,105.79000091552734,0.0,31454000
2016-03-14,98.97966003417967,0.0,106.66999816894533,0.0,106.91999816894533,106.05999755859376,106.08999633789062,0.0,25374900
2016-03-15,98.9425277709961,0.0,106.62999725341795,0.0,106.75,105.9499969482422,106.29000091552734,0.0,26524600
2016-03-16,99.82405853271484,0.0,107.58000183105467,0.0,107.86000061035156,106.33999633789062,106.37000274658205,0.0,31693100
2016-03-17,99.76837921142578,0.0,107.5199966430664,0.0,107.7699966430664,106.87000274658205,107.2699966430664,0.0,29623700
2016-03-18,99.92472839355467,0.0,107.37000274658205,0.318,107.63999938964844,106.8000030517578,107.45999908447266,0.0,37682300
2016-03-21,100.31560516357422,0.0,107.79000091552734,0.0,107.88999938964844,107.12000274658205,107.18000030517578,0.0,17288600
2016-03-22,100.62272644042967,0.0,108.12000274658205,0.0,108.37000274658205,107.16000366210938,107.18000030517578,0.0,18840300
2016-03-23,99.79442596435548,0.0,107.2300033569336,0.0,107.98999786376952,106.98999786376952,107.91000366210938,0.0,20912900
2016-03-24,99.82235717773438,0.0,107.26000213623048,0.0,107.29000091552734,106.52999877929688,106.70999908447266,0.0,19017300
2016-03-28,99.68272399902344,0.0,107.11000061035156,0.0,107.58000183105467,106.91999816894533,107.55999755859376,0.0,13892300
2016-03-29,101.2834930419922,0.0,108.83000183105467,0.0,108.9000015258789,106.7300033569336,106.91000366210938,0.0,29963900
2016-03-30,101.77672576904295,0.0,109.36000061035156,0.0,110.04000091552734,109.12999725341795,109.4800033569336,0.0,23807200
2016-03-31,101.62782287597656,0.0,109.1999969482422,0.0,109.69000244140624,109.02999877929688,109.27999877929688,0.0,21447200
2016-04-01,102.70738983154295,0.0,110.36000061035156,0.0,110.4000015258789,108.38999938964844,108.54000091552734,0.0,26389000
2016-04-04,102.31648254394533,0.0,109.94000244140624,0.0,110.44000244140624,109.68000030517578,110.36000061035156,0.0,17163000
2016-04-05,101.33002471923828,0.0,108.87999725341795,0.0,109.5,108.73999786376952,109.08999633789062,0.0,20107900
2016-04-06,102.99588775634766,0.0,110.66999816894533,0.0,110.70999908447266,108.98999786376952,108.98999786376952,0.0,25056000
2016-04-07,101.51618194580078,0.0,109.08000183105467,0.0,110.2300033569336,108.61000061035156,110.02999877929688,0.0,28567200
2016-04-08,101.4416961669922,0.0,109.0,0.0,110.0199966430664,108.62000274658205,109.76000213623048,0.0,22898000
2016-04-11,101.06944274902344,0.0,108.5999984741211,0.0,110.0199966430664,108.58999633789062,109.47000122070312,0.0,25772100
2016-04-12,101.9163589477539,0.0,109.51000213623048,0.0,109.72000122070312,108.0199966430664,108.68000030517578,0.0,28564100
2016-04-13,103.21926879882812,0.0,110.91000366210938,0.0,111.08000183105467,110.20999908447266,110.3499984741211,0.0,25356700
2016-04-14,103.22858428955078,0.0,110.91999816894533,0.0,111.33000183105467,110.0,110.93000030517578,0.0,17199700
2016-04-15,102.96797943115234,0.0,110.63999938964844,0.0,111.05999755859376,110.36000061035156,110.83000183105467,0.0,21353300
2016-04-18,103.51705932617188,0.0,111.2300033569336,0.0,111.2699966430664,110.25,110.31999969482422,0.0,17126100
2016-04-19,102.88422393798828,0.0,110.5500030517578,0.0,111.44000244140624,109.87999725341795,111.44000244140624,0.0,42481400
2016-04-20,102.96797943115234,0.0,110.63999938964844,0.0,111.1500015258789,110.16999816894533,110.5500030517578,0.0,18078300
2016-04-21,102.97727966308594,0.0,110.6500015258789,0.0,111.0500030517578,110.1500015258789,110.58000183105467,0.0,20216000
2016-04-22,101.42308044433594,0.0,108.9800033569336,0.0,109.72000122070312,108.12000274658205,109.20999908447266,0.0,39074000
2016-04-25,101.42308044433594,0.0,108.9800033569336,0.0,108.98999786376952,108.4499969482422,108.6500015258789,0.0,14351900
2016-04-26,100.92986297607422,0.0,108.4499969482422,0.0,109.38999938964844,108.12000274658205,109.20999908447266,0.0,19118300
2016-04-27,100.12017822265624,0.0,107.58000183105467,0.0,107.83000183105467,106.69000244140624,107.33999633789062,0.0,33059800
2016-04-28,98.91031646728516,0.0,106.27999877929688,0.0,108.33000183105467,106.06999969482422,107.6999969482422,0.0,29818200
2016-04-29,98.38916015625,0.0,105.72000122070312,0.0,106.5,104.87999725341795,106.27999877929688,0.0,67502800
2016-05-02,99.31980895996094,0.0,106.72000122070312,0.0,106.87000274658205,105.5500030517578,105.98999786376952,0.0,24813800
2016-05-03,98.39844512939452,0.0,105.7300033569336,0.0,106.44000244140624,105.4499969482422,105.95999908447266,0.0,38569400
2016-05-04,97.76561737060548,0.0,105.0500030517578,0.0,105.4800033569336,104.79000091552734,105.08999633789062,0.0,27474500
2016-05-05,97.7376937866211,0.0,105.0199966430664,0.0,105.66000366210938,104.80999755859376,105.43000030517578,0.0,20788100
2016-05-06,98.25885772705078,0.0,105.58000183105467,0.0,105.5999984741211,104.4000015258789,104.5,0.0,30758500
2016-05-09,98.53804779052734,0.0,105.87999725341795,0.0,106.37000274658205,105.54000091552734,105.58999633789062,0.0,19289600
2016-05-10,99.88750457763672,0.0,107.33000183105467,0.0,107.37999725341795,106.06999969482422,106.26000213623048,0.0,21178900
2016-05-11,98.98477172851562,0.0,106.36000061035156,0.0,107.48999786376952,106.33000183105467,107.16999816894533,0.0,20966300
2016-05-12,98.54736328125,0.0,105.88999938964844,0.0,106.73999786376952,105.13999938964844,106.61000061035156,0.0,29196300
2016-05-13,98.18439483642578,0.0,105.5,0.0,106.4499969482422,105.29000091552734,105.8000030517578,0.0,21059300
2016-05-16,99.41287231445312,0.0,106.81999969482422,0.0,107.20999908447266,105.55999755859376,105.66000366210938,0.0,18311900
2016-05-17,98.16580963134766,0.0,105.4800033569336,0.0,107.04000091552734,105.1999969482422,106.7300033569336,0.0,29932700
2016-05-18,98.5194320678711,0.0,105.86000061035156,0.0,106.43000030517578,105.04000091552734,105.23999786376952,0.0,27524400
2016-05-19,98.00758361816406,0.0,105.30999755859376,0.0,105.70999908447266,104.54000091552734,105.4499969482422,0.0,27334600
2016-05-20,99.0871353149414,0.0,106.47000122070312,0.0,106.9000015258789,105.66999816894533,105.7300033569336,0.0,29549600
2016-05-23,98.95681762695312,0.0,106.33000183105467,0.0,106.97000122070312,106.2300033569336,106.58999633789062,0.0,15729800
2016-05-24,100.93912506103516,0.0,108.45999908447266,0.0,108.58999633789062,106.88999938964844,106.91999816894533,0.0,29931300
2016-05-25,101.6650619506836,0.0,109.23999786376952,0.0,109.56999969482422,108.68000030517578,108.87000274658205,0.0,37951700
2016-05-26,101.96283721923828,0.0,109.55999755859376,0.0,109.6999969482422,109.08999633789062,109.3499984741211,0.0,21885900
2016-05-27,102.49333190917967,0.0,110.12999725341795,0.0,110.13999938964844,109.61000061035156,109.62999725341795,0.0,19870000
2016-05-31,102.68875885009766,0.0,110.33999633789062,0.0,110.51000213623048,109.77999877929688,110.27999877929688,0.0,24366100
2016-06-01,102.69808197021484,0.0,110.3499984741211,0.0,110.5999984741211,109.91000366210938,110.0,0.0,19571500
2016-06-02,102.9121551513672,0.0,110.58000183105467,0.0,110.58999633789062,109.52999877929688,110.12999725341795,0.0,15696600
2016-06-03,102.4281997680664,0.0,110.05999755859376,0.0,110.41999816894533,109.33999633789062,110.37000274658205,0.0,20269900
2016-06-06,102.80044555664062,0.0,110.45999908447266,0.0,110.75,110.06999969482422,110.26000213623048,0.0,12502400
2016-06-07,102.53987121582033,0.0,110.18000030517578,0.0,110.62999725341795,110.12999725341795,110.5199966430664,0.0,12184300
2016-06-08,102.71669006347656,0.0,110.37000274658205,0.0,110.5999984741211,109.95999908447266,110.37000274658205,0.0,14568700
2016-06-09,102.5491943359375,0.0,110.19000244140624,0.0,110.30999755859376,109.70999908447266,109.91999816894533,0.0,17571600
2016-06-10,101.38585662841795,0.0,108.94000244140624,0.0,109.4000015258789,108.55999755859376,109.19000244140624,0.0,32965000
2016-06-13,100.53895568847656,0.0,108.02999877929688,0.0,108.93000030517578,107.88999938964844,108.31999969482422,0.0,25154700
2016-06-14,100.53895568847656,0.0,108.02999877929688,0.0,108.41999816894533,107.23999786376952,107.73999786376952,0.0,24588500
2016-06-15,100.25045013427734,0.0,107.72000122070312,0.0,108.44000244140624,107.54000091552734,108.29000091552734,0.0,24605700
2016-06-16,100.54827880859376,0.0,108.04000091552734,0.0,108.13999938964844,106.5,107.19000244140624,0.0,32079900
2016-06-17,99.36971282958984,0.0,106.48999786376952,0.287,107.68000030517578,106.23999786376952,107.52999877929688,0.0,29208800
2016-06-20,99.99492645263672,0.0,107.16000366210938,0.0,108.23999786376952,107.08000183105467,107.7300033569336,0.0,20562800
2016-06-21,100.31220245361328,0.0,107.5,0.0,107.72000122070312,107.0999984741211,107.3000030517578,0.0,22804100
2016-06-22,100.06959533691406,0.0,107.23999786376952,0.0,108.19000244140624,107.1500015258789,107.55999755859376,0.0,22724200
2016-06-23,101.49726104736328,0.0,108.7699966430664,0.0,108.79000091552734,107.62000274658205,108.06999969482422,0.0,18714200
2016-06-24,97.31683349609376,0.0,104.29000091552734,0.0,106.5,104.05999755859376,104.9000015258789,0.0,68012700
2016-06-27,95.38522338867188,0.0,102.22000122070312,0.0,103.5999984741211,101.75,103.5999984741211,0.0,48222600
2016-06-28,97.47547912597656,0.0,104.45999908447266,0.0,104.51000213623048,103.3000030517578,103.3499984741211,0.0,28260600
2016-06-29,99.20175170898438,0.0,106.30999755859376,0.0,106.52999877929688,105.2300033569336,105.27999877929688,0.0,31356700
2016-06-30,100.34947204589844,0.0,107.54000091552734,0.0,107.61000061035156,106.12999725341795,106.48999786376952,0.0,36300800
2016-07-01,100.85342407226562,0.0,108.08000183105467,0.0,108.4800033569336,107.4499969482422,107.48999786376952,0.0,19902800
2016-07-05,100.23751831054688,0.0,107.41999816894533,0.0,107.66000366210938,106.83999633789062,107.51000213623048,0.0,21167900
2016-07-06,101.05870056152344,0.0,108.3000030517578,0.0,108.3499984741211,106.56999969482422,106.91000366210938,0.0,24579300
2016-07-07,101.35731506347656,0.0,108.62000274658205,0.0,108.86000061035156,108.11000061035156,108.4000015258789,0.0,19161700
2016-07-08,102.92497253417967,0.0,110.3000030517578,0.0,110.36000061035156,109.0199966430664,109.1999969482422,0.0,29457900
2016-07-11,103.51283264160156,0.0,110.93000030517578,0.0,111.33999633789062,110.66000366210938,110.66999816894533,0.0,20218500
2016-07-12,104.03540802001952,0.0,111.48999786376952,0.0,111.79000091552734,111.33999633789062,111.61000061035156,0.0,21906100
2016-07-13,103.78346252441406,0.0,111.22000122070312,0.0,111.81999969482422,111.20999908447266,111.75,0.0,21107800
2016-07-14,104.49261474609376,0.0,111.9800033569336,0.0,112.19000244140624,111.6999969482422,111.95999908447266,0.0,20871000
2016-07-15,104.32467651367188,0.0,111.8000030517578,0.0,112.3000030517578,111.5500030517578,112.23999786376952,0.0,17999300
2016-07-18,105.01520538330078,0.0,112.54000091552734,0.0,112.73999786376952,111.8499984741211,111.87000274658205,0.0,20713900
2016-07-19,104.63259887695312,0.0,112.12999725341795,0.0,112.4800033569336,111.93000030517578,112.1500015258789,0.0,18936700
2016-07-20,105.8550033569336,0.0,113.44000244140624,0.0,113.6500015258789,112.5999984741211,112.73999786376952,0.0,24997900
2016-07-21,105.61238861083984,0.0,113.18000030517578,0.0,113.73999786376952,112.87000274658205,113.5199966430664,0.0,18885400
2016-07-22,106.05097198486328,0.0,113.6500015258789,0.0,113.77999877929688,112.91000366210938,113.26000213623048,0.0,20003400
2016-07-25,106.060302734375,0.0,113.66000366210938,0.0,113.69000244140624,113.27999877929688,113.55999755859376,0.0,12968100
2016-07-26,106.18163299560548,0.0,113.79000091552734,0.0,114.1999969482422,113.22000122070312,113.62000274658205,0.0,21223800
2016-07-27,106.9188003540039,0.0,114.58000183105467,0.0,114.87999725341795,114.0999984741211,114.75,0.0,27646100
2016-07-28,107.29205322265624,0.0,114.9800033569336,0.0,115.11000061035156,114.4000015258789,114.76000213623048,0.0,16939700
2016-07-29,107.52532958984376,0.0,115.2300033569336,0.0,115.54000091552734,114.87000274658205,115.23999786376952,0.0,22385300
2016-08-01,108.0945281982422,0.0,115.83999633789062,0.0,116.12999725341795,115.16999816894533,115.30999755859376,0.0,13990100
2016-08-02,107.27336883544922,0.0,114.95999908447266,0.0,115.7699966430664,114.22000122070312,115.66999816894533,0.0,21278400
2016-08-03,107.62796783447266,0.0,115.33999633789062,0.0,115.3499984741211,114.8000030517578,114.87000274658205,0.0,15011300
2016-08-04,107.93590545654295,0.0,115.66999816894533,0.0,115.77999877929688,115.02999877929688,115.3000030517578,0.0,12835300
2016-08-05,108.97166442871094,0.0,116.77999877929688,0.0,117.04000091552734,116.12999725341795,116.26000213623048,0.0,23196600
2016-08-08,108.85039520263672,0.0,116.6500015258789,0.0,116.87000274658205,116.27999877929688,116.83999633789062,0.0,12358200
2016-08-09,109.10233306884766,0.0,116.91999816894533,0.0,117.29000091552734,116.66999816894533,116.73999786376952,0.0,13276500
2016-08-10,108.82240295410156,0.0,116.62000274658205,0.0,117.0199966430664,116.30999755859376,116.98999786376952,0.0,14688400
2016-08-11,109.28893280029295,0.0,117.12000274658205,0.0,117.37000274658205,116.77999877929688,117.0199966430664,0.0,12969800
2016-08-12,109.36359405517578,0.0,117.1999969482422,0.0,117.20999908447266,116.79000091552734,116.91999816894533,0.0,19379000
2016-08-15,109.8301773071289,0.0,117.6999969482422,0.0,117.97000122070312,117.30999755859376,117.3499984741211,0.0,11777800
2016-08-16,109.2236557006836,0.0,117.0500030517578,0.0,117.48999786376952,117.02999877929688,117.4800033569336,0.0,14161400
2016-08-17,109.41960906982422,0.0,117.26000213623048,0.0,117.3000030517578,116.43000030517578,117.08000183105467,0.0,15980300
2016-08-18,109.44760131835938,0.0,117.29000091552734,0.0,117.45999908447266,116.9499969482422,117.1500015258789,0.0,10036300
2016-08-19,109.41960906982422,0.0,117.26000213623048,0.0,117.5199966430664,116.76000213623048,117.08000183105467,0.0,18743000
2016-08-22,109.50359344482422,0.0,117.3499984741211,0.0,117.5500030517578,116.87000274658205,117.08999633789062,0.0,14500600
2016-08-23,109.69952392578124,0.0,117.55999755859376,0.0,118.01000213623048,117.51000213623048,117.80999755859376,0.0,11997900
2016-08-24,108.99036407470705,0.0,116.8000030517578,0.0,117.63999938964844,116.41000366210938,117.4800033569336,0.0,17728700
2016-08-25,108.81304931640624,0.0,116.61000061035156,0.0,116.97000122070312,116.36000061035156,116.5,0.0,24266300
2016-08-26,108.97166442871094,0.0,116.77999877929688,0.0,117.54000091552734,116.08000183105467,116.6500015258789,0.0,23896000
2016-08-29,109.1209945678711,0.0,116.94000244140624,0.0,117.25,116.79000091552734,116.80999755859376,0.0,11184900
2016-08-30,108.76639556884766,0.0,116.55999755859376,0.0,117.08999633789062,116.16000366210938,116.75,0.0,19843300
2016-08-31,108.6544189453125,0.0,116.44000244140624,0.0,116.55999755859376,115.9499969482422,116.37999725341795,0.0,16169800
2016-09-01,108.9343719482422,0.0,116.73999786376952,0.0,116.87999725341795,115.91000366210938,116.4800033569336,0.0,20944700
2016-09-02,109.28893280029295,0.0,117.12000274658205,0.0,117.55999755859376,116.68000030517578,117.31999969482422,0.0,18088200
2016-09-06,109.97016143798828,0.0,117.8499984741211,0.0,117.8499984741211,117.05999755859376,117.31999969482422,0.0,18525200
2016-09-07,110.03546905517578,0.0,117.91999816894533,0.0,118.12000274658205,117.47000122070312,117.95999908447266,0.0,17546900
2016-09-08,109.3916244506836,0.0,117.2300033569336,0.0,117.5999984741211,116.91999816894533,117.56999969482422,0.0,20125300
2016-09-09,106.63885498046876,0.0,114.27999877929688,0.0,116.51000213623048,114.26000213623048,116.25,0.0,50813300
2016-09-12,108.55178833007812,0.0,116.33000183105467,0.0,116.48999786376952,113.62999725341795,113.63999938964844,0.0,39646000
2016-09-13,107.5813446044922,0.0,115.29000091552734,0.0,116.08999633789062,114.7300033569336,115.75,0.0,45863900
2016-09-14,108.0945281982422,0.0,115.83999633789062,0.0,116.47000122070312,115.37999725341795,115.41000366210938,0.0,28221800
2016-09-15,109.77417755126952,0.0,117.63999938964844,0.0,117.81999969482422,115.86000061035156,115.87000274658205,0.0,38521400
2016-09-16,109.72181701660156,0.0,117.29000091552734,0.294,117.41000366210938,116.70999908447266,117.22000122070312,0.0,27596500
2016-09-19,109.24468231201172,0.0,116.77999877929688,0.0,117.9499969482422,116.5500030517578,117.58999633789062,0.0,16222900
2016-09-20,109.45051574707033,0.0,117.0,0.0,117.4800033569336,116.8000030517578,117.1999969482422,0.0,18078600
2016-09-21,110.5263214111328,0.0,118.1500015258789,0.0,118.31999969482422,116.80999755859376,117.5,0.0,31546800
2016-09-22,111.40564727783205,0.0,119.08999633789062,0.0,119.22000122070312,118.72000122070312,118.83999633789062,0.0,22614400
2016-09-23,110.69471740722656,0.0,118.33000183105467,0.0,119.0,118.16000366210938,119.0,0.0,22213400
2016-09-26,109.76856994628906,0.0,117.33999633789062,0.0,117.8000030517578,117.16999816894533,117.66000366210938,0.0,16403900
2016-09-27,110.853759765625,0.0,118.5,0.0,118.55999755859376,117.1500015258789,117.26000213623048,0.0,20238400
2016-09-28,111.04080200195312,0.0,118.6999969482422,0.0,118.7699966430664,118.08999633789062,118.6500015258789,0.0,14794300
2016-09-29,110.23629760742188,0.0,117.83999633789062,0.0,118.72000122070312,117.33000183105467,118.5,0.0,27207500
2016-09-30,111.0595474243164,0.0,118.72000122070312,0.0,119.06999969482422,118.02999877929688,118.1500015258789,0.0,25543200
2016-10-03,110.90049743652344,0.0,118.5500030517578,0.0,118.6999969482422,118.08999633789062,118.56999969482422,0.0,19216400
2016-10-04,110.73211669921876,0.0,118.37000274658205,0.0,119.16000366210938,117.91999816894533,118.9000015258789,0.0,21239700
2016-10-05,111.12501525878906,0.0,118.79000091552734,0.0,119.16999816894533,118.66999816894533,118.72000122070312,0.0,14481300
2016-10-06,111.06890106201172,0.0,118.7300033569336,0.0,118.9800033569336,118.1500015258789,118.63999938964844,0.0,11987100
2016-10-07,110.82566833496094,0.0,118.47000122070312,0.0,119.01000213623048,117.88999938964844,118.83999633789062,0.0,19984200
2016-10-10,111.52726745605467,0.0,119.22000122070312,0.0,119.4800033569336,119.02999877929688,119.08000183105467,0.0,19687300
2016-10-11,109.93693542480467,0.0,117.5199966430664,0.0,119.13999938964844,117.0,119.12000274658205,0.0,27774400
2016-10-12,109.84341430664062,0.0,117.41999816894533,0.0,117.81999969482422,117.05999755859376,117.62999725341795,0.0,14267800
2016-10-13,109.45051574707033,0.0,117.0,0.0,117.31999969482422,115.94000244140624,116.62000274658205,0.0,22821000
2016-10-14,109.58150482177734,0.0,117.13999938964844,0.0,118.0500030517578,117.06999969482422,117.58000183105467,0.0,21313300
2016-10-17,109.2821273803711,0.0,116.81999969482422,0.0,117.3000030517578,116.66999816894533,117.04000091552734,0.0,14182700
2016-10-18,110.25502014160156,0.0,117.86000061035156,0.0,118.41000366210938,117.8000030517578,118.20999908447266,0.0,19276700
2016-10-19,110.24568176269533,0.0,117.8499984741211,0.0,118.0199966430664,117.63999938964844,117.7699966430664,0.0,13702900
2016-10-20,110.11471557617188,0.0,117.70999908447266,0.0,117.97000122070312,117.02999877929688,117.7300033569336,0.0,18132200
2016-10-21,110.5263214111328,0.0,118.1500015258789,0.0,118.22000122070312,117.41000366210938,117.8000030517578,0.0,15707800
2016-10-24,111.85467529296876,0.0,119.56999969482422,0.0,119.6500015258789,118.88999938964844,118.91000366210938,0.0,19143000
2016-10-25,111.49920654296876,0.0,119.19000244140624,0.0,119.66000366210938,119.01000213623048,119.63999938964844,0.0,20341800
2016-10-26,110.74149322509766,0.0,118.37999725341795,0.0,119.02999877929688,118.02999877929688,118.41999816894533,0.0,20463700
2016-10-27,110.23629760742188,0.0,117.83999633789062,0.0,118.98999786376952,117.66999816894533,118.88999938964844,0.0,19099800
2016-10-28,109.54408264160156,0.0,117.0999984741211,0.0,118.11000061035156,116.73999786376952,117.5,0.0,35369300
2016-10-31,109.44113159179688,0.0,116.98999786376952,0.0,117.52999877929688,116.93000030517578,117.52999877929688,0.0,18749400
2016-11-01,108.61792755126952,0.0,116.11000061035156,0.0,117.20999908447266,115.0999984741211,117.19000244140624,0.0,23498700
2016-11-02,107.74797058105467,0.0,115.18000030517578,0.0,116.3000030517578,114.88999938964844,116.02999877929688,0.0,26960100
2016-11-03,106.69085693359376,0.0,114.0500030517578,0.0,115.37000274658205,113.91999816894533,114.98999786376952,0.0,36205200
2016-11-04,106.3166732788086,0.0,113.6500015258789,0.0,114.54000091552734,113.4499969482422,113.7699966430664,0.0,26997500
2016-11-07,108.84244537353516,0.0,116.3499984741211,0.0,116.47000122070312,115.3000030517578,115.48999786376952,0.0,26591200
2016-11-08,109.55342864990234,0.0,117.11000061035156,0.0,117.63999938964844,115.95999908447266,116.2300033569336,0.0,20777900
2016-11-09,110.05859375,0.0,117.6500015258789,0.0,117.83999633789062,115.5999984741211,115.73999786376952,0.0,70234400
2016-11-10,108.28118896484376,0.0,115.75,0.0,118.37999725341795,114.1999969482422,118.22000122070312,0.0,72825400
2016-11-11,108.32794952392578,0.0,115.8000030517578,0.0,116.0500030517578,114.83999633789062,115.25,0.0,41115200
2016-11-14,107.23343658447266,0.0,114.62999725341795,0.0,115.94000244140624,114.02999877929688,115.83000183105467,0.0,35906000
2016-11-15,108.72085571289062,0.0,116.22000122070312,0.0,116.62000274658205,115.33000183105467,115.5,0.0,31796600
2016-11-16,109.36632537841795,0.0,116.91000366210938,0.0,116.98999786376952,115.66999816894533,115.66999816894533,0.0,16538100
2016-11-17,110.16145324707033,0.0,117.76000213623048,0.0,117.77999877929688,116.61000061035156,116.8499984741211,0.0,20598600
2016-11-18,109.74987030029295,0.0,117.31999969482422,0.0,118.0999984741211,117.20999908447266,117.9000015258789,0.0,16428700
2016-11-21,110.89112854003906,0.0,118.54000091552734,0.0,118.6500015258789,117.56999969482422,117.61000061035156,0.0,20268500
2016-11-22,111.2279281616211,0.0,118.9000015258789,0.0,119.19000244140624,118.61000061035156,119.01000213623048,0.0,18850600
2016-11-23,110.77886199951172,0.0,118.41999816894533,0.0,118.63999938964844,117.9000015258789,118.51000213623048,0.0,22926000
2016-11-25,111.13438415527344,0.0,118.8000030517578,0.0,118.8499984741211,118.41999816894533,118.55999755859376,0.0,7162800
2016-11-28,110.88179779052734,0.0,118.52999877929688,0.0,119.08000183105467,118.41000366210938,118.6500015258789,0.0,13479000
2016-11-29,111.2653350830078,0.0,118.94000244140624,0.0,119.51000213623048,118.3000030517578,118.63999938964844,0.0,18553000
2016-11-30,109.91828918457033,0.0,117.5,0.0,119.12999725341795,117.45999908447266,119.08999633789062,0.0,30405300
2016-12-01,108.01919555664062,0.0,115.47000122070312,0.0,117.47000122070312,115.29000091552734,117.45999908447266,0.0,39796600
2016-12-02,108.23438262939452,0.0,115.6999969482422,0.0,116.16000366210938,115.22000122070312,115.54000091552734,0.0,32876800
2016-12-05,109.07633209228516,0.0,116.5999984741211,0.0,117.05999755859376,115.7699966430664,116.3000030517578,0.0,21419700
2016-12-06,109.33824157714844,0.0,116.87999725341795,0.0,117.08000183105467,116.38999938964844,116.93000030517578,0.0,27293300
2016-12-07,110.72278594970705,0.0,118.36000061035156,0.0,118.51000213623048,116.29000091552734,116.63999938964844,0.0,26622400
2016-12-08,110.9192352294922,0.0,118.56999969482422,0.0,118.87000274658205,118.18000030517578,118.41000366210938,0.0,18578400
2016-12-09,111.7892074584961,0.0,119.5,0.0,119.54000091552734,119.0,119.01000213623048,0.0,21863100
2016-12-12,111.28404235839844,0.0,118.95999908447266,0.0,119.20999908447266,118.47000122070312,118.97000122070312,0.0,23259300
2016-12-13,112.68727111816406,0.0,120.45999908447266,0.0,121.11000061035156,119.31999969482422,119.31999969482422,0.0,54477900
2016-12-14,112.453369140625,0.0,120.20999908447266,0.0,121.0,119.86000061035156,120.61000061035156,0.0,28746000
2016-12-15,112.63114166259766,0.0,120.4000015258789,0.0,121.11000061035156,120.08000183105467,120.37000274658205,0.0,22762300
2016-12-16,112.213623046875,0.0,119.5999984741211,0.355,120.58000183105467,119.36000061035156,120.33999633789062,0.0,26283900
2016-12-19,112.67335510253906,0.0,120.08999633789062,0.0,120.83000183105467,119.5500030517578,119.72000122070312,0.0,21138700
2016-12-20,113.10494232177734,0.0,120.5500030517578,0.0,120.7699966430664,120.33000183105467,120.47000122070312,0.0,11461800
2016-12-21,113.0205078125,0.0,120.45999908447266,0.0,120.68000030517578,120.19000244140624,120.5999984741211,0.0,7079300
2016-12-22,112.7015151977539,0.0,120.12000274658205,0.0,120.5,119.6500015258789,120.47000122070312,0.0,16645000
2016-12-23,112.77655792236328,0.0,120.1999969482422,0.0,120.25,119.80999755859376,119.91999816894533,0.0,9007500
2016-12-27,113.35829162597656,0.0,120.81999969482422,0.0,121.5199966430664,120.41000366210938,120.45999908447266,0.0,16110600
2016-12-28,112.476318359375,0.0,119.87999725341795,0.0,121.19000244140624,119.8000030517578,121.08000183105467,0.0,17975200
2016-12-29,112.31680297851562,0.0,119.70999908447266,0.0,120.12999725341795,119.33000183105467,119.8499984741211,0.0,13267500
2016-12-30,111.1627960205078,0.0,118.4800033569336,0.0,119.9499969482422,118.13999938964844,119.94000244140624,0.0,41749000
2017-01-03,112.15734100341795,0.0,119.54000091552734,0.0,119.98999786376952,118.88999938964844,119.2699966430664,0.0,22307600
2017-01-04,112.7671890258789,0.0,120.19000244140624,0.0,120.41000366210938,119.66000366210938,119.66999816894533,0.0,19749100
2017-01-05,113.40518951416016,0.0,120.87000274658205,0.0,120.9499969482422,120.0999984741211,120.0999984741211,0.0,20644300
2017-01-06,114.39971160888672,0.0,121.93000030517578,0.0,122.25,120.69000244140624,121.0,0.0,24074300
2017-01-09,114.77501678466795,0.0,122.33000183105467,0.0,122.5500030517578,121.9499969482422,122.02999877929688,0.0,18909200
2017-01-10,115.0283432006836,0.0,122.5999984741211,0.0,122.97000122070312,122.0999984741211,122.37999725341795,0.0,16176600
2017-01-11,115.33795928955078,0.0,122.93000030517578,0.0,122.93000030517578,122.0199966430664,122.6500015258789,0.0,20686000
2017-01-12,115.15970611572266,0.0,122.73999786376952,0.0,122.81999969482422,121.5999984741211,122.48999786376952,0.0,19622500
2017-01-13,115.55374908447266,0.0,123.16000366210938,0.0,123.37000274658205,122.8000030517578,122.8000030517578,0.0,16930800
2017-01-17,115.20661163330078,0.0,122.79000091552734,0.0,123.02999877929688,122.43000030517578,122.83999633789062,0.0,14538500
2017-01-18,115.44116973876952,0.0,123.04000091552734,0.0,123.16000366210938,122.66000366210938,122.97000122070312,0.0,12499700
2017-01-19,115.38488006591795,0.0,122.9800033569336,0.0,123.6500015258789,122.72000122070312,123.22000122070312,0.0,12710700
2017-01-20,115.63817596435548,0.0,123.25,0.0,123.83000183105467,122.91999816894533,123.5199966430664,0.0,22091000
2017-01-23,115.73200988769533,0.0,123.3499984741211,0.0,123.52999877929688,122.56999969482422,123.16999816894533,0.0,17434200
2017-01-24,116.51075744628906,0.0,124.18000030517578,0.0,124.37000274658205,123.37999725341795,123.58999633789062,0.0,17640900
2017-01-25,117.6835479736328,0.0,125.43000030517578,0.0,125.45999908447266,124.8499984741211,124.95999908447266,0.0,15036200
2017-01-26,117.80552673339844,0.0,125.55999755859376,0.0,125.81999969482422,125.33999633789062,125.5999984741211,0.0,16052200
2017-01-27,118.0307159423828,0.0,125.8000030517578,0.0,125.91999816894533,125.38999938964844,125.83000183105467,0.0,15053000
2017-01-30,117.11124420166016,0.0,124.81999969482422,0.0,125.37999725341795,124.12999725341795,125.37999725341795,0.0,25006700
2017-01-31,116.87667846679688,0.0,124.56999969482422,0.0,124.5999984741211,123.8499984741211,124.37999725341795,0.0,19091100
2017-02-01,117.6835479736328,0.0,125.43000030517578,0.0,125.68000030517578,124.86000061035156,125.4499969482422,0.0,22861900
2017-02-02,117.58035278320312,0.0,125.31999969482422,0.0,125.6999969482422,124.86000061035156,125.20999908447266,0.0,15101400
2017-02-03,117.91812133789062,0.0,125.68000030517578,0.0,125.80999755859376,125.33000183105467,125.4499969482422,0.0,16957200
2017-02-06,118.058837890625,0.0,125.83000183105467,0.0,125.8499984741211,125.3499984741211,125.47000122070312,0.0,11630100
2017-02-07,118.4904556274414,0.0,126.29000091552734,0.0,126.5500030517578,125.97000122070312,126.08999633789062,0.0,17541100
2017-02-08,118.68748474121094,0.0,126.5,0.0,126.68000030517578,125.87999725341795,126.12000274658205,0.0,12569100
2017-02-09,119.1190948486328,0.0,126.95999908447266,0.0,127.23999786376952,126.55999755859376,126.62999725341795,0.0,17542700
2017-02-10,119.51312255859376,0.0,127.37999725341795,0.0,127.55999755859376,127.0199966430664,127.23999786376952,0.0,13915700
2017-02-13,120.1886749267578,0.0,128.10000610351562,0.0,128.25999450683594,127.72000122070312,127.7699966430664,0.0,19120200
2017-02-14,120.5920867919922,0.0,128.52999877929688,0.0,128.5399932861328,127.73999786376952,128.14999389648438,0.0,16333500
2017-02-15,121.30518341064452,0.0,129.2899932861328,0.0,129.35000610351562,128.3699951171875,128.44000244140625,0.0,17891400
2017-02-16,121.2676239013672,0.0,129.25,0.0,129.6300048828125,128.9199981689453,129.3699951171875,0.0,15098300
2017-02-17,121.79304504394533,0.0,129.80999755859375,0.0,129.82000732421875,129.0399932861328,129.05999755859375,0.0,15563700
2017-02-21,122.39351654052734,0.0,130.4499969482422,0.0,130.52999877929688,129.99000549316406,130.05999755859375,0.0,18479600
2017-02-22,122.4404296875,0.0,130.5,0.0,130.58999633789062,130.11000061035156,130.3300018310547,0.0,12110900
2017-02-23,121.9806900024414,0.0,130.00999450683594,0.0,130.6999969482422,129.49000549316406,130.6999969482422,0.0,17489000
2017-02-24,122.21527099609376,0.0,130.25999450683594,0.0,130.25999450683594,129.3800048828125,129.4199981689453,0.0,18624500
2017-02-27,122.36537170410156,0.0,130.4199981689453,0.0,130.42999267578125,129.8000030517578,130.02000427246094,0.0,12008700
2017-02-28,121.9901123046875,0.0,130.02000427246094,0.0,130.4499969482422,129.66000366210938,130.38999938964844,0.0,16598600
2017-03-01,123.32238006591795,0.0,131.44000244140625,0.0,131.67999267578125,130.60000610351562,130.85000610351562,0.0,25813800
2017-03-02,122.70314025878906,0.0,130.77999877929688,0.0,131.42999267578125,130.6199951171875,131.41000366210938,0.0,19951400
2017-03-03,122.92835998535156,0.0,131.02000427246094,0.0,131.05999755859375,130.33999633789062,130.69000244140625,0.0,13722700
2017-03-06,122.6562271118164,0.0,130.72999572753906,0.0,130.9499969482422,130.2100067138672,130.58999633789062,0.0,12026200
2017-03-07,122.44981384277344,0.0,130.50999450683594,0.0,131.0800018310547,130.27999877929688,130.47000122070312,0.0,15500900
2017-03-08,122.66561889648438,0.0,130.74000549316406,0.0,131.14999389648438,130.4600067138672,130.58999633789062,0.0,15776000
2017-03-09,122.75941467285156,0.0,130.83999633789062,0.0,131.02000427246094,130.13999938964844,130.7100067138672,0.0,20855300
2017-03-10,123.27547454833984,0.0,131.38999938964844,0.0,131.60000610351562,130.82000732421875,131.44000244140625,0.0,21922600
2017-03-13,123.48189544677734,0.0,131.61000061035156,0.0,131.63999938964844,131.27000427246094,131.33999633789062,0.0,10731600
2017-03-14,123.18167114257812,0.0,131.2899932861328,0.0,131.36000061035156,130.75999450683594,131.30999755859375,0.0,14019700
2017-03-15,123.94161987304688,0.0,132.10000610351562,0.0,132.41000366210938,131.13999938964844,131.55999755859375,0.0,22709100
2017-03-16,123.85717010498048,0.0,132.00999450683594,0.0,132.35000610351562,131.7100067138672,132.35000610351562,0.0,18457300
2017-03-17,123.81392669677734,0.0,131.69000244140625,0.274,132.0399932861328,131.6199951171875,131.89999389648438,0.0,21234500
2017-03-20,123.9267807006836,0.0,131.80999755859375,0.0,132.11000061035156,131.4600067138672,131.64999389648438,0.0,10105200
2017-03-21,122.04635620117188,0.0,129.80999755859375,0.0,132.42999267578125,129.72999572753906,132.30999755859375,0.0,35841900
2017-03-22,122.87374114990234,0.0,130.69000244140625,0.0,130.82000732421875,129.67999267578125,129.85000610351562,0.0,29177900
2017-03-23,122.56346130371094,0.0,130.36000061035156,0.0,130.8800048828125,130.13999938964844,130.52000427246094,0.0,20311700
2017-03-24,122.81732940673828,0.0,130.6300048828125,0.0,131.2899932861328,130.1300048828125,130.77999877929688,0.0,22967600
2017-03-27,123.01476287841795,0.0,130.83999633789062,0.0,131.07000732421875,129.39999389648438,129.6999969482422,0.0,18472400
2017-03-28,123.76695251464844,0.0,131.63999938964844,0.0,132.02999877929688,130.5500030517578,130.83999633789062,0.0,23721900
2017-03-29,124.34044647216795,0.0,132.25,0.0,132.3000030517578,131.58999633789062,131.72999572753906,0.0,13710000
2017-03-30,124.54729461669922,0.0,132.47000122070312,0.0,132.61000061035156,132.0800018310547,132.1999969482422,0.0,16092400
2017-03-31,124.46265411376952,0.0,132.3800048828125,0.0,132.74000549316406,132.1300048828125,132.27999877929688,0.0,19841400
2017-04-03,124.38743591308594,0.0,132.3000030517578,0.0,132.80999755859375,131.55999755859375,132.49000549316406,0.0,23700300
2017-04-04,124.58488464355467,0.0,132.50999450683594,0.0,132.52999877929688,131.8699951171875,131.9199981689453,0.0,13400000
2017-04-05,124.07718658447266,0.0,131.97000122070312,0.0,133.47999572753906,131.72000122070312,132.6999969482422,0.0,32011200
2017-04-06,124.14302825927734,0.0,132.0399932861328,0.0,132.38999938964844,131.6999969482422,132.10000610351562,0.0,18832200
2017-04-07,124.07718658447266,0.0,131.97000122070312,0.0,132.3699951171875,131.5,132.0,0.0,16743100
2017-04-10,124.12421417236328,0.0,132.02000427246094,0.0,132.57000732421875,131.66000366210938,132.10000610351562,0.0,15619300
2017-04-11,123.58826446533205,0.0,131.4499969482422,0.0,132.10000610351562,130.5,131.89999389648438,0.0,33778400
2017-04-12,123.0899887084961,0.0,130.9199981689453,0.0,131.5399932861328,130.77999877929688,131.42999267578125,0.0,15955200
2017-04-13,122.60107421875,0.0,130.39999389648438,0.0,131.50999450683594,130.3800048828125,130.74000549316406,0.0,23683000
2017-04-17,123.61647033691406,0.0,131.47999572753906,0.0,131.5,130.72000122070312,130.77000427246094,0.0,13325500
2017-04-18,123.4284210205078,0.0,131.27999877929688,0.0,131.66000366210938,130.9499969482422,131.0399932861328,0.0,12841100
2017-04-19,123.62591552734376,0.0,131.49000549316406,0.0,132.2899932861328,131.30999755859375,131.85000610351562,0.0,17764800
2017-04-20,124.66010284423828,0.0,132.58999633789062,0.0,132.8800048828125,131.82000732421875,132.02000427246094,0.0,21977900
2017-04-21,124.63190460205078,0.0,132.55999755859375,0.0,132.75999450683594,132.22000122070312,132.7100067138672,0.0,22454900
2017-04-24,126.13619995117188,0.0,134.16000366210938,0.0,134.2899932861328,133.8000030517578,134.02999877929688,0.0,22469900
2017-04-25,127.04820251464844,0.0,135.1300048828125,0.0,135.3699951171875,134.47999572753906,134.60000610351562,0.0,19384400
2017-04-26,126.8695297241211,0.0,134.94000244140625,0.0,135.50999450683594,134.86000061035156,135.17999267578125,0.0,25398500
2017-04-27,127.63113403320312,0.0,135.75,0.0,135.75,135.19000244140625,135.27000427246094,0.0,16136500
2017-04-28,127.85675048828124,0.0,135.99000549316406,0.0,136.33999633789062,135.77000427246094,136.2899932861328,0.0,22771900
2017-05-01,128.99436950683594,0.0,137.1999969482422,0.0,137.3800048828125,136.3800048828125,136.44000244140625,0.0,24815500
2017-05-02,129.2106475830078,0.0,137.42999267578125,0.0,137.49000549316406,137.02000427246094,137.3699951171875,0.0,18345100
2017-05-03,128.7969512939453,0.0,136.99000549316406,0.0,137.1699981689453,136.6199951171875,137.1199951171875,0.0,23827600
2017-05-04,128.8439483642578,0.0,137.0399932861328,0.0,137.42999267578125,136.55999755859375,136.97000122070312,0.0,14630100
2017-05-05,129.31405639648438,0.0,137.5399932861328,0.0,137.5399932861328,136.8800048828125,137.38999938964844,0.0,19330700
2017-05-08,129.5961151123047,0.0,137.83999633789062,0.0,137.83999633789062,137.3300018310547,137.61000061035156,0.0,13279900
2017-05-09,130.0474090576172,0.0,138.32000732421875,0.0,138.6300048828125,137.92999267578125,138.0500030517578,0.0,28426100
2017-05-10,130.12261962890625,0.0,138.39999389648438,0.0,138.4499969482422,137.91000366210938,138.39999389648438,0.0,20499400
2017-05-11,130.01914978027344,0.0,138.2899932861328,0.0,138.3300018310547,137.3800048828125,138.02000427246094,0.0,27232100
2017-05-12,130.31068420410156,0.0,138.60000610351562,0.0,138.6300048828125,138.22999572753906,138.35000610351562,0.0,19738600
2017-05-15,130.72438049316406,0.0,139.0399932861328,0.0,139.1199951171875,138.52999877929688,138.66000366210938,0.0,20481300
2017-05-16,131.2696990966797,0.0,139.6199951171875,0.0,139.63999938964844,138.99000549316406,139.39999389648438,0.0,21786000
2017-05-17,127.93197631835938,0.0,136.07000732421875,0.0,138.77000427246094,136.0500030517578,138.50999450683594,0.0,55642200
2017-05-18,129.05079650878906,0.0,137.25999450683594,0.0,137.72000122070312,135.8699951171875,136.02000427246094,0.0,41319900
2017-05-19,129.5961151123047,0.0,137.83999633789062,0.0,138.4199981689453,137.66000366210938,137.75,0.0,36730100
2017-05-22,130.68678283691406,0.0,139.0,0.0,139.07000732421875,138.10000610351562,138.14999389648438,0.0,19509700
2017-05-23,130.81837463378906,0.0,139.13999938964844,0.0,139.4199981689453,138.77999877929688,139.41000366210938,0.0,19687500
2017-05-24,131.4200897216797,0.0,139.77999877929688,0.0,139.85000610351562,139.1699981689453,139.55999755859375,0.0,15891900
2017-05-25,132.53900146484375,0.0,140.97000122070312,0.0,141.3300018310547,140.00999450683594,140.30999755859375,0.0,23928600
2017-05-26,132.77395629882812,0.0,141.22000122070312,0.0,141.27999877929688,140.80999755859375,141.0,0.0,13851600
2017-05-30,132.8867950439453,0.0,141.33999633789062,0.0,141.50999450683594,141.05999755859375,141.14999389648438,0.0,20306400
2017-05-31,132.8397674560547,0.0,141.2899932861328,0.0,141.83999633789062,140.57000732421875,141.83999633789062,0.0,33229400
2017-06-01,133.3568878173828,0.0,141.83999633789062,0.0,141.89999389648438,140.97999572753906,141.5800018310547,0.0,20120700
2017-06-02,134.88002014160156,0.0,143.4600067138672,0.0,143.49000549316406,142.11000061035156,142.33999633789062,0.0,37222900
2017-06-05,134.85179138183594,0.0,143.42999267578125,0.0,143.67999267578125,143.22999572753906,143.4499969482422,0.0,15727500
2017-06-06,134.31593322753906,0.0,142.86000061035156,0.0,143.72999572753906,142.64999389648438,143.25999450683594,0.0,22393000
2017-06-07,134.8424072265625,0.0,143.4199981689453,0.0,143.5399932861328,142.60000610351562,143.25999450683594,0.0,18842400
2017-06-08,134.98341369628906,0.0,143.57000732421875,0.0,143.8000030517578,142.7899932861328,143.74000549316406,0.0,25417400
2017-06-09,131.6081085205078,0.0,139.97999572753906,0.0,143.89999389648438,138.11000061035156,143.74000549316406,0.0,109783700
2017-06-12,130.9029541015625,0.0,139.22999572753906,0.0,139.47999572753906,137.47000122070312,138.8000030517578,0.0,104454000
2017-06-13,131.96539306640625,0.0,140.36000061035156,0.0,140.55999755859375,139.27999877929688,140.00999450683594,0.0,51193000
2017-06-14,131.39187622070312,0.0,139.75,0.0,140.92999267578125,138.6199951171875,140.92999267578125,0.0,60093800
2017-06-15,130.80892944335938,0.0,139.1300048828125,0.0,139.27999877929688,137.49000549316406,138.33999633789062,0.0,55145200
2017-06-16,130.241455078125,0.0,138.14999389648438,0.378,138.77999877929688,137.63999938964844,138.67999267578125,0.0,48087400
2017-06-19,132.41920471191406,0.0,140.4600067138672,0.0,140.58999633789062,139.27999877929688,139.49000549316406,0.0,39626500
2017-06-20,131.38214111328125,0.0,139.36000061035156,0.0,140.5,139.30999755859375,140.32000732421875,0.0,40935100
2017-06-21,132.6831817626953,0.0,140.74000549316406,0.0,140.80999755859375,139.58999633789062,139.67999267578125,0.0,35743400
2017-06-22,132.64547729492188,0.0,140.6999969482422,0.0,141.22000122070312,140.33999633789062,140.9600067138672,0.0,24099100
2017-06-23,133.15451049804688,0.0,141.24000549316406,0.0,141.4199981689453,140.14999389648438,140.5399932861328,0.0,21654300
2017-06-26,132.5323486328125,0.0,140.5800018310547,0.0,142.2899932861328,140.27000427246094,142.0500030517578,0.0,34411100
2017-06-27,130.12831115722656,0.0,138.02999877929688,0.0,140.22000122070312,138.02000427246094,140.0500030517578,0.0,65957800
2017-06-28,132.00436401367188,0.0,140.02000427246094,0.0,140.13999938964844,137.74000549316406,138.5399932861328,0.0,57427200
2017-06-29,129.71351623535156,0.0,137.58999633789062,0.0,139.44000244140625,136.25,139.44000244140625,0.0,88769400
2017-06-30,129.76060485839844,0.0,137.63999938964844,0.0,138.6699981689453,137.19000244140625,137.97999572753906,0.0,68898300
2017-07-03,128.39364624023438,0.0,136.19000244140625,0.0,138.42999267578125,136.10000610351562,138.27000427246094,0.0,32797000
2017-07-05,129.6569061279297,0.0,137.52999877929688,0.0,137.89999389648438,136.16000366210938,136.6199951171875,0.0,42116600
2017-07-06,128.48793029785156,0.0,136.2899932861328,0.0,137.05999755859375,135.8000030517578,136.47999572753906,0.0,48430500
2017-07-07,129.8737335205078,0.0,137.75999450683594,0.0,138.1300048828125,136.74000549316406,136.75,0.0,36970400
2017-07-10,130.72216796875,0.0,138.66000366210938,0.0,138.99000549316406,137.5,137.85000610351562,0.0,24853500
2017-07-11,131.0899200439453,0.0,139.0500030517578,0.0,139.22000122070312,137.94000244140625,138.4600067138672,0.0,31517700
2017-07-12,132.64547729492188,0.0,140.6999969482422,0.0,140.86000061035156,139.9600067138672,140.24000549316406,0.0,36045800
2017-07-13,132.93768310546875,0.0,141.00999450683594,0.0,141.35000610351562,140.60000610351562,140.8699951171875,0.0,31073600
2017-07-14,133.98414611816406,0.0,142.1199951171875,0.0,142.3000030517578,141.19000244140625,141.63999938964844,0.0,34544800
2017-07-17,134.05023193359375,0.0,142.19000244140625,0.0,142.69000244140625,141.9199981689453,142.27000427246094,0.0,25343200
2017-07-18,134.9457550048828,0.0,143.13999938964844,0.0,143.1699981689453,141.63999938964844,142.08999633789062,0.0,25748500
2017-07-19,135.7377166748047,0.0,143.97999572753906,0.0,144.19000244140625,143.5,143.55999755859375,0.0,33752300
2017-07-20,135.91676330566406,0.0,144.1699981689453,0.0,144.44000244140625,143.52000427246094,144.35000610351562,0.0,36139400
2017-07-21,135.86026000976562,0.0,144.11000061035156,0.0,144.11000061035156,143.35000610351562,143.63999938964844,0.0,39697100
2017-07-24,136.48245239257812,0.0,144.77000427246094,0.0,144.8699951171875,143.9199981689453,144.08999633789062,0.0,26712700
2017-07-25,136.13365173339844,0.0,144.39999389648438,0.0,144.74000549316406,144.00999450683594,144.2899932861328,0.0,28120900
2017-07-26,136.57672119140625,0.0,144.8699951171875,0.0,144.9499969482422,144.52999877929688,144.75999450683594,0.0,18610600
2017-07-27,135.71881103515625,0.0,143.9600067138672,0.0,145.9600067138672,142.3000030517578,145.82000732421875,0.0,80665900
2017-07-28,135.605712890625,0.0,143.83999633789062,0.0,144.0800018310547,142.8699951171875,143.10000610351562,0.0,38013200
2017-07-31,135.03060913085938,0.0,143.22999572753906,0.0,144.42999267578125,142.9199981689453,144.25,0.0,33848600
2017-08-01,135.34169006347656,0.0,143.55999755859375,0.0,143.75999450683594,143.1199951171875,143.72000122070312,0.0,20149400
2017-08-02,135.7093963623047,0.0,143.9499969482422,0.0,144.52000427246094,142.61000061035156,144.49000549316406,0.0,41769700
2017-08-03,135.1814422607422,0.0,143.38999938964844,0.0,144.1699981689453,143.1300048828125,144.08999633789062,0.0,27112800
2017-08-04,135.42654418945312,0.0,143.64999389648438,0.0,143.97000122070312,143.05999755859375,143.7100067138672,0.0,29472900
2017-08-07,136.2845001220703,0.0,144.55999755859375,0.0,144.55999755859375,143.7100067138672,143.91000366210938,0.0,17933900
2017-08-08,136.0487823486328,0.0,144.30999755859375,0.0,145.47000122070312,143.89999389648438,144.27999877929688,0.0,30810400
2017-08-09,135.86973571777344,0.0,144.1199951171875,0.0,144.19000244140625,142.7899932861328,143.1199951171875,0.0,36169500
2017-08-10,132.95657348632812,0.0,141.02999877929688,0.0,143.39999389648438,140.88999938964844,143.3000030517578,0.0,63331700
2017-08-11,133.9652862548828,0.0,142.10000610351562,0.0,142.41000366210938,140.89999389648438,141.22000122070312,0.0,45862500
2017-08-14,135.69058227539062,0.0,143.92999267578125,0.0,144.14999389648438,143.19000244140625,143.22999572753906,0.0,34161000
2017-08-15,135.78480529785156,0.0,144.02999877929688,0.0,144.3000030517578,143.63999938964844,144.2899932861328,0.0,25509200
2017-08-16,136.02052307128906,0.0,144.27999877929688,0.0,144.9600067138672,143.8000030517578,144.38999938964844,0.0,31913000
2017-08-17,133.2393798828125,0.0,141.3300018310547,0.0,143.94000244140625,141.3300018310547,143.72000122070312,0.0,70191000
2017-08-18,133.14512634277344,0.0,141.22999572753906,0.0,142.1999969482422,140.64999389648438,141.41000366210938,0.0,60751900
2017-08-21,132.97544860839844,0.0,141.0500030517578,0.0,141.52999877929688,140.17999267578125,141.22000122070312,0.0,37111500
2017-08-22,135.0023651123047,0.0,143.1999969482422,0.0,143.35000610351562,141.75999450683594,141.80999755859375,0.0,36294200
2017-08-23,134.52151489257812,0.0,142.69000244140625,0.0,143.00999450683594,142.3800048828125,142.47999572753906,0.0,25702300
2017-08-24,134.1255645751953,0.0,142.27000427246094,0.0,143.1699981689453,141.47000122070312,143.00999450683594,0.0,38160800
2017-08-25,133.84274291992188,0.0,141.97000122070312,0.0,143.17999267578125,141.77999877929688,142.82000732421875,0.0,26380400
2017-08-28,134.25753784179688,0.0,142.41000366210938,0.0,142.74000549316406,141.9499969482422,142.39999389648438,0.0,15362100
2017-08-29,134.78550720214844,0.0,142.97000122070312,0.0,143.2100067138672,141.05999755859375,141.19000244140625,0.0,24498300
2017-08-30,136.36932373046875,0.0,144.64999389648438,0.0,144.88999938964844,143.0,143.08999633789062,0.0,33642700
2017-08-31,137.83062744140625,0.0,146.1999969482422,0.0,146.2100067138672,144.97999572753906,145.05999755859375,0.0,38480700
2017-09-01,137.64205932617188,0.0,146.0,0.0,146.58999633789062,145.61000061035156,146.38999938964844,0.0,22293600
2017-09-05,136.4070587158203,0.0,144.69000244140625,0.0,145.8800048828125,143.60000610351562,145.57000732421875,0.0,44794300
2017-09-06,136.8218536376953,0.0,145.1300048828125,0.0,145.4600067138672,144.0800018310547,145.05999755859375,0.0,30722700
2017-09-07,137.142333984375,0.0,145.47000122070312,0.0,145.83999633789062,144.94000244140625,145.39999389648438,0.0,22721100
2017-09-08,135.9545440673828,0.0,144.2100067138672,0.0,145.35000610351562,144.05999755859375,145.27999877929688,0.0,27890100
2017-09-11,137.51953125,0.0,145.8699951171875,0.0,146.1199951171875,145.3000030517578,145.33999633789062,0.0,27126300
2017-09-12,137.84945678710938,0.0,146.22000122070312,0.0,146.41000366210938,145.52999877929688,146.27999877929688,0.0,30256700
2017-09-13,138.0379638671875,0.0,146.4199981689453,0.0,146.44000244140625,145.72999572753906,145.97000122070312,0.0,28450900
2017-09-14,137.22723388671875,0.0,145.55999755859375,0.0,146.2899932861328,145.47000122070312,145.85000610351562,0.0,35296400
2017-09-15,137.69859313964844,0.0,146.05999755859375,0.0,146.58999633789062,145.2899932861328,145.52999877929688,0.0,46422400
2017-09-18,137.51815795898438,0.0,145.5500030517578,0.319,146.3699951171875,145.11000061035156,145.91000366210938,0.0,24858200
2017-09-19,137.75436401367188,0.0,145.8000030517578,0.0,146.00999450683594,145.30999755859375,145.80999755859375,0.0,20871200
2017-09-20,137.32920837402344,0.0,145.35000610351562,0.0,145.91000366210938,144.22999572753906,145.75,0.0,34236200
2017-09-21,136.48831176757812,0.0,144.4600067138672,0.0,145.25999450683594,143.9499969482422,145.25,0.0,28841800
2017-09-22,136.35606384277344,0.0,144.32000732421875,0.0,144.52999877929688,143.85000610351562,144.0,0.0,21702400
2017-09-25,134.91989135742188,0.0,142.8000030517578,0.0,143.8300018310547,142.10000610351562,143.75,0.0,54947700
2017-09-26,135.2694854736328,0.0,143.1699981689453,0.0,143.8000030517578,142.6699981689453,143.52999877929688,0.0,29628800
2017-09-27,136.48831176757812,0.0,144.4600067138672,0.0,145.0,143.57000732421875,143.92999267578125,0.0,33249400
2017-09-28,136.44107055664062,0.0,144.41000366210938,0.0,144.55999755859375,143.77999877929688,144.11000061035156,0.0,24149400
2017-09-29,137.42367553710938,0.0,145.4499969482422,0.0,145.55999755859375,144.32000732421875,144.6999969482422,0.0,43102400
2017-10-02,137.54647827148438,0.0,145.5800018310547,0.0,146.1699981689453,144.92999267578125,145.6699981689453,0.0,27351300
2017-10-03,137.83935546875,0.0,145.88999938964844,0.0,146.05999755859375,145.4499969482422,145.77000427246094,0.0,19715200
2017-10-04,137.97161865234375,0.0,146.02999877929688,0.0,146.33999633789062,145.47000122070312,145.61000061035156,0.0,26381100
2017-10-05,139.32273864746094,0.0,147.4600067138672,0.0,147.5399932861328,146.41000366210938,146.55999755859375,0.0,31562400
2017-10-06,139.51170349121094,0.0,147.66000366210938,0.0,147.66000366210938,146.9600067138672,146.9600067138672,0.0,23561100
2017-10-09,139.3511199951172,0.0,147.49000549316406,0.0,148.00999450683594,147.3000030517578,147.85000610351562,0.0,13704800
2017-10-10,139.45498657226562,0.0,147.60000610351562,0.0,148.13999938964844,146.9499969482422,147.99000549316406,0.0,19223100
2017-10-11,139.8707275390625,0.0,148.0399932861328,0.0,148.07000732421875,147.33999633789062,147.52999877929688,0.0,12439100
2017-10-12,139.61561584472656,0.0,147.77000427246094,0.0,148.35000610351562,147.6199951171875,147.82000732421875,0.0,14513500
2017-10-13,140.15420532226562,0.0,148.33999633789062,0.0,148.50999450683594,147.77999877929688,148.3699951171875,0.0,18409900
2017-10-16,140.6360321044922,0.0,148.85000610351562,0.0,148.88999938964844,148.38999938964844,148.7100067138672,0.0,21809400
2017-10-17,140.81556701660156,0.0,149.0399932861328,0.0,149.05999755859375,148.57000732421875,148.8000030517578,0.0,13138200
2017-10-18,140.6454620361328,0.0,148.86000061035156,0.0,149.2100067138672,148.63999938964844,149.19000244140625,0.0,17218200
2017-10-19,140.1258544921875,0.0,148.30999755859375,0.0,148.3300018310547,147.27000427246094,147.99000549316406,0.0,27680300
2017-10-20,140.5037841796875,0.0,148.7100067138672,0.0,149.0399932861328,148.52999877929688,148.91000366210938,0.0,30173300
2017-10-23,139.58726501464844,0.0,147.74000549316406,0.0,149.02999877929688,147.52999877929688,149.02000427246094,0.0,29297100
2017-10-24,139.82354736328125,0.0,147.99000549316406,0.0,148.3000030517578,147.44000244140625,148.02999877929688,0.0,20289500
2017-10-25,139.2943878173828,0.0,147.42999267578125,0.0,148.17999267578125,146.3300018310547,147.6999969482422,0.0,36179100
2017-10-26,138.85037231445312,0.0,146.9600067138672,0.0,147.7100067138672,146.9199981689453,147.33999633789062,0.0,28230200
2017-10-27,142.89419555664062,0.0,151.24000549316406,0.0,151.52000427246094,149.1999969482422,149.42999267578125,0.0,60165100
2017-10-30,143.2153778076172,0.0,151.5800018310547,0.0,152.19000244140625,150.99000549316406,151.1300048828125,0.0,31733400
2017-10-31,143.7539520263672,0.0,152.14999389648438,0.0,152.3699951171875,151.6300048828125,152.07000732421875,0.0,26319300
2017-11-01,143.7067108154297,0.0,152.10000610351562,0.0,152.8300018310547,151.5,152.75999450683594,0.0,29481600
2017-11-02,143.43270874023438,0.0,151.80999755859375,0.0,151.99000549316406,150.77000427246094,151.92999267578125,0.0,31017400
2017-11-03,144.81214904785156,0.0,153.27000427246094,0.0,153.2899932861328,151.83999633789062,152.36000061035156,0.0,26199200
2017-11-06,145.30343627929688,0.0,153.7899932861328,0.0,153.85000610351562,153.10000610351562,153.14999389648438,0.0,28693900
2017-11-07,145.38844299316406,0.0,153.8800048828125,0.0,154.0800018310547,153.33999633789062,153.6699981689453,0.0,21333100
2017-11-08,145.9742431640625,0.0,154.5,0.0,154.5399932861328,153.6199951171875,153.8000030517578,0.0,17373500
2017-11-09,145.20896911621094,0.0,153.69000244140625,0.0,153.77000427246094,152.11000061035156,153.22999572753906,0.0,40594500
2017-11-10,145.19952392578125,0.0,153.67999267578125,0.0,153.8000030517578,153.05999755859375,153.3300018310547,0.0,20150800
2017-11-13,145.37901306152344,0.0,153.8699951171875,0.0,154.07000732421875,153.10000610351562,153.10000610351562,0.0,12522400
2017-11-14,144.8498992919922,0.0,153.30999755859375,0.0,153.5,152.57000732421875,153.3300018310547,0.0,25173800
2017-11-15,144.169677734375,0.0,152.58999633789062,0.0,153.0,151.77999877929688,152.64999389648438,0.0,24808000
2017-11-16,146.01206970214844,0.0,154.5399932861328,0.0,154.88999938964844,153.3300018310547,153.36000061035156,0.0,34790600
2017-11-17,145.4546356201172,0.0,153.9499969482422,0.0,154.69000244140625,153.8000030517578,154.5800018310547,0.0,28725800
2017-11-20,145.34121704101562,0.0,153.8300018310547,0.0,154.1999969482422,153.61000061035156,154.05999755859375,0.0,21143900
2017-11-21,146.91908264160156,0.0,155.5,0.0,155.57000732421875,154.49000549316406,154.55999755859375,0.0,20147800
2017-11-22,147.09860229492188,0.0,155.69000244140625,0.0,155.83999633789062,155.33999633789062,155.63999938964844,0.0,17299000
2017-11-24,147.63717651367188,0.0,156.25999450683594,0.0,156.30999755859375,155.75999450683594,155.85000610351562,0.0,8280600
2017-11-27,147.5710906982422,0.0,156.19000244140625,0.0,156.55999755859375,155.8300018310547,156.2100067138672,0.0,22653400
2017-11-28,147.94895935058594,0.0,156.58999633789062,0.0,156.69000244140625,155.6999969482422,156.5399932861328,0.0,25227300
2017-11-29,145.36956787109375,0.0,153.86000061035156,0.0,156.4499969482422,153.1199951171875,156.41000366210938,0.0,71986300
2017-11-30,146.5884552001953,0.0,155.14999389648438,0.0,155.4499969482422,154.14999389648438,154.50999450683594,0.0,56595500
2017-12-01,145.96478271484375,0.0,154.49000549316406,0.0,155.24000549316406,152.25999450683594,154.1999969482422,0.0,59015800
2017-12-04,144.28305053710938,0.0,152.7100067138672,0.0,155.6300048828125,152.55999755859375,155.4600067138672,0.0,51319100
2017-12-05,144.37750244140625,0.0,152.80999755859375,0.0,154.5500030517578,152.10000610351562,152.67999267578125,0.0,40604200
2017-12-06,145.02944946289062,0.0,153.5,0.0,153.74000549316406,152.05999755859375,152.24000549316406,0.0,28647800
2017-12-07,145.52078247070312,0.0,154.02000427246094,0.0,154.4600067138672,153.3300018310547,153.49000549316406,0.0,32666200
2017-12-08,146.16322326660156,0.0,154.6999969482422,0.0,155.52999877929688,154.4600067138672,155.14999389648438,0.0,28081700
2017-12-11,147.29696655273438,0.0,155.89999389648438,0.0,155.9499969482422,154.75999450683594,154.77000427246094,0.0,20821500
2017-12-12,147.09860229492188,0.0,155.69000244140625,0.0,156.14999389648438,155.36000061035156,155.8300018310547,0.0,20310300
2017-12-13,147.3820343017578,0.0,155.99000549316406,0.0,156.49000549316406,155.75999450683594,156.32000732421875,0.0,24418500
2017-12-14,147.27813720703125,0.0,155.8800048828125,0.0,156.66000366210938,155.7100067138672,156.25999450683594,0.0,24594700
2017-12-15,148.95042419433594,0.0,157.64999389648438,0.0,157.82000732421875,156.22999572753906,156.49000549316406,0.0,49816200
2017-12-18,150.19923400878906,0.0,158.63999938964844,0.329,158.77000427246094,158.07000732421875,158.36000061035156,0.0,26844500
2017-12-19,149.3092803955078,0.0,157.6999969482422,0.0,158.5,157.25999450683594,158.33999633789062,0.0,31415000
2017-12-20,149.1483154296875,0.0,157.52999877929688,0.0,158.27999877929688,156.91000366210938,158.25,0.0,38972600
2017-12-21,149.16725158691406,0.0,157.5500030517578,0.0,158.25,157.3699951171875,157.75,0.0,18638700
2017-12-22,148.99679565429688,0.0,157.3699951171875,0.0,157.42999267578125,156.9499969482422,157.30999755859375,0.0,23330400
2017-12-26,148.1920623779297,0.0,156.52000427246094,0.0,156.72000122070312,155.9499969482422,156.49000549316406,0.0,21918700
2017-12-27,148.21099853515625,0.0,156.5399932861328,0.0,156.9600067138672,156.38999938964844,156.52999877929688,0.0,22388200
2017-12-28,148.39083862304688,0.0,156.72999572753906,0.0,157.07000732421875,156.5399932861328,157.0399932861328,0.0,25393800
2017-12-29,147.4724884033203,0.0,155.75999450683594,0.0,156.89999389648438,155.6999969482422,156.8699951171875,0.0,33186000
2018-01-02,150.0572967529297,0.0,158.49000549316406,0.0,158.52999877929688,156.1699981689453,156.55999755859375,0.0,32573300
2018-01-03,151.5153045654297,0.0,160.02999877929688,0.0,160.1699981689453,158.61000061035156,158.63999938964844,0.0,29383600
2018-01-04,151.7803497314453,0.0,160.30999755859375,0.0,160.7899932861328,160.0800018310547,160.5800018310547,0.0,24776100
2018-01-05,153.30470275878906,0.0,161.9199981689453,0.0,162.02999877929688,160.77000427246094,161.07000732421875,0.0,26992300
2018-01-08,153.90118408203125,0.0,162.5500030517578,0.0,162.6300048828125,161.86000061035156,161.9199981689453,0.0,23159100
2018-01-09,153.91067504882812,0.0,162.55999755859375,0.0,163.0399932861328,162.07000732421875,162.8699951171875,0.0,24782400
2018-01-10,153.55091857910156,0.0,162.17999267578125,0.0,162.2100067138672,161.1199951171875,161.83999633789062,0.0,34004000
2018-01-11,154.60179138183594,0.0,163.2899932861328,0.0,163.3000030517578,162.2100067138672,162.4600067138672,0.0,20473500
2018-01-12,155.73802185058594,0.0,164.49000549316406,0.0,164.66000366210938,162.94000244140625,163.14999389648438,0.0,37762700
2018-01-16,155.29302978515625,0.0,164.02000427246094,0.0,166.4199981689453,163.52999877929688,165.5800018310547,0.0,41231800
2018-01-17,156.9687957763672,0.0,165.7899932861328,0.0,166.0399932861328,164.0,164.8000030517578,0.0,33849900
2018-01-18,156.99725341796875,0.0,165.82000732421875,0.0,166.1999969482422,165.13999938964844,165.52999877929688,0.0,26432200
2018-01-19,157.4895782470703,0.0,166.33999633789062,0.0,166.61000061035156,165.5399932861328,166.30999755859375,0.0,38937600
2018-01-22,159.1748504638672,0.0,168.1199951171875,0.0,168.1199951171875,166.08999633789062,166.27999877929688,0.0,26081400
2018-01-23,160.49090576171875,0.0,169.50999450683594,0.0,169.66000366210938,168.55999755859375,168.63999938964844,0.0,37989700
2018-01-24,159.44944763183594,0.0,168.41000366210938,0.0,170.24000549316406,167.44000244140625,169.8699951171875,0.0,54287400
2018-01-25,159.39263916015625,0.0,168.35000610351562,0.0,169.6300048828125,167.80999755859375,169.57000732421875,0.0,28925000
2018-01-26,161.8353271484375,0.0,170.92999267578125,0.0,170.9499969482422,168.9600067138672,169.2899932861328,0.0,32038200
2018-01-29,161.04949951171875,0.0,170.10000610351562,0.0,170.91000366210938,169.74000549316406,170.57000732421875,0.0,37277800
2018-01-30,159.72401428222656,0.0,168.6999969482422,0.0,169.4199981689453,167.82000732421875,168.5500030517578,0.0,44987700
2018-01-31,160.38671875,0.0,169.39999389648438,0.0,169.99000549316406,168.33999633789062,169.64999389648438,0.0,42449200
2018-02-01,159.0233917236328,0.0,167.9600067138672,0.0,169.72999572753906,167.4199981689453,168.10000610351562,0.0,38037900
2018-02-02,155.85162353515625,0.0,164.61000061035156,0.0,167.6999969482422,164.47000122070312,167.3000030517578,0.0,68478100
2018-02-05,149.7069854736328,0.0,158.1199951171875,0.0,165.75,158.0,163.07000732421875,0.0,105372200
2018-02-06,153.67401123046875,0.0,162.30999755859375,0.0,162.50999450683594,155.10000610351562,155.80999755859375,0.0,118537900
2018-02-07,151.68569946289062,0.0,160.2100067138672,0.0,163.5500030517578,160.1999969482422,161.7899932861328,0.0,91028300
2018-02-08,145.28541564941406,0.0,153.4499969482422,0.0,160.8000030517578,153.4499969482422,160.6199951171875,0.0,94184800
2018-02-09,147.79440307617188,0.0,156.10000610351562,0.0,157.24000549316406,150.1300048828125,155.6199951171875,0.0,113836600
2018-02-12,150.4170379638672,0.0,158.8699951171875,0.0,159.9499969482422,156.4600067138672,157.6999969482422,0.0,63050600
2018-02-13,151.193359375,0.0,159.69000244140625,0.0,160.00999450683594,157.72000122070312,157.9600067138672,0.0,31785600
2018-02-14,154.02430725097656,0.0,162.67999267578125,0.0,162.92999267578125,158.0,158.75,0.0,52107400
2018-02-15,156.8836212158203,0.0,165.6999969482422,0.0,165.6999969482422,162.44000244140625,164.13999938964844,0.0,51633900
2018-02-16,156.18295288085938,0.0,164.9600067138672,0.0,166.75999450683594,164.67999267578125,165.16000366210938,0.0,62256300
2018-02-20,156.4954071044922,0.0,165.2899932861328,0.0,166.67999267578125,164.30999755859375,164.3800048828125,0.0,36785600
2018-02-21,156.0504608154297,0.0,164.82000732421875,0.0,167.72000122070312,164.72000122070312,166.10000610351562,0.0,41161800
2018-02-22,156.03152465820312,0.0,164.8000030517578,0.0,166.4199981689453,164.3800048828125,165.5399932861328,0.0,37074400
2018-02-23,159.22219848632812,0.0,168.1699981689453,0.0,168.1699981689453,165.4499969482422,166.1300048828125,0.0,50096900
2018-02-26,161.3335418701172,0.0,170.39999389648438,0.0,170.39999389648438,168.82000732421875,168.9600067138672,0.0,39266700
2018-02-27,159.33578491210938,0.0,168.2899932861328,0.0,170.72999572753906,168.2100067138672,170.4499969482422,0.0,42209900
2018-02-28,158.3133087158203,0.0,167.2100067138672,0.0,169.8000030517578,167.10000610351562,169.25,0.0,42936300
2018-03-01,155.72857666015625,0.0,164.47999572753906,0.0,168.07000732421875,163.0,167.3000030517578,0.0,76809900
2018-03-02,157.15817260742188,0.0,165.99000549316406,0.0,166.27999877929688,161.9600067138672,162.5,0.0,57445100
2018-03-05,158.90032958984375,0.0,167.8300018310547,0.0,168.25999450683594,164.58999633789062,165.2100067138672,0.0,38540200
2018-03-06,159.57247924804688,0.0,168.5399932861328,0.0,169.11000061035156,167.47999572753906,168.64999389648438,0.0,29480900
2018-03-07,159.94178771972656,0.0,168.92999267578125,0.0,169.07000732421875,166.9600067138672,167.25,0.0,34609400
2018-03-08,160.82232666015625,0.0,169.86000061035156,0.0,169.97999572753906,168.9499969482422,169.6300048828125,0.0,25828400
2018-03-09,163.9467315673828,0.0,173.16000366210938,0.0,173.16000366210938,170.82000732421875,171.07000732421875,0.0,38310500
2018-03-12,164.8177032470703,0.0,174.0800018310547,0.0,174.47999572753906,173.27999877929688,173.6699981689453,0.0,37635000
2018-03-13,162.57386779785156,0.0,171.7100067138672,0.0,175.2100067138672,171.27000427246094,174.47999572753906,0.0,55638900
2018-03-14,162.5454559326172,0.0,171.67999267578125,0.0,172.74000549316406,170.92999267578125,172.61000061035156,0.0,40536400
2018-03-15,162.40338134765625,0.0,171.52999877929688,0.0,172.52999877929688,170.89999389648438,171.8000030517578,0.0,28810400
2018-03-16,161.92056274414062,0.0,171.02000427246094,0.0,172.1999969482422,170.94000244140625,171.82000732421875,0.0,31176700
2018-03-19,158.46578979492188,0.0,167.10000610351562,0.277,169.22000122070312,165.63999938964844,169.10000610351562,0.0,71395100
2018-03-20,158.98731994628906,0.0,167.64999389648438,0.0,168.0399932861328,166.61000061035156,167.1699981689453,0.0,34075700
2018-03-21,158.2950897216797,0.0,166.9199981689453,0.0,168.75999450683594,166.19000244140625,167.2100067138672,0.0,43863500
2018-03-22,154.38800048828125,0.0,162.8000030517578,0.0,165.77000427246094,162.58999633789062,164.61000061035156,0.0,66607300
2018-03-23,150.3196563720703,0.0,158.50999450683594,0.0,163.3000030517578,158.42999267578125,162.61000061035156,0.0,80110400
2018-03-26,155.90530395507812,0.0,164.39999389648438,0.0,164.60000610351562,159.16000366210938,161.72000122070312,0.0,57481500
2018-03-27,150.8601837158203,0.0,159.0800018310547,0.0,165.6199951171875,157.67999267578125,165.6199951171875,0.0,78889100
2018-03-28,149.12474060058594,0.0,157.25,0.0,159.77999877929688,156.0399932861328,158.1699981689453,0.0,89369700
2018-03-29,151.85595703125,0.0,160.1300048828125,0.0,161.7100067138672,156.6300048828125,158.10000610351562,0.0,68692600
2018-04-02,147.47467041015625,0.0,155.50999450683594,0.0,159.74000549316406,153.8800048828125,158.99000549316406,0.0,85549400
2018-04-03,149.13424682617188,0.0,157.25999450683594,0.0,157.9199981689453,154.44000244140625,156.8699951171875,0.0,64090000
2018-04-04,151.486083984375,0.0,159.74000549316406,0.0,160.22999572753906,154.0399932861328,154.22000122070312,0.0,65768700
2018-04-05,152.34906005859375,0.0,160.64999389648438,0.0,161.5800018310547,159.47999572753906,161.3300018310547,0.0,43054900
2018-04-06,148.5367889404297,0.0,156.6300048828125,0.0,160.4600067138672,155.8800048828125,158.8800048828125,0.0,59870900
2018-04-09,149.57994079589844,0.0,157.72999572753906,0.0,160.8800048828125,157.4600067138672,157.97999572753906,0.0,41810400
2018-04-10,152.88011169433594,0.0,161.2100067138672,0.0,161.72999572753906,159.07000732421875,160.2100067138672,0.0,48296800
2018-04-11,151.9982147216797,0.0,160.27999877929688,0.0,162.0,160.10000610351562,160.1999969482422,0.0,41622100
2018-04-12,153.82847595214844,0.0,162.2100067138672,0.0,162.77000427246094,161.16000366210938,161.25,0.0,30467900
2018-04-13,153.03187561035156,0.0,161.3699951171875,0.0,163.25999450683594,160.6699981689453,163.02000427246094,0.0,44604900
2018-04-16,154.19830322265625,0.0,162.60000610351562,0.0,163.19000244140625,161.47999572753906,162.5,0.0,28180800
2018-04-17,157.5174560546875,0.0,166.10000610351562,0.0,166.4600067138672,163.91000366210938,164.24000549316406,0.0,35536100
2018-04-18,157.8398895263672,0.0,166.44000244140625,0.0,167.0,165.30999755859375,166.10000610351562,0.0,29573900
2018-04-19,156.3889923095703,0.0,164.91000366210938,0.0,165.99000549316406,164.33999633789062,165.60000610351562,0.0,34705700
2018-04-20,153.91380310058594,0.0,162.3000030517578,0.0,164.61000061035156,161.72999572753906,164.49000549316406,0.0,49197100
2018-04-23,153.52500915527344,0.0,161.88999938964844,0.0,163.72999572753906,161.02000427246094,163.08999633789062,0.0,33040600
2018-04-24,150.27223205566406,0.0,158.4600067138672,0.0,162.91000366210938,157.38999938964844,162.66000366210938,0.0,70256800
2018-04-25,150.45242309570312,0.0,158.64999389648438,0.0,159.30999755859375,156.47000122070312,158.74000549316406,0.0,52089300
2018-04-26,153.61984252929688,0.0,161.99000549316406,0.0,162.52999877929688,160.17999267578125,160.6999969482422,0.0,43005500
2018-04-27,153.71469116210938,0.0,162.08999633789062,0.0,164.41000366210938,161.1699981689453,164.3699951171875,0.0,51043400
2018-04-30,152.6240997314453,0.0,160.94000244140625,0.0,163.47999572753906,160.5399932861328,162.47000122070312,0.0,35615300
2018-05-01,154.3690185546875,0.0,162.77999877929688,0.0,162.8000030517578,160.13999938964844,160.52000427246094,0.0,36513500
2018-05-02,153.45863342285156,0.0,161.82000732421875,0.0,163.57000732421875,161.6300048828125,163.05999755859375,0.0,38646800
2018-05-03,153.43966674804688,0.0,161.8000030517578,0.0,162.39999389648438,159.22000122070312,161.0,0.0,60337100
2018-05-04,156.3510284423828,0.0,164.8699951171875,0.0,165.25,160.97999572753906,161.10000610351562,0.0,41543200
2018-05-07,157.65023803710938,0.0,166.24000549316406,0.0,166.77999877929688,165.50999450683594,165.63999938964844,0.0,32500200
2018-05-08,157.48899841308594,0.0,166.07000732421875,0.0,166.42999267578125,164.86000061035156,165.88999938964844,0.0,26040200
2018-05-09,159.2054901123047,0.0,167.8800048828125,0.0,168.0,165.77999877929688,166.3699951171875,0.0,29122700
2018-05-10,160.85560607910156,0.0,169.6199951171875,0.0,169.74000549316406,168.2899932861328,168.4199981689453,0.0,27067600
2018-05-11,160.70387268066406,0.0,169.4600067138672,0.0,169.86000061035156,168.72000122070312,169.4199981689453,0.0,24688800
2018-05-14,160.97889709472656,0.0,169.75,0.0,170.82000732421875,169.47000122070312,169.85000610351562,0.0,21821700
2018-05-15,159.1959991455078,0.0,167.8699951171875,0.0,168.5,166.97999572753906,168.41000366210938,0.0,49361600
2018-05-16,160.24862670898438,0.0,168.97999572753906,0.0,169.3699951171875,168.00999450683594,168.08999633789062,0.0,22941200
2018-05-17,159.6322479248047,0.0,168.3300018310547,0.0,169.61000061035156,167.50999450683594,168.38999938964844,0.0,27480200
2018-05-18,158.8072052001953,0.0,167.4600067138672,0.0,168.25999450683594,167.2100067138672,167.67999267578125,0.0,26217900
2018-05-21,159.69866943359375,0.0,168.39999389648438,0.0,169.5,167.67999267578125,168.75999450683594,0.0,22954600
2018-05-22,159.48992919921875,0.0,168.17999267578125,0.0,169.4499969482422,167.8800048828125,169.1699981689453,0.0,19477700
2018-05-23,160.8366241455078,0.0,169.60000610351562,0.0,169.6199951171875,166.8800048828125,166.89999389648438,0.0,26557800
2018-05-24,160.78919982910156,0.0,169.5500030517578,0.0,169.85000610351562,167.83999633789062,169.5500030517578,0.0,27696500
2018-05-25,160.95042419433594,0.0,169.72000122070312,0.0,170.3300018310547,169.2100067138672,169.52999877929688,0.0,27460500
2018-05-29,160.2391815185547,0.0,168.97000122070312,0.0,169.9199981689453,167.9600067138672,168.9499969482422,0.0,41220500
2018-05-30,161.38665771484375,0.0,170.17999267578125,0.0,170.47999572753906,169.22000122070312,169.5800018310547,0.0,22665800
2018-05-31,161.28236389160156,0.0,170.07000732421875,0.0,171.1999969482422,169.6300048828125,170.17999267578125,0.0,35670900
2018-06-01,163.81434631347656,0.0,172.74000549316406,0.0,172.83999633789062,170.8699951171875,170.9199981689453,0.0,45543300
2018-06-04,165.29376220703125,0.0,174.3000030517578,0.0,174.33999633789062,173.07000732421875,173.17999267578125,0.0,20459600
2018-06-05,165.80587768554688,0.0,174.83999633789062,0.0,175.1300048828125,174.07000732421875,174.7100067138672,0.0,24779300
2018-06-06,166.77313232421875,0.0,175.86000061035156,0.0,175.88999938964844,174.13999938964844,175.02000427246094,0.0,25036600
2018-06-07,165.41702270507812,0.0,174.42999267578125,0.0,175.92999267578125,173.5500030517578,175.88999938964844,0.0,39600300
2018-06-08,165.4265594482422,0.0,174.44000244140625,0.0,174.8800048828125,173.17999267578125,173.61000061035156,0.0,31780300
2018-06-11,165.87220764160156,0.0,174.91000366210938,0.0,175.33999633789062,174.27999877929688,174.30999755859375,0.0,22319700
2018-06-12,166.7447509765625,0.0,175.8300018310547,0.0,176.0,174.9600067138672,175.14999389648438,0.0,22511800
2018-06-13,166.73524475097656,0.0,175.82000732421875,0.0,177.13999938964844,175.42999267578125,176.10000610351562,0.0,37858600
2018-06-14,168.4232635498047,0.0,177.60000610351562,0.0,177.88999938964844,176.5,176.6300048828125,0.0,35916000
2018-06-15,167.83531188964844,0.0,176.97999572753906,0.0,177.3300018310547,176.11000061035156,176.92999267578125,0.0,49615700
2018-06-18,167.73829650878906,0.0,176.5,0.378,176.64999389648438,174.94000244140625,175.49000549316406,0.0,31633200
2018-06-19,167.26315307617188,0.0,176.0,0.0,176.0399932861328,173.7100067138672,174.27000427246094,0.0,38236000
2018-06-20,168.4511260986328,0.0,177.25,0.0,177.97999572753906,176.64999389648438,176.80999755859375,0.0,33038000
2018-06-21,166.98751831054688,0.0,175.7100067138672,0.0,177.8800048828125,175.3699951171875,177.6999969482422,0.0,43469400
2018-06-22,166.61692810058594,0.0,175.32000732421875,0.0,176.3699951171875,174.69000244140625,176.3000030517578,0.0,30073200
2018-06-25,162.8629608154297,0.0,171.3699951171875,0.0,173.99000549316406,169.80999755859375,173.72999572753906,0.0,77799700
2018-06-26,163.52825927734375,0.0,172.07000732421875,0.0,173.05999755859375,171.3699951171875,172.0,0.0,39008100
2018-06-27,161.30441284179688,0.0,169.72999572753906,0.0,173.5800018310547,169.61000061035156,172.8000030517578,0.0,52843500
2018-06-28,162.6919708251953,0.0,171.19000244140625,0.0,171.77000427246094,169.1699981689453,169.52000427246094,0.0,46407700
2018-06-29,163.12911987304688,0.0,171.64999389648438,0.0,172.9199981689453,171.39999389648438,172.00999450683594,0.0,36408500
2018-07-02,164.22203063964844,0.0,172.8000030517578,0.0,172.85000610351562,169.6699981689453,170.0399932861328,0.0,31770000
2018-07-03,162.32131958007812,0.0,170.8000030517578,0.0,173.4499969482422,170.6300048828125,173.4499969482422,0.0,25512700
2018-07-05,164.33602905273438,0.0,172.9199981689453,0.0,173.05999755859375,171.02999877929688,171.91000366210938,0.0,31626200
2018-07-06,166.8925018310547,0.0,175.61000061035156,0.0,175.74000549316406,173.0,173.32000732421875,0.0,37005600
2018-07-09,168.3941192626953,0.0,177.19000244140625,0.0,177.22999572753906,175.82000732421875,176.52000427246094,0.0,27362100
2018-07-10,168.5176239013672,0.0,177.32000732421875,0.0,177.72000122070312,176.7100067138672,177.52000427246094,0.0,23902500
2018-07-11,167.662353515625,0.0,176.4199981689453,0.0,177.07000732421875,175.8000030517578,175.92999267578125,0.0,30280600
2018-07-12,170.55137634277344,0.0,179.4600067138672,0.0,179.4600067138672,177.0800018310547,177.1999969482422,0.0,27930100
2018-07-13,170.69400024414062,0.0,179.61000061035156,0.0,179.89999389648438,178.9499969482422,179.4499969482422,0.0,28049800
2018-07-16,170.28530883789062,0.0,179.17999267578125,0.0,179.9499969482422,178.8800048828125,179.64999389648438,0.0,21405300
2018-07-17,171.32122802734375,0.0,180.2700042724609,0.0,180.6499938964844,177.27999877929688,177.27999877929688,0.0,31034100
2018-07-18,170.99803161621094,0.0,179.92999267578125,0.0,180.44000244140625,179.3800048828125,180.2899932861328,0.0,23220800
2018-07-19,170.14280700683594,0.0,179.02999877929688,0.0,179.8800048828125,178.82000732421875,179.27999877929688,0.0,31094100
2018-07-20,170.1047821044922,0.0,178.99000549316406,0.0,180.1699981689453,178.7899932861328,179.57000732421875,0.0,35897300
2018-07-23,170.64642333984375,0.0,179.55999755859375,0.0,179.63999938964844,177.74000549316406,178.4600067138672,0.0,22184700
2018-07-24,171.3497314453125,0.0,180.3000030517578,0.0,182.0500030517578,179.55999755859375,181.41000366210935,0.0,36900300
2018-07-25,173.74461364746094,0.0,182.82000732421875,0.0,182.92999267578125,180.2899932861328,180.3800048828125,0.0,35026600
2018-07-26,171.11215209960938,0.0,180.0500030517578,0.0,180.9199981689453,179.80999755859375,180.33999633789065,0.0,40873500
2018-07-27,168.80274963378906,0.0,177.6199951171875,0.0,181.30999755859372,176.60000610351562,181.19000244140625,0.0,59456100
2018-07-30,166.41737365722656,0.0,175.11000061035156,0.0,177.72999572753906,174.27000427246094,177.6300048828125,0.0,60193000
2018-07-31,167.6908721923828,0.0,176.4499969482422,0.0,177.1300048828125,174.82000732421875,175.8000030517578,0.0,47285100
2018-08-01,168.3275604248047,0.0,177.1199951171875,0.0,177.64999389648438,176.10000610351562,176.86000061035156,0.0,37101900
2018-08-02,170.6179656982422,0.0,179.52999877929688,0.0,179.74000549316406,175.7899932861328,175.8699951171875,0.0,47178200
2018-08-03,171.14060974121094,0.0,180.0800018310547,0.0,180.08999633789062,179.0800018310547,179.8699951171875,0.0,28934400
2018-08-06,172.14797973632812,0.0,181.13999938964844,0.0,181.19000244140625,179.74000549316406,179.9600067138672,0.0,24808800
2018-08-07,172.77525329589844,0.0,181.8000030517578,0.0,182.13999938964844,181.25999450683597,181.6499938964844,0.0,29895700
2018-08-08,172.98434448242188,0.0,182.0200042724609,0.0,182.3500061035156,181.05999755859372,181.5500030517578,0.0,22680700
2018-08-09,172.87977600097656,0.0,181.91000366210935,0.0,182.6300048828125,181.63999938964844,181.91000366210935,0.0,18852900
2018-08-10,171.5587615966797,0.0,180.5200042724609,0.0,181.22000122070312,179.83999633789062,180.67999267578125,0.0,33818500
2018-08-13,171.36871337890625,0.0,180.32000732421875,0.0,182.00999450683597,180.2400054931641,180.8500061035156,0.0,26089200
2018-08-14,172.442626953125,0.0,181.4499969482422,0.0,181.66000366210935,180.0399932861328,181.00999450683597,0.0,20913000
2018-08-15,170.33285522460938,0.0,179.22999572753906,0.0,180.5800018310547,178.1199951171875,180.00999450683594,0.0,58528000
2018-08-16,170.8935546875,0.0,179.82000732421875,0.0,180.9900054931641,179.47000122070312,180.6100006103516,0.0,27711800
2018-08-17,170.93150329589844,0.0,179.86000061035156,0.0,180.30999755859372,178.27000427246094,179.35000610351562,0.0,36092600
2018-08-20,170.7794647216797,0.0,179.6999969482422,0.0,180.3300018310547,179.0,180.25999450683597,0.0,24939000
2018-08-21,171.40670776367188,0.0,180.3600006103516,0.0,181.44000244140625,180.1300048828125,180.2400054931641,0.0,26258700
2018-08-22,172.07199096679688,0.0,181.05999755859372,0.0,181.2700042724609,179.75,179.97999572753906,0.0,18042400
2018-08-23,171.82489013671875,0.0,180.8000030517578,0.0,182.0500030517578,180.5,180.7400054931641,0.0,25776200
2018-08-24,173.4214630126953,0.0,182.47999572753903,0.0,182.6300048828125,181.3600006103516,181.3999938964844,0.0,23136100
2018-08-27,175.1891632080078,0.0,184.33999633789065,0.0,184.33999633789065,183.1100006103516,183.3999938964844,0.0,29343600
2018-08-28,175.44573974609375,0.0,184.6100006103516,0.0,185.0200042724609,184.22000122070312,184.8300018310547,0.0,20277000
2018-08-29,177.47003173828125,0.0,186.7400054931641,0.0,186.83999633789065,184.8600006103516,184.92999267578125,0.0,29175600
2018-08-30,177.15640258789062,0.0,186.41000366210935,0.0,187.5200042724609,185.7899932861328,186.3800048828125,0.0,29315500
2018-08-31,177.38449096679688,0.0,186.6499938964844,0.0,187.17999267578125,185.97999572753903,186.17999267578125,0.0,28653200
2018-09-04,176.62420654296875,0.0,185.8500061035156,0.0,186.3999938964844,184.8500061035156,186.0800018310547,0.0,29063500
2018-09-05,174.3433380126953,0.0,183.4499969482422,0.0,185.5500030517578,182.82000732421875,185.5200042724609,0.0,42623300
2018-09-06,172.7847900390625,0.0,181.80999755859372,0.0,183.75,180.5800018310547,183.52999877929688,0.0,46091400
2018-09-07,172.11953735351562,0.0,181.1100006103516,0.0,182.6699981689453,180.44000244140625,180.5,0.0,46629500
2018-09-10,172.69923400878906,0.0,181.72000122070312,0.0,182.25,180.72999572753903,182.1499938964844,0.0,26132000
2018-09-11,174.0297088623047,0.0,183.1199951171875,0.0,183.4199981689453,180.5200042724609,180.9900054931641,0.0,30116500
2018-09-12,173.51651000976562,0.0,182.5800018310547,0.0,182.97999572753903,181.00999450683597,182.8500061035156,0.0,36204000
2018-09-13,175.36972045898438,0.0,184.52999877929688,0.0,184.8800048828125,183.63999938964844,183.72000122070312,0.0,31133200
2018-09-14,174.85653686523438,0.0,183.9900054931641,0.0,184.9499969482422,183.25999450683597,184.66000366210935,0.0,31224100
2018-09-17,172.3380584716797,0.0,181.33999633789065,0.0,183.80999755859372,181.1699981689453,183.67999267578125,0.0,33071200
2018-09-18,173.76365661621094,0.0,182.83999633789065,0.0,183.72999572753903,181.3999938964844,181.4900054931641,0.0,31877300
2018-09-19,173.63055419921875,0.0,182.6999969482422,0.0,183.3000030517578,181.50999450683597,182.8699951171875,0.0,31843400
2018-09-20,175.55027770996094,0.0,184.72000122070312,0.0,184.97000122070312,183.5200042724609,183.9600067138672,0.0,33295800
2018-09-21,174.59042358398438,0.0,183.7100067138672,0.0,185.47999572753903,183.47999572753903,185.22000122070312,0.0,38605400
2018-09-24,175.07601928710938,0.0,183.88999938964844,0.33,183.9600067138672,181.3000030517578,182.0500030517578,0.0,34945600
2018-09-25,175.3140106201172,0.0,184.13999938964844,0.0,184.27999877929688,183.17999267578125,183.80999755859372,0.0,25277500
2018-09-26,175.43780517578125,0.0,184.2700042724609,0.0,185.9900054931641,183.91000366210935,184.3000030517578,0.0,36210600
2018-09-27,176.92300415039062,0.0,185.8300018310547,0.0,186.4900054931641,184.9199981689453,185.0200042724609,0.0,33113300
2018-09-28,176.8849334716797,0.0,185.7899932861328,0.0,186.27999877929688,184.97000122070312,185.30999755859372,0.0,28076800
2018-10-01,177.24673461914062,0.0,186.1699981689453,0.0,187.52999877929688,185.6999969482422,186.8699951171875,0.0,27371300
2018-10-02,176.84686279296875,0.0,185.75,0.0,187.17999267578125,185.32000732421875,186.00999450683597,0.0,25618600
2018-10-03,177.03726196289062,0.0,185.9499969482422,0.0,186.97000122070312,185.66000366210935,186.52999877929688,0.0,29128700
2018-10-04,173.6383819580078,0.0,182.3800048828125,0.0,185.32000732421875,181.05999755859372,185.1999969482422,0.0,80557300
2018-10-05,171.5152587890625,0.0,180.1499938964844,0.0,182.97000122070312,178.42999267578125,182.3600006103516,0.0,83325600
2018-10-08,170.4679718017578,0.0,179.0500030517578,0.0,180.63999938964844,176.92999267578125,179.52000427246094,0.0,66864500
2018-10-09,171.02020263671875,0.0,179.6300048828125,0.0,181.0200042724609,178.75,179.17999267578125,0.0,49097900
2018-10-10,163.4988555908203,0.0,171.72999572753906,0.0,178.6199951171875,171.5,178.50999450683594,0.0,114471100
2018-10-11,161.4709014892578,0.0,169.60000610351562,0.0,173.39999389648438,167.80999755859375,171.02000427246094,0.0,143084500
2018-10-12,165.9646759033203,0.0,174.32000732421875,0.0,174.86000061035156,170.92999267578125,174.1699981689453,0.0,102078400
2018-10-15,163.95584106445312,0.0,172.2100067138672,0.0,174.0399932861328,171.55999755859375,173.7100067138672,0.0,64885300
2018-10-16,168.7257080078125,0.0,177.22000122070312,0.0,177.64999389648438,173.6999969482422,174.02000427246094,0.0,71979700
2018-10-17,168.79237365722656,0.0,177.2899932861328,0.0,178.25999450683594,175.47000122070312,178.0800018310547,0.0,66987600
2018-10-18,164.8793182373047,0.0,173.17999267578125,0.0,176.67999267578125,172.44000244140625,176.6199951171875,0.0,82486200
2018-10-19,164.72703552246094,0.0,173.02000427246094,0.0,176.07000732421875,172.38999938964844,174.5800018310547,0.0,82923700
2018-10-22,165.5743408203125,0.0,173.91000366210938,0.0,175.25,172.58999633789062,174.05999755859375,0.0,52909300
2018-10-23,164.9650115966797,0.0,173.27000427246094,0.0,174.1300048828125,168.82000732421875,170.63999938964844,0.0,77567000
2018-10-24,157.41510009765625,0.0,165.33999633789062,0.0,173.36000061035156,165.0399932861328,173.07000732421875,0.0,102997400
2018-10-25,162.86094665527344,0.0,171.05999755859375,0.0,172.0800018310547,167.16000366210938,167.91000366210938,0.0,83481100
2018-10-26,158.67176818847656,0.0,166.66000366210938,0.0,169.9600067138672,164.22999572753906,165.1999969482422,0.0,130970900
2018-10-29,155.40626525878906,0.0,163.22999572753906,0.0,169.86000061035156,160.08999633789062,169.2100067138672,0.0,111871900
2018-10-30,157.96728515625,0.0,165.9199981689453,0.0,166.0399932861328,162.00999450683594,162.75,0.0,92584000
2018-10-31,161.68040466308594,0.0,169.82000732421875,0.0,171.25,168.5399932861328,168.6199951171875,0.0,73828600
2018-11-01,163.81301879882812,0.0,172.05999755859375,0.0,172.24000549316406,168.77999877929688,170.07000732421875,0.0,52706800
2018-11-02,161.26144409179688,0.0,169.3800048828125,0.0,172.5500030517578,168.22000122070312,171.52999877929688,0.0,75966800
2018-11-05,160.8616180419922,0.0,168.9600067138672,0.0,169.66000366210938,167.0800018310547,169.60000610351562,0.0,39573500
2018-11-06,162.0802459716797,0.0,170.24000549316406,0.0,171.19000244140625,168.72000122070312,168.97000122070312,0.0,34410400
2018-11-07,167.16429138183594,0.0,175.5800018310547,0.0,175.5800018310547,171.8699951171875,172.27999877929688,0.0,51169600
2018-11-08,166.0979766845703,0.0,174.4600067138672,0.0,175.3000030517578,173.6300048828125,174.75999450683594,0.0,40296500
2018-11-09,163.29891967773438,0.0,171.52000427246094,0.0,173.25,170.16000366210938,172.8300018310547,0.0,50602700
2018-11-12,158.35763549804688,0.0,166.3300018310547,0.0,170.63999938964844,166.17999267578125,170.32000732421875,0.0,62578400
2018-11-13,158.49093627929688,0.0,166.47000122070312,0.0,169.47999572753906,166.0,167.11000061035156,0.0,64128100
2018-11-14,157.28179931640625,0.0,165.1999969482422,0.0,168.6999969482422,164.25,168.1199951171875,0.0,75270700
2018-11-15,160.0332794189453,0.0,168.08999633789062,0.0,168.5399932861328,163.4600067138672,164.89999389648438,0.0,73254300
2018-11-16,159.4716033935547,0.0,167.5,0.0,168.30999755859375,165.77999877929688,166.4499969482422,0.0,65390700
2018-11-19,154.29234313964844,0.0,162.05999755859375,0.0,166.89999389648438,161.5399932861328,166.6999969482422,0.0,67280500
2018-11-20,151.53131103515625,0.0,159.16000366210938,0.0,161.3800048828125,157.1300048828125,158.3699951171875,0.0,102652800
2018-11-21,152.6833038330078,0.0,160.3699951171875,0.0,161.97000122070312,159.22999572753906,161.35000610351562,0.0,42965800
2018-11-23,151.5789031982422,0.0,159.2100067138672,0.0,160.83999633789062,159.08999633789062,159.08999633789062,0.0,23503700
2018-11-26,155.08255004882812,0.0,162.88999938964844,0.0,162.97000122070312,160.75999450683594,161.44000244140625,0.0,42012600
2018-11-27,155.60617065429688,0.0,163.44000244140625,0.0,163.85000610351562,161.17999267578125,162.0,0.0,36608100
2018-11-28,160.61410522460938,0.0,168.6999969482422,0.0,168.6999969482422,163.47000122070312,164.6199951171875,0.0,70141000
2018-11-29,160.0904083251953,0.0,168.14999389648438,0.0,169.25999450683594,166.82000732421875,167.99000549316406,0.0,44885700
2018-11-30,161.25192260742188,0.0,169.3699951171875,0.0,169.47000122070312,167.5399932861328,168.3800048828125,0.0,36722800
2018-12-03,164.070068359375,0.0,172.3300018310547,0.0,173.30999755859375,169.50999450683594,173.11000061035156,0.0,50771700
2018-12-04,157.7769012451172,0.0,165.72000122070312,0.0,171.91000366210938,165.52000427246094,171.42999267578125,0.0,70594700
2018-12-06,158.8907928466797,0.0,166.88999938964844,0.0,166.91000366210938,161.77000427246094,162.3800048828125,0.0,71715500
2018-12-07,153.64495849609375,0.0,161.3800048828125,0.0,167.1199951171875,160.86000061035156,166.16000366210938,0.0,80432200
2018-12-10,155.25390625,0.0,163.07000732421875,0.0,163.77999877929688,159.41000366210938,161.0800018310547,0.0,73960800
2018-12-11,155.76803588867188,0.0,163.61000061035156,0.0,165.77000427246094,162.22999572753906,165.72999572753906,0.0,59058300
2018-12-12,157.13905334472656,0.0,165.0500030517578,0.0,167.60000610351562,164.9600067138672,166.0,0.0,53780000
2018-12-13,157.18661499023438,0.0,165.10000610351562,0.0,166.82000732421875,164.02999877929688,166.1300048828125,0.0,46378500
2018-12-14,153.35931396484375,0.0,161.0800018310547,0.0,163.80999755859375,160.6999969482422,163.2100067138672,0.0,56547400
2018-12-17,149.8842315673828,0.0,157.42999267578125,0.0,161.6699981689453,156.1699981689453,160.38999938964844,0.0,74834100
2018-12-18,150.8268280029297,0.0,158.4199981689453,0.0,159.9499969482422,157.0399932861328,158.64999389648438,0.0,63642100
2018-12-19,147.12326049804688,0.0,154.52999877929688,0.0,160.72000122070312,153.33999633789062,158.17999267578125,0.0,81856500
2018-12-20,144.99058532714844,0.0,152.2899932861328,0.0,155.8699951171875,150.38999938964844,154.14999389648438,0.0,99002100
2018-12-21,140.49685668945312,0.0,147.57000732421875,0.0,154.08999633789062,146.72000122070312,153.0500030517578,0.0,141129400
2018-12-24,137.01275634765625,0.0,143.5,0.421,147.97999572753906,143.4600067138672,146.0800018310547,0.0,56163300
2018-12-26,145.56777954101562,0.0,152.4600067138672,0.0,152.5399932861328,144.08999633789062,145.0800018310547,0.0,98982100
2018-12-27,146.13104248046875,0.0,153.0500030517578,0.0,153.17999267578125,147.0800018310547,150.3699951171875,0.0,85824300
2018-12-28,146.05465698242188,0.0,152.97000122070312,0.0,155.58999633789062,151.72000122070312,154.14999389648438,0.0,77856600
2018-12-31,147.286376953125,0.0,154.25999450683594,0.0,154.97999572753906,152.7100067138672,154.47000122070312,0.0,53015300
2019-01-02,147.87832641601562,0.0,154.8800048828125,0.0,155.75,150.8800048828125,150.99000549316406,0.0,58576700
2019-01-03,143.04714965820312,0.0,149.82000732421875,0.0,153.25999450683594,149.49000549316406,152.60000610351562,0.0,74820200
2019-01-04,149.1673126220703,0.0,156.22999572753906,0.0,157.0,151.74000549316406,152.33999633789062,0.0,74709300
2019-01-07,150.94320678710938,0.0,158.08999633789062,0.0,158.86000061035156,156.11000061035156,156.6199951171875,0.0,52059300
2019-01-08,152.30857849121094,0.0,159.52000427246094,0.0,160.11000061035156,157.1999969482422,159.5399932861328,0.0,49388700
2019-01-09,153.54978942871094,0.0,160.82000732421875,0.0,161.52000427246094,159.47000122070312,160.13999938964844,0.0,46491700
2019-01-10,153.98902893066406,0.0,161.27999877929688,0.0,161.3699951171875,158.6999969482422,159.60000610351562,0.0,38943400
2019-01-11,153.42568969726562,0.0,160.69000244140625,0.0,160.86000061035156,159.7899932861328,160.3300018310547,0.0,30176600
2019-01-14,152.06991577148438,0.0,159.27000427246094,0.0,159.9600067138672,158.58999633789062,159.3300018310547,0.0,30710200
2019-01-15,155.039306640625,0.0,162.3800048828125,0.0,162.60000610351562,159.91000366210938,160.0,0.0,40874200
2019-01-16,155.0106658935547,0.0,162.35000610351562,0.0,163.77999877929688,162.2899932861328,162.64999389648438,0.0,33812200
2019-01-17,156.23275756835938,0.0,163.6300048828125,0.0,164.36000061035156,161.57000732421875,161.8300018310547,0.0,39329000
2019-01-18,157.779541015625,0.0,165.25,0.0,166.02000427246094,163.82000732421875,164.77999877929688,0.0,57183200
2019-01-22,154.619140625,0.0,161.94000244140625,0.0,164.13999938964844,160.75999450683594,164.05999755859375,0.0,56711700
2019-01-23,154.81964111328125,0.0,162.14999389648438,0.0,163.50999450683594,160.32000732421875,162.77000427246094,0.0,38106100
2019-01-24,155.8222198486328,0.0,163.1999969482422,0.0,163.44000244140625,162.05999755859375,162.67999267578125,0.0,32417800
2019-01-25,157.68405151367188,0.0,165.14999389648438,0.0,165.64999389648438,163.9499969482422,164.50999450683594,0.0,36515900
2019-01-28,155.73629760742188,0.0,163.11000061035156,0.0,163.1199951171875,161.75,163.02000427246094,0.0,33491200
2019-01-29,154.26593017578125,0.0,161.57000732421875,0.0,163.24000549316406,160.99000549316406,163.1999969482422,0.0,30784200
2019-01-30,158.19004821777344,0.0,165.67999267578125,0.0,166.27999877929688,162.88999938964844,163.39999389648438,0.0,41346500
2019-01-31,160.55799865722656,0.0,168.16000366210938,0.0,168.99000549316406,166.47000122070312,166.6999969482422,0.0,37258400
2019-02-01,159.8800811767578,0.0,167.4499969482422,0.0,168.60000610351562,166.99000549316406,167.3300018310547,0.0,32143700
2019-02-04,161.86605834960938,0.0,169.52999877929688,0.0,169.52999877929688,167.3300018310547,167.47999572753906,0.0,26718800
2019-02-05,163.2982940673828,0.0,171.02999877929688,0.0,171.22999572753906,169.69000244140625,169.75999450683594,0.0,28156400
2019-02-06,162.81129455566406,0.0,170.52000427246094,0.0,171.3699951171875,169.75,171.07000732421875,0.0,27970000
2019-02-07,160.6248016357422,0.0,168.22999572753906,0.0,169.4499969482422,166.9499969482422,169.02999877929688,0.0,42036200
2019-02-08,160.9398956298828,0.0,168.55999755859375,0.0,168.58999633789062,166.57000732421875,166.75999450683594,0.0,29020700
2019-02-11,160.787109375,0.0,168.39999389648438,0.0,169.5800018310547,167.97999572753906,169.1699981689453,0.0,21434100
2019-02-12,163.16456604003906,0.0,170.88999938964844,0.0,171.13999938964844,169.3300018310547,169.6300048828125,0.0,29722100
2019-02-13,163.27911376953125,0.0,171.00999450683594,0.0,172.16000366210938,170.82000732421875,171.64999389648438,0.0,26094100
2019-02-14,163.4796905517578,0.0,171.22000122070312,0.0,171.8300018310547,169.8300018310547,170.39999389648438,0.0,30326800
2019-02-15,164.16708374023438,0.0,171.94000244140625,0.0,172.55999755859375,171.13999938964844,172.52000427246094,0.0,32521700
2019-02-19,164.49172973632812,0.0,172.27999877929688,0.0,172.8000030517578,171.3800048828125,171.41000366210938,0.0,19487700
2019-02-20,164.46310424804688,0.0,172.25,0.0,173.0800018310547,171.32000732421875,172.39999389648438,0.0,32593000
2019-02-21,163.86154174804688,0.0,171.6199951171875,0.0,172.25999450683594,170.7100067138672,171.7899932861328,0.0,25207400
2019-02-22,165.0741729736328,0.0,172.88999938964844,0.0,173.00999450683594,171.89999389648438,171.99000549316406,0.0,27735400
2019-02-25,165.6757049560547,0.0,173.52000427246094,0.0,174.66000366210938,173.39999389648438,174.2100067138672,0.0,32608800
2019-02-26,165.84754943847656,0.0,173.6999969482422,0.0,174.25,172.80999755859375,173.10000610351562,0.0,21939700
2019-02-27,165.74252319335938,0.0,173.58999633789062,0.0,173.8000030517578,171.75999450683594,172.89999389648438,0.0,25162000
2019-02-28,165.3606414794922,0.0,173.19000244140625,0.0,173.80999755859375,172.6999969482422,173.0500030517578,0.0,25085500
2019-03-01,166.50633239746094,0.0,174.38999938964844,0.0,174.64999389648438,173.17999267578125,174.44000244140625,0.0,31431200
2019-03-04,166.5349884033203,0.0,174.4199981689453,0.0,175.7899932861328,172.47000122070312,175.5399932861328,0.0,38063500
2019-03-05,166.6591339111328,0.0,174.5500030517578,0.0,175.08999633789062,173.69000244140625,174.5500030517578,0.0,22319900
2019-03-06,165.71389770507812,0.0,173.55999755859375,0.0,174.75,173.27999877929688,174.72000122070312,0.0,27194600
2019-03-07,163.6801300048828,0.0,171.42999267578125,0.0,173.17999267578125,170.7899932861328,173.1199951171875,0.0,39407400
2019-03-08,163.43190002441406,0.0,171.1699981689453,0.0,171.25999450683594,169.33999633789062,169.50999450683594,0.0,39303200
2019-03-11,166.8309783935547,0.0,174.72999572753906,0.0,174.85000610351562,171.85000610351562,171.8800048828125,0.0,30518400
2019-03-12,167.74761962890625,0.0,175.69000244140625,0.0,176.13999938964844,174.77000427246094,175.19000244140625,0.0,33953500
2019-03-13,169.00790405273438,0.0,177.00999450683594,0.0,177.92999267578125,176.35000610351562,176.60000610351562,0.0,42426100
2019-03-14,168.72146606445312,0.0,176.7100067138672,0.0,177.33999633789062,176.66000366210938,177.1300048828125,0.0,23751500
2019-03-15,170.28736877441406,0.0,178.35000610351562,0.0,178.8800048828125,177.27999877929688,177.39999389648438,0.0,38192000
2019-03-18,170.69293212890625,0.0,178.4499969482422,0.324,178.99000549316406,177.58999633789062,177.9499969482422,0.0,32935100
2019-03-19,171.26681518554688,0.0,179.0500030517578,0.0,180.0,178.2899932861328,179.17999267578125,0.0,36893300
2019-03-20,171.94593811035156,0.0,179.75999450683594,0.0,180.8600006103516,178.24000549316406,179.05999755859375,0.0,50105000
2019-03-21,174.6338348388672,0.0,182.57000732421875,0.0,182.8300018310547,179.1999969482422,179.22000122070312,0.0,42428500
2019-03-22,170.79811096191406,0.0,178.55999755859375,0.0,182.2700042724609,178.3699951171875,181.77999877929688,0.0,70794500
2019-03-25,170.47286987304688,0.0,178.22000122070312,0.0,178.83999633789062,176.92999267578125,177.91000366210938,0.0,46336500
2019-03-26,171.26681518554688,0.0,179.0500030517578,0.0,180.69000244140625,178.13999938964844,179.60000610351562,0.0,33248100
2019-03-27,170.1667938232422,0.0,177.89999389648438,0.0,179.72000122070312,176.60000610351562,179.32000732421875,0.0,37096700
2019-03-28,170.55899047851562,0.0,178.30999755859375,0.0,178.97999572753906,177.24000549316406,178.36000061035156,0.0,30368200
2019-03-29,171.85031127929688,0.0,179.66000366210938,0.0,179.8300018310547,178.58999633789062,179.69000244140625,0.0,35205500
2019-04-01,174.12680053710938,0.0,182.0399932861328,0.0,182.25999450683597,180.7700042724609,181.50999450683597,0.0,30969500
2019-04-02,174.78683471679688,0.0,182.72999572753903,0.0,182.91000366210935,181.77999877929688,182.2400054931641,0.0,22645200
2019-04-03,175.7912139892578,0.0,183.77999877929688,0.0,184.9199981689453,183.2100067138672,183.75999450683597,0.0,31633500
2019-04-04,175.72425842285156,0.0,183.7100067138672,0.0,184.5,182.6499938964844,183.8300018310547,0.0,28530800
2019-04-05,176.6330108642578,0.0,184.66000366210935,0.0,184.7700042724609,184.0200042724609,184.2400054931641,0.0,25674700
2019-04-08,177.08255004882812,0.0,185.1300048828125,0.0,185.27999877929688,183.6300048828125,184.3600006103516,0.0,22697500
2019-04-09,176.46078491210938,0.0,184.47999572753903,0.0,185.1100006103516,184.08999633789065,184.5,0.0,25631900
2019-04-10,177.40769958496094,0.0,185.47000122070312,0.0,185.52999877929688,184.5200042724609,184.72000122070312,0.0,24563000
2019-04-11,176.98687744140625,0.0,185.02999877929688,0.0,185.77999877929688,184.69000244140625,185.77999877929688,0.0,20654100
2019-04-12,177.75210571289062,0.0,185.8300018310547,0.0,185.9499969482422,185.05999755859372,185.8500061035156,0.0,24989100
2019-04-15,177.78079223632812,0.0,185.8600006103516,0.0,186.07000732421875,184.6199951171875,185.83999633789065,0.0,21073000
2019-04-16,178.39297485351562,0.0,186.5,0.0,186.91000366210935,185.92999267578125,186.5399932861328,0.0,27195700
2019-04-17,179.0147247314453,0.0,187.1499938964844,0.0,187.92999267578125,186.6000061035156,187.75,0.0,29651600
2019-04-18,179.24429321289062,0.0,187.38999938964844,0.0,187.7899932861328,186.2899932861328,187.4600067138672,0.0,28580900
2019-04-22,179.75128173828125,0.0,187.9199981689453,0.0,187.9900054931641,186.42999267578125,186.57000732421875,0.0,17936000
2019-04-23,182.03733825683597,0.0,190.30999755859372,0.0,190.5399932861328,188.1300048828125,188.3999938964844,0.0,33665600
2019-04-24,181.4634552001953,0.0,189.7100067138672,0.0,190.7100067138672,189.6499938964844,190.47000122070312,0.0,24977100
2019-04-25,182.19998168945312,0.0,190.47999572753903,0.0,191.22000122070312,189.4499969482422,191.1300048828125,0.0,29517500
2019-04-26,182.36257934570312,0.0,190.6499938964844,0.0,190.69000244140625,188.58999633789065,190.17999267578125,0.0,26359500
2019-04-29,182.71652221679688,0.0,191.0200042724609,0.0,191.32000732421875,190.33999633789065,190.6499938964844,0.0,21716200
2019-04-30,181.30081176757807,0.0,189.5399932861328,0.0,189.8500061035156,188.2100067138672,189.47999572753903,0.0,31495300
2019-05-01,180.71734619140625,0.0,188.92999267578125,0.0,191.32000732421875,188.8000030517578,190.77999877929688,0.0,34797100
2019-05-02,179.9329833984375,0.0,188.1100006103516,0.0,189.8500061035156,186.8699951171875,188.8699951171875,0.0,44110100
2019-05-03,182.80258178710935,0.0,191.1100006103516,0.0,191.25,189.3300018310547,189.6699981689453,0.0,30386200
2019-05-06,181.6834259033203,0.0,189.94000244140625,0.0,190.1999969482422,186.75999450683597,187.0500030517578,0.0,38371800
2019-05-07,178.14431762695312,0.0,186.2400054931641,0.0,188.6699981689453,184.50999450683597,187.8699951171875,0.0,58818100
2019-05-08,177.69471740722656,0.0,185.7700042724609,0.0,187.1699981689453,184.9600067138672,185.6300048828125,0.0,37165300
2019-05-09,176.73822021484375,0.0,184.7700042724609,0.0,185.41000366210935,182.08999633789065,183.6999969482422,0.0,55351700
2019-05-10,176.95819091796875,0.0,185.0,0.0,185.88999938964844,181.02999877929688,184.1100006103516,0.0,58526400
2019-05-13,170.8172607421875,0.0,178.5800018310547,0.0,181.25999450683597,178.05999755859375,180.2899932861328,0.0,67185800
2019-05-14,172.69204711914062,0.0,180.5399932861328,0.0,181.6300048828125,178.86000061035156,179.52000427246094,0.0,43360600
2019-05-15,175.13121032714844,0.0,183.08999633789065,0.0,183.5500030517578,179.30999755859375,179.35000610351562,0.0,40944500
2019-05-16,176.8911895751953,0.0,184.92999267578125,0.0,186.07000732421875,182.9499969482422,183.1699981689453,0.0,39281200
2019-05-17,175.08335876464844,0.0,183.0399932861328,0.0,185.5800018310547,182.8800048828125,183.1000061035156,0.0,44702300
2019-05-20,172.12767028808594,0.0,179.9499969482422,0.0,181.17999267578125,179.33999633789062,180.4900054931641,0.0,38608300
2019-05-21,173.92601013183594,0.0,181.8300018310547,0.0,182.3300018310547,180.9199981689453,181.5,0.0,31613800
2019-05-22,173.1512451171875,0.0,181.0200042724609,0.0,182.07000732421875,180.75,180.82000732421875,0.0,24332600
2019-05-23,170.50160217285156,0.0,178.25,0.0,179.02000427246094,177.13999938964844,178.94000244140625,0.0,45351300
2019-05-24,170.41552734375,0.0,178.16000366210938,0.0,179.85000610351562,177.94000244140625,179.2100067138672,0.0,25903300
2019-05-28,169.77468872070312,0.0,177.49000549316406,0.0,179.66000366210938,177.47000122070312,178.66000366210938,0.0,24763800
2019-05-29,168.3780517578125,0.0,176.02999877929688,0.0,177.0,175.08999633789062,176.38999938964844,0.0,42178800
2019-05-30,169.08595275878906,0.0,176.77000427246094,0.0,177.27000427246094,175.77000427246094,176.5,0.0,30354800
2019-05-31,166.38848876953125,0.0,173.9499969482422,0.0,175.2899932861328,173.8699951171875,174.69000244140625,0.0,45446200
2019-06-03,162.72499084472656,0.0,170.1199951171875,0.0,173.9499969482422,169.27000427246094,173.47999572753906,0.0,75842300
2019-06-04,167.30674743652344,0.0,174.91000366210938,0.0,174.97000122070312,171.3699951171875,172.02999877929688,0.0,47797800
2019-06-05,168.55029296875,0.0,176.2100067138672,0.0,176.61000061035156,174.3800048828125,176.5800018310547,0.0,34412700
2019-06-06,169.88943481445312,0.0,177.61000061035156,0.0,178.0399932861328,175.72999572753906,176.50999450683594,0.0,29913200
2019-06-07,173.17030334472656,0.0,181.0399932861328,0.0,181.7700042724609,178.3300018310547,178.55999755859375,0.0,45888300
2019-06-10,175.18861389160156,0.0,183.1499938964844,0.0,184.8500061035156,182.2100067138672,182.25,0.0,41385300
2019-06-11,175.42771911621094,0.0,183.3999938964844,0.0,185.3999938964844,182.77999877929688,185.05999755859372,0.0,41260300
2019-06-12,174.41380310058594,0.0,182.33999633789065,0.0,183.27999877929688,182.0,182.8999938964844,0.0,27758100
2019-06-13,175.4468536376953,0.0,183.4199981689453,0.0,183.8699951171875,182.7400054931641,183.1000061035156,0.0,23715800
2019-06-14,174.70077514648438,0.0,182.63999938964844,0.0,183.1100006103516,181.94000244140625,182.47999572753903,0.0,22844100
2019-06-17,175.7529296875,0.0,183.7400054931641,0.0,184.25,182.83999633789065,183.0399932861328,0.0,20379500
2019-06-18,178.30685424804688,0.0,186.41000366210935,0.0,187.72000122070312,185.42999267578125,185.91000366210935,0.0,48177300
2019-06-19,178.97647094726562,0.0,187.1100006103516,0.0,187.52999877929688,185.57000732421875,186.66000366210935,0.0,31672900
2019-06-20,180.64080810546875,0.0,188.8500061035156,0.0,189.75999450683597,187.16000366210935,189.72000122070312,0.0,40922000
2019-06-21,180.37298583984372,0.0,188.57000732421875,0.0,189.7700042724609,188.1699981689453,188.6300048828125,0.0,39980400
2019-06-24,180.3787841796875,0.0,188.16000366210935,0.416,188.72000122070312,188.05999755859372,188.52999877929688,0.0,19375200
2019-06-25,177.28233337402344,0.0,184.92999267578125,0.0,188.13999938964844,184.6499938964844,188.02999877929688,0.0,33921100
2019-06-26,178.10678100585938,0.0,185.7899932861328,0.0,187.3300018310547,185.4900054931641,186.16000366210935,0.0,22595700
2019-06-27,178.78738403320312,0.0,186.5,0.0,186.94000244140625,185.9900054931641,186.4600067138672,0.0,19709200
2019-06-28,179.0174560546875,0.0,186.7400054931641,0.0,187.1499938964844,186.07000732421875,186.9499969482422,0.0,21179200
2019-07-01,181.4332427978516,0.0,189.25999450683597,0.0,190.57000732421875,188.3800048828125,190.32000732421875,0.0,31025600
2019-07-02,182.1522216796875,0.0,190.00999450683597,0.0,190.02999877929688,188.66000366210935,189.1999969482422,0.0,18035800
2019-07-03,183.5230712890625,0.0,191.44000244140625,0.0,191.44000244140625,190.2899932861328,190.4900054931641,0.0,15792100
2019-07-05,183.14920043945312,0.0,191.0500030517578,0.0,191.3999938964844,189.38999938964844,190.1300048828125,0.0,21415600
2019-07-08,181.86463928222656,0.0,189.7100067138672,0.0,189.8699951171875,188.92999267578125,189.80999755859372,0.0,17598800
2019-07-09,182.77536010742188,0.0,190.66000366210935,0.0,190.8999938964844,188.6499938964844,188.80999755859372,0.0,19193500
2019-07-10,184.59674072265625,0.0,192.55999755859372,0.0,193.08999633789065,191.47000122070312,191.82000732421875,0.0,28374500
2019-07-11,184.4625701904297,0.0,192.4199981689453,0.0,193.33999633789065,191.80999755859372,192.8500061035156,0.0,23736100
2019-07-12,185.5266876220703,0.0,193.52999877929688,0.0,193.5399932861328,192.4499969482422,192.6300048828125,0.0,20211900
2019-07-15,186.1210174560547,0.0,194.1499938964844,0.0,194.19000244140625,193.44000244140625,193.97999572753903,0.0,15606100
2019-07-16,185.1623687744141,0.0,193.1499938964844,0.0,194.08999633789065,192.55999755859372,193.91000366210935,0.0,20190900
2019-07-17,184.2516632080078,0.0,192.1999969482422,0.0,193.4900054931641,192.17999267578125,193.1499938964844,0.0,16765100
2019-07-18,184.4625701904297,0.0,192.4199981689453,0.0,192.7899932861328,190.69000244140625,191.2899932861328,0.0,28877000
2019-07-19,183.11090087890625,0.0,191.00999450683597,0.0,193.8300018310547,190.80999755859372,193.7400054931641,0.0,29387900
2019-07-22,184.56802368164065,0.0,192.52999877929688,0.0,192.94000244140625,191.44000244140625,191.44000244140625,0.0,18954900
2019-07-23,185.7758636474609,0.0,193.7899932861328,0.0,193.80999755859372,192.2899932861328,193.5800018310547,0.0,23786700
2019-07-24,187.07965087890625,0.0,195.1499938964844,0.0,195.16000366210935,193.02999877929688,193.0500030517578,0.0,20422900
2019-07-25,185.30618286132807,0.0,193.3000030517578,0.0,194.5200042724609,192.92999267578125,194.4900054931641,0.0,23434700
2019-07-26,187.2138519287109,0.0,195.2899932861328,0.0,195.5500030517578,194.42999267578125,194.52999877929688,0.0,20431200
2019-07-29,186.57159423828125,0.0,194.6199951171875,0.0,195.17999267578125,193.38999938964844,195.1100006103516,0.0,20451700
2019-07-30,185.76634216308597,0.0,193.77999877929688,0.0,194.5399932861328,192.9900054931641,193.1300048828125,0.0,18705000
2019-07-31,183.1971893310547,0.0,191.1000061035156,0.0,194.42999267578125,189.32000732421875,194.3000030517578,0.0,41627500
2019-08-01,182.2864227294922,0.0,190.1499938964844,0.0,194.97999572753903,189.22999572753903,191.42999267578125,0.0,63251600
2019-08-02,179.6022186279297,0.0,187.3500061035156,0.0,188.9900054931641,186.2100067138672,188.72000122070312,0.0,55214000
2019-08-05,173.25599670410156,0.0,180.72999572753903,0.0,183.50999450683597,179.1999969482422,183.42999267578125,0.0,75040000
2019-08-06,175.68142700195312,0.0,183.25999450683597,0.0,183.8000030517578,181.07000732421875,182.3999938964844,0.0,41897200
2019-08-07,176.6304168701172,0.0,184.25,0.0,184.50999450683597,179.88999938964844,181.2700042724609,0.0,49990600
2019-08-08,180.474609375,0.0,188.25999450683597,0.0,188.32000732421875,184.57000732421875,185.0800018310547,0.0,38418100
2019-08-09,178.77781677246094,0.0,186.4900054931641,0.0,188.0,185.02999877929688,187.3600006103516,0.0,33608900
2019-08-12,176.7263641357422,0.0,184.3500061035156,0.0,185.8999938964844,183.5,185.33999633789065,0.0,24642900
2019-08-13,180.59922790527344,0.0,188.38999938964844,0.0,189.67999267578125,184.0200042724609,184.19000244140625,0.0,40241900
2019-08-14,175.20208740234375,0.0,182.75999450683597,0.0,185.9499969482422,182.4199981689453,185.3600006103516,0.0,51000500
2019-08-15,175.00079345703125,0.0,182.5500030517578,0.0,183.58999633789065,181.16000366210935,183.0,0.0,36685000
2019-08-16,177.80955505371094,0.0,185.47999572753903,0.0,185.9499969482422,184.1000061035156,184.2100067138672,0.0,32781400
2019-08-19,180.63754272460935,0.0,188.42999267578125,0.0,188.8300018310547,187.5,188.16000366210935,0.0,22494100
2019-08-20,179.23797607421875,0.0,186.97000122070312,0.0,188.63999938964844,186.9199981689453,187.9600067138672,0.0,19902900
2019-08-21,180.82928466796875,0.0,188.6300048828125,0.0,189.22999572753903,187.9600067138672,188.6100006103516,0.0,20418500
2019-08-22,180.2445526123047,0.0,188.0200042724609,0.0,189.4600067138672,186.5399932861328,188.97999572753903,0.0,24243700
2019-08-23,174.5405731201172,0.0,182.07000732421875,0.0,188.4499969482422,181.55999755859372,186.7400054931641,0.0,55372400
2019-08-26,177.1768798828125,0.0,184.82000732421875,0.0,184.8699951171875,183.0800018310547,184.13999938964844,0.0,27598900
2019-08-27,176.80294799804688,0.0,184.42999267578125,0.0,186.4199981689453,183.7100067138672,186.1100006103516,0.0,28012800
2019-08-28,177.43568420410156,0.0,185.08999633789065,0.0,185.3999938964844,182.91000366210935,183.8300018310547,0.0,21792400
2019-08-29,180.1486968994141,0.0,187.9199981689453,0.0,188.4600067138672,186.67999267578125,187.38999938964844,0.0,25358900
2019-08-30,179.71726989746094,0.0,187.47000122070312,0.0,188.97000122070312,186.41000366210935,188.92999267578125,0.0,26319800
2019-09-03,177.9725341796875,0.0,185.6499938964844,0.0,187.17999267578125,185.02999877929688,186.22000122070312,0.0,27964200
2019-09-04,180.5416717529297,0.0,188.3300018310547,0.0,188.4900054931641,186.8999938964844,187.44000244140625,0.0,21592100
2019-09-05,183.8490447998047,0.0,191.77999877929688,0.0,192.3300018310547,190.33999633789065,190.41000366210935,0.0,33932600
2019-09-06,183.66685485839844,0.0,191.58999633789065,0.0,192.1699981689453,191.1699981689453,192.1000061035156,0.0,19487800
2019-09-09,183.283447265625,0.0,191.19000244140625,0.0,192.2700042724609,190.22000122070312,192.19000244140625,0.0,24407600
2019-09-10,182.7561798095703,0.0,190.63999938964844,0.0,190.7400054931641,188.91000366210935,190.16000366210935,0.0,23744700
2019-09-11,184.4721527099609,0.0,192.42999267578125,0.0,192.52999877929688,190.55999755859372,191.0,0.0,25063600
2019-09-12,185.2390899658203,0.0,193.22999572753903,0.0,194.7100067138672,192.97000122070312,193.6100006103516,0.0,28689900
2019-09-13,184.57760620117188,0.0,192.5399932861328,0.0,193.3999938964844,192.2899932861328,192.9499969482422,0.0,27669800
2019-09-16,183.75320434570312,0.0,191.67999267578125,0.0,192.0800018310547,191.1100006103516,191.3000030517578,0.0,20319000
2019-09-17,184.63511657714844,0.0,192.6000061035156,0.0,192.6000061035156,191.2899932861328,191.6999969482422,0.0,20953400
2019-09-18,184.55841064453125,0.0,192.5200042724609,0.0,192.6000061035156,190.1100006103516,192.1999969482422,0.0,29781300
2019-09-19,184.86520385742188,0.0,192.83999633789065,0.0,194.0399932861328,192.47000122070312,192.8600006103516,0.0,26039400
2019-09-20,182.90956115722656,0.0,190.8000030517578,0.0,193.30999755859372,190.16000366210935,193.1100006103516,0.0,29086100
2019-09-23,182.99026489257807,0.0,190.5,0.384,191.07000732421875,189.72000122070312,190.3600006103516,0.0,22485900
2019-09-24,180.5599670410156,0.0,187.97000122070312,0.0,191.7899932861328,187.1499938964844,191.3699951171875,0.0,40820700
2019-09-25,182.5868225097656,0.0,190.0800018310547,0.0,190.5800018310547,186.2100067138672,187.77999877929688,0.0,34704900
2019-09-26,181.9144287109375,0.0,189.3800048828125,0.0,190.0,187.97999572753903,189.8300018310547,0.0,26826000
2019-09-27,179.65701293945312,0.0,187.02999877929688,0.0,189.8300018310547,185.75,189.72999572753903,0.0,40773500
2019-09-30,181.36685180664065,0.0,188.80999755859372,0.0,189.1100006103516,187.3999938964844,187.7899932861328,0.0,26307700
2019-10-01,179.88754272460938,0.0,187.2700042724609,0.0,190.58999633789065,186.9600067138672,189.5,0.0,32367600
2019-10-02,176.79452514648438,0.0,184.0500030517578,0.0,186.02999877929688,183.0200042724609,186.0,0.0,48544300
2019-10-03,178.73489379882812,0.0,186.07000732421875,0.0,186.2100067138672,181.82000732421875,184.02999877929688,0.0,39392500
2019-10-04,181.36685180664065,0.0,188.80999755859372,0.0,189.0800018310547,186.8800048828125,187.0800018310547,0.0,31887600
2019-10-07,180.81935119628903,0.0,188.2400054931641,0.0,189.7400054931641,187.91000366210935,188.2700042724609,0.0,21216000
2019-10-08,178.11050415039062,0.0,185.4199981689453,0.0,187.8600006103516,185.2700042724609,187.05999755859372,0.0,32379300
2019-10-09,179.84915161132812,0.0,187.22999572753903,0.0,188.0800018310547,186.42999267578125,186.9900054931641,0.0,20147400
2019-10-10,181.24200439453125,0.0,188.67999267578125,0.0,189.42999267578125,187.1199951171875,187.27999877929688,0.0,25177700
2019-10-11,183.57618713378903,0.0,191.1100006103516,0.0,192.6300048828125,190.72000122070312,190.8300018310547,0.0,40976700
2019-10-14,183.55697631835935,0.0,191.08999633789065,0.0,191.6999969482422,190.6499938964844,190.83999633789065,0.0,14975000
2019-10-15,185.8912353515625,0.0,193.5200042724609,0.0,193.97000122070312,191.55999755859372,191.67999267578125,0.0,23234200
2019-10-16,185.4300994873047,0.0,193.0399932861328,0.0,193.52999877929688,192.42999267578125,192.8600006103516,0.0,20457100
2019-10-17,185.9200592041016,0.0,193.5500030517578,0.0,194.5,192.80999755859372,194.1999969482422,0.0,19045200
2019-10-18,184.13333129882807,0.0,191.69000244140625,0.0,193.6699981689453,190.7100067138672,193.1999969482422,0.0,27700800
2019-10-21,185.7663116455078,0.0,193.38999938964844,0.0,193.5200042724609,192.13999938964844,192.7100067138672,0.0,15801200
2019-10-22,184.2870178222656,0.0,191.8500061035156,0.0,194.4199981689453,191.7899932861328,194.1499938964844,0.0,22392300
2019-10-23,184.64247131347656,0.0,192.22000122070312,0.0,192.25999450683597,191.1499938964844,191.4600067138672,0.0,14828400
2019-10-24,186.438720703125,0.0,194.08999633789065,0.0,194.2100067138672,192.7400054931641,193.58999633789065,0.0,18998500
2019-10-25,187.9276580810547,0.0,195.63999938964844,0.0,195.7400054931641,193.0500030517578,193.08999633789065,0.0,21507100
2019-10-28,189.7815093994141,0.0,197.57000732421875,0.0,197.8300018310547,196.5500030517578,196.5500030517578,0.0,18818700
2019-10-29,188.3118133544922,0.0,196.0399932861328,0.0,197.5399932861328,196.00999450683597,197.2400054931641,0.0,18569700
2019-10-30,189.2243804931641,0.0,196.9900054931641,0.0,197.32000732421875,195.2899932861328,196.4199981689453,0.0,21764300
2019-10-31,189.31089782714844,0.0,197.0800018310547,0.0,197.6499938964844,195.94000244140625,197.55999755859372,0.0,26801800
2019-11-01,191.0303192138672,0.0,198.8699951171875,0.0,198.8800048828125,197.6300048828125,197.92999267578125,0.0,22131900
2019-11-04,192.21180725097656,0.0,200.1000061035156,0.0,200.52999877929688,198.8699951171875,200.19000244140625,0.0,19015900
2019-11-05,192.31744384765625,0.0,200.2100067138672,0.0,200.5500030517578,199.5500030517578,200.3500061035156,0.0,15048900
2019-11-06,191.8852081298828,0.0,199.75999450683597,0.0,200.0,198.7899932861328,199.97999572753903,0.0,19725500
2019-11-07,192.5287628173828,0.0,200.42999267578125,0.0,201.72000122070312,199.8500061035156,200.75999450683597,0.0,17832400
2019-11-08,193.29725646972656,0.0,201.22999572753903,0.0,201.25,199.5399932861328,200.07000732421875,0.0,15258800
2019-11-11,193.0379180908203,0.0,200.9600067138672,0.0,201.0399932861328,199.94000244140625,200.2100067138672,0.0,10147600
2019-11-12,193.59503173828125,0.0,201.5399932861328,0.0,202.2100067138672,200.82000732421875,201.1300048828125,0.0,14778300
2019-11-13,193.6430511474609,0.0,201.58999633789065,0.0,201.77999877929688,200.7100067138672,200.83999633789065,0.0,15774600
2019-11-14,193.4893493652344,0.0,201.42999267578125,0.0,201.55999755859372,200.22000122070312,200.8300018310547,0.0,16945400
2019-11-15,194.9110412597656,0.0,202.91000366210935,0.0,202.91000366210935,202.0,202.6499938964844,0.0,18427900
2019-11-18,195.06472778320312,0.0,203.07000732421875,0.0,203.38999938964844,201.7700042724609,202.58999633789065,0.0,18365900
2019-11-19,195.3529052734375,0.0,203.3699951171875,0.0,203.83999633789065,202.58999633789065,203.83999633789065,0.0,16923300
2019-11-20,194.18096923828125,0.0,202.1499938964844,0.0,203.4499969482422,200.6199951171875,202.83999633789065,0.0,36629000
2019-11-21,193.7487030029297,0.0,201.6999969482422,0.0,202.07000732421875,201.07000732421875,201.92999267578125,0.0,17883600
2019-11-22,193.87359619140625,0.0,201.8300018310547,0.0,202.32000732421875,200.7400054931641,202.1999969482422,0.0,17189600
2019-11-25,196.16937255859372,0.0,204.22000122070312,0.0,204.25999450683597,202.6699981689453,202.6999969482422,0.0,17752800
2019-11-26,196.54400634765625,0.0,204.6100006103516,0.0,204.8699951171875,204.0500030517578,204.3500061035156,0.0,14780600
2019-11-27,197.9176483154297,0.0,206.0399932861328,0.0,206.0500030517578,204.88999938964844,205.13999938964844,0.0,16963100
2019-11-29,197.0147247314453,0.0,205.1000061035156,0.0,205.8300018310547,205.0,205.5200042724609,0.0,9854600
2019-12-02,194.9974822998047,0.0,203.0,0.0,205.17999267578125,201.77999877929688,205.1100006103516,0.0,28007000
2019-12-03,193.47018432617188,0.0,201.41000366210935,0.0,201.4900054931641,199.22999572753903,200.2100067138672,0.0,31104100
2019-12-04,194.449951171875,0.0,202.42999267578125,0.0,202.91000366210935,202.13999938964844,202.44000244140625,0.0,15300100
2019-12-05,194.8341827392578,0.0,202.8300018310547,0.0,203.1499938964844,201.83999633789065,203.1499938964844,0.0,14962300
2019-12-06,196.9186553955078,0.0,205.0,0.0,205.1499938964844,204.1499938964844,204.30999755859372,0.0,16555300
2019-12-09,196.0253448486328,0.0,204.07000732421875,0.0,205.58999633789065,203.97999572753903,204.6300048828125,0.0,13984100
2019-12-10,195.8620147705078,0.0,203.8999938964844,0.0,204.8800048828125,203.44000244140625,204.1699981689453,0.0,21799800
2019-12-11,196.8994598388672,0.0,204.97999572753903,0.0,205.19000244140625,204.0399932861328,204.3600006103516,0.0,18780800
2019-12-12,198.36907958984372,0.0,206.50999450683597,0.0,207.32000732421875,204.4900054931641,204.7700042724609,0.0,32612000
2019-12-13,199.0222930908203,0.0,207.19000244140625,0.0,207.91000366210935,205.9600067138672,206.3999938964844,0.0,32519400
2019-12-16,201.02035522460935,0.0,209.2700042724609,0.0,209.52999877929688,208.47999572753903,208.5500030517578,0.0,21296600
2019-12-17,201.13555908203125,0.0,209.38999938964844,0.0,209.7100067138672,209.0399932861328,209.5399932861328,0.0,15996100
2019-12-18,201.289306640625,0.0,209.5500030517578,0.0,210.1300048828125,209.3300018310547,209.57000732421875,0.0,15443300
2019-12-19,202.54763793945312,0.0,210.8600006103516,0.0,210.92999267578125,209.6199951171875,209.63999938964844,0.0,17865900
2019-12-20,203.36412048339844,0.0,211.7100067138672,0.0,212.5200042724609,211.2700042724609,211.8600006103516,0.0,27672600
2019-12-23,203.9012756347656,0.0,211.80999755859372,0.458,212.1499938964844,211.6300048828125,212.0,0.0,23774700
2019-12-24,204.0071563720703,0.0,211.9199981689453,0.0,212.08999633789065,211.44000244140625,212.0,0.0,7089000
2019-12-26,205.80735778808597,0.0,213.7899932861328,0.0,213.80999755859372,212.22999572753903,212.25999450683597,0.0,17067500
2019-12-27,205.63409423828125,0.0,213.6100006103516,0.0,214.55999755859372,213.0399932861328,214.5399932861328,0.0,18134100
2019-12-30,204.28634643554688,0.0,212.2100067138672,0.0,213.6300048828125,211.16000366210935,213.5,0.0,21815500
2019-12-31,204.6714324951172,0.0,212.6100006103516,0.0,212.75999450683597,211.1999969482422,211.52999877929688,0.0,18170900
2020-01-02,208.0889129638672,0.0,216.16000366210935,0.0,216.16000366210935,213.97999572753903,214.3999938964844,0.0,30969400
2020-01-03,206.18280029296875,0.0,214.17999267578125,0.0,215.47000122070312,213.27999877929688,213.3000030517578,0.0,27518900
2020-01-06,207.51126098632807,0.0,215.55999755859372,0.0,215.58999633789065,212.2400054931641,212.5,0.0,21655300
2020-01-07,207.48243713378903,0.0,215.52999877929688,0.0,216.13999938964844,214.8500061035156,215.63999938964844,0.0,22139300
2020-01-08,209.0419006347656,0.0,217.1499938964844,0.0,218.13999938964844,215.16000366210935,215.5,0.0,26397300
2020-01-09,210.813232421875,0.0,218.9900054931641,0.0,219.41000366210935,217.7100067138672,218.94000244140625,0.0,23547000
2020-01-10,210.2740631103516,0.0,218.42999267578125,0.0,219.8699951171875,218.0399932861328,219.8500061035156,0.0,21898500
2020-01-13,212.6999969482422,0.0,220.9499969482422,0.0,220.97999572753903,218.97999572753903,219.3300018310547,0.0,22756900
2020-01-14,211.86248779296875,0.0,220.0800018310547,0.0,221.2100067138672,219.7400054931641,220.83999633789065,0.0,24418100
2020-01-15,211.9491424560547,0.0,220.1699981689453,0.0,221.1999969482422,219.4499969482422,220.1999969482422,0.0,25742100
2020-01-16,213.98033142089844,0.0,222.27999877929688,0.0,222.32000732421875,220.8000030517578,221.2700042724609,0.0,18805000
2020-01-17,215.0392608642578,0.0,223.3800048828125,0.0,223.55999755859372,222.1199951171875,223.27999877929688,0.0,24325200
2020-01-21,214.9430084228516,0.0,223.27999877929688,0.0,223.83999633789065,222.66000366210935,222.75999450683597,0.0,21146300
2020-01-22,215.510986328125,0.0,223.8699951171875,0.0,225.1499938964844,223.58999633789065,224.41000366210935,0.0,20736400
2020-01-23,216.20411682128903,0.0,224.58999633789065,0.0,224.69000244140625,222.6999969482422,223.7400054931641,0.0,26496100
2020-01-24,214.3846435546875,0.0,222.6999969482422,0.0,225.8800048828125,221.6699981689453,225.63999938964844,0.0,37436500
2020-01-27,209.95648193359372,0.0,218.1000061035156,0.0,219.27999877929688,217.17999267578125,217.6699981689453,0.0,42264400
2020-01-28,213.18138122558597,0.0,221.4499969482422,0.0,221.9600067138672,219.05999755859372,219.63999938964844,0.0,26731900
2020-01-29,213.52789306640625,0.0,221.80999755859372,0.0,222.92999267578125,220.8300018310547,222.67999267578125,0.0,28924500
2020-01-30,214.28842163085935,0.0,222.6000061035156,0.0,222.6999969482422,219.69000244140625,220.3800048828125,0.0,39568100
2020-01-31,210.89019775390625,0.0,219.07000732421875,0.0,223.55999755859372,218.2899932861328,223.52999877929688,0.0,52015800
2020-02-03,214.0766143798828,0.0,222.3800048828125,0.0,222.88999938964844,219.9900054931641,220.13999938964844,0.0,25408600
2020-02-04,218.97653198242188,0.0,227.47000122070312,0.0,227.8600006103516,224.6499938964844,225.4199981689453,0.0,30691200
2020-02-05,219.69857788085935,0.0,228.22000122070312,0.0,230.25,226.8500061035156,230.2100067138672,0.0,38534800
2020-02-06,221.594970703125,0.0,230.19000244140625,0.0,230.25,227.97999572753903,228.7899932861328,0.0,22467100
2020-02-07,220.64198303222656,0.0,229.1999969482422,0.0,230.44000244140625,228.5399932861328,229.16000366210935,0.0,25884900
2020-02-10,223.3085479736328,0.0,231.97000122070312,0.0,231.97999572753903,228.3800048828125,228.44000244140625,0.0,21478900
2020-02-11,223.34703063964844,0.0,232.00999450683597,0.0,234.0200042724609,231.3999938964844,233.25,0.0,30198000
2020-02-12,225.522705078125,0.0,234.2700042724609,0.0,234.3800048828125,232.8000030517578,233.3800048828125,0.0,24471300
2020-02-13,225.2338409423828,0.0,233.97000122070312,0.0,234.92999267578125,232.3600006103516,232.63999938964844,0.0,22773200
2020-02-14,225.87890625,0.0,234.63999938964844,0.0,234.8600006103516,233.5500030517578,234.33999633789065,0.0,23438500
2020-02-18,225.9654541015625,0.0,234.72999572753903,0.0,235.1699981689453,233.25,233.5,0.0,24394500
2020-02-19,228.13145446777344,0.0,236.97999572753903,0.0,237.47000122070312,235.8500061035156,236.1300048828125,0.0,22230500
2020-02-20,226.01364135742188,0.0,234.77999877929688,0.0,236.9499969482422,231.8800048828125,236.4600067138672,0.0,42604000
2020-02-21,221.6719970703125,0.0,230.2700042724609,0.0,234.00999450683597,229.32000732421875,233.6100006103516,0.0,66017200
2020-02-24,213.1235809326172,0.0,221.38999938964844,0.0,224.25,220.25999450683597,221.67999267578125,0.0,84522600
2020-02-25,207.32835388183597,0.0,215.3699951171875,0.0,223.9900054931641,214.7400054931641,223.25,0.0,97743000
2020-02-26,208.3968963623047,0.0,216.47999572753903,0.0,220.27999877929688,214.8999938964844,216.7100067138672,0.0,79537700
2020-02-27,197.9616851806641,0.0,205.63999938964844,0.0,216.4199981689453,205.5,210.8999938964844,0.0,121822600
2020-02-28,198.11569213867188,0.0,205.8000030517578,0.0,207.1699981689453,198.1699981689453,198.63999938964844,0.0,148173700
2020-03-02,208.3391571044922,0.0,216.4199981689453,0.0,216.57000732421875,205.94000244140625,208.8800048828125,0.0,112933900
2020-03-03,201.65830993652344,0.0,209.47999572753903,0.0,219.6100006103516,207.6199951171875,217.1100006103516,0.0,131953500
2020-03-04,210.07192993164065,0.0,218.22000122070312,0.0,218.3300018310547,211.3699951171875,213.32000732421875,0.0,73086200
2020-03-05,203.6894989013672,0.0,211.58999633789065,0.0,216.3600006103516,210.1000061035156,212.69000244140625,0.0,78705500
2020-03-06,200.25282287597656,0.0,208.0200042724609,0.0,209.1499938964844,202.91000366210935,204.6699981689453,0.0,89828400
2020-03-09,186.3423614501953,0.0,193.57000732421875,0.0,201.16000366210935,192.1100006103516,193.47999572753903,0.0,116424000
2020-03-10,196.48878479003903,0.0,204.1100006103516,0.0,204.3000030517578,193.67999267578125,201.1100006103516,0.0,100599200
2020-03-11,187.9307403564453,0.0,195.22000122070312,0.0,200.75,192.72999572753903,199.3500061035156,0.0,89168800
2020-03-12,170.6990966796875,0.0,177.32000732421875,0.0,190.77999877929688,176.94000244140625,182.08999633789065,0.0,137820700
2020-03-13,185.15826416015625,0.0,192.33999633789065,0.0,194.47999572753903,178.1300048828125,187.07000732421875,0.0,134882000
2020-03-16,162.97857666015625,0.0,169.3000030517578,0.0,184.67999267578125,169.16000366210938,174.14999389648438,0.0,92054400
2020-03-17,175.33914184570312,0.0,182.13999938964844,0.0,184.38999938964844,169.77999877929688,175.47000122070312,0.0,121257100
2020-03-18,170.00595092773438,0.0,176.60000610351562,0.0,179.22000122070312,166.8000030517578,171.61000061035156,0.0,114156300
2020-03-19,171.02642822265625,0.0,177.66000366210938,0.0,183.4900054931641,171.6300048828125,175.69000244140625,0.0,120896500
2020-03-20,164.3262939453125,0.0,170.6999969482422,0.0,182.8699951171875,170.10000610351562,181.7400054931641,0.0,118983900
2020-03-23,164.44496154785156,0.0,170.4600067138672,0.363,174.2100067138672,164.92999267578125,170.9199981689453,0.0,124639800
2020-03-24,177.17918395996094,0.0,183.66000366210935,0.0,183.8300018310547,177.9499969482422,179.91000366210938,0.0,94881800
2020-03-25,175.8671112060547,0.0,182.3000030517578,0.0,189.50999450683597,179.97999572753906,184.4199981689453,0.0,88754900
2020-03-26,185.12838745117188,0.0,191.8999938964844,0.0,192.72000122070312,183.6100006103516,183.8699951171875,0.0,79887600
2020-03-27,178.76132202148438,0.0,185.3000030517578,0.0,190.50999450683597,184.66000366210935,186.92999267578125,0.0,58845000
2020-03-30,185.2634429931641,0.0,192.0399932861328,0.0,192.4900054931641,186.33999633789065,187.05999755859372,0.0,49356900
2020-03-31,183.6813201904297,0.0,190.3999938964844,0.0,195.25,189.1999969482422,191.72000122070312,0.0,62659300
2020-04-01,175.87680053710938,0.0,182.30999755859372,0.0,187.66000366210935,180.8600006103516,184.7700042724609,0.0,53715400
2020-04-02,179.44625854492188,0.0,186.00999450683597,0.0,190.1000061035156,180.97000122070312,181.2400054931641,0.0,56465300
2020-04-03,176.89938354492188,0.0,183.3699951171875,0.0,187.07000732421875,181.2899932861328,185.5500030517578,0.0,47487600
2020-04-06,189.5467529296875,0.0,196.47999572753903,0.0,197.6499938964844,189.19000244140625,190.47999572753903,0.0,64763500
2020-04-07,189.46957397460935,0.0,196.3999938964844,0.0,202.66000366210935,196.0,202.3699951171875,0.0,69904500
2020-04-08,193.4924468994141,0.0,200.57000732421875,0.0,201.1699981689453,196.1699981689453,198.1499938964844,0.0,45940400
2020-04-09,193.77220153808597,0.0,200.8600006103516,0.0,203.22000122070312,199.02999877929688,202.3500061035156,0.0,68252600
2020-04-13,195.86566162109372,0.0,203.02999877929688,0.0,203.4199981689453,198.75,200.0,0.0,42853900
2020-04-14,204.3840484619141,0.0,211.8600006103516,0.0,212.5,206.4199981689453,207.22999572753903,0.0,63959600
2020-04-15,202.039794921875,0.0,209.42999267578125,0.0,211.8300018310547,207.1199951171875,208.47999572753903,0.0,47036000
2020-04-16,205.7250213623047,0.0,213.25,0.0,214.3699951171875,209.69000244140625,211.69000244140625,0.0,64657400
2020-04-17,207.6930084228516,0.0,215.2899932861328,0.0,216.50999450683597,212.0800018310547,216.1699981689453,0.0,62863200
2020-04-20,205.23297119140625,0.0,212.7400054931641,0.0,215.8800048828125,212.57000732421875,213.3600006103516,0.0,38249100
2020-04-21,197.66000366210935,0.0,204.88999938964844,0.0,211.16000366210935,203.6300048828125,210.6000061035156,0.0,72932800
2020-04-22,203.5254669189453,0.0,210.97000122070312,0.0,212.3500061035156,208.3300018310547,209.1000061035156,0.0,40089100
2020-04-23,203.09133911132807,0.0,210.5200042724609,0.0,214.44000244140625,210.1000061035156,211.7899932861328,0.0,43278500
2020-04-24,206.2942047119141,0.0,213.83999633789065,0.0,214.3000030517578,209.5,210.97000122070312,0.0,34231900
2020-04-27,207.95347595214844,0.0,215.55999755859372,0.0,216.6300048828125,214.5,216.19000244140625,0.0,36451700
2020-04-28,204.03677368164065,0.0,211.5,0.0,217.32000732421875,211.2100067138672,217.32000732421875,0.0,46862800
2020-04-29,211.2721099853516,0.0,219.0,0.0,219.97000122070312,215.13999938964844,216.19000244140625,0.0,48716400
2020-04-30,211.18527221679688,0.0,218.91000366210935,0.0,220.0399932861328,217.3500061035156,219.9499969482422,0.0,43359500
2020-05-01,205.23297119140625,0.0,212.7400054931641,0.0,216.6699981689453,211.67999267578125,214.5,0.0,48795000
2020-05-04,207.6254730224609,0.0,215.22000122070312,0.0,215.4499969482422,211.1199951171875,211.4600067138672,0.0,32841000
2020-05-05,209.9793701171875,0.0,217.66000366210935,0.0,220.13999938964844,216.8500061035156,217.44000244140625,0.0,37783100
2020-05-06,211.2721099853516,0.0,219.0,0.0,221.0399932861328,218.1100006103516,219.3999938964844,0.0,36455200
2020-05-07,213.9925842285156,0.0,221.82000732421875,0.0,222.72999572753903,220.4199981689453,221.82000732421875,0.0,38624800
2020-05-08,216.92529296875,0.0,224.8600006103516,0.0,225.0,222.47999572753903,223.5500030517578,0.0,31852300
2020-05-11,218.8643951416016,0.0,226.8699951171875,0.0,227.92999267578125,223.25,223.4900054931641,0.0,35714100
2020-05-12,214.2820587158203,0.0,222.1199951171875,0.0,228.1000061035156,222.08999633789065,227.4900054931641,0.0,41054100
2020-05-13,211.60012817382807,0.0,219.33999633789065,0.0,224.6100006103516,216.7100067138672,222.66000366210935,0.0,65521200
2020-05-14,214.0022430419922,0.0,221.8300018310547,0.0,221.8699951171875,215.9900054931641,217.97000122070312,0.0,51549300
2020-05-15,215.3914337158203,0.0,223.2700042724609,0.0,223.3300018310547,218.3300018310547,218.77999877929688,0.0,55747200
2020-05-18,219.40457153320312,0.0,227.42999267578125,0.0,228.67999267578125,225.47000122070312,226.27999877929688,0.0,42398100
2020-05-19,218.8547515869141,0.0,226.8600006103516,0.0,229.8500061035156,226.7100067138672,227.6999969482422,0.0,36237300
2020-05-20,223.2248687744141,0.0,231.38999938964844,0.0,231.75999450683597,229.47999572753903,229.5,0.0,37417000
2020-05-21,220.79380798339844,0.0,228.8699951171875,0.0,232.13999938964844,228.33999633789065,231.44000244140625,0.0,43642900
2020-05-22,221.55593872070312,0.0,229.66000366210935,0.0,229.8699951171875,227.5,228.4499969482422,0.0,28762400
2020-05-26,220.9577789306641,0.0,229.0399932861328,0.0,233.57000732421875,228.7899932861328,233.3600006103516,0.0,33055300
2020-05-27,222.1636962890625,0.0,230.2899932861328,0.0,230.41000366210935,223.94000244140625,228.69000244140625,0.0,55665600
2020-05-28,221.8743133544922,0.0,229.9900054931641,0.0,233.47000122070312,229.0500030517578,229.1100006103516,0.0,42784300
2020-05-29,225.1253967285156,0.0,233.3600006103516,0.0,233.6000061035156,228.75999450683597,230.3800048828125,0.0,50691800
2020-06-01,225.8007049560547,0.0,234.05999755859372,0.0,234.4499969482422,232.0,232.4600067138672,0.0,25776000
2020-06-02,227.31527709960935,0.0,235.6300048828125,0.0,235.69000244140625,232.00999450683597,234.5,0.0,33383400
2020-06-03,228.33782958984372,0.0,236.69000244140625,0.0,237.47000122070312,235.3500061035156,236.25999450683597,0.0,37228700
2020-06-04,226.73651123046875,0.0,235.02999877929688,0.0,237.7899932861328,233.67999267578125,236.3300018310547,0.0,38716100
2020-06-05,231.23199462890625,0.0,239.69000244140625,0.0,240.3000030517578,235.6300048828125,236.22000122070312,0.0,47365600
2020-06-08,233.0263519287109,0.0,241.5500030517578,0.0,241.67999267578125,237.91000366210935,239.5399932861328,0.0,32937300
2020-06-09,234.71463012695312,0.0,243.3000030517578,0.0,244.17999267578125,240.47000122070312,240.66000366210935,0.0,35046300
2020-06-10,237.5315704345703,0.0,246.22000122070312,0.0,247.82000732421875,244.50999450683597,245.0500030517578,0.0,58084400
2020-06-11,225.76210021972656,0.0,234.0200042724609,0.0,243.58999633789065,233.9600067138672,242.16000366210935,0.0,72919400
2020-06-12,227.5564422607422,0.0,235.8800048828125,0.0,240.3999938964844,231.7400054931641,239.08999633789065,0.0,72034800
2020-06-15,230.3251495361328,0.0,238.75,0.0,239.4499969482422,231.47000122070312,232.44000244140625,0.0,45307400
2020-06-16,234.28048706054688,0.0,242.8500061035156,0.0,244.38999938964844,239.1000061035156,243.77999877929688,0.0,48890100
2020-06-17,235.02333068847656,0.0,243.6199951171875,0.0,245.5,242.72999572753903,244.3999938964844,0.0,34749300
2020-06-18,235.6600646972656,0.0,244.27999877929688,0.0,244.52999877929688,242.4900054931641,243.2899932861328,0.0,30578600
2020-06-19,235.6214599609375,0.0,244.2400054931641,0.0,247.0,242.4499969482422,246.72999572753903,0.0,49422100
2020-06-22,238.44720458984372,0.0,246.7400054931641,0.424,246.8699951171875,243.3800048828125,243.67999267578125,0.0,24068700
2020-06-23,240.47659301757807,0.0,248.83999633789065,0.0,251.1499938964844,247.82000732421875,248.38999938964844,0.0,32767400
2020-06-24,235.51898193359372,0.0,243.7100067138672,0.0,249.3300018310547,242.16000366210935,248.05999755859372,0.0,46032400
2020-06-25,237.76104736328125,0.0,246.02999877929688,0.0,246.33999633789065,241.13999938964844,243.8000030517578,0.0,36940800
2020-06-26,232.14633178710935,0.0,240.22000122070312,0.0,245.9600067138672,239.67999267578125,245.77999877929688,0.0,52824600
2020-06-29,234.67825317382807,0.0,242.83999633789065,0.0,242.8500061035156,237.3500061035156,239.97000122070312,0.0,34377800
2020-06-30,239.27828979492188,0.0,247.6000061035156,0.0,248.16000366210935,242.5800018310547,242.7700042724609,0.0,38909200
2020-07-01,242.07115173339844,0.0,250.4900054931641,0.0,251.5200042724609,247.0800018310547,247.63999938964844,0.0,34689200
2020-07-02,243.7140045166016,0.0,252.19000244140625,0.0,254.2700042724609,251.7100067138672,253.0200042724609,0.0,31956500
2020-07-06,249.70562744140625,0.0,258.3900146484375,0.0,258.92999267578125,255.42999267578125,255.4499969482422,0.0,34589000
2020-07-07,247.9853973388672,0.0,256.6099853515625,0.0,260.8800048828125,256.29998779296875,258.1300048828125,0.0,36578200
2020-07-08,251.2518310546875,0.0,259.989990234375,0.0,260.0199890136719,256.5,257.9800109863281,0.0,30426300
2020-07-09,253.36819458007807,0.0,262.17999267578125,0.0,262.8699951171875,257.6300048828125,261.9700012207031,0.0,40312900
2020-07-10,255.09808349609372,0.0,263.9700012207031,0.0,264.2300109863281,259.260009765625,262.0299987792969,0.0,32885300
2020-07-13,249.8505706787109,0.0,258.5400085449219,0.0,269.7900085449219,257.69000244140625,266.9100036621094,0.0,64108100
2020-07-14,251.61911010742188,0.0,260.3699951171875,0.0,260.7900085449219,252.75999450683597,255.92999267578125,0.0,72230500
2020-07-15,252.13128662109372,0.0,260.8999938964844,0.0,262.69000244140625,257.489990234375,261.8299865722656,0.0,54523900
2020-07-16,250.4110412597656,0.0,259.1199951171875,0.0,259.7799987792969,255.6199951171875,258.0199890136719,0.0,47594100
2020-07-17,250.70098876953125,0.0,259.4200134277344,0.0,260.3099975585937,257.1700134277344,259.5899963378906,0.0,35137900
2020-07-20,257.81365966796875,0.0,266.7799987792969,0.0,267.42999267578125,258.7900085449219,260.0799865722656,0.0,40610100
2020-07-21,255.1270294189453,0.0,264.0,0.0,268.4100036621094,263.1300048828125,268.3999938964844,0.0,43243800
2020-07-22,256.0258178710937,0.0,264.92999267578125,0.0,265.8900146484375,262.54998779296875,264.510009765625,0.0,29865500
2020-07-23,249.3384246826172,0.0,258.010009765625,0.0,265.239990234375,256.54998779296875,264.510009765625,0.0,51363500
2020-07-24,246.97076416015625,0.0,255.55999755859372,0.0,256.92999267578125,251.32000732421875,254.0399932861328,0.0,54054500
2020-07-27,251.37747192382807,0.0,260.1199951171875,0.0,260.5199890136719,256.45001220703125,257.260009765625,0.0,36445700
2020-07-28,248.17872619628903,0.0,256.8099975585937,0.0,259.8500061035156,256.510009765625,259.3099975585937,0.0,31302400
2020-07-29,251.0391998291016,0.0,259.7699890136719,0.0,260.6600036621094,257.9100036621094,258.3999938964844,0.0,27556900
2020-07-30,252.35353088378903,0.0,261.1300048828125,0.0,261.7099914550781,256.54998779296875,257.739990234375,0.0,41774500
2020-07-31,256.8569030761719,0.0,265.7900085449219,0.0,265.95001220703125,260.8500061035156,265.9100036621094,0.0,53686300
2020-08-03,260.3262634277344,0.0,269.3800048828125,0.0,270.1499938964844,267.8699951171875,268.0,0.0,32081600
2020-08-04,261.29266357421875,0.0,270.3800048828125,0.0,270.4800109863281,268.0899963378906,268.8599853515625,0.0,24911300
2020-08-05,261.94012451171875,0.0,271.04998779296875,0.0,271.5199890136719,269.9599914550781,270.8800048828125,0.0,21612100
2020-08-06,265.4093933105469,0.0,274.6400146484375,0.0,274.9800109863281,270.19000244140625,270.8500061035156,0.0,28048200
2020-08-07,262.345947265625,0.0,271.4700012207031,0.0,274.8800048828125,269.25,274.0799865722656,0.0,44969400
2020-08-10,261.2250366210937,0.0,270.3099975585937,0.0,271.9800109863281,266.6700134277344,271.7699890136719,0.0,35088400
2020-08-11,256.27716064453125,0.0,265.19000244140625,0.0,270.44000244140625,264.6300048828125,269.1099853515625,0.0,43104300
2020-08-12,262.722900390625,0.0,271.8599853515625,0.0,272.8399963378906,267.3699951171875,267.4200134277344,0.0,38773400
2020-08-13,263.3220520019531,0.0,272.4800109863281,0.0,274.8299865722656,271.510009765625,272.6600036621094,0.0,31895700
2020-08-14,263.0127258300781,0.0,272.1600036621094,0.0,273.3999938964844,270.7200012207031,273.1199951171875,0.0,30799500
2020-08-17,266.06658935546875,0.0,275.32000732421875,0.0,275.8399963378906,272.20001220703125,273.92999267578125,0.0,24803000
2020-08-18,268.6275329589844,0.0,277.9700012207031,0.0,278.4599914550781,274.9100036621094,276.4200134277344,0.0,23529500
2020-08-19,266.8203430175781,0.0,276.1000061035156,0.0,279.0199890136719,275.57000732421875,277.92999267578125,0.0,31999400
2020-08-20,270.5216369628906,0.0,279.92999267578125,0.0,280.42999267578125,274.8599853515625,275.2799987792969,0.0,27723400
2020-08-21,272.396484375,0.0,281.8699951171875,0.0,282.3399963378906,279.4599914550781,280.1300048828125,0.0,34748900
2020-08-24,274.0973815917969,0.0,283.6300048828125,0.0,286.0,281.2699890136719,285.25,0.0,36418500
2020-08-25,276.2523498535156,0.0,285.8599853515625,0.0,286.0599975585937,282.3699951171875,282.8299865722656,0.0,34866600
2020-08-26,282.1473388671875,0.0,291.9599914550781,0.0,292.2200012207031,285.8299865722656,287.1499938964844,0.0,42216700
2020-08-27,281.26788330078125,0.0,291.04998779296875,0.0,293.8500061035156,288.7099914550781,292.9700012207031,0.0,49482700
2020-08-28,282.6982116699219,0.0,292.5299987792969,0.0,293.17999267578125,290.92999267578125,292.3299865722656,0.0,28021000
2020-08-31,284.9691467285156,0.0,294.8800048828125,0.0,296.75,292.6199951171875,293.07000732421875,0.0,36321000
2020-09-01,289.8398132324219,0.0,299.9200134277344,0.0,300.0400085449219,295.7900085449219,297.6199951171875,0.0,36216200
2020-09-02,292.58428955078125,0.0,302.760009765625,0.0,303.5,296.8900146484375,303.2799987792969,0.0,50836800
2020-09-03,277.7502136230469,0.0,287.4100036621094,0.0,298.6199951171875,284.4100036621094,298.1000061035156,0.0,110083300
2020-09-04,274.0489807128906,0.0,283.5799865722656,0.0,288.92999267578125,271.79998779296875,285.5599975585937,0.0,123959000
2020-09-08,260.8770446777344,0.0,269.95001220703125,0.0,278.2200012207031,269.6600036621094,272.2200012207031,0.0,99568600
2020-09-09,268.5406188964844,0.0,277.8800048828125,0.0,280.04998779296875,273.0,275.6400146484375,0.0,64837900
2020-09-10,263.186767578125,0.0,272.3399963378906,0.0,282.20001220703125,270.5599975585937,280.94000244140625,0.0,69667500
2020-09-11,261.3602600097656,0.0,270.45001220703125,0.0,275.2200012207031,266.8999938964844,274.1499938964844,0.0,71809000
2020-09-14,265.91192626953125,0.0,275.1600036621094,0.0,277.2200012207031,272.9599914550781,274.3599853515625,0.0,38525200
2020-09-15,269.6809997558594,0.0,279.0599975585937,0.0,280.45001220703125,275.1300048828125,279.0299987792969,0.0,41849900
2020-09-16,265.3804626464844,0.0,274.6099853515625,0.0,280.3599853515625,274.25,279.8800048828125,0.0,42321000
2020-09-17,261.2346496582031,0.0,270.32000732421875,0.0,274.3999938964844,266.67999267578125,267.54998779296875,0.0,81570800
2020-09-18,257.90057373046875,0.0,266.8699951171875,0.0,272.0899963378906,262.6300048828125,271.7900085449219,0.0,86251100
2020-09-21,258.51910400390625,0.0,267.510009765625,0.0,267.6499938964844,260.1099853515625,262.4700012207031,0.0,57168600
2020-09-22,263.3220520019531,0.0,272.4800109863281,0.0,273.0799865722656,266.5400085449219,269.989990234375,0.0,41128900
2020-09-23,255.2816467285156,0.0,264.1600036621094,0.0,272.3399963378906,263.25,272.1499938964844,0.0,48837300
2020-09-24,256.470458984375,0.0,265.3900146484375,0.0,268.70001220703125,261.2200012207031,261.3900146484375,0.0,70631700
2020-09-25,262.4330139160156,0.0,271.5599975585937,0.0,272.3999938964844,264.29998779296875,265.9100036621094,0.0,55242400
2020-09-28,267.8834228515625,0.0,277.20001220703125,0.0,277.20001220703125,271.6700134277344,276.5799865722656,0.0,58438300
2020-09-29,266.67547607421875,0.0,275.95001220703125,0.0,277.7099914550781,275.3699951171875,276.6199951171875,0.0,27050000
2020-09-30,268.5018310546875,0.0,277.8399963378906,0.0,281.0899963378906,275.8699951171875,276.1499938964844,0.0,49380800
2020-10-01,272.763671875,0.0,282.25,0.0,282.8800048828125,279.8399963378906,281.7900085449219,0.0,50020200
2020-10-02,265.090576171875,0.0,274.3099975585937,0.0,282.239990234375,273.44000244140625,276.0199890136719,0.0,75497400
2020-10-05,270.74395751953125,0.0,280.1600036621094,0.0,280.489990234375,276.2300109863281,276.3399963378906,0.0,28184600
2020-10-06,265.91192626953125,0.0,275.1600036621094,0.0,281.19000244140625,274.25,279.45001220703125,0.0,49704200
2020-10-07,270.5120544433594,0.0,279.9200134277344,0.0,280.739990234375,277.2799987792969,277.8900146484375,0.0,27539700
2020-10-08,271.9519958496094,0.0,281.4100036621094,0.0,282.4700012207031,280.3099975585937,282.3999938964844,0.0,25443300
2020-10-09,276.1074523925781,0.0,285.7099914550781,0.0,285.7900085449219,282.7099914550781,283.1099853515625,0.0,30201100
2020-10-12,284.63092041015625,0.0,294.5299987792969,0.0,297.4599914550781,289.4700012207031,290.54998779296875,0.0,79370700
2020-10-13,284.621337890625,0.0,294.5199890136719,0.0,297.04998779296875,293.1099853515625,296.3900146484375,0.0,64240000
2020-10-14,282.24395751953125,0.0,292.0599975585937,0.0,296.3500061035156,290.260009765625,295.3500061035156,0.0,36949100
2020-10-15,280.34991455078125,0.0,290.1000061035156,0.0,290.7099914550781,286.5400085449219,287.20001220703125,0.0,42514200
2020-10-16,278.8132629394531,0.0,288.510009765625,0.0,293.2699890136719,288.1499938964844,291.79998779296875,0.0,40570700
2020-10-19,274.2616577148437,0.0,283.79998779296875,0.0,291.4800109863281,282.7900085449219,290.489990234375,0.0,36756800
2020-10-20,274.8511047363281,0.0,284.4100036621094,0.0,287.6199951171875,282.95001220703125,284.5599975585937,0.0,32195400
2020-10-21,274.6385498046875,0.0,284.19000244140625,0.0,287.32000732421875,283.69000244140625,284.6700134277344,0.0,29306100
2020-10-22,274.6288452148437,0.0,284.17999267578125,0.0,285.9800109863281,280.82000732421875,285.04998779296875,0.0,32196200
2020-10-23,275.16998291015625,0.0,284.739990234375,0.0,284.9100036621094,281.7799987792969,284.7699890136719,0.0,24658500
2020-10-26,271.04345703125,0.0,280.4700012207031,0.0,285.29998779296875,276.760009765625,282.3800048828125,0.0,38421100
2020-10-27,273.1598815917969,0.0,282.6600036621094,0.0,283.510009765625,280.20001220703125,281.5,0.0,30559100
2020-10-28,262.51031494140625,0.0,271.6400146484375,0.0,278.6400146484375,271.3800048828125,278.010009765625,0.0,53413500
2020-10-29,267.1006774902344,0.0,276.3900146484375,0.0,279.489990234375,272.5199890136719,273.0,0.0,43246300
2020-10-30,260.3262634277344,0.0,269.3800048828125,0.0,275.239990234375,267.07000732421875,274.3399963378906,0.0,65838300
2020-11-02,260.9060974121094,0.0,269.9800109863281,0.0,273.5199890136719,266.9700012207031,271.8500061035156,0.0,39987400
2020-11-03,265.4191589355469,0.0,274.6499938964844,0.0,276.82000732421875,270.8399963378906,271.9599914550781,0.0,43604100
2020-11-04,277.2670288085937,0.0,286.9100036621094,0.0,288.7699890136719,281.8699951171875,283.5899963378906,0.0,75728200
2020-11-05,284.4956970214844,0.0,294.3900146484375,0.0,295.3900146484375,292.0,293.5299987792969,0.0,52054200
2020-11-06,284.708251953125,0.0,294.6099853515625,0.0,295.3599853515625,289.8299865722656,293.7099914550781,0.0,40959800
2020-11-09,278.8905639648437,0.0,288.5899963378906,0.0,299.1400146484375,288.1199951171875,297.6499938964844,0.0,86537100
2020-11-10,273.8945007324219,0.0,283.4200134277344,0.0,286.6600036621094,280.6199951171875,285.1700134277344,0.0,69024900
2020-11-11,280.0213623046875,0.0,289.760009765625,0.0,290.25,283.3800048828125,286.0299987792969,0.0,36102900
2020-11-12,278.7070617675781,0.0,288.3999938964844,0.0,292.07000732421875,287.25,290.760009765625,0.0,34414600
2020-11-13,281.1519470214844,0.0,290.92999267578125,0.0,291.57000732421875,287.8699951171875,290.1700134277344,0.0,24806900
2020-11-16,283.3456726074219,0.0,293.20001220703125,0.0,293.510009765625,289.989990234375,290.6199951171875,0.0,30168400
2020-11-17,282.4469299316406,0.0,292.2699890136719,0.0,293.739990234375,291.6099853515625,293.3999938964844,0.0,21843500
2020-11-18,280.3594970703125,0.0,290.1099853515625,0.0,293.3699951171875,290.0199890136719,291.70001220703125,0.0,28069600
2020-11-19,282.5531921386719,0.0,292.3800048828125,0.0,292.70001220703125,288.8500061035156,289.5400085449219,0.0,22718400
2020-11-20,280.6204833984375,0.0,290.3800048828125,0.0,293.07000732421875,290.2900085449219,292.29998779296875,0.0,25907300
2020-11-23,280.63006591796875,0.0,290.3900146484375,0.0,292.75,288.07000732421875,291.4100036621094,0.0,26875600
2020-11-24,284.572998046875,0.0,294.4700012207031,0.0,294.9800109863281,289.6300048828125,291.489990234375,0.0,24516800
2020-11-25,286.3221740722656,0.0,296.2799987792969,0.0,296.94000244140625,294.5899963378906,295.57000732421875,0.0,23326800
2020-11-27,288.9603881835937,0.0,299.010009765625,0.0,300.1700134277344,297.8999938964844,298.3099975585937,0.0,17163100
2020-11-30,289.5498352050781,0.0,299.6199951171875,0.0,299.9700012207031,294.7799987792969,299.3399963378906,0.0,27836200
2020-12-01,293.26080322265625,0.0,303.4599914550781,0.0,305.1400146484375,300.8299865722656,301.9700012207031,0.0,27521300
2020-12-02,293.6377258300781,0.0,303.8500061035156,0.0,304.20001220703125,300.3500061035156,302.25,0.0,23620000
2020-12-03,294.0532531738281,0.0,304.2799987792969,0.0,305.8800048828125,303.5299987792969,304.1700134277344,0.0,22828700
2020-12-04,295.25152587890625,0.0,305.5199890136719,0.0,305.6700134277344,303.6300048828125,304.3299865722656,0.0,19332100
2020-12-07,296.9234924316406,0.0,307.25,0.0,307.6300048828125,305.5199890136719,305.7099914550781,0.0,20851000
2020-12-08,297.9284973144531,0.0,308.2900085449219,0.0,308.6000061035156,304.95001220703125,306.760009765625,0.0,18341500
2020-12-09,291.18310546875,0.0,301.3099975585937,0.0,308.3599853515625,300.2099914550781,308.07000732421875,0.0,48839300
2020-12-10,292.3523864746094,0.0,302.5199890136719,0.0,303.67999267578125,298.0899963378906,299.2099914550781,0.0,27519500
2020-12-11,291.7049255371094,0.0,301.8500061035156,0.0,301.9800109863281,298.4700012207031,300.8099975585937,0.0,26760400
2020-12-14,293.8213195800781,0.0,304.0400085449219,0.0,306.04998779296875,303.010009765625,303.0799865722656,0.0,28804800
2020-12-15,296.96209716796875,0.0,307.2900085449219,0.0,307.2900085449219,304.1099853515625,306.3699951171875,0.0,25709000
2020-12-16,298.5953369140625,0.0,308.9800109863281,0.0,309.7900085449219,306.6199951171875,307.70001220703125,0.0,25461900
2020-12-17,300.5473937988281,0.0,311.0,0.0,311.239990234375,309.3900146484375,310.6300048828125,0.0,23730500
2020-12-18,299.6390686035156,0.0,310.0599975585937,0.0,311.9800109863281,307.6099853515625,311.6600036621094,0.0,41173400
2020-12-21,299.07843017578125,0.0,308.9200134277344,0.561,309.4700012207031,303.6000061035156,306.4599914550781,0.0,37095500
2020-12-22,299.8916931152344,0.0,309.760009765625,0.0,310.7099914550781,306.8500061035156,309.8500061035156,0.0,26176300
2020-12-23,298.3814697265625,0.0,308.20001220703125,0.0,310.17999267578125,308.0400085449219,309.8099975585937,0.0,21201300
2020-12-24,299.6980285644531,0.0,309.5599975585937,0.0,310.0199890136719,308.3900146484375,308.4700012207031,0.0,16785000
2020-12-28,302.7186584472656,0.0,312.67999267578125,0.0,313.1700134277344,310.3599853515625,312.25,0.0,22497700
2020-12-29,302.9897155761719,0.0,312.9599914550781,0.0,314.69000244140625,312.0299987792969,314.04998779296875,0.0,25871900
2020-12-30,302.9994506835937,0.0,312.9700012207031,0.0,314.489990234375,312.3299865722656,314.1600036621094,0.0,18138100
2020-12-31,303.7449035644531,0.0,313.739990234375,0.0,314.239990234375,311.760009765625,312.8699951171875,0.0,21611400
2021-01-04,299.4560241699219,0.0,309.3099975585937,0.0,315.2900085449219,305.17999267578125,315.1099853515625,0.0,45305900
2021-01-05,301.92486572265625,0.0,311.8599853515625,0.0,312.1400146484375,308.2900085449219,308.2900085449219,0.0,29323400
2021-01-06,297.742431640625,0.0,307.5400085449219,0.0,311.8800048828125,305.9800109863281,307.0,0.0,52809600
2021-01-07,304.9453430175781,0.0,314.9800109863281,0.0,315.8399963378906,310.25,310.2799987792969,0.0,30394800
2021-01-08,308.8663330078125,0.0,319.0299987792969,0.0,319.3900146484375,315.0799865722656,317.3399963378906,0.0,33955800
2021-01-11,304.4032897949219,0.0,314.4200134277344,0.0,317.19000244140625,313.75,315.9800109863281,0.0,32746400
2021-01-12,303.9190673828125,0.0,313.9200134277344,0.0,315.5799865722656,311.20001220703125,314.4599914550781,0.0,29266800
2021-01-13,305.9715576171875,0.0,316.0400085449219,0.0,316.8599853515625,313.57000732421875,314.19000244140625,0.0,22898400
2021-01-14,304.3354187011719,0.0,314.3500061035156,0.0,317.5299987792969,313.8599853515625,316.5,0.0,23500100
2021-01-15,301.92486572265625,0.0,311.8599853515625,0.0,315.1199951171875,310.5799865722656,314.1300048828125,0.0,35118700
2021-01-19,306.329833984375,0.0,316.4100036621094,0.0,316.92999267578125,313.1199951171875,314.25,0.0,24537000
2021-01-20,313.45538330078125,0.0,323.7699890136719,0.0,324.739990234375,316.510009765625,320.1400146484375,0.0,30728100
2021-01-21,315.962890625,0.0,326.3599853515625,0.0,327.1300048828125,323.7300109863281,325.1499938964844,0.0,25130600
2021-01-22,315.0527648925781,0.0,325.4200134277344,0.0,326.4599914550781,324.7099914550781,325.2900085449219,0.0,21609400
2021-01-25,317.6571350097656,0.0,328.1099853515625,0.0,330.32000732421875,321.4100036621094,328.9100036621094,0.0,39080600
2021-01-26,318.121826171875,0.0,328.5899963378906,0.0,329.760009765625,327.2200012207031,328.8500061035156,0.0,25498100
2021-01-27,309.2536926269531,0.0,319.42999267578125,0.0,326.2699890136719,317.3599853515625,326.260009765625,0.0,55264000
2021-01-28,311.0834045410156,0.0,321.32000732421875,0.0,326.4200134277344,320.0299987792969,320.6700134277344,0.0,42836300
2021-01-29,304.5387878417969,0.0,314.5599975585937,0.0,320.7200012207031,312.760009765625,319.5799865722656,0.0,55259000
2021-02-01,312.1484069824219,0.0,322.4200134277344,0.0,323.5400085449219,316.0199890136719,318.1099853515625,0.0,35646000
2021-02-02,317.24078369140625,0.0,327.67999267578125,0.0,328.8699951171875,325.3099975585937,325.4800109863281,0.0,33930800
2021-02-03,315.98223876953125,0.0,326.3800048828125,0.0,330.20001220703125,326.32000732421875,329.82000732421875,0.0,24824500
2021-02-04,319.71923828125,0.0,330.239990234375,0.0,330.3299865722656,326.4599914550781,327.82000732421875,0.0,22350900
2021-02-05,320.8035583496094,0.0,331.3599853515625,0.0,332.3999938964844,329.5299987792969,331.2200012207031,0.0,22732000
2021-02-08,322.9527587890625,0.0,333.5799865722656,0.0,333.739990234375,331.4100036621094,333.1000061035156,0.0,20462800
2021-02-09,322.8850402832031,0.0,333.510009765625,0.0,334.8099975585937,332.6099853515625,332.6199951171875,0.0,17597500
2021-02-10,322.14923095703125,0.0,332.75,0.0,335.4599914550781,329.5,334.989990234375,0.0,28068700
2021-02-11,323.9209289550781,0.0,334.5799865722656,0.0,335.0,332.1199951171875,334.3299865722656,0.0,22046100
2021-02-12,325.7314147949219,0.0,336.45001220703125,0.0,336.6199951171875,332.6300048828125,333.7099914550781,0.0,20346800
2021-02-16,324.8503112792969,0.0,335.5400085449219,0.0,338.19000244140625,334.3399963378906,337.2699890136719,0.0,27080800
2021-02-17,323.2916564941406,0.0,333.92999267578125,0.0,335.6600036621094,330.1700134277344,332.4700012207031,0.0,31360300
2021-02-18,321.8781433105469,0.0,332.4700012207031,0.0,333.8699951171875,328.3599853515625,330.2300109863281,0.0,32236200
2021-02-19,320.4744567871094,0.0,331.0199890136719,0.0,333.989990234375,329.9700012207031,333.8599853515625,0.0,39157700
2021-02-22,312.1677551269531,0.0,322.44000244140625,0.0,327.79998779296875,322.2300109863281,326.5,0.0,47256900
2021-02-23,311.2383117675781,0.0,321.4800109863281,0.0,323.20001220703125,311.0,317.0,0.0,97241900
2021-02-24,313.80389404296875,0.0,324.1300048828125,0.0,324.45001220703125,315.9599914550781,318.739990234375,0.0,58206300
2021-02-25,302.8638916015625,0.0,312.8299865722656,0.0,324.0299987792969,311.239990234375,321.3900146484375,0.0,110182600
2021-02-26,304.1322021484375,0.0,314.1400146484375,0.0,319.1099853515625,310.8800048828125,315.8500061035156,0.0,104739800
2021-03-01,313.2811584472656,0.0,323.5899963378906,0.0,323.94000244140625,317.94000244140625,319.2699890136719,0.0,49164500
2021-03-02,308.2563781738281,0.0,318.3999938964844,0.0,324.3299865722656,318.1400146484375,324.25,0.0,48370000
2021-03-03,299.31072998046875,0.0,309.1600036621094,0.0,318.239990234375,309.1000061035156,317.2699890136719,0.0,86301100
2021-03-04,294.4119873046875,0.0,304.1000061035156,0.0,312.0400085449219,300.1099853515625,308.7799987792969,0.0,139131600
2021-03-05,298.8461303710937,0.0,308.67999267578125,0.0,309.6099853515625,297.45001220703125,306.79998779296875,0.0,121523700
2021-03-08,290.384521484375,0.0,299.94000244140625,0.0,310.0599975585937,299.510009765625,308.1199951171875,0.0,88409800
2021-03-09,301.8376770019531,0.0,311.7699890136719,0.0,313.7300109863281,306.9200134277344,307.4700012207031,0.0,80391100
2021-03-10,300.9760437011719,0.0,310.8800048828125,0.0,316.4700012207031,310.1700134277344,316.1600036621094,0.0,76798100
2021-03-11,307.9079284667969,0.0,318.0400085449219,0.0,319.8599853515625,314.8500061035156,315.7699890136719,0.0,53484800
2021-03-12,305.4100952148437,0.0,315.4599914550781,0.0,318.2300109863281,311.3900146484375,313.8599853515625,0.0,69315600
2021-03-15,308.6726989746094,0.0,318.8299865722656,0.0,319.0,314.1000061035156,315.7900085449219,0.0,42955700
2021-03-16,310.3669738769531,0.0,320.5799865722656,0.0,324.20001220703125,319.1000061035156,321.0899963378906,0.0,54925900
2021-03-17,311.6448669433594,0.0,321.8999938964844,0.0,323.8500061035156,315.67999267578125,317.45001220703125,0.0,78258700
2021-03-18,302.0989990234375,0.0,312.0400085449219,0.0,317.8800048828125,311.57000732421875,316.8699951171875,0.0,82718100
2021-03-19,303.1639709472656,0.0,313.1400146484375,0.0,314.7300109863281,309.6600036621094,311.8699951171875,0.0,78446200
2021-03-22,308.8493347167969,0.0,318.6099853515625,0.395,320.739990234375,315.2099914550781,315.2099914550781,0.0,56194800
2021-03-23,307.5019226074219,0.0,317.2200012207031,0.0,321.0899963378906,316.3800048828125,319.7300109863281,0.0,53455400
2021-03-24,302.3158264160156,0.0,311.8699951171875,0.0,318.6700134277344,311.7200012207031,318.6300048828125,0.0,64803700
2021-03-25,301.7923278808594,0.0,311.3299865722656,0.0,312.8900146484375,307.3900146484375,309.9700012207031,0.0,78729000
2021-03-26,306.3193054199219,0.0,316.0,0.0,316.3299865722656,309.6700134277344,311.1099853515625,0.0,63519600
2021-03-29,306.2320861816406,0.0,315.9100036621094,0.0,316.989990234375,312.4700012207031,315.45001220703125,0.0,54608000
2021-03-30,304.6907653808594,0.0,314.32000732421875,0.0,314.9100036621094,311.5400085449219,313.8900146484375,0.0,44635700
2021-03-31,309.3534545898437,0.0,319.1300048828125,0.0,320.739990234375,315.8099975585937,316.1600036621094,0.0,55032500
2021-04-01,314.62677001953125,0.0,324.57000732421875,0.0,324.7099914550781,322.8099975585937,323.07000732421875,0.0,55685600
2021-04-05,320.9082336425781,0.0,331.04998779296875,0.0,331.8399963378906,326.8800048828125,327.1300048828125,0.0,42172500
2021-04-06,320.685302734375,0.0,330.82000732421875,0.0,332.8299865722656,330.0199890136719,330.7300109863281,0.0,33537200
2021-04-07,321.46075439453125,0.0,331.6199951171875,0.0,332.4800109863281,329.3699951171875,330.3299865722656,0.0,32046400
2021-04-08,324.8147888183594,0.0,335.0799865722656,0.0,335.2699890136719,333.739990234375,334.5599975585937,0.0,29940800
2021-04-09,326.7826538085937,0.0,337.1099853515625,0.0,337.32000732421875,332.9200134277344,333.67999267578125,0.0,36664900
2021-04-12,326.3560485839844,0.0,336.6700134277344,0.0,337.1000061035156,334.7300109863281,336.0400085449219,0.0,25833000
2021-04-13,330.1656799316406,0.0,340.6000061035156,0.0,341.0799865722656,338.0199890136719,338.239990234375,0.0,30374000
2021-04-14,326.2009582519531,0.0,336.510009765625,0.0,340.9800109863281,335.6700134277344,340.8500061035156,0.0,42564300
2021-04-15,331.144775390625,0.0,341.6099853515625,0.0,342.010009765625,336.2200012207031,339.4700012207031,0.0,36342800
2021-04-16,331.532470703125,0.0,342.010009765625,0.0,342.2300109863281,340.0799865722656,342.1499938964844,0.0,40860100
2021-04-19,328.4983215332031,0.0,338.8800048828125,0.0,341.5799865722656,336.8999938964844,340.3900146484375,0.0,34533100
2021-04-20,326.1040954589844,0.0,336.4100036621094,0.0,339.5199890136719,334.3800048828125,338.20001220703125,0.0,38081800
2021-04-21,328.8958435058594,0.0,339.2900085449219,0.0,339.4800109863281,333.9700012207031,335.0899963378906,0.0,36598100
2021-04-22,324.9311218261719,0.0,335.20001220703125,0.0,339.8999938964844,334.010009765625,338.8900146484375,0.0,45936100
2021-04-23,329.0218811035156,0.0,339.4200134277344,0.0,340.7699890136719,335.8500061035156,335.8500061035156,0.0,36381900
2021-04-26,331.1641540527344,0.0,341.6300048828125,0.0,341.9200134277344,338.8999938964844,339.6700134277344,0.0,30812000
2021-04-27,329.7294616699219,0.0,340.1499938964844,0.0,342.1499938964844,339.1700134277344,341.92999267578125,0.0,33187200
2021-04-28,328.6146545410156,0.0,339.0,0.0,340.8500061035156,338.3299865722656,339.8099975585937,0.0,33615700
2021-04-29,329.79736328125,0.0,340.2200012207031,0.0,342.79998779296875,336.8999938964844,342.3699951171875,0.0,37708900
2021-04-30,327.6355895996094,0.0,337.989990234375,0.0,340.260009765625,337.04998779296875,337.70001220703125,0.0,38263400
2021-05-03,325.8907775878906,0.0,336.19000244140625,0.0,340.0,335.7300109863281,339.2300109863281,0.0,29729700
2021-05-04,320.0261535644531,0.0,330.1400146484375,0.0,333.8900146484375,326.2099914550781,333.5599975585937,0.0,65147000
2021-05-05,318.9501037597656,0.0,329.0299987792969,0.0,333.1400146484375,328.2300109863281,332.25,0.0,46219300
2021-05-06,321.3541259765625,0.0,331.510009765625,0.0,331.6700134277344,326.45001220703125,328.760009765625,0.0,46814300
2021-05-07,323.9617614746094,0.0,334.20001220703125,0.0,336.6499938964844,331.69000244140625,334.3699951171875,0.0,53324500
2021-05-10,315.7802734375,0.0,325.760009765625,0.0,332.9599914550781,325.54998779296875,332.7799987792969,0.0,60700500
2021-05-11,315.34405517578125,0.0,325.3099975585937,0.0,326.1300048828125,319.0199890136719,319.70001220703125,0.0,71963600
2021-05-12,307.1820373535156,0.0,316.8900146484375,0.0,322.6199951171875,316.0,320.2300109863281,0.0,91164900
2021-05-13,309.5570068359375,0.0,319.3399963378906,0.0,322.3999938964844,316.8999938964844,319.9200134277344,0.0,69877800
2021-05-14,316.3910522460937,0.0,326.3900146484375,0.0,327.3299865722656,322.0799865722656,322.6000061035156,0.0,44370000
2021-05-17,314.4716796875,0.0,324.4100036621094,0.0,326.3699951171875,321.45001220703125,324.6300048828125,0.0,39395000
2021-05-18,312.3487548828125,0.0,322.2200012207031,0.0,326.6499938964844,321.94000244140625,325.3900146484375,0.0,36528500
2021-05-19,312.7074584960937,0.0,322.5899963378906,0.0,322.8999938964844,316.29998779296875,316.6600036621094,0.0,66319100
2021-05-20,318.7562255859375,0.0,328.8299865722656,0.0,329.7099914550781,323.8900146484375,324.1199951171875,0.0,46466100
2021-05-21,316.9920349121094,0.0,327.010009765625,0.0,330.8599853515625,326.6400146484375,330.42999267578125,0.0,50330400
2021-05-24,322.3235168457031,0.0,332.510009765625,0.0,333.6700134277344,326.8999938964844,329.3699951171875,0.0,32475800
2021-05-25,322.7694091796875,0.0,332.9700012207031,0.0,334.8099975585937,331.760009765625,334.07000732421875,0.0,31280300
2021-05-26,323.89385986328125,0.0,334.1300048828125,0.0,334.6099853515625,332.95001220703125,333.6600036621094,0.0,25444900
2021-05-27,322.68212890625,0.0,332.8800048828125,0.0,334.5400085449219,332.6700134277344,333.6700134277344,0.0,27931700
2021-05-28,323.70001220703125,0.0,333.92999267578125,0.0,335.57000732421875,333.6000061035156,334.1199951171875,0.0,29927400
2021-06-01,322.6240234375,0.0,332.82000732421875,0.0,335.7900085449219,331.42999267578125,335.29998779296875,0.0,31145400
2021-06-02,323.2540588378906,0.0,333.4700012207031,0.0,334.3399963378906,331.70001220703125,333.25,0.0,22047900
2021-06-03,319.8904113769531,0.0,330.0,0.0,331.8599853515625,328.2799987792969,330.54998779296875,0.0,37057800
2021-06-04,325.3188781738281,0.0,335.6000061035156,0.0,336.0599975585937,331.7799987792969,331.8500061035156,0.0,38736500
2021-06-07,326.2882385253906,0.0,336.6000061035156,0.0,336.6600036621094,334.3399963378906,335.04998779296875,0.0,32611900
2021-06-08,326.4433288574219,0.0,336.760009765625,0.0,339.2900085449219,335.0299987792969,338.3999938964844,0.0,27282800
2021-06-09,326.5209045410156,0.0,336.8399963378906,0.0,338.9700012207031,336.6499938964844,338.1700134277344,0.0,21485300
2021-06-10,329.9233093261719,0.0,340.3500061035156,0.0,340.4599914550781,336.7300109863281,337.19000244140625,0.0,33702100
2021-06-11,330.7860412597656,0.0,341.239990234375,0.0,341.25,339.69000244140625,340.3599853515625,0.0,21222800
2021-06-14,333.9559326171875,0.0,344.510009765625,0.0,344.5199890136719,340.4599914550781,341.67999267578125,0.0,27827700
2021-06-15,331.7748413085937,0.0,342.260009765625,0.0,344.4700012207031,341.5199890136719,344.1499938964844,0.0,35963800
2021-06-16,330.5631408691406,0.0,341.010009765625,0.0,343.8399963378906,337.45001220703125,342.739990234375,0.0,55399500
2021-06-17,334.76043701171875,0.0,345.3399963378906,0.0,346.3800048828125,339.9200134277344,339.9700012207031,0.0,59722700
2021-06-18,332.1335144042969,0.0,342.6300048828125,0.0,344.8099975585937,341.8599853515625,343.6300048828125,0.0,55414900
2021-06-21,334.1976318359375,0.0,344.3599853515625,0.397,344.69000244140625,340.1499938964844,342.42999267578125,0.0,32992600
2021-06-22,337.3130187988281,0.0,347.57000732421875,0.0,348.0299987792969,343.8399963378906,344.1499938964844,0.0,28941600
2021-06-23,337.4779357910156,0.0,347.739990234375,0.0,348.9200134277344,346.8800048828125,347.510009765625,0.0,27188500
2021-06-24,339.5644836425781,0.0,349.8900146484375,0.0,351.4599914550781,349.1700134277344,349.7300109863281,0.0,32581600
2021-06-25,339.14715576171875,0.0,349.4599914550781,0.0,350.7200012207031,348.8399963378906,350.4700012207031,0.0,28682800
2021-06-28,343.2717590332031,0.0,353.7099914550781,0.0,353.8500061035156,350.7200012207031,350.7799987792969,0.0,39130300
2021-06-29,344.5140380859375,0.0,354.989990234375,0.0,355.0199890136719,352.6700134277344,353.5299987792969,0.0,29426000
2021-06-30,343.9705810546875,0.0,354.42999267578125,0.0,355.2300109863281,353.8299865722656,354.8299865722656,0.0,32724000
2021-07-01,344.1063537597656,0.0,354.57000732421875,0.0,355.0899963378906,352.67999267578125,354.07000732421875,0.0,29290000
2021-07-02,348.05633544921875,0.0,358.6400146484375,0.0,358.9700012207031,356.2799987792969,356.5199890136719,0.0,32727200
2021-07-06,349.56060791015625,0.0,360.19000244140625,0.0,360.4800109863281,356.489990234375,359.260009765625,0.0,38842400
2021-07-07,350.2981262207031,0.0,360.9500122070313,0.0,362.760009765625,358.94000244140625,362.4500122070313,0.0,35265200
2021-07-08,348.1824645996094,0.0,358.7699890136719,0.0,359.6499938964844,354.4200134277344,355.739990234375,0.0,50890000
2021-07-09,350.3563232421875,0.0,361.010009765625,0.0,361.5,357.57000732421875,358.1700134277344,0.0,35184500
2021-07-12,351.72479248046875,0.0,362.4200134277344,0.0,362.8900146484375,360.8299865722656,362.4500122070313,0.0,25717700
2021-07-13,351.72479248046875,0.0,362.4200134277344,0.0,365.4700012207031,361.5400085449219,362.0299987792969,0.0,39723000
2021-07-14,352.3555603027344,0.0,363.0700073242188,0.0,365.489990234375,362.2200012207031,364.8299865722656,0.0,35336400
2021-07-15,349.8808288574219,0.0,360.5199890136719,0.0,363.1900024414063,358.4599914550781,362.9800109863281,0.0,53391600
2021-07-16,347.0469665527344,0.0,357.6000061035156,0.0,362.4100036621094,357.239990234375,361.3999938964844,0.0,47262000
2021-07-19,344.2034606933594,0.0,354.6700134277344,0.0,355.17999267578125,352.0400085449219,354.04998779296875,0.0,64404600
2021-07-20,348.2018737792969,0.0,358.7900085449219,0.0,360.2799987792969,353.79998779296875,355.6300048828125,0.0,42183700
2021-07-21,350.8901062011719,0.0,361.55999755859375,0.0,361.55999755859375,358.1199951171875,358.3500061035156,0.0,30259900
2021-07-22,353.2096862792969,0.0,363.9500122070313,0.0,363.9599914550781,361.7699890136719,361.7699890136719,0.0,30252200
2021-07-23,357.33416748046875,0.0,368.2000122070313,0.0,368.489990234375,363.9200134277344,365.30999755859375,0.0,31960800
2021-07-26,357.6156005859375,0.0,368.489990234375,0.0,368.8900146484375,366.6000061035156,367.489990234375,0.0,28438100
2021-07-27,353.6754150390625,0.0,364.4299926757813,0.0,368.2200012207031,360.1600036621094,368.2200012207031,0.0,57933100
2021-07-28,355.0340576171875,0.0,365.8299865722656,0.0,367.4500122070313,363.239990234375,365.6000061035156,0.0,42066200
2021-07-29,355.66485595703125,0.0,366.4800109863281,0.0,367.6799926757813,365.25,365.25,0.0,25672500
2021-07-30,353.8112487792969,0.0,364.5700073242188,0.0,365.1700134277344,362.4100036621094,362.4400024414063,0.0,36484600
2021-08-02,353.8404235839844,0.0,364.6000061035156,0.0,366.8800048828125,363.8699951171875,366.2799987792969,0.0,27334100
2021-08-03,355.9851989746094,0.0,366.80999755859375,0.0,366.9299926757813,362.0,365.2799987792969,0.0,35558500
2021-08-04,356.4995422363281,0.0,367.3399963378906,0.0,368.3200073242188,365.6300048828125,366.7699890136719,0.0,29602200
2021-08-05,358.7607727050781,0.0,369.6700134277344,0.0,369.9100036621094,367.4500122070313,368.1799926757813,0.0,21443900
2021-08-06,357.1885681152344,0.0,368.0499877929688,0.0,369.3699951171875,366.9100036621094,368.3699951171875,0.0,33332100
2021-08-09,357.8486022949219,0.0,368.7300109863281,0.0,369.2699890136719,367.3900146484375,368.5199890136719,0.0,25960200
2021-08-10,356.0143127441406,0.0,366.8399963378906,0.0,369.55999755859375,365.6199951171875,369.260009765625,0.0,35130800
2021-08-11,355.40289306640625,0.0,366.2099914550781,0.0,368.6499938964844,364.8399963378906,368.1400146484375,0.0,34249800
2021-08-12,356.6839599609375,0.0,367.5299987792969,0.0,367.8999938964844,364.2999877929688,365.6900024414063,0.0,25969200
2021-08-13,357.9358825683594,0.0,368.8200073242188,0.0,369.1600036621094,367.3800048828125,367.8900146484375,0.0,19336200
2021-08-16,358.0911560058594,0.0,368.9800109863281,0.0,369.0199890136719,363.7000122070313,367.6700134277344,0.0,34856900
2021-08-17,354.9371337890625,0.0,365.7300109863281,0.0,367.1499938964844,363.2300109863281,366.1499938964844,0.0,44793900
2021-08-18,351.5209045410156,0.0,362.2099914550781,0.0,366.6199951171875,361.8699951171875,365.1799926757813,0.0,38541900
2021-08-19,353.2192077636719,0.0,363.9599914550781,0.0,365.6799926757813,359.9599914550781,360.2200012207031,0.0,48499400
2021-08-20,356.8780517578125,0.0,367.7300109863281,0.0,368.1400146484375,364.739990234375,365.05999755859375,0.0,39486000
2021-08-23,362.2158203125,0.0,373.2300109863281,0.0,373.9400024414063,368.7900085449219,368.7999877929688,0.0,34034700
2021-08-24,363.3220825195313,0.0,374.3699951171875,0.0,374.989990234375,373.3599853515625,373.8399963378906,0.0,21732900
2021-08-25,363.7394104003906,0.0,374.7999877929688,0.0,375.3900146484375,373.8599853515625,374.6300048828125,0.0,20441900
2021-08-26,361.42962646484375,0.0,372.4200134277344,0.0,374.6199951171875,371.9700012207031,373.9200134277344,0.0,29133300
2021-08-27,364.94287109375,0.0,376.0400085449219,0.0,376.55999755859375,372.5700073242188,373.0700073242188,0.0,27104700
2021-08-30,369.038330078125,0.0,380.260009765625,0.0,380.760009765625,376.8299865722656,376.8500061035156,0.0,27295700
2021-08-31,368.7374572753906,0.0,379.9500122070313,0.0,380.5799865722656,378.3599853515625,380.510009765625,0.0,29628200
2021-09-01,369.3487854003906,0.0,380.5799865722656,0.0,382.7099914550781,380.3699951171875,381.0400085449219,0.0,28138300
2021-09-02,369.1741027832031,0.0,380.3999938964844,0.0,382.30999755859375,379.1499938964844,381.9700012207031,0.0,25453400
2021-09-03,370.3095703125,0.0,381.5700073242188,0.0,381.9800109863281,379.2000122070313,379.2200012207031,0.0,24605400
2021-09-07,370.8337097167969,0.0,382.1099853515625,0.0,382.7799987792969,380.489990234375,381.6799926757813,0.0,23970200
2021-09-08,369.5428771972656,0.0,380.7799987792969,0.0,381.9299926757813,378.4500122070313,381.9299926757813,0.0,32949200
2021-09-09,368.27154541015625,0.0,379.4700012207031,0.0,382.1499938964844,379.2200012207031,381.010009765625,0.0,29399000
2021-09-10,365.4765319824219,0.0,376.5899963378906,0.0,381.9700012207031,376.25,381.2300109863281,0.0,40249400
2021-09-13,365.2242431640625,0.0,376.3299865722656,0.0,379.4299926757813,374.2200012207031,378.989990234375,0.0,48741800
2021-09-14,364.1858215332031,0.0,375.260009765625,0.0,378.6099853515625,374.2799987792969,377.8599853515625,0.0,41826600
2021-09-15,366.8934020996094,0.0,378.0499877929688,0.0,378.4100036621094,373.3699951171875,375.7300109863281,0.0,34097900
2021-09-16,367.1458740234375,0.0,378.30999755859375,0.0,378.8999938964844,374.7000122070313,376.6799926757813,0.0,35193100
2021-09-17,362.7978820800781,0.0,373.8299865722656,0.0,377.8699951171875,372.760009765625,377.8200073242188,0.0,60912300
2021-09-20,355.30145263671875,0.0,365.7000122070313,0.414,369.25,360.9299926757813,367.4599914550781,0.0,76203200
2021-09-21,355.7386779785156,0.0,366.1499938964844,0.0,368.80999755859375,364.989990234375,367.5799865722656,0.0,41927500
2021-09-22,359.0614318847656,0.0,369.5700073242188,0.0,371.0700073242188,365.9599914550781,367.0899963378906,0.0,46972900
2021-09-23,362.37445068359375,0.0,372.9800109863281,0.0,374.0400085449219,370.1000061035156,370.760009765625,0.0,44652000
2021-09-24,362.7144775390625,0.0,373.3299865722656,0.0,373.760009765625,370.2699890136719,370.6499938964844,0.0,36056800
2021-09-27,359.8192138671875,0.0,370.3500061035156,0.0,371.25,367.7300109863281,370.2000122070313,0.0,43338100
2021-09-28,349.63720703125,0.0,359.8699951171875,0.0,370.2999877929688,359.3500061035156,365.6700134277344,0.0,97701600
2021-09-29,349.06396484375,0.0,359.2799987792969,0.0,363.3699951171875,358.6400146484375,361.1700134277344,0.0,58076600
2021-09-30,347.7814636230469,0.0,357.9599914550781,0.0,362.6799926757813,357.1000061035156,360.9700012207031,0.0,61384600
2021-10-01,349.93829345703125,0.0,360.17999267578125,0.0,361.25,354.3800048828125,358.6000061035156,0.0,56375500
2021-10-04,342.59332275390625,0.0,352.6199951171875,0.0,358.8599853515625,350.32000732421875,358.5199890136719,0.0,76766000
2021-10-05,347.21795654296875,0.0,357.3800048828125,0.0,359.69000244140625,353.4800109863281,353.7099914550781,0.0,47232900
2021-10-06,349.4428405761719,0.0,359.6700134277344,0.0,359.95001220703125,353.1499938964844,354.0799865722656,0.0,56806500
2021-10-07,352.6490783691406,0.0,362.9700012207031,0.0,365.6900024414063,362.25,362.7999877929688,0.0,39411200
2021-10-08,350.8904724121094,0.0,361.1600036621094,0.0,364.3200073242188,360.6099853515625,364.0799865722656,0.0,41822300
2021-10-11,348.1992492675781,0.0,358.3900146484375,0.0,363.2000122070313,358.29998779296875,359.5799865722656,0.0,34847200
2021-10-12,346.98486328125,0.0,357.1400146484375,0.0,360.3299865722656,356.4800109863281,359.8800048828125,0.0,43905100
2021-10-13,349.7635498046875,0.0,360.0,0.0,360.6900024414063,357.42999267578125,359.510009765625,0.0,40120800
2021-10-14,356.2050170898437,0.0,366.6300048828125,0.0,366.8500061035156,363.010009765625,363.6900024414063,0.0,43433900
2021-10-15,358.4493103027344,0.0,368.9400024414063,0.0,369.05999755859375,366.8200073242188,367.8800048828125,0.0,40419900
2021-10-18,362.0538024902344,0.0,372.6499938964844,0.0,372.8699951171875,366.989990234375,367.6099853515625,0.0,34513500
2021-10-19,364.7935791015625,0.0,375.4700012207031,0.0,375.5199890136719,372.7000122070313,373.75,0.0,29091000
2021-10-20,364.3175964355469,0.0,374.9800109863281,0.0,376.5700073242188,373.4599914550781,375.9400024414063,0.0,31390300
2021-10-21,366.5424499511719,0.0,377.2699890136719,0.0,377.4700012207031,373.8500061035156,374.1600036621094,0.0,25469300
2021-10-22,363.4625549316406,0.0,374.1000061035156,0.0,376.9700012207031,372.3900146484375,375.9800109863281,0.0,36275800
2021-10-25,367.1836853027344,0.0,377.9299926757813,0.0,378.8699951171875,373.55999755859375,375.55999755859375,0.0,32597800
2021-10-26,368.33978271484375,0.0,379.1199951171875,0.0,382.7099914550781,377.9100036621094,380.2300109863281,0.0,47191300
2021-10-27,369.19476318359375,0.0,380.0,0.0,383.1499938964844,379.30999755859375,379.5799865722656,0.0,45760500
2021-10-28,373.2948303222656,0.0,384.2200012207031,0.0,384.4800109863281,381.1600036621094,381.9500122070313,0.0,38007000
2021-10-29,375.1310119628906,0.0,386.1099853515625,0.0,386.2799987792969,380.7000122070313,381.05999755859375,0.0,37310100
2021-11-01,376.41351318359375,0.0,387.4299926757813,0.0,387.55999755859375,384.4200134277344,386.55999755859375,0.0,30765300
2021-11-02,377.9874267578125,0.0,389.0499877929688,0.0,389.5400085449219,386.75,386.7999877929688,0.0,25135300
2021-11-03,382.0000915527344,0.0,393.1799926757813,0.0,393.6099853515625,388.4800109863281,389.5499877929688,0.0,33748900
2021-11-04,386.896728515625,0.0,398.2200012207031,0.0,399.2000122070313,393.9200134277344,394.4800109863281,0.0,40265300
2021-11-05,387.265869140625,0.0,398.6000061035156,0.0,400.989990234375,397.1600036621094,400.0400085449219,0.0,43383800
2021-11-08,386.7412414550781,0.0,398.05999755859375,0.0,399.6199951171875,397.3999938964844,398.5700073242188,0.0,29256300
2021-11-09,384.0792541503906,0.0,395.3200073242188,0.0,399.5700073242188,393.9200134277344,399.1600036621094,0.0,50490700
2021-11-10,378.4343566894531,0.0,389.510009765625,0.0,395.3599853515625,387.5299987792969,392.4700012207031,0.0,54937400
2021-11-11,379.4837341308594,0.0,390.5899963378906,0.0,392.75,390.239990234375,392.5700073242188,0.0,32243000
2021-11-12,383.4768371582031,0.0,394.7000122070313,0.0,395.25,390.1300048828125,391.7699890136719,0.0,34730600
2021-11-15,383.3892822265625,0.0,394.6099853515625,0.0,396.239990234375,392.1000061035156,395.9100036621094,0.0,33716900
2021-11-16,386.1195373535156,0.0,397.4200134277344,0.0,397.9299926757813,393.6600036621094,393.8599853515625,0.0,27872900
2021-11-17,386.3235473632813,0.0,397.6300048828125,0.0,399.7200012207031,396.6400146484375,397.75,0.0,28703300
2021-11-18,390.3264465332031,0.0,401.75,0.0,402.2699890136719,397.4500122070313,399.7300109863281,0.0,45721500
2021-11-19,392.5026550292969,0.0,403.989990234375,0.0,405.2999877929688,402.5799865722656,403.4299926757813,0.0,45191700
2021-11-22,387.9459838867188,0.0,399.2999877929688,0.0,408.7099914550781,399.1900024414063,405.5700073242188,0.0,61715400
2021-11-23,386.17779541015625,0.0,397.4800109863281,0.0,400.2300109863281,392.9200134277344,398.1099853515625,0.0,70098700
2021-11-24,387.4214172363281,0.0,398.760009765625,0.0,399.0499877929688,392.5400085449219,394.9299926757813,0.0,46954400
2021-11-26,380.0763549804688,0.0,391.2000122070313,0.0,397.5400085449219,389.7699890136719,396.1099853515625,0.0,51533300
2021-11-29,388.3248901367188,0.0,399.6900024414063,0.0,400.7300109863281,395.1400146484375,395.8900146484375,0.0,54447100
2021-11-30,382.621826171875,0.0,393.8200073242188,0.0,401.1900024414063,391.75,398.7799987792969,0.0,81332700
2021-12-01,376.1123046875,0.0,387.1199951171875,0.0,400.4800109863281,386.6400146484375,398.2799987792969,0.0,77766500
2021-12-02,378.822998046875,0.0,389.9100036621094,0.0,391.739990234375,384.3399963378906,385.7999877929688,0.0,84416600
2021-12-03,372.23577880859375,0.0,383.1300048828125,0.0,392.3399963378906,378.8999938964844,391.30999755859375,0.0,105349100
2021-12-06,375.2185974121094,0.0,386.2000122070313,0.0,387.6000061035156,379.2999877929688,383.6300048828125,0.0,67588800
2021-12-07,386.5177917480469,0.0,397.8299865722656,0.0,398.4599914550781,392.989990234375,393.0299987792969,0.0,56005300
2021-12-08,388.2472229003906,0.0,399.6099853515625,0.0,399.8200073242188,396.2200012207031,398.1700134277344,0.0,39204000
2021-12-09,382.534423828125,0.0,393.7300109863281,0.0,400.2000122070313,393.5299987792969,398.3500061035156,0.0,49973700
2021-12-10,386.6926574707031,0.0,398.010009765625,0.0,398.2799987792969,393.3599853515625,396.6199951171875,0.0,52545800
2021-12-13,381.106201171875,0.0,392.260009765625,0.0,398.3299865722656,391.8800048828125,398.0,0.0,50166400
2021-12-14,377.1617126464844,0.0,388.2000122070313,0.0,390.0899963378906,383.6300048828125,387.2999877929688,0.0,75199200
2021-12-15,385.7599487304688,0.0,397.0499877929688,0.0,397.4200134277344,383.8800048828125,387.9400024414063,0.0,73858000
2021-12-16,375.8403015136719,0.0,386.8399963378906,0.0,398.4800109863281,385.2099914550781,398.0400085449219,0.0,82591400
2021-12-17,373.9652099609375,0.0,384.9100036621094,0.0,389.1900024414063,381.7699890136719,383.3299865722656,0.0,80492500
2021-12-20,370.3375549316406,0.0,380.6900024414063,0.491,381.5,377.4700012207031,379.5700073242188,0.0,65336800
2021-12-21,378.62591552734375,0.0,389.2099914550781,0.0,389.5299987792969,380.2000122070313,384.0499877929688,0.0,48899500
2021-12-22,383.2369689941406,0.0,393.9500122070313,0.0,394.1600036621094,388.2300109863281,388.9100036621094,0.0,37042200
2021-12-23,386.126220703125,0.0,396.9200134277344,0.0,398.4299926757813,394.1400146484375,394.30999755859375,0.0,29595500
2021-12-27,392.5078430175781,0.0,403.4800109863281,0.0,403.4800109863281,398.2200012207031,398.25,0.0,32820700
2021-12-28,390.6886596679688,0.0,401.6099853515625,0.0,404.5799865722656,400.7099914550781,404.3999938964844,0.0,33113700
2021-12-29,390.6303405761719,0.0,401.5499877929688,0.0,403.0499877929688,399.1099853515625,401.75,0.0,32248500
2021-12-30,389.4630126953125,0.0,400.3500061035156,0.0,403.5700073242188,399.75,401.3299865722656,0.0,23850100
2021-12-31,387.0309448242188,0.0,397.8500061035156,0.0,401.05999755859375,397.3399963378906,399.6600036621094,0.0,34752900
2022-01-03,390.75677490234375,0.0,401.6799926757813,0.0,401.9400024414063,396.8800048828125,399.0499877929688,0.0,40575900
2022-01-04,385.6885070800781,0.0,396.4700012207031,0.0,402.2799987792969,393.2900085449219,402.239990234375,0.0,58027200
2022-01-05,373.8396911621094,0.0,384.2900085449219,0.0,395.8900146484375,384.0299987792969,394.739990234375,0.0,75739800
2022-01-06,373.5769958496094,0.0,384.0199890136719,0.0,387.3500061035156,380.1300048828125,382.4200134277344,0.0,70814300
2022-01-07,369.5301513671875,0.0,379.8599853515625,0.0,385.760009765625,378.0400085449219,384.0299987792969,0.0,72652300
2022-01-10,369.77337646484375,0.0,380.1099853515625,0.0,380.6400146484375,369.30999755859375,374.8200073242188,0.0,91770500
2022-01-11,375.3280944824219,0.0,385.8200073242188,0.0,385.989990234375,377.2200012207031,379.3599853515625,0.0,68295700
2022-01-12,376.8164978027344,0.0,387.3500061035156,0.0,390.2000122070313,385.010009765625,388.4599914550781,0.0,54576400
2022-01-13,367.3899536132813,0.0,377.6600036621094,0.0,389.4700012207031,376.7000122070313,388.7699890136719,0.0,77994000
2022-01-14,369.6760559082031,0.0,380.010009765625,0.0,380.3500061035156,374.8599853515625,375.0700073242188,0.0,80121200
2022-01-18,360.4733276367188,0.0,370.5499877929688,0.0,376.2200012207031,369.7699890136719,374.0400085449219,0.0,75450900
2022-01-19,356.5140380859375,0.0,366.4800109863281,0.0,374.6900024414063,366.2099914550781,372.1499938964844,0.0,81791500
2022-01-20,351.88348388671875,0.0,361.7200012207031,0.0,373.8699951171875,361.1700134277344,369.7900085449219,0.0,88610700
2022-01-21,342.126220703125,0.0,351.69000244140625,0.0,362.1799926757813,351.3999938964844,359.4700012207031,0.0,143388900
2022-01-24,343.6923217773437,0.0,353.29998779296875,0.0,353.9800109863281,334.1499938964844,345.9100036621094,0.0,198685800
2022-01-25,335.7251281738281,0.0,345.1099853515625,0.0,351.0299987792969,341.67999267578125,346.6700134277344,0.0,124398400
2022-01-26,335.1998596191406,0.0,344.57000732421875,0.0,356.8800048828125,340.7799987792969,352.9100036621094,0.0,146559500
2022-01-27,331.8241882324219,0.0,341.1000061035156,0.0,351.2699890136719,340.04998779296875,349.3999938964844,0.0,95255700
2022-01-28,342.23321533203125,0.0,351.79998779296875,0.0,352.0199890136719,337.95001220703125,343.0299987792969,0.0,108167900
2022-01-31,353.1772766113281,0.0,363.0499877929688,0.0,363.6499938964844,351.5199890136719,353.20001220703125,0.0,94326400
2022-02-01,355.5801086425781,0.0,365.5199890136719,0.0,366.1900024414063,359.1400146484375,364.4299926757813,0.0,74433000
2022-02-02,358.4692687988281,0.0,368.489990234375,0.0,370.1000061035156,364.2900085449219,369.760009765625,0.0,78777100
2022-02-03,343.93560791015625,0.0,353.54998779296875,0.0,361.9299926757813,352.4599914550781,358.5299987792969,0.0,95384800
2022-02-04,348.2743835449219,0.0,358.010009765625,0.0,361.3999938964844,351.9700012207031,354.0799865722656,0.0,86318300
2022-02-07,345.4726867675781,0.0,355.1300048828125,0.0,361.0499877929688,353.8399963378906,358.6199951171875,0.0,58198100
2022-02-08,349.35418701171875,0.0,359.1199951171875,0.0,360.239990234375,352.79998779296875,353.9599914550781,0.0,64720900
2022-02-09,356.7572937011719,0.0,366.7300109863281,0.0,366.80999755859375,362.1199951171875,363.760009765625,0.0,55766400
2022-02-10,348.68292236328125,0.0,358.42999267578125,0.0,366.489990234375,356.5400085449219,359.5199890136719,0.0,112468500
2022-02-11,337.6221008300781,0.0,347.0599975585937,0.0,360.07000732421875,345.79998779296875,358.42999267578125,0.0,101569100
2022-02-14,338.0404663085937,0.0,347.489990234375,0.0,350.9800109863281,343.8900146484375,346.489990234375,0.0,80254400
2022-02-15,346.44549560546875,0.0,356.1300048828125,0.0,356.3699951171875,351.82000732421875,352.9100036621094,0.0,55128800
2022-02-16,346.3578796386719,0.0,356.0400085449219,0.0,357.0899963378906,350.7099914550781,353.82000732421875,0.0,58947100
2022-02-17,336.05584716796875,0.0,345.45001220703125,0.0,353.4599914550781,345.0199890136719,352.739990234375,0.0,61801400
2022-02-18,332.2230529785156,0.0,341.510009765625,0.0,346.8099975585937,339.1400146484375,346.4100036621094,0.0,80001500
2022-02-22,328.8862609863281,0.0,338.0799865722656,0.0,344.0400085449219,334.3500061035156,338.489990234375,0.0,85967100
2022-02-23,320.4618835449219,0.0,329.4200134277344,0.0,342.17999267578125,329.1000061035156,341.32000732421875,0.0,86215400
2022-02-24,331.23077392578125,0.0,340.489990234375,0.0,341.0400085449219,318.260009765625,318.8399963378906,0.0,130614100
2022-02-25,336.3672180175781,0.0,345.7699890136719,0.0,345.9800109863281,337.3900146484375,341.3099975585937,0.0,78842100
2022-02-28,337.3691711425781,0.0,346.79998779296875,0.0,348.5400085449219,341.32000732421875,342.510009765625,0.0,77515500
2022-03-01,332.2035522460937,0.0,341.489990234375,0.0,348.0799865722656,338.8999938964844,345.75,0.0,67407000
2022-03-02,337.7778015136719,0.0,347.2200012207031,0.0,348.5899963378906,340.239990234375,343.0799865722656,0.0,70609000
2022-03-03,332.9526672363281,0.0,342.260009765625,0.0,350.0400085449219,340.3500061035156,349.92999267578125,0.0,71089400
2022-03-04,328.1275939941406,0.0,337.29998779296875,0.0,341.3099975585937,334.9200134277344,339.8399963378906,0.0,76936300
2022-03-07,316.0257873535156,0.0,324.8599853515625,0.0,338.4800109863281,324.6499938964844,337.2900085449219,0.0,89933800
2022-03-08,314.556884765625,0.0,323.3500061035156,0.0,333.2099914550781,319.94000244140625,324.04998779296875,0.0,116153900
2022-03-09,325.8802795410156,0.0,334.989990234375,0.0,336.3800048828125,329.0899963378906,331.75,0.0,64723400
2022-03-10,322.2615051269531,0.0,331.2699890136719,0.0,332.510009765625,326.7099914550781,330.82000732421875,0.0,69362700
2022-03-11,315.5783386230469,0.0,324.3999938964844,0.0,334.6400146484375,323.8999938964844,334.32000732421875,0.0,66228400
2022-03-14,309.5177917480469,0.0,318.1700134277344,0.0,326.5899963378906,317.45001220703125,323.1300048828125,0.0,79802600
2022-03-15,319.2263488769531,0.0,328.1499938964844,0.0,328.95001220703125,319.2300109863281,320.8800048828125,0.0,76471000
2022-03-16,331.0654602050781,0.0,340.32000732421875,0.0,340.44000244140625,328.3999938964844,332.1700134277344,0.0,105243000
2022-03-17,335.0733642578125,0.0,344.44000244140625,0.0,344.5,337.0400085449219,338.3699951171875,0.0,67810000
2022-03-18,341.9316101074219,0.0,351.489990234375,0.0,351.7900085449219,341.54998779296875,342.739990234375,0.0,85446300
2022-03-21,340.9809875488281,0.0,350.0799865722656,0.434,352.4800109863281,345.5799865722656,350.20001220703125,0.0,73799100
2022-03-22,347.68218994140625,0.0,356.9599914550781,0.0,357.8500061035156,350.20001220703125,350.5899963378906,0.0,63345900
2022-03-23,342.6854858398437,0.0,351.8299865722656,0.0,357.6600036621094,351.7699890136719,354.010009765625,0.0,70615500
2022-03-24,350.3023376464844,0.0,359.6499938964844,0.0,359.70001220703125,351.5899963378906,353.79998779296875,0.0,53555300
2022-03-25,350.01007080078125,0.0,359.3500061035156,0.0,360.6700134277344,354.94000244140625,359.5899963378906,0.0,57584200
2022-03-28,355.4256286621094,0.0,364.9100036621094,0.0,365.010009765625,358.07000732421875,359.3399963378906,0.0,56833900
2022-03-29,361.5423889160156,0.0,371.1900024414063,0.0,371.8299865722656,366.05999755859375,368.8999938964844,0.0,68073000
2022-03-30,357.548828125,0.0,367.0899963378906,0.0,370.9800109863281,365.5700073242188,369.2799987792969,0.0,68757700
2022-03-31,353.1171875,0.0,362.5400085449219,0.0,367.6000061035156,361.6799926757813,367.239990234375,0.0,67011400
2022-04-01,352.4450988769531,0.0,361.8500061035156,0.0,363.6099853515625,358.5899963378906,362.80999755859375,0.0,54527800
2022-04-04,359.7015075683594,0.0,369.2999877929688,0.0,369.30999755859375,362.4400024414063,362.7099914550781,0.0,45950200
2022-04-05,351.71466064453125,0.0,361.1000061035156,0.0,368.5400085449219,359.92999267578125,367.80999755859375,0.0,62738700
2022-04-06,344.078369140625,0.0,353.260009765625,0.0,356.7799987792969,350.5599975585937,355.6499938964844,0.0,90077100
2022-04-07,344.8965759277344,0.0,354.1000061035156,0.0,356.3500061035156,348.69000244140625,352.239990234375,0.0,63777400
2022-04-08,340.0752258300781,0.0,349.1499938964844,0.0,353.0899963378906,348.5,352.32000732421875,0.0,61956100
2022-04-11,332.0298156738281,0.0,340.8900146484375,0.0,345.75,340.5400085449219,344.8099975585937,0.0,66107400
2022-04-12,330.62725830078125,0.0,339.45001220703125,0.0,347.69000244140625,338.0400085449219,345.760009765625,0.0,72790200
2022-04-13,337.3480224609375,0.0,346.3500061035156,0.0,347.42999267578125,339.0599975585937,339.79998779296875,0.0,61367800
2022-04-14,329.6337585449219,0.0,338.42999267578125,0.0,346.9700012207031,338.2099914550781,346.44000244140625,0.0,73519400
2022-04-18,329.8869934082031,0.0,338.69000244140625,0.0,341.0400085449219,335.7900085449219,337.3500061035156,0.0,58560600
2022-04-19,337.2603454589844,0.0,346.260009765625,0.0,346.8500061035156,336.9800109863281,338.0299987792969,0.0,56515700
2022-04-20,332.341552734375,0.0,341.2099914550781,0.0,347.5599975585937,339.9599914550781,347.0899963378906,0.0,65500000
2022-04-21,325.4650573730469,0.0,334.1499938964844,0.0,347.8699951171875,333.20001220703125,345.19000244140625,0.0,75801000
2022-04-22,316.9424743652344,0.0,325.3999938964844,0.0,335.5599975585937,324.9599914550781,334.3099975585937,0.0,82562100
2022-04-25,321.0137939453125,0.0,329.5799865722656,0.0,329.8999938964844,322.42999267578125,323.7300109863281,0.0,101755900
2022-04-26,308.897216796875,0.0,317.1400146484375,0.0,327.6600036621094,316.8599853515625,327.4700012207031,0.0,105819600
2022-04-27,308.52703857421875,0.0,316.760009765625,0.0,322.8800048828125,315.0,317.239990234375,0.0,111204200
2022-04-28,319.4846496582031,0.0,328.010009765625,0.0,329.8900146484375,317.5199890136719,321.8500061035156,0.0,99450000
2022-04-29,305.1082763671875,0.0,313.25,0.0,327.2300109863281,312.6000061035156,323.70001220703125,0.0,91977900
2022-05-02,310.2023620605469,0.0,318.4800109863281,0.0,318.7200012207031,309.6499938964844,312.8299865722656,0.0,115511800
2022-05-03,310.5335693359375,0.0,318.82000732421875,0.0,321.1700134277344,315.9800109863281,318.5,0.0,78185500
2022-05-04,321.03326416015625,0.0,329.6000061035156,0.0,330.2900085449219,313.8900146484375,319.3099975585937,0.0,116083400
2022-05-05,304.86480712890625,0.0,313.0,0.0,325.25,309.6199951171875,325.1700134277344,0.0,154607400
2022-05-06,301.2122497558594,0.0,309.25,0.0,315.0899963378906,305.1099853515625,310.95001220703125,0.0,139572800
2022-05-09,289.4266662597656,0.0,297.1499938964844,0.0,309.3500061035156,295.7200012207031,303.4800109863281,0.0,113387300
2022-05-10,292.9429016113281,0.0,300.760009765625,0.0,305.760009765625,296.57000732421875,304.510009765625,0.0,124124600
2022-05-11,284.25469970703125,0.0,291.8399963378906,0.0,304.0899963378906,290.95001220703125,298.44000244140625,0.0,140326100
2022-05-12,283.58270263671875,0.0,291.1499938964844,0.0,295.75,284.94000244140625,287.45001220703125,0.0,120910900
2022-05-13,294.0922546386719,0.0,301.94000244140625,0.0,303.0,294.0799865722656,295.7200012207031,0.0,83684900
2022-05-16,290.6831970214844,0.0,298.44000244140625,0.0,302.260009765625,297.1300048828125,300.1499938964844,0.0,59190400
2022-05-17,298.2122802734375,0.0,306.1700134277344,0.0,306.5599975585937,300.54998779296875,304.45001220703125,0.0,62715300
2022-05-18,283.5729675292969,0.0,291.1400146484375,0.0,302.25,289.8500061035156,301.5400085449219,0.0,79477100
2022-05-19,282.053466796875,0.0,289.5799865722656,0.0,294.3900146484375,287.5799865722656,289.2900085449219,0.0,79920700
2022-05-20,281.1769104003906,0.0,288.67999267578125,0.0,293.79998779296875,280.2099914550781,293.1300048828125,0.0,91764200
2022-05-23,285.8521423339844,0.0,293.4800109863281,0.0,293.8699951171875,287.2900085449219,289.75,0.0,63648400
2022-05-24,279.7743225097656,0.0,287.239990234375,0.0,288.8599853515625,282.25,288.1300048828125,0.0,73491100
2022-05-25,283.6897888183594,0.0,291.260009765625,0.0,293.3900146484375,285.5,285.7099914550781,0.0,67144500
2022-05-26,291.550048828125,0.0,299.3299865722656,0.0,300.9200134277344,290.1499938964844,290.44000244140625,0.0,59462200
2022-05-27,301.0661315917969,0.0,309.1000061035156,0.0,309.25,302.4200134277344,302.5400085449219,0.0,66985600
2022-05-31,300.2674865722656,0.0,308.2799987792969,0.0,311.3299865722656,304.3299865722656,309.07000732421875,0.0,60968300
2022-06-01,298.04669189453125,0.0,306.0,0.0,312.6499938964844,303.7300109863281,310.4700012207031,0.0,65341700
2022-06-02,306.2089233398437,0.0,314.3800048828125,0.0,314.5599975585937,303.3999938964844,304.8500061035156,0.0,59291300
2022-06-03,298.2415466308594,0.0,306.20001220703125,0.0,310.4700012207031,304.9200134277344,309.0299987792969,0.0,60914700
2022-06-06,299.23504638671875,0.0,307.2200012207031,0.0,312.3500061035156,305.6199951171875,310.75,0.0,51785000
2022-06-07,301.8161315917969,0.0,309.8699951171875,0.0,310.6700134277344,302.69000244140625,303.8099975585937,0.0,44900300
2022-06-08,299.6441345214844,0.0,307.6400146484375,0.0,311.7200012207031,306.7699890136719,309.04998779296875,0.0,38342100
2022-06-09,291.61822509765625,0.0,299.3999938964844,0.0,309.04998779296875,299.2300109863281,305.9100036621094,0.0,55900500
2022-06-10,281.3327331542969,0.0,288.8399963378906,0.0,294.8699951171875,288.3800048828125,293.6499938964844,0.0,85963500
2022-06-13,268.2518005371094,0.0,275.4100036621094,0.0,282.3399963378906,274.5299987792969,279.75,0.0,94442000
2022-06-14,268.73876953125,0.0,275.9100036621094,0.0,278.6600036621094,273.3399963378906,277.6600036621094,0.0,64697500
2022-06-15,275.44970703125,0.0,282.79998779296875,0.0,286.8299865722656,276.6099853515625,279.4200134277344,0.0,86051400
2022-06-16,264.33624267578125,0.0,271.3900146484375,0.0,276.0599975585937,269.2799987792969,275.5899963378906,0.0,81910300
2022-06-17,267.55047607421875,0.0,274.69000244140625,0.0,277.19000244140625,270.510009765625,272.17999267578125,0.0,82703400
2022-06-21,274.3006591796875,0.0,281.0799865722656,0.527,283.45001220703125,278.6400146484375,278.75,0.0,51633700
2022-06-22,273.9005432128906,0.0,280.6700134277344,0.0,285.17999267578125,277.9100036621094,278.5199890136719,0.0,67472900
2022-06-23,277.9797668457031,0.0,284.8500061035156,0.0,285.7200012207031,280.3099975585937,283.2099914550781,0.0,57457800
2022-06-24,287.5042724609375,0.0,294.6099853515625,0.0,295.0400085449219,287.5,287.739990234375,0.0,58422300
2022-06-27,285.3964233398437,0.0,292.45001220703125,0.0,296.5799865722656,291.2900085449219,296.0,0.0,54151500
2022-06-28,276.7013244628906,0.0,283.5400085449219,0.0,295.6499938964844,283.3500061035156,293.0,0.0,61609800
2022-06-29,276.9550170898437,0.0,283.79998779296875,0.0,285.3399963378906,280.8399963378906,283.3999938964844,0.0,57302700
2022-06-30,273.5199584960937,0.0,280.2799987792969,0.0,283.94000244140625,275.7799987792969,280.75,0.0,79313600
2022-07-01,275.3253479003906,0.0,282.1300048828125,0.0,282.5299987792969,277.0299987792969,278.95001220703125,0.0,56675100
2022-07-05,280.038818359375,0.0,286.9599914550781,0.0,287.0799865722656,276.75,278.3099975585937,0.0,61829300
2022-07-06,281.8345031738281,0.0,288.79998779296875,0.0,290.95001220703125,285.5899963378906,287.3500061035156,0.0,63194700
2022-07-07,287.865478515625,0.0,294.9800109863281,0.0,295.70001220703125,289.6300048828125,289.6300048828125,0.0,56620100
2022-07-08,288.2265014648437,0.0,295.3500061035156,0.0,296.75,291.1199951171875,292.0799865722656,0.0,59895500
2022-07-11,282.0686950683594,0.0,289.0400085449219,0.0,293.1099853515625,288.1400146484375,292.8800048828125,0.0,55273900
2022-07-12,279.33624267578125,0.0,286.239990234375,0.0,292.2799987792969,284.6099853515625,290.32000732421875,0.0,55797100
2022-07-13,278.7604064941406,0.0,285.6499938964844,0.0,288.04998779296875,280.0199890136719,280.6000061035156,0.0,73939400
2022-07-14,279.7558898925781,0.0,286.6700134277344,0.0,287.5599975585937,279.79998779296875,282.989990234375,0.0,63741800
2022-07-15,284.8304138183594,0.0,291.8699951171875,0.0,291.9800109863281,288.0799865722656,289.7300109863281,0.0,63818100
2022-07-18,282.41998291015625,0.0,289.3999938964844,0.0,296.1600036621094,288.20001220703125,294.7200012207031,0.0,59519600
2022-07-19,291.1053161621094,0.0,298.29998779296875,0.0,298.6000061035156,291.4700012207031,293.1099853515625,0.0,55172600
2022-07-20,295.7212829589844,0.0,303.0299987792969,0.0,304.239990234375,297.92999267578125,298.7300109863281,0.0,67769400
2022-07-21,299.9663391113281,0.0,307.3800048828125,0.0,307.44000244140625,300.7799987792969,303.5,0.0,55049400
2022-07-22,294.7063293457031,0.0,301.989990234375,0.0,308.54998779296875,300.1199951171875,306.42999267578125,0.0,57127700
2022-07-25,293.02783203125,0.0,300.2699890136719,0.0,302.5,298.2200012207031,302.0199890136719,0.0,40582400
2022-07-26,287.2701721191406,0.0,294.3699951171875,0.0,298.7900085449219,293.5400085449219,298.5299987792969,0.0,50074100
2022-07-27,299.4100341796875,0.0,306.8099975585937,0.0,308.5400085449219,298.4599914550781,299.0400085449219,0.0,69304400
2022-07-28,302.3377380371094,0.0,309.8099975585937,0.0,310.3999938964844,302.75,306.5899963378906,0.0,55139900
2022-07-29,307.8514404296875,0.0,315.4599914550781,0.0,316.3900146484375,309.92999267578125,311.3900146484375,0.0,57501000
2022-08-01,307.666015625,0.0,315.2699890136719,0.0,318.8099975585937,312.5299987792969,313.6499938964844,0.0,46358800
2022-08-02,306.7486877441406,0.0,314.3299865722656,0.0,318.54998779296875,311.8399963378906,312.9200134277344,0.0,48676500
2022-08-03,315.1023254394531,0.0,322.8900146484375,0.0,323.7300109863281,315.989990234375,316.04998779296875,0.0,53735700
2022-08-04,316.5757751464844,0.0,324.3999938964844,0.0,324.7200012207031,320.7699890136719,322.9700012207031,0.0,38973700
2022-08-05,313.9897155761719,0.0,321.75,0.0,323.8299865722656,318.3900146484375,319.19000244140625,0.0,53894000
2022-08-08,312.974853515625,0.0,320.7099914550781,0.0,326.4700012207031,319.2099914550781,322.69000244140625,0.0,43878500
2022-08-09,309.4324035644531,0.0,317.0799865722656,0.0,319.0299987792969,315.4200134277344,318.7699890136719,0.0,39764200
2022-08-10,318.0689697265625,0.0,325.92999267578125,0.0,326.2300109863281,322.0599975585937,324.5899963378906,0.0,51459600
2022-08-11,316.2635192871094,0.0,324.0799865722656,0.0,330.3599853515625,323.3599853515625,328.3099975585937,0.0,45897700
2022-08-12,322.42138671875,0.0,330.3900146484375,0.0,330.5899963378906,325.1000061035156,326.17999267578125,0.0,40928400
2022-08-15,325.02703857421875,0.0,333.0599975585937,0.0,333.57000732421875,329.3999938964844,329.4200134277344,0.0,38266600
2022-08-16,324.2658386230469,0.0,332.2799987792969,0.0,334.4200134277344,329.1600036621094,332.0599975585937,0.0,41186900
2022-08-17,320.56719970703125,0.0,328.489990234375,0.0,331.42999267578125,326.3599853515625,329.07000732421875,0.0,47842200
2022-08-18,321.338134765625,0.0,329.2799987792969,0.0,330.489990234375,326.7900085449219,328.44000244140625,0.0,41937200
2022-08-19,315.0729675292969,0.0,322.8599853515625,0.0,326.8399963378906,322.0799865722656,326.1700134277344,0.0,51770600
2022-08-22,306.7779541015625,0.0,314.3599853515625,0.0,318.739990234375,313.5299987792969,318.5,0.0,51098900
2022-08-23,306.52423095703125,0.0,314.1000061035156,0.0,317.0,313.3299865722656,314.1199951171875,0.0,39497100
2022-08-24,307.412353515625,0.0,315.010009765625,0.0,316.8699951171875,312.989990234375,313.6099853515625,0.0,38057100
2022-08-25,312.8479919433594,0.0,320.5799865722656,0.0,320.6000061035156,315.760009765625,316.8299865722656,0.0,38098300
2022-08-26,300.02490234375,0.0,307.44000244140625,0.0,321.510009765625,307.3500061035156,320.2799987792969,0.0,69047700
2022-08-29,297.0679626464844,0.0,304.4100036621094,0.0,307.2200012207031,303.2799987792969,304.6199951171875,0.0,48321900
2022-08-30,293.759765625,0.0,301.0199890136719,0.0,306.7300109863281,298.44000244140625,306.1000061035156,0.0,51184500
2022-08-31,292.052001953125,0.0,299.2699890136719,0.0,304.9100036621094,299.1600036621094,303.989990234375,0.0,50044000
2022-09-01,292.17889404296875,0.0,299.3999938964844,0.0,299.7799987792969,292.95001220703125,296.7200012207031,0.0,57990700
2022-09-02,288.05084228515625,0.0,295.1700134277344,0.0,303.75,293.5199890136719,302.3399963378906,0.0,64666800
2022-09-06,285.98193359375,0.0,293.04998779296875,0.0,296.6000061035156,290.8699951171875,295.6600036621094,0.0,57005400
2022-09-07,291.7591247558594,0.0,298.9700012207031,0.0,299.989990234375,293.2699890136719,293.5400085449219,0.0,49260400
2022-09-08,293.2718200683594,0.0,300.5199890136719,0.0,301.8699951171875,295.45001220703125,296.8500061035156,0.0,55649800
2022-09-09,299.683349609375,0.0,307.0899963378906,0.0,307.6000061035156,300.5199890136719,302.8299865722656,0.0,56125200
2022-09-12,303.24530029296875,0.0,310.739990234375,0.0,311.0799865722656,308.17999267578125,308.5,0.0,45905700
2022-09-13,286.6163024902344,0.0,293.70001220703125,0.0,303.0199890136719,292.7900085449219,301.79998779296875,0.0,79562200
2022-09-14,288.89013671875,0.0,296.0299987792969,0.0,296.92999267578125,293.0599975585937,294.8699951171875,0.0,54907200
2022-09-15,284.0790100097656,0.0,291.1000061035156,0.0,296.5299987792969,289.4599914550781,294.07000732421875,0.0,65299400
2022-09-16,282.3419494628906,0.0,289.32000732421875,0.0,289.7200012207031,285.6199951171875,287.7200012207031,0.0,79920400
2022-09-19,284.54058837890625,0.0,291.04998779296875,0.519,291.2099914550781,286.0400085449219,286.1000061035156,0.0,52613800
2022-09-20,282.2725524902344,0.0,288.7300109863281,0.0,291.07000732421875,286.3800048828125,288.489990234375,0.0,51271100
2022-09-21,277.2181091308594,0.0,283.5599975585937,0.0,293.95001220703125,283.4200134277344,289.5899963378906,0.0,82931000
2022-09-22,273.80615234375,0.0,280.07000732421875,0.0,283.0299987792969,278.82000732421875,282.0,0.0,62757100
2022-09-23,269.34820556640625,0.0,275.510009765625,0.0,277.8500061035156,272.0199890136719,277.54998779296875,0.0,74815200
2022-09-26,268.23370361328125,0.0,274.3699951171875,0.0,279.489990234375,273.5599975585937,275.0299987792969,0.0,71176700
2022-09-27,268.3412475585937,0.0,274.4800109863281,0.0,280.2099914550781,272.1099853515625,277.8099975585937,0.0,69780100
2022-09-28,273.6791076660156,0.0,279.94000244140625,0.0,281.25,272.95001220703125,274.4599914550781,0.0,79652100
2022-09-29,265.7895812988281,0.0,271.8699951171875,0.0,276.25,268.8399963378906,275.8599853515625,0.0,81216000
2022-09-30,261.2827453613281,0.0,267.260009765625,0.0,275.19000244140625,267.1000061035156,271.0299987792969,0.0,78482400
2022-10-03,267.4124755859375,0.0,273.5299987792969,0.0,275.1600036621094,267.5299987792969,269.07000732421875,0.0,61267400
2022-10-04,275.82012939453125,0.0,282.1300048828125,0.0,282.8500061035156,278.989990234375,278.989990234375,0.0,66696900
2022-10-05,275.6734924316406,0.0,281.9800109863281,0.0,283.8099975585937,275.4200134277344,278.2799987792969,0.0,55766300
2022-10-06,273.5031433105469,0.0,279.760009765625,0.0,284.17999267578125,279.42999267578125,280.9599914550781,0.0,53489400
2022-10-07,263.0815734863281,0.0,269.1000061035156,0.0,275.1499938964844,267.739990234375,275.0199890136719,0.0,71354700
2022-10-10,260.4516906738281,0.0,266.4100036621094,0.0,269.70001220703125,263.6400146484375,269.29998779296875,0.0,60393000
2022-10-11,256.8735656738281,0.0,262.75,0.0,267.6300048828125,261.0299987792969,264.70001220703125,0.0,66522500
2022-10-12,256.7855834960937,0.0,262.6600036621094,0.0,265.3599853515625,261.95001220703125,263.3999938964844,0.0,50580200
2022-10-13,262.8078308105469,0.0,268.82000732421875,0.0,270.1700134277344,254.25999450683597,255.16000366210935,0.0,112894100
2022-10-14,254.90853881835935,0.0,260.739990234375,0.0,271.8099975585937,260.1400146484375,271.20001220703125,0.0,77244300
2022-10-17,263.3260192871094,0.0,269.3500061035156,0.0,270.239990234375,266.739990234375,266.8399963378906,0.0,64576500
2022-10-18,265.4082946777344,0.0,271.4800109863281,0.0,277.2099914550781,268.739990234375,276.5299987792969,0.0,69781000
2022-10-19,264.4403991699219,0.0,270.489990234375,0.0,273.67999267578125,268.07000732421875,269.92999267578125,0.0,53115400
2022-10-20,263.0912780761719,0.0,269.1099853515625,0.0,274.8399963378906,267.9200134277344,269.5799865722656,0.0,60605500
2022-10-21,269.26025390625,0.0,275.4200134277344,0.0,275.9700012207031,266.82000732421875,267.9800109863281,0.0,77897700
2022-10-24,272.22247314453125,0.0,278.45001220703125,0.0,279.3999938964844,271.9700012207031,275.69000244140625,0.0,63963600
2022-10-25,277.85357666015625,0.0,284.2099914550781,0.0,284.6000061035156,277.8999938964844,279.4100036621094,0.0,59014500
2022-10-26,271.714111328125,0.0,277.92999267578125,0.0,283.9800109863281,277.42999267578125,278.4599914550781,0.0,63492400
2022-10-27,266.76727294921875,0.0,272.8699951171875,0.0,278.2799987792969,272.3399963378906,276.7900085449219,0.0,57760300
2022-10-28,274.9305114746094,0.0,281.2200012207031,0.0,281.70001220703125,272.0599975585937,272.2300109863281,0.0,62651300
2022-10-31,271.733642578125,0.0,277.95001220703125,0.0,279.760009765625,275.989990234375,278.9200134277344,0.0,47742000
2022-11-01,268.9570617675781,0.0,275.1099853515625,0.0,282.07000732421875,274.739990234375,281.5,0.0,45895900
2022-11-02,259.7380676269531,0.0,265.67999267578125,0.0,278.2099914550781,265.6099853515625,275.0799865722656,0.0,79803100
2022-11-03,254.6641082763672,0.0,260.489990234375,0.0,264.5,260.1000061035156,263.010009765625,0.0,70038900
2022-11-04,258.7603759765625,0.0,264.67999267578125,0.0,266.6099853515625,259.0799865722656,265.5299987792969,0.0,78313200
2022-11-07,261.6052551269531,0.0,267.5899963378906,0.0,268.1400146484375,263.57000732421875,265.75,0.0,47333800
2022-11-08,263.51171875,0.0,269.5400085449219,0.0,272.8500061035156,265.5199890136719,269.1400146484375,0.0,63213800
2022-11-09,257.43084716796875,0.0,263.32000732421875,0.0,268.5599975585937,263.0299987792969,267.760009765625,0.0,64862100
2022-11-10,276.42626953125,0.0,282.75,0.0,283.04998779296875,273.8500061035156,276.010009765625,0.0,99256700
2022-11-11,281.5197448730469,0.0,287.9599914550781,0.0,288.6400146484375,281.19000244140625,282.5599975585937,0.0,66961800
2022-11-14,279.0560913085937,0.0,285.44000244140625,0.0,289.2099914550781,284.44000244140625,285.8599853515625,0.0,55290700
2022-11-15,282.9178161621094,0.0,289.3900146484375,0.0,293.260009765625,285.9700012207031,292.2099914550781,0.0,73985400
2022-11-16,279.0560913085937,0.0,285.44000244140625,0.0,289.4800109863281,284.6000061035156,287.3900146484375,0.0,48859800
2022-11-17,278.4402160644531,0.0,284.8099975585937,0.0,286.32000732421875,280.7200012207031,280.8800048828125,0.0,55462100
2022-11-18,278.4499816894531,0.0,284.82000732421875,0.0,287.989990234375,282.32000732421875,287.8900146484375,0.0,53588600
2022-11-21,275.5855407714844,0.0,281.8900146484375,0.0,284.5799865722656,281.0400085449219,283.3999938964844,0.0,40083500
2022-11-22,279.5546875,0.0,285.95001220703125,0.0,286.1099853515625,280.4599914550781,282.6400146484375,0.0,41873400
2022-11-23,282.36053466796875,0.0,288.82000732421875,0.0,289.4599914550781,285.7900085449219,285.9700012207031,0.0,46390000
2022-11-25,280.5030517578125,0.0,286.9200134277344,0.0,287.9100036621094,286.4200134277344,287.19000244140625,0.0,15498800
2022-11-28,276.3871765136719,0.0,282.7099914550781,0.0,286.9599914550781,281.760009765625,284.8999938964844,0.0,38714200
2022-11-29,274.2950439453125,0.0,280.57000732421875,0.0,283.3500061035156,279.1700134277344,282.94000244140625,0.0,35618900
2022-11-30,286.7989501953125,0.0,293.3599853515625,0.0,293.4700012207031,279.9700012207031,280.8399963378906,0.0,74718100
2022-12-01,287.1508483886719,0.0,293.7200012207031,0.0,295.75,290.8800048828125,293.69000244140625,0.0,51547300
2022-12-02,286.007080078125,0.0,292.54998779296875,0.0,293.45001220703125,288.3599853515625,288.5400085449219,0.0,53583200
2022-12-05,281.2069396972656,0.0,287.6400146484375,0.0,291.67999267578125,286.1499938964844,290.3800048828125,0.0,41482100
2022-12-06,275.3802795410156,0.0,281.67999267578125,0.0,287.6199951171875,280.260009765625,287.4800109863281,0.0,53937600
2022-12-07,274.2558898925781,0.0,280.5299987792969,0.0,282.57000732421875,278.7799987792969,280.4700012207031,0.0,45614300
2022-12-08,277.50164794921875,0.0,283.8500061035156,0.0,284.8399963378906,279.7900085449219,281.9100036621094,0.0,42594900
2022-12-09,275.73211669921875,0.0,282.0400085449219,0.0,285.6400146484375,281.5899963378906,282.8099975585937,0.0,47860500
2022-12-12,279.1929626464844,0.0,285.5799865722656,0.0,285.6400146484375,281.1600036621094,282.2200012207031,0.0,35732500
2022-12-13,282.1943359375,0.0,288.6499938964844,0.0,296.8800048828125,285.9100036621094,296.6499938964844,0.0,80667700
2022-12-14,280.1022033691406,0.0,286.510009765625,0.0,291.4100036621094,283.19000244140625,288.04998779296875,0.0,64984400
2022-12-15,270.6973571777344,0.0,276.8900146484375,0.0,283.010009765625,275.6700134277344,282.3299865722656,0.0,60554100
2022-12-16,268.1163635253906,0.0,274.25,0.0,277.7699890136719,272.6099853515625,276.20001220703125,0.0,68300400
2022-12-19,264.3484191894531,0.0,269.75,0.655,273.9599914550781,268.489990234375,273.8699951171875,0.0,44167900
2022-12-20,264.142578125,0.0,269.5400085449219,0.0,271.32000732421875,266.95001220703125,268.5599975585937,0.0,51064200
2022-12-21,267.97430419921875,0.0,273.45001220703125,0.0,274.7799987792969,269.739990234375,270.6000061035156,0.0,46394700
2022-12-22,261.41827392578125,0.0,266.760009765625,0.0,270.510009765625,262.4599914550781,270.3800048828125,0.0,60278400
2022-12-23,262.0062255859375,0.0,267.3599853515625,0.0,268.0400085449219,263.5299987792969,265.4700012207031,0.0,39373600
2022-12-27,258.3019104003906,0.0,263.5799865722656,0.0,266.8500061035156,263.0299987792969,266.739990234375,0.0,38009000
2022-12-28,254.89166259765625,0.0,260.1000061035156,0.0,265.4700012207031,259.7300109863281,263.1700134277344,0.0,47139000
2022-12-29,261.1046447753906,0.0,266.44000244140625,0.0,267.3999938964844,262.25,262.9599914550781,0.0,45893600
2022-12-30,260.9478454589844,0.0,266.2799987792969,0.0,266.4100036621094,262.2900085449219,263.6199951171875,0.0,37858300
2023-01-03,259.18389892578125,0.0,264.4800109863281,0.0,270.1499938964844,262.1300048828125,268.6499938964844,0.0,42335300
2023-01-04,260.4186706542969,0.0,265.739990234375,0.0,267.45001220703125,262.5299987792969,266.6400146484375,0.0,47754900
2023-01-05,256.3420104980469,0.0,261.5799865722656,0.0,264.2099914550781,261.260009765625,264.0400085449219,0.0,45396700
2023-01-06,263.4173889160156,0.0,268.79998779296875,0.0,269.94000244140625,260.3399963378906,263.3500061035156,0.0,54659700
2023-01-09,265.1225280761719,0.0,270.5400085449219,0.0,275.2900085449219,269.9200134277344,270.8299865722656,0.0,45568700
2023-01-10,267.3666687011719,0.0,272.8299865722656,0.0,272.94000244140625,268.9700012207031,269.489990234375,0.0,35247800
2023-01-11,271.9922180175781,0.0,277.54998779296875,0.0,277.6600036621094,273.1199951171875,273.9200134277344,0.0,44077000
2023-01-12,273.4621276855469,0.0,279.04998779296875,0.0,280.1000061035156,273.739990234375,278.1199951171875,0.0,60600000
2023-01-13,275.3436279296875,0.0,280.9700012207031,0.0,281.2200012207031,276.1600036621094,276.5,0.0,44802900
2023-01-17,275.9023132324219,0.0,281.5400085449219,0.0,282.8500061035156,279.5799865722656,280.7699890136719,0.0,36269700
2023-01-18,272.3155822753906,0.0,277.8800048828125,0.0,284.69000244140625,277.6700134277344,283.1099853515625,0.0,47754500
2023-01-19,269.64019775390625,0.0,275.1499938964844,0.0,277.3800048828125,273.8900146484375,276.2200012207031,0.0,44150400
2023-01-20,277.0194702148437,0.0,282.67999267578125,0.0,283.0199890136719,275.7099914550781,276.7900085449219,0.0,60613600
2023-01-23,283.1737365722656,0.0,288.9599914550781,0.0,290.2099914550781,282.7300109863281,283.5400085449219,0.0,52799900
2023-01-24,282.5954895019531,0.0,288.3699951171875,0.0,289.54998779296875,286.7799987792969,287.3099975585937,0.0,44875100
2023-01-25,281.96832275390625,0.0,287.7300109863281,0.0,288.3599853515625,281.17999267578125,283.7699890136719,0.0,50872000
2023-01-26,287.46600341796875,0.0,293.3399963378906,0.0,293.5199890136719,288.5199890136719,291.2200012207031,0.0,51596300
2023-01-27,290.3275756835937,0.0,296.260009765625,0.0,298.260009765625,291.8800048828125,292.0,0.0,56441900
2023-01-30,284.4574890136719,0.0,290.2699890136719,0.0,294.3800048828125,289.8900146484375,292.92999267578125,0.0,49405800
2023-01-31,288.72039794921875,0.0,294.6199951171875,0.0,294.7200012207031,290.20001220703125,290.3099975585937,0.0,46705100
2023-02-01,294.8942565917969,0.0,300.9200134277344,0.0,303.42999267578125,292.29998779296875,294.4100036621094,0.0,67562200
2023-02-02,305.4779052734375,0.0,311.7200012207031,0.0,313.67999267578125,306.7300109863281,307.57000732421875,0.0,83070600
2023-02-03,300.0488586425781,0.0,306.17999267578125,0.0,312.3900146484375,304.5400085449219,304.94000244140625,0.0,76170800
2023-02-06,297.5107727050781,0.0,303.5899963378906,0.0,305.9100036621094,302.2200012207031,303.510009765625,0.0,40802300
2023-02-07,303.6747436523437,0.0,309.8800048828125,0.0,311.0299987792969,302.32000732421875,303.4599914550781,0.0,67584000
2023-02-08,298.275146484375,0.0,304.3699951171875,0.0,309.5,303.6700134277344,308.5400085449219,0.0,56720900
2023-02-09,295.6390075683594,0.0,301.67999267578125,0.0,308.989990234375,300.20001220703125,308.8399963378906,0.0,49137800
2023-02-10,293.6986389160156,0.0,299.70001220703125,0.0,301.57000732421875,297.25,299.4800109863281,0.0,50050100
2023-02-13,298.40252685546875,0.0,304.5,0.0,305.1000061035156,299.92999267578125,301.1300048828125,0.0,39636700
2023-02-14,300.60748291015625,0.0,306.75,0.0,307.7200012207031,300.9100036621094,302.8900146484375,0.0,64079100
2023-02-15,302.9104309082031,0.0,309.1000061035156,0.0,309.2699890136719,304.20001220703125,304.8999938964844,0.0,43100600
2023-02-16,297.2265319824219,0.0,303.29998779296875,0.0,308.42999267578125,303.1499938964844,304.3800048828125,0.0,59498600
2023-02-17,295.12945556640625,0.0,301.1600036621094,0.0,301.92999267578125,298.1000061035156,301.07000732421875,0.0,58230700
2023-02-21,288.1422119140625,0.0,294.0299987792969,0.0,298.7300109863281,293.8900146484375,297.260009765625,0.0,46526700
2023-02-22,288.3577575683594,0.0,294.25,0.0,296.3599853515625,292.5599975585937,294.6199951171875,0.0,51389200
2023-02-23,290.8763427734375,0.0,296.82000732421875,0.0,298.1300048828125,292.54998779296875,297.9700012207031,0.0,69294400
2023-02-24,286.0057983398437,0.0,291.8500061035156,0.0,292.9700012207031,290.04998779296875,291.760009765625,0.0,74332000
2023-02-27,288.0540466308594,0.0,293.94000244140625,0.0,296.489990234375,293.3399963378906,295.07000732421875,0.0,48995000
2023-02-28,287.6816101074219,0.0,293.5599975585937,0.0,296.1199951171875,292.9599914550781,293.29998779296875,0.0,48243100
2023-03-01,285.3688049316406,0.0,291.20001220703125,0.0,293.92999267578125,290.20001220703125,293.260009765625,0.0,58287000
2023-03-02,287.73052978515625,0.0,293.6099853515625,0.0,294.42999267578125,288.3699951171875,288.6600036621094,0.0,53565900
2023-03-03,293.67901611328125,0.0,299.67999267578125,0.0,299.9200134277344,294.8699951171875,295.3900146484375,0.0,60511500
2023-03-06,294.0121154785156,0.0,300.0199890136719,0.0,304.0,299.82000732421875,300.94000244140625,0.0,56736300
2023-03-07,290.4059753417969,0.0,296.3399963378906,0.0,301.010009765625,295.7200012207031,300.07000732421875,0.0,65955800
2023-03-08,291.8562927246094,0.0,297.82000732421875,0.0,298.42999267578125,294.8800048828125,296.7699890136719,0.0,50876300
2023-03-09,286.7996826171875,0.0,292.6600036621094,0.0,300.9800109863281,291.8299865722656,298.3299865722656,0.0,71456700
2023-03-10,282.7718811035156,0.0,288.54998779296875,0.0,294.3500061035156,287.3800048828125,292.8299865722656,0.0,98593600
2023-03-13,284.8690490722656,0.0,290.69000244140625,0.0,294.4700012207031,285.19000244140625,286.7300109863281,0.0,97123600
2023-03-14,291.415283203125,0.0,297.3699951171875,0.0,297.92999267578125,293.45001220703125,294.3099975585937,0.0,73602500
2023-03-15,292.9440002441406,0.0,298.92999267578125,0.0,299.2699890136719,293.239990234375,294.7099914550781,0.0,83631500
2023-03-16,300.6662292480469,0.0,306.8099975585937,0.0,307.17999267578125,297.19000244140625,298.0,0.0,98198100
2023-03-17,299.2452392578125,0.0,305.3599853515625,0.0,309.1499938964844,303.3699951171875,306.7200012207031,0.0,89923700
2023-03-20,300.3072204589844,0.0,305.9700012207031,0.472,306.29998779296875,302.010009765625,304.260009765625,0.0,56359500
2023-03-21,304.59637451171875,0.0,310.3399963378906,0.0,310.79998779296875,306.3999938964844,307.94000244140625,0.0,49757000
2023-03-22,300.4544982910156,0.0,306.1199951171875,0.0,315.25,305.95001220703125,310.2699890136719,0.0,75791900
2023-03-23,304.0173645019531,0.0,309.75,0.0,314.1499938964844,307.010009765625,309.9200134277344,0.0,74576000
2023-03-24,305.1361999511719,0.0,310.8900146484375,0.0,310.989990234375,306.95001220703125,309.32000732421875,0.0,57195200
2023-03-27,303.0456237792969,0.0,308.760009765625,0.0,312.70001220703125,307.8900146484375,311.6000061035156,0.0,50287400
2023-03-28,301.4360046386719,0.0,307.1199951171875,0.0,308.20001220703125,304.7699890136719,308.1700134277344,0.0,48585900
2023-03-29,306.932373046875,0.0,312.7200012207031,0.0,313.3500061035156,310.04998779296875,310.8800048828125,0.0,53274300
2023-03-30,309.8375549316406,0.0,315.67999267578125,0.0,316.32000732421875,312.8099975585937,315.239990234375,0.0,58354800
2023-03-31,314.99041748046875,0.0,320.92999267578125,0.0,321.1700134277344,315.6000061035156,315.9100036621094,0.0,62138100
2023-04-03,314.2248229980469,0.0,320.1499938964844,0.0,320.4200134277344,317.4200134277344,318.7699890136719,0.0,47126800
2023-04-04,313.164794921875,0.0,319.07000732421875,0.0,321.6300048828125,317.8299865722656,320.6000061035156,0.0,45875400
2023-04-05,310.0731506347656,0.0,315.9200134277344,0.0,319.0599975585937,314.07000732421875,318.1000061035156,0.0,62795700
2023-04-06,312.1636657714844,0.0,318.04998779296875,0.0,318.54998779296875,312.82000732421875,314.239990234375,0.0,46916500
2023-04-10,311.9870300292969,0.0,317.8699951171875,0.0,317.9200134277344,313.25,315.07000732421875,0.0,45134700
2023-04-11,309.9848022460937,0.0,315.8299865722656,0.0,317.8900146484375,315.3099975585937,317.8299865722656,0.0,40113600
2023-04-12,307.2465209960937,0.0,313.0400085449219,0.0,318.4200134277344,312.57000732421875,317.82000732421875,0.0,62813300
2023-04-13,313.2630310058594,0.0,319.1700134277344,0.0,319.6499938964844,313.6300048828125,314.8299865722656,0.0,54613800
2023-04-14,312.6739807128906,0.0,318.57000732421875,0.0,320.3599853515625,315.6099853515625,317.5899963378906,0.0,56278300
2023-04-17,312.9390563964844,0.0,318.8399963378906,0.0,319.20001220703125,316.0400085449219,318.1499938964844,0.0,43007000
2023-04-18,312.9586486816406,0.0,318.8599853515625,0.0,321.4200134277344,317.6400146484375,320.989990234375,0.0,46746900
2023-04-19,312.8114318847656,0.0,318.7099914550781,0.0,319.7900085449219,316.2799987792969,316.4100036621094,0.0,38960100
2023-04-20,310.42645263671875,0.0,316.2799987792969,0.0,319.2699890136719,314.9700012207031,315.69000244140625,0.0,62462100
2023-04-21,310.7503356933594,0.0,316.6099853515625,0.0,317.3999938964844,314.1000061035156,315.9100036621094,0.0,59002300
2023-04-24,310.1025390625,0.0,315.95001220703125,0.0,317.739990234375,313.739990234375,316.3800048828125,0.0,44043100
2023-04-25,304.2528686523437,0.0,309.989990234375,0.0,314.9700012207031,309.8900146484375,314.2900085449219,0.0,57121600
2023-04-26,306.0980529785156,0.0,311.8699951171875,0.0,314.94000244140625,311.3399963378906,313.44000244140625,0.0,55400500
2023-04-27,314.421142578125,0.0,320.3500061035156,0.0,320.8599853515625,315.04998779296875,315.70001220703125,0.0,65430400
2023-04-28,316.5902404785156,0.0,322.5599975585937,0.0,322.6499938964844,318.9599914550781,320.1099853515625,0.0,59712600
2023-05-01,316.22711181640625,0.0,322.19000244140625,0.0,323.6300048828125,321.0899963378906,322.0899963378906,0.0,41013400
2023-05-02,313.4690856933594,0.0,319.3800048828125,0.0,322.45001220703125,317.6099853515625,322.1199951171875,0.0,56519400
2023-05-03,311.417724609375,0.0,317.2900085449219,0.0,322.4700012207031,317.17999267578125,319.75,0.0,59882100
2023-05-04,310.318603515625,0.0,316.1700134277344,0.0,318.2300109863281,315.1199951171875,317.0599975585937,0.0,50224500
2023-05-05,316.9141540527344,0.0,322.8900146484375,0.0,323.760009765625,316.2099914550781,318.4700012207031,0.0,51806100
2023-05-08,317.69927978515625,0.0,323.69000244140625,0.0,324.0400085449219,321.32000732421875,322.4200134277344,0.0,36465800
2023-05-09,315.6872253417969,0.0,321.6400146484375,0.0,322.8800048828125,321.32000732421875,322.0,0.0,31768800
2023-05-10,319.1224975585937,0.0,325.1400146484375,0.0,326.010009765625,321.6000061035156,324.1199951171875,0.0,60446600
2023-05-11,320.1629333496094,0.0,326.20001220703125,0.0,326.75,324.1199951171875,325.70001220703125,0.0,44278500
2023-05-12,319.0144958496094,0.0,325.0299987792969,0.0,327.1700134277344,322.94000244140625,326.739990234375,0.0,48432800
2023-05-15,320.7419738769531,0.0,326.7900085449219,0.0,327.0299987792969,323.9599914550781,325.510009765625,0.0,33375600
2023-05-16,321.1051025390625,0.0,327.1600036621094,0.0,328.8999938964844,326.0199890136719,326.0599975585937,0.0,40019200
2023-05-17,324.9918212890625,0.0,331.1199951171875,0.0,331.7099914550781,327.0400085449219,328.239990234375,0.0,47486100
2023-05-18,331.0280456542969,0.0,337.2699890136719,0.0,337.489990234375,331.5,331.5199890136719,0.0,64213500
2023-05-19,330.2820739746094,0.0,336.510009765625,0.0,338.2099914550781,335.42999267578125,337.489990234375,0.0,61554900
2023-05-22,331.39111328125,0.0,337.6400146484375,0.0,338.6700134277344,336.239990234375,336.25,0.0,43015900
2023-05-23,327.1903076171875,0.0,333.3599853515625,0.0,337.0599975585937,333.0,335.8900146484375,0.0,48216700
2023-05-24,325.5119323730469,0.0,331.6499938964844,0.0,332.9100036621094,329.5599975585937,331.3699951171875,0.0,62891200
2023-05-25,333.4326477050781,0.0,339.7200012207031,0.0,341.010009765625,336.6700134277344,339.1400146484375,0.0,66862800
2023-05-26,341.9519958496094,0.0,348.3999938964844,0.0,349.25,340.6600036621094,340.760009765625,0.0,63007000
2023-05-30,343.50274658203125,0.0,349.9800109863281,0.0,353.92999267578125,348.5299987792969,352.7099914550781,0.0,72652200
2023-05-31,341.5495910644531,0.0,347.989990234375,0.0,350.6000061035156,346.510009765625,348.3699951171875,0.0,65105400
2023-06-01,345.4952087402344,0.0,352.010009765625,0.0,353.3599853515625,346.6600036621094,347.7300109863281,0.0,50488600
2023-06-02,348.0863037109375,0.0,354.6499938964844,0.0,355.8299865722656,352.010009765625,353.79998779296875,0.0,53372100
2023-06-05,348.3316650390625,0.0,354.8999938964844,0.0,357.5,353.8500061035156,354.42999267578125,0.0,47266200
2023-06-06,348.2727966308594,0.0,354.8399963378906,0.0,355.82000732421875,352.92999267578125,354.2799987792969,0.0,41390400
2023-06-07,342.3642578125,0.0,348.82000732421875,0.0,357.1199951171875,348.17999267578125,355.1300048828125,0.0,69225900
2023-06-08,346.61407470703125,0.0,353.1499938964844,0.0,353.6199951171875,348.8900146484375,349.1199951171875,0.0,47153900
2023-06-09,347.9391174316406,0.0,354.5,0.0,357.6600036621094,353.0299987792969,354.6300048828125,0.0,53196900
2023-06-12,353.8182067871094,0.0,360.489990234375,0.0,360.5899963378906,355.20001220703125,356.19000244140625,0.0,44606500
2023-06-13,356.5369873046875,0.0,363.260009765625,0.0,364.1099853515625,360.0299987792969,363.2900085449219,0.0,57097800
2023-06-14,359.1280822753906,0.0,365.8999938964844,0.0,366.1900024414063,360.4200134277344,363.2699890136719,0.0,69525600
2023-06-15,363.4074401855469,0.0,370.260009765625,0.0,371.7699890136719,363.9800109863281,364.6099853515625,0.0,71138800
2023-06-16,361.12054443359375,0.0,367.9299926757813,0.0,372.8500061035156,367.4800109863281,372.7200012207031,0.0,80932000
2023-06-20,360.60357666015625,0.0,366.8999938964844,0.504,368.3200073242188,363.8900146484375,365.9500122070313,0.0,49204700
2023-06-21,355.6893920898437,0.0,361.8999938964844,0.0,366.1799926757813,360.9599914550781,365.739990234375,0.0,53378300
2023-06-22,359.8861083984375,0.0,366.1700134277344,0.0,366.3299865722656,360.2200012207031,360.6300048828125,0.0,47603000
2023-06-23,356.3184509277344,0.0,362.5400085449219,0.0,364.8800048828125,360.8200073242188,362.2099914550781,0.0,48922900
2023-06-26,351.5418395996094,0.0,357.67999267578125,0.0,364.8399963378906,357.5899963378906,362.0,0.0,52685500
2023-06-27,357.5862121582031,0.0,363.8299865722656,0.0,364.5700073242188,358.510009765625,359.25,0.0,49428100
2023-06-28,358.2841491699219,0.0,364.5400085449219,0.0,366.5199890136719,361.8999938964844,361.9800109863281,0.0,46498000
2023-06-29,357.5666198730469,0.0,363.80999755859375,0.0,364.8900146484375,362.1400146484375,364.239990234375,0.0,46151000
2023-06-30,363.0803527832031,0.0,369.4200134277344,0.0,370.489990234375,367.2300109863281,367.5499877929688,0.0,58712500
2023-07-03,363.9353942871094,0.0,370.2900085449219,0.0,370.9299926757813,368.9700012207031,370.0700073242188,0.0,19432900
2023-07-05,363.9256286621094,0.0,370.2799987792969,0.0,372.010009765625,368.6600036621094,368.7000122070313,0.0,34460900
2023-07-06,361.1539306640625,0.0,367.4599914550781,0.0,367.9100036621094,364.5199890136719,366.510009765625,0.0,49374700
2023-07-07,359.9549255371094,0.0,366.239990234375,0.0,370.4800109863281,366.010009765625,367.2300109863281,0.0,47133700
2023-07-10,360.0727844238281,0.0,366.3599853515625,0.0,367.0499877929688,363.4100036621094,365.9599914550781,0.0,48498800
2023-07-11,361.851806640625,0.0,368.1700134277344,0.0,368.6300048828125,364.6199951171875,366.7900085449219,0.0,38214100
2023-07-12,366.4219665527344,0.0,372.8200073242188,0.0,374.1900024414063,370.2999877929688,372.3399963378906,0.0,61975400
2023-07-13,372.6434020996094,0.0,379.1499938964844,0.0,379.989990234375,375.4599914550781,376.0499877929688,0.0,46960000
2023-07-14,372.564697265625,0.0,379.0700073242188,0.0,382.8599853515625,378.1799926757813,379.5899963378906,0.0,55148500
2023-07-17,376.0439758300781,0.0,382.6099853515625,0.0,383.5,379.30999755859375,379.7999877929688,0.0,40868900
2023-07-18,379.1202392578125,0.0,385.739990234375,0.0,387.1300048828125,380.0,381.9599914550781,0.0,55262000
2023-07-19,379.0317993164063,0.0,385.6499938964844,0.0,387.9800109863281,384.2999877929688,386.8200073242188,0.0,54093000
2023-07-20,370.29443359375,0.0,376.760009765625,0.0,384.1000061035156,375.7200012207031,382.6099853515625,0.0,71941700
2023-07-21,369.1837768554688,0.0,375.6300048828125,0.0,379.9200134277344,375.1900024414063,379.1799926757813,0.0,60499600
2023-07-24,369.7734680175781,0.0,376.2300109863281,0.0,377.5799865722656,374.3399963378906,376.6199951171875,0.0,40380100
2023-07-25,372.27972412109375,0.0,378.7799987792969,0.0,380.4700012207031,376.9299926757813,376.9500122070313,0.0,38894400
2023-07-26,371.0413208007813,0.0,377.5199890136719,0.0,379.239990234375,375.1799926757813,377.7200012207031,0.0,47075700
2023-07-27,370.1567687988281,0.0,376.6199951171875,0.0,384.7099914550781,375.30999755859375,383.0700073242188,0.0,63940200
2023-07-28,376.8991088867188,0.0,383.4800109863281,0.0,384.5199890136719,380.2200012207031,380.739990234375,0.0,56902900
2023-07-31,377.0955810546875,0.0,383.6799926757813,0.0,384.8800048828125,382.3399963378906,383.7900085449219,0.0,44019900
2023-08-01,376.2209167480469,0.0,382.7900085449219,0.0,383.55999755859375,380.6900024414063,382.30999755859375,0.0,41060600
2023-08-02,367.9650268554688,0.0,374.3900146484375,0.0,379.260009765625,373.1300048828125,379.260009765625,0.0,72687100
2023-08-03,367.3753662109375,0.0,373.7900085449219,0.0,375.9500122070313,371.7699890136719,371.9400024414063,0.0,47666400
2023-08-04,365.6554565429688,0.0,372.0400085449219,0.0,378.1000061035156,371.5299987792969,375.75,0.0,61702800
2023-08-07,368.7513732910156,0.0,375.1900024414063,0.0,375.2900085449219,371.510009765625,373.8800048828125,0.0,37230400
2023-08-08,365.6160583496094,0.0,372.0,0.0,372.6600036621094,368.8200073242188,372.6400146484375,0.0,44726500
2023-08-09,361.5962829589844,0.0,367.9100036621094,0.0,372.4500122070313,367.1400146484375,372.2900085449219,0.0,51150900
2023-08-10,362.26458740234375,0.0,368.5899963378906,0.0,374.3599853515625,367.0400085449219,370.9700012207031,0.0,72035300
2023-08-11,359.9549255371094,0.0,366.239990234375,0.0,368.0,364.6900024414063,365.989990234375,0.0,48707200
2023-08-14,363.9944152832031,0.0,370.3500061035156,0.0,370.4700012207031,364.7000122070313,365.4299926757813,0.0,42130800
2023-08-15,360.1318359375,0.0,366.4200134277344,0.0,370.1700134277344,365.739990234375,369.3599853515625,0.0,45539900
2023-08-16,356.3184509277344,0.0,362.5400085449219,0.0,367.4299926757813,362.4400024414063,365.8699951171875,0.0,53190500
2023-08-17,352.4263610839844,0.0,358.5799865722656,0.0,364.30999755859375,358.1600036621094,363.9599914550781,0.0,62604300
2023-08-18,351.98406982421875,0.0,358.1300048828125,0.0,359.4100036621094,354.7099914550781,355.260009765625,0.0,61191400
2023-08-21,357.65509033203125,0.0,363.8999938964844,0.0,364.5899963378906,359.1499938964844,359.6199951171875,0.0,50696500
2023-08-22,357.1439819335937,0.0,363.3800048828125,0.0,366.55999755859375,362.6799926757813,366.5499877929688,0.0,44530200
2023-08-23,362.7756652832031,0.0,369.1099853515625,0.0,370.2200012207031,364.3599853515625,364.5799865722656,0.0,51770600
2023-08-24,355.02105712890625,0.0,361.2200012207031,0.0,372.739990234375,361.010009765625,372.6400146484375,0.0,66842500
2023-08-25,357.77294921875,0.0,364.0199890136719,0.0,365.739990234375,358.5799865722656,362.0700073242188,0.0,69960500
2023-08-28,360.4659729003906,0.0,366.760009765625,0.0,367.7099914550781,364.25,366.989990234375,0.0,40910000
2023-08-29,368.3385620117188,0.0,374.7699890136719,0.0,375.1300048828125,366.2300109863281,366.55999755859375,0.0,58492400
2023-08-30,370.3926696777344,0.0,376.8599853515625,0.0,377.4500122070313,373.8599853515625,374.8800048828125,0.0,41731500
2023-08-31,371.5032958984375,0.0,377.989990234375,0.0,379.7200012207031,376.8699951171875,376.9400024414063,0.0,35730700
2023-09-01,371.1100463867188,0.0,377.5899963378906,0.0,380.8299865722656,376.0799865722656,380.3999938964844,0.0,39801200
2023-09-05,371.5818786621094,0.0,378.0700073242188,0.0,379.30999755859375,375.8299865722656,376.7699890136719,0.0,32344200
2023-09-06,368.3090515136719,0.0,374.739990234375,0.0,377.6300048828125,372.7000122070313,377.2799987792969,0.0,42998700
2023-09-07,365.6750183105469,0.0,372.05999755859375,0.0,372.8500061035156,369.1499938964844,370.2099914550781,0.0,52060700
2023-09-08,366.18603515625,0.0,372.5799865722656,0.0,374.8500061035156,371.6000061035156,372.010009765625,0.0,35800100
2023-09-11,370.5007934570313,0.0,376.9700012207031,0.0,377.489990234375,373.6600036621094,375.6600036621094,0.0,39936600
2023-09-12,366.3924865722656,0.0,372.7900085449219,0.0,376.9500122070313,372.5,375.2699890136719,0.0,41391000
2023-09-13,367.7881774902344,0.0,374.2099914550781,0.0,375.8399963378906,371.8800048828125,373.0299987792969,0.0,46300700
2023-09-14,370.795654296875,0.0,377.2699890136719,0.0,378.2699890136719,373.8900146484375,375.989990234375,0.0,48039400
2023-09-15,364.4465026855469,0.0,370.80999755859375,0.0,376.3200073242188,369.8599853515625,375.9100036621094,0.0,69811200
2023-09-18,364.8264465332031,0.0,370.6600036621094,0.536,371.7900085449219,369.0299987792969,369.3200073242188,0.0,36903500
2023-09-19,364.048828125,0.0,369.8699951171875,0.0,370.6799926757813,366.7999877929688,369.3200073242188,0.0,37621700
2023-09-20,358.8027648925781,0.0,364.5400085449219,0.0,371.30999755859375,364.4599914550781,370.9500122070313,0.0,45514200
2023-09-21,352.2279052734375,0.0,357.8599853515625,0.0,361.6000061035156,357.69000244140625,360.7999877929688,0.0,69734800
2023-09-22,352.2770690917969,0.0,357.9100036621094,0.0,361.7999877929688,357.5899963378906,359.6300048828125,0.0,51589700
2023-09-25,353.9503479003906,0.0,359.6099853515625,0.0,359.70001220703125,355.92999267578125,356.92999267578125,0.0,39168000
2023-09-26,348.63531494140625,0.0,354.2099914550781,0.0,357.5400085449219,353.2099914550781,356.989990234375,0.0,53657700
2023-09-27,349.4522399902344,0.0,355.0400085449219,0.0,356.9800109863281,351.3599853515625,355.3800048828125,0.0,56066000
2023-09-28,352.37548828125,0.0,358.010009765625,0.0,360.1700134277344,353.239990234375,354.1099853515625,0.0,56453300
2023-09-29,352.6313781738281,0.0,358.2699890136719,0.0,362.9500122070313,357.0199890136719,361.5400085449219,0.0,64829600
2023-10-02,355.5743408203125,0.0,361.260009765625,0.0,362.6799926757813,357.9200134277344,358.5400085449219,0.0,51625100
2023-10-03,349.33416748046875,0.0,354.9200134277344,0.0,361.010009765625,353.2799987792969,358.7799987792969,0.0,60478500
2023-10-04,354.088134765625,0.0,359.75,0.0,360.6099853515625,355.29998779296875,355.7699890136719,0.0,54786700
2023-10-05,353.0447998046875,0.0,358.69000244140625,0.0,360.1499938964844,355.1400146484375,359.739990234375,0.0,45897400
2023-10-06,358.9602355957031,0.0,364.7000122070313,0.0,365.9100036621094,354.8500061035156,355.6499938964844,0.0,75049100
2023-10-09,360.7909240722656,0.0,366.55999755859375,0.0,367.1099853515625,360.7799987792969,362.2999877929688,0.0,45304800
2023-10-10,362.7889709472656,0.0,368.5899963378906,0.0,371.2799987792969,366.3900146484375,366.8999938964844,0.0,46968800
2023-10-11,365.3775939941406,0.0,371.2200012207031,0.0,371.4100036621094,368.1900024414063,369.9400024414063,0.0,38215100
2023-10-12,364.10791015625,0.0,369.9299926757813,0.0,373.739990234375,367.5,371.7300109863281,0.0,49587900
2023-10-13,359.5310974121094,0.0,365.2799987792969,0.0,371.1600036621094,363.8599853515625,370.5700073242188,0.0,52469900
2023-10-16,363.5960998535156,0.0,369.4100036621094,0.0,370.4800109863281,366.4700012207031,366.6199951171875,0.0,44201100
2023-10-17,362.4051513671875,0.0,368.2000122070313,0.0,369.9200134277344,363.6600036621094,365.80999755859375,0.0,50999100
2023-10-18,357.65118408203125,0.0,363.3699951171875,0.0,367.9100036621094,362.0199890136719,365.6700134277344,0.0,54280500
2023-10-19,354.3046569824219,0.0,359.9700012207031,0.0,366.0199890136719,359.1600036621094,364.80999755859375,0.0,72274200
2023-10-20,349.0191345214844,0.0,354.6000061035156,0.0,360.0400085449219,354.3699951171875,359.4599914550781,0.0,72559700
2023-10-23,350.0722961425781,0.0,355.6700134277344,0.0,359.260009765625,351.1199951171875,353.260009765625,0.0,60665200
2023-10-24,353.4778747558594,0.0,359.1300048828125,0.0,359.9100036621094,355.7900085449219,357.510009765625,0.0,47082100
2023-10-25,344.82623291015625,0.0,350.3399963378906,0.0,356.8800048828125,349.75,356.70001220703125,0.0,71190500
2023-10-26,338.2514038085937,0.0,343.6600036621094,0.0,350.07000732421875,342.3500061035156,349.1199951171875,0.0,78621400
2023-10-27,339.8753662109375,0.0,345.3099975585937,0.0,348.8399963378906,344.0799865722656,346.42999267578125,0.0,63476700
2023-10-30,343.7041015625,0.0,349.20001220703125,0.0,350.5400085449219,346.45001220703125,347.8299865722656,0.0,55298500
2023-10-31,345.3479309082031,0.0,350.8699951171875,0.0,351.25,346.6199951171875,349.2300109863281,0.0,47671900
2023-11-01,351.3420104980469,0.0,356.9599914550781,0.0,357.5299987792969,351.6199951171875,351.7200012207031,0.0,58992700
2023-11-02,357.72003173828125,0.0,363.4400024414063,0.0,363.6799926757813,360.2999877929688,361.5400085449219,0.0,58162400
2023-11-03,361.9228820800781,0.0,367.7099914550781,0.0,369.0199890136719,364.5199890136719,364.75,0.0,53280500
2023-11-06,363.3992004394531,0.0,369.2099914550781,0.0,369.7799987792969,366.9100036621094,368.489990234375,0.0,38848700
2023-11-07,366.8342895507813,0.0,372.7000122070313,0.0,373.5799865722656,369.0499877929688,370.2699890136719,0.0,50777400
2023-11-08,367.0704956054688,0.0,372.9400024414063,0.0,373.7900085449219,370.6199951171875,373.0799865722656,0.0,35663400
2023-11-09,364.2456665039063,0.0,370.0700073242188,0.0,374.7999877929688,369.5700073242188,373.6400146484375,0.0,53859400
2023-11-10,372.4347229003906,0.0,378.3900146484375,0.0,378.5400085449219,371.2799987792969,371.8200073242188,0.0,58309800
2023-11-13,371.2733154296875,0.0,377.2099914550781,0.0,378.2799987792969,375.239990234375,376.7900085449219,0.0,40733500
2023-11-14,379.2655029296875,0.0,385.3299865722656,0.0,386.260009765625,383.1799926757813,383.7099914550781,0.0,67792600
2023-11-15,379.5509033203125,0.0,385.6199951171875,0.0,387.75,384.239990234375,387.25,0.0,54141400
2023-11-16,379.8757934570313,0.0,385.9500122070313,0.0,386.1900024414063,383.55999755859375,384.8399963378906,0.0,45343500
2023-11-17,379.9643859863281,0.0,386.0400085449219,0.0,387.0700073242188,384.2900085449219,385.2099914550781,0.0,46571900
2023-11-20,384.5903625488281,0.0,390.739990234375,0.0,391.4100036621094,386.0499877929688,386.0499877929688,0.0,44429600
2023-11-21,382.3561096191406,0.0,388.4700012207031,0.0,389.2300109863281,386.7000122070313,389.010009765625,0.0,43337000
2023-11-22,383.9210510253906,0.0,390.05999755859375,0.0,393.0700073242188,389.0400085449219,390.5700073242188,0.0,44121000
2023-11-24,383.3797302246094,0.0,389.510009765625,0.0,390.25,388.5,389.6499938964844,0.0,15718800
2023-11-27,383.0450439453125,0.0,389.1700134277344,0.0,391.1499938964844,388.2799987792969,389.010009765625,0.0,34139700
2023-11-28,384.0490112304688,0.0,390.1900024414063,0.0,390.7799987792969,388.0499877929688,388.4100036621094,0.0,35491100
2023-11-29,383.6750183105469,0.0,389.80999755859375,0.0,394.1400146484375,389.4599914550781,392.6900024414063,0.0,38811700
2023-11-30,382.7104187011719,0.0,388.8299865722656,0.0,390.5499877929688,385.8200073242188,390.0799865722656,0.0,52834400
2023-12-01,383.8029479980469,0.0,389.9400024414063,0.0,390.5400085449219,386.0700073242188,387.75,0.0,40490100
2023-12-04,380.2399291992188,0.0,386.3200073242188,0.0,386.6000061035156,382.6600036621094,386.0899963378906,0.0,51186900
2023-12-05,381.1947021484375,0.0,387.2900085449219,0.0,388.5,384.2099914550781,384.3900146484375,0.0,42933000
2023-12-06,378.9898986816406,0.0,385.0499877929688,0.0,390.3699951171875,384.7000122070313,390.2699890136719,0.0,41994100
2023-12-07,384.2852783203125,0.0,390.4299926757813,0.0,391.2699890136719,386.9599914550781,388.0700073242188,0.0,49593500
2023-12-08,385.9979248046875,0.0,392.1700134277344,0.0,392.6199951171875,388.4800109863281,388.6700134277344,0.0,46687500
2023-12-11,389.2951354980469,0.0,395.5199890136719,0.0,395.7900085449219,391.5299987792969,391.739990234375,0.0,41198000
2023-12-12,392.39556884765625,0.0,398.6700134277344,0.0,398.7900085449219,394.4100036621094,395.55999755859375,0.0,39221200
2023-12-13,397.3857421875,0.0,403.739990234375,0.0,404.3599853515625,398.8399963378906,399.6199951171875,0.0,55408100
2023-12-14,397.0413208007813,0.0,403.3900146484375,0.0,406.2999877929688,400.3399963378906,404.9800109863281,0.0,55447800
2023-12-15,398.9605712890625,0.0,405.3399963378906,0.0,406.5400085449219,403.5700073242188,404.1799926757813,0.0,62896600
2023-12-18,401.4734497070313,0.0,407.0799865722656,0.808,407.989990234375,404.6000061035156,404.9299926757813,0.0,46610000
2023-12-19,403.52490234375,0.0,409.1600036621094,0.0,409.2799987792969,407.3500061035156,407.5400085449219,0.0,35711900
2023-12-20,397.5285339355469,0.0,403.0799865722656,0.0,410.4700012207031,402.8999938964844,408.3500061035156,0.0,54042400
2023-12-21,402.1540222167969,0.0,407.7699890136719,0.0,408.1400146484375,404.4700012207031,407.05999755859375,0.0,45568900
2023-12-22,402.7556457519531,0.0,408.3800048828125,0.0,409.9700012207031,406.4800109863281,409.0,0.0,34314000
2023-12-26,405.22119140625,0.0,410.8800048828125,0.0,411.55999755859375,409.1499938964844,409.25,0.0,22722500
2023-12-27,406.0460510253906,0.0,411.5,0.216,411.7900085449219,410.0799865722656,410.9500122070313,0.0,31980500
2023-12-28,405.8487548828125,0.0,411.2999877929688,0.0,412.9200134277344,410.9400024414063,412.6700134277344,0.0,27029200
2023-12-29,404.09228515625,0.0,409.5199890136719,0.0,411.6400146484375,407.5799865722656,411.2799987792969,0.0,42662100
2024-01-02,397.2542419433594,0.0,402.5899963378906,0.0,406.0899963378906,400.239990234375,405.8399963378906,0.0,58026900
2024-01-03,393.0506896972656,0.0,398.3299865722656,0.0,401.0,397.8900146484375,399.9299926757813,0.0,47002800
2024-01-04,391.0278625488281,0.0,396.2799987792969,0.0,399.5899963378906,396.05999755859375,396.4400024414063,0.0,39432800
2024-01-05,391.4915771484375,0.0,396.75,0.0,399.55999755859375,395.3399963378906,396.4500122070313,0.0,44922800
2024-01-08,399.5829162597656,0.0,404.9500122070313,0.0,405.239990234375,397.8399963378906,397.989990234375,0.0,42473800
2024-01-09,400.372314453125,0.0,405.75,0.0,406.6900024414063,401.7099914550781,401.9100036621094,0.0,39132900
2024-01-10,403.08587646484375,0.0,408.5,0.0,409.5199890136719,405.1700134277344,406.0700073242188,0.0,33962800
2024-01-11,403.9245910644531,0.0,409.3500061035156,0.0,411.2000122070313,404.239990234375,409.7900085449219,0.0,54536200
2024-01-12,404.1318054199219,0.0,409.55999755859375,0.0,411.25,408.1499938964844,410.3999938964844,0.0,39595000
2024-01-16,404.09228515625,0.0,409.5199890136719,0.0,411.1199951171875,406.8299865722656,408.30999755859375,0.0,43903000
2024-01-17,401.81298828125,0.0,407.2099914550781,0.0,407.5899963378906,402.9200134277344,406.1700134277344,0.0,54386000
2024-01-18,407.516357421875,0.0,412.989990234375,0.0,413.5799865722656,409.1600036621094,410.5199890136719,0.0,59562500
2024-01-19,415.5978088378906,0.0,421.1799926757813,0.0,421.3399963378906,414.6300048828125,415.2200012207031,0.0,70325100
2024-01-22,416.1405334472656,0.0,421.7300109863281,0.0,424.7300109863281,421.1199951171875,423.4100036621094,0.0,44880600
2024-01-23,417.8673400878906,0.0,423.4800109863281,0.0,423.7000122070313,420.5700073242188,422.4299926757813,0.0,33003800
2024-01-24,420.1861267089844,0.0,425.8299865722656,0.0,429.8500061035156,425.3299865722656,427.4400024414063,0.0,46948000
2024-01-25,420.6993103027344,0.0,426.3500061035156,0.0,429.0400085449219,423.9800109863281,428.3599853515625,0.0,44367200
2024-01-26,418.1929626464844,0.0,423.80999755859375,0.0,426.2099914550781,423.1499938964844,424.4400024414063,0.0,37137000
2024-01-29,422.4754638671875,0.0,428.1499938964844,0.0,428.3500061035156,423.6099853515625,424.2699890136719,0.0,38694700
2024-01-30,419.66314697265625,0.0,425.2999877929688,0.0,427.6799926757813,424.3800048828125,427.1000061035156,0.0,36739000
2024-01-31,411.4436340332031,0.0,416.9700012207031,0.0,422.8699951171875,416.7900085449219,420.8500061035156,0.0,64010600
2024-02-01,416.2885437011719,0.0,421.8800048828125,0.0,422.3800048828125,417.80999755859375,418.7900085449219,0.0,51008600
2024-02-02,423.3240661621094,0.0,429.010009765625,0.0,430.239990234375,422.7900085449219,423.7999877929688,0.0,59602400
2024-02-05,422.7714538574219,0.0,428.4500122070313,0.0,429.6099853515625,425.0,429.0700073242188,0.0,39889200
2024-02-06,421.9228210449219,0.0,427.5899963378906,0.0,430.2200012207031,425.2200012207031,429.6099853515625,0.0,35846100
2024-02-07,426.2645263671875,0.0,431.989990234375,0.0,432.8299865722656,429.0899963378906,430.4100036621094,0.0,37712700
2024-02-08,427.0538940429688,0.0,432.7900085449219,0.0,433.55999755859375,431.4200134277344,432.1099853515625,0.0,29889900
2024-02-09,431.2574768066406,0.0,437.0499877929688,0.0,437.8500061035156,433.1400146484375,433.9400024414063,0.0,36943900
2024-02-12,429.5701599121094,0.0,435.3399963378906,0.0,439.1400146484375,434.6499938964844,436.9400024414063,0.0,33203300
2024-02-13,422.8700866699219,0.0,428.5499877929688,0.0,431.2699890136719,425.3299865722656,427.2799987792969,0.0,64491700
2024-02-14,427.4782104492188,0.0,433.2200012207031,0.0,433.6499938964844,428.8800048828125,431.260009765625,0.0,45092700
2024-02-15,428.7511291503906,0.0,434.510009765625,0.0,434.9800109863281,431.3299865722656,433.9200134277344,0.0,38796100
2024-02-16,424.8633728027344,0.0,430.5700073242188,0.0,434.989990234375,429.8500061035156,434.8900146484375,0.0,53716500
2024-02-20,421.6564331054688,0.0,427.3200073242188,0.0,430.0799865722656,423.5,428.5499877929688,0.0,53999500
2024-02-21,419.9691162109375,0.0,425.6099853515625,0.0,425.7000122070313,421.6300048828125,424.5499877929688,0.0,49779000
2024-02-22,432.2639465332031,0.0,438.0700073242188,0.0,439.1199951171875,433.7099914550781,434.489990234375,0.0,53887800
2024-02-23,430.9910583496094,0.0,436.7799987792969,0.0,440.5899963378906,435.7900085449219,439.6499938964844,0.0,39853900
2024-02-26,430.7640380859375,0.0,436.5499877929688,0.0,438.6000061035156,436.3599853515625,437.6000061035156,0.0,33043200
2024-02-27,431.8002014160156,0.0,437.6000061035156,0.0,437.989990234375,435.0299987792969,437.6700134277344,0.0,33713200
2024-02-28,429.50103759765625,0.0,435.2699890136719,0.0,436.6700134277344,434.2999877929688,435.4299926757813,0.0,32938800
2024-02-29,433.181640625,0.0,439.0,0.0,440.0899963378906,435.0199890136719,438.2300109863281,0.0,42495200
2024-03-01,439.7040100097656,0.0,445.6099853515625,0.0,446.5799865722656,439.8399963378906,439.8999938964844,0.0,43853000
2024-03-04,438.1351318359375,0.0,444.0199890136719,0.0,446.0400085449219,443.7699890136719,445.6099853515625,0.0,34325700
2024-03-05,430.2706909179688,0.0,436.0499877929688,0.0,440.9500122070313,433.6499938964844,440.9400024414063,0.0,57917100
2024-03-06,432.9744262695313,0.0,438.7900085449219,0.0,441.989990234375,436.8900146484375,440.3200073242188,0.0,46234500
2024-03-07,439.5461730957031,0.0,445.4500122070313,0.0,446.7200012207031,440.8599853515625,442.4200134277344,0.0,44526700
2024-03-08,433.2013244628906,0.0,439.0199890136719,0.0,448.6400146484375,438.3399963378906,445.80999755859375,0.0,72096000
2024-03-11,431.5930480957031,0.0,437.3900146484375,0.0,438.6600036621094,435.4400024414063,437.510009765625,0.0,45860000
2024-03-12,437.7799072265625,0.0,443.6600036621094,0.0,444.0199890136719,436.4599914550781,439.7300109863281,0.0,55300900
2024-03-13,434.4150695800781,0.0,440.25,0.0,442.6700134277344,439.1199951171875,442.6499938964844,0.0,37928700
2024-03-14,433.3197937011719,0.0,439.1400146484375,0.0,442.0299987792969,436.3900146484375,441.5,0.0,52195200
2024-03-15,428.1689453125,0.0,433.9200134277344,0.0,438.8699951171875,432.739990234375,436.0700073242188,0.0,73069800
2024-03-18,432.2525939941406,0.0,437.4800109863281,0.573,441.0400085449219,437.239990234375,438.7300109863281,0.0,47323800
2024-03-19,433.32952880859375,0.0,438.5700073242188,0.0,438.9800109863281,433.3299865722656,435.4500122070313,0.0,43004100
2024-03-20,438.4673767089844,0.0,443.7699890136719,0.0,444.1099853515625,438.05999755859375,439.7799987792969,0.0,43653500
2024-03-21,440.5422973632813,0.0,445.8699951171875,0.0,449.3399963378906,445.6700134277344,448.8800048828125,0.0,39345700
2024-03-22,441.0462341308594,0.0,446.3800048828125,0.0,447.489990234375,444.489990234375,445.3500061035156,0.0,28253900
2024-03-25,439.4456176757813,0.0,444.760009765625,0.0,446.260009765625,442.5400085449219,443.5499877929688,0.0,27789200
2024-03-26,438.0228271484375,0.0,443.3200073242188,0.0,447.2300109863281,443.0899963378906,446.2999877929688,0.0,34142000
2024-03-27,439.5147399902344,0.0,444.8299865722656,0.0,446.5400085449219,441.9299926757813,446.4400024414063,0.0,41359200
2024-03-28,438.70452880859375,0.0,444.010009765625,0.0,445.6400146484375,443.6499938964844,444.7799987792969,0.0,36839600
2024-04-01,439.63330078125,0.0,444.9500122070313,0.0,447.5299987792969,443.0199890136719,444.9700012207031,0.0,38729000
2024-04-02,435.8392028808594,0.0,441.1099853515625,0.0,441.4299926757813,438.0299987792969,440.0799865722656,0.0,44259700
2024-04-03,436.8173828125,0.0,442.1000061035156,0.0,444.0,438.9500122070313,438.9599914550781,0.0,39949800
2024-04-04,430.1381530761719,0.0,435.3399963378906,0.0,446.9500122070313,435.1099853515625,446.3299865722656,0.0,57267700
2024-04-05,435.2068481445313,0.0,440.4700012207031,0.0,443.1700134277344,435.9599914550781,436.7799987792969,0.0,54744600
2024-04-08,435.3353271484375,0.0,440.6000061035156,0.0,442.5,439.2000122070313,441.4100036621094,0.0,28144900
2024-04-09,436.94580078125,0.0,442.2300109863281,0.0,443.239990234375,437.4400024414063,442.9599914550781,0.0,39443600
2024-04-10,433.1319580078125,0.0,438.3699951171875,0.0,439.239990234375,436.2799987792969,437.0,0.0,61502200
2024-04-11,440.04833984375,0.0,445.3699951171875,0.0,446.3299865722656,437.9599914550781,440.260009765625,0.0,45474600
2024-04-12,433.0330810546875,0.0,438.2699890136719,0.0,442.239990234375,436.8800048828125,441.1000061035156,0.0,53665000
2024-04-15,425.9092712402344,0.0,431.05999755859375,0.0,442.1499938964844,430.2099914550781,442.05999755859375,0.0,63453600
2024-04-16,425.9488525390625,0.0,431.1000061035156,0.0,433.760009765625,429.7000122070313,430.8999938964844,0.0,47619000
2024-04-17,420.7516479492188,0.0,425.8399963378906,0.0,433.1199951171875,424.8999938964844,433.1000061035156,0.0,56880500
2024-04-18,418.3507385253906,0.0,423.4100036621094,0.0,428.239990234375,422.8299865722656,426.489990234375,0.0,46549400
2024-04-19,409.6953430175781,0.0,414.6499938964844,0.0,422.75,413.0700073242188,422.2200012207031,0.0,75231000
2024-04-22,413.8155822753906,0.0,418.8200073242188,0.0,421.1799926757813,413.9400024414063,417.30999755859375,0.0,47807700
2024-04-23,419.9908752441406,0.0,425.0700073242188,0.0,426.2799987792969,418.8699951171875,420.7699890136719,0.0,44384700
2024-04-24,421.4136962890625,0.0,426.510009765625,0.0,429.7300109863281,424.2000122070313,428.2000122070313,0.0,48440300
2024-04-25,419.3782958984375,0.0,424.4500122070313,0.0,425.3200073242188,418.1400146484375,419.239990234375,0.0,57392200
2024-04-26,425.85003662109375,0.0,431.0,0.0,432.5499877929688,426.9200134277344,427.6199951171875,0.0,41874900
2024-04-29,427.5791320800781,0.0,432.75,0.0,433.760009765625,429.9800109863281,433.1300048828125,0.0,30022200
2024-04-30,419.5166015625,0.0,424.5899963378906,0.0,432.55999755859375,424.510009765625,431.1499938964844,0.0,43665900
2024-05-01,416.4832763671875,0.0,421.5199890136719,0.0,430.1400146484375,420.6600036621094,423.1499938964844,0.0,52251700
2024-05-02,421.7990112304688,0.0,426.8999938964844,0.0,427.80999755859375,420.6300048828125,425.2999877929688,0.0,36559000
2024-05-03,430.2764892578125,0.0,435.4800109863281,0.0,436.4800109863281,432.6199951171875,434.4400024414063,0.0,48515300
2024-05-06,434.9894714355469,0.0,440.25,0.0,440.3399963378906,436.5199890136719,437.2999877929688,0.0,30227200
2024-05-07,435.0586242675781,0.0,440.3200073242188,0.0,441.9700012207031,439.5799865722656,440.7000122070313,0.0,30996100
2024-05-08,434.8017272949219,0.0,440.05999755859375,0.0,441.4800109863281,437.5499877929688,437.6700134277344,0.0,24896700
2024-05-09,435.7502746582031,0.0,441.0199890136719,0.0,441.6000061035156,438.4599914550781,440.3299865722656,0.0,24580100
2024-05-10,436.7778625488281,0.0,442.05999755859375,0.0,444.30999755859375,440.5,442.5400085449219,0.0,27116600
2024-05-13,437.78558349609375,0.0,443.0799865722656,0.0,444.0899963378906,441.6499938964844,443.989990234375,0.0,22994200
2024-05-14,440.60162353515625,0.0,445.9299926757813,0.0,446.4700012207031,442.4599914550781,442.6499938964844,0.0,34478300
2024-05-15,447.4883117675781,0.0,452.8999938964844,0.0,453.1499938964844,446.8999938964844,448.4299926757813,0.0,41464700
2024-05-16,446.579345703125,0.0,451.9800109863281,0.0,454.6900024414063,451.80999755859375,452.7099914550781,0.0,34780400
2024-05-17,446.3619384765625,0.0,451.760009765625,0.0,452.7200012207031,449.5400085449219,452.1099853515625,0.0,35803700
2024-05-20,449.4743347167969,0.0,454.9100036621094,0.0,455.5799865722656,451.7900085449219,451.9800109863281,0.0,24474200
2024-05-21,450.3536987304688,0.0,455.7999877929688,0.0,455.989990234375,452.8399963378906,453.0400085449219,0.0,23167700
2024-05-22,450.2647399902344,0.0,455.7099914550781,0.0,456.8200073242188,453.0799865722656,456.05999755859375,0.0,25120000
2024-05-23,448.2392272949219,0.0,453.6600036621094,0.0,460.5799865722656,451.8500061035156,460.5499877929688,0.0,40899200
2024-05-24,452.4779968261719,0.0,457.9500122070313,0.0,459.2300109863281,453.5700073242188,455.2900085449219,0.0,29669500
2024-05-28,454.1873168945313,0.0,459.6799926757813,0.0,459.739990234375,456.6900024414063,459.1799926757813,0.0,26216800
2024-05-29,450.9860229492188,0.0,456.4400024414063,0.0,458.239990234375,455.3399963378906,455.4800109863281,0.0,29739200
2024-05-30,446.1544494628906,0.0,451.5499877929688,0.0,455.6400146484375,450.2099914550781,455.5,0.0,30536800
2024-05-31,445.324462890625,0.0,450.7099914550781,0.0,452.4800109863281,443.05999755859375,451.7799987792969,0.0,55941300
2024-06-03,447.7155456542969,0.0,453.1300048828125,0.0,455.5799865722656,447.8999938964844,454.5700073242188,0.0,32997500
2024-06-04,448.9407348632813,0.0,454.3699951171875,0.0,455.5799865722656,451.1300048828125,452.8699951171875,0.0,23767400
2024-06-05,457.9913024902344,0.0,463.5299987792969,0.0,463.6099853515625,454.4100036621094,457.9800109863281,0.0,33817400
2024-06-06,457.8332824707031,0.0,463.3699951171875,0.0,464.5400085449219,462.1900024414063,464.2200012207031,0.0,21966800
2024-06-07,457.4281311035156,0.0,462.9599914550781,0.0,465.739990234375,461.8399963378906,463.0,0.0,25829700
2024-06-10,459.2757568359375,0.0,464.8299865722656,0.0,465.1900024414063,461.5299987792969,461.8200073242188,0.0,20660800
2024-06-11,462.4276428222656,0.0,468.0199890136719,0.0,468.1400146484375,462.0299987792969,463.5400085449219,0.0,22053300
2024-06-12,468.484375,0.0,474.1499938964844,0.0,476.5,471.2900085449219,471.989990234375,0.0,34532600
2024-06-13,471.023681640625,0.0,476.7200012207031,0.0,478.3900146484375,474.4200134277344,477.7200012207031,0.0,25859000
2024-06-14,473.4641723632813,0.0,479.1900024414063,0.0,479.260009765625,476.0499877929688,476.5199890136719,0.0,23372600
2024-06-17,479.2640686035156,0.0,485.05999755859375,0.0,486.8599853515625,478.1400146484375,479.4599914550781,0.0,37054500
2024-06-18,479.4122619628906,0.0,485.2099914550781,0.0,485.8999938964844,483.4299926757813,485.010009765625,0.0,24438600
2024-06-20,475.7169494628906,0.0,481.4700012207031,0.0,486.8399963378906,479.6199951171875,486.4200134277344,0.0,33918700
2024-06-21,474.4423522949219,0.0,480.1799926757813,0.0,482.5400085449219,478.6700134277344,481.1900024414063,0.0,37456800
2024-06-24,469.04095458984375,0.0,473.9599914550781,0.762,479.9299926757813,473.8200073242188,478.1799926757813,0.0,37751000
2024-06-25,474.4047546386719,0.0,479.3800048828125,0.0,479.6799926757813,475.1199951171875,476.0700073242188,0.0,29014700
2024-06-26,475.3844604492188,0.0,480.3699951171875,0.0,480.9200134277344,478.1300048828125,478.5499877929688,0.0,22737100
2024-06-27,476.6116027832031,0.0,481.6099853515625,0.0,483.1000061035156,479.2999877929688,480.1199951171875,0.0,26222100
2024-06-28,474.1375122070313,0.0,479.1099853515625,0.0,487.2000122070313,478.4599914550781,482.4100036621094,0.0,34881600
2024-07-01,476.9183654785156,0.0,481.9200134277344,0.0,482.489990234375,476.260009765625,480.0400085449219,0.0,24898300
2024-07-02,481.9259033203125,0.0,486.9800109863281,0.0,487.0400085449219,480.2799987792969,480.4100036621094,0.0,26723600
2024-07-03,485.9437561035156,0.0,491.0400085449219,0.0,491.1700134277344,486.2200012207031,486.2200012207031,0.0,18064900
2024-07-05,491.0105590820313,0.0,496.1600036621094,0.0,496.6000061035156,491.5899963378906,491.8900146484375,0.0,28495900
2024-07-08,492.1783447265625,0.0,497.3399963378906,0.0,497.8999938964844,495.5,496.5299987792969,0.0,22109400
2024-07-09,492.6038818359375,0.0,497.7699890136719,0.0,500.0,496.239990234375,498.8699951171875,0.0,25614500
2024-07-10,497.7400207519531,0.0,502.9599914550781,0.0,503.5199890136719,498.3900146484375,499.7099914550781,0.0,28046900
2024-07-11,486.8245239257813,0.0,491.9299926757813,0.0,503.2799987792969,490.7300109863281,503.0700073242188,0.0,49966600
2024-07-12,489.68450927734375,0.0,494.8200073242188,0.0,499.6199951171875,492.0400085449219,492.510009765625,0.0,37109400
2024-07-15,491.0007629394531,0.0,496.1499938964844,0.0,501.010009765625,494.0899963378906,496.6099853515625,0.0,31151400
2024-07-16,491.1887817382813,0.0,496.3399963378906,0.0,498.4400024414063,493.1499938964844,497.6199951171875,0.0,25950600
2024-07-17,476.7699279785156,0.0,481.7699890136719,0.0,488.7999877929688,481.7000122070313,488.2799987792969,0.0,56268800
2024-07-18,474.5136413574219,0.0,479.489990234375,0.0,485.7099914550781,476.2699890136719,485.5299987792969,0.0,49347400
2024-07-19,470.30767822265625,0.0,475.239990234375,0.0,481.6900024414063,473.9400024414063,479.1499938964844,0.0,42042900
2024-07-22,477.3143005371094,0.0,482.3200073242188,0.0,483.3500061035156,477.7099914550781,481.1600036621094,0.0,40300000
2024-07-23,475.63189697265625,0.0,480.6199951171875,0.0,484.4299926757813,480.1400146484375,481.4100036621094,0.0,23282500
2024-07-24,458.5708312988281,0.0,463.3800048828125,0.0,474.1900024414063,462.510009765625,473.8200073242188,0.0,58818600
2024-07-25,453.5138549804688,0.0,458.2699890136719,0.0,467.9400024414063,455.6300048828125,463.7200012207031,0.0,59256800
2024-07-26,458.16510009765625,0.0,462.9700012207031,0.0,465.9299926757813,459.7699890136719,462.6499938964844,0.0,39992100
2024-07-29,459.08544921875,0.0,463.8999938964844,0.0,467.9100036621094,461.6199951171875,465.7099914550781,0.0,28218500
2024-07-30,452.781494140625,0.0,457.5299987792969,0.0,466.55999755859375,454.1499938964844,465.8500061035156,0.0,41317200
2024-07-31,466.1809997558594,0.0,471.0700073242188,0.0,472.7900085449219,466.4100036621094,467.8699951171875,0.0,44552100
2024-08-01,454.8894348144531,0.0,459.6600036621094,0.0,475.5499877929688,455.9800109863281,471.760009765625,0.0,56653900
2024-08-02,444.0926513671875,0.0,448.75,0.0,453.5700073242188,444.4700012207031,450.8900146484375,0.0,66323200
2024-08-05,430.8515319824219,0.0,435.3699951171875,0.0,442.2900085449219,423.4500122070313,424.7099914550781,0.0,87483500
2024-08-06,434.9683227539063,0.0,439.5299987792969,0.0,447.0700073242188,434.55999755859375,437.2300109863281,0.0,63164400
2024-08-07,430.25775146484375,0.0,434.7699890136719,0.0,449.0,434.3699951171875,446.489990234375,0.0,54929200
2024-08-08,443.4197692871094,0.0,448.0700073242188,0.0,448.989990234375,437.1499938964844,441.05999755859375,0.0,47890100
2024-08-09,445.7354431152344,0.0,450.4100036621094,0.0,452.05999755859375,445.6099853515625,446.739990234375,0.0,33574000
2024-08-12,446.6953125,0.0,451.3800048828125,0.0,454.3699951171875,448.5499877929688,451.3900146484375,0.0,27795000
2024-08-13,457.779052734375,0.0,462.5799865722656,0.0,462.8500061035156,455.6799926757813,455.8200073242188,0.0,40084500
2024-08-14,457.9275817871094,0.0,462.7300109863281,0.0,465.1099853515625,458.3999938964844,463.510009765625,0.0,34733700
2024-08-15,469.4962768554688,0.0,474.4200134277344,0.0,474.8200073242188,468.3800048828125,468.760009765625,0.0,38280600
2024-08-16,470.0999450683594,0.0,475.0299987792969,0.0,476.4100036621094,471.6499938964844,472.6199951171875,0.0,38383600
2024-08-19,476.2751159667969,0.0,481.2699890136719,0.0,481.30999755859375,473.3699951171875,475.1700134277344,0.0,23737700
2024-08-20,475.2756042480469,0.0,480.260009765625,0.0,482.9400024414063,478.5499877929688,480.3500061035156,0.0,29209300
2024-08-21,477.4923400878906,0.0,482.5,0.0,484.3699951171875,479.3200073242188,481.0499877929688,0.0,25658800
2024-08-22,469.9217529296875,0.0,474.8500061035156,0.0,485.5400085449219,473.80999755859375,484.8399963378906,0.0,37739600
2024-08-23,475.0182800292969,0.0,480.0,0.0,482.739990234375,475.2799987792969,479.239990234375,0.0,36061500
2024-08-26,470.4067077636719,0.0,475.3399963378906,0.0,480.3800048828125,473.239990234375,479.4500122070313,0.0,27452600
2024-08-27,471.8119812011719,0.0,476.760009765625,0.0,477.8399963378906,471.7099914550781,473.6900024414063,0.0,27510000
2024-08-28,466.4580993652344,0.0,471.3500061035156,0.0,477.0199890136719,467.8900146484375,476.2900085449219,0.0,37372400
2024-08-29,465.7752990722656,0.0,470.6600036621094,0.0,477.9299926757813,469.3699951171875,473.2799987792969,0.0,41081500
2024-08-30,471.3270263671875,0.0,476.2699890136719,0.0,476.8999938964844,470.510009765625,475.0400085449219,0.0,33466500
2024-09-03,457.0171508789063,0.0,461.80999755859375,0.0,473.3299865722656,459.4100036621094,473.2000122070313,0.0,44985200
2024-09-04,455.82958984375,0.0,460.6099853515625,0.0,464.4500122070313,457.7300109863281,458.6700134277344,0.0,32505100
2024-09-05,456.2550964355469,0.0,461.0400085449219,0.0,465.3599853515625,457.9400024414063,458.9700012207031,0.0,34452400
2024-09-06,444.0332946777344,0.0,448.6900024414063,0.0,461.2200012207031,448.1900024414063,460.3299865722656,0.0,50624400
2024-09-09,449.743408203125,0.0,454.4599914550781,0.0,455.4599914550781,449.8200073242188,453.05999755859375,0.0,32981200
2024-09-10,453.8998107910156,0.0,458.6600036621094,0.0,459.1700134277344,452.2300109863281,456.239990234375,0.0,29680300
2024-09-11,463.7564086914063,0.0,468.6199951171875,0.0,469.3699951171875,451.2799987792969,459.9100036621094,0.0,57843000
2024-09-12,468.3086853027344,0.0,473.2200012207031,0.0,474.0400085449219,466.8500061035156,468.6499938964844,0.0,40067800
2024-09-13,470.4067077636719,0.0,475.3399963378906,0.0,476.5299987792969,472.25,472.4800109863281,0.0,29111800
2024-09-16,468.3284301757813,0.0,473.239990234375,0.0,473.8599853515625,469.8900146484375,473.1900024414063,0.0,22585600
2024-09-17,468.5758666992188,0.0,473.489990234375,0.0,477.6000061035156,470.9700012207031,476.2900085449219,0.0,30084400
2024-09-18,466.5471496582031,0.0,471.4400024414063,0.0,478.8299865722656,470.8299865722656,474.7000122070313,0.0,39909200
2024-09-19,478.3434448242188,0.0,483.3599853515625,0.0,486.2300109863281,480.489990234375,482.6099853515625,0.0,52782500
2024-09-20,477.4330139160156,0.0,482.4400024414063,0.0,483.6900024414063,478.2999877929688,482.489990234375,0.0,34577700
2024-09-23,478.6985473632813,0.0,483.0400085449219,0.677,484.1400146484375,481.6000061035156,482.9500122070313,0.0,24843000
2024-09-24,481.0075988769531,0.0,485.3699951171875,0.0,486.3299865722656,480.1700134277344,484.4599914550781,0.0,25952600
2024-09-25,481.45355224609375,0.0,485.8200073242188,0.0,487.7900085449219,484.55999755859375,484.739990234375,0.0,26549900
2024-09-26,485.0707092285156,0.0,489.4700012207031,0.0,493.7000122070313,485.7999877929688,493.3699951171875,0.0,32020200
2024-09-27,482.3751831054688,0.0,486.75,0.0,490.6400146484375,485.55999755859375,490.5,0.0,22851100
2024-09-30,483.683349609375,0.0,488.0700073242188,0.0,488.4100036621094,482.9200134277344,485.7799987792969,0.0,30281100
2024-10-01,476.94439697265625,0.0,481.2699890136719,0.0,488.0,477.3999938964844,487.7000122070313,0.0,42735400
2024-10-02,477.6183471679688,0.0,481.9500122070313,0.0,483.8800048828125,477.7200012207031,480.3599853515625,0.0,23744000
2024-10-03,477.2615661621094,0.0,481.5899963378906,0.0,484.5499877929688,478.989990234375,479.739990234375,0.0,25337200
2024-10-04,482.9400634765625,0.0,487.3200073242188,0.0,487.8800048828125,482.3900146484375,487.4500122070313,0.0,30686600
2024-10-07,477.7669372558594,0.0,482.1000061035156,0.0,486.5700073242188,480.8699951171875,485.3900146484375,0.0,24975100
2024-10-08,484.9022216796875,0.0,489.2999877929688,0.0,489.989990234375,483.8500061035156,484.6600036621094,0.0,28272000
2024-10-09,488.7176513671875,0.0,493.1499938964844,0.0,493.7300109863281,487.9500122070313,489.0,0.0,24995000
2024-10-10,488.1626892089844,0.0,492.5899963378906,0.0,494.4700012207031,489.5299987792969,490.8500061035156,0.0,25750400
2024-10-11,488.9257507324219,0.0,493.3599853515625,0.0,494.3900146484375,490.1700134277344,490.739990234375,0.0,20644500
2024-10-14,493.0285949707031,0.0,497.5,0.0,498.8299865722656,495.260009765625,495.7699890136719,0.0,26060100
2024-10-15,486.4383239746094,0.0,490.8500061035156,0.0,498.5,488.6799926757813,497.8299865722656,0.0,34784500
2024-10-16,486.4977722167969,0.0,490.9100036621094,0.0,491.6900024414063,487.5700073242188,491.1799926757813,0.0,22996800
2024-10-17,486.8347473144531,0.0,491.25,0.0,496.489990234375,491.1900024414063,496.4400024414063,0.0,27210700
2024-10-18,490.02581787109375,0.0,494.4700012207031,0.0,495.5700073242188,493.2999877929688,494.05999755859375,0.0,25335000
2024-10-21,490.9672546386719,0.0,495.4200134277344,0.0,496.2300109863281,491.30999755859375,493.25,0.0,30336500
2024-10-22,491.5024108886719,0.0,495.9599914550781,0.0,497.4500122070313,491.9700012207031,492.7300109863281,0.0,26685800
2024-10-23,483.970703125,0.0,488.3599853515625,0.0,494.25,485.0499877929688,493.5899963378906,0.0,39346600
2024-10-24,487.8951110839844,0.0,492.3200073242188,0.0,493.0,489.4400024414063,492.1099853515625,0.0,22024900
2024-10-25,490.8681335449219,0.0,495.3200073242188,0.0,500.2799987792969,494.4299926757813,495.1400146484375,0.0,38762100
2024-10-28,490.9474182128906,0.0,495.3999938964844,0.0,498.5199890136719,495.1000061035156,498.4599914550781,0.0,20477800
2024-10-29,495.6646728515625,0.0,500.1600036621094,0.0,501.3500061035156,493.8500061035156,495.7200012207031,0.0,28014100
2024-10-30,491.9186706542969,0.0,496.3800048828125,0.0,500.3500061035156,495.8900146484375,499.3900146484375,0.0,29756000
2024-10-31,479.5012512207031,0.0,483.8500061035156,0.0,492.4299926757813,483.75,492.3800048828125,0.0,41245200
2024-11-01,483.0490417480469,0.0,487.4299926757813,0.0,490.75,485.2000122070313,485.5,0.0,33655800
2024-11-04,481.641845703125,0.0,486.010009765625,0.0,489.3800048828125,484.25,486.8200073242188,0.0,23291600
2024-11-05,487.78607177734375,0.0,492.2099914550781,0.0,492.8800048828125,487.5199890136719,487.6099853515625,0.0,24353600
2024-11-06,501.0359191894531,0.0,505.5799865722656,0.0,506.4100036621094,499.6000061035156,500.55999755859375,0.0,43082200
2024-11-07,508.9243469238281,0.0,513.5399780273438,0.0,514.3300170898438,508.3399963378906,508.3999938964844,0.0,32853100
2024-11-08,509.51898193359375,0.0,514.1400146484375,0.0,514.9199829101562,512.4099731445312,513.0399780273438,0.0,22924500
2024-11-11,509.2216491699219,0.0,513.8400268554688,0.0,515.5800170898438,510.9200134277344,515.3699951171875,0.0,24167500
2024-11-12,508.300048828125,0.0,512.9099731445312,0.0,514.6599731445312,509.8299865722656,513.77001953125,0.0,25835300
2024-11-13,507.64599609375,0.0,512.25,0.0,514.97998046875,509.9500122070313,512.4000244140625,0.0,24567400
2024-11-14,504.1179504394531,0.0,508.6900024414063,0.0,512.7899780273438,507.7699890136719,511.9100036621094,0.0,28679500
2024-11-15,492.1069641113281,0.0,496.5700073242188,0.0,503.3299865722656,494.489990234375,502.9400024414063,0.0,51461100
2024-11-18,495.5259094238281,0.0,500.0199890136719,0.0,502.1400146484375,496.7300109863281,498.1300048828125,0.0,27080800
2024-11-19,498.93499755859375,0.0,503.4599914550781,0.0,503.9500122070313,497.0799865722656,497.4200134277344,0.0,24523000
2024-11-20,498.6476440429688,0.0,503.1700134277344,0.0,503.4800109863281,496.55999755859375,503.1600036621094,0.0,29565500
2024-11-21,500.44134521484375,0.0,504.9800109863281,0.0,506.9599914550781,497.55999755859375,506.239990234375,0.0,34526700
2024-11-22,501.2440490722656,0.0,505.7900085449219,0.0,506.5299987792969,502.7799987792969,504.4200134277344,0.0,23826600
2024-11-25,502.036865234375,0.0,506.5899963378906,0.0,511.4500122070313,504.260009765625,509.8999938964844,0.0,26375200
2024-11-26,504.732421875,0.0,509.30999755859375,0.0,510.1400146484375,507.2300109863281,508.0799865722656,0.0,26557100
2024-11-27,500.7584838867188,0.0,505.2999877929688,0.0,508.239990234375,501.9299926757813,508.1700134277344,0.0,24957400
2024-11-29,505.1585388183594,0.0,509.739990234375,0.0,510.3399963378906,505.30999755859375,505.9299926757813,0.0,15334000
2024-12-02,510.6585998535156,0.0,515.2899780273438,0.0,516.260009765625,510.6199951171875,511.010009765625,0.0,25147200
2024-12-03,512.2245483398438,0.0,516.8699951171875,0.0,517.1500244140625,513.3699951171875,513.9500122070312,0.0,18597900
2024-12-04,518.5570678710938,0.0,523.260009765625,0.0,523.52001953125,519.5999755859375,520.3200073242188,0.0,26086200
2024-12-05,517.1199951171875,0.0,521.8099975585938,0.0,524.0399780273438,521.4199829101562,523.3099975585938,0.0,18169600
2024-12-06,521.748046875,0.0,526.47998046875,0.0,526.719970703125,522.3499755859375,522.47998046875,0.0,23762600
2024-12-09,517.6848754882812,0.0,522.3800048828125,0.0,526.3499755859375,521.219970703125,525.5499877929688,0.0,20674400
2024-12-10,515.9208374023438,0.0,520.5999755859375,0.0,525.3800048828125,519.1599731445312,523.6199951171875,0.0,24350000
2024-12-11,525.1571044921875,0.0,529.9199829101562,0.0,530.6099853515625,524.5900268554688,525.0,0.0,32168600
2024-12-12,521.7679443359375,0.0,526.5,0.0,528.9600219726562,526.02001953125,527.6799926757812,0.0,23577500
2024-12-13,525.76171875,0.0,530.530029296875,0.0,533.1699829101562,527.2999877929688,530.4600219726562,0.0,28780400
2024-12-16,533.3329467773438,0.0,538.1699829101562,0.0,539.1500244140625,533.0,533.0800170898438,0.0,31979900
2024-12-17,530.9843139648438,0.0,535.7999877929688,0.0,537.47998046875,534.1300048828125,536.3599853515625,0.0,28579100
2024-12-18,511.8279724121094,0.0,516.469970703125,0.0,536.8800048828125,515.010009765625,535.1500244140625,0.0,54703200
2024-12-19,509.5486755371094,0.0,514.1699829101562,0.0,521.760009765625,513.8300170898438,521.1900024414062,0.0,46441800
2024-12-20,513.9983520507812,0.0,518.6599731445312,0.0,524.8200073242188,509.2900085449219,510.4400024414063,0.0,60530000
2024-12-23,519.0060424804688,0.0,522.8699951171875,0.835,523.25,516.1300048828125,519.5499877929688,0.0,29672800
2024-12-24,526.043701171875,0.0,529.9600219726562,0.0,530.0499877929688,524.1900024414062,524.8300170898438,0.0,17558200
2024-12-26,525.6863403320312,0.0,529.5999755859375,0.0,531.239990234375,526.3099975585938,528.3200073242188,0.0,19090500
2024-12-27,518.6983642578125,0.0,522.5599975585938,0.0,526.4500122070312,517.8599853515625,526.010009765625,0.0,33839600
2024-12-30,511.7997741699219,0.0,515.6099853515625,0.0,519.3599853515625,511.8299865722656,515.510009765625,0.0,34584000
2024-12-31,507.4521179199219,0.0,511.2300109863281,0.0,517.6599731445312,510.260009765625,516.9000244140625,0.0,29117000
2025-01-02,506.4595336914063,0.0,510.2300109863281,0.0,516.6400146484375,505.7099914550781,514.2999877929688,0.0,36389800
2025-01-03,514.7477416992188,0.0,518.5800170898438,0.0,519.6500244140625,512.530029296875,513.3499755859375,0.0,29059500
2025-01-06,520.6637573242188,0.0,524.5399780273438,0.0,527.9199829101562,522.030029296875,524.02001953125,0.0,36109700
2025-01-07,511.3728942871094,0.0,515.1799926757812,0.0,525.989990234375,513.280029296875,525.5900268554688,0.0,36690300
2025-01-08,511.4622497558594,0.0,515.27001953125,0.0,516.9199829101562,510.5700073242188,515.0800170898438,0.0,30777800
2025-01-10,503.4419250488281,0.0,507.1900024414063,0.0,511.5799865722656,503.9200134277344,511.4800109863281,0.0,40532500
2025-01-13,501.8240051269531,0.0,505.55999755859375,0.0,506.0199890136719,499.7000122070313,501.2000122070313,0.0,31694200
2025-01-14,501.3475646972656,0.0,505.0799865722656,0.0,510.1600036621094,501.5899963378906,508.739990234375,0.0,33737200
2025-01-15,512.8817138671875,0.0,516.7000122070312,0.0,517.8499755859375,511.4599914550781,513.030029296875,0.0,34957600
2025-01-16,509.2884521484375,0.0,513.0800170898438,0.0,519.0599975585938,512.9500122070312,518.97998046875,0.0,28229000
2025-01-17,517.8843994140625,0.0,521.739990234375,0.0,524.0700073242188,513.1099853515625,522.8499755859375,0.0,51837900
2025-01-21,520.9218139648438,0.0,524.7999877929688,0.0,525.969970703125,520.0599975585938,524.47998046875,0.0,23628000
2025-01-22,527.582275390625,0.0,531.510009765625,0.0,533.8200073242188,529.260009765625,529.5700073242188,0.0,33593000
2025-01-23,528.703857421875,0.0,532.6400146484375,0.0,532.760009765625,528.4500122070312,529.0399780273438,0.0,23096600
2025-01-24,525.7161254882812,0.0,529.6300048828125,0.0,533.7899780273438,528.1500244140625,533.02001953125,0.0,19878300
2025-01-27,510.4100646972656,0.0,514.2100219726562,0.0,517.989990234375,510.1499938964844,511.0,0.0,60771700
2025-01-28,517.9539184570312,0.0,521.8099975585938,0.0,523.0,511.7799987792969,515.219970703125,0.0,33194200
2025-01-29,516.981201171875,0.0,520.8300170898438,0.0,522.5900268554688,516.9000244140625,522.4600219726562,0.0,26649000
2025-01-30,519.1846923828125,0.0,523.0499877929688,0.0,526.0999755859375,518.2100219726562,523.7100219726562,0.0,27431300
2025-01-31,518.4302978515625,0.0,522.2899780273438,0.0,531.52001953125,521.1900024414062,526.9199829101562,0.0,38755200
2025-02-03,514.28125,0.0,518.1099853515625,0.0,520.8499755859375,511.0499877929688,513.469970703125,0.0,40580800
2025-02-04,520.59423828125,0.0,524.469970703125,0.0,525.1099853515625,518.22998046875,518.6300048828125,0.0,26046800
2025-02-05,522.9566040039062,0.0,526.8499755859375,0.0,527.010009765625,520.6199951171875,521.8200073242188,0.0,21134100
2025-02-06,525.6863403320312,0.0,529.5999755859375,0.0,529.8099975585938,525.739990234375,527.3599853515625,0.0,19434500
2025-02-07,519.0556640625,0.0,522.9199829101562,0.0,532.0999755859375,522.1900024414062,530.1400146484375,0.0,29605500
2025-02-10,525.3389892578125,0.0,529.25,0.0,530.3599853515625,526.75,527.219970703125,0.0,20852800
2025-02-11,524.0882568359375,0.0,527.989990234375,0.0,529.9199829101562,525.8300170898438,525.9600219726562,0.0,19325500
2025-02-12,524.3958740234375,0.0,528.2999877929688,0.0,529.1900024414062,521.9500122070312,522.2999877929688,0.0,25009400
2025-02-13,531.9398193359375,0.0,535.9000244140625,0.0,536.219970703125,529.1900024414062,529.97998046875,0.0,28714800
2025-02-14,534.1732177734375,0.0,538.1500244140625,0.0,538.8400268554688,535.6699829101562,536.010009765625,0.0,17862600
2025-02-18,535.3840942382812,0.0,539.3699951171875,0.0,540.0,536.0399780273438,539.72998046875,0.0,20565000
2025-02-19,535.5331420898438,0.0,539.52001953125,0.0,540.8099975585938,536.4600219726562,538.5700073242188,0.0,19666900
2025-02-20,533.2599487304688,0.0,537.22998046875,0.0,539.0999755859375,532.4600219726562,538.72998046875,0.0,26550800
2025-02-21,522.1923828125,0.0,526.0800170898438,0.0,538.4000244140625,525.7100219726562,538.3800048828125,0.0,47093800
2025-02-24,516.0282592773438,0.0,519.8699951171875,0.0,529.0700073242188,519.530029296875,527.8800048828125,0.0,39268400
2025-02-25,509.5267333984375,0.0,513.3200073242188,0.0,519.3200073242188,509.4400024414063,519.239990234375,0.0,48940000
2025-02-26,510.7575073242188,0.0,514.5599975585938,0.0,519.6599731445312,511.3699951171875,515.530029296875,0.0,34457600
2025-02-27,496.5730590820313,0.0,500.2699890136719,0.0,519.0700073242188,500.0499877929688,518.1300048828125,0.0,52448000
2025-02-28,504.4147338867188,0.0,508.1700134277344,0.0,508.7799987792969,496.9299926757813,500.1300048828125,0.0,47654000
2025-03-03,493.37689208984375,0.0,497.0499877929688,0.0,513.0399780273438,493.5799865722656,511.5199890136719,0.0,44587200
2025-03-04,491.8880004882813,0.0,495.5499877929688,0.0,503.739990234375,487.739990234375,494.1799926757813,0.0,67875400
2025-03-05,498.30023193359375,0.0,502.010009765625,0.0,503.6300048828125,491.260009765625,496.2000122070313,0.0,46323700
2025-03-06,484.5923156738281,0.0,488.2000122070313,0.0,498.5799865722656,486.2000122070313,493.6900024414063,0.0,57574300
2025-03-07,488.15576171875,0.0,491.7900085449219,0.0,493.2799987792969,480.5299987792969,487.1600036621094,0.0,54714700
2025-03-10,469.2366638183594,0.0,472.7300109863281,0.0,483.9700012207031,468.6600036621094,483.4500122070313,0.0,76668000
2025-03-11,468.114990234375,0.0,471.6000061035156,0.0,478.80999755859375,467.010009765625,472.3500061035156,0.0,68760800
2025-03-12,473.3956604003906,0.0,476.9200134277344,0.0,481.05999755859375,471.7900085449219,479.1600036621094,0.0,46971100
2025-03-13,464.8790588378906,0.0,468.3399963378906,0.0,476.2799987792969,466.4299926757813,476.25,0.0,46563300
2025-03-14,476.1153564453125,0.0,479.6600036621094,0.0,480.55999755859375,473.1199951171875,473.7300109863281,0.0,43563000
2025-03-17,479.202392578125,0.0,482.7699890136719,0.0,485.8399963378906,477.7999877929688,479.6099853515625,0.0,41744400
2025-03-18,471.0332336425781,0.0,474.5400085449219,0.0,479.6099853515625,472.4100036621094,479.4100036621094,0.0,39072300
2025-03-19,477.33636474609375,0.0,480.8900146484375,0.0,485.3299865722656,474.8699951171875,476.80999755859375,0.0,40430300
2025-03-20,475.7184143066406,0.0,479.260009765625,0.0,484.5499877929688,476.1799926757813,476.8800048828125,0.0,36780500
2025-03-21,477.2867126464844,0.0,480.8399963378906,0.0,481.6099853515625,472.9100036621094,474.0799865722656,0.0,42234900
2025-03-24,487.7604370117188,0.0,490.6600036621094,0.716,491.510009765625,484.3999938964844,487.739990234375,0.0,34567200
2025-03-25,490.5438537597656,0.0,493.4599914550781,0.0,493.6199951171875,490.4200134277344,491.3900146484375,0.0,26035200
2025-03-26,481.5175476074219,0.0,484.3800048828125,0.0,493.1600036621094,482.8200073242188,492.2999877929688,0.0,34627100
2025-03-27,478.7738342285156,0.0,481.6199951171875,0.0,486.5799865722656,480.25,482.4100036621094,0.0,33469800
2025-03-28,466.1687622070313,0.0,468.9400024414063,0.0,480.5199890136719,468.0499877929688,479.80999755859375,0.0,46363800
2025-03-31,466.14892578125,0.0,468.9200134277344,0.0,469.8599853515625,457.3299865722656,461.9200134277344,0.0,53000300
2025-04-01,469.9065856933594,0.0,472.7000122070313,0.0,473.6300048828125,464.4200134277344,467.2999877929688,0.0,41156200
2025-04-02,473.336181640625,0.0,476.1499938964844,0.0,479.55999755859375,465.8599853515625,466.1199951171875,0.0,49894500
2025-04-03,447.9967651367188,0.0,450.6600036621094,0.0,460.0700073242188,450.1400146484375,456.4400024414063,0.0,70456300
2025-04-04,420.1722106933594,0.0,422.6700134277344,0.0,440.3699951171875,422.6700134277344,438.1400146484375,0.0,117088400
2025-04-07,421.1861572265625,0.0,423.6900024414063,0.0,443.1400146484375,402.3900146484375,408.6600036621094,0.0,161557000
2025-04-08,413.6012573242188,0.0,416.05999755859375,0.0,443.1400146484375,409.7900085449219,438.1600036621094,0.0,101248100
2025-04-09,463.24615478515625,0.0,466.0,0.0,467.8299865722656,415.4299926757813,415.5700073242188,0.0,142876900
2025-04-10,443.5432739257813,0.0,446.1799926757813,0.0,455.5899963378906,432.6300048828125,453.55999755859375,0.0,108384100
2025-04-11,451.7146911621094,0.0,454.3999938964844,0.0,455.7900085449219,441.3299865722656,444.6499938964844,0.0,52483800
2025-04-14,454.7764892578125,0.0,457.4800109863281,0.0,465.0499877929688,452.6300048828125,464.4599914550781,0.0,43941200
2025-04-15,455.2835083007813,0.0,457.989990234375,0.0,462.3800048828125,456.1499938964844,458.5400085449219,0.0,35404200
2025-04-16,441.5550842285156,0.0,444.1799926757813,0.0,452.6199951171875,437.760009765625,449.0299987792969,0.0,48980600
2025-04-17,441.4755859375,0.0,444.1000061035156,0.0,447.75,441.3599853515625,447.1700134277344,0.0,44837000
2025-04-21,430.5505065917969,0.0,433.1099853515625,0.0,439.0799865722656,427.9299926757813,438.2300109863281,0.0,44149300
2025-04-22,441.8533325195313,0.0,444.4800109863281,0.0,447.5799865722656,437.6199951171875,438.8200073242188,0.0,52304400
2025-04-23,451.873779296875,0.0,454.55999755859375,0.0,463.3800048828125,452.8800048828125,458.1700134277344,0.0,55801100
2025-04-24,464.5881958007813,0.0,467.3500061035156,0.0,467.6600036621094,455.8299865722656,456.4800109863281,0.0,45956100
2025-04-25,469.7673645019531,0.0,472.55999755859375,0.0,473.0899963378906,465.3900146484375,466.9700012207031,0.0,38697100
2025-04-28,469.61822509765625,0.0,472.4100036621094,0.0,474.80999755859375,466.0299987792969,473.0299987792969,0.0,33550800
2025-04-29,472.7198486328125,0.0,475.5299987792969,0.0,476.4200134277344,469.5899963378906,470.1700134277344,0.0,30613100
2025-04-30,472.6601867675781,0.0,475.4700012207031,0.0,477.2000122070313,462.4299926757813,467.1300048828125,0.0,46810600
2025-05-01,478.8334655761719,0.0,481.6799926757813,0.0,487.1799926757813,480.739990234375,483.4100036621094,0.0,43316500
2025-05-02,485.941162109375,0.0,488.8299865722656,0.0,490.9100036621094,484.8299865722656,486.5400085449219,0.0,39218100
2025-05-05,483.058349609375,0.0,485.9299926757813,0.0,489.0299987792969,484.1000061035156,484.6000061035156,0.0,28309500
2025-05-06,478.5650634765625,0.0,481.4100036621094,0.0,485.0499877929688,478.1900024414063,479.55999755859375,0.0,32786300
2025-05-07,480.4439086914063,0.0,483.2999877929688,0.0,485.7999877929688,476.7799987792969,482.0799865722656,0.0,38006300
2025-05-08,485.4044189453125,0.0,488.2900085449219,0.0,492.7000122070313,484.1700134277344,488.5299987792969,0.0,39577600
2025-05-09,485.0863037109375,0.0,487.9700012207031,0.0,491.5400085449219,486.2000122070313,490.2099914550781,0.0,27767400
2025-05-12,504.8488159179688,0.0,507.8500061035156,0.0,507.8900146484375,501.4800109863281,506.989990234375,0.0,45090600
2025-05-13,512.5431518554688,0.0,515.5900268554688,0.0,517.3900146484375,508.4200134277344,509.1600036621094,0.0,53269600
2025-05-14,515.6148071289062,0.0,518.6799926757812,0.0,519.22998046875,515.75,516.77001953125,0.0,47014500
2025-05-15,516.1815185546875,0.0,519.25,0.0,521.9299926757812,515.1699829101562,516.52001953125,0.0,50153300
2025-05-16,518.4280395507812,0.0,521.510009765625,0.0,521.7000122070312,517.0999755859375,520.6599731445312,0.0,48394600
2025-05-19,518.9251708984375,0.0,522.010009765625,0.0,522.530029296875,514.239990234375,514.239990234375,0.0,52536200
2025-05-20,517.1954345703125,0.0,520.27001953125,0.0,520.9299926757812,516.6599731445312,519.469970703125,0.0,42517600
2025-05-21,510.0081481933594,0.0,513.0399780273438,0.0,523.0,511.239990234375,516.27001953125,0.0,71292800
2025-05-22,510.9624938964844,0.0,514.0,0.0,517.7100219726562,512.2999877929688,513.6599731445312,0.0,55607200
2025-05-23,506.2306213378906,0.0,509.239990234375,0.0,511.8399963378906,505.5799865722656,506.1799926757813,0.0,58368100
2025-05-27,518.1398315429688,0.0,521.219970703125,0.0,521.7100219726562,514.5900268554688,516.1500244140625,0.0,47226300
2025-05-28,515.8434448242188,0.0,518.9099731445312,0.0,523.6799926757812,518.3900146484375,522.1799926757812,0.0,46637200
2025-05-29,516.8574829101562,0.0,519.9299926757812,0.0,526.47998046875,517.3200073242188,526.3300170898438,0.0,58513300
2025-05-30,516.042236328125,0.0,519.1099853515625,0.0,520.6799926757812,511.9299926757813,519.4400024414062,0.0,67662800
2025-06-02,520.1181030273438,0.0,523.2100219726562,0.0,523.4500122070312,515.969970703125,517.239990234375,0.0,44762800
2025-06-03,524.183837890625,0.0,527.2999877929688,0.0,528.739990234375,522.6900024414062,523.5599975585938,0.0,44070300
2025-06-04,525.645263671875,0.0,528.77001953125,0.0,529.8400268554688,525.969970703125,528.010009765625,0.0,41359300
2025-06-05,521.688720703125,0.0,524.7899780273438,0.0,533.0499877929688,522.6599731445312,530.1799926757812,0.0,61031200
2025-06-06,526.7883911132812,0.0,529.9199829101562,0.0,531.7999877929688,528.2100219726562,530.0,0.0,42467000
2025-06-09,527.5638427734375,0.0,530.7000122070312,0.0,532.3499755859375,529.010009765625,530.1400146484375,0.0,33688700
2025-06-10,531.0531005859375,0.0,534.2100219726562,0.0,534.9000244140625,528.8900146484375,531.1699829101562,0.0,40664800
2025-06-11,529.263671875,0.0,532.4099731445312,0.0,536.780029296875,530.1099853515625,535.6199951171875,0.0,53701000
2025-06-12,530.5062255859375,0.0,533.6599731445312,0.0,534.6400146484375,530.8400268554688,531.0900268554688,0.0,34104900
2025-06-13,523.8458862304688,0.0,526.9600219726562,0.0,531.8699951171875,525.72998046875,527.6799926757812,0.0,55814400
2025-06-16,531.132568359375,0.0,534.2899780273438,0.0,535.3699951171875,530.4500122070312,530.5,0.0,37622100
2025-06-17,525.953369140625,0.0,529.0800170898438,0.0,533.3300170898438,527.9099731445312,531.7100219726562,0.0,42180900
2025-06-18,525.8638305664062,0.0,528.989990234375,0.0,532.5499877929688,527.4000244140625,530.0999755859375,0.0,43983500
2025-06-20,523.7167358398438,0.0,526.8300170898438,0.0,533.5599975585938,524.8800048828125,532.260009765625,0.0,61643500
2025-06-23,529.1017456054688,0.0,531.6500244140625,0.591,532.1699829101562,523.6500244140625,526.8099975585938,0.0,50666100
2025-06-24,537.1928100585938,0.0,539.780029296875,0.0,540.7000122070312,536.27001953125,536.8900146484375,0.0,45442000
2025-06-25,538.566162109375,0.0,541.1599731445312,0.0,543.3099975585938,539.3800048828125,542.0599975585938,0.0,44804200
2025-06-26,543.6018676757812,0.0,546.219970703125,0.0,546.6699829101562,541.52001953125,543.3499755859375,0.0,43811400
2025-06-27,545.4629516601562,0.0,548.0900268554688,0.0,549.989990234375,544.5399780273438,547.260009765625,0.0,57577100
2025-06-30,548.9959716796875,0.0,551.6400146484375,0.0,552.7999877929688,549.010009765625,551.260009765625,0.0,45548700
2025-07-01,544.3682250976562,0.0,546.989990234375,0.0,550.7100219726562,544.6599731445312,549.72998046875,0.0,56166700
2025-07-02,548.1599731445312,0.0,550.7999877929688,0.0,551.0,546.1199951171875,546.1599731445312,0.0,36538300
2025-07-03,553.5538940429688,0.0,556.219970703125,0.0,557.2000122070312,553.1799926757812,553.1799926757812,0.0,26443500
2025-07-07,549.3841552734375,0.0,552.030029296875,0.0,554.3400268554688,549.5800170898438,553.52001953125,0.0,45349300
2025-07-08,549.6925659179688,0.0,552.3400268554688,0.0,554.010009765625,551.0999755859375,553.3800048828125,0.0,36153300
2025-07-09,553.5838623046875,0.0,556.25,0.0,557.6300048828125,553.0999755859375,554.47998046875,0.0,43045500
2025-07-10,552.7876586914062,0.0,555.4500122070312,0.0,557.2999877929688,552.75,556.8900146484375,0.0,34710900
2025-07-11,551.5436401367188,0.0,554.2000122070312,0.0,555.7899780273438,552.0499877929688,553.2999877929688,0.0,39618600
2025-07-14,553.5440063476562,0.0,556.2100219726562,0.0,556.9500122070312,551.6300048828125,553.989990234375,0.0,36453300
2025-07-15,554.051513671875,0.0,556.719970703125,0.0,560.7999877929688,556.6599731445312,560.25,0.0,43277700
2025-07-16,554.6187744140625,0.0,557.2899780273438,0.0,560.2100219726562,551.5599975585938,557.280029296875,0.0,52314700
2025-07-17,559.1072387695312,0.0,561.7999877929688,0.0,562.3099975585938,557.2100219726562,558.02001953125,0.0,40423800
2025-07-18,558.5698852539062,0.0,561.260009765625,0.0,564.72998046875,559.97998046875,563.1199951171875,0.0,50484700
2025-07-21,561.4658203125,0.0,564.1699829101562,0.0,566.0599975585938,562.0599975585938,562.0900268554688,0.0,39595200
2025-07-22,558.5598754882812,0.0,561.25,0.0,564.3499755859375,558.6099853515625,564.2999877929688,0.0,43270600
2025-07-23,561.1075439453125,0.0,563.8099975585938,0.0,563.8499755859375,559.5800170898438,562.3400268554688,0.0,40215300
2025-07-24,562.3018798828125,0.0,565.010009765625,0.0,566.239990234375,563.2899780273438,565.1300048828125,0.0,42275500
2025-07-25,563.6553955078125,0.0,566.3699951171875,0.0,567.7000122070312,564.27001953125,564.9299926757812,0.0,30630800
2025-07-28,565.4168701171875,0.0,568.1400146484375,0.0,569.0399780273438,566.8699951171875,567.739990234375,0.0,31498700
2025-07-29,564.5410766601562,0.0,567.260009765625,0.0,572.1099853515625,566.530029296875,570.760009765625,0.0,45463300
2025-07-30,565.2974853515625,0.0,568.02001953125,0.0,570.6199951171875,565.0499877929688,568.1799926757812,0.0,43433800
2025-07-31,562.3018798828125,0.0,565.010009765625,0.0,574.6300048828125,563.8699951171875,574.5399780273438,0.0,64613600
2025-08-01,551.2252197265625,0.0,553.8800048828125,0.0,559.02001953125,551.6799926757812,558.8300170898438,0.0,69400800
2025-08-04,561.3961181640625,0.0,564.0999755859375,0.0,564.3200073242188,558.9500122070312,559.0499877929688,0.0,47669800
2025-08-05,557.5845336914062,0.0,560.27001953125,0.0,566.5599975585938,559.72998046875,565.3900146484375,0.0,48666600
2025-08-06,564.600830078125,0.0,567.3200073242188,0.0,567.760009765625,560.6300048828125,561.1099853515625,0.0,41823700
2025-08-07,566.511474609375,0.0,569.239990234375,0.0,573.3200073242188,565.1099853515625,571.6699829101562,0.0,44463000
2025-08-08,571.796142578125,0.0,574.5499877929688,0.0,574.77001953125,570.1500244140625,570.4500122070312,0.0,35255500
2025-08-11,570.104248046875,0.0,572.8499755859375,0.0,576.7999877929688,571.5700073242188,574.6900024414062,0.0,33112900
2025-08-12,577.269775390625,0.0,580.0499877929688,0.0,580.3499755859375,572.489990234375,575.1599731445312,0.0,42143300
2025-08-13,577.558349609375,0.0,580.3400268554688,0.0,583.3200073242188,578.9400024414062,582.760009765625,0.0,41209300
2025-08-14,577.1105346679688,0.0,579.8900146484375,0.0,581.8800048828125,577.9099731445312,578.280029296875,0.0,45425000
2025-08-15,574.57275390625,0.0,577.3400268554688,0.0,579.8400268554688,575.5700073242188,579.7999877929688,0.0,49480200
2025-08-18,574.34375,0.0,577.1099853515625,0.0,577.77001953125,575.239990234375,576.4400024414062,0.0,29831000
2025-08-19,566.5514526367188,0.0,569.280029296875,0.0,576.5599975585938,568.25,576.3900146484375,0.0,53752600
2025-08-20,563.1876220703125,0.0,565.9000244140625,0.0,568.4500122070312,558.8400268554688,568.3300170898438,0.0,76781100
2025-08-21,560.5801391601562,0.0,563.280029296875,0.0,566.489990234375,560.97998046875,564.3499755859375,0.0,46436900
2025-08-22,569.2284545898438,0.0,571.969970703125,0.0,573.989990234375,563.27001953125,564.6699829101562,0.0,51502100
2025-08-25,567.58642578125,0.0,570.3200073242188,0.0,573.2899780273438,569.1599731445312,570.4000244140625,0.0,34044700
2025-08-26,569.8654174804688,0.0,572.6099853515625,0.0,572.9199829101562,568.7999877929688,569.8300170898438,0.0,34103000
2025-08-27,570.7412109375,0.0,573.489990234375,0.0,574.4099731445312,570.3699951171875,571.5900268554688,0.0,36927100
2025-08-28,574.3140258789062,0.0,577.0800170898438,0.0,578.0,572.4600219726562,574.1099853515625,0.0,46787900
2025-08-29,567.666015625,0.0,570.4000244140625,0.0,575.030029296875,568.5399780273438,574.6599731445312,0.0,56030400
2025-09-02,562.9088745117188,0.0,565.6199951171875,0.0,565.969970703125,559.5399780273438,561.3099975585938,0.0,65876800
2025-09-03,567.3375854492188,0.0,570.0700073242188,0.0,571.7000122070312,566.72998046875,569.22998046875,0.0,54230200
2025-09-04,572.4728393554688,0.0,575.22998046875,0.0,575.5999755859375,569.030029296875,570.739990234375,0.0,47526300
2025-09-05,573.298828125,0.0,576.0599975585938,0.0,581.1199951171875,571.530029296875,580.489990234375,0.0,68342500
2025-09-08,576.0953979492188,0.0,578.8699951171875,0.0,580.8400268554688,577.77001953125,578.3699951171875,0.0,46371400
2025-09-09,577.7275390625,0.0,580.510009765625,0.0,580.9400024414062,577.0399780273438,579.6699829101562,0.0,44007600
2025-09-10,577.9166870117188,0.0,580.7000122070312,0.0,583.77001953125,578.5499877929688,583.739990234375,0.0,49308000
2025-09-11,581.2804565429688,0.0,584.0800170898438,0.0,584.8800048828125,581.6199951171875,583.239990234375,0.0,44745800
2025-09-12,583.8480224609375,0.0,586.6599731445312,0.0,587.8599853515625,584.0999755859375,585.0399780273438,0.0,50745900
2025-09-15,588.843994140625,0.0,591.6799926757812,0.0,591.7899780273438,588.2899780273438,588.4400024414062,0.0,44360300
2025-09-16,588.3463745117188,0.0,591.1799926757812,0.0,592.8599853515625,590.489990234375,592.6099853515625,0.0,36942100
2025-09-17,587.1720581054688,0.0,590.0,0.0,591.75,584.3699951171875,591.0999755859375,0.0,69384800
2025-09-18,592.4666137695312,0.0,595.3200073242188,0.0,598.1400146484375,592.9600219726562,594.9099731445312,0.0,61069300
2025-09-19,596.4772338867188,0.0,599.3499755859375,0.0,600.0499877929688,595.8499755859375,597.3300170898438,0.0,58196100
2025-09-22,600.0083618164062,0.0,602.2000122070312,0.694,602.8699951171875,597.719970703125,597.739990234375,0.0,57154800
2025-09-23,596.0228881835938,0.0,598.2000122070312,0.0,602.5700073242188,596.97998046875,602.3699951171875,0.0,64635500
2025-09-24,593.9305419921875,0.0,596.0999755859375,0.0,599.9000244140625,593.3599853515625,599.5800170898438,0.0,49850300
2025-09-25,591.3699340820312,0.0,593.530029296875,0.0,595.1199951171875,588.5,592.2000122070312,0.0,70920200
2025-09-26,593.8009643554688,0.0,595.969970703125,0.0,596.2999877929688,591.0599975585938,594.3499755859375,0.0,54337400
2025-09-29,596.5509643554688,0.0,598.72998046875,0.0,602.0499877929688,597.4099731445312,599.1099853515625,0.0,48332900
2025-09-30,598.1849975585938,0.0,600.3699951171875,0.0,600.7100219726562,596.0999755859375,598.4299926757812,0.0,46533800
2025-10-01,601.0545043945312,0.0,603.25,0.0,603.7899780273438,596.3400268554688,597.1699829101562,0.0,46899600
2025-10-02,603.5255126953125,0.0,605.72998046875,0.0,607.1599731445312,602.9299926757812,607.0599975585938,0.0,43765400
2025-10-03,600.9848022460938,0.0,603.1799926757812,0.0,607.3300170898438,601.3900146484375,606.510009765625,0.0,46482100
2025-10-06,605.498291015625,0.0,607.7100219726562,0.0,609.3599853515625,605.969970703125,608.4500122070312,0.0,41962100
2025-10-07,602.3099975585938,0.0,604.510009765625,0.0,609.7100219726562,603.030029296875,609.02001953125,0.0,58209500
2025-10-08,609.2147216796875,0.0,611.4400024414062,0.0,611.75,605.260009765625,605.4099731445312,0.0,50629800
2025-10-09,608.4774169921875,0.0,610.7000122070312,0.0,611.6099853515625,607.47998046875,611.47998046875,0.0,45551000
2025-10-10,587.3545532226562,0.0,589.5,0.0,613.1799926757812,589.0499877929688,611.4000244140625,0.0,97614800
2025-10-13,599.8190307617188,0.0,602.010009765625,0.0,602.9500122070312,597.22998046875,599.6799926757812,0.0,65872600
2025-10-14,595.8236694335938,0.0,598.0,0.0,602.6900024414062,590.1300048828125,595.3099975585938,0.0,69203200
2025-10-15,600.0282592773438,0.0,602.219970703125,0.0,606.7000122070312,595.9299926757812,604.010009765625,0.0,62805500
2025-10-16,597.806396484375,0.0,599.989990234375,0.0,608.3099975585938,595.5,605.1099853515625,0.0,70982000
2025-10-17,601.7320556640625,0.0,603.9299926757812,0.0,605.510009765625,596.3699951171875,597.9500122070312,0.0,72024900
2025-10-20,609.3143310546875,0.0,611.5399780273438,0.0,612.7999877929688,607.0700073242188,607.1400146484375,0.0,45761700
2025-10-21,609.1549072265625,0.0,611.3800048828125,0.0,612.719970703125,609.3200073242188,611.6400146484375,0.0,44538200
2025-10-22,603.286376953125,0.0,605.489990234375,0.0,611.4099731445312,599.739990234375,610.8200073242188,0.0,61478800
2025-10-23,608.35791015625,0.0,610.5800170898438,0.0,611.3699951171875,604.52001953125,604.9099731445312,0.0,42844300
2025-10-24,614.8540649414062,0.0,617.0999755859375,0.0,618.4199829101562,615.1300048828125,615.989990234375,0.0,47632500
2025-10-27,625.80419921875,0.0,628.0900268554688,0.0,628.5499877929688,624.030029296875,624.52001953125,0.0,54098600
2025-10-28,630.6165161132812,0.0,632.9199829101562,0.0,634.6799926757812,629.25,630.3599853515625,0.0,61195700
2025-10-29,633.4561767578125,0.0,635.77001953125,0.0,637.010009765625,630.25,635.5900268554688,0.0,67422800
2025-10-30,623.7715454101562,0.0,626.0499877929688,0.0,633.5,625.9400024414062,632.1699829101562,0.0,61628600
2025-10-31,626.7805786132812,0.0,629.0700073242188,0.0,634.2000122070312,626.6900024414062,634.1699829101562,0.0,66305100
2025-11-03,629.7796630859375,0.0,632.0800170898438,0.0,635.8200073242188,629.8499755859375,635.1099853515625,0.0,37154300
2025-11-04,616.996337890625,0.0,619.25,0.0,626.9500122070312,618.4600219726562,623.280029296875,0.0,63830800
2025-11-05,621.0116577148438,0.0,623.280029296875,0.0,626.5999755859375,617.2100219726562,618.489990234375,0.0,48688500
2025-11-06,609.44384765625,0.0,611.6699829101562,0.0,622.0399780273438,610.2999877929688,621.7899780273438,0.0,72115100
2025-11-07,607.5209350585938,0.0,609.739990234375,0.0,609.9500122070312,598.6699829101562,608.3099975585938,0.0,81835400
2025-11-10,620.9617919921875,0.0,623.22998046875,0.0,624.3099975585938,616.8900146484375,618.9199829101562,0.0,55919900
2025-11-11,619.307861328125,0.0,621.5700073242188,0.0,622.719970703125,617.52001953125,620.5700073242188,0.0,44868800
2025-11-12,618.8196411132812,0.0,621.0800170898438,0.0,624.8599853515625,617.8099975585938,624.8400268554688,0.0,47444400
2025-11-13,606.1858520507812,0.0,608.4000244140625,0.0,618.1199951171875,606.0800170898438,617.5399780273438,0.0,71333600
2025-11-14,606.64404296875,0.0,608.8599853515625,0.0,613.3499755859375,597.1699829101562,599.5499877929688,0.0,80087300
2025-11-17,601.4630126953125,0.0,603.6599731445312,0.0,612.47998046875,599.8699951171875,606.2999877929688,0.0,63850400
2025-11-18,594.1397705078125,0.0,596.3099975585938,0.0,602.3099975585938,591.3400268554688,599.6199951171875,0.0,83327300
2025-11-19,597.6868286132812,0.0,599.8699951171875,0.0,606.1599731445312,594.5900268554688,597.0700073242188,0.0,73111500
2025-11-20,583.5385131835938,0.0,585.6699829101562,0.0,614.030029296875,584.75,611.6199951171875,0.0,117743200
2025-11-21,587.9224853515625,0.0,590.0700073242188,0.0,596.97998046875,580.739990234375,587.469970703125,0.0,103344200
2025-11-24,602.9575805664062,0.0,605.1599731445312,0.0,606.6799926757812,595.1599731445312,595.280029296875,0.0,60168100
2025-11-25,606.674072265625,0.0,608.8900146484375,0.0,610.260009765625,597.3200073242188,603.510009765625,0.0,57560900
2025-11-26,612.034423828125,0.0,614.27001953125,0.0,616.1900024414062,610.3900146484375,612.510009765625,0.0,42393600
2025-11-28,616.996337890625,0.0,619.25,0.0,619.3200073242188,615.4199829101562,616.1099853515625,0.0,23034400
2025-12-01,614.923828125,0.0,617.1699829101562,0.0,619.4400024414062,612.52001953125,613.6300048828125,0.0,40957600
2025-12-02,619.7362670898438,0.0,622.0,0.0,623.75,617.5900268554688,619.4600219726562,0.0,54541800
2025-12-03,621.2507934570312,0.0,623.52001953125,0.0,624.219970703125,618.030029296875,619.6199951171875,0.0,47841600
2025-12-04,620.6728515625,0.0,622.9400024414062,0.0,624.9400024414062,619.5399780273438,624.9299926757812,0.0,47067800
2025-12-05,623.2036743164062,0.0,625.47998046875,0.0,628.9199829101562,623.7100219726562,624.3800048828125,0.0,53614200
2025-12-08,622.0079956054688,0.0,624.280029296875,0.0,628.8400268554688,621.6900024414062,627.2100219726562,0.0,43462400
2025-12-09,622.7752075195312,0.0,625.0499877929688,0.0,625.8699951171875,621.0,623.010009765625,0.0,37156000
2025-12-10,625.3258666992188,0.0,627.6099853515625,0.0,629.2100219726562,620.989990234375,623.8499755859375,0.0,55031400
2025-12-11,623.3033447265625,0.0,625.5800170898438,0.0,625.780029296875,617.719970703125,623.8200073242188,0.0,58272800
2025-12-12,611.3867797851562,0.0,613.6199951171875,0.0,623.5399780273438,611.3599853515625,622.0800170898438,0.0,75158700
2025-12-15,608.3179931640625,0.0,610.5399780273438,0.0,618.4199829101562,609.3200073242188,618.3699951171875,0.0,49538200
2025-12-16,609.5235595703125,0.0,611.75,0.0,613.510009765625,606.9099731445312,608.260009765625,0.0,55152800
2025-12-17,598.2247924804688,0.0,600.4099731445312,0.0,613.6500244140625,600.280029296875,613.0599975585938,0.0,70654300
2025-12-18,606.8931884765625,0.0,609.1099853515625,0.0,612.9299926757812,606.9199829101562,609.7999877929688,0.0,78875800
2025-12-19,614.8042602539062,0.0,617.0499877929688,0.0,617.6199951171875,611.8699951171875,611.9500122070312,0.0,60369800
2025-12-22,617.7513427734375,0.0,619.2100219726562,0.794,621.6500244140625,617.77001953125,621.3499755859375,0.0,43703100
2025-12-23,620.6444702148438,0.0,622.1099853515625,0.0,622.4099731445312,617.780029296875,618.2000122070312,0.0,41120400
2025-12-24,622.460205078125,0.0,623.9299926757812,0.0,624.280029296875,621.719970703125,621.989990234375,0.0,18468700
2025-12-26,622.4203491210938,0.0,623.8900146484375,0.0,625.52001953125,623.1400146484375,624.6599731445312,0.0,28959800
2025-12-29,619.4074096679688,0.0,620.8699951171875,0.0,622.780029296875,618.72998046875,620.0999755859375,0.0,32458300
2025-12-30,617.9707641601562,0.0,619.4299926757812,0.0,622.1799926757812,619.219970703125,619.8400268554688,0.0,31226800
2025-12-31,612.8628540039062,0.0,614.3099975585938,0.0,619.9600219726562,614.0499877929688,619.6500244140625,0.0,40746500
2026-01-02,611.6756591796875,0.0,613.1199951171875,0.0,622.8499755859375,610.1500244140625,620.0599975585938,0.0,61859200
2026-01-05,616.5341796875,0.0,617.989990234375,0.0,620.8099975585938,616.719970703125,619.3200073242188,0.0,46828400
2026-01-06,621.951416015625,0.0,623.4199829101562,0.0,624.02001953125,618.5399780273438,619.22998046875,0.0,43137500
2026-01-07,622.550048828125,0.0,624.02001953125,0.0,627.9400024414062,622.5599975585938,623.0399780273438,0.0,44880300
2026-01-08,619.0083618164062,0.0,620.469970703125,0.0,623.4199829101562,617.7999877929688,623.030029296875,0.0,50435900
2026-01-09,625.173828125,0.0,626.6500244140625,0.0,627.8900146484375,619.0599975585938,621.4099731445312,0.0,49688700
2026-01-12,625.6925659179688,0.0,627.1699829101562,0.0,628.8499755859375,622.260009765625,622.3099975585938,0.0,37388700
2026-01-13,624.7647705078125,0.0,626.239990234375,0.0,629.469970703125,623.7000122070312,627.27001953125,0.0,44481400
2026-01-14,618.0905151367188,0.0,619.5499877929688,0.0,623.4500122070312,614.5599975585938,622.239990234375,0.0,72598700
2026-01-15,620.3153076171875,0.0,621.780029296875,0.0,630.0,620.75,626.5999755859375,0.0,53934900
2026-01-16,619.7965087890625,0.0,621.260009765625,0.0,626.0800170898438,618.8800048828125,625.5,0.0,61058100
2026-01-20,606.6276245117188,0.0,608.0599975585938,0.0,615.0599975585938,607.0499877929688,610.530029296875,0.0,81988900
2026-01-21,614.8282470703125,0.0,616.280029296875,0.0,620.4199829101562,607.8599853515625,609.469970703125,0.0,79837900
2026-01-22,619.2976684570312,0.0,620.760009765625,0.0,622.4600219726562,617.780029296875,622.3499755859375,0.0,42254800
2026-01-23,621.2530517578125,0.0,622.719970703125,0.0,625.4000244140625,618.6500244140625,619.72998046875,0.0,43645800
2026-01-26,623.9866333007812,0.0,625.4600219726562,0.0,627.6099853515625,622.1199951171875,623.2100219726562,0.0,35983000
2026-01-27,629.6432495117188,0.0,631.1300048828125,0.0,632.0399780273438,627.3400268554688,628.9099731445312,0.0,38997200
2026-01-28,631.728271484375,0.0,633.219970703125,0.0,636.5999755859375,631.8099975585938,635.4600219726562,0.0,50691700
2026-01-29,627.9472045898438,0.0,629.4299926757812,0.0,633.6699829101562,618.27001953125,632.6500244140625,0.0,79944000
2026-01-30,620.405029296875,0.0,621.8699951171875,0.0,628.260009765625,619.2999877929688,625.7100219726562,0.0,65650700
2026-02-02,624.6650390625,0.0,626.1400146484375,0.0,628.489990234375,618.6599731445312,618.7000122070312,0.0,49020300
2026-02-03,615.0676879882812,0.0,616.52001953125,0.0,629.97998046875,610.9600219726562,628.2999877929688,0.0,81234000
2026-02-04,604.322998046875,0.0,605.75,0.0,615.0999755859375,600.469970703125,615.02001953125,0.0,81850700
2026-02-05,595.6235961914062,0.0,597.030029296875,0.0,604.8099975585938,594.760009765625,600.2100219726562,0.0,89354500
2026-02-06,608.2138671875,0.0,609.6500244140625,0.0,611.4099731445312,598.77001953125,600.1900024414062,0.0,78019300
2026-02-09,612.8728637695312,0.0,614.3200073242188,0.0,616.4600219726562,605.0700073242188,607.5399780273438,0.0,56797600
2026-02-10,610.029541015625,0.0,611.469970703125,0.0,617.02001953125,611.010009765625,615.3099975585938,0.0,53938900
2026-02-11,611.6657104492188,0.0,613.1099853515625,0.0,617.52001953125,607.6900024414062,616.3800048828125,0.0,58575100
2026-02-12,599.22509765625,0.0,600.6400146484375,0.0,615.8099975585938,599.5700073242188,614.7100219726562,0.0,81378900
2026-02-13,600.5020141601562,0.0,601.9199829101562,0.0,606.47998046875,596.4199829101562,600.4299926757812,0.0,69237500
2026-02-17,599.8834838867188,0.0,601.2999877929688,0.0,603.9500122070312,593.3400268554688,598.3800048828125,0.0,69013800
2026-02-18,604.3629760742188,0.0,605.7899780273438,0.0,609.77001953125,600.719970703125,602.1099853515625,0.0,64250700
2026-02-19,602.04833984375,0.0,603.469970703125,0.0,605.8200073242188,600.75,602.8099975585938,0.0,60960800
2026-02-20,607.3757934570312,0.0,608.8099975585938,0.0,610.3499755859375,599.22998046875,600.1199951171875,0.0,74127300
2026-02-23,599.9932250976562,0.0,601.4099731445312,0.0,608.010009765625,599.0499877929688,606.6099853515625,0.0,63859100
2026-02-24,606.4380493164062,0.0,607.8699951171875,0.0,608.989990234375,599.72998046875,602.4000244140625,0.0,55023700
2026-02-25,615.227294921875,0.0,616.6799926757812,0.0,616.8300170898438,611.0,611.0700073242188,0.0,55710700
2026-02-26,607.8048095703125,0.0,609.239990234375,0.0,615.5900268554688,603.97998046875,615.5900268554688,0.0,96178900
2026-02-27,605.8594360351562,0.0,607.2899780273438,0.0,608.3200073242188,602.1900024414062,602.97998046875,0.0,68125200
2026-03-02,606.6575317382812,0.0,608.0900268554688,0.0,609.9199829101562,597.989990234375,598.8599853515625,0.0,75264600
2026-03-03,600.162841796875,0.0,601.5800170898438,0.0,603.9600219726562,591.8699951171875,596.3300170898438,0.0,97015500
2026-03-04,609.3112182617188,0.0,610.75,0.0,612.8800048828125,603.4299926757812,604.1599731445312,0.0,70943900
2026-03-05,607.4755859375,0.0,608.9099731445312,0.0,612.760009765625,602.260009765625,607.4000244140625,0.0,89602400
2026-03-06,598.337158203125,0.0,599.75,0.0,606.0,598.3300170898438,600.3099975585938,0.0,86302300
2026-03-09,606.3283081054688,0.0,607.760009765625,0.0,609.27001953125,591.3300170898438,594.22998046875,0.0,93068200
2026-03-10,606.3383178710938,0.0,607.77001953125,0.0,613.2899780273438,605.4199829101562,607.780029296875,0.0,64078900
2026-03-11,606.2584228515625,0.0,607.6900024414062,0.0,612.4299926757812,605.030029296875,608.9500122070312,0.0,60114800
2026-03-12,595.85302734375,0.0,597.260009765625,0.0,604.1400146484375,597.0499877929688,602.760009765625,0.0,71836600
2026-03-13,592.3213500976562,0.0,593.719970703125,0.0,603.5999755859375,592.5700073242188,599.72998046875,0.0,63145500
2026-03-16,598.9656982421875,0.0,600.3800048828125,0.0,603.8599853515625,599.1099853515625,600.0399780273438,0.0,49077200
2026-03-17,601.8887939453125,0.0,603.3099975585938,0.0,605.9000244140625,601.8699951171875,603.1400146484375,0.0,47106600
2026-03-18,593.4986572265625,0.0,594.9000244140625,0.0,603.1599731445312,594.5599975585938,601.489990234375,0.0,56128000
2026-03-19,591.623046875,0.0,593.02001953125,0.0,595.7999877929688,587.0800170898438,589.510009765625,0.0,75597600
2026-03-20,580.6888427734375,0.0,582.0599975585938,0.0,591.1699829101562,578.5399780273438,591.0599975585938,0.0,91964700
2026-03-23,587.3545532226562,0.0,588.0,0.733,595.0800170898438,585.9600219726562,590.52001953125,0.0,89936100
2026-03-24,583.3389282226562,0.0,583.97998046875,0.0,587.9299926757812,581.9299926757812,584.8099975585938,0.0,57750900
2026-03-25,587.1747436523438,0.0,587.8200073242188,0.0,591.3699951171875,585.6900024414062,589.1400146484375,0.0,60475500
2026-03-26,573.1600952148438,0.0,573.7899780273438,0.0,584.6300048828125,573.4299926757812,582.5999755859375,0.0,81492100
2026-03-27,561.9624633789062,0.0,562.5800170898438,0.0,571.02001953125,561.5700073242188,570.8099975585938,0.0,82702200
2026-03-30,557.6671752929688,0.0,558.280029296875,0.0,568.0499877929688,555.5999755859375,567.3800048828125,0.0,70602600
2026-03-31,576.54638671875,0.0,577.1799926757812,0.0,578.6400146484375,564.2100219726562,564.2899780273438,0.0,95878000
2026-04-01,583.6685791015625,0.0,584.3099975585938,0.0,587.739990234375,580.4199829101562,581.47998046875,0.0,79435100
2026-04-02,584.3378295898438,0.0,584.97998046875,0.0,586.0499877929688,571.9199829101562,573.969970703125,0.0,50941700
2026-04-06,587.85400390625,0.0,588.5,0.0,590.6099853515625,584.6900024414062,586.22998046875,0.0,35108500
2026-04-07,587.9439086914062,0.0,588.5900268554688,0.0,588.97998046875,578.4000244140625,585.6400146484375,0.0,49948200
2026-04-08,605.4246826171875,0.0,606.0900268554688,0.0,609.9000244140625,602.1199951171875,608.7100219726562,0.0,63086000
2026-04-09,609.5202026367188,0.0,610.1900024414062,0.0,610.5,603.030029296875,605.9299926757812,0.0,37837500
2026-04-10,610.3992309570312,0.0,611.0700073242188,0.0,613.6699829101562,609.5800170898438,611.8400268554688,0.0,34038500
2026-04-13,616.7122802734375,0.0,617.3900146484375,0.0,626.739990234375,608.1099853515625,609.47998046875,0.0,32972100
2026-04-14,627.909912109375,0.0,628.5999755859375,0.0,628.5999755859375,620.0999755859375,620.219970703125,0.0,49921100
2026-04-15,636.7003173828125,0.0,637.4000244140625,0.0,637.8300170898438,628.2000122070312,629.0800170898438,0.0,50102400
2026-04-16,639.7669067382812,0.0,640.469970703125,0.0,642.1799926757812,635.260009765625,639.2100219726562,0.0,42320600
2026-04-17,648.1376953125,0.0,648.8499755859375,0.0,650.0,644.0700073242188,645.5900268554688,0.0,53488900
2026-04-20,646.0799560546875,0.0,646.7899780273438,0.0,648.760009765625,642.52001953125,648.0399780273438,0.0,37138500
2026-04-21,643.6226806640625,0.0,644.3300170898438,0.0,650.2000122070312,642.2100219726562,648.4099731445312,0.0,39580500
2026-04-22,654.390869140625,0.0,655.1099853515625,0.0,655.3300170898438,648.52001953125,650.1500244140625,0.0,37368400
2026-04-23,650.7048950195312,0.0,651.4199829101562,0.0,656.9199829101562,645.52001953125,653.5499877929688,0.0,40099800
2026-04-24,663.1512451171875,0.0,663.8800048828125,0.0,664.510009765625,656.530029296875,658.510009765625,0.0,45563100
2026-04-27,663.5008544921875,0.0,664.22998046875,0.0,664.4299926757812,660.6900024414062,663.4000244140625,0.0,32717000
2026-04-28,656.8281860351562,0.0,657.5499877929688,0.0,659.6400146484375,653.8099975585938,657.4099731445312,0.0,34147900
2026-04-29,660.84375,0.0,661.5700073242188,0.0,661.719970703125,656.5900268554688,658.6300048828125,0.0,31724900
2026-04-30,667.0069580078125,0.0,667.739990234375,0.0,668.9000244140625,657.5599975585938,665.3499755859375,0.0,40622200
2026-05-01,673.4099731445312,0.0,674.1500244140625,0.0,675.969970703125,668.7999877929688,669.1599731445312,0.0,39172600
2026-05-04,672.141357421875,0.0,672.8800048828125,0.0,676.72998046875,668.9000244140625,674.6599731445312,0.0,34542000
2026-05-05,680.8617553710938,0.0,681.6099853515625,0.0,682.77001953125,677.510009765625,677.9600219726562,0.0,37101100
2026-05-06,695.0062255859375,0.0,695.77001953125,0.0,695.9299926757812,686.47998046875,687.780029296875,0.0,38778500
2026-05-07,694.1771240234375,0.0,694.9400024414062,0.0,701.239990234375,691.77001953125,696.5800170898438,0.0,43779100
2026-05-08,710.44921875,0.0,711.22998046875,0.0,711.22998046875,699.5,699.9199829101562,0.0,44320400
2026-05-11,712.5069580078125,0.0,713.2899780273438,0.0,714.5900268554688,708.9099731445312,710.3599853515625,0.0,36019100
2026-05-12,706.463623046875,0.0,707.239990234375,0.0,710.1799926757812,696.6400146484375,708.219970703125,0.0,45873000
2026-05-13,713.9254760742188,0.0,714.7100219726562,0.0,716.6500244140625,704.8300170898438,709.9600219726562,0.0,40012500
2026-05-14,718.9998168945312,0.0,719.7899780273438,0.0,722.030029296875,714.219970703125,714.6199951171875,0.0,33327500
2026-05-15,708.1517944335938,0.0,708.9299926757812,0.0,715.1300048828125,705.5499877929688,710.1400146484375,0.0,51792700
2026-05-18,705.1051025390625,0.0,705.8800048828125,0.0,712.0700073242188,698.8499755859375,711.5399780273438,0.0,49834500
2026-05-19,700.7599487304688,0.0,701.530029296875,0.0,706.489990234375,695.25,699.8099975585938,0.0,46827500
2026-05-20,712.3671875,0.0,713.1500244140625,0.0,713.1500244140625,703.7899780273438,705.2899780273438,0.0,36779200
2026-05-21,713.7256469726562,0.0,714.510009765625,0.0,717.1199951171875,706.77001953125,708.989990234375,0.0,36415400
2026-05-22,716.7523193359375,0.0,717.5399780273438,0.0,722.1199951171875,715.9500122070312,718.0700073242188,0.0,33118600
2026-05-26,729.4783935546875,0.0,730.280029296875,0.0,731.1699829101562,724.1599731445312,725.9600219726562,0.0,34254700
2026-05-27,728.6492919921875,0.0,729.4500122070312,0.0,733.3200073242188,725.4400024414062,732.9600219726562,0.0,35148700
2026-05-28,734.79248046875,0.0,735.5999755859375,0.0,736.5999755859375,726.4099731445312,729.72998046875,0.0,32840000
2026-05-29,737.49951171875,0.0,738.3099975585938,0.0,741.6300048828125,735.25,737.8400268554688,0.0,37541700
2026-06-01,741.9246826171875,0.0,742.739990234375,0.0,745.6500244140625,735.989990234375,737.0399780273438,0.0,33890600
2026-06-02,745.3408813476562,0.0,746.1599731445312,0.0,746.4400024414062,739.22998046875,742.4000244140625,0.0,30085200
2026-06-03,743.39306640625,0.0,744.2100219726562,0.0,748.6500244140625,741.010009765625,747.3099975585938,0.0,40270200
2026-06-04,739.7969970703125,0.0,740.6099853515625,0.0,743.5,732.6199951171875,735.47998046875,0.0,40782600
2026-06-05,704.2860107421875,0.0,705.0599975585938,0.0,731.6900024414062,704.3200073242188,730.0599975585938,0.0,99606600
2026-06-08,715.283935546875,0.0,716.0700073242188,0.0,723.030029296875,713.0700073242188,717.8099975585938,0.0,47401500
2026-06-09,707.052978515625,0.0,707.8300170898438,0.0,725.6599731445312,686.3699951171875,722.97998046875,0.0,91932200
2026-06-10,692.9285278320312,0.0,693.6900024414062,0.0,711.280029296875,692.9299926757812,701.6599731445312,0.0,65334300
2026-06-11,716.332763671875,0.0,717.1199951171875,0.0,718.3699951171875,695.0,699.2899780273438,0.0,71798900
2026-06-12,720.5481567382812,0.0,721.3400268554688,0.0,724.010009765625,711.280029296875,717.6099853515625,0.0,51168400
2026-06-15,743.1832885742188,0.0,744.0,0.0,744.760009765625,737.3800048828125,738.0999755859375,0.0,46710200
2026-06-16,729.0587768554688,0.0,729.8599853515625,0.0,744.219970703125,729.6400146484375,742.25,0.0,45348700
2026-06-17,721.7168579101562,0.0,722.510009765625,0.0,735.6799926757812,720.8499755859375,735.1900024414062,0.0,51669300
2026-06-18,739.8070068359375,0.0,740.6199951171875,0.0,741.8200073242188,732.510009765625,737.2000122070312,0.0,50154600
2026-06-22,737.9500122070312,0.0,737.9500122070312,0.813,745.4500122070312,734.3900146484375,742.02001953125,0.0,43518600
2026-06-23,713.6500244140625,0.0,713.6500244140625,0.0,723.6099853515625,712.1099853515625,715.739990234375,0.0,53354200
2026-06-24,710.6199951171875,0.0,710.6199951171875,0.0,719.9299926757812,704.4500122070312,715.3699951171875,0.0,52480400
2026-06-25,716.3800048828125,0.0,716.3800048828125,0.0,726.8300170898438,705.2999877929688,725.9000244140625,0.0,49668000
2026-06-26,706.52001953125,0.0,706.52001953125,0.0,715.5599975585938,702.8099975585938,707.1300048828125,0.0,47081800
2026-06-29,724.0800170898438,0.0,724.0800170898438,0.0,724.5800170898438,705.1699829101562,713.989990234375,0.0,44939100
2026-06-30,736.4000244140625,0.0,736.4000244140625,0.0,737.6199951171875,723.9099731445312,724.1799926757812,0.0,42121800
2026-07-01,725.1699829101562,0.0,725.1699829101562,0.0,731.9199829101562,724.5999755859375,729.1900024414062,0.0,40803800
2026-07-02,712.5999755859375,0.0,712.5999755859375,0.0,730.8300170898438,707.5599975585938,725.5800170898438,0.0,50959800
2026-07-06,722.8200073242188,0.0,722.8200073242188,0.0,726.0800170898438,718.4500122070312,719.9299926757812,0.0,30220400
2026-07-07,709.4299926757812,0.0,709.4299926757812,0.0,716.3499755859375,704.9000244140625,714.1699829101562,0.0,42483100
2026-07-08,711.4400024414062,0.0,711.4400024414062,0.0,712.260009765625,700.9099731445312,704.9500122070312,0.0,35603200
2026-07-09,723.280029296875,0.0,723.280029296875,0.0,724.22998046875,715.1300048828125,718.3300170898438,0.0,33654700
2026-07-10,725.510009765625,0.0,725.510009765625,0.0,726.3900146484375,717.0,720.7000122070312,0.0,26415900
2026-07-13,711.739990234375,0.0,711.739990234375,0.0,718.739990234375,710.0800170898438,717.719970703125,0.0,36552400
2026-07-14,719.6900024414062,0.0,719.6900024414062,0.0,722.2899780273438,714.3400268554688,720.219970703125,0.0,29448100
2026-07-15,717.739990234375,0.0,717.739990234375,0.0,724.3599853515625,710.22998046875,723.8499755859375,0.0,32627600
2026-07-16,705.9400024414062,0.0,705.9400024414062,0.0,713.5999755859375,702.6099853515625,712.010009765625,0.0,39402000
2026-07-17,695.3300170898438,0.0,695.3300170898438,0.0,702.2999877929688,686.760009765625,691.6500244140625,0.0,54109300
2026-07-20,696.0599975585938,0.0,696.0599975585938,0.0,705.7999877929688,695.510009765625,702.1599731445312,0.0,29687600
2026-07-21,708.969970703125,0.0,708.969970703125,0.0,710.0499877929688,702.7999877929688,706.5700073242188,0.0,33728300
2026-07-22,705.3499755859375,0.0,705.3499755859375,0.0,709.6500244140625,703.6199951171875,703.6199951171875,0.0,23692200
2026-07-23,691.9600219726562,0.0,691.9600219726562,0.0,698.6599731445312,687.7899780273438,694.6699829101562,0.0,44028600
2026-07-24,684.22998046875,0.0,684.22998046875,0.0,692.6300048828125,682.47998046875,690.4099731445312,0.0,42876700
2026-07-27,682.1199951171875,0.0,682.1199951171875,0.0,692.2999877929688,675.9500122070312,691.6799926757812,0.0,42681500
2026-07-28,675.489990234375,0.0,675.489990234375,0.0,679.4000244140625,667.8800048828125,676.22998046875,0.0,51398700
2026-07-29,661.72998046875,0.0,661.72998046875,0.0,680.0499877929688,661.1400146484375,675.510009765625,0.0,57233300
2026-07-30,683.5499877929688,0.0,683.5499877929688,0.0,685.1199951171875,673.2999877929688,674.760009765625,0.0,66753700
2026-07-31,687.989990234375,0.0,687.989990234375,0.0,695.77001953125,680.0499877929688,692.1099853515625,0.0,50540500
2026-08-03,700.0700073242188,0.0,700.0700073242188,0.0,701.5900268554688,685.8200073242188,688.2999877929688,0.0,44965100
2026-08-04,723.8499755859375,0.0,723.8499755859375,0.0,725.6599731445312,707.530029296875,708.1599731445312,0.0,59778600
2026-08-05,717.2999877929688,0.0,717.2999877929688,0.0,728.5399780273438,716.9199829101562,726.25,0.0,33540200
2026-08-06,714.6500244140625,0.0,714.6500244140625,0.0,719.3200073242188,708.5,710.8200073242188,0.0,33035900
2026-08-07,723.030029296875,0.0,723.030029296875,0.0,723.6300048828125,716.510009765625,720.1500244140625,0.0,31070400
2026-08-10,720.8699951171875,0.0,720.8699951171875,0.0,724.6699829101562,720.3300170898438,722.3900146484375,0.0,26243200
2026-08-11,718.4500122070312,0.0,718.4500122070312,0.0,723.3499755859375,715.5,723.2899780273438,0.0,29286100
2026-08-12,723.7000122070312,0.0,723.7000122070312,0.0,727.25,722.9199829101562,727.0800170898438,0.0,29066000
2026-08-13,732.0700073242188,0.0,732.0700073242188,0.0,733.9600219726562,724.030029296875,725.1500244140625,0.0,31599700
2026-08-14,731.0700073242188,0.0,731.0700073242188,0.0,734.3900146484375,728.3200073242188,733.4099731445312,0.0,23790600
2026-08-17,729.8699951171875,0.0,729.8699951171875,0.0,734.5800170898438,729.27001953125,732.9500122070312,0.0,26452600
2026-08-18,717.510009765625,0.0,717.510009765625,0.0,722.1300048828125,715.9199829101562,720.2100219726562,0.0,48997200
2026-08-19,716.0800170898438,0.0,716.0800170898438,0.0,721.5,712.6099853515625,720.3900146484375,0.0,35801700
2026-08-20,710.9299926757812,0.0,710.9299926757812,0.0,714.9400024414062,708.52001953125,712.0900268554688,0.0,33396400
2026-08-21,713.4400024414062,0.0,713.4400024414062,0.0,715.6699829101562,709.2000122070312,715.22998046875,0.0,33399400
2026-08-24,706.3200073242188,0.0,706.3200073242188,0.0,709.7899780273438,702.7000122070312,709.6599731445312,0.0,37443100
2026-08-25,710.719970703125,0.0,710.719970703125,0.0,714.0399780273438,707.4500122070312,711.219970703125,0.0,23869600
2026-08-26,711.3699951171875,0.0,711.3699951171875,0.0,713.02001953125,707.969970703125,708.4099731445312,0.0,20392400
2026-08-27,721.1099853515625,0.0,721.1099853515625,0.0,721.3499755859375,714.530029296875,716.9299926757812,0.0,28723500
2026-08-28,716.4299926757812,0.0,716.4299926757812,0.0,724.1300048828125,715.0900268554688,719.739990234375,0.0,34105400
2026-08-31,716.760009765625,0.0,716.760009765625,0.0,717.5800170898438,713.1599731445312,715.1699829101562,0.0,32237200
2026-09-01,707.6400146484375,0.0,707.6400146484375,0.0,712.2999877929688,704.6599731445312,707.3900146484375,0.0,35236100
2026-09-02,709.239990234375,0.0,709.239990234375,0.0,709.7999877929688,705.0999755859375,707.0999755859375,0.0,23476200
2026-09-03,717.6699829101562,0.0,717.6699829101562,0.0,718.9199829101562,709.6900024414062,710.8499755859375,0.0,29449800
2026-09-04,718.9600219726562,0.0,718.9600219726562,0.0,721.8599853515625,716.5599975585938,719.3499755859375,0.0,32871100
2026-09-08,718.3599853515625,0.0,718.3599853515625,0.0,721.8900146484375,715.5700073242188,720.9099731445312,0.0,28341400
2026-09-09,716.3099975585938,0.0,716.3099975585938,0.0,719.7000122070312,714.02001953125,716.4000244140625,0.0,26763400
2026-09-10,708.6900024414062,0.0,708.6900024414062,0.0,712.0599975585938,706.8599853515625,707.5499877929688,0.0,31414400
2026-09-11,714.8800048828125,0.0,714.8800048828125,0.0,717.6300048828125,713.6300048828125,715.6799926757812,0.0,26649100
2026-09-14,709.1799926757812,0.0,709.1799926757812,0.0,712.9500122070312,702.739990234375,703.3300170898438,0.0,35219000
2026-09-15,704.5399780273438,0.0,704.5399780273438,0.0,709.530029296875,703.6400146484375,708.7999877929688,0.0,26631700
2026-09-16,704.719970703125,0.0,704.719970703125,0.0,711.8800048828125,700.0,708.0,0.0,35688000
2026-09-17,716.9199829101562,0.0,716.9199829101562,0.0,718.0399780273438,713.3200073242188,715.9500122070312,0.0,37270300
2026-09-18,721.4500122070312,0.0,721.4500122070312,0.0,721.72998046875,715.0800170898438,718.8300170898438,0.0,48277100
