Date,Adj Close,Capital Gains,Close,Dividends,High,Low,Open,Stock Splits,Volume,Spread,ADV_Dollars
2004-01-30,27.44948005676269,0.0,49.25,0.0,49.45000076293945,49.25,49.45000076293945,0.0,13200,,
2004-02-02,27.53864288330078,0.0,49.40999984741211,0.0,49.7599983215332,49.25,49.41999816894531,0.0,2900,,
2004-02-03,27.533082962036133,0.0,49.400001525878906,0.0,49.52000045776367,49.400001525878906,49.52000045776367,0.0,3800,,
2004-02-04,27.416034698486328,0.0,49.18999862670898,0.0,49.29999923706055,49.02999877929688,49.29999923706055,0.0,181800,,
2004-02-05,27.416034698486328,0.0,49.18999862670898,0.0,49.290000915527344,49.09000015258789,49.119998931884766,0.0,3100,,
2004-02-06,27.689149856567383,0.0,49.68000030517578,0.0,49.68000030517578,49.31999969482422,49.31999969482422,0.0,7300,,
2004-02-09,27.67798042297364,0.0,49.65999984741211,0.0,49.84999847412109,49.65999984741211,49.79999923706055,0.0,11100,,
2004-02-10,27.733726501464844,0.0,49.7599983215332,0.0,49.83000183105469,49.59999847412109,49.59999847412109,0.0,1800,,
2004-02-11,28.19634246826172,0.0,50.59000015258789,0.0,50.59000015258789,49.90999984741211,50.0,0.0,5000,,
2004-02-12,28.084863662719727,0.0,50.38999938964844,0.0,50.540000915527344,50.369998931884766,50.459999084472656,0.0,15600,,
2004-02-13,27.9733829498291,0.0,50.18999862670898,0.0,50.310001373291016,50.15999984741211,50.310001373291016,0.0,8200,,
2004-02-17,28.179595947265625,0.0,50.560001373291016,0.0,50.560001373291016,50.47999954223633,50.5,0.0,3300,,
2004-02-18,28.06256103515625,0.0,50.34999847412109,0.0,50.540000915527344,50.34999847412109,50.5,0.0,1000,0.0009038949681953297,
2004-02-19,28.162885665893555,0.0,50.52999877929688,0.0,50.630001068115234,50.4900016784668,50.619998931884766,0.0,7200,0.0010038891584631896,
2004-02-20,27.945520401000977,0.0,50.13999938964844,0.0,50.400001525878906,49.7599983215332,50.400001525878906,0.0,5100,0.0009321827900015332,
2004-02-23,27.923229217529297,0.0,50.09999847412109,0.0,50.18999862670898,50.0,50.18999862670898,0.0,11200,0.0009587083860962752,
2004-02-24,27.756004333496094,0.0,49.79999923706055,0.0,50.13999938964844,49.79999923706055,49.9900016784668,0.0,6400,0.000898789111965258,
2004-02-25,27.96781539916992,0.0,50.18000030517578,0.0,50.18000030517578,50.0,50.04999923706055,0.0,2600,0.0009733606230365471,
2004-02-26,28.00124931335449,0.0,50.2400016784668,0.0,50.29999923706055,50.08000183105469,50.18000030517578,0.0,2000,0.0009192850328678501,
2004-02-27,28.162885665893555,0.0,50.52999877929688,0.0,50.52999877929688,50.36000061035156,50.400001525878906,0.0,129700,0.0008709016100853316,
2004-03-01,28.39140510559082,0.0,50.93999862670898,0.0,50.93999862670898,50.709999084472656,50.75,0.0,3600,0.000827356529581065,
2004-03-02,28.26879119873047,0.0,50.720001220703125,0.0,50.84999847412109,50.650001525878906,50.84999847412109,0.0,3300,0.0009121362708264356,
2004-03-03,28.26879119873047,0.0,50.720001220703125,0.0,50.790000915527344,50.5,50.619998931884766,0.0,21800,0.0008834803762897738,
2004-03-04,28.33009147644043,0.0,50.83000183105469,0.0,50.84000015258789,50.790000915527344,50.81999969482422,0.0,5200,0.0008936384756919292,
2004-03-05,28.50844383239746,0.0,51.150001525878906,0.0,51.209999084472656,50.97999954223633,51.08000183105469,0.0,3300,0.0007317273295067482,
2004-03-08,28.36910820007324,0.0,50.900001525878906,0.0,51.25,50.900001525878906,51.25,0.0,6300,0.0008942307896983011,
2004-03-09,28.1517391204834,0.0,50.5099983215332,0.0,50.720001220703125,50.369998931884766,50.720001220703125,0.0,4200,0.0008942307896983011,
2004-03-10,27.717010498046875,0.0,49.72999954223633,0.0,50.45000076293945,49.72999954223633,50.45000076293945,0.0,1500,0.0007769963101231859,
2004-03-11,27.27670288085937,0.0,48.93999862670898,0.0,49.61000061035156,48.93999862670898,49.400001525878906,0.0,7600,0.0007769963101231859,
2004-03-12,27.455053329467773,0.0,49.2599983215332,0.0,49.400001525878906,49.08000183105469,49.09999847412109,0.0,5800,0.0009060206281454768,
2004-03-15,27.187524795532227,0.0,48.77999877929688,0.0,49.209999084472656,48.77999877929688,49.209999084472656,0.0,11200,0.0009060206281454768,
2004-03-16,27.27670288085937,0.0,48.93999862670898,0.0,49.11000061035156,48.91999816894531,49.02000045776367,0.0,6100,0.0009572300476515819,
2004-03-17,27.69470977783203,0.0,49.68999862670898,0.0,49.72999954223633,49.400001525878906,49.41999816894531,0.0,21900,0.0009946066392071855,
2004-03-18,27.622257232666016,0.0,49.560001373291016,0.0,49.560001373291016,49.34000015258789,49.52000045776367,0.0,1100,0.0010465517372203867,
2004-03-19,27.421606063842773,0.0,49.20000076293945,0.0,49.61000061035156,49.20000076293945,49.59999847412109,0.0,2000,0.0011814247703901429,
2004-03-22,26.98129272460937,0.0,48.40999984741211,0.0,48.84999847412109,48.29999923706055,48.84999847412109,0.0,6500,0.0011149214338190096,
2004-03-23,27.009174346923828,0.0,48.459999084472656,0.0,48.68000030517578,48.43000030517578,48.68000030517578,0.0,4400,0.0012497031945109195,
2004-03-24,26.752790451049805,0.0,48.0,0.0,48.459999084472656,48.0,48.459999084472656,0.0,3200,0.001141377954502061,
2004-03-25,27.120630264282227,0.0,48.65999984741211,0.0,48.65999984741211,48.31999969482422,48.31999969482422,0.0,1200,0.0014223586311650673,
2004-03-26,27.25441551208496,0.0,48.900001525878906,0.0,49.0,48.75,48.79999923706055,0.0,3700,0.0014223586311650673,
2004-03-29,27.48418426513672,0.0,49.040000915527344,0.27,49.13999938964844,48.83000183105469,48.83000183105469,0.0,6300,0.0014427592436778553,
2004-03-30,27.66912841796875,0.0,49.369998931884766,0.0,49.38999938964844,49.08000183105469,49.08000183105469,0.0,23500,0.0012652156281984842,
2004-03-31,27.68593978881836,0.0,49.400001525878906,0.0,49.5,49.29999923706055,49.41999816894531,0.0,6800,0.0012598511677220055,
2004-04-01,27.85409545898437,0.0,49.70000076293945,0.0,49.77999877929688,49.43999862670898,49.43999862670898,0.0,3300,0.0012496930683198503,
2004-04-02,27.85409545898437,0.0,49.70000076293945,0.0,50.09999847412109,49.68000030517578,50.09999847412109,0.0,11400,0.0012496930683198503,
2004-04-05,28.04463577270508,0.0,50.040000915527344,0.0,50.09999847412109,49.869998931884766,49.91999816894531,0.0,16200,0.0012299884055483417,
2004-04-06,28.09507179260254,0.0,50.130001068115234,0.0,50.130001068115234,49.9900016784668,50.06999969482422,0.0,4700,0.001252264301332111,
2004-04-07,27.9549560546875,0.0,49.880001068115234,0.0,50.040000915527344,49.84999847412109,50.0099983215332,0.0,7000,0.0013631587972406471,
2004-04-08,27.893314361572266,0.0,49.77000045776367,0.0,50.119998931884766,49.650001525878906,50.0,0.0,6500,0.0014523690278912928,
2004-04-12,27.994190216064453,0.0,49.95000076293945,0.0,50.08000183105469,49.91999816894531,49.95000076293945,0.0,3400,0.001337754696487137,
2004-04-13,27.61308860778809,0.0,49.27000045776367,0.0,50.08000183105469,49.27000045776367,50.08000183105469,0.0,9700,0.001375300068361152,
2004-04-14,27.360885620117188,0.0,48.81999969482422,0.0,49.18999862670898,48.72999954223633,49.040000915527344,0.0,28200,0.0012760216221368794,
2004-04-15,27.523412704467773,0.0,49.11000061035156,0.0,49.25,48.84999847412109,49.25,0.0,3300,0.0014945042387837905,
2004-04-16,27.66912841796875,0.0,49.369998931884766,0.0,49.459999084472656,49.09999847412109,49.09999847412109,0.0,3900,0.001332368168686714,
2004-04-19,27.641117095947266,0.0,49.31999969482422,0.0,49.400001525878906,49.15999984741211,49.400001525878906,0.0,3400,0.0013754916911653556,
2004-04-20,27.719581604003903,0.0,49.459999084472656,0.0,49.54999923706055,49.27000045776367,49.5,0.0,11200,0.0013754916911653556,
2004-04-21,27.46177291870117,0.0,49.0,0.0,49.0,48.56999969482422,48.970001220703125,0.0,7600,0.0012407099304734457,
2004-04-22,27.87090110778809,0.0,49.72999954223633,0.0,49.77000045776367,49.04999923706055,49.04999923706055,0.0,6500,0.0012407099304734457,
2004-04-23,27.77001190185547,0.0,49.54999923706055,0.0,49.59999847412109,49.36000061035156,49.59999847412109,0.0,9800,0.0010541283301325158,
2004-04-26,27.652305603027344,0.0,49.34000015258789,0.0,49.650001525878906,49.34000015258789,49.650001525878906,0.0,700,0.0012543303431556082,
2004-04-27,27.78683280944824,0.0,49.58000183105469,0.0,49.790000915527344,49.58000183105469,49.72999954223633,0.0,3700,0.0013913602724113852,
2004-04-28,27.450559616088867,0.0,48.97999954223633,0.0,49.400001525878906,48.97999954223633,49.400001525878906,0.0,69000,0.0013913602724113852,
2004-04-29,27.13109397888184,0.0,48.40999984741211,0.0,49.09999847412109,48.40999984741211,49.09999847412109,0.0,3100,0.0013913602724113852,
2004-04-30,27.21517372131348,0.0,48.560001373291016,0.0,48.68000030517578,48.560001373291016,48.59999847412109,0.0,700,0.0014173022788312097,
2004-05-03,27.405733108520508,0.0,48.900001525878906,0.0,48.900001525878906,48.560001373291016,48.560001373291016,0.0,4200,0.0014684430570844707,
2004-05-04,27.5065975189209,0.0,49.08000183105469,0.0,49.31999969482422,48.77999877929688,49.0,0.0,16800,0.0013256442596644264,
2004-05-05,27.540225982666016,0.0,49.13999938964844,0.0,49.20000076293945,49.08000183105469,49.150001525878906,0.0,6200,0.0013356677888766676,
2004-05-06,27.293643951416016,0.0,48.70000076293945,0.0,49.0,48.459999084472656,49.0,0.0,5800,0.0012247732929681313,
2004-05-07,26.83969116210937,0.0,47.88999938964844,0.0,48.650001525878906,47.88999938964844,48.650001525878906,0.0,4100,0.0011355630623174858,
2004-05-10,26.430564880371094,0.0,47.15999984741211,0.0,47.5,46.84999847412109,47.5,0.0,17300,0.001071378301784789,
2004-05-11,26.58747100830078,0.0,47.43999862670898,0.0,47.459999084472656,47.33000183105469,47.38999938964844,0.0,5000,0.0010667000285681121,
2004-05-12,26.705162048339844,0.0,47.650001525878906,0.0,47.650001525878906,46.869998931884766,47.34999847412109,0.0,12900,0.001094023722931554,
2004-05-13,26.705162048339844,0.0,47.650001525878906,0.0,48.0,47.59999847412109,47.59999847412109,0.0,3100,0.0007996011894520073,
2004-05-14,26.77802085876465,0.0,47.77999877929688,0.0,47.84999847412109,47.59999847412109,47.84999847412109,0.0,4200,0.0009811900450836949,
2004-05-17,26.51462173461914,0.0,47.310001373291016,0.0,47.43000030517578,47.130001068115234,47.41999816894531,0.0,3500,0.0008550601205203443,
2004-05-18,26.705162048339844,0.0,47.650001525878906,0.0,47.650001525878906,47.43999862670898,47.59999847412109,0.0,88000,0.0008550601205203443,
2004-05-19,26.649120330810547,0.0,47.54999923706055,0.0,48.150001525878906,47.52999877929688,47.9900016784668,0.0,10400,0.0008550601205203443,
2004-05-20,26.665945053100582,0.0,47.58000183105469,0.0,47.619998931884766,47.47999954223633,47.4900016784668,0.0,12300,0.0008550601205203443,
2004-05-21,26.74441337585449,0.0,47.720001220703125,0.0,47.95000076293945,47.70000076293945,47.79999923706055,0.0,5800,0.0007606610441982676,
2004-05-24,26.83969116210937,0.0,47.88999938964844,0.0,48.09999847412109,47.65999984741211,48.09999847412109,0.0,113800,0.0007273698349821634,
2004-05-25,27.237586975097656,0.0,48.59999847412109,0.0,48.59999847412109,47.70000076293945,47.83000183105469,0.0,13600,0.0007266091439859672,
2004-05-26,27.21517372131348,0.0,48.560001373291016,0.0,48.75,48.5099983215332,48.59000015258789,0.0,22500,0.0007266091439859672,
2004-05-27,27.405733108520508,0.0,48.900001525878906,0.0,49.0099983215332,48.70000076293945,48.88999938964844,0.0,118100,0.0008061891763962998,
2004-05-28,27.41692924499512,0.0,48.91999816894531,0.0,48.91999816894531,48.7599983215332,48.7599983215332,0.0,6400,0.0008763066137984412,
2004-06-01,27.42254066467285,0.0,48.93000030517578,0.0,48.95000076293945,48.7400016784668,48.77000045776367,0.0,35600,0.0009586595404932424,
2004-06-02,27.534624099731445,0.0,49.130001068115234,0.0,49.150001525878906,48.84999847412109,49.150001525878906,0.0,46700,0.0009586595404932424,
2004-06-03,27.400115966796875,0.0,48.88999938964844,0.0,49.09000015258789,48.86000061035156,48.900001525878906,0.0,327400,0.001118456127190794,
2004-06-04,27.529016494750977,0.0,49.119998931884766,0.0,49.15999984741211,49.119998931884766,49.119998931884766,0.0,30900,0.0011269881304463692,
2004-06-07,27.87090110778809,0.0,49.72999954223633,0.0,49.72999954223633,49.290000915527344,49.290000915527344,0.0,207500,0.0011314634948019274,
2004-06-08,27.820453643798828,0.0,49.63999938964844,0.0,49.7400016784668,49.52000045776367,49.61000061035156,0.0,244100,0.0012332323657666118,
2004-06-09,27.69154357910156,0.0,49.40999984741211,0.0,49.650001525878906,49.369998931884766,49.650001525878906,0.0,21400,0.0012003652671092734,
2004-06-10,27.79803466796875,0.0,49.59999847412109,0.0,49.59999847412109,49.43000030517578,49.459999084472656,0.0,4100,0.0012890763503591092,
2004-06-14,27.5178279876709,0.0,49.09999847412109,0.0,49.2400016784668,49.04999923706055,49.2400016784668,0.0,9200,0.0014473894542024943,
2004-06-15,27.67473220825196,0.0,49.380001068115234,0.0,49.58000183105469,49.27000045776367,49.459999084472656,0.0,93900,0.001274706566810674,
2004-06-16,27.80363845825196,0.0,49.61000061035156,0.0,49.61000061035156,49.38999938964844,49.38999938964844,0.0,3200,0.001345030496550713,
2004-06-17,27.80925178527832,0.0,49.619998931884766,0.0,49.63999938964844,49.43999862670898,49.43999862670898,0.0,6600,0.001460351433148205,
2004-06-18,27.90451431274414,0.0,49.790000915527344,0.0,49.959999084472656,49.790000915527344,49.86000061035156,0.0,221800,0.001460351433148205,
2004-06-21,27.85968017578125,0.0,49.709999084472656,0.0,49.93000030517578,49.709999084472656,49.79999923706055,0.0,4100,0.0015281673230666416,
2004-06-22,27.938161849975582,0.0,49.84999847412109,0.0,49.84999847412109,49.5,49.5,0.0,3900,0.0015281673230666416,
2004-06-23,28.078258514404297,0.0,50.09999847412109,0.0,50.09999847412109,49.810001373291016,49.869998931884766,0.0,82600,0.0013612565192596534,
2004-06-24,28.128698348999023,0.0,50.18999862670898,0.0,50.36000061035156,50.18999862670898,50.36000061035156,0.0,3000,0.0012045866684872847,
2004-06-25,28.13430976867676,0.0,50.20000076293945,0.0,50.31999969482422,50.08000183105469,50.29999923706055,0.0,55800,0.0012384293808486687,
2004-06-28,27.94500732421875,0.0,49.59999847412109,0.264,49.97999954223633,49.59000015258789,49.880001068115234,0.0,2700,0.001158849348438336,
2004-06-29,28.01261138916016,0.0,49.720001220703125,0.0,49.75,49.52999877929688,49.630001068115234,0.0,5000,0.0010627899046163703,
2004-06-30,28.09149169921875,0.0,49.86000061035156,0.0,49.86000061035156,49.58000183105469,49.720001220703125,0.0,2300,0.00099276051837678,
2004-07-01,27.83232307434082,0.0,49.400001525878906,0.0,49.59000015258789,49.310001373291016,49.540000915527344,0.0,3900,0.0012743361141355034,
2004-07-02,27.877384185791016,0.0,49.47999954223633,0.0,49.52999877929688,49.33000183105469,49.33000183105469,0.0,3100,0.0012388062988714951,
2004-07-06,27.764707565307617,0.0,49.27999877929688,0.0,49.40999984741211,49.130001068115234,49.40999984741211,0.0,20000,0.001264641268100656,
2004-07-07,27.787240982055664,0.0,49.31999969482422,0.0,49.34999847412109,49.16999816894531,49.34999847412109,0.0,54500,0.0013897367565510568,
2004-07-08,27.61821746826172,0.0,49.02000045776367,0.0,49.29999923706055,49.0,49.29999923706055,0.0,9000,0.0013365512042323826,
2004-07-09,27.65202713012696,0.0,49.08000183105469,0.0,49.220001220703125,49.08000183105469,49.220001220703125,0.0,1400,0.0014130080078239957,
2004-07-12,27.7534408569336,0.0,49.2599983215332,0.0,49.27000045776367,49.040000915527344,49.220001220703125,0.0,13400,0.0013933977921504431,
2004-07-13,27.7816104888916,0.0,49.310001373291016,0.0,49.31999969482422,49.15999984741211,49.31999969482422,0.0,4600,0.0012354865396111032,
2004-07-14,27.77597618103028,0.0,49.29999923706055,0.0,49.5099983215332,49.130001068115234,49.130001068115234,0.0,6600,0.0013059078620487983,
2004-07-15,27.71963882446289,0.0,49.20000076293945,0.0,49.36000061035156,49.11000061035156,49.29999923706055,0.0,3400,0.001318375023421885,
2004-07-16,27.640756607055664,0.0,49.060001373291016,0.0,49.34999847412109,49.060001373291016,49.34999847412109,0.0,1900,0.0014062134204736007,
2004-07-19,27.65202713012696,0.0,49.08000183105469,0.0,49.15999984741211,48.95000076293945,49.09999847412109,0.0,5000,0.0014062134204736007,
2004-07-20,27.72526359558105,0.0,49.209999084472656,0.0,49.27999877929688,48.90999984741211,49.09999847412109,0.0,6300,0.0014749179464769928,
2004-07-21,27.471742630004883,0.0,48.7599983215332,0.0,49.52999877929688,48.7599983215332,49.52999877929688,0.0,6900,0.001682333429378616,
2004-07-22,27.499897003173828,0.0,48.810001373291016,0.0,48.810001373291016,48.47999954223633,48.70000076293945,0.0,5700,0.001682333429378616,
2004-07-23,27.319629669189453,0.0,48.4900016784668,0.0,48.59000015258789,48.29999923706055,48.45000076293945,0.0,5600,0.0019534060566927503,
2004-07-26,27.240732192993164,0.0,48.34999847412109,0.0,48.650001525878906,48.09000015258789,48.650001525878906,0.0,4200,0.002095321694822104,
2004-07-27,27.49427604675293,0.0,48.79999923706055,0.0,48.79999923706055,48.47999954223633,48.47999954223633,0.0,5600,0.0022566473294904207,
2004-07-28,27.58441925048828,0.0,48.959999084472656,0.0,49.08000183105469,48.5099983215332,48.810001373291016,0.0,5900,0.0023902254602856765,
2004-07-29,27.742176055908203,0.0,49.2400016784668,0.0,49.2400016784668,49.0,49.150001525878906,0.0,3600,0.0023267611415772045,
2004-07-30,27.668928146362305,0.0,49.11000061035156,0.0,49.18000030517578,48.970001220703125,49.060001373291016,0.0,3100,0.002238984015174191,1117043.3455149333
2004-08-02,27.84357452392578,0.0,49.41999816894531,0.0,49.45000076293945,49.02999877929688,49.11000061035156,0.0,9300,0.0020824178187446377,1115531.488236927
2004-08-03,27.770341873168945,0.0,49.290000915527344,0.0,49.45000076293945,49.25,49.41999816894531,0.0,6600,0.0021583590101255865,1116976.1311455378
2004-08-04,27.75908470153809,0.0,49.27000045776367,0.0,49.27000045776367,48.970001220703125,49.08000183105469,0.0,2400,0.002028788157319627,1116424.7660288734
2004-08-05,27.454832077026367,0.0,48.72999954223633,0.0,49.25,48.72999954223633,49.25,0.0,9500,0.0021772360551129697,1049124.7124202668
2004-08-06,26.97030639648437,0.0,47.869998931884766,0.0,48.25,47.810001373291016,48.20000076293945,0.0,8400,0.0021007792515213564,1051105.8155574496
2004-08-09,27.10552215576172,0.0,48.11000061035156,0.0,48.11000061035156,47.959999084472656,48.02999877929688,0.0,3700,0.0020670646490069593,1049640.28381166
2004-08-10,27.23509979248047,0.0,48.34000015258789,0.0,48.34000015258789,48.04999923706055,48.04999923706055,0.0,2100,0.0020666627977029136,1046071.1409705026
2004-08-11,27.336519241333008,0.0,48.52000045776367,0.0,48.56999969482422,48.15999984741211,48.380001068115234,0.0,10000,0.001987335507025351,1049211.0775387476
2004-08-12,27.05481338500977,0.0,48.02000045776367,0.0,48.36000061035156,47.900001525878906,48.36000061035156,0.0,10200,0.002117744334881549,1051090.8712205433
2004-08-13,27.02101707458496,0.0,47.959999084472656,0.0,48.09000015258789,47.88999938964844,47.9900016784668,0.0,6100,0.0019942880590028385,1047173.9823628985
2004-08-16,27.443567276000977,0.0,48.709999084472656,0.0,48.709999084472656,48.09000015258789,48.09000015258789,0.0,5000,0.0019942880590028385,1045840.5855905442
2004-08-17,27.44920539855957,0.0,48.720001220703125,0.0,49.02999877929688,48.709999084472656,48.869998931884766,0.0,11900,0.0018577676430810096,1049117.7285270086
2004-08-18,27.61821746826172,0.0,49.02000045776367,0.0,49.02000045776367,48.709999084472656,48.720001220703125,0.0,2000,0.0019604812809540934,1049496.2206098768
2004-08-19,27.68019676208496,0.0,49.130001068115234,0.0,49.22999954223633,49.02999877929688,49.20000076293945,0.0,2000,0.0019604812809540934,1047388.6333949983
2004-08-20,27.956274032592773,0.0,49.619998931884766,0.0,49.619998931884766,49.29999923706055,49.29999923706055,0.0,3600,0.001689408653639959,1046776.8714844234
2004-08-23,27.83232307434082,0.0,49.400001525878906,0.0,49.72999954223633,49.36000061035156,49.72999954223633,0.0,5900,0.0016580800574791106,1044636.7129613482
2004-08-24,27.8210506439209,0.0,49.380001068115234,0.0,49.540000915527344,49.27999877929688,49.540000915527344,0.0,252900,0.0015022611578575605,1141219.9056201512
2004-08-25,28.040771484375,0.0,49.77000045776367,0.0,49.790000915527344,49.38999938964844,49.41999816894531,0.0,91300,0.0013686830270623052,1176247.9456280905
2004-08-26,28.09149169921875,0.0,49.86000061035156,0.0,49.86000061035156,49.72999954223633,49.77999877929688,0.0,141200,0.0013686830270623052,1231325.3431108263
2004-08-27,28.13092803955078,0.0,49.93000030517578,0.0,49.9900016784668,49.810001373291016,49.84000015258789,0.0,12100,0.001174884557706595,1184106.3920157296
2004-08-30,28.05767822265625,0.0,49.79999923706055,0.0,49.959999084472656,49.79999923706055,49.959999084472656,0.0,2600,0.0012979009406471095,1183678.5825154139
2004-08-31,28.063322067260746,0.0,49.810001373291016,0.0,49.810001373291016,49.61000061035156,49.77999877929688,0.0,3800,0.0011875927767814247,1183852.4079216851
2004-09-01,28.16474151611328,0.0,49.9900016784668,0.0,50.11000061035156,49.9900016784668,50.04999923706055,0.0,1600,0.0011875927767814247,1175711.8363032264
2004-09-02,28.457706451416016,0.0,50.5099983215332,0.0,50.5099983215332,50.06999969482422,50.06999969482422,0.0,11200,0.0010294383716977328,1178103.867824494
2004-09-03,28.485883712768555,0.0,50.560001373291016,0.0,50.68000030517578,50.5,50.68000030517578,0.0,14500,0.0010294383716977328,1182582.6377838377
2004-09-07,28.68868827819824,0.0,50.91999816894531,0.0,51.02999877929688,50.77000045776367,50.84000015258789,0.0,271800,0.0009667284122724053,1289879.3480434115
2004-09-08,28.598546981811523,0.0,50.7599983215332,0.0,50.91999816894531,50.720001220703125,50.869998931884766,0.0,429900,0.001009565297702399,1461383.9614202105
2004-09-09,28.587291717529297,0.0,50.7400016784668,0.0,50.84999847412109,50.58000183105469,50.79999923706055,0.0,53100,0.001009565297702399,1482175.224037776
2004-09-10,28.677425384521484,0.0,50.900001525878906,0.0,50.93999862670898,50.58000183105469,50.77999877929688,0.0,3800,0.0009588632967482521,1480758.3670237707
2004-09-13,28.649259567260746,0.0,50.84999847412109,0.0,51.0,50.81999969482422,50.95000076293945,0.0,16700,0.0008791602389777549,1485230.4859464131
2004-09-14,28.68868827819824,0.0,50.91999816894531,0.0,50.970001220703125,50.84000015258789,50.970001220703125,0.0,9300,0.0009788492578134654,1484652.8668721516
2004-09-15,28.55348396301269,0.0,50.68000030517578,0.0,50.959999084472656,50.68000030517578,50.959999084472656,0.0,6500,0.0010231299743615275,1484897.9939385066
2004-09-16,28.6605167388916,0.0,50.869998931884766,0.0,50.93999862670898,50.84999847412109,50.84999847412109,0.0,2900,0.0007466357719148463,1477432.2163748362
2004-09-17,28.79575538635254,0.0,51.11000061035156,0.0,51.20000076293945,50.97999954223633,50.97999954223633,0.0,9400,0.0007466357719148463,1480812.517995683
2004-09-20,28.649259567260746,0.0,50.84999847412109,0.0,51.060001373291016,50.84000015258789,51.060001373291016,0.0,73800,0.0007493014294768926,1509815.1361374627
2004-09-21,28.86898422241211,0.0,51.2400016784668,0.0,51.290000915527344,50.970001220703125,50.9900016784668,0.0,109500,0.0007431802646384092,1551847.7963341607
2004-09-22,28.502779006958008,0.0,50.59000015258789,0.0,50.7400016784668,50.54999923706055,50.63999938964844,0.0,5400,0.0008607419086372109,1552323.68526156
2004-09-23,28.3393783569336,0.0,50.29999923706055,0.0,50.43999862670898,50.27999877929688,50.43999862670898,0.0,5700,0.0008607419086372109,1553380.1137984744
2004-09-24,28.423904418945312,0.0,50.45000076293945,0.0,50.4900016784668,50.2599983215332,50.2599983215332,0.0,2000,0.0009810452908079977,1553717.478891403
2004-09-27,28.290714263916016,0.0,49.91999816894531,0.295,50.0,48.650001525878906,50.0,0.0,5900,0.0009810452908079977,1554619.0501894269
2004-09-28,28.45506477355957,0.0,50.209999084472656,0.0,50.2599983215332,49.93999862670898,49.93999862670898,0.0,171500,0.0008580289078674834,1620508.437786405
2004-09-29,28.483386993408203,0.0,50.2599983215332,0.0,50.2599983215332,50.0099983215332,50.09999847412109,0.0,33300,0.0010651679947263218,1624583.5407166253
2004-09-30,28.40406036376953,0.0,50.119998931884766,0.0,50.150001525878906,49.97999954223633,49.97999954223633,0.0,1700,0.0011909691416355863,1622593.7310960558
2004-10-01,28.83476448059082,0.0,50.880001068115234,0.0,50.880001068115234,50.45000076293945,50.45000076293945,0.0,3100,0.001152092330279926,1622543.873959496
2004-10-04,28.908430099487305,0.0,51.0099983215332,0.0,51.2400016784668,51.0099983215332,51.20000076293945,0.0,35700,0.001152092330279926,1632500.0400815692
2004-10-05,28.9197940826416,0.0,51.02999877929688,0.0,51.150001525878906,50.95000076293945,50.95000076293945,0.0,13600,0.0011870823238852386,1631574.3255463857
2004-10-06,29.118135452270508,0.0,51.380001068115234,0.0,51.380001068115234,51.130001068115234,51.150001525878906,0.0,9700,0.001144245438455245,1633659.8414617872
2004-10-07,28.948116302490234,0.0,51.08000183105469,0.0,51.47999954223633,51.08000183105469,51.47999954223633,0.0,9200,0.001313174307663744,1634618.3812186832
2004-10-08,28.79509353637696,0.0,50.810001373291016,0.0,51.18999862670898,50.77999877929688,50.95000076293945,0.0,376600,0.0010988097585635202,1783916.329744127
2004-10-11,28.8574333190918,0.0,50.91999816894531,0.0,51.0,50.83000183105469,50.880001068115234,0.0,317200,0.0011792154523640563,1910757.5473361546
2004-10-12,28.79509353637696,0.0,50.810001373291016,0.0,50.900001525878906,50.58000183105469,50.58000183105469,0.0,85300,0.001079526433528346,1941362.1037861658
2004-10-13,28.477739334106445,0.0,50.25,0.0,50.84000015258789,50.25,50.84000015258789,0.0,52100,0.0010853712851710729,1951213.6990925623
2004-10-14,28.33603858947754,0.0,50.0,0.0,50.400001525878906,49.93999862670898,50.400001525878906,0.0,3100,0.0010517363668430472,1951157.6435210214
2004-10-15,28.44940185546875,0.0,50.20000076293945,0.0,50.400001525878906,50.060001373291016,50.20000076293945,0.0,226100,0.0013212442607730044,2039710.6369866265
2004-10-18,28.506067276000977,0.0,50.29999923706055,0.0,50.31999969482422,49.90999984741211,50.16999816894531,0.0,317800,0.0014210102787294845,2165247.5557054793
2004-10-19,28.177379608154297,0.0,49.720001220703125,0.0,50.38999938964844,49.720001220703125,50.369998931884766,0.0,471200,0.0015606026949099262,2346788.131780473
2004-10-20,28.177379608154297,0.0,49.720001220703125,0.0,49.720001220703125,49.29999923706055,49.66999816894531,0.0,225500,0.001437534315864358,2432815.5942826043
2004-10-21,28.21137428283692,0.0,49.77999877929688,0.0,49.900001525878906,49.43999862670898,49.709999084472656,0.0,319400,0.0014933418554578697,2556438.5039102463
2004-10-22,28.08102798461914,0.0,49.54999923706055,0.0,49.86000061035156,49.5,49.83000183105469,0.0,493800,0.0016745800960421265,2746773.4216145105
2004-10-25,28.04135513305664,0.0,49.47999954223633,0.0,50.34000015258789,49.20000076293945,50.34000015258789,0.0,875900,0.0018096402732032685,3090463.847002907
2004-10-26,28.37573432922364,0.0,50.06999969482422,0.0,50.130001068115234,49.540000915527344,49.650001525878906,0.0,384500,0.0021579176013044625,3241800.9015734233
2004-10-27,28.69311141967773,0.0,50.630001068115234,0.0,50.65999984741211,50.040000915527344,50.04999923706055,0.0,31200,0.0019507785144456241,3227515.4735171604
2004-10-28,28.806446075439453,0.0,50.83000183105469,0.0,50.83000183105469,50.43999862670898,50.619998931884766,0.0,12900,0.0018249773675363598,3231528.457835364
2004-10-29,28.84610176086425,0.0,50.900001525878906,0.0,50.90999984741211,50.68999862670898,50.90999984741211,0.0,235900,0.0018249773675363598,3326554.7940178523
2004-11-01,28.880111694335938,0.0,50.959999084472656,0.0,51.06999969482422,50.880001068115234,51.02999877929688,0.0,5400,0.0018249773675363598,3327108.793927753
2004-11-02,28.823427200317383,0.0,50.86000061035156,0.0,51.34000015258789,50.86000061035156,51.09999847412109,0.0,70300,0.001875990516172834,3348941.4448178005
2004-11-03,29.12946891784668,0.0,51.400001525878906,0.0,51.77000045776367,51.31999969482422,51.77000045776367,0.0,31600,0.0022965700733733633,3359414.238881308
2004-11-04,29.6678409576416,0.0,52.34999847412109,0.0,52.43000030517578,51.58000183105469,51.650001525878906,0.0,80200,0.002202615405137532,3390493.682319399
2004-11-05,29.792518615722656,0.0,52.56999969482422,0.0,52.7599983215332,52.33000183105469,52.630001068115234,0.0,22800,0.002202615405137532,3398448.0235538785
2004-11-08,29.75853538513184,0.0,52.5099983215332,0.0,52.540000915527344,52.41999816894531,52.5,0.0,57000,0.0021600059410568995,3415727.403767904
2004-11-09,29.77552604675293,0.0,52.540000915527344,0.0,52.650001525878906,52.43999862670898,52.5,0.0,40200,0.002187339349623799,3430607.6263367184
2004-11-10,29.843530654907227,0.0,52.65999984741211,0.0,52.810001373291016,52.54999923706055,52.68999862670898,0.0,11500,0.00213721378143301,3430535.443626888
2004-11-11,30.075889587402344,0.0,53.06999969482422,0.0,53.06999969482422,52.70000076293945,52.7599983215332,0.0,8900,0.00213721378143301,3433111.6975360448
2004-11-12,30.308237075805664,0.0,53.47999954223633,0.0,53.47999954223633,53.0,53.04999923706055,0.0,13600,0.0018677058875030531,3437291.475305103
2004-11-15,30.189233779907227,0.0,53.27000045776367,0.0,53.43000030517578,53.209999084472656,53.41999816894531,0.0,114400,0.001873633730154595,3484343.0867936877
2004-11-16,30.05889129638672,0.0,53.040000915527344,0.0,53.22999954223633,53.040000915527344,53.220001220703125,0.0,107600,0.0015957327244827471,3496358.1976209367
2004-11-17,30.279916763305664,0.0,53.43000030517578,0.0,53.58000183105469,53.400001525878906,53.400001525878906,0.0,6500,0.0017587035679485284,3495189.7453187006
2004-11-18,30.25156784057617,0.0,53.380001068115234,0.0,53.43999862670898,53.27000045776367,53.43999862670898,0.0,39700,0.0017028960283550169,3507363.967698718
2004-11-19,29.939876556396484,0.0,52.83000183105469,0.0,53.38999938964844,52.81999969482422,53.38999938964844,0.0,10400,0.001401354405599973,3509527.9043015977
2004-11-22,30.12689018249512,0.0,53.15999984741211,0.0,53.2599983215332,52.79999923706055,52.93999862670898,0.0,8800,0.0015907907284102134,3469987.635000925
2004-11-23,30.16656875610352,0.0,53.22999954223633,0.0,53.29999923706055,53.060001373291016,53.220001220703125,0.0,10800,0.0012851202830966957,3469304.4922692436
2004-11-24,30.302574157714844,0.0,53.470001220703125,0.0,53.52000045776367,53.369998931884766,53.38999938964844,0.0,6800,0.0012851202830966957,3463518.746058146
2004-11-26,30.37624740600586,0.0,53.59999847412109,0.0,53.709999084472656,53.59999847412109,53.650001525878906,0.0,44200,0.0012851202830966957,3436487.236156161
2004-11-29,30.32524871826172,0.0,53.5099983215332,0.0,53.79999923706055,53.150001525878906,53.79999923706055,0.0,49700,0.0013058437905533868,3455109.1324125016
2004-11-30,30.223234176635746,0.0,53.33000183105469,0.0,53.369998931884766,53.25,53.27000045776367,0.0,4800,0.0013306609289754528,3443316.0847769845
2004-12-01,30.53491973876953,0.0,53.880001068115234,0.0,53.880001068115234,53.58000183105469,53.59999847412109,0.0,6600,0.001244657786733666,3427929.0765005443
2004-12-02,30.48393440246582,0.0,53.790000915527344,0.0,53.93999862670898,53.72999954223633,53.93999862670898,0.0,9700,0.0008379271142669998,3305033.65752205
2004-12-03,30.49526023864746,0.0,53.810001373291016,0.0,53.9900016784668,53.63999938964844,53.7400016784668,0.0,7100,0.0008933326323115508,3296019.713416932
2004-12-06,30.478256225585938,0.0,53.77999877929688,0.0,53.86000061035156,53.63999938964844,53.79999923706055,0.0,7100,0.0010358625408433762,3217153.5474353367
2004-12-07,30.245906829833984,0.0,53.369998931884766,0.0,53.79999923706055,53.29999923706055,53.709999084472656,0.0,15600,0.000998066311123472,3127593.6119775926
2004-12-08,30.302574157714844,0.0,53.470001220703125,0.0,53.470001220703125,53.25,53.25,0.0,7700,0.0009707329025565727,3122469.3660463607
2004-12-09,30.410245895385746,0.0,53.65999984741211,0.0,53.65999984741211,53.08000183105469,53.25,0.0,5400,0.0010619668565904248,3123155.112121219
2004-12-10,30.41592788696289,0.0,53.66999816894531,0.0,53.790000915527344,53.63999938964844,53.709999084472656,0.0,5500,0.0010619668565904248,3121912.770882864
2004-12-13,30.755935668945312,0.0,54.27000045776367,0.0,54.27000045776367,53.93999862670898,54.130001068115234,0.0,169400,0.0010676423327370098,3158075.9135594442
2004-12-14,30.869298934936523,0.0,54.470001220703125,0.0,54.52999877929688,54.27000045776367,54.29999923706055,0.0,101500,0.0009592828145669413,3200694.589130462
2004-12-15,31.016637802124023,0.0,54.72999954223633,0.0,54.72999954223633,54.5099983215332,54.54999923706055,0.0,5400,0.0009592828145669413,3200441.017738221
2004-12-16,30.87496566772461,0.0,54.47999954223633,0.0,54.66999816894531,54.34000015258789,54.54999923706055,0.0,4700,0.0009434008242655218,3114827.000236511
2004-12-17,30.835289001464844,0.0,54.40999984741211,0.0,54.4900016784668,54.25,54.25,0.0,7400,0.0009434008242655218,3116404.960574801
2004-12-20,30.863630294799805,0.0,54.459999084472656,0.0,54.709999084472656,54.41999816894531,54.41999816894531,0.0,13200,0.0009434008242655218,3120567.3176689753
2004-12-21,31.010967254638672,0.0,54.720001220703125,0.0,54.720001220703125,54.540000915527344,54.560001373291016,0.0,119400,0.0007324961432603521,3139577.7007784164
2004-12-22,31.23200225830078,0.0,55.11000061035156,0.0,55.18999862670898,55.0,55.11000061035156,0.0,10400,0.0006898892604726755,3142931.462766254
2004-12-23,31.27733421325684,0.0,55.18999862670898,0.0,55.25,55.130001068115234,55.25,0.0,19900,0.0006898892604726755,3129416.549513075
2004-12-27,31.130077362060547,0.0,54.540000915527344,0.392,56.02999877929688,54.540000915527344,55.0,0.0,44700,0.000700458421948877,3147702.4070134237
2004-12-28,31.29562187194824,0.0,54.83000183105469,0.0,54.84999847412109,54.68999862670898,54.68999862670898,0.0,14600,0.0006988938149038017,3152082.708764455
2004-12-29,31.267059326171875,0.0,54.77999877929688,0.0,54.970001220703125,54.70000076293945,54.970001220703125,0.0,109800,0.000748737537095277,3198909.4219752722
2004-12-30,31.249942779541016,0.0,54.75,0.0,54.95000076293945,54.72999954223633,54.880001068115234,0.0,849200,0.000921035559623455,3566377.993356614
2004-12-31,31.249942779541016,0.0,54.75,0.0,54.970001220703125,54.7400016784668,54.86000061035156,0.0,168100,0.001079478359113636,3638204.0806694636
2005-01-03,30.953134536743164,0.0,54.22999954223633,0.0,55.0099983215332,54.22999954223633,55.0099983215332,0.0,220600,0.0010218629131424036,3725327.3975220937
2005-01-04,30.6734561920166,0.0,53.7400016784668,0.0,54.470001220703125,53.70000076293945,54.380001068115234,0.0,63700,0.0008793330046105782,3731163.096915351
2005-01-05,30.536466598510746,0.0,53.5,0.0,53.880001068115234,53.5,53.790000915527344,0.0,14200,0.0008793330046105782,3733691.03339059
2005-01-06,30.69058609008789,0.0,53.77000045776367,0.0,53.86000061035156,53.5,53.5,0.0,32700,0.0012019543602778272,3747100.2953938073
2005-01-07,30.6278018951416,0.0,53.65999984741211,0.0,53.959999084472656,53.47999954223633,53.959999084472656,0.0,33000,0.0013807270199417943,3755915.343151395
2005-01-10,30.63349914550781,0.0,53.66999816894531,0.0,53.93999862670898,53.47999954223633,53.63999938964844,0.0,15100,0.001796180183897675,3760547.017484998
2005-01-11,30.507925033569336,0.0,53.45000076293945,0.0,53.59000015258789,53.34999847412109,53.38999938964844,0.0,189100,0.0018105882264178713,3838182.058352516
2005-01-12,30.57071685791016,0.0,53.560001373291016,0.0,53.560001373291016,53.060001373291016,53.31999969482422,0.0,15700,0.0018659659974993188,3843528.185487172
2005-01-13,30.34239959716797,0.0,53.15999984741211,0.0,53.650001525878906,53.15999984741211,53.52999877929688,0.0,42300,0.002114947978396787,3860634.9631930157
2005-01-14,30.553586959838867,0.0,53.52999877929688,0.0,53.56999969482422,53.27999877929688,53.380001068115234,0.0,12900,0.002147920327958511,3864167.7963287113
2005-01-18,30.856088638305664,0.0,54.060001373291016,0.0,54.09000015258789,53.43999862670898,53.52000045776367,0.0,5900,0.002147920327958511,3864238.6773911733
2005-01-19,30.66203689575196,0.0,53.720001220703125,0.0,54.20000076293945,53.720001220703125,54.20000076293945,0.0,13800,0.002255158155565004,3867452.106188214
2005-01-20,30.456562042236328,0.0,53.36000061035156,0.0,53.59000015258789,53.2400016784668,53.43000030517578,0.0,22500,0.0021415663365987915,3874772.6062350804
2005-01-21,30.285324096679688,0.0,53.060001373291016,0.0,53.56999969482422,53.060001373291016,53.56999969482422,0.0,80000,0.0023414277048656807,3906306.38481019
2005-01-24,30.319580078125,0.0,53.119998931884766,0.0,53.43000030517578,53.119998931884766,53.310001373291016,0.0,28700,0.0025386955399524236,3916794.273506649
2005-01-25,30.365232467651367,0.0,53.20000076293945,0.0,53.380001068115234,53.20000076293945,53.380001068115234,0.0,13200,0.0026381976261092366,3920198.718064929
2005-01-26,30.47368431091309,0.0,53.38999938964844,0.0,53.38999938964844,53.150001525878906,53.310001373291016,0.0,22600,0.002754909199058575,3927482.448157053
2005-01-27,30.456562042236328,0.0,53.36000061035156,0.0,53.5099983215332,53.18000030517578,53.18000030517578,0.0,23200,0.0027891849271110248,3935900.6069516377
2005-01-28,30.25107192993164,0.0,53.0,0.0,53.40999984741211,53.0,53.40999984741211,0.0,7100,0.002653738286818685,3937678.8529683673
2005-01-31,30.6278018951416,0.0,53.65999984741211,0.0,53.68999862670898,53.47999954223633,53.54999923706055,0.0,20300,0.002596772541350453,3942676.4086344885
2005-02-01,30.907470703125,0.0,54.150001525878906,0.0,54.18999862670898,53.59999847412109,53.59999847412109,0.0,19600,0.0025240082683044675,3948517.8850143673
2005-02-02,31.05586814880371,0.0,54.40999984741211,0.0,54.40999984741211,54.20000076293945,54.20000076293945,0.0,62900,0.0025240082683044675,3974741.226199317
2005-02-03,31.021623611450195,0.0,54.34999847412109,0.0,54.34999847412109,54.18000030517578,54.29999923706055,0.0,57300,0.0026576997982895195,3995783.447762141
2005-02-04,31.27277374267578,0.0,54.790000915527344,0.0,54.790000915527344,54.38999938964844,54.38999938964844,0.0,13100,0.0023350784426222704,3998288.535230122
2005-02-07,31.36409568786621,0.0,54.95000076293945,0.0,55.0,54.84999847412109,54.970001220703125,0.0,10800,0.002065071828924451,4001585.7813093397
2005-02-08,31.35839080810547,0.0,54.93999862670898,0.0,55.02999877929688,54.75,54.75,0.0,16200,0.0017323135191571414,4007843.828749278
2005-02-09,31.2613468170166,0.0,54.77000045776367,0.0,55.040000915527344,54.70000076293945,55.040000915527344,0.0,14100,0.0019330789067814901,4010122.058922904
2005-02-10,31.32985496520996,0.0,54.88999938964844,0.0,54.91999816894531,54.709999084472656,54.84999847412109,0.0,43600,0.0020091145792458286,4025228.407880995
2005-02-11,31.50678253173828,0.0,55.20000076293945,0.0,55.27999877929688,54.75,54.93999862670898,0.0,10300,0.001760485282403561,4027418.9159241933
2005-02-14,31.56386375427246,0.0,55.29999923706055,0.0,55.29999923706055,55.130001068115234,55.2599983215332,0.0,21000,0.0015947022430803492,4034702.6459920974
2005-02-15,31.615232467651367,0.0,55.38999938964844,0.0,55.45000076293945,55.2599983215332,55.290000915527344,0.0,9800,0.0015947022430803492,4034409.4236071147
2005-02-16,31.678016662597656,0.0,55.5,0.0,55.52000045776367,55.18000030517578,55.27999877929688,0.0,7800,0.0015953725182655549,4037067.042647468
2005-02-17,31.455411911010746,0.0,55.11000061035156,0.0,55.34000015258789,55.11000061035156,55.290000915527344,0.0,9000,0.001748917716862396,4040223.6299756975
2005-02-18,31.443986892700195,0.0,55.09000015258789,0.0,55.09000015258789,54.91999816894531,54.91999816894531,0.0,27500,0.0015490563485955069,4050829.5268649147
2005-02-22,31.01592254638672,0.0,54.34000015258789,0.0,55.0,54.27000045776367,55.0,0.0,674500,0.001394442772253462,4339407.860943628
2005-02-23,31.22712135314941,0.0,54.709999084472656,0.0,54.7400016784668,54.380001068115234,54.52000045776367,0.0,10000,0.0014705729607908473,4244637.207933457
2005-02-24,31.42117118835449,0.0,55.04999923706055,0.0,55.04999923706055,54.68000030517578,54.68000030517578,0.0,6300,0.001334702487429893,4211326.207563613
2005-02-25,31.843549728393555,0.0,55.790000915527344,0.0,55.790000915527344,55.18999862670898,55.209999084472656,0.0,33400,0.0012257658987639016,4170240.127757239
2005-02-28,31.678016662597656,0.0,55.5,0.0,55.70000076293945,55.220001220703125,55.70000076293945,0.0,11400,0.0015544840156850393,4170466.6912199957
2005-03-01,31.80929183959961,0.0,55.72999954223633,0.0,55.72999954223633,55.59000015258789,55.650001525878906,0.0,4700,0.0014825195105799302,4171517.889631362
2005-03-02,31.74650764465332,0.0,55.619998931884766,0.0,55.900001525878906,55.52000045776367,55.52000045776367,0.0,11900,0.0015367153425654293,4175268.6831398616
2005-03-03,31.843549728393555,0.0,55.790000915527344,0.0,55.93999862670898,55.45000076293945,55.84000015258789,0.0,15300,0.0018185121653299767,4181408.3895789254
2005-03-04,32.14604949951172,0.0,56.31999969482422,0.0,56.4900016784668,55.9900016784668,55.9900016784668,0.0,36300,0.001684820635344925,4193144.1356719485
2005-03-07,32.2487907409668,0.0,56.5,0.0,56.540000915527344,56.29999923706055,56.29999923706055,0.0,270100,0.0016945450795093383,4308441.992656768
2005-03-08,32.07185745239258,0.0,56.18999862670898,0.0,56.38999938964844,56.119998931884766,56.380001068115234,0.0,23000,0.0018041994036970214,4208857.186832125
2005-03-09,31.68372917175293,0.0,55.5099983215332,0.0,56.20000076293945,55.5099983215332,56.20000076293945,0.0,69900,0.0017215045495084507,4066463.739246792
2005-03-10,31.72369384765625,0.0,55.58000183105469,0.0,55.630001068115234,55.27000045776367,55.619998931884766,0.0,47400,0.0015006556432173204,4065989.1201806446
2005-03-11,31.615232467651367,0.0,55.38999938964844,0.0,55.68999862670898,55.27999877929688,55.630001068115234,0.0,15600,0.001642781396127611,4071311.850217789
2005-03-14,31.78075408935547,0.0,55.68000030517578,0.0,55.709999084472656,55.380001068115234,55.52000045776367,0.0,17300,0.0018516301992543532,4072217.1599857393
2005-03-15,31.632354736328125,0.0,55.41999816894531,0.0,55.959999084472656,55.41999816894531,55.95000076293945,0.0,163600,0.001952432601731935,4140416.8085370744
2005-03-16,31.34125518798828,0.0,54.90999984741211,0.0,55.2400016784668,54.810001373291016,55.2400016784668,0.0,55900,0.001952432601731935,4162163.229088556
2005-03-17,31.42117118835449,0.0,55.04999923706055,0.0,55.150001525878906,54.86000061035156,54.88999938964844,0.0,18500,0.0020391344927747136,4169075.1496360414
2005-03-18,31.41546440124512,0.0,55.040000915527344,0.0,55.09999847412109,54.65999984741211,55.08000183105469,0.0,13400,0.0019665982472018492,4171115.6417513653
2005-03-21,31.267059326171875,0.0,54.77999877929688,0.0,55.04999923706055,54.4900016784668,55.04999923706055,0.0,20400,0.0021912095633169564,4150201.213876028
2005-03-22,30.89604759216309,0.0,54.130001068115234,0.0,55.060001373291016,54.11000061035156,54.90999984741211,0.0,20200,0.002484265547115263,4114349.196715582
2005-03-23,30.833282470703125,0.0,54.02000045776367,0.0,54.16999816894531,53.869998931884766,54.04999923706055,0.0,399400,0.0022980641109448634,4283415.880699763
2005-03-24,30.796533584594727,0.0,53.65999984741211,0.296,54.0099983215332,53.65999984741211,53.95000076293945,0.0,72300,0.0022980641109448634,4311931.023503863
2005-03-28,30.865413665771484,0.0,53.77999877929688,0.0,53.97999954223633,53.77999877929688,53.83000183105469,0.0,20600,0.00241746733819967,4319922.832815988
2005-03-29,30.601417541503903,0.0,53.31999969482422,0.0,53.959999084472656,53.31999969482422,53.59999847412109,0.0,10500,0.002075254170640509,4322028.6424001055
2005-03-30,31.02035903930664,0.0,54.04999923706055,0.0,54.04999923706055,53.59000015258789,53.65999984741211,0.0,12900,0.0023663295839056733,4259220.9451554315
2005-03-31,31.135160446166992,0.0,54.25,0.0,54.38999938964844,54.209999084472656,54.290000915527344,0.0,17900,0.0023121337519201738,4253644.890043471
2005-04-01,31.03759384155273,0.0,54.08000183105469,0.0,54.810001373291016,53.88999938964844,54.63999938964844,0.0,45100,0.002069148276181017,4272325.874840267
2005-04-04,31.066286087036133,0.0,54.130001068115234,0.0,54.150001525878906,53.75,54.130001068115234,0.0,7000,0.002069148276181017,4274081.28757174
2005-04-05,31.106449127197266,0.0,54.20000076293945,0.0,54.29999923706055,54.130001068115234,54.2400016784668,0.0,15300,0.0020594238320166035,4266209.883378044
2005-04-06,31.24993896484375,0.0,54.45000076293945,0.0,54.61000061035156,54.34999847412109,54.400001525878906,0.0,13300,0.0019497695078289207,4266449.383590335
2005-04-07,31.381935119628903,0.0,54.68000030517578,0.0,54.75,54.58000183105469,54.61000061035156,0.0,7800,0.002039672657019496,4265878.891463507
2005-04-08,31.158123016357425,0.0,54.290000915527344,0.0,54.650001525878906,54.290000915527344,54.61000061035156,0.0,113300,0.002039672657019496,4310967.15405782
2005-04-11,31.19829750061035,0.0,54.36000061035156,0.0,54.400001525878906,54.220001220703125,54.400001525878906,0.0,10700,0.0017661334605634192,4163717.9912748793
2005-04-12,31.347490310668945,0.0,54.619998931884766,0.0,54.75,53.880001068115234,54.13999938964844,0.0,14900,0.0015978881765825175,4041987.94813913
2005-04-13,30.98019027709961,0.0,53.97999954223633,0.0,54.56999969482422,53.900001525878906,54.459999084472656,0.0,13800,0.001990216235586115,4013502.4789053295
2005-04-14,30.6875057220459,0.0,53.470001220703125,0.0,53.97999954223633,53.459999084472656,53.97999954223633,0.0,27300,0.001990216235586115,4004309.6696460056
2005-04-15,30.182451248168945,0.0,52.59000015258789,0.0,53.47999954223633,52.560001373291016,53.34999847412109,0.0,22600,0.001795606241751637,4012512.3204670255
2005-04-18,30.27428436279297,0.0,52.75,0.0,52.900001525878906,52.43000030517578,52.66999816894531,0.0,39400,0.0017145972887276603,3938926.0492567034
2005-04-19,30.664539337158203,0.0,53.43000030517578,0.0,53.43000030517578,53.09999847412109,53.13999938964844,0.0,20000,0.0014899859726125527,3820539.225832621
2005-04-20,30.12505531311035,0.0,52.4900016784668,0.0,53.209999084472656,52.43999862670898,53.209999084472656,0.0,27400,0.001307195699115113,3646016.697823055
2005-04-21,30.62437629699707,0.0,53.36000061035156,0.0,53.369998931884766,52.65999984741211,52.91999816894531,0.0,32100,0.0019406147393188143,3570627.775158958
2005-04-22,30.4177474975586,0.0,53.0,0.0,53.4900016784668,53.0,53.34000015258789,0.0,11400,0.0020143873636272944,3449234.6671422324
2005-04-25,30.830989837646484,0.0,53.720001220703125,0.0,53.7599983215332,53.5,53.58000183105469,0.0,7300,0.002042276194334276,3258158.209885491
2005-04-26,30.58992958068848,0.0,53.29999923706055,0.0,53.77000045776367,53.29999923706055,53.66999816894531,0.0,11200,0.0021697614889248117,2918931.4510950968
2005-04-27,30.630109786987305,0.0,53.369998931884766,0.0,53.630001068115234,52.900001525878906,53.130001068115234,0.0,7600,0.0018353246420089436,2769357.618628608
2005-04-28,30.30296516418457,0.0,52.79999923706055,0.0,53.34999847412109,52.79999923706055,53.34999847412109,0.0,18100,0.0020720282867545793,2764405.427778335
2005-04-29,30.641576766967773,0.0,53.38999938964844,0.0,53.38999938964844,52.790000915527344,53.130001068115234,0.0,16100,0.00251989293775155,2766023.459258912
2005-05-02,30.81951141357422,0.0,53.70000076293945,0.0,53.720001220703125,53.36000061035156,53.619998931884766,0.0,15800,0.00251989293775155,2677461.1549104964
2005-05-03,30.6875057220459,0.0,53.470001220703125,0.0,53.869998931884766,53.43000030517578,53.68999862670898,0.0,28600,0.0026518364083032526,2687413.9964966546
2005-05-04,31.175331115722656,0.0,54.31999969482422,0.0,54.31999969482422,53.66999816894531,53.83000183105469,0.0,4400,0.0028657415968710827,2660934.2342406986
2005-05-05,31.112192153930664,0.0,54.209999084472656,0.0,54.5,53.880001068115234,54.310001373291016,0.0,309100,0.0029281076184808135,2781030.033199371
2005-05-06,31.07777404785156,0.0,54.150001525878906,0.0,54.380001068115234,54.09999847412109,54.380001068115234,0.0,13800,0.00306218054230684,2753639.558147249
2005-05-09,31.135160446166992,0.0,54.25,0.0,54.380001068115234,54.0,54.09000015258789,0.0,12400,0.0032668143216236637,2749465.780424693
2005-05-10,30.89412307739257,0.0,53.83000183105469,0.0,54.150001525878906,53.68999862670898,54.150001525878906,0.0,36700,0.003240615443038477,2741390.3134633624
2005-05-11,31.00889205932617,0.0,54.02999877929688,0.0,54.02999877929688,53.54999923706055,53.93000030517578,0.0,3900,0.002878467667875074,2726299.908371577
2005-05-12,30.618621826171875,0.0,53.34999847412109,0.0,54.09999847412109,53.29999923706055,54.09999847412109,0.0,8400,0.0031763968364621233,2725050.3051091754
2005-05-13,30.325937271118164,0.0,52.84000015258789,0.0,53.36000061035156,52.540000915527344,53.36000061035156,0.0,11500,0.0031763968364621233,2726124.4083192614
2005-05-16,30.601417541503903,0.0,53.31999969482422,0.0,53.380001068115234,52.900001525878906,52.95000076293945,0.0,18600,0.0034717638718190467,2728223.011498224
2005-05-17,30.796533584594727,0.0,53.65999984741211,0.0,53.65999984741211,53.18000030517578,53.25,0.0,11000,0.0034717638718190467,2684541.836466108
2005-05-18,31.19255256652832,0.0,54.34999847412109,0.0,54.43999862670898,54.09999847412109,54.209999084472656,0.0,45700,0.003318843902773482,2658960.0176705252
2005-05-19,31.364727020263672,0.0,54.650001525878906,0.0,54.650001525878906,54.2400016784668,54.40999984741211,0.0,14300,0.0026854248625697804,2662406.049573989
2005-05-20,31.313064575195312,0.0,54.560001373291016,0.0,54.59000015258789,54.33000183105469,54.5,0.0,18000,0.0027785941583533635,2653381.3986399816
2005-05-23,31.387664794921875,0.0,54.68999862670898,0.0,54.900001525878906,54.47999954223633,54.47999954223633,0.0,18100,0.0026313021003915747,2656877.088767763
2005-05-24,31.40488624572754,0.0,54.720001220703125,0.0,54.75,54.5,54.70000076293945,0.0,12500,0.002632592129266458,2658592.8984233313
2005-05-25,31.30158424377441,0.0,54.540000915527344,0.0,54.59000015258789,54.31999969482422,54.5099983215332,0.0,9500,0.002782806427780891,2658142.469960167
2005-05-26,31.4393310546875,0.0,54.77999877929688,0.0,54.79999923706055,54.68000030517578,54.72999954223633,0.0,6800,0.0025461027830352553,2658213.1682411074
2005-05-27,31.536901473999023,0.0,54.95000076293945,0.0,54.970001220703125,54.790000915527344,54.900001525878906,0.0,15400,0.002059426785012894,2646126.7402981953
2005-05-31,31.40488624572754,0.0,54.720001220703125,0.0,54.88999938964844,54.61000061035156,54.880001068115234,0.0,6200,0.0021316565510055415,2627712.590226673
2005-06-01,31.51968574523925,0.0,54.91999816894531,0.0,55.290000915527344,54.650001525878906,54.650001525878906,0.0,17700,0.002040933064760222,2633395.923233032
2005-06-02,31.668907165527344,0.0,55.18000030517578,0.0,55.20000076293945,54.95000076293945,54.95000076293945,0.0,9900,0.001930173604445699,2634909.2089153472
2005-06-03,31.54838752746582,0.0,54.970001220703125,0.0,55.15999984741211,54.7400016784668,55.150001525878906,0.0,10500,0.00188464851516647,2635349.0660894485
2005-06-06,31.54838752746582,0.0,54.970001220703125,0.0,55.02999877929688,54.77000045776367,54.959999084472656,0.0,19100,0.0019133263516157596,2640649.669371711
2005-06-07,31.56560516357422,0.0,55.0,0.0,55.459999084472656,54.9900016784668,55.15999984741211,0.0,14300,0.0017086925722989356,2643861.2726151
2005-06-08,31.51968574523925,0.0,54.91999816894531,0.0,55.27000045776367,54.81999969482422,55.18000030517578,0.0,8700,0.0017173664361258701,2641045.6535732937
2005-06-09,31.657405853271484,0.0,55.15999984741211,0.0,55.15999984741211,54.81999969482422,54.88999938964844,0.0,7200,0.0018225584970265254,2640930.0423788647
2005-06-10,31.634464263916016,0.0,55.119998931884766,0.0,55.25,54.959999084472656,55.25,0.0,14200,0.0015615880440543416,2644842.264487251
2005-06-13,31.743518829345703,0.0,55.310001373291016,0.0,55.5,54.9900016784668,55.119998931884766,0.0,21700,0.00166406640700011,2652025.1378195626
2005-06-14,31.841064453125,0.0,55.47999954223633,0.0,55.59000015258789,55.27999877929688,55.27999877929688,0.0,50400,0.0013686993716431864,2601254.137021019
2005-06-15,31.898475646972656,0.0,55.58000183105469,0.0,55.66999816894531,55.33000183105469,55.66999816894531,0.0,6200,0.0015213307414098595,2560110.4139055526
2005-06-16,32.11083221435547,0.0,55.95000076293945,0.0,55.959999084472656,55.650001525878906,55.70000076293945,0.0,14900,0.0015213307414098595,2564381.1521106297
2005-06-17,32.305946350097656,0.0,56.290000915527344,0.0,56.33000183105469,56.09999847412109,56.16999816894531,0.0,17600,0.0015213307414098595,2570211.691938128
2005-06-20,32.32318115234375,0.0,56.31999969482422,0.0,56.36000061035156,56.02000045776367,56.209999084472656,0.0,20400,0.0015056950342992312,2576134.6601516483
2005-06-21,32.196895599365234,0.0,56.09999847412109,0.0,56.29999923706055,56.04999923706055,56.29999923706055,0.0,27800,0.0016818645455141078,2582806.945625184
2005-06-22,32.179691314697266,0.0,56.06999969482422,0.0,56.41999816894531,55.97999954223633,56.40999984741211,0.0,552500,0.0016717467597331579,2776815.7288445365
2005-06-23,31.90994644165039,0.0,55.59999847412109,0.0,56.18000030517578,55.59999847412109,56.18000030517578,0.0,16400,0.0015215324612187248,2779503.7920876155
2005-06-24,31.72629165649414,0.0,55.27999877929688,0.0,55.619998931884766,55.20000076293945,55.619998931884766,0.0,15800,0.0015215324612187248,2777719.2127863565
2005-06-27,31.70378494262696,0.0,54.91999816894531,0.321,55.02000045776367,54.79999923706055,54.88999938964844,0.0,15400,0.0015215324612187248,2765082.942396497
2005-06-28,31.923133850097656,0.0,55.29999923706055,0.0,55.31999969482422,55.04999923706055,55.04999923706055,0.0,21700,0.0014493026952260772,2768253.5134815034
2005-06-29,31.923133850097656,0.0,55.29999923706055,0.0,55.40999984741211,55.220001220703125,55.40999984741211,0.0,28000,0.0014080827109196944,2732805.5461217486
2005-06-30,31.83657455444336,0.0,55.150001525878906,0.0,55.43000030517578,54.880001068115234,55.43000030517578,0.0,30200,0.0013743445755475133,2377026.4195033484
2005-07-01,31.830774307250977,0.0,55.13999938964844,0.0,55.31999969482422,55.0,55.31999969482422,0.0,7100,0.0014564799882593675,2307090.0623260983
2005-07-05,32.090553283691406,0.0,55.59000015258789,0.0,55.65999984741211,55.0,55.119998931884766,0.0,15700,0.0014549859860482415,2219071.2139402116
2005-07-06,31.83657455444336,0.0,55.150001525878906,0.0,55.650001525878906,55.150001525878906,55.61000061035156,0.0,14000,0.0018206916755574127,2198030.435483418
2005-07-07,31.88850212097168,0.0,55.2400016784668,0.0,55.2400016784668,54.40999984741211,54.63999938964844,0.0,37500,0.0017972604871146242,2208441.5470940727
2005-07-08,32.223323822021484,0.0,55.81999969482422,0.0,55.81999969482422,55.34000015258789,55.36000061035156,0.0,15300,0.001546807576493319,2201265.0945572625
2005-07-11,32.38496398925781,0.0,56.09999847412109,0.0,56.09999847412109,55.79999923706055,55.79999923706055,0.0,11600,0.0015098488608784534,2192376.0468377005
2005-07-12,32.42537307739258,0.0,56.16999816894531,0.0,56.29999923706055,55.9900016784668,56.0099983215332,0.0,14900,0.0014073704979326856,2192586.4912850517
2005-07-13,32.50041198730469,0.0,56.29999923706055,0.0,56.33000183105469,56.0099983215332,56.0099983215332,0.0,8700,0.0016342419486282019,2116256.450404818
2005-07-14,32.51772689819336,0.0,56.33000183105469,0.0,56.709999084472656,56.22999954223633,56.4900016784668,0.0,13900,0.0014816105788615285,2115796.8869436355
2005-07-15,32.546592712402344,0.0,56.380001068115234,0.0,56.400001525878906,56.209999084472656,56.27000045776367,0.0,12100,0.0015165667950485225,2103364.585510133
2005-07-18,32.36764144897461,0.0,56.06999969482422,0.0,56.29999923706055,56.060001373291016,56.29999923706055,0.0,9300,0.0016153881400269771,2102022.6332316324
2005-07-19,32.535057067871094,0.0,56.36000061035156,0.0,56.36000061035156,56.06999969482422,56.220001220703125,0.0,49300,0.0016283492033066591,2121543.2207077267
2005-07-20,32.64473342895508,0.0,56.54999923706055,0.0,56.54999923706055,56.02999877929688,56.2599983215332,0.0,35300,0.0016142732627864882,2131502.577503144
2005-07-21,32.3734245300293,0.0,56.08000183105469,0.0,56.5,56.04999923706055,56.4900016784668,0.0,17900,0.0018314420373711283,2129940.9268606277
2005-07-22,32.615875244140625,0.0,56.5,0.0,56.5,56.06999969482422,56.06999969482422,0.0,17500,0.002201160709037454,2104099.25932203
2005-07-25,32.54083251953125,0.0,56.369998931884766,0.0,56.75,56.290000915527344,56.63999938964844,0.0,15000,0.002201160709037454,2098710.4181683254
2005-07-26,32.598533630371094,0.0,56.470001220703125,0.0,56.470001220703125,56.34000015258789,56.40999984741211,0.0,16600,0.002239793957312503,2100576.7833285863
2005-07-27,32.673606872558594,0.0,56.59999847412109,0.0,56.630001068115234,56.34999847412109,56.540000915527344,0.0,13900,0.0022798933568612535,2097244.4499363974
2005-07-28,32.864105224609375,0.0,56.93000030517578,0.0,56.95000076293945,56.56999969482422,56.7400016784668,0.0,15700,0.0022798933568612535,2094513.092719184
2005-07-29,32.6505012512207,0.0,56.560001373291016,0.0,57.0,56.560001373291016,56.97999954223633,0.0,9600,0.0025112339306337145,2095835.918220641
2005-08-01,32.63896179199219,0.0,56.540000915527344,0.0,56.790000915527344,56.459999084472656,56.790000915527344,0.0,13400,0.0023437495324017763,2093203.6802473522
2005-08-02,32.85832214355469,0.0,56.91999816894531,0.0,56.93000030517578,56.72999954223633,56.72999954223633,0.0,10100,0.0023015476148967534,2089342.9814505198
2005-08-03,32.89872741699219,0.0,56.9900016784668,0.0,57.04999923706055,56.79999923706055,56.970001220703125,0.0,16800,0.0019361996210751722,2069779.8309568374
2005-08-04,32.66205596923828,0.0,56.58000183105469,0.0,56.900001525878906,56.58000183105469,56.900001525878906,0.0,19400,0.001991477547977346,2053775.0462183875
2005-08-05,32.36764144897461,0.0,56.06999969482422,0.0,56.5,56.0,56.5,0.0,12500,0.001991477547977346,2053641.1254580058
2005-08-08,32.30992126464844,0.0,55.970001220703125,0.0,56.369998931884766,55.88999938964844,56.369998931884766,0.0,10500,0.002170065759646087,2053595.292161003
2005-08-09,32.4715461730957,0.0,56.25,0.0,56.43000030517578,56.15999984741211,56.22999954223633,0.0,15400,0.0023222947421337433,2053406.5780518546
2005-08-10,32.535057067871094,0.0,56.36000061035156,0.0,56.90999984741211,56.25,56.7400016784668,0.0,23000,0.002095423291438227,2057565.4908104548
2005-08-11,32.7717399597168,0.0,56.77000045776367,0.0,56.77000045776367,56.41999816894531,56.5,0.0,9300,0.00228144340631475,2042761.9751824273
2005-08-12,32.63896179199219,0.0,56.540000915527344,0.0,56.77000045776367,56.31999969482422,56.77000045776367,0.0,10900,0.0025024444073006168,2043140.7529770383
2005-08-15,32.72554397583008,0.0,56.68999862670898,0.0,56.7599983215332,56.369998931884766,56.619998931884766,0.0,20200,0.002714001991867333,2043012.4830427624
2005-08-16,32.40804672241211,0.0,56.13999938964844,0.0,56.68999862670898,56.09999847412109,56.54999923706055,0.0,24400,0.0026503564904610966,2049575.9274164836
2005-08-17,32.3734245300293,0.0,56.08000183105469,0.0,56.27000045776367,56.02000045776367,56.02000045776367,0.0,12100,0.002488262919766391,2051525.673624069
2005-08-18,32.39073181152344,0.0,56.11000061035156,0.0,56.11000061035156,55.75,55.83000183105469,0.0,16300,0.0021290802758994684,2054847.9196911766
2005-08-19,32.37919235229492,0.0,56.09000015258789,0.0,56.27000045776367,56.09000015258789,56.2599983215332,0.0,7400,0.0017593616042331426,2046118.4831588988
2005-08-22,32.402278900146484,0.0,56.130001068115234,0.0,56.459999084472656,55.97999954223633,56.310001373291016,0.0,19600,0.0018295404933776585,1763958.3079050458
2005-08-23,32.35032653808594,0.0,56.040000915527344,0.0,56.16999816894531,55.88999938964844,56.130001068115234,0.0,7400,0.0017909072451026092,1762907.4826346503
2005-08-24,32.21754455566406,0.0,55.810001373291016,0.0,56.2599983215332,55.65999984741211,56.08000183105469,0.0,53100,0.001884481029550885,1783674.91182297
2005-08-25,32.194461822509766,0.0,55.77000045776367,0.0,55.84999847412109,55.66999816894531,55.810001373291016,0.0,12500,0.0019418685746927758,1774418.871943156
2005-08-26,32.055908203125,0.0,55.52999877929688,0.0,55.66999816894531,55.369998931884766,55.56999969482422,0.0,14500,0.001641120408039189,1775787.8003741067
2005-08-29,32.18868637084961,0.0,55.7599983215332,0.0,55.77999877929688,55.25,55.33000183105469,0.0,241600,0.0017915052853989023,1880626.5670140584
2005-08-30,32.0963134765625,0.0,55.59999847412109,0.0,55.65999984741211,55.310001373291016,55.65999984741211,0.0,24600,0.0019005301371984428,1886228.8049122645
2005-08-31,32.45423889160156,0.0,56.220001220703125,0.0,56.220001220703125,55.59000015258789,55.59000015258789,0.0,19000,0.0019001724415108525,1887931.9240327866
2005-09-01,32.6505012512207,0.0,56.560001373291016,0.0,56.7599983215332,56.18000030517578,56.2599983215332,0.0,20100,0.0018448945146086783,1880729.0671969217
2005-09-02,32.558143615722656,0.0,56.400001525878906,0.0,56.68999862670898,56.400001525878906,56.68999862670898,0.0,20300,0.0019908640077530306,1768699.4642681545
2005-09-06,32.91605758666992,0.0,57.02000045776367,0.0,57.02000045776367,56.58000183105469,56.77000045776367,0.0,16500,0.001998144600587554,1765909.4645787799
2005-09-07,32.95645523071289,0.0,57.09000015258789,0.0,57.130001068115234,56.83000183105469,57.0,0.0,24700,0.0018459156180998973,1746306.0845874604
2005-09-08,32.88140869140625,0.0,56.959999084472656,0.0,57.06999969482422,56.83000183105469,57.06999969482422,0.0,18900,0.002024317831144904,1733941.4170946393
2005-09-09,33.18737030029297,0.0,57.4900016784668,0.0,57.52000045776367,56.9900016784668,56.9900016784668,0.0,10700,0.0018382977162683812,1731965.695090521
2005-09-12,33.146976470947266,0.0,57.41999816894531,0.0,57.5,57.290000915527344,57.5,0.0,8000,0.001666459074456911,1727966.4568371242
2005-09-13,32.9102668762207,0.0,57.0099983215332,0.0,57.31999969482422,56.9900016784668,57.290000915527344,0.0,18600,0.0013560801449117406,1664424.1891255456
2005-09-14,32.87564849853516,0.0,56.95000076293945,0.0,57.18999862670898,56.93000030517578,57.18999862670898,0.0,24000,0.0013191976202082364,1650910.943306817
2005-09-15,32.88140869140625,0.0,56.959999084472656,0.0,57.18000030517578,56.88999938964844,57.18000030517578,0.0,13800,0.0015084857499441475,1649066.6814138019
2005-09-16,33.21622085571289,0.0,57.540000915527344,0.0,57.540000915527344,57.150001525878906,57.31999969482422,0.0,13900,0.0015635804408683264,1649560.8877666413
2005-09-19,33.07769012451172,0.0,57.29999923706055,0.0,57.59000015258789,57.290000915527344,57.59000015258789,0.0,22900,0.0016728837803382981,1651105.7925875224
2005-09-20,32.8525505065918,0.0,56.90999984741211,0.0,57.58000183105469,56.90999984741211,57.310001373291016,0.0,16900,0.0017160295145376096,1650060.9749355013
2005-09-21,32.58123779296875,0.0,56.43999862670898,0.0,56.790000915527344,56.400001525878906,56.75,0.0,165700,0.0017160295145376096,1553049.2256467305
2005-09-22,32.63318634033203,0.0,56.52999877929688,0.0,56.540000915527344,55.75,56.470001220703125,0.0,171600,0.0015823563305405832,1599247.0812146626
2005-09-23,32.615875244140625,0.0,56.5,0.0,56.59000015258789,56.18999862670898,56.43000030517578,0.0,10900,0.001621895211280685,1595342.176652333
2005-09-26,32.6775016784668,0.0,56.209999084472656,0.396,56.43000030517578,56.13999938964844,56.43000030517578,0.0,11200,0.001823480735490042,1595895.2877074953
2005-09-27,32.67169189453125,0.0,56.20000076293945,0.0,56.310001373291016,55.93000030517578,56.2400016784668,0.0,18500,0.0016517007621293356,1598613.1847230215
2005-09-28,32.73562240600586,0.0,56.310001373291016,0.0,56.45000076293945,56.119998931884766,56.45000076293945,0.0,9700,0.0014236210697706284,1595241.2165747748
2005-09-29,32.96815872192383,0.0,56.709999084472656,0.0,56.79999923706055,56.08000183105469,56.15999984741211,0.0,25000,0.0015784709061632356,1587135.9935154992
2005-09-30,33.01466751098633,0.0,56.790000915527344,0.0,56.84000015258789,56.63999938964844,56.84000015258789,0.0,15800,0.0015784709061632356,1591250.057063027
2005-10-03,32.92166519165039,0.0,56.630001068115234,0.0,56.93999862670898,56.52000045776367,56.83000183105469,0.0,49800,0.0015286217856676707,1607050.962154449
2005-10-04,32.54958724975586,0.0,55.9900016784668,0.0,56.790000915527344,55.9900016784668,56.790000915527344,0.0,27800,0.0013427529811644067,1613656.811650594
2005-10-05,32.03800201416016,0.0,55.11000061035156,0.0,56.0099983215332,55.11000061035156,56.0099983215332,0.0,18700,0.0013427529811644067,1618450.8831508576
2005-10-06,31.86941146850586,0.0,54.81999969482422,0.0,55.310001373291016,54.40999984741211,54.970001220703125,0.0,94000,0.0011643507681194,1610530.4297189864
2005-10-07,31.9973087310791,0.0,55.040000915527344,0.0,55.2400016784668,54.900001525878906,55.2400016784668,0.0,18600,0.0013003237056831863,1614039.0964689709
2005-10-10,31.71247100830078,0.0,54.54999923706055,0.0,55.130001068115234,54.54999923706055,55.130001068115234,0.0,15000,0.0012162051303217954,1614074.1123774694
2005-10-11,31.64850425720215,0.0,54.43999862670898,0.0,54.79999923706055,54.40999984741211,54.59999847412109,0.0,21900,0.0012162051303217954,1617624.2074270097
2005-10-12,31.45084381103516,0.0,54.09999847412109,0.0,54.59999847412109,53.91999816894531,54.59999847412109,0.0,25900,0.0011524658801704188,1617159.59573776
2005-10-13,31.293886184692383,0.0,53.83000183105469,0.0,54.09000015258789,53.40999984741211,54.04999923706055,0.0,18600,0.0009631777504345077,1615673.1197902134
2005-10-14,31.58455276489257,0.0,54.33000183105469,0.0,54.380001068115234,53.88999938964844,54.15999984741211,0.0,118700,0.0009080830595103291,1650360.5897691515
2005-10-17,31.77059364318848,0.0,54.650001525878906,0.0,54.720001220703125,54.380001068115234,54.619998931884766,0.0,16000,0.0007987797200403573,1648819.3200732034
2005-10-18,31.35782814025879,0.0,53.93999862670898,0.0,54.56999969482422,53.93999862670898,54.5,0.0,22800,0.0007203420606866201,1647165.3988247826
2005-10-19,31.70082092285156,0.0,54.52999877929688,0.0,54.52999877929688,53.58000183105469,53.79999923706055,0.0,32200,0.0010530592692402124,1647506.74756368
2005-10-20,31.13112449645996,0.0,53.54999923706055,0.0,54.52000045776367,53.31999969482422,54.52000045776367,0.0,30100,0.001789805396789457,1655504.009286184
2005-10-21,31.21832656860352,0.0,53.70000076293945,0.0,53.9900016784668,53.52000045776367,53.86000061035156,0.0,55200,0.0018927587025814486,1675917.374629066
2005-10-24,31.79966735839844,0.0,54.70000076293945,0.0,54.70000076293945,54.09999847412109,54.09999847412109,0.0,13200,0.0016911731783720914,1676910.0731895084
2005-10-25,31.79385566711425,0.0,54.68999862670898,0.0,54.91999816894531,54.400001525878906,54.72999954223633,0.0,21000,0.0016911731783720914,1682805.9301679097
2005-10-26,31.7182674407959,0.0,54.560001373291016,0.0,55.11000061035156,54.5,54.63999938964844,0.0,19900,0.0018933774378412063,1683838.1844626532
2005-10-27,31.43341827392578,0.0,54.06999969482422,0.0,54.560001373291016,54.06999969482422,54.560001373291016,0.0,98500,0.001738527601448599,1719285.1366830252
2005-10-28,31.991518020629883,0.0,55.02999877929688,0.0,55.02999877929688,54.06999969482422,54.40999984741211,0.0,29600,0.0020013841893390815,1725479.0093164595
2005-10-31,32.14265823364258,0.0,55.290000915527344,0.0,55.459999084472656,55.20000076293945,55.31999969482422,0.0,39400,0.0019052638166902939,1730631.2632939173
2005-11-01,32.05545425415039,0.0,55.13999938964844,0.0,55.27000045776367,55.13999938964844,55.27000045776367,0.0,20700,0.0019052638166902939,1737793.0886011275
2005-11-02,32.351932525634766,0.0,55.650001525878906,0.0,55.720001220703125,55.2400016784668,55.2400016784668,0.0,128000,0.001943191916948419,1661339.8304924131
2005-11-03,32.44496536254883,0.0,55.810001373291016,0.0,56.119998931884766,55.77000045776367,56.02999877929688,0.0,237000,0.001943191916948419,1760385.0710036263
2005-11-04,32.41007232666016,0.0,55.75,0.0,56.060001373291016,55.59999847412109,56.060001373291016,0.0,19900,0.001932313653427286,1763851.1424321977
2005-11-07,32.50308609008789,0.0,55.90999984741211,0.0,56.040000915527344,55.650001525878906,56.040000915527344,0.0,23200,0.0022415098016006644,1758466.6259977552
2005-11-08,32.3984489440918,0.0,55.72999954223633,0.0,55.88999938964844,55.65999984741211,55.75,0.0,73100,0.002377413344934884,1789126.5146588522
2005-11-09,32.49728775024414,0.0,55.900001525878906,0.0,56.2400016784668,55.75,55.790000915527344,0.0,65300,0.002377413344934884,1814540.2457101005
2005-11-10,32.689117431640625,0.0,56.22999954223633,0.0,56.34999847412109,55.59000015258789,55.7400016784668,0.0,15500,0.002688301400257736,1816634.7297668457
2005-11-11,32.86933898925781,0.0,56.540000915527344,0.0,56.540000915527344,56.290000915527344,56.369998931884766,0.0,14800,0.002688301400257736,1815404.8886495924
2005-11-14,32.817012786865234,0.0,56.45000076293945,0.0,56.59999847412109,56.34999847412109,56.59999847412109,0.0,25500,0.0027814477607315067,1822144.6904046196
2005-11-15,32.62518310546875,0.0,56.119998931884766,0.0,56.619998931884766,56.040000915527344,56.4900016784668,0.0,107200,0.0028565598664577314,1850178.5710016887
2005-11-16,32.6309814453125,0.0,56.130001068115234,0.0,56.369998931884766,56.04999923706055,56.369998931884766,0.0,10400,0.002701169036713114,1848609.1820277865
2005-11-17,32.950740814208984,0.0,56.68000030517578,0.0,56.68000030517578,56.29999923706055,56.43000030517578,0.0,19300,0.0020434317539636147,1849496.832671998
2005-11-18,33.125125885009766,0.0,56.97999954223633,0.0,57.06999969482422,56.630001068115234,57.06999969482422,0.0,25500,0.001843552022289631,1853172.2375385344
2005-11-21,33.37511444091797,0.0,57.40999984741211,0.0,57.41999816894531,56.97999954223633,57.18000030517578,0.0,22800,0.001843552022289631,1858132.1421517266
2005-11-22,33.566951751708984,0.0,57.7400016784668,0.0,57.7400016784668,57.25,57.40999984741211,0.0,19900,0.001843552022289631,1863139.253458901
2005-11-23,33.694854736328125,0.0,57.959999084472656,0.0,58.220001220703125,57.720001220703125,57.720001220703125,0.0,25600,0.001641347762820516,1871958.8723863873
2005-11-25,33.7762336730957,0.0,58.09999847412109,0.0,58.130001068115234,58.02999877929688,58.119998931884766,0.0,5600,0.0016619392218878177,1867824.9833364335
2005-11-28,33.4971923828125,0.0,57.619998931884766,0.0,58.16999816894531,57.54999923706055,58.16999816894531,0.0,25800,0.0014156742782365415,1876930.7925814674
2005-11-29,33.4971923828125,0.0,57.619998931884766,0.0,57.97999954223633,57.619998931884766,57.97999954223633,0.0,39600,0.001618303312556038,1887324.982979184
2005-11-30,33.27628707885742,0.0,57.2400016784668,0.0,57.79999923706055,57.209999084472656,57.79999923706055,0.0,39900,0.001618303312556038,1901115.412058149
2005-12-01,33.68903732299805,0.0,57.95000076293945,0.0,57.959999084472656,57.630001068115234,57.630001068115234,0.0,17400,0.0017615246797604654,1904537.1977760678
2005-12-02,33.66577911376953,0.0,57.90999984741211,0.0,57.959999084472656,57.72999954223633,57.91999816894531,0.0,27400,0.0019121756945548764,1908797.570573716
2005-12-05,33.659969329833984,0.0,57.900001525878906,0.0,57.93000030517578,57.630001068115234,57.93000030517578,0.0,15800,0.0018872565170132186,1909815.983463469
2005-12-06,33.61928176879883,0.0,57.83000183105469,0.0,58.310001373291016,57.83000183105469,58.119998931884766,0.0,105400,0.0015780603688398405,1954399.1438517494
2005-12-07,33.42742156982422,0.0,57.5,0.0,58.0,57.369998931884766,58.0,0.0,45000,0.0014421568255056202,1971782.858146183
2005-12-08,33.40416717529297,0.0,57.459999084472656,0.0,57.84000015258789,57.27000045776367,57.540000915527344,0.0,34800,0.0016928859056179481,1981440.8262676662
2005-12-09,33.55531311035156,0.0,57.720001220703125,0.0,57.79999923706055,57.47999954223633,57.65999984741211,0.0,91300,0.001557133419006217,2013739.3110426646
2005-12-12,33.53205871582031,0.0,57.68000030517578,0.0,57.900001525878906,57.43999862670898,57.900001525878906,0.0,15300,0.0017673909278984675,1998551.3112628271
2005-12-13,33.82857894897461,0.0,58.18999862670898,0.0,58.25,57.72999954223633,57.7599983215332,0.0,13900,0.0016742445674246965,2002235.7951482136
2005-12-14,33.98552322387695,0.0,58.459999084472656,0.0,58.5,58.20000076293945,58.25,0.0,17600,0.0015642454977083816,2003785.3266761417
2005-12-15,33.892513275146484,0.0,58.29999923706055,0.0,58.52999877929688,58.25,58.52000045776367,0.0,24800,0.0015530801834570322,2007397.516874283
2005-12-16,33.83438873291016,0.0,58.20000076293945,0.0,58.54999923706055,58.130001068115234,58.54999923706055,0.0,35300,0.0016492068454546003,2014584.2790421986
2005-12-19,33.72972106933594,0.0,58.02000045776367,0.0,58.470001220703125,58.0,58.40999984741211,0.0,27500,0.001815428088880472,2014869.7556692457
2005-12-20,33.68321228027344,0.0,57.93999862670898,0.0,58.119998931884766,57.91999816894531,57.93000030517578,0.0,77200,0.001815428088880472,1804507.0021977501
2005-12-21,33.79948425292969,0.0,58.13999938964844,0.0,58.40999984741211,58.02000045776367,58.27000045776367,0.0,14700,0.0018744021769087217,1804053.1769283235
2005-12-22,33.86924362182617,0.0,58.2599983215332,0.0,58.34999847412109,58.09999847412109,58.33000183105469,0.0,15200,0.0020262391515479708,1804149.430847168
2005-12-23,33.9622688293457,0.0,58.41999816894531,0.0,58.43000030517578,58.27000045776367,58.400001525878906,0.0,28400,0.0020056476924806693,1810604.6687534878
2005-12-27,33.66808319091797,0.0,57.45000076293945,0.468,58.08000183105469,57.45000076293945,58.08000183105469,0.0,22900,0.002009596639947084,1811522.0896584648
2005-12-28,33.71495056152344,0.0,57.52999877929688,0.0,57.59999847412109,57.470001220703125,57.59999847412109,0.0,29500,0.0018349414194964691,1812702.5260501439
2005-12-29,33.62118911743164,0.0,57.369998931884766,0.0,57.63999938964844,57.369998931884766,57.52999877929688,0.0,11200,0.0018971509580724,1804583.5890815372
2005-12-30,33.50397872924805,0.0,57.16999816894531,0.0,57.290000915527344,57.02000045776367,57.2599983215332,0.0,36900,0.0017160014906098479,1818219.1361987402
2006-01-03,34.019710540771484,0.0,58.04999923706055,0.0,58.20000076293945,57.09999847412109,57.369998931884766,0.0,157700,0.0015653504758154368,1883947.0876057942
2006-01-04,34.16035079956055,0.0,58.290000915527344,0.0,58.400001525878906,58.04999923706055,58.09999847412109,0.0,155400,0.0014651749793144417,1949710.3107876247
2006-01-05,34.16621398925781,0.0,58.29999923706055,0.0,58.41999816894531,58.13999938964844,58.41999816894531,0.0,28100,0.001627129721083928,1946271.6593242828
2006-01-06,34.44751739501953,0.0,58.77999877929688,0.0,58.869998931884766,58.45000076293945,58.61000061035156,0.0,155500,0.001627129721083928,2012035.4991246783
2006-01-09,34.61747360229492,0.0,59.06999969482422,0.0,59.09999847412109,58.75,58.75,0.0,278400,0.0013764006409716,2137387.3081146725
2006-01-10,34.611595153808594,0.0,59.060001373291016,0.0,59.09999847412109,58.810001373291016,58.959999084472656,0.0,204100,0.0014152093953235544,2226412.8105557156
2006-01-11,34.73466491699219,0.0,59.27000045776367,0.0,59.33000183105469,59.0,59.18000030517578,0.0,53000,0.001204951886431304,2247456.461594597
2006-01-12,34.541282653808594,0.0,58.93999862670898,0.0,59.31999969482422,58.880001068115234,59.31999969482422,0.0,113600,0.0014088317817250694,2294381.8331703306
2006-01-13,34.558868408203125,0.0,58.970001220703125,0.0,59.08000183105469,58.84000015258789,59.06999969482422,0.0,64800,0.0014523541366633069,2319294.9924257067
2006-01-17,34.50612258911133,0.0,58.880001068115234,0.0,58.91999816894531,58.63999938964844,58.91999816894531,0.0,80900,0.0012861930721056814,2352961.191546728
2006-01-18,34.33030319213867,0.0,58.58000183105469,0.0,58.88999938964844,58.369998931884766,58.54999923706055,0.0,111500,0.001194224969313863,2382747.875467936
2006-01-19,34.553001403808594,0.0,58.959999084472656,0.0,59.040000915527344,58.70000076293945,58.869998931884766,0.0,90400,0.0011742783763733116,2409206.35915181
2006-01-20,33.99625778198242,0.0,58.0099983215332,0.0,58.95000076293945,57.95000076293945,58.95000076293945,0.0,73000,0.0011742783763733118,2434848.4055382865
2006-01-23,34.13105392456055,0.0,58.2400016784668,0.0,58.38999938964844,58.08000183105469,58.11000061035156,0.0,165400,0.0012131885390994411,2503452.7410749407
2006-01-24,34.19551086425781,0.0,58.34999847412109,0.0,58.58000183105469,58.22999954223633,58.380001068115234,0.0,34200,0.001061351564460192,2512579.883645073
2006-01-25,34.14863586425781,0.0,58.27000045776367,0.0,58.59000015258789,58.0,58.59000015258789,0.0,48600,0.0012594493421923545,2527615.7566766893
2006-01-26,34.4064826965332,0.0,58.709999084472656,0.0,58.84000015258789,58.5099983215332,58.68999862670898,0.0,35500,0.001395622097205408,2537913.097856915
2006-01-27,34.65263748168945,0.0,59.130001068115234,0.0,59.209999084472656,58.75,58.81999969482422,0.0,34800,0.0013676482833365265,2547150.5822408767
2006-01-30,34.71124649047852,0.0,59.22999954223633,0.0,59.36000061035156,59.11000061035156,59.310001373291016,0.0,35000,0.0013054387447605951,2559294.0264535327
2006-01-31,34.51784133911133,0.0,58.900001525878906,0.0,59.209999084472656,58.900001525878906,59.20000076293945,0.0,39200,0.0013054387447605951,2571605.4871483454
2006-02-01,34.576438903808594,0.0,59.0,0.0,59.13999938964844,58.900001525878906,58.900001525878906,0.0,72400,0.001473320177909953,2600944.439676073
2006-02-02,34.31271743774414,0.0,58.54999923706055,0.0,59.06999969482422,58.43000030517578,59.06999969482422,0.0,56300,0.001473320177909953,2619507.399428837
2006-02-03,34.177921295166016,0.0,58.31999969482422,0.0,58.61000061035156,58.15999984741211,58.43000030517578,0.0,59900,0.0013113654361404665,2638521.018049452
2006-02-06,34.24824905395508,0.0,58.43999862670898,0.0,58.5099983215332,58.27999877929688,58.43999862670898,0.0,83600,0.0014258070663135229,2671732.993359036
2006-02-07,33.97281646728516,0.0,57.970001220703125,0.0,58.47999954223633,57.970001220703125,58.29999923706055,0.0,40300,0.001465878611659015,2685610.025393774
2006-02-08,34.24824905395508,0.0,58.43999862670898,0.0,58.43999862670898,57.970001220703125,58.130001068115234,0.0,44900,0.0016326725756707738,2699560.07252345
2006-02-09,34.18965530395508,0.0,58.34000015258789,0.0,58.790000915527344,58.34000015258789,58.560001373291016,0.0,48600,0.0016326725756707738,2711774.707391527
2006-02-10,34.230674743652344,0.0,58.40999984741211,0.0,58.54999923706055,57.970001220703125,58.45000076293945,0.0,50100,0.0014287926803770083,2730809.4692018298
2006-02-13,34.218955993652344,0.0,58.38999938964844,0.0,58.52000045776367,58.150001525878906,58.5099983215332,0.0,49800,0.0016084416426386783,2748996.2625321886
2006-02-14,34.48851776123047,0.0,58.84999847412109,0.0,58.95000076293945,58.27000045776367,58.400001525878906,0.0,77800,0.0016084416426386783,2776245.4046673244
2006-02-15,34.623321533203125,0.0,59.08000183105469,0.0,59.11000061035156,58.709999084472656,58.95000076293945,0.0,32500,0.001525274238633184,2780612.7385911485
2006-02-16,34.89874649047852,0.0,59.54999923706055,0.0,59.54999923706055,59.09999847412109,59.11000061035156,0.0,30200,0.0013789995881478636,2789500.373153081
2006-02-17,34.928062438964844,0.0,59.59999847412109,0.0,59.70000076293945,59.38999938964844,59.650001525878906,0.0,36700,0.0013789995881478636,2799601.380566188
2006-02-21,34.83428955078125,0.0,59.43999862670898,0.0,59.86000061035156,59.43999862670898,59.83000183105469,0.0,46800,0.0013866357434423014,2818384.919729687
2006-02-22,35.16246795654297,0.0,60.0,0.0,60.02999877929688,59.63999938964844,59.63999938964844,0.0,34800,0.001696689168774054,2826225.0148016308
2006-02-23,35.004249572753906,0.0,59.72999954223633,0.0,60.02000045776367,59.720001220703125,59.900001525878906,0.0,47900,0.0017042227587367672,2845640.6574309818
2006-02-24,35.08629608154297,0.0,59.869998931884766,0.0,60.02000045776367,59.72999954223633,59.880001068115234,0.0,65500,0.0017838840676580362,2853243.624550956
2006-02-27,35.185909271240234,0.0,60.040000915527344,0.0,60.130001068115234,59.97999954223633,60.06999969482422,0.0,39500,0.0018573017284626097,2866532.9501893786
2006-02-28,34.82257080078125,0.0,59.41999816894531,0.0,59.86000061035156,59.29999923706055,59.86000061035156,0.0,34200,0.0018573017284626097,2876270.8784042844
2006-03-01,35.04528045654297,0.0,59.79999923706055,0.0,59.869998931884766,59.41999816894531,59.41999816894531,0.0,43800,0.0021574441534770936,2790140.913103497
2006-03-02,35.004249572753906,0.0,59.72999954223633,0.0,59.790000915527344,59.41999816894531,59.70000076293945,0.0,31200,0.0022581240250016915,2794075.9609071035
2006-03-03,34.986671447753906,0.0,59.70000076293945,0.0,60.08000183105469,59.4900016784668,59.59000015258789,0.0,106000,0.0023320687181468407,2835822.1518410575
2006-03-06,34.740535736083984,0.0,59.27999877929688,0.0,59.790000915527344,59.150001525878906,59.790000915527344,0.0,75000,0.0023320687181468407,2862085.198514424
2006-03-07,34.68777847290039,0.0,59.18999862670898,0.0,59.209999084472656,58.90999984741211,59.09999847412109,0.0,45700,0.0022176270879737843,2874466.6501514497
2006-03-08,34.758113861083984,0.0,59.310001373291016,0.0,59.75,58.79999923706055,59.75,0.0,204400,0.0022723957887046268,2963213.7475573826
2006-03-09,34.623321533203125,0.0,59.08000183105469,0.0,59.45000076293945,59.02999877929688,59.41999816894531,0.0,27400,0.002072496634784675,2964869.8511002557
2006-03-10,34.828453063964844,0.0,59.43000030517578,0.0,59.4900016784668,59.040000915527344,59.15999984741211,0.0,22800,0.0023894823530693035,2967079.851292807
2006-03-13,34.951515197753906,0.0,59.63999938964844,0.0,59.77999877929688,59.56999969482422,59.720001220703125,0.0,63800,0.0023894823530693035,2992396.430206299
2006-03-14,35.28556060791016,0.0,60.209999084472656,0.0,60.290000915527344,59.720001220703125,59.720001220703125,0.0,34500,0.0021663110358693958,3005236.787214733
2006-03-15,35.43790817260742,0.0,60.470001220703125,0.0,60.59999847412109,60.18999862670898,60.369998931884766,0.0,158600,0.0021663110358693958,3072936.4397926936
2006-03-16,35.637184143066406,0.0,60.810001373291016,0.0,60.90999984741211,60.66999816894531,60.66999816894531,0.0,52800,0.0021663110358693958,3087571.106889513
2006-03-17,35.61372756958008,0.0,60.77000045776367,0.0,60.970001220703125,60.72999954223633,60.970001220703125,0.0,27700,0.0022445298982811898,3094692.384868198
2006-03-20,35.54414367675781,0.0,60.27999877929688,0.372,60.7599983215332,60.150001525878906,60.7599983215332,0.0,45500,0.0022445298982811898,3110112.495437501
2006-03-21,35.308284759521484,0.0,59.880001068115234,0.0,60.45000076293945,59.86000061035156,60.400001525878906,0.0,84000,0.002139009492232373,3139618.4486691914
2006-03-22,35.57954406738281,0.0,60.34000015258789,0.0,60.34999847412109,59.79999923706055,59.79999923706055,0.0,19100,0.0021435410014424235,3141132.059823899
2006-03-23,35.46750259399414,0.0,60.150001525878906,0.0,60.5,60.09999847412109,60.5,0.0,64700,0.001937909633747548,3097795.530667381
2006-03-24,35.55004119873047,0.0,60.290000915527344,0.0,60.41999816894531,60.09999847412109,60.400001525878906,0.0,20400,0.0019265054447472744,3030568.294382852
2006-03-27,35.532371520996094,0.0,60.2599983215332,0.0,60.43000030517578,60.09999847412109,60.43000030517578,0.0,21800,0.0021128597210033416,3036106.532187689
2006-03-28,35.27882766723633,0.0,59.83000183105469,0.0,60.400001525878906,59.79999923706055,60.2400016784668,0.0,41100,0.002222294219086633,3050626.0646123732
2006-03-29,35.54414367675781,0.0,60.27999877929688,0.0,60.33000183105469,59.90999984741211,60.08000183105469,0.0,42400,0.0021885479961289028,3062659.1752006896
2006-03-30,35.38494110107422,0.0,60.0099983215332,0.0,60.5099983215332,59.90999984741211,60.40999984741211,0.0,30200,0.0021861381170334587,3072707.5477085416
2006-03-31,35.37316131591797,0.0,59.9900016784668,0.0,60.150001525878906,59.810001373291016,60.150001525878906,0.0,64500,0.0021121934238883095,3092164.7312890915
2006-04-03,35.39674377441406,0.0,60.02999877929688,0.0,60.4900016784668,59.9900016784668,60.34999847412109,0.0,28200,0.0021121934238883095,3098478.7309010825
2006-04-04,35.55596160888672,0.0,60.29999923706055,0.0,60.45000076293945,59.91999816894531,60.09999847412109,0.0,35300,0.0024300967429149857,3092989.9683604166
2006-04-05,35.8036003112793,0.0,60.720001220703125,0.0,60.7599983215332,60.41999816894531,60.59999847412109,0.0,56800,0.0023352564968386505,3108008.8098102147
2006-04-06,35.697471618652344,0.0,60.540000915527344,0.0,60.720001220703125,60.2400016784668,60.709999084472656,0.0,30900,0.0022902076357651105,3114676.500420343
2006-04-07,35.308284759521484,0.0,59.880001068115234,0.0,60.7400016784668,59.84999847412109,60.650001525878906,0.0,29200,0.0022144424887378844,3087655.992959038
2006-04-10,35.37904739379883,0.0,60.0,0.0,60.22999954223633,59.86000061035156,60.20000076293945,0.0,41800,0.002363466210302601,3099435.802347698
2006-04-11,35.078338623046875,0.0,59.4900016784668,0.0,60.220001220703125,59.43999862670898,60.18999862670898,0.0,60900,0.002510357881574827,3121695.2556307353
2006-04-12,35.17266845703125,0.0,59.650001525878906,0.0,59.77000045776367,59.54999923706055,59.7400016784668,0.0,34400,0.002572221838081549,3128518.462635222
2006-04-13,35.1608772277832,0.0,59.630001068115234,0.0,59.7599983215332,59.41999816894531,59.58000183105469,0.0,24000,0.0026833443645843946,3128756.002834865
2006-04-17,35.1608772277832,0.0,59.630001068115234,0.0,59.84000015258789,59.41999816894531,59.81999969482422,0.0,41500,0.002849084324523227,3140449.7092655725
2006-04-18,35.797725677490234,0.0,60.709999084472656,0.0,60.81999969482422,59.83000183105469,59.900001525878906,0.0,22500,0.002849084324523227,3100108.469281878
2006-04-19,35.897953033447266,0.0,60.880001068115234,0.0,60.93000030517578,60.59999847412109,60.81999969482422,0.0,52500,0.002849084324523227,3118535.4536601477
2006-04-20,35.93922805786133,0.0,60.95000076293945,0.0,61.16999816894531,60.70000076293945,60.93000030517578,0.0,62400,0.00254310180109813,3138959.644762675
2006-04-21,35.97460174560547,0.0,61.0099983215332,0.0,61.2400016784668,60.84000015258789,61.2400016784668,0.0,18500,0.0026957010977437224,3133982.0178440637
2006-04-24,35.951019287109375,0.0,60.970001220703125,0.0,61.02999877929688,60.709999084472656,61.02999877929688,0.0,35600,0.0024707306311040527,3138415.9628156633
2006-04-25,35.703365325927734,0.0,60.54999923706055,0.0,61.11000061035156,60.470001220703125,61.11000061035156,0.0,48300,0.0023605878089382228,3138101.081236582
2006-04-26,35.81538391113281,0.0,60.7400016784668,0.0,61.040000915527344,60.54999923706055,60.54999923706055,0.0,35300,0.002580811500821428,3149387.4467062573
2006-04-27,36.03946304321289,0.0,61.119998931884766,0.0,61.22999954223633,60.34000015258789,60.45000076293945,0.0,79400,0.0025645019686107314,3178787.7478493582
2006-04-28,36.23404693603516,0.0,61.45000076293945,0.0,61.52999877929688,61.0,61.0,0.0,16900,0.00229835054303222,3178412.835036384
2006-05-01,35.96870422363281,0.0,61.0,0.0,61.79999923706055,61.0,61.79999923706055,0.0,33700,0.0026134559720342784,3152458.906703525
2006-05-02,36.32250595092773,0.0,61.59999847412109,0.0,61.630001068115234,61.29999923706055,61.52000045776367,0.0,23900,0.002742963450436329,3151215.668605623
2006-05-03,36.281211853027344,0.0,61.52999877929688,0.0,61.70000076293945,61.29999923706055,61.70000076293945,0.0,85500,0.002657994594529262,3175679.072252909
2006-05-04,36.34018707275391,0.0,61.630001068115234,0.0,61.79999923706055,61.52000045776367,61.650001525878906,0.0,119200,0.002657994594529262,3224924.2955858745
2006-05-05,36.74704360961914,0.0,62.31999969482422,0.0,62.34000015258789,61.91999816894531,61.97999954223633,0.0,25100,0.0025222043224479213,3180805.5003241887
2006-05-08,36.6762924194336,0.0,62.20000076293945,0.0,62.29999923706055,62.09999847412109,62.29999923706055,0.0,69500,0.002368537115737274,3110138.2759396993
2006-05-09,36.741172790527344,0.0,62.310001373291016,0.0,62.31999969482422,62.02999877929688,62.20000076293945,0.0,39700,0.0023403365118227484,3120965.91129303
2006-05-10,36.68218612670898,0.0,62.209999084472656,0.0,62.380001068115234,61.9900016784668,62.16999816894531,0.0,283500,0.002379858872135363,3250643.8695786493
2006-05-11,36.27531814575195,0.0,61.52000045776367,0.0,62.18000030517578,61.41999816894531,62.09999847412109,0.0,31200,0.0023179949156286405,3233545.1477353536
2006-05-12,35.79181671142578,0.0,60.70000076293945,0.0,61.470001220703125,60.70000076293945,61.470001220703125,0.0,49000,0.0022068723891257953,3228180.305971418
2006-05-15,35.87434387207031,0.0,60.84000015258789,0.0,60.959999084472656,60.43000030517578,60.650001525878906,0.0,28700,0.0019629135667751686,3235121.123522804
2006-05-16,35.85077667236328,0.0,60.79999923706055,0.0,61.119998931884766,60.720001220703125,61.119998931884766,0.0,159200,0.0019629135667751686,3305300.233562409
2006-05-17,35.202152252197266,0.0,59.70000076293945,0.0,60.63999938964844,59.52999877929688,60.59999847412109,0.0,71800,0.0019629135667751686,3327895.352890378
2006-05-18,34.90143585205078,0.0,59.18999862670898,0.0,59.97999954223633,59.18999862670898,59.97999954223633,0.0,48800,0.0019543111556584625,3303073.194537087
2006-05-19,35.15498733520508,0.0,59.619998931884766,0.0,59.88999938964844,59.150001525878906,59.70000076293945,0.0,42700,0.0023136973125111276,3318644.797261556
2006-05-22,35.037044525146484,0.0,59.41999816894531,0.0,59.7599983215332,58.97999954223633,59.5,0.0,40800,0.002648932273859721,3329203.6220187233
2006-05-23,34.78940200805664,0.0,59.0,0.0,59.959999084472656,59.0,59.900001525878906,0.0,50100,0.0030222402244361795,3341131.479254223
2006-05-24,34.87785720825195,0.0,59.150001525878906,0.0,59.52999877929688,58.65999984741211,59.25,0.0,73700,0.0026925820344696834,3365341.0595394317
2006-05-25,35.3200798034668,0.0,59.900001525878906,0.0,59.900001525878906,59.40999984741211,59.66999816894531,0.0,50500,0.0024796453554144964,3380229.3456001887
2006-05-26,35.52645492553711,0.0,60.25,0.0,60.34000015258789,59.880001068115234,60.13999938964844,0.0,38400,0.0024796453554144964,3386815.250548105
2006-05-30,35.054744720458984,0.0,59.45000076293945,0.0,60.34999847412109,59.45000076293945,60.34999847412109,0.0,109200,0.002386233954870043,3435756.3623882476
2006-05-31,35.36136245727539,0.0,59.970001220703125,0.0,59.970001220703125,59.40999984741211,59.560001373291016,0.0,32200,0.0025000126098279956,3439283.6486332
2006-06-01,35.750545501708984,0.0,60.630001068115234,0.0,60.68999862670898,59.9900016784668,60.119998931884766,0.0,162000,0.0022670781467083864,3499127.3646278987
2006-06-02,35.8802490234375,0.0,60.84999847412109,0.0,61.0,60.54999923706055,60.95000076293945,0.0,238800,0.0022670781467083864,3596326.5992997186
2006-06-05,35.37904739379883,0.0,60.0,0.0,60.83000183105469,59.900001525878906,60.83000183105469,0.0,31600,0.0022670781467083864,3603371.59919436
2006-06-06,35.3200798034668,0.0,59.900001525878906,0.0,60.33000183105469,59.40999984741211,60.25,0.0,53400,0.0021795247821616314,3616164.6633662875
2006-06-07,35.11369323730469,0.0,59.54999923706055,0.0,60.20000076293945,59.54999923706055,59.959999084472656,0.0,59000,0.002474894395752397,3636788.710436745
2006-06-08,35.1608772277832,0.0,59.630001068115234,0.0,59.72999954223633,58.630001068115234,59.540000915527344,0.0,70600,0.0022884803641675566,3621825.1856940133
2006-06-09,35.02525329589844,0.0,59.400001525878906,0.0,59.83000183105469,59.380001068115234,59.79999923706055,0.0,51000,0.0022884803641675566,3625332.3291687737
2006-06-12,34.72454071044922,0.0,58.88999938964844,0.0,59.560001373291016,58.7599983215332,59.4900016784668,0.0,38400,0.0022884803641675566,3627409.8530451455
2006-06-13,34.21153259277344,0.0,58.02000045776367,0.0,58.9900016784668,57.93000030517578,58.81999969482422,0.0,89800,0.0022884803641675566,3626936.5191535344
2006-06-14,34.32356262207031,0.0,58.209999084472656,0.0,58.27000045776367,57.77999877929688,58.18000030517578,0.0,74200,0.0022884803641675566,3654211.7407995556
2006-06-15,34.96630859375,0.0,59.29999923706055,0.0,59.56999969482422,58.400001525878906,58.58000183105469,0.0,96200,0.0022884803641675566,3693067.446717762
2006-06-16,34.866065979003906,0.0,59.130001068115234,0.0,59.45000076293945,58.900001525878906,59.45000076293945,0.0,36400,0.0025382998251037778,3701983.6058843704
2006-06-19,34.46509552001953,0.0,58.45000076293945,0.0,59.369998931884766,58.45000076293945,59.369998931884766,0.0,37900,0.0021723647326110304,3708090.074517992
2006-06-20,34.612518310546875,0.0,58.70000076293945,0.0,59.02999877929688,58.619998931884766,58.7400016784668,0.0,30900,0.0020173450998021577,3706180.3125865874
2006-06-21,34.82477569580078,0.0,59.060001373291016,0.0,59.380001068115234,58.869998931884766,58.95000076293945,0.0,57100,0.001626540897921357,3720281.709934416
2006-06-22,34.80118942260742,0.0,59.02000045776367,0.0,59.150001525878906,58.7599983215332,59.150001525878906,0.0,124400,0.0016717282053269624,3743052.504878574
2006-06-23,34.74222183227539,0.0,58.91999816894531,0.0,59.220001220703125,58.7599983215332,59.04999923706055,0.0,49200,0.0019276613440262912,3759276.3613776555
2006-06-26,34.934329986572266,0.0,58.91999816894531,0.324,58.93999862670898,58.52999877929688,58.880001068115234,0.0,43300,0.0019276613440262912,3772496.0752366083
2006-06-27,34.762386322021484,0.0,58.630001068115234,0.0,59.060001373291016,58.54999923706055,59.040000915527344,0.0,26900,0.001961705841581623,3771845.433020213
2006-06-28,34.975833892822266,0.0,58.9900016784668,0.0,59.0,58.66999816894531,58.880001068115234,0.0,44000,0.0019185292316447424,3782003.8064835565
2006-06-29,35.63991165161133,0.0,60.11000061035156,0.0,60.11000061035156,59.22999954223633,59.34999847412109,0.0,52400,0.0019185292316447424,3793532.608610486
2006-06-30,35.681396484375,0.0,60.18000030517578,0.0,60.470001220703125,60.09000015258789,60.470001220703125,0.0,94700,0.0019185292316447424,3833663.5771887642
2006-07-03,35.936336517333984,0.0,60.61000061035156,0.0,60.630001068115234,60.290000915527344,60.41999816894531,0.0,28300,0.0020783638935695436,3830534.133417644
2006-07-05,35.764404296875,0.0,60.31999969482422,0.0,60.5099983215332,60.11000061035156,60.380001068115234,0.0,44700,0.0022879014815671878,3779278.72950236
2006-07-06,35.948211669921875,0.0,60.630001068115234,0.0,60.72999954223633,60.41999816894531,60.63999938964844,0.0,188000,0.001871708750326231,3797851.539490715
2006-07-07,35.817771911621094,0.0,60.40999984741211,0.0,60.83000183105469,60.290000915527344,60.75,0.0,47900,0.002036385825026926,3807815.103094918
2006-07-10,35.960060119628906,0.0,60.650001525878906,0.0,60.79999923706055,60.459999084472656,60.65999984741211,0.0,61200,0.0022318474041953078,3764731.6926441495
2006-07-11,36.0252799987793,0.0,60.7599983215332,0.0,60.810001373291016,60.22999954223633,60.65999984741211,0.0,28600,0.0024153413463082972,3648006.6770644416
2006-07-12,35.705116271972656,0.0,60.220001220703125,0.0,60.84999847412109,60.16999816894531,60.84999847412109,0.0,48400,0.002841638779135628,3575470.9768961347
2006-07-13,35.25450134277344,0.0,59.459999084472656,0.0,60.09000015258789,59.400001525878906,60.08000183105469,0.0,44100,0.002841638779135628,3571350.944637117
2006-07-14,35.124061584472656,0.0,59.2400016784668,0.0,59.5,58.869998931884766,59.41999816894531,0.0,58500,0.002841638779135628,3545715.676813277
2006-07-17,35.07069778442383,0.0,59.150001525878906,0.0,59.33000183105469,58.9900016784668,59.13999938964844,0.0,43500,0.0027671366294806073,3535809.081474183
2006-07-18,35.165565490722656,0.0,59.310001373291016,0.0,59.43999862670898,58.77000045776367,59.34999847412109,0.0,76600,0.0027868992938612997,3534061.097496275
2006-07-19,35.78811264038086,0.0,60.36000061035156,0.0,60.45000076293945,59.63999938964844,59.63999938964844,0.0,61800,0.002606683965321579,3511827.588238792
2006-07-20,35.580604553222656,0.0,60.0099983215332,0.0,60.560001373291016,60.0099983215332,60.4900016784668,0.0,40600,0.002592537756267256,3488862.6835929025
2006-07-21,35.414581298828125,0.0,59.72999954223633,0.0,60.20000076293945,59.65999984741211,60.20000076293945,0.0,59700,0.0025473504488616504,3483554.358951629
2006-07-24,35.97785949707031,0.0,60.68000030517578,0.0,60.810001373291016,60.09000015258789,60.09000015258789,0.0,65000,0.0024760492450585573,3438405.9759533596
2006-07-25,36.197227478027344,0.0,61.04999923706055,0.0,61.290000915527344,60.68000030517578,60.68999862670898,0.0,35200,0.0024760492450585573,3439623.357106769
2006-07-26,36.357330322265625,0.0,61.31999969482422,0.0,61.5099983215332,61.0,61.040000915527344,0.0,48900,0.00222031071904562,3440945.785383194
2006-07-27,36.20908737182617,0.0,61.06999969482422,0.0,61.630001068115234,61.0,61.560001373291016,0.0,40400,0.0023762762180942164,3443985.6506226556
2006-07-28,36.59449768066406,0.0,61.720001220703125,0.0,61.880001068115234,61.27000045776367,61.27000045776367,0.0,42200,0.0027636947773810893,3448325.80946665
2006-07-31,36.58262634277344,0.0,61.70000076293945,0.0,61.79999923706055,61.54999923706055,61.79999923706055,0.0,69500,0.0028599262831176674,3465905.9687447925
2006-08-01,36.535194396972656,0.0,61.619998931884766,0.0,61.630001068115234,61.29999923706055,61.59999847412109,0.0,40300,0.0027000916211928658,3467290.142531622
2006-08-02,36.6241340637207,0.0,61.77000045776367,0.0,61.97999954223633,61.630001068115234,61.79999923706055,0.0,38600,0.002490554033195222,3452311.7458464606
2006-08-03,36.7071418762207,0.0,61.90999984741211,0.0,62.040000915527344,61.4900016784668,61.70000076293945,0.0,44400,0.0026895028932445637,3447966.02391137
2006-08-04,36.724910736083984,0.0,61.93999862670898,0.0,62.45000076293945,61.75,62.45000076293945,0.0,87600,0.0025248258185438686,3463303.9278635904
2006-08-07,36.6241340637207,0.0,61.77000045776367,0.0,61.95000076293945,61.66999816894531,61.95000076293945,0.0,77100,0.0023293642393754864,3462326.8100072467
2006-08-08,36.564849853515625,0.0,61.66999816894531,0.0,62.119998931884766,61.560001373291016,62.04999923706055,0.0,146400,0.0022750155275412373,3515440.2757432726
2006-08-09,36.37511444091797,0.0,61.34999847412109,0.0,62.09999847412109,61.22999954223633,62.060001373291016,0.0,69600,0.002130472087861895,3528503.7991993013
2006-08-10,36.44624710083008,0.0,61.470001220703125,0.0,61.52000045776367,61.06999969482422,61.33000183105469,0.0,42600,0.002130472087861895,3526783.9424103023
2006-08-11,36.34546661376953,0.0,61.29999923706055,0.0,61.5,61.060001373291016,61.5,0.0,46700,0.0024640841771695872,3526278.9342516945
2006-08-14,36.3336067199707,0.0,61.27999877929688,0.0,61.72999954223633,61.2599983215332,61.65999984741211,0.0,29300,0.002288766865888387,3517451.013574146
2006-08-15,36.748634338378906,0.0,61.97999954223633,0.0,62.08000183105469,61.72999954223633,61.880001068115234,0.0,56800,0.0023509301538359386,3509053.6651036097
2006-08-16,36.93243789672852,0.0,62.290000915527344,0.0,62.36000061035156,62.150001525878906,62.29999923706055,0.0,159000,0.002350930153835938,3572418.8245167807
2006-08-17,36.991737365722656,0.0,62.38999938964844,0.0,62.45000076293945,62.16999816894531,62.220001220703125,0.0,57700,0.002329933177866421,3586716.3879122054
2006-08-18,37.14589691162109,0.0,62.650001525878906,0.0,62.650001525878906,62.27999877929688,62.5,0.0,55400,0.002329933177866421,3596902.8175989785
2006-08-21,37.08068084716797,0.0,62.540000915527344,0.0,62.619998931884766,62.43000030517578,62.619998931884766,0.0,75200,0.0021966709157550755,3612150.5646872143
2006-08-22,37.12218475341797,0.0,62.61000061035156,0.0,62.70000076293945,62.380001068115234,62.5,0.0,62500,0.002297382410118732,3626635.684037587
2006-08-23,36.991737365722656,0.0,62.38999938964844,0.0,62.720001220703125,62.25,62.66999816894531,0.0,41600,0.0024875443372227497,3624527.4062323193
2006-08-24,37.06882095336914,0.0,62.52000045776367,0.0,62.65999984741211,62.40999984741211,62.650001525878906,0.0,56700,0.002251816155795666,3621538.5101681664
2006-08-25,37.07473373413086,0.0,62.52999877929688,0.0,62.66999816894531,62.43999862670898,62.54999923706055,0.0,36900,0.0020181994474767055,3621028.803174458
2006-08-28,37.24668884277344,0.0,62.81999969482422,0.0,62.91999816894531,62.45000076293945,62.52999877929688,0.0,72100,0.0020055972421259803,3640847.5177825443
2006-08-29,37.276344299316406,0.0,62.869998931884766,0.0,62.88999938964844,62.5,62.84000015258789,0.0,118600,0.0022765346995467515,3679237.532915388
2006-08-30,37.21110534667969,0.0,62.7599983215332,0.0,63.0,62.65999984741211,62.9900016784668,0.0,58800,0.0023099480339445816,3693735.2465311685
2006-08-31,37.19332885742188,0.0,62.72999954223633,0.0,62.84000015258789,62.70000076293945,62.79999923706055,0.0,105600,0.0021643059389672144,3696085.1502675856
2006-09-01,37.38898849487305,0.0,63.060001373291016,0.0,63.09999847412109,62.79999923706055,62.79999923706055,0.0,56300,0.002166388448874364,3688976.2468459113
2006-09-05,37.46013641357422,0.0,63.18000030517578,0.0,63.20000076293945,63.0,63.0,0.0,54300,0.002166388448874364,3694735.6998564703
2006-09-06,37.17554473876953,0.0,62.70000076293945,0.0,62.9900016784668,62.63999938964844,62.9900016784668,0.0,99900,0.002100509203196906,3648233.8410907323
2006-09-07,36.99766540527344,0.0,62.400001525878906,0.0,62.68999862670898,62.290000915527344,62.59999847412109,0.0,59300,0.0018187552100489182,3664753.904902746
2006-09-08,37.08660888671875,0.0,62.54999923706055,0.0,62.61000061035156,62.36000061035156,62.58000183105469,0.0,52600,0.001957275840157819,3680112.0473861694
2006-09-11,36.99766540527344,0.0,62.400001525878906,0.0,62.52999877929688,62.119998931884766,62.45000076293945,0.0,71400,0.0016432981533207197,3685273.3818932185
2006-09-12,37.29412460327149,0.0,62.900001525878906,0.0,62.95000076293945,62.5099983215332,62.630001068115234,0.0,77800,0.0016432981533207197,3707625.565625751
2006-09-13,37.49571228027344,0.0,63.2400016784668,0.0,63.31999969482422,62.84000015258789,62.90999984741211,0.0,61000,0.0014153218399869656,3662126.342679584
2006-09-14,37.45420455932617,0.0,63.16999816894531,0.0,63.2400016784668,63.040000915527344,63.13999938964844,0.0,23800,0.0014917269094433373,3648576.167155069
2006-09-15,37.45420455932617,0.0,63.16999816894531,0.0,63.43999862670898,63.150001525878906,63.400001525878906,0.0,430000,0.0013947372308767087,3850796.565567501
2006-09-18,37.53129196166992,0.0,63.29999923706055,0.0,63.43000030517578,63.09000015258789,63.18999862670898,0.0,73700,0.0015794504793370068,3866054.26397475
2006-09-19,37.48384094238281,0.0,63.220001220703125,0.0,63.369998931884766,62.95000076293945,63.369998931884766,0.0,83400,0.001606096437035837,3867979.883118281
2006-09-20,37.61430740356445,0.0,63.43999862670898,0.0,63.560001373291016,63.310001373291016,63.459999084472656,0.0,85000,0.0015053849426721806,3901629.9297877722
2006-09-21,37.4127082824707,0.0,63.09999847412109,0.0,63.61000061035156,63.04999923706055,63.58000183105469,0.0,114900,0.0014164366739891333,3928284.570469932
2006-09-22,37.448280334472656,0.0,63.15999984741211,0.0,63.220001220703125,62.93000030517578,63.20000076293945,0.0,58100,0.0012960898329444977,3947647.1099338834
2006-09-25,37.70176696777344,0.0,63.209999084472656,0.375,63.40999984741211,62.630001068115234,63.04999923706055,0.0,192400,0.001242039383604436,4033741.8389850194
2006-09-26,37.994049072265625,0.0,63.70000076293945,0.0,63.70000076293945,63.15999984741211,63.29999923706055,0.0,80400,0.0011584100832185832,4054872.529350765
2006-09-27,38.03578186035156,0.0,63.77000045776367,0.0,63.869998931884766,63.59000015258789,63.77999877929688,0.0,93900,0.0008874726257978125,4082111.6650233194
2006-09-28,38.06560134887695,0.0,63.81999969482422,0.0,63.880001068115234,63.630001068115234,63.880001068115234,0.0,89200,0.0010156674681540915,4112908.8239397323
2006-09-29,37.994049072265625,0.0,63.70000076293945,0.0,63.91999816894531,63.68000030517578,63.91999816894531,0.0,62700,0.0010693910163186878,4113897.990126837
2006-10-02,37.93437957763672,0.0,63.59999847412109,0.0,63.84999847412109,63.52999877929688,63.84999847412109,0.0,65100,0.0010861943351310368,4133322.7038973854
2006-10-03,37.98210525512695,0.0,63.68000030517578,0.0,63.88999938964844,63.43000030517578,63.540000915527344,0.0,246900,0.0012763257216583251,4241211.609471033
2006-10-04,38.3459358215332,0.0,64.29000091552734,0.0,64.29000091552734,63.52000045776367,63.68000030517578,0.0,73800,0.0012833984527398823,4251494.990409367
2006-10-05,38.39365005493164,0.0,64.37000274658203,0.0,64.4800033569336,64.19999694824219,64.4800033569336,0.0,73400,0.0012833984527398823,4274146.356864203
2006-10-06,38.3399658203125,0.0,64.27999877929688,0.0,64.4800033569336,64.0199966430664,64.4800033569336,0.0,114200,0.0012920136582727233,4318529.530113462
2006-10-09,38.36382293701172,0.0,64.31999969482422,0.0,64.44999694824219,64.12000274658203,64.44999694824219,0.0,147100,0.0014715617618480893,4373715.815471468
2006-10-10,38.48312377929688,0.0,64.5199966430664,0.0,64.5199966430664,64.27999877929688,64.44999694824219,0.0,51200,0.001486601485083901,4371179.964089772
2006-10-11,38.39960861206055,0.0,64.37999725341797,0.0,64.5,64.16000366210938,64.5,0.0,74600,0.0016292877318997306,4393011.612840683
2006-10-12,38.67994689941406,0.0,64.8499984741211,0.0,64.94000244140625,64.56999969482422,64.81999969482422,0.0,77800,0.001552882662443359,4421695.8180442685
2006-10-13,38.83502960205078,0.0,65.11000061035156,0.0,65.12999725341797,64.7699966430664,64.8499984741211,0.0,102600,0.001552882662443359,4455073.921364073
2006-10-16,38.9423828125,0.0,65.29000091552734,0.0,65.29000091552734,65.0,65.19999694824219,0.0,80400,0.001368169413983061,4485894.08877842
2006-10-17,38.84099197387695,0.0,65.12000274658203,0.0,65.25,64.80000305175781,65.25,0.0,88600,0.0014109924024580333,4506318.153756762
2006-10-18,38.9423828125,0.0,65.29000091552734,0.0,65.51000213623047,65.05999755859375,65.51000213623047,0.0,62400,0.0014109924024580333,4508467.487165663
2006-10-19,38.9423828125,0.0,65.29000091552734,0.0,65.30000305175781,65.13999938964844,65.27999877929688,0.0,178000,0.0013609076460936696,4591744.7506102305
2006-10-20,38.972206115722656,0.0,65.33999633789062,0.0,65.3499984741211,65.0999984741211,65.30000305175781,0.0,61200,0.0014475658076284776,4606254.875470721
2006-10-23,39.17500686645508,0.0,65.68000030517578,0.0,65.68000030517578,65.16999816894531,65.4800033569336,0.0,82900,0.0013478144060006271,4626257.312471905
2006-10-24,39.204837799072266,0.0,65.7300033569336,0.0,65.7300033569336,65.44999694824219,65.5999984741211,0.0,119700,0.0013878174635627767,4671683.973920913
2006-10-25,39.40762710571289,0.0,66.06999969482422,0.0,66.12999725341797,65.72000122070312,65.93000030517578,0.0,86900,0.0013878174635627767,4678735.998193044
2006-10-26,39.52093124389648,0.0,66.26000213623047,0.0,66.31999969482422,65.93000030517578,66.31999969482422,0.0,89200,0.0012262092868086671,4717401.769444299
2006-10-27,39.26446914672852,0.0,65.83000183105469,0.0,66.19999694824219,65.77999877929688,66.19999694824219,0.0,79500,0.0012892674096759923,4742622.286472623
2006-10-30,39.2465705871582,0.0,65.80000305175781,0.0,65.87999725341797,65.62000274658203,65.77999877929688,0.0,58900,0.0012703815809564935,4761696.732633076
2006-10-31,39.18694305419922,0.0,65.69999694824219,0.0,65.93000030517578,65.41000366210938,65.91000366210938,0.0,470300,0.0011928069007142768,4965172.07921346
2006-11-01,39.00799179077149,0.0,65.4000015258789,0.0,65.88999938964844,65.31999969482422,65.88999938964844,0.0,81800,0.0014194241672114498,4949326.237923758
2006-11-02,38.95431518554688,0.0,65.30999755859375,0.0,65.3499984741211,65.0999984741211,65.31999969482422,0.0,265300,0.0014194241672114498,5074425.526494828
2006-11-03,38.91256332397461,0.0,65.23999786376953,0.0,65.5999984741211,65.12999725341797,65.5999984741211,0.0,78200,0.0013322905338602272,5080607.0168116735
2006-11-06,39.288330078125,0.0,65.87000274658203,0.0,65.95999908447266,65.3499984741211,65.3499984741211,0.0,111500,0.001225647686893621,5119264.145793612
2006-11-07,39.33605194091797,0.0,65.94999694824219,0.0,66.16999816894531,65.9000015258789,66.0,0.0,123100,0.0012106079636578094,5043723.748046633
2006-11-08,39.47323989868164,0.0,66.18000030517578,0.0,66.30999755859375,65.69999694824219,65.9000015258789,0.0,98000,0.0011722223154711545,5079963.55769445
2006-11-09,39.30623245239258,0.0,65.9000015258789,0.0,66.30000305175781,65.87999725341797,66.30000305175781,0.0,163000,0.0014105248485944113,5141609.591117738
2006-11-10,39.3778076171875,0.0,66.0199966430664,0.0,66.0999984741211,65.76000213623047,66.0999984741211,0.0,70400,0.0014112535210514853,5164638.954286727
2006-11-13,39.48516845703125,0.0,66.19999694824219,0.0,66.30999755859375,65.95999908447266,65.9800033569336,0.0,59700,0.0014112535210514853,5119184.826820616
2006-11-14,39.64620208740234,0.0,66.47000122070312,0.0,66.52999877929688,65.86000061035156,66.4000015258789,0.0,62300,0.0014101938711163133,5118031.02540213
2006-11-15,39.72374725341797,0.0,66.5999984741211,0.0,66.75,66.41999816894531,66.51000213623047,0.0,87100,0.0014101938711163133,5141145.215355404
2006-11-16,39.77146530151367,0.0,66.68000030517578,0.0,66.86000061035156,66.68000030517578,66.83999633789062,0.0,71300,0.0013877905909759306,5158673.073032924
2006-11-17,39.85496520996094,0.0,66.81999969482422,0.0,66.81999969482422,66.4800033569336,66.6500015258789,0.0,89700,0.0013095898727272291,5187001.787694295
2006-11-20,39.81919097900391,0.0,66.76000213623047,0.0,66.97000122070312,66.69000244140625,66.9000015258789,0.0,77600,0.0013095898727272291,5204657.9477401
2006-11-21,39.87283706665039,0.0,66.8499984741211,0.0,66.9000015258789,66.72000122070312,66.9000015258789,0.0,84700,0.0013651290855448783,5214997.945821853
2006-11-22,39.90863800048828,0.0,66.91000366210938,0.0,67.0,66.76000213623047,67.0,0.0,92900,0.001401279103830986,5240323.257434179
2006-11-24,39.807247161865234,0.0,66.73999786376953,0.0,66.83999633789062,66.54000091552734,66.69999694824219,0.0,36300,0.001401279103830986,5241188.828247312
2006-11-27,39.34798431396485,0.0,65.97000122070312,0.0,66.80000305175781,65.87999725341797,66.80000305175781,0.0,142100,0.0012448055226540224,5264064.995629447
2006-11-28,39.47323989868164,0.0,66.18000030517578,0.0,66.2300033569336,65.7699966430664,65.7699966430664,0.0,68000,0.0012448055226540224,5284455.519291711
2006-11-29,39.926536560058594,0.0,66.94000244140625,0.0,67.0,66.5,66.54000091552734,0.0,73700,0.001132248816368951,5245657.249505179
2006-11-30,39.99812698364258,0.0,67.05999755859375,0.0,67.27999877929688,66.72000122070312,67.08999633789062,0.0,60900,0.0008352928341889387,5162744.346455165
2006-12-01,39.944427490234375,0.0,66.97000122070312,0.0,67.13999938964844,66.5,67.0,0.0,95300,0.0009621710846275677,5198349.434680031
2006-12-04,40.13529968261719,0.0,67.29000091552734,0.0,67.38999938964844,66.86000061035156,66.94000244140625,0.0,123800,0.0009021688823370487,5239078.339694795
2006-12-05,40.3559684753418,0.0,67.66000366210938,0.0,67.66000366210938,67.30999755859375,67.5,0.0,131700,0.0008096292232576949,5281914.629594106
2006-12-06,40.29037094116211,0.0,67.55000305175781,0.0,67.69999694824219,67.48999786376953,67.69999694824219,0.0,93100,0.0008420253275072457,5298414.845536247
2006-12-07,40.18301010131836,0.0,67.37000274658203,0.0,67.75,67.3499984741211,67.75,0.0,90000,0.0008301271804134546,5322493.418309045
2006-12-08,40.24265670776367,0.0,67.47000122070312,0.0,67.6500015258789,67.19000244140625,67.48999786376953,0.0,56500,0.0006804540942096863,5334800.395232912
2006-12-11,40.39773941040039,0.0,67.7300033569336,0.0,67.77999877929688,67.5,67.56999969482422,0.0,37600,0.0006797254217526124,5313661.126067147
2006-12-12,40.439491271972656,0.0,67.80000305175781,0.0,67.8499984741211,67.4800033569336,67.73999786376953,0.0,82300,0.000847535811371458,5323667.144472637
2006-12-13,40.58859634399414,0.0,68.05000305175781,0.0,68.12999725341797,67.87999725341797,68.12999725341797,0.0,169900,0.0006906068515570671,5370151.553932069
2006-12-14,40.86295700073242,0.0,68.51000213623047,0.0,68.6500015258789,68.04000091552734,68.1500015258789,0.0,68500,0.0006906068515570671,5390315.070657882
2006-12-15,40.970333099365234,0.0,68.69000244140625,0.0,68.8499984741211,68.62000274658203,68.80999755859375,0.0,95300,0.000661881229640843,5424687.310370188
2006-12-18,40.85102462768555,0.0,68.48999786376953,0.0,68.9000015258789,68.43000030517578,68.9000015258789,0.0,1456400,0.0007468666598853248,6201949.237871927
2006-12-19,40.970333099365234,0.0,68.69000244140625,0.0,68.81999969482422,68.26000213623047,68.48999786376953,0.0,622500,0.0009069870316682929,6514546.066771613
2006-12-20,40.95244598388672,0.0,68.66000366210938,0.0,68.91000366210938,68.66000366210938,68.81999969482422,0.0,453200,0.0008114447612884941,6703233.571555123
2006-12-21,40.874908447265625,0.0,68.52999877929688,0.0,68.87999725341797,68.41999816894531,68.87999725341797,0.0,110800,0.0008340443664639914,6740489.602942694
2006-12-22,40.65854644775391,0.0,67.66000366210938,0.51,68.02999877929688,67.66000366210938,67.94999694824219,0.0,78500,0.0008340443664639914,6762394.9550598385
2006-12-26,40.922969818115234,0.0,68.0999984741211,0.0,68.0999984741211,67.77999877929688,67.77999877929688,0.0,55900,0.0010326204174229126,6780090.5335199265
2006-12-27,41.29555892944336,0.0,68.72000122070312,0.0,68.94999694824219,68.3499984741211,68.4000015258789,0.0,104600,0.0010326204174229126,6816539.359343998
2006-12-28,41.18737030029297,0.0,68.54000091552734,0.0,68.80000305175781,68.37000274658203,68.80000305175781,0.0,102600,0.0012759955953344493,6847352.375708686
2006-12-29,41.001094818115234,0.0,68.2300033569336,0.0,68.52999877929688,68.11000061035156,68.5,0.0,138200,0.0012759955953344493,6876958.252177163
2007-01-03,40.87489318847656,0.0,68.0199966430664,0.0,68.62000274658203,67.66999816894531,68.45999908447266,0.0,195400,0.0013054674709968316,6968830.03254845
2007-01-04,40.74870681762695,0.0,67.80999755859375,0.0,68.18000030517578,67.52999877929688,68.0999984741211,0.0,121400,0.0014144594670581823,7012765.189034598
2007-01-05,40.43622589111328,0.0,67.29000091552734,0.0,67.66999816894531,67.26000213623047,67.6500015258789,0.0,111400,0.0014144594670581823,6981794.28348844
2007-01-08,40.5804443359375,0.0,67.52999877929688,0.0,67.61000061035156,67.08000183105469,67.43000030517578,0.0,104100,0.001525261303180614,7014621.536506169
2007-01-09,40.53837966918945,0.0,67.45999908447266,0.0,67.5999984741211,67.05999755859375,67.47000122070312,0.0,106500,0.0018032417678835154,7042182.725467379
2007-01-10,40.448238372802734,0.0,67.30999755859375,0.0,67.62000274658203,67.0,67.19000244140625,0.0,143600,0.002077025423348991,7105103.199256413
2007-01-11,40.718658447265625,0.0,67.76000213623047,0.0,67.87999725341797,67.54000091552734,67.5999984741211,0.0,136300,0.002178970431767951,7155270.185225351
2007-01-12,40.850860595703125,0.0,67.9800033569336,0.0,67.9800033569336,67.66999816894531,67.69999694824219,0.0,93900,0.002046952663999598,7185120.473761786
2007-01-16,40.8148078918457,0.0,67.91999816894531,0.0,68.5,67.63999938964844,68.19999694824219,0.0,628900,0.0021436840720610397,7496623.225747971
2007-01-17,40.87489318847656,0.0,68.0199966430664,0.0,68.22000122070312,67.69000244140625,67.97000122070312,0.0,118900,0.002410867439101307,7540389.515704201
2007-01-18,40.83885192871094,0.0,67.95999908447266,0.0,68.29000091552734,67.80000305175781,68.2300033569336,0.0,74700,0.002626995346546521,7544623.371469406
2007-01-19,41.01311874389648,0.0,68.25,0.0,68.25,67.9800033569336,68.0,0.0,110300,0.002656608188537517,7574764.061646234
2007-01-22,40.82080841064453,0.0,67.93000030517578,0.0,68.30999755859375,67.8499984741211,68.30999755859375,0.0,140600,0.0026264778962234183,7631228.76094031
2007-01-23,41.00710678100586,0.0,68.23999786376953,0.0,68.37000274658203,67.93000030517578,68.06999969482422,0.0,109400,0.0028329809924053555,7662177.76723892
2007-01-24,41.20541763305664,0.0,68.56999969482422,0.0,68.97000122070312,68.37000274658203,68.44999694824219,0.0,105100,0.0027742313689437504,7688070.679525345
2007-01-25,40.922969818115234,0.0,68.0999984741211,0.0,68.86000061035156,68.0,68.86000061035156,0.0,132300,0.002912162798303754,7742520.440041073
2007-01-26,40.922969818115234,0.0,68.0999984741211,0.0,68.20999908447266,67.7300033569336,68.20999908447266,0.0,84100,0.0026999718924179007,7764176.486760094
2007-01-29,40.82080841064453,0.0,67.93000030517578,0.0,68.25,67.87999725341797,68.12000274658203,0.0,129600,0.002852510650796035,7814466.169711522
2007-01-30,41.1092529296875,0.0,68.41000366210938,0.0,68.41000366210938,68.06999969482422,68.20999908447266,0.0,84900,0.002808526624741819,7839890.179706755
2007-01-31,41.31957244873047,0.0,68.76000213623047,0.0,68.9800033569336,68.29000091552734,68.4800033569336,0.0,96200,0.002808526624741819,7858354.9586947
2007-02-01,41.674110412597656,0.0,69.3499984741211,0.0,69.3499984741211,68.94999694824219,69.05999755859375,0.0,174800,0.002652176498640808,7934855.702951219
2007-02-02,41.77027130126953,0.0,69.51000213623047,0.0,69.52999877929688,69.2300033569336,69.41999816894531,0.0,88200,0.0025431845025794568,7964589.513830154
2007-02-05,41.740234375,0.0,69.45999908447266,0.0,69.73999786376953,69.23999786376953,69.44000244140625,0.0,112600,0.0026705243787884998,8004846.592430841
2007-02-06,41.8243522644043,0.0,69.5999984741211,0.0,69.66000366210938,69.44999694824219,69.47000122070312,0.0,125100,0.002600695029828194,8030886.401394435
2007-02-07,41.83036422729492,0.0,69.61000061035156,0.0,69.77999877929688,69.44999694824219,69.69000244140625,0.0,106100,0.0023365228012917185,8051705.084167965
2007-02-08,41.72821044921875,0.0,69.44000244140625,0.0,69.5999984741211,69.11000061035156,69.58000183105469,0.0,115500,0.0019741096989067545,8043703.755200098
2007-02-09,41.51188278198242,0.0,69.08000183105469,0.0,69.66999816894531,68.80999755859375,69.66999816894531,0.0,80300,0.0020977461587034464,8053839.979432121
2007-02-12,41.31358337402344,0.0,68.75,0.0,69.18000030517578,68.75,69.18000030517578,0.0,109300,0.002134962139849758,8092695.16155909
2007-02-13,41.77629470825195,0.0,69.5199966430664,0.0,69.52999877929688,69.0,69.0,0.0,69700,0.0023052971434689385,8108431.937762669
2007-02-14,42.04069137573242,0.0,69.95999908447266,0.0,70.11000061035156,69.61000061035156,69.73999786376953,0.0,177900,0.002038113776428671,8192958.762150719
2007-02-15,42.0346908569336,0.0,69.94999694824219,0.0,70.05000305175781,69.80000305175781,70.05000305175781,0.0,74600,0.0019237812449867005,8206433.411343892
2007-02-16,42.0346908569336,0.0,69.94999694824219,0.0,69.94999694824219,69.7300033569336,69.83999633789062,0.0,86600,0.0018232174057910375,8175906.106503804
2007-02-20,42.12483215332031,0.0,70.0999984741211,0.0,70.16000366210938,69.66999816894531,69.91000366210938,0.0,126000,0.0017747466083241257,8217435.446527269
2007-02-21,42.0346908569336,0.0,69.94999694824219,0.0,70.05000305175781,69.72000122070312,69.9000015258789,0.0,178300,0.001742121964174408,8288874.132014078
2007-02-22,41.96858596801758,0.0,69.83999633789062,0.0,70.1500015258789,69.5999984741211,70.06999969482422,0.0,107100,0.0018999843257095955,8310912.668037415
2007-02-23,41.81233978271485,0.0,69.58000183105469,0.0,69.79000091552734,69.41999816894531,69.79000091552734,0.0,76000,0.0017620528963495914,8321825.010108948
2007-02-26,41.87241744995117,0.0,69.68000030517578,0.0,70.05999755859375,69.5,69.93000030517578,0.0,136000,0.0018162632379431598,8376436.566195413
2007-02-27,40.32806015014648,0.0,67.11000061035156,0.0,69.58999633789062,66.9000015258789,69.12000274658203,0.0,240500,0.0016637244795650254,8476397.448106796
2007-02-28,40.6645622253418,0.0,67.66999816894531,0.0,69.0,67.27999877929688,67.8499984741211,0.0,208300,0.0023604336183460336,8569955.413691202
2007-03-01,40.58645248413086,0.0,67.54000091552734,0.0,67.8499984741211,66.0199966430664,66.55999755859375,0.0,205000,0.0023604336183460336,8643894.923291888
2007-03-02,40.12375259399414,0.0,66.7699966430664,0.0,67.54000091552734,66.76000213623047,67.19999694824219,0.0,122500,0.0026459332421470277,8649632.56389073
2007-03-05,39.72112655639648,0.0,66.0999984741211,0.0,66.94000244140625,66.0,66.2699966430664,0.0,119000,0.0026459332421470277,8682772.341010684
2007-03-06,40.32203674316406,0.0,67.0999984741211,0.0,67.22000122070312,66.4000015258789,66.44999694824219,0.0,112300,0.0030762417510235666,8690002.832097856
2007-03-07,40.24392318725586,0.0,66.97000122070312,0.0,67.45999908447266,66.93000030517578,67.0999984741211,0.0,183300,0.00300287315961189,8759251.428498162
2007-03-08,40.502323150634766,0.0,67.4000015258789,0.0,67.75,67.31999969482422,67.5999984741211,0.0,235000,0.0031706819724550183,8857730.20899031
2007-03-09,40.58645248413086,0.0,67.54000091552734,0.0,67.9000015258789,67.3499984741211,67.9000015258789,0.0,107400,0.0033819637957586924,8865587.875832452
2007-03-12,40.640533447265625,0.0,67.62999725341797,0.0,69.37000274658203,67.30999755859375,67.41999816894531,0.0,70500,0.0032864933351818373,8874060.849768018
2007-03-13,39.86534881591797,0.0,66.33999633789062,0.0,67.62999725341797,66.23999786376953,67.33000183105469,0.0,163400,0.003213484732185034,8933980.099305652
2007-03-14,40.0516357421875,0.0,66.6500015258789,0.0,67.66999816894531,65.5,66.48999786376953,0.0,231800,0.0036771726827161287,9021234.942517962
2007-03-15,40.2859992980957,0.0,67.04000091552734,0.0,67.22000122070312,66.66000366210938,66.87000274658203,0.0,105100,0.003804741702885529,9038316.561387077
2007-03-16,40.087684631347656,0.0,66.70999908447266,0.0,67.25,66.52999877929688,67.16000366210938,0.0,114500,0.004049218690268381,9068321.758155217
2007-03-19,40.502323150634766,0.0,67.4000015258789,0.0,67.4800033569336,66.97000122070312,67.25,0.0,93600,0.004319069206651718,9106458.219952054
2007-03-20,40.80879974365234,0.0,67.91000366210938,0.0,67.94999694824219,67.4000015258789,67.5,0.0,122500,0.0042375499246497614,8956901.682142228
2007-03-21,41.54190826416016,0.0,69.12999725341797,0.0,69.41999816894531,67.97000122070312,68.0999984741211,0.0,119400,0.004063671472617542,8985385.108557202
2007-03-22,41.60200881958008,0.0,69.2300033569336,0.0,69.38999938964844,68.98999786376953,69.25,0.0,185100,0.003999645731884891,9045241.660299756
2007-03-23,41.674110412597656,0.0,69.3499984741211,0.0,69.48999786376953,69.22000122070312,69.27999877929688,0.0,52900,0.003999645731884891,9031560.827252222
2007-03-26,41.62393569946289,0.0,68.83999633789062,0.427,69.0,68.31999969482422,69.0,0.0,90100,0.0039454353902913224,9023245.699040852
2007-03-27,41.5392951965332,0.0,68.69999694824219,0.0,68.7699966430664,68.47000122070312,68.66000366210938,0.0,133500,0.004056513676792177,9066911.20381431
2007-03-28,41.27928924560547,0.0,68.2699966430664,0.0,68.5,67.87000274658203,68.41999816894531,0.0,107900,0.0031604133861538484,9028853.495988391
2007-03-29,41.43044662475586,0.0,68.5199966430664,0.0,70.45999908447266,68.06999969482422,68.69999694824219,0.0,132800,0.0031604133861538484,9060424.7300587
2007-03-30,41.35184097290039,0.0,68.38999938964844,0.0,68.73999786376953,67.76000213623047,68.6500015258789,0.0,216600,0.0028749137623528547,9130466.562001668
2007-04-02,41.4062728881836,0.0,68.4800033569336,0.0,68.62000274658203,68.22000122070312,68.56999969482422,0.0,148700,0.0030130710394144513,9166103.32808419
2007-04-03,41.81742477416992,0.0,69.16000366210938,0.0,69.2699966430664,68.80000305175781,68.97000122070312,0.0,78000,0.00245542265432887,9177218.329971556
2007-04-04,41.78718566894531,0.0,69.11000061035156,0.0,69.13999938964844,68.91999816894531,69.12999725341797,0.0,210100,0.0025409648555227496,9259596.514317347
2007-04-05,41.877906799316406,0.0,69.26000213623047,0.0,69.38999938964844,69.0,69.08000183105469,0.0,232100,0.0022669453549778117,9262395.35892426
2007-04-09,41.9383544921875,0.0,69.36000061035156,0.0,69.5199966430664,69.13999938964844,69.30999755859375,0.0,125600,0.002098386326221638,9293879.597091675
2007-04-10,42.05324172973633,0.0,69.55000305175781,0.0,69.62000274658203,69.36000061035156,69.38999938964844,0.0,65400,0.0019682753185828405,9292481.279615372
2007-04-11,41.81742477416992,0.0,69.16000366210938,0.0,69.77999877929688,69.04000091552734,69.77999877929688,0.0,123300,0.0020452272235061382,9301899.157321263
2007-04-12,41.998836517333984,0.0,69.45999908447266,0.0,69.4800033569336,68.91000366210938,69.16000366210938,0.0,112700,0.0014263706616104803,9288936.22035072
2007-04-13,42.18627166748047,0.0,69.7699966430664,0.0,69.7699966430664,69.43000030517578,69.68000030517578,0.0,56300,0.0012988016414410806,9293893.5773577
2007-04-16,42.5974235534668,0.0,70.44999694824219,0.0,70.51000213623047,70.16000366210938,70.19999694824219,0.0,85100,0.0009525292780549852,9303358.235652862
2007-04-17,42.64579391479492,0.0,70.52999877929688,0.0,70.70999908447266,70.36000061035156,70.58000183105469,0.0,112800,0.0006601868853457257,9326457.076772055
2007-04-18,42.79694366455078,0.0,70.77999877929688,0.0,70.91000366210938,70.43000030517578,70.52999877929688,0.0,73200,0.0007356402838444787,9314558.74223255
2007-04-19,42.69416809082031,0.0,70.61000061035156,0.0,70.79000091552734,70.37000274658203,70.45999908447266,0.0,75800,0.0009029170767974335,9315375.583285376
2007-04-20,43.15370941162109,0.0,71.37000274658203,0.0,71.37000274658203,70.95999908447266,71.25,0.0,84200,0.000809080455994898,9317278.138745021
2007-04-23,42.93604278564453,0.0,71.01000213623047,0.0,71.43000030517578,71.0,71.4000015258789,0.0,98600,0.0010196121201092613,9340512.18758235
2007-04-24,42.88160705566406,0.0,70.91999816894531,0.0,71.16000366210938,70.66999816894531,71.16000366210938,0.0,66600,0.0010196121201092613,9285763.391670348
2007-04-25,43.413700103759766,0.0,71.80000305175781,0.0,71.81999969482422,71.1500015258789,71.37999725341797,0.0,62000,0.0009085338336084058,9289356.982252333
2007-04-26,43.38951873779297,0.0,71.76000213623047,0.0,71.9000015258789,71.5199966430664,71.79000091552734,0.0,58100,0.0009424585751206836,9279233.04652865
2007-04-27,43.35322952270508,0.0,71.69999694824219,0.0,71.83999633789062,71.41000366210938,71.55000305175781,0.0,78000,0.0010836089746860459,9261175.255736094
2007-04-30,43.087188720703125,0.0,71.26000213623047,0.0,71.93000030517578,71.26000213623047,71.70999908447266,0.0,69000,0.0012960718691063687,9254631.265052916
2007-05-01,43.18392562866211,0.0,71.41999816894531,0.0,71.45999908447266,71.0199966430664,71.44999694824219,0.0,73600,0.0011579145920447718,9249441.738661509
2007-05-02,43.449981689453125,0.0,71.86000061035156,0.0,71.98999786376953,71.62000274658203,71.6500015258789,0.0,117600,0.0011579145920447718,9274975.4761711
2007-05-03,43.6978759765625,0.0,72.2699966430664,0.0,72.33000183105469,71.93000030517578,72.08999633789062,0.0,95400,0.001072372390850892,9298935.297599671
2007-05-04,43.74625396728516,0.0,72.3499984741211,0.0,72.62999725341797,72.26000213623047,72.5,0.0,81400,0.001072372390850892,9100447.847687252
2007-05-07,43.91553115844727,0.0,72.62999725341797,0.0,72.66999816894531,72.55000305175781,72.5999984741211,0.0,73100,0.0010612908169038322,9100126.678436521
2007-05-08,43.90345764160156,0.0,72.61000061035156,0.0,72.61000061035156,72.20999908447266,72.37000274658203,0.0,70900,0.0010612908169038322,9003470.38233318
2007-05-09,44.04858016967773,0.0,72.8499984741211,0.0,72.91999816894531,72.41999816894531,72.56999969482422,0.0,91000,0.0009843389119805345,9015594.049223643
2007-05-10,43.47415542602539,0.0,71.9000015258789,0.0,72.66999816894531,71.86000061035156,72.66999816894531,0.0,141100,0.0009915831764739816,9037820.913581243
2007-05-11,43.95790100097656,0.0,72.69999694824219,0.0,72.69999694824219,72.16999816894531,72.16999816894531,0.0,90100,0.0012561547799816177,9025375.08104718
2007-05-14,43.80671691894531,0.0,72.44999694824219,0.0,72.80999755859375,72.33000183105469,72.66999816894531,0.0,83200,0.0013810308020763718,9021741.745461358
2007-05-15,43.879276275634766,0.0,72.56999969482422,0.0,73.16000366210938,72.52999877929688,72.88999938964844,0.0,111000,0.001451011894636549,9000420.870202685
2007-05-16,44.21184921264648,0.0,73.12000274658203,0.0,73.12000274658203,72.66000366210938,72.81999969482422,0.0,113700,0.0016245033188175277,9029515.604715498
2007-05-17,44.16950225830078,0.0,73.05000305175781,0.0,73.30000305175781,72.86000061035156,73.08000183105469,0.0,86500,0.0014572265258645729,9048298.82254222
2007-05-18,44.45368576049805,0.0,73.5199966430664,0.0,73.55999755859375,73.22000122070312,73.30000305175781,0.0,74600,0.0015001499364441474,9058961.60566542
2007-05-21,44.56251525878906,0.0,73.69999694824219,0.0,73.93000030517578,73.58999633789062,73.68000030517578,0.0,135800,0.0012896182723297837,9092355.254224747
2007-05-22,44.54440689086914,0.0,73.66999816894531,0.0,73.9800033569336,73.62000274658203,73.80999755859375,0.0,88700,0.001461721168911854,9106484.18133448
2007-05-23,44.477874755859375,0.0,73.55999755859375,0.0,74.02999877929688,73.55999755859375,73.9000015258789,0.0,86400,0.0016613090679094972,9109355.846544296
2007-05-24,44.04253768920898,0.0,72.83999633789062,0.0,73.86000061035156,72.76000213623047,73.68000030517578,0.0,110900,0.0016273843263972195,9132350.921370491
2007-05-25,44.36300659179688,0.0,73.37000274658203,0.0,73.37000274658203,72.95999908447266,73.0,0.0,291900,0.0016088147662647715,9257386.706536913
2007-05-29,44.32067489624024,0.0,73.30000305175781,0.0,73.4800033569336,73.04000091552734,73.30000305175781,0.0,62500,0.0015306288136160899,9244412.983128382
2007-05-30,44.68949508666992,0.0,73.91000366210938,0.0,73.93000030517578,72.98999786376953,73.0,0.0,143700,0.0016923087082911174,9309478.106967987
2007-05-31,44.6290283203125,0.0,73.80999755859375,0.0,74.19999694824219,73.7699966430664,74.06999969482422,0.0,68000,0.0016923087082911174,9274912.572527688
2007-06-01,44.84067916870117,0.0,74.16000366210938,0.0,74.2699966430664,73.91999816894531,74.19999694824219,0.0,79900,0.0018953323609903951,9286223.241351899
2007-06-04,44.9011344909668,0.0,74.26000213623047,0.0,74.30999755859375,74.0,74.08000183105469,0.0,90900,0.0020215632939793366,9300641.939877708
2007-06-05,44.59880828857422,0.0,73.76000213623047,0.0,74.08999633789062,73.5999984741211,74.08999633789062,0.0,129600,0.0020546688444810462,9344097.03849308
2007-06-06,44.193695068359375,0.0,73.08999633789062,0.0,73.61000061035156,73.0,73.61000061035156,0.0,103300,0.0020546688444810462,9353366.526630947
2007-06-07,43.33509063720703,0.0,71.66999816894531,0.0,73.06999969482422,71.66999816894531,72.8499984741211,0.0,280700,0.0020546688444810462,9446916.25974746
2007-06-08,43.91553115844727,0.0,72.62999725341797,0.0,72.62999725341797,71.66999816894531,71.9000015258789,0.0,164500,0.002434551874244204,9471017.942810059
2007-06-11,44.0727653503418,0.0,72.88999938964844,0.0,73.08999633789062,72.41000366210938,72.62000274658203,0.0,99900,0.002169980270736568,9478897.35276964
2007-06-12,43.54068374633789,0.0,72.01000213623047,0.0,72.91999816894531,72.0,72.41999816894531,0.0,93000,0.002134539802309872,9483926.161908347
2007-06-13,44.23601531982422,0.0,73.16000366210938,0.0,73.16000366210938,72.23999786376953,72.36000061035156,0.0,132000,0.0026826815963605574,9530315.569959369
2007-06-14,44.381134033203125,0.0,73.4000015258789,0.0,73.62000274658203,73.22000122070312,73.22000122070312,0.0,124400,0.0024337367736808257,9582572.014908563
2007-06-15,44.68347930908203,0.0,73.9000015258789,0.0,74.16000366210938,73.8499984741211,74.05999755859375,0.0,139000,0.0024600642460170107,9619811.379677908
2007-06-18,44.62299728393555,0.0,73.80000305175781,0.0,74.1500015258789,73.7300033569336,74.04000091552734,0.0,70000,0.002567145900548462,9569051.893131318
2007-06-19,44.72576141357422,0.0,73.97000122070312,0.0,74.12000274658203,73.61000061035156,73.79000091552734,0.0,91700,0.002764099912280259,9585640.09920756
2007-06-20,43.98812103271485,0.0,72.75,0.0,74.19999694824219,72.70999908447266,74.19999694824219,0.0,74700,0.002729953247893129,9576816.827519735
2007-06-21,44.254150390625,0.0,73.19000244140625,0.0,73.2300033569336,72.36000061035156,72.94999694824219,0.0,77300,0.002530365348895486,8830060.909265185
2007-06-22,43.71603012084961,0.0,72.30000305175781,0.0,73.0,72.08000183105469,72.97000122070312,0.0,95300,0.003038146952627224,8545383.637606908
2007-06-25,43.453426361083984,0.0,71.48999786376953,0.378,72.37000274658203,71.30999755859375,71.97000122070312,0.0,113600,0.0029155661131943095,8362880.066953386
2007-06-26,43.24678421020508,0.0,71.1500015258789,0.0,72.0,71.1500015258789,71.79000091552734,0.0,117200,0.003015379511011819,8368797.974208045
2007-06-27,43.7938232421875,0.0,72.05000305175781,0.0,72.05000305175781,70.86000061035156,70.98999786376953,0.0,96100,0.003312460809965467,8381597.14092073
2007-06-28,43.7634391784668,0.0,72.0,0.0,72.41000366210938,71.88999938964844,72.05000305175781,0.0,82100,0.003312460809965467,8398298.808264354
2007-06-29,43.69656753540039,0.0,71.88999938964844,0.0,72.62000274658203,71.41000366210938,72.3499984741211,0.0,353200,0.0032881532217820136,8542770.51982577
2007-07-02,44.2071418762207,0.0,72.7300033569336,0.0,72.7300033569336,72.30000305175781,72.5,0.0,149600,0.0032858818095544856,8573311.824653262
2007-07-03,44.49282836914063,0.0,73.19999694824219,0.0,73.19999694824219,72.75,72.80999755859375,0.0,199600,0.003221135038452334,8614433.514549619
2007-07-05,44.322635650634766,0.0,72.91999816894531,0.0,73.20999908447266,72.51000213623047,73.0999984741211,0.0,139600,0.0034394632066844224,8589739.263758583
2007-07-06,44.413818359375,0.0,73.06999969482422,0.0,73.16000366210938,72.66999816894531,72.80999755859375,0.0,78700,0.0036950173432066143,8570044.623063102
2007-07-09,44.45633316040039,0.0,73.13999938964844,0.0,73.2300033569336,72.9000015258789,73.16999816894531,0.0,89400,0.003246736926971636,8562446.288487269
2007-07-10,43.70264434814453,0.0,71.9000015258789,0.0,72.91999816894531,71.9000015258789,72.54000091552734,0.0,86200,0.003246736926971636,8555842.377841283
2007-07-11,44.00655364990234,0.0,72.4000015258789,0.0,72.4000015258789,71.87999725341797,72.0199966430664,0.0,134400,0.0033334069743705063,8576049.28500463
2007-07-12,44.84536361694336,0.0,73.77999877929688,0.0,73.77999877929688,72.81999969482422,72.81999969482422,0.0,98200,0.0027152840877596434,8556838.81064521
2007-07-13,44.99732971191406,0.0,74.02999877929688,0.0,74.29000091552734,73.69000244140625,73.7699966430664,0.0,80000,0.002715284087759643,8530542.871051364
2007-07-16,44.90614318847656,0.0,73.87999725341797,0.0,74.2300033569336,73.7699966430664,74.06999969482422,0.0,102200,0.0029434765150903653,8539806.46949647
2007-07-17,44.796722412109375,0.0,73.69999694824219,0.0,74.16000366210938,73.69000244140625,74.08000183105469,0.0,131000,0.002985467359224868,8277424.031018454
2007-07-18,44.71771240234375,0.0,73.56999969482422,0.0,73.66000366210938,72.95999908447266,73.41999816894531,0.0,99700,0.002788513347493071,8271450.629182846
2007-07-19,44.76634216308594,0.0,73.6500015258789,0.0,73.98999786376953,73.54000091552734,73.97000122070312,0.0,119400,0.002650557115298131,8300952.202600146
2007-07-20,44.280086517333984,0.0,72.8499984741211,0.0,73.80000305175781,72.69999694824219,73.73999786376953,0.0,169400,0.002650557115298131,8339149.144993131
2007-07-23,44.468505859375,0.0,73.16000366210938,0.0,73.37999725341797,73.05000305175781,73.29000091552734,0.0,74800,0.0022230900636563524,8306779.384921846
2007-07-24,43.52030563354492,0.0,71.5999984741211,0.0,72.70999908447266,71.33999633789062,72.51000213623047,0.0,149500,0.0022230900636563524,8332483.702426487
2007-07-25,43.678340911865234,0.0,71.86000061035156,0.0,72.22000122070312,71.13999938964844,72.12999725341797,0.0,169400,0.002283182635893977,8371899.393977816
2007-07-26,42.49307632446289,0.0,69.91000366210938,0.0,73.81999969482422,69.20999908447266,71.23999786376953,0.0,258500,0.002034083719713845,8443820.871347094
2007-07-27,41.57525634765625,0.0,68.4000015258789,0.0,70.31999969482422,68.3499984741211,69.9000015258789,0.0,230800,0.002034083719713845,8523658.256112961
2007-07-30,42.26819610595703,0.0,69.54000091552734,0.0,69.62999725341797,68.41999816894531,69.0,0.0,133600,0.0024559198772527214,8527521.875817435
2007-07-31,41.63604736328125,0.0,68.5,0.0,70.2699966430664,68.5,70.16999816894531,0.0,170300,0.002847866127653858,8574010.293984791
2007-08-01,42.12231063842773,0.0,69.30000305175781,0.0,69.30000305175781,67.76000213623047,68.87000274658203,0.0,275100,0.002847866127653858,8672817.584731087
2007-08-02,42.15877151489258,0.0,69.36000061035156,0.0,69.5999984741211,68.79000091552734,69.44999694824219,0.0,107600,0.00262953795942177,8635839.460385036
2007-08-03,40.84588241577149,0.0,67.19999694824219,0.0,69.4000015258789,67.19999694824219,69.30000305175781,0.0,161100,0.002373983822899579,8673102.454987783
2007-08-06,41.92780685424805,0.0,68.9800033569336,0.0,69.05000305175781,66.73999786376953,67.5199966430664,0.0,535200,0.0032616118340752813,8904030.247842697
2007-08-07,42.38974380493164,0.0,69.73999786376953,0.0,70.31999969482422,68.55999755859375,68.55999755859375,0.0,148100,0.0032616118340752813,8916899.564307077
2007-08-08,43.00971984863281,0.0,70.76000213623047,0.0,71.08000183105469,69.7300033569336,70.18000030517578,0.0,185800,0.0030855062330083526,8962626.447895596
2007-08-09,41.69684219360352,0.0,68.5999984741211,0.0,70.11000061035156,68.5,69.12999725341797,0.0,260500,0.003378717279596208,9040800.88694739
2007-08-10,41.51448059082031,0.0,68.30000305175781,0.0,68.94999694824219,67.37999725341797,67.4000015258789,0.0,161800,0.003378717279596208,9084481.96906438
2007-08-13,41.59957504272461,0.0,68.44000244140625,0.0,69.16000366210938,68.33999633789062,69.12999725341797,0.0,109500,0.003177978118359016,9084321.6934083
2007-08-14,40.87626266479492,0.0,67.25,0.0,68.69999694824219,67.25,68.69999694824219,0.0,190200,0.002985982209113487,9147380.473043049
2007-08-15,40.292747497558594,0.0,66.29000091552734,0.0,68.06999969482422,66.12999725341797,67.01000213623047,0.0,350200,0.002985982209113487,9232847.730848525
2007-08-16,40.90665817260742,0.0,67.30000305175781,0.0,67.30000305175781,64.80999755859375,65.7300033569336,0.0,328300,0.002985982209113487,9366786.78822593
2007-08-17,41.824466705322266,0.0,68.80999755859375,0.0,70.58000183105469,67.68000030517578,70.4000015258789,0.0,181700,0.002985982209113487,9417938.429659888
2007-08-20,41.8001594543457,0.0,68.7699966430664,0.0,69.11000061035156,67.98999786376953,69.0,0.0,122500,0.0032761435641409445,9414698.150144305
2007-08-21,41.86703109741211,0.0,68.87999725341797,0.0,69.36000061035156,68.5199966430664,68.5999984741211,0.0,218100,0.0033283198851933975,9434941.34812128
2007-08-22,42.35326385498047,0.0,69.68000030517578,0.0,69.69000244140625,69.0,69.54000091552734,0.0,124000,0.003098658049699515,9444151.319788372
2007-08-23,42.32895660400391,0.0,69.63999938964844,0.0,70.19000244140625,69.18000030517578,70.19000244140625,0.0,178600,0.0029471203351589936,9500894.365437826
2007-08-24,42.72404479980469,0.0,70.29000091552734,0.0,70.3499984741211,69.5199966430664,69.66999816894531,0.0,203000,0.003183992775744391,9538929.207853287
2007-08-27,42.35935974121094,0.0,69.69000244140625,0.0,70.08999633789062,69.55000305175781,70.08999633789062,0.0,111200,0.0028593312432184255,9472338.518366737
2007-08-28,41.31997299194336,0.0,67.9800033569336,0.0,69.22000122070312,67.8499984741211,69.20999908447266,0.0,150000,0.0023434254720558763,9441396.771421887
2007-08-29,42.12231063842773,0.0,69.30000305175781,0.0,69.30000305175781,68.0199966430664,68.4000015258789,0.0,97900,0.0031610847276938906,9385355.264366997
2007-08-30,41.88525390625,0.0,68.91000366210938,0.0,69.29000091552734,68.58999633789062,68.62999725341797,0.0,109400,0.003473133099415289,9380271.373984927
2007-08-31,42.24385070800781,0.0,69.5,0.0,69.97000122070312,69.16999816894531,69.7300033569336,0.0,139700,0.003473133099415289,9394900.343680004
2007-09-04,42.81523895263672,0.0,70.44000244140625,0.0,70.63999938964844,69.5,69.5,0.0,94300,0.0025347604099019002,9387814.330994137
2007-09-05,42.18917846679688,0.0,69.41000366210938,0.0,69.8499984741211,69.16000366210938,69.79000091552734,0.0,128900,0.0028662495570820324,9361396.459948827
2007-09-06,42.35935974121094,0.0,69.69000244140625,0.0,69.8499984741211,69.23999786376953,69.66000366210938,0.0,143100,0.0032669924153529415,9314838.03924076
2007-09-07,41.69074249267578,0.0,68.58999633789062,0.0,69.29000091552734,68.37000274658203,68.58999633789062,0.0,200300,0.0030148875606095782,9366304.548511809
2007-09-10,41.6421127319336,0.0,68.51000213623047,0.0,68.93000030517578,67.8499984741211,68.8499984741211,0.0,209300,0.0030148875606095782,9442266.680581229
2007-09-11,42.13445281982422,0.0,69.31999969482422,0.0,69.4000015258789,68.70999908447266,68.80000305175781,0.0,116200,0.002961106822179865,9420163.732667953
2007-09-12,42.26819610595703,0.0,69.54000091552734,0.0,69.7699966430664,69.0199966430664,69.25,0.0,98100,0.002961106822179865,9351690.74644664
2007-09-13,42.63287353515625,0.0,70.13999938964844,0.0,70.41999816894531,69.80999755859375,69.86000061035156,0.0,2542100,0.002961106822179865,10710873.19368635
2007-09-14,42.669342041015625,0.0,70.19999694824219,0.0,70.26000213623047,69.68000030517578,69.80000305175781,0.0,162800,0.0031364844070292117,10740954.65882922
2007-09-17,42.48698806762695,0.0,69.9000015258789,0.0,70.11000061035156,69.66000366210938,70.0,0.0,124000,0.0034022929084772243,10759676.563959273
2007-09-18,43.74520492553711,0.0,71.97000122070312,0.0,72.05999755859375,70.0,70.2300033569336,0.0,113800,0.0030318170013598077,10758654.426580762
2007-09-19,44.11596298217773,0.0,72.58000183105469,0.0,73.12000274658203,72.31999969482422,72.5999984741211,0.0,146700,0.0029796406803073547,10777649.383696299
2007-09-20,43.7634391784668,0.0,72.0,0.0,72.56999969482422,71.81999969482422,72.55000305175781,0.0,131400,0.0029151196039744606,10751032.926383851
2007-09-21,43.872840881347656,0.0,72.18000030517578,0.0,72.48999786376953,72.16999816894531,72.33000183105469,0.0,83200,0.002966468894883344,10769578.649448212
2007-09-24,43.55472946166992,0.0,71.19999694824219,0.46,71.83000183105469,71.13999938964844,71.77999877929688,0.0,359500,0.002729596454297947,10923498.611613682
2007-09-25,43.48744583129883,0.0,71.08999633789062,0.0,71.1500015258789,70.66999816894531,70.75,0.0,103000,0.0024537057647692102,10908822.580107432
2007-09-26,43.7015495300293,0.0,71.44000244140625,0.0,71.66999816894531,71.12999725341797,71.37000274658203,0.0,89800,0.0024537057647692102,10901274.79900784
2007-09-27,43.92179489135742,0.0,71.80000305175781,0.0,71.80000305175781,71.41000366210938,71.75,0.0,95200,0.001636046509131196,10883305.788978698
2007-09-28,43.7443733215332,0.0,71.51000213623047,0.0,71.75,71.26000213623047,71.70999908447266,0.0,83300,0.0015535756629766894,10813016.180329096
2007-10-01,44.35611724853516,0.0,72.51000213623047,0.0,72.56999969482422,71.5199966430664,71.5199966430664,0.0,147900,0.0015535756629766894,10817311.837605068
2007-10-02,44.36833953857422,0.0,72.52999877929688,0.0,72.66999816894531,72.19000244140625,72.66999816894531,0.0,144600,0.0015606876936929749,10857735.310127622
2007-10-03,44.27044677734375,0.0,72.37000274658203,0.0,72.55000305175781,72.11000061035156,72.5,0.0,89400,0.0013812824767322131,10793845.366614206
2007-10-04,44.38058090209961,0.0,72.55000305175781,0.0,72.55000305175781,72.31999969482422,72.4800033569336,0.0,116500,0.0010745555854293517,10733344.00835794
2007-10-05,44.72926330566406,0.0,73.12000274658203,0.0,73.36000061035156,72.7699966430664,73.01000213623047,0.0,108600,0.0010334493935848592,10727226.676783485
2007-10-08,44.502925872802734,0.0,72.75,0.0,73.01000213623047,72.62000274658203,73.0,0.0,155900,0.0011614769026180552,10781140.603770906
2007-10-09,44.92501068115234,0.0,73.44000244140625,0.0,73.44000244140625,72.69000244140625,72.9000015258789,0.0,116900,0.0012037102627802825,10781598.602452355
2007-10-10,44.64361572265625,0.0,72.9800033569336,0.0,73.27999877929688,72.70999908447266,73.27999877929688,0.0,236800,0.0015202435615246327,10856626.561961098
2007-10-11,44.55186080932617,0.0,72.83000183105469,0.0,73.66999816894531,72.45999908447266,73.58000183105469,0.0,138600,0.0017313264899536684,10905564.557538714
2007-10-12,44.613037109375,0.0,72.93000030517578,0.0,73.0,72.68000030517578,72.80999755859375,0.0,65800,0.0016250912990246208,10896068.52007669
2007-10-15,44.44786834716797,0.0,72.66000366210938,0.0,74.66999816894531,72.0,74.66999816894531,0.0,154400,0.001391158278900712,10921964.716133239
2007-10-16,43.92789077758789,0.0,71.80999755859375,0.0,72.25,71.6500015258789,72.25,0.0,252900,0.0015036840570877047,11024977.830989776
2007-10-17,43.9095573425293,0.0,71.77999877929688,0.0,72.29000091552734,71.0,72.19999694824219,0.0,179400,0.001725468884737204,11084700.797138518
2007-10-18,43.732120513916016,0.0,71.48999786376953,0.0,71.91000366210938,71.20999908447266,71.43000030517578,0.0,89700,0.002025509304070955,11087901.579496596
2007-10-19,42.563758850097656,0.0,69.58000183105469,0.0,71.52999877929688,69.58000183105469,71.52999877929688,0.0,402900,0.0019160354502540506,11254823.774156116
2007-10-22,42.79010391235352,0.0,69.94999694824219,0.0,70.12000274658203,69.0999984741211,69.2300033569336,0.0,343100,0.0019160354502540506,11407812.441417148
2007-10-23,43.04700469970703,0.0,70.37000274658203,0.0,70.4000015258789,69.72000122070312,70.29000091552734,0.0,140000,0.0019160354502540506,11450671.173125979
2007-10-24,42.90630722045898,0.0,70.13999938964844,0.0,70.30999755859375,68.97000122070312,70.12000274658203,0.0,324800,0.0021435634317120648,11598387.170567589
2007-10-25,43.004188537597656,0.0,70.30000305175781,0.0,70.48999786376953,69.33999633789062,70.19999694824219,0.0,223600,0.0025679259481951816,11678756.06676132
2007-10-26,43.542518615722656,0.0,71.18000030517578,0.0,71.2300033569336,70.3499984741211,70.80000305175781,0.0,107600,0.00233834842262829,11700518.192836216
2007-10-29,43.66485595703125,0.0,71.37999725341797,0.0,71.6500015258789,71.29000091552734,71.44000244140625,0.0,167900,0.00233834842262829,11753916.52357919
2007-10-30,43.32841873168945,0.0,70.83000183105469,0.0,71.29000091552734,70.73999786376953,71.19999694824219,0.0,106200,0.0023312363919120046,11746546.762648083
2007-10-31,43.81167221069336,0.0,71.62000274658203,0.0,71.77999877929688,70.7300033569336,71.26000213623047,0.0,166300,0.002409869683523965,11786355.08627513
2007-11-01,42.41080474853516,0.0,69.33000183105469,0.0,70.44000244140625,69.23999786376953,70.04000091552734,0.0,187300,0.0027131774642879256,11842674.288395474
2007-11-02,42.36800765991211,0.0,69.26000213623047,0.0,69.58999633789062,68.25,69.58999633789062,0.0,171300,0.0027131774642879256,11894697.983369373
2007-11-05,41.9520263671875,0.0,68.58000183105469,0.0,69.0,67.93000030517578,68.19999694824219,0.0,133000,0.0031387396448580318,11926230.453212677
2007-11-06,42.52093124389648,0.0,69.51000213623047,0.0,70.4800033569336,68.55999755859375,70.4800033569336,0.0,141400,0.0030965062846958044,11951622.234489804
2007-11-07,41.16902542114258,0.0,67.30000305175781,0.0,69.7300033569336,67.22000122070312,69.7300033569336,0.0,178700,0.0027799729859514545,11966554.141871134
2007-11-08,41.376991271972656,0.0,67.63999938964844,0.0,68.01000213623047,66.45999908447266,68.01000213623047,0.0,281200,0.002568890057522419,12065523.174437266
2007-11-09,41.00386428833008,0.0,67.02999877929688,0.0,68.05000305175781,66.5999984741211,67.0199966430664,0.0,136700,0.0034542430134258785,12090405.40528676
2007-11-12,40.68575286865234,0.0,66.51000213623047,0.0,67.68000030517578,66.47000122070312,67.54000091552734,0.0,177900,0.003978003286901943,12120380.48000033
2007-11-13,41.86026382446289,0.0,68.43000030517578,0.0,68.44000244140625,66.9000015258789,67.5,0.0,114000,0.004547802038311016,12116311.239702739
2007-11-14,41.548282623291016,0.0,67.91999816894531,0.0,69.05000305175781,67.91999816894531,68.91999816894531,0.0,132300,0.004326017210661516,12137477.830923172
2007-11-15,40.930450439453125,0.0,66.91000366210938,0.0,68.2699966430664,66.5,68.2699966430664,0.0,144200,0.004025976791327765,12170524.10694304
2007-11-16,40.96715927124024,0.0,66.97000122070312,0.0,67.86000061035156,66.2699966430664,67.86000061035156,0.0,225800,0.004708332897292981,12211106.382261004
2007-11-19,40.09852600097656,0.0,65.55000305175781,0.0,66.6500015258789,65.5,66.6500015258789,0.0,161000,0.004708332897292981,12243003.37951297
2007-11-20,40.251426696777344,0.0,65.80000305175781,0.0,66.37999725341797,64.87999725341797,65.25,0.0,261400,0.004927197945342769,12329071.133550009
2007-11-21,39.60299301147461,0.0,64.73999786376953,0.0,65.77999877929688,64.73999786376953,65.77999877929688,0.0,243700,0.005080315453947281,12390175.751689123
2007-11-23,40.27591323852539,0.0,65.83999633789062,0.0,65.95999908447266,65.08999633789062,65.08999633789062,0.0,65800,0.00524164273611143,12254585.021191552
2007-11-26,39.1686897277832,0.0,64.02999877929688,0.0,66.16999816894531,64.02999877929688,66.16999816894531,0.0,219700,0.0055530773913814585,12329871.850882636
2007-11-27,39.81711196899414,0.0,65.08999633789062,0.0,65.27999877929688,64.12000274658203,64.94999694824219,0.0,280800,0.006106315420244949,12390636.957592435
2007-11-28,41.40147399902344,0.0,67.68000030517578,0.0,67.68000030517578,65.69999694824219,66.12000274658203,0.0,156600,0.006106315420244949,12434919.562463911
2007-11-29,41.224063873291016,0.0,67.38999938964844,0.0,69.45999908447266,66.5999984741211,69.45999908447266,0.0,298700,0.005875598198413617,12547649.78885348
2007-11-30,41.60333633422852,0.0,68.01000213623047,0.0,68.86000061035156,67.55000305175781,68.86000061035156,0.0,207300,0.005985032162880935,12605969.147969807
2007-12-03,41.376991271972656,0.0,67.63999938964844,0.0,68.5,67.43000030517578,68.5,0.0,257400,0.00644973618217686,12668280.573097108
2007-12-04,40.95491027832031,0.0,66.94999694824219,0.0,68.5,66.29000091552734,68.4000015258789,0.0,163700,0.006328683544416809,12695340.23880126
2007-12-05,41.695098876953125,0.0,68.16000366210938,0.0,68.18000030517578,67.62000274658203,67.98999786376953,0.0,135800,0.006454379849599569,12609136.746827383
2007-12-06,42.33128356933594,0.0,69.19999694824219,0.0,69.25,67.68000030517578,67.68000030517578,0.0,196000,0.0065209023516613245,12621958.690110464
2007-12-07,42.27012252807617,0.0,69.0999984741211,0.0,69.51000213623047,69.0,69.51000213623047,0.0,263700,0.0065209023516613245,12708783.75882951
2007-12-10,42.64939880371094,0.0,69.72000122070312,0.0,69.86000061035156,69.13999938964844,69.66000366210938,0.0,132400,0.005675211363009162,12728894.853773572
2007-12-11,41.44429016113281,0.0,67.75,0.0,73.0,67.75,70.0199966430664,0.0,276000,0.005205953146237694,12800655.802318027
2007-12-12,41.719573974609375,0.0,68.19999694824219,0.0,70.62000274658203,67.26000213623047,70.62000274658203,0.0,280300,0.005398838616734698,12879905.794022575
2007-12-13,41.719573974609375,0.0,68.19999694824219,0.0,68.26000213623047,67.26000213623047,68.19999694824219,0.0,177400,0.005662595475430417,12894402.45470925
2007-12-14,41.08338928222656,0.0,67.16000366210938,0.0,68.0199966430664,67.08999633789062,67.08999633789062,0.0,186100,0.006314332228422275,12952596.712390961
2007-12-17,40.55729293823242,0.0,66.30000305175781,0.0,67.05999755859375,66.22000122070312,66.6500015258789,0.0,283400,0.005631976122457058,13047885.377096752
2007-12-18,40.79586791992188,0.0,66.69000244140625,0.0,66.95999908447266,65.88999938964844,66.54000091552734,0.0,311500,0.00597640366829275,13169627.525989594
2007-12-19,40.74692535400391,0.0,66.61000061035156,0.0,67.0999984741211,66.18000030517578,66.23999786376953,0.0,177800,0.006121836878347018,13218720.15233721
2007-12-20,40.80553436279297,0.0,66.1500015258789,0.555,66.87000274658203,65.5199966430664,66.87000274658203,0.0,364800,0.005837730079563727,13355556.10682775
2007-12-21,41.3298454284668,0.0,67.0,0.0,67.6500015258789,66.66000366210938,67.6500015258789,0.0,514100,0.00534945227227424,13564472.267483909
2007-12-24,41.84187316894531,0.0,67.83000183105469,0.0,67.83000183105469,66.33000183105469,66.72000122070312,0.0,150200,0.005571812589066827,13579149.141263206
2007-12-26,41.73699188232422,0.0,67.66000366210938,0.0,67.76000213623047,67.20999908447266,67.20999908447266,0.0,248600,0.005191912707649956,13657690.979494367
2007-12-27,41.323707580566406,0.0,66.98999786376953,0.0,67.75,66.75,67.75,0.0,329500,0.0054260147605977496,13785960.854860336
2007-12-28,41.20650100708008,0.0,66.80000305175781,0.0,67.80000305175781,66.52999877929688,67.80000305175781,0.0,317800,0.006047249301569892,13752925.086490693
2007-12-31,40.953575134277344,0.0,66.38999938964844,0.0,67.11000061035156,66.26000213623047,67.11000061035156,0.0,254900,0.005540491589370568,13800880.660635328
2008-01-02,40.49708557128906,0.0,65.6500015258789,0.0,66.72000122070312,65.38999938964844,66.38999938964844,0.0,269700,0.005075787570074643,13825444.835402474
2008-01-03,40.49708557128906,0.0,65.6500015258789,0.0,66.2300033569336,65.43000030517578,65.58999633789062,0.0,200100,0.005051631071714534,13848912.56207663
2008-01-04,39.64583206176758,0.0,64.2699966430664,0.0,65.1500015258789,64.16999816894531,65.0,0.0,478700,0.0049259347665317746,14047447.787608797
2008-01-07,39.83089447021485,0.0,64.56999969482422,0.0,64.9800033569336,64.0,64.66999816894531,0.0,574600,0.005300439991514175,14290012.913634285
2008-01-08,39.00429916381836,0.0,63.22999954223633,0.0,65.26000213623047,63.22999954223633,64.83000183105469,0.0,646400,0.005718590172758699,14565204.116591197
2008-01-09,39.56564331054688,0.0,64.13999938964844,0.0,64.19000244140625,62.900001525878906,63.58000183105469,0.0,730000,0.00569749005168108,14859582.206665523
2008-01-10,39.96041488647461,0.0,64.77999877929688,0.0,65.19999694824219,63.540000915527344,63.68000030517578,0.0,484700,0.005611112513652377,15051277.99657186
2008-01-11,39.55945587158203,0.0,64.12999725341797,0.0,64.8499984741211,63.88999938964844,64.33999633789062,0.0,406000,0.0052189651830184276,15210915.925004747
2008-01-14,39.85556411743164,0.0,64.61000061035156,0.0,64.68000030517578,64.1500015258789,64.33999633789062,0.0,584800,0.005211152925426303,15450863.485620892
2008-01-15,38.874755859375,0.0,63.02000045776367,0.0,63.90999984741211,63.02000045776367,63.86000061035156,0.0,414400,0.004701121982131065,15581504.66490246
2008-01-16,38.83156967163086,0.0,62.95000076293945,0.0,63.84999847412109,62.70000076293945,62.900001525878906,0.0,454400,0.005164896606956574,15750310.628212823
2008-01-17,37.59783172607422,0.0,60.95000076293945,0.0,63.06999969482422,60.79999923706055,63.04999923706055,0.0,611200,0.004820469061120882,15976174.360626463
2008-01-18,37.19689178466797,0.0,60.29999923706055,0.0,61.54999923706055,59.66999816894531,61.2599983215332,0.0,587400,0.004456170803016827,16159344.43848625
2008-01-22,36.8514404296875,0.0,59.7400016784668,0.0,60.54999923706055,49.95000076293945,57.619998931884766,0.0,560600,0.004359632111737592,16381708.539018176
2008-01-23,38.22087478637695,0.0,61.959999084472656,0.0,61.959999084472656,58.45000076293945,58.45000076293945,0.0,767600,0.004262220120379813,16674218.82096548
2008-01-24,38.2517204284668,0.0,62.0099983215332,0.0,62.2400016784668,61.34999847412109,61.90999984741211,0.0,265600,0.0037284251483171967,16708320.18168616
2008-01-25,37.65952301025391,0.0,61.04999923706055,0.0,62.72999954223633,60.7400016784668,62.68999862670898,0.0,359700,0.003925799636870589,16739176.918026758
2008-01-28,38.53547286987305,0.0,62.470001220703125,0.0,62.470001220703125,60.63999938964844,61.08000183105469,0.0,307800,0.004895060484806424,16766490.775356596
2008-01-29,38.83156967163086,0.0,62.95000076293945,0.0,63.09999847412109,62.380001068115234,62.869998931884766,0.0,349100,0.004273825943834282,16867167.768563166
2008-01-30,38.492286682128906,0.0,62.400001525878906,0.0,64.13999938964844,62.31999969482422,62.84999847412109,0.0,408000,0.0045397812778051536,16976641.18620252
2008-01-31,39.016632080078125,0.0,63.25,0.0,64.02999877929688,61.63999938964844,61.83000183105469,0.0,434600,0.00549907447779619,17043498.481126815
2008-02-01,39.84939193725586,0.0,64.5999984741211,0.0,64.5999984741211,63.68999862670898,63.93000030517578,0.0,334300,0.005158944267056493,17155662.317827012
2008-02-04,39.34356689453125,0.0,63.77999877929688,0.0,64.51000213623047,63.77999877929688,64.51000213623047,0.0,439300,0.005640659814716976,17292111.79366339
2008-02-05,38.22705078125,0.0,61.970001220703125,0.0,63.060001373291016,61.790000915527344,63.060001373291016,0.0,337100,0.005199632087672821,17164905.362035356
2008-02-06,37.93710708618164,0.0,61.5,0.0,62.43999862670898,61.25,62.220001220703125,0.0,276300,0.004781481906428298,17217793.904228818
2008-02-07,38.24554061889648,0.0,62.0,0.0,62.18999862670898,61.0,61.34000015258789,0.0,228200,0.005168853809025145,17225739.869332694
2008-02-08,37.80141067504883,0.0,61.27999877929688,0.0,61.81999969482422,60.84999847412109,61.709999084472656,0.0,292800,0.005847024460547277,17226315.139491975
2008-02-11,37.752044677734375,0.0,61.20000076293945,0.0,61.40999984741211,60.5,61.33000183105469,0.0,397100,0.005383887479689983,17331486.40781887
2008-02-12,38.2147102355957,0.0,61.95000076293945,0.0,62.41999816894531,61.459999084472656,61.650001525878906,0.0,538300,0.005127942878586389,17536672.956575666
2008-02-13,38.54780578613281,0.0,62.4900016784668,0.0,62.720001220703125,61.88999938964844,62.380001068115234,0.0,400300,0.005003585008849261,17633687.22381289
2008-02-14,38.14685821533203,0.0,61.84000015258789,0.0,62.720001220703125,61.75,62.720001220703125,0.0,628700,0.005133385902326767,17758005.07917253
2008-02-15,38.26405334472656,0.0,62.02999877929688,0.0,62.02999877929688,61.33000183105469,61.68999862670898,0.0,641600,0.005133385902326767,17898511.874528915
2008-02-19,38.294898986816406,0.0,62.08000183105469,0.0,62.790000915527344,61.7599983215332,62.65999984741211,0.0,404900,0.005133385902326767,17998777.082346357
2008-02-20,38.467620849609375,0.0,62.36000061035156,0.0,62.5099983215332,61.16999816894531,61.40999984741211,0.0,796300,0.0052687859009164645,18326022.668832447
2008-02-21,37.99264907836914,0.0,61.59000015258789,0.0,62.65999984741211,61.380001068115234,62.5,0.0,790700,0.005976058455635305,18593296.365020387
2008-02-22,38.38740158081055,0.0,62.22999954223633,0.0,62.22999954223633,60.84000015258789,61.77000045776367,0.0,666300,0.006111587663036535,18853800.560712058
2008-02-25,38.86241149902344,0.0,63.0,0.0,63.13999938964844,61.75,62.119998931884766,0.0,771900,0.005740875027036524,19141038.62506927
2008-02-26,39.102989196777344,0.0,63.38999938964844,0.0,63.66999816894531,62.61000061035156,62.790000915527344,0.0,573100,0.004537512126152896,19316117.501770504
2008-02-27,39.04747772216797,0.0,63.29999923706055,0.0,63.720001220703125,63.0,63.130001068115234,0.0,518700,0.0048633499449457695,19515198.305998906
2008-02-28,38.5848274230957,0.0,62.54999923706055,0.0,62.9900016784668,62.369998931884766,62.88999938964844,0.0,512100,0.004597394610974899,19688490.798901755
2008-02-29,37.49298095703125,0.0,60.77999877929688,0.0,61.91999816894531,60.5,61.91999816894531,0.0,256500,0.0036381014109838614,19758376.5083313
2008-03-03,37.48063278198242,0.0,60.7599983215332,0.0,60.93000030517578,60.2400016784668,60.630001068115234,0.0,535000,0.003569851068240415,19956534.005961344
2008-03-04,37.33876419067383,0.0,60.52999877929688,0.0,60.66999816894531,59.619998931884766,60.310001373291016,0.0,876300,0.003160159455094423,20300448.989535134
2008-03-05,37.505313873291016,0.0,60.79999923706055,0.0,61.209999084472656,60.08000183105469,60.79999923706055,0.0,962300,0.003160159455094423,20712078.727912903
2008-03-06,36.50599670410156,0.0,59.18000030517578,0.0,60.43000030517578,59.119998931884766,60.209999084472656,0.0,425400,0.0031797137824438305,20840874.14583176
2008-03-07,36.20989990234375,0.0,58.70000076293945,0.0,59.59999847412109,58.209999084472656,58.75,0.0,778400,0.0027046376397530055,21124361.774756417
2008-03-10,35.802772521972656,0.0,58.040000915527344,0.0,58.91999816894531,57.79999923706055,58.72999954223633,0.0,566300,0.002026466988230873,21276183.014851525
2008-03-11,37.20921325683594,0.0,60.31999969482422,0.0,60.31999969482422,58.68999862670898,59.650001525878906,0.0,406400,0.0022305493824740404,21356936.22460441
2008-03-12,36.83294296264648,0.0,59.709999084472656,0.0,61.040000915527344,59.68999862670898,60.43000030517578,0.0,619800,0.0022305493824740404,21586724.109271217
2008-03-13,36.95013427734375,0.0,59.900001525878906,0.0,60.25,58.43000030517578,58.91999816894531,0.0,498200,0.002213201442514548,21769424.95586153
2008-03-14,36.20372772216797,0.0,58.68999862670898,0.0,60.41999816894531,58.04999923706055,60.41999816894531,0.0,792500,0.0028753799370855237,20723464.094458684
2008-03-17,36.024837493896484,0.0,58.400001525878906,0.0,58.77999877929688,56.0,58.08000183105469,0.0,752600,0.0028753799370855233,20981585.377357118
2008-03-18,37.59783172607422,0.0,60.95000076293945,0.0,60.95000076293945,59.27000045776367,59.52999877929688,0.0,536600,0.0028753799370855233,21172364.50608874
2008-03-19,36.783573150634766,0.0,59.630001068115234,0.0,61.59999847412109,59.630001068115234,61.11000061035156,0.0,373200,0.003260193474640028,21283981.412911795
2008-03-20,37.72120666503906,0.0,61.150001525878906,0.0,61.43000030517578,59.54999923706055,60.27000045776367,0.0,203400,0.0038959989367181682,21298191.127528843
2008-03-24,38.31340026855469,0.0,62.11000061035156,0.0,62.5,61.560001373291016,61.63999938964844,0.0,382900,0.0037604697293169382,21411850.803986806
2008-03-25,38.18231201171875,0.0,61.459999084472656,0.439,61.77000045776367,61.040000915527344,61.45000076293945,0.0,462000,0.003897855508103566,21589542.41947598
2008-03-26,37.89654922485352,0.0,61.0,0.0,61.310001373291016,60.77000045776367,61.27000045776367,0.0,375500,0.004012484647527536,21568186.07897683
2008-03-27,37.52378845214844,0.0,60.400001525878906,0.0,61.790000915527344,60.36000061035156,61.790000915527344,0.0,297300,0.0038816576391340904,21652588.06969779
2008-03-28,37.13239288330078,0.0,59.77000045776367,0.0,60.709999084472656,59.72999954223633,60.70000076293945,0.0,224000,0.0038816576391340904,21707930.67194621
2008-03-31,37.32499313354492,0.0,60.08000183105469,0.0,60.52000045776367,59.720001220703125,59.84999847412109,0.0,212700,0.004434556013120032,21755102.545747302
2008-04-01,38.80356216430664,0.0,62.459999084472656,0.0,62.459999084472656,60.790000915527344,61.52000045776367,0.0,265800,0.004434556013120032,21839587.343990993
2008-04-02,38.6855354309082,0.0,62.27000045776367,0.0,62.86000061035156,62.13999938964844,62.619998931884766,0.0,201400,0.00436253207860554,21854007.57237389
2008-04-03,38.80978393554688,0.0,62.470001220703125,0.0,62.75,61.970001220703125,62.130001068115234,0.0,234000,0.0046939194215123185,21886786.480803717
2008-04-04,38.73522186279297,0.0,62.34999847412109,0.0,62.84000015258789,62.130001068115234,62.43000030517578,0.0,314800,0.005031348681936457,21991214.26869347
2008-04-07,38.82843017578125,0.0,62.5,0.0,63.16999816894531,62.38999938964844,62.869998931884766,0.0,272000,0.005137054225288285,22059054.94047498
2008-04-08,38.69173812866211,0.0,62.27999877929688,0.0,62.43000030517578,61.970001220703125,62.22999954223633,0.0,274800,0.005137054225288285,22131862.17354063
2008-04-09,38.37491989135742,0.0,61.77000045776367,0.0,62.36000061035156,61.43999862670898,62.36000061035156,0.0,230800,0.00498745215922299,22154995.436283898
2008-04-10,38.33140182495117,0.0,61.70000076293945,0.0,61.970001220703125,61.20000076293945,61.47999954223633,0.0,135300,0.0050654051236803,22153113.482457116
2008-04-11,37.542423248291016,0.0,60.43000030517578,0.0,61.84999847412109,60.29999923706055,61.20000076293945,0.0,174900,0.0051830161628594155,22099840.008317858
2008-04-14,37.356048583984375,0.0,60.130001068115234,0.0,60.40999984741211,59.959999084472656,60.40999984741211,0.0,227900,0.003927262149985426,22128485.952680074
2008-04-15,37.55485916137695,0.0,60.45000076293945,0.0,60.54999923706055,59.959999084472656,60.5,0.0,160500,0.004232453619370679,22167402.07254016
2008-04-16,38.3935432434082,0.0,61.79999923706055,0.0,61.79999923706055,60.90999984741211,60.9900016784668,0.0,173800,0.004232453619370679,22163609.49557168
2008-04-17,38.499149322509766,0.0,61.970001220703125,0.0,62.0,61.41999816894531,61.84000015258789,0.0,209800,0.0037122400832264755,22122661.54218704
2008-04-18,38.97751998901367,0.0,62.7400016784668,0.0,63.77999877929688,62.459999084472656,63.77000045776367,0.0,175200,0.0023691620664294945,22107698.974830385
2008-04-21,38.729034423828125,0.0,62.34000015258789,0.0,62.45000076293945,62.0,62.400001525878906,0.0,141300,0.0023691620664294945,22126714.76223658
2008-04-22,38.54885482788086,0.0,62.04999923706055,0.0,62.27999877929688,61.720001220703125,62.2400016784668,0.0,308000,0.0023256168948174853,22055902.198961046
2008-04-23,38.44325637817383,0.0,61.880001068115234,0.0,62.34999847412109,61.65999984741211,62.18999862670898,0.0,126400,0.002597771410780877,21927503.692469522
2008-04-24,38.8594856262207,0.0,62.54999923706055,0.0,62.93000030517578,61.70000076293945,61.91999816894531,0.0,203000,0.0026770444873904396,21950089.799299695
2008-04-25,39.28193283081055,0.0,63.22999954223633,0.0,63.22999954223633,62.290000915527344,62.959999084472656,0.0,153000,0.0027112642389194347,21846063.752698142
2008-04-28,39.16390609741211,0.0,63.040000915527344,0.0,63.29999923706055,62.90999984741211,63.18000030517578,0.0,168000,0.0021726687410090154,21805362.478661917
2008-04-29,38.9713134765625,0.0,62.72999954223633,0.0,63.0,62.540000915527344,63.0,0.0,268400,0.002172668741009016,21878201.874251593
2008-04-30,38.9216194152832,0.0,62.650001525878906,0.0,63.52000045776367,62.540000915527344,62.88999938964844,0.0,258800,0.0023706912842557186,21911766.309617057
2008-05-01,39.59878158569336,0.0,63.7400016784668,0.0,63.7400016784668,62.45000076293945,62.5099983215332,0.0,203200,0.002671871017029993,21954860.136177428
2008-05-02,39.70438003540039,0.0,63.90999984741211,0.0,64.30000305175781,63.56999969482422,64.30000305175781,0.0,246700,0.002314887429256447,21985464.822729807
2008-05-05,39.462100982666016,0.0,63.52000045776367,0.0,63.810001373291016,63.310001373291016,63.77999877929688,0.0,196400,0.0022091818859046194,21981415.765165903
2008-05-06,39.74166870117188,0.0,63.970001220703125,0.0,64.05999755859375,62.97999954223633,63.16999816894531,0.0,203300,0.002418207046373417,21990470.232485212
2008-05-07,38.965091705322266,0.0,62.720001220703125,0.0,64.04000091552734,62.56999969482422,64.01000213623047,0.0,201600,0.0029771664839342155,22018432.232505556
2008-05-08,38.88433837890625,0.0,62.59000015258789,0.0,62.95000076293945,62.380001068115234,62.900001525878906,0.0,244400,0.0028992135194769054,22061831.293896265
2008-05-09,38.722801208496094,0.0,62.33000183105469,0.0,62.59999847412109,62.150001525878906,62.31999969482422,0.0,149800,0.0027816024802977896,22040486.244125973
2008-05-12,39.170108795166016,0.0,63.04999923706055,0.0,63.04999923706055,62.310001373291016,62.470001220703125,0.0,186900,0.0027816024802977896,21983055.109435793
2008-05-13,39.10798263549805,0.0,62.95000076293945,0.0,63.2400016784668,62.75,63.2400016784668,0.0,220900,0.0024764110109125378,22020695.223208837
2008-05-14,39.34406661987305,0.0,63.33000183105469,0.0,63.65999984741211,63.09000015258789,63.09000015258789,0.0,181500,0.0024764110109125378,22018014.794258844
2008-05-15,39.66712188720703,0.0,63.84999847412109,0.0,63.84999847412109,63.119998931884766,63.380001068115234,0.0,407400,0.002793194020029484,22162550.265239533
2008-05-16,39.698184967041016,0.0,63.900001525878906,0.0,64.02999877929688,63.40999984741211,64.02999877929688,0.0,288100,0.0028836254087457663,22237342.127793934
2008-05-19,39.87213516235352,0.0,64.18000030517578,0.0,64.55000305175781,63.77999877929688,63.9900016784668,0.0,166400,0.0028836254087457663,22245525.695434447
2008-05-20,39.462100982666016,0.0,63.52000045776367,0.0,63.91999816894531,63.209999084472656,63.91999816894531,0.0,208400,0.002789784801571148,22230571.26543257
2008-05-21,38.853271484375,0.0,62.540000915527344,0.0,63.619998931884766,62.400001525878906,63.58000183105469,0.0,295600,0.0024030011461837865,22293533.75574445
2008-05-22,38.89055252075195,0.0,62.59999847412109,0.0,62.90999984741211,62.40999984741211,62.560001373291016,0.0,658900,0.0023194172178049996,22484383.10651325
2008-05-23,38.2755012512207,0.0,61.61000061035156,0.0,62.40999984741211,61.61000061035156,62.22999954223633,0.0,287500,0.002285197466276004,22499746.10410115
2008-05-27,38.46187210083008,0.0,61.90999984741211,0.0,61.97999954223633,61.41999816894531,61.52999877929688,0.0,203600,0.0022708945902004812,22565401.69306861
2008-05-28,38.536434173583984,0.0,62.02999877929688,0.0,62.060001373291016,61.47999954223633,62.060001373291016,0.0,143900,0.002595984271329519,22524597.931898206
2008-05-29,38.81600189208984,0.0,62.47999954223633,0.0,62.81999969482422,61.93999862670898,61.93999862670898,0.0,162000,0.002397961728082816,22459871.65375664
2008-05-30,38.69795227050781,0.0,62.290000915527344,0.0,62.66999816894531,62.27000045776367,62.66999816894531,0.0,180100,0.0019325928637936168,22464790.234051052
2008-06-02,38.35006332397461,0.0,61.72999954223633,0.0,62.2400016784668,61.36000061035156,62.2400016784668,0.0,205400,0.0019325928637936168,22405662.845862858
2008-06-03,38.11397552490234,0.0,61.34999847412109,0.0,61.959999084472656,60.95000076293945,61.959999084472656,0.0,304200,0.0020293849769833948,22441886.62437863
2008-06-04,38.00215911865234,0.0,61.16999816894531,0.0,61.65999984741211,60.900001525878906,61.25,0.0,283100,0.0022227740251952086,22441146.07389238
2008-06-05,38.73522186279297,0.0,62.34999847412109,0.0,62.34999847412109,61.25,61.380001068115234,0.0,108200,0.001589408570854714,22407706.036864385
2008-06-06,37.46166610717773,0.0,60.29999923706055,0.0,61.84000015258789,60.290000915527344,61.84000015258789,0.0,186200,0.0022722856469176433,22423354.69845666
2008-06-09,37.42439651489258,0.0,60.2400016784668,0.0,60.790000915527344,59.869998931884766,60.56999969482422,0.0,204000,0.0022722856469176433,22413241.69004834
2008-06-10,37.2752685546875,0.0,60.0,0.0,60.43999862670898,59.70000076293945,59.70000076293945,0.0,167400,0.0024546420843712677,22348339.550384644
2008-06-11,36.70994186401367,0.0,59.09000015258789,0.0,60.02999877929688,59.09000015258789,60.02999877929688,0.0,214100,0.0024546420843712677,22375484.319202483
2008-06-12,36.8714714050293,0.0,59.34999847412109,0.0,59.900001525878906,58.970001220703125,59.400001525878906,0.0,199700,0.0029868845928872193,22321144.594561864
2008-06-13,37.281497955322266,0.0,60.0099983215332,0.0,60.09999847412109,59.22999954223633,59.650001525878906,0.0,176000,0.0029607347723198617,22253250.154561844
2008-06-16,37.33120727539063,0.0,60.09000015258789,0.0,60.31999969482422,59.619998931884766,59.66999816894531,0.0,160000,0.002923735823096658,22233533.651115783
2008-06-17,37.02678680419922,0.0,59.59999847412109,0.0,60.5,59.59000015258789,60.4900016784668,0.0,196300,0.0034034408941257576,22227192.40523444
2008-06-18,36.62297439575195,0.0,58.95000076293945,0.0,59.29999923706055,58.7400016784668,59.29999923706055,0.0,333000,0.0034034408941257576,22233866.4480058
2008-06-19,36.66023254394531,0.0,59.0099983215332,0.0,59.18999862670898,58.5,58.90999984741211,0.0,234300,0.0035846696223615403,22178724.43884895
2008-06-20,36.03277206420898,0.0,58.0,0.0,58.70000076293945,57.869998931884766,58.70000076293945,0.0,231100,0.003536152912231091,22191109.69195593
2008-06-23,35.93337631225586,0.0,57.84000015258789,0.0,58.18999862670898,57.75,58.130001068115234,0.0,260600,0.003536152912231091,22119217.49737755
2008-06-24,35.9371223449707,0.0,57.43000030517578,0.416,57.95000076293945,56.88999938964844,57.380001068115234,0.0,202300,0.003536152912231091,21938053.918502443
2008-06-25,36.18742752075195,0.0,57.83000183105469,0.0,58.4900016784668,57.72999954223633,57.81999969482422,0.0,379400,0.003219484472277886,22031328.81072211
2008-06-26,35.15493392944336,0.0,56.18000030517578,0.0,57.36000061035156,56.150001525878906,57.36000061035156,0.0,531600,0.003219484472277886,22134860.6460541
2008-06-27,34.94843673706055,0.0,55.84999847412109,0.0,56.43999862670898,55.63999938964844,56.369998931884766,0.0,424300,0.003052286260886032,22147749.13856567
2008-06-30,35.01102066040039,0.0,55.95000076293945,0.0,56.400001525878906,55.650001525878906,55.9900016784668,0.0,287700,0.0036914305474441403,22107017.18816606
2008-07-01,35.1737174987793,0.0,56.209999084472656,0.0,56.209999084472656,55.16999816894531,55.4900016784668,0.0,360400,0.003706657226411015,22133487.607417032
2008-07-02,34.598018646240234,0.0,55.290000915527344,0.0,56.650001525878906,55.290000915527344,56.5099983215332,0.0,253300,0.003808153687269436,22104115.796467613
2008-07-03,34.61052703857422,0.0,55.310001373291016,0.0,56.04999923706055,55.02000045776367,55.7400016784668,0.0,238700,0.003974035460832538,22104639.066487268
2008-07-07,34.172508239746094,0.0,54.61000061035156,0.0,55.810001373291016,54.20000076293945,55.560001373291016,0.0,407000,0.003422767028795051,22036863.057402957
2008-07-08,35.01102066040039,0.0,55.95000076293945,0.0,56.02999877929688,54.38999938964844,54.56999969482422,0.0,855800,0.004448692194646451,22122419.317944843
2008-07-09,34.22882080078125,0.0,54.70000076293945,0.0,56.2400016784668,54.70000076293945,56.18999862670898,0.0,441300,0.005137085515074394,21989619.624552652
2008-07-10,34.3351936340332,0.0,54.869998931884766,0.0,55.20000076293945,54.25,54.72999954223633,0.0,511300,0.005137085515074394,21840673.838040184
2008-07-11,33.903419494628906,0.0,54.18000030517578,0.0,55.0099983215332,53.560001373291016,54.20000076293945,0.0,539600,0.004809738594152999,21823504.494836595
2008-07-14,33.490421295166016,0.0,53.52000045776367,0.0,55.09999847412109,53.27999877929688,54.7400016784668,0.0,929900,0.005644921524986377,22011849.491192047
2008-07-15,32.89594268798828,0.0,52.56999969482422,0.0,53.619998931884766,52.060001373291016,52.720001220703125,0.0,1298300,0.005591489085493299,22253656.651881386
2008-07-16,33.94098663330078,0.0,54.2400016784668,0.0,54.2400016784668,52.52999877929688,52.630001068115234,0.0,1029100,0.005418810343569033,22489393.93392593
2008-07-17,34.46034622192383,0.0,55.06999969482422,0.0,55.18999862670898,54.15999984741211,54.77000045776367,0.0,1158400,0.005418810343569033,22768668.595035493
2008-07-18,34.76070785522461,0.0,55.54999923706055,0.0,55.54999923706055,54.900001525878906,55.38999938964844,0.0,607500,0.00523758161533325,22740843.071783155
2008-07-21,34.66059875488281,0.0,55.38999938964844,0.0,55.88999938964844,55.209999084472656,55.88999938964844,0.0,576600,0.005095398366833496,22713205.405880157
2008-07-22,35.348934173583984,0.0,56.4900016784668,0.0,56.540000915527344,54.7599983215332,54.90999984741211,0.0,726000,0.0053684792332595295,22772899.82078189
2008-07-23,35.62424850463867,0.0,56.93000030517578,0.0,57.34000015258789,56.5099983215332,56.86000061035156,0.0,846300,0.0053684792332595295,22777815.407774184
2008-07-24,34.67936706542969,0.0,55.41999816894531,0.0,57.119998931884766,55.25,57.119998931884766,0.0,780800,0.005360057992083696,22990530.32060048
2008-07-25,34.59175491333008,0.0,55.27999877929688,0.0,55.7599983215332,55.02999877929688,55.5,0.0,550300,0.005360057992083696,23057680.30951061
2008-07-28,33.88465118408203,0.0,54.150001525878906,0.0,55.45000076293945,54.150001525878906,55.34999847412109,0.0,366100,0.005360057992083696,23062410.858581178
2008-07-29,34.76070785522461,0.0,55.54999923706055,0.0,55.560001373291016,54.15999984741211,54.34999847412109,0.0,507200,0.005846160200145811,23111610.178793043
2008-07-30,35.436527252197266,0.0,56.630001068115234,0.0,56.63999938964844,55.63999938964844,56.0099983215332,0.0,437400,0.005734141407989159,23106140.034702845
2008-07-31,34.94843673706055,0.0,55.84999847412109,0.0,56.61000061035156,55.77000045776367,56.040000915527344,0.0,378800,0.005886706719525046,23055882.33170282
2008-08-01,34.87961196899414,0.0,55.7400016784668,0.0,56.2400016784668,55.380001068115234,56.0,0.0,262800,0.005720824945961944,23000744.97417268
2008-08-04,34.57297897338867,0.0,55.25,0.0,55.77999877929688,55.02999877929688,55.709999084472656,0.0,204000,0.005589216301936502,22867827.88319058
2008-08-05,35.56794357299805,0.0,56.84000015258789,0.0,56.84999847412109,55.68000030517578,55.83000183105469,0.0,257200,0.00456355771838786,22818059.316744123
2008-08-06,35.58046340942383,0.0,56.86000061035156,0.0,56.959999084472656,56.38999938964844,56.630001068115234,0.0,316400,0.0037376348510141607,22825980.38176885
2008-08-07,34.87334442138672,0.0,55.72999954223633,0.0,56.560001373291016,55.54999923706055,56.4900016784668,0.0,273000,0.0038428871724776542,22834439.82522147
2008-08-08,35.73687744140625,0.0,57.11000061035156,0.0,57.22999954223633,55.290000915527344,55.720001220703125,0.0,313900,0.00417195263909729,22834313.202594575
2008-08-11,36.074798583984375,0.0,57.650001525878906,0.0,58.04999923706055,56.959999084472656,57.150001525878906,0.0,294700,0.003046136519714323,22776273.00534627
2008-08-12,35.48031997680664,0.0,56.70000076293945,0.0,57.54999923706055,56.43999862670898,57.54999923706055,0.0,262200,0.0031423281704669485,22629598.837007795
2008-08-13,35.273826599121094,0.0,56.369998931884766,0.0,56.68999862670898,55.810001373291016,56.52999877929688,0.0,263200,0.0028353018413621142,22548819.758015588
2008-08-14,35.48031997680664,0.0,56.70000076293945,0.0,57.0,55.88999938964844,56.09999847412109,0.0,288600,0.003321943735622964,22370127.790747747
2008-08-15,35.6555290222168,0.0,56.97999954223633,0.0,57.16999816894531,56.63999938964844,56.93000030517578,0.0,313000,0.003321943735622964,22195812.65296936
2008-08-18,35.04854965209961,0.0,56.0099983215332,0.0,57.22999954223633,55.84999847412109,57.22999954223633,0.0,347600,0.003529156255293371,22150835.531343732
2008-08-19,34.81076431274414,0.0,55.630001068115234,0.0,55.77999877929688,55.16999816894531,55.77999877929688,0.0,222200,0.0032560753888673383,21854833.291274782
2008-08-20,34.91089630126953,0.0,55.790000915527344,0.0,55.790000915527344,54.95000076293945,55.41999816894531,0.0,319300,0.0036865199360676783,21609710.54660555
2008-08-21,34.97347640991211,0.0,55.88999938964844,0.0,56.06999969482422,55.27000045776367,55.5,0.0,297600,0.0037733731830865876,21412639.238060847
2008-08-22,35.40524673461914,0.0,56.58000183105469,0.0,56.619998931884766,56.119998931884766,56.31999969482422,0.0,310500,0.0037733731830865876,21166118.528287373
2008-08-25,34.710655212402344,0.0,55.470001220703125,0.0,56.470001220703125,55.36000061035156,56.470001220703125,0.0,273600,0.003916801762829872,20998243.795618936
2008-08-26,34.823280334472656,0.0,55.650001525878906,0.0,55.86000061035156,55.27999877929688,55.54999923706055,0.0,325200,0.0029280061071934615,20881288.802697923
2008-08-27,35.16745376586914,0.0,56.20000076293945,0.0,56.34000015258789,55.68000030517578,55.81999969482422,0.0,198400,0.0029280061071934615,20715560.433984183
2008-08-28,35.830745697021484,0.0,57.2599983215332,0.0,57.27000045776367,56.52999877929688,56.68999862670898,0.0,334100,0.0022715301261185404,20743659.606621757
2008-08-29,35.517879486083984,0.0,56.7599983215332,0.0,57.33000183105469,56.75,57.130001068115234,0.0,270500,0.0025680115273122085,20607524.530780125
2008-09-02,35.542911529541016,0.0,56.79999923706055,0.0,57.709999084472656,56.540000915527344,57.58000183105469,0.0,423200,0.0028559295815276256,20377328.671627954
2008-09-03,35.661808013916016,0.0,56.9900016784668,0.0,57.11000061035156,56.52999877929688,56.790000915527344,0.0,595800,0.0031243417674632714,20182462.03459785
2008-09-04,34.59175491333008,0.0,55.27999877929688,0.0,56.65999984741211,55.25,56.4900016784668,0.0,475200,0.0030795148769554017,20191143.648011345
2008-09-05,34.87334442138672,0.0,55.72999954223633,0.0,55.83000183105469,54.43000030517578,55.0099983215332,0.0,446100,0.0029742625554919086,20025818.824217055
2008-09-08,35.843265533447266,0.0,57.27999877929688,0.0,58.5099983215332,56.27000045776367,57.84000015258789,0.0,541000,0.002440301501277716,20010901.576765757
2008-09-09,34.49162673950195,0.0,55.119998931884766,0.0,57.290000915527344,55.119998931884766,57.2400016784668,0.0,571200,0.002440301501277716,20066222.969733343
2008-09-10,34.54795455932617,0.0,55.209999084472656,0.0,55.77999877929688,54.65999984741211,55.47999954223633,0.0,508600,0.0023441098505250905,19995362.240382604
2008-09-11,34.90462112426758,0.0,55.77999877929688,0.0,55.84000015258789,54.11000061035156,54.56999969482422,0.0,450900,0.0030647362941875695,19958132.245853968
2008-09-12,34.97972869873047,0.0,55.900001525878906,0.0,56.04999923706055,55.08000183105469,55.34999847412109,0.0,443000,0.0026703122899132247,19785528.093189664
2008-09-15,33.183815002441406,0.0,53.02999877929688,0.0,55.02999877929688,52.02000045776367,53.060001373291016,0.0,713300,0.002671284282233516,19736912.672403123
2008-09-16,33.76575469970703,0.0,53.959999084472656,0.0,53.959999084472656,51.27000045776367,51.66999816894531,0.0,1132700,0.0030975190599360656,19962426.327590335
2008-09-17,32.120025634765625,0.0,51.33000183105469,0.0,53.27999877929688,51.18000030517578,52.95000076293945,0.0,1014900,0.004738867474370763,20199258.886794437
2008-09-18,33.60932540893555,0.0,53.709999084472656,0.0,54.290000915527344,50.310001373291016,51.91999816894531,0.0,1185800,0.005511473338588986,20606016.082064312
2008-09-19,35.398983001708984,0.0,56.56999969482422,0.0,58.75,55.0,56.95000076293945,0.0,417900,0.005424620091570077,20604894.5236418
2008-09-22,34.04107666015625,0.0,54.400001525878906,0.0,56.4900016784668,54.31999969482422,56.09999847412109,0.0,350000,0.005424620091570077,20530652.30901506
2008-09-23,33.54673767089844,0.0,53.61000061035156,0.0,55.09000015258789,53.470001220703125,54.400001525878906,0.0,425400,0.005281191511826792,20529860.199964613
2008-09-24,33.557464599609375,0.0,53.16999816894531,0.457,54.72999954223633,52.7400016784668,54.72999954223633,0.0,384800,0.005624380961741197,20549724.444740538
2008-09-25,34.359012603759766,0.0,54.43999862670898,0.0,54.650001525878906,53.25,54.34000015258789,0.0,356800,0.0066152693855575815,20597626.9162284
2008-09-26,34.35271072387695,0.0,54.43000030517578,0.0,54.43000030517578,52.86000061035156,52.86000061035156,0.0,247000,0.007339465971786831,20602906.231195964
2008-09-29,32.049049377441406,0.0,50.77999877929688,0.0,53.7599983215332,50.0,53.61000061035156,0.0,492400,0.007737371701494399,20669590.38708702
2008-09-30,33.084129333496094,0.0,52.41999816894531,0.0,52.41999816894531,50.68999862670898,52.29999923706055,0.0,476300,0.008341468326471192,20768213.141338408
2008-10-01,33.2355842590332,0.0,52.65999984741211,0.0,52.88999938964844,51.36000061035156,52.88999938964844,0.0,460300,0.008326356184022818,20844573.59883142
2008-10-02,32.049049377441406,0.0,50.77999877929688,0.0,53.31999969482422,50.58000183105469,52.310001373291016,0.0,351300,0.00924578459348488,20830377.043684702
2008-10-03,31.556791305541992,0.0,50.0,0.0,52.65999984741211,50.0,52.4900016784668,0.0,652500,0.010412946743773955,20954384.98019264
2008-10-06,30.729984283447266,0.0,48.68999862670898,0.0,49.27999877929688,46.0,48.34000015258789,0.0,1098100,0.010412946743773955,21242892.470886596
2008-10-07,28.53995513916016,0.0,45.220001220703125,0.0,48.9900016784668,45.09999847412109,48.5,0.0,584100,0.012707963341590495,21339372.523325965
2008-10-08,27.751022338867188,0.0,43.970001220703125,0.0,46.02999877929688,43.650001525878906,43.970001220703125,0.0,974500,0.012707963341590495,21613188.047820803
2008-10-09,26.07221221923828,0.0,41.310001373291016,0.0,60.0,40.25,45.97999954223633,0.0,1032700,0.012411568760132177,21867883.534843203
2008-10-10,25.93336677551269,0.0,41.09000015258789,0.0,42.209999084472656,37.22999954223633,39.11000061035156,0.0,1698300,0.012319350870145672,22312959.090523493
2008-10-13,28.34429359436035,0.0,44.90999984741211,0.0,45.70000076293945,41.47999954223633,42.77000045776367,0.0,924700,0.012318378877825381,22565546.80271754
2008-10-14,28.672473907470703,0.0,45.43000030517578,0.0,49.0,43.72999954223633,47.400001525878906,0.0,1224200,0.011684931580452423,22921694.15594131
2008-10-15,25.81974983215332,0.0,40.90999984741211,0.0,44.38999938964844,40.88999938964844,44.290000915527344,0.0,735100,0.010043583166017727,23057183.319685195
2008-10-16,26.93054962158203,0.0,42.66999816894531,0.0,42.68000030517578,39.0099983215332,41.09999847412109,0.0,821200,0.008840532754599163,23248044.860973056
2008-10-17,26.67810440063477,0.0,42.27000045776367,0.0,44.29999923706055,41.29999923706055,41.619998931884766,0.0,666200,0.008840532754599163,23401629.244174656
2008-10-20,28.02241516113281,0.0,44.400001525878906,0.0,44.5099983215332,42.58000183105469,43.18999862670898,0.0,728100,0.01041050399060897,23506520.048507813
2008-10-21,27.340791702270508,0.0,43.31999969482422,0.0,44.59000015258789,43.150001525878906,43.95000076293945,0.0,733400,0.011501168389936737,23696593.505977448
2008-10-22,25.6745834350586,0.0,40.68000030517578,0.0,42.43000030517578,39.56999969482422,42.43000030517578,0.0,808000,0.011021528101038519,23856687.0805922
2008-10-23,26.03433990478516,0.0,41.25,0.0,41.790000915527344,38.91999816894531,40.9900016784668,0.0,900200,0.011637415358054858,24074616.128767103
2008-10-24,25.131813049316406,0.0,39.81999969482422,0.0,40.790000915527344,37.63999938964844,37.63999938964844,0.0,955500,0.012626962572339187,24292531.125232153
2008-10-27,24.33028221130371,0.0,38.54999923706055,0.0,40.63999938964844,38.540000915527344,38.9900016784668,0.0,957000,0.013855639914266643,24451702.691841125
2008-10-28,26.94947624206543,0.0,42.70000076293945,0.0,42.7599983215332,38.380001068115234,39.970001220703125,0.0,770200,0.014450875790113485,24584033.80448175
2008-10-29,26.387779235839844,0.0,41.810001373291016,0.0,43.95000076293945,41.68999862670898,42.790000915527344,0.0,917600,0.014197309164323458,24785723.39907752
2008-10-30,27.08202171325684,0.0,42.90999984741211,0.0,43.68000030517578,41.77999877929688,43.52999877929688,0.0,753800,0.015237456710019892,24917302.454018973
2008-10-31,27.71316719055176,0.0,43.90999984741211,0.0,44.400001525878906,42.56999969482422,42.56999969482422,0.0,673400,0.01411981367092167,25052966.46836296
2008-11-03,27.593250274658203,0.0,43.720001220703125,0.0,44.040000915527344,43.33000183105469,43.77999877929688,0.0,645300,0.014485454521161161,25173660.24248638
2008-11-04,28.741918563842773,0.0,45.540000915527344,0.0,45.68000030517578,44.43000030517578,44.90999984741211,0.0,672700,0.012190437923344623,25316441.245421153
2008-11-05,27.094640731811523,0.0,42.93000030517578,0.0,45.34000015258789,42.86000061035156,45.040000915527344,0.0,857700,0.012604163506045398,25487267.159900967
2008-11-06,25.832374572753903,0.0,40.93000030517578,0.0,43.08000183105469,40.59999847412109,42.41999816894531,0.0,892500,0.012179931643841235,25703084.548774596
2008-11-07,26.602357864379883,0.0,42.150001525878906,0.0,42.15999984741211,40.88999938964844,41.290000915527344,0.0,804600,0.013076118151372515,25878718.25012631
2008-11-10,26.25523567199707,0.0,41.59999847412109,0.0,43.18999862670898,40.88999938964844,43.15999984741211,0.0,1005900,0.014037877499823593,26100462.562003966
2008-11-11,25.66196632385254,0.0,40.65999984741211,0.0,41.470001220703125,39.959999084472656,40.97999954223633,0.0,945800,0.014037877499823593,26314445.3598083
2008-11-12,24.33658599853516,0.0,38.560001373291016,0.0,40.18999862670898,38.36000061035156,39.790000915527344,0.0,718900,0.014037877499823593,26328003.261466254
2008-11-13,26.116390228271484,0.0,41.380001068115234,0.0,41.40999984741211,37.09999847412109,38.79999923706055,0.0,1640200,0.015181231143586374,26720557.922675118
2008-11-14,24.980344772338867,0.0,39.58000183105469,0.0,41.61000061035156,39.45000076293945,40.220001220703125,0.0,911800,0.016077735140540318,26922220.57044317
2008-11-17,24.41232681274414,0.0,38.68000030517578,0.0,40.11000061035156,38.52000045776367,39.31999969482422,0.0,1043200,0.014507763904530513,27137406.34999048
2008-11-18,24.69001579284668,0.0,39.119998931884766,0.0,39.43000030517578,37.52999877929688,38.400001525878906,0.0,932800,0.013417099505202748,27280297.705014545
2008-11-19,23.13111686706543,0.0,36.650001525878906,0.0,39.20000076293945,36.459999084472656,38.97999954223633,0.0,771500,0.014549224507958711,27177348.000114683
2008-11-20,21.395492553710938,0.0,33.900001525878906,0.0,36.93000030517578,33.52000045776367,36.0,0.0,1335000,0.012942448827125985,27395948.213301763
2008-11-21,22.72718620300293,0.0,36.0099983215332,0.0,36.0099983215332,33.040000915527344,34.72999954223633,0.0,2366100,0.013436397367381944,27972125.840759277
2008-11-24,24.09043884277344,0.0,38.16999816894531,0.0,39.11000061035156,36.27999877929688,36.5,0.0,1616300,0.011513332894553256,28390919.898030113
2008-11-25,24.633209228515625,0.0,39.02999877929688,0.0,39.459999084472656,37.7400016784668,39.45000076293945,0.0,11999000,0.010426516237173064,32027421.44903758
2008-11-26,25.5105094909668,0.0,40.41999816894531,0.0,40.41999816894531,38.0,38.02000045776367,0.0,2505500,0.011336594079971337,32742134.752588425
2008-11-28,25.8702335357666,0.0,40.9900016784668,0.0,41.02999877929688,39.84999847412109,39.90999984741211,0.0,400700,0.009377018124812841,32771859.76660895
2008-12-01,23.35833168029785,0.0,37.0099983215332,0.0,39.880001068115234,36.84000015258789,39.83000183105469,0.0,1342600,0.009854385645363634,33018105.434947543
2008-12-02,24.570098876953125,0.0,38.93000030517578,0.0,38.93000030517578,37.11000061035156,37.68999862670898,0.0,1486100,0.011106079273851249,33339824.855359394
2008-12-03,25.245424270629883,0.0,40.0,0.0,40.08000183105469,37.77999877929688,37.97999954223633,0.0,1162400,0.011106079273851249,33655298.90428876
2008-12-04,24.380765914916992,0.0,38.630001068115234,0.0,40.2400016784668,38.06999969482422,39.33000183105469,0.0,1196300,0.012858348605978528,33932959.304446265
2008-12-05,25.47893714904785,0.0,40.369998931884766,0.0,40.43999862670898,37.43999862670898,38.04999923706055,0.0,1119100,0.015014397712467136,34193983.95097218
2008-12-08,26.476137161254883,0.0,41.95000076293945,0.0,42.400001525878906,41.11000061035156,41.34999847412109,0.0,1222700,0.014118211204935857,34521351.1409154
2008-12-09,25.78820037841797,0.0,40.86000061035156,0.0,42.20000076293945,40.70000076293945,41.56999969482422,0.0,1760100,0.01396114125142806,34991720.331721835
2008-12-10,26.11007308959961,0.0,41.369998931884766,0.0,41.790000915527344,40.66999816894531,41.40999984741211,0.0,1540200,0.014965902606271486,35403354.281401254
2008-12-11,25.327465057373047,0.0,40.130001068115234,0.0,41.54999923706055,39.79999923706055,41.08000183105469,0.0,2041600,0.015219198744157128,35969764.20581454
2008-12-12,25.58623504638672,0.0,40.540000915527344,0.0,40.709999084472656,38.869998931884766,39.0099983215332,0.0,1318000,0.014075845100394346,36317520.723133996
2008-12-15,25.163379669189453,0.0,39.869998931884766,0.0,40.91999816894531,39.310001373291016,40.91999816894531,0.0,1133900,0.014367571847531952,36583466.05716887
2008-12-16,26.602357864379883,0.0,42.150001525878906,0.0,42.220001220703125,40.2400016784668,42.150001525878906,0.0,1180100,0.014405996447062617,36822441.18849134
2008-12-17,26.27416610717773,0.0,41.630001068115234,0.0,42.40999984741211,41.22999954223633,41.66999816894531,0.0,1335600,0.014790502882285488,37153988.70293451
2008-12-18,25.55467414855957,0.0,40.4900016784668,0.0,41.93999862670898,40.18999862670898,41.88999938964844,0.0,1077000,0.013658377879529527,37393702.44744013
2008-12-19,25.57361221313477,0.0,40.52000045776367,0.0,41.52000045776367,40.40999984741211,40.93999862670898,0.0,1231300,0.014610130041517538,37670045.08651855
2008-12-22,25.121326446533203,0.0,39.380001068115234,0.431,40.400001525878906,38.7400016784668,40.400001525878906,0.0,1981400,0.012402437700748,38197104.17425367
2008-12-23,24.942705154418945,0.0,39.09999847412109,0.0,39.880001068115234,38.88999938964844,39.84999847412109,0.0,1244700,0.013241856339378327,38409223.74096825
2008-12-24,25.08942604064941,0.0,39.33000183105469,0.0,39.40999984741211,38.93000030517578,39.09000015258789,0.0,424600,0.013182777001385723,38304733.50775582
2008-12-26,25.26166725158692,0.0,39.59999847412109,0.0,39.65999984741211,39.27000045776367,39.63999938964844,0.0,579300,0.01227269915858745,38298726.561434306
2008-12-29,25.197887420654297,0.0,39.5,0.0,39.75,38.88999938964844,39.68999862670898,0.0,1118100,0.012529671542947837,38521489.53588274
2008-12-30,25.87407875061035,0.0,40.560001373291016,0.0,40.56999969482422,39.59000015258789,39.81999969482422,0.0,1621900,0.01200278491120619,38882808.44506763
2008-12-31,26.256820678710938,0.0,41.15999984741211,0.0,41.540000915527344,40.459999084472656,40.54999923706055,0.0,1148300,0.010385450432479083,39146769.3227889
2009-01-02,26.984050750732425,0.0,42.29999923706055,0.0,42.59999847412109,40.95000076293945,41.369998931884766,0.0,689100,0.010385450432479083,39273328.30807822
2009-01-05,26.843713760375977,0.0,42.08000183105469,0.0,42.59999847412109,41.79999923706055,42.209999084472656,0.0,1145600,0.008740147947054976,39479523.386246815
2009-01-06,27.06060028076172,0.0,42.41999816894531,0.0,42.900001525878906,42.09999847412109,42.58000183105469,0.0,1202200,0.0067305266681275235,39504248.07788001
2009-01-07,26.18027687072754,0.0,41.040000915527344,0.0,41.86000061035156,40.83000183105469,41.86000061035156,0.0,884500,0.0067305266681275235,39600762.12925381
2009-01-08,26.288721084594727,0.0,41.209999084472656,0.0,41.22999954223633,40.70000076293945,40.7599983215332,0.0,715300,0.005925837273184243,39612051.66807326
2009-01-09,25.7146053314209,0.0,40.310001373291016,0.0,41.43000030517578,40.220001220703125,41.369998931884766,0.0,927400,0.005247071774796037,39676718.073699586
2009-01-12,25.000120162963867,0.0,39.18999862670898,0.0,40.27000045776367,38.93999862670898,40.16999816894531,0.0,1803200,0.004993775636910397,39842584.39987425
2009-01-13,25.08942604064941,0.0,39.33000183105469,0.0,39.540000915527344,38.869998931884766,39.060001373291016,0.0,798700,0.005271286984138093,39550213.30351451
2009-01-14,24.16444206237793,0.0,37.880001068115234,0.0,38.65999984741211,37.59999847412109,38.65999984741211,0.0,948700,0.0040830562400465415,39392422.59943523
2009-01-15,24.056001663208008,0.0,37.709999084472656,0.0,38.220001220703125,36.459999084472656,37.900001525878906,0.0,953200,0.004044631640515878,39171407.38896567
2009-01-16,24.119792938232425,0.0,37.810001373291016,0.0,38.58000183105469,36.91999816894531,38.4900016784668,0.0,1010200,0.004620328106868687,39206717.22111475
2009-01-20,22.74825668334961,0.0,35.65999984741211,0.0,37.52000045776367,35.61000061035156,37.459999084472656,0.0,1178800,0.004620328106868687,39286861.14311521
2009-01-21,23.83910179138184,0.0,37.369998931884766,0.0,37.43999862670898,35.54999923706055,36.290000915527344,0.0,1003700,0.0060387800940689285,39259055.79953875
2009-01-22,23.36066627502441,0.0,36.619998931884766,0.0,37.290000915527344,35.869998931884766,36.790000915527344,0.0,2372300,0.007593854120259512,39566149.16626764
2009-01-23,23.539283752441406,0.0,36.900001525878906,0.0,37.150001525878906,35.56999969482422,35.68000030517578,0.0,1574600,0.008088704187705301,39683853.9903338
2009-01-26,23.63496780395508,0.0,37.04999923706055,0.0,37.93000030517578,36.63999938964844,37.15999984741211,0.0,1146100,0.007747349628039045,39779428.75856672
2009-01-27,23.909269332885746,0.0,37.47999954223633,0.0,37.72999954223633,36.93000030517578,37.27000045776367,0.0,908400,0.008483593623986043,39892305.86988056
2009-01-28,24.84063148498535,0.0,38.93999862670898,0.0,39.130001068115234,38.209999084472656,38.45000076293945,0.0,986600,0.008226621239625653,39973601.44950019
2009-01-29,23.85824966430664,0.0,37.400001525878906,0.0,38.36000061035156,37.34000015258789,38.34999847412109,0.0,754700,0.008737814945972741,40001028.58191596
2009-01-30,23.34152603149414,0.0,36.59000015258789,0.0,37.77000045776367,36.290000915527344,37.59999847412109,0.0,996600,0.008737814945972741,40122533.46072606
2009-02-02,23.23945426940918,0.0,36.43000030517578,0.0,36.66999816894531,35.86000061035156,35.97999954223633,0.0,679300,0.008737814945972741,40202679.704902284
2009-02-03,23.42445182800293,0.0,36.720001220703125,0.0,37.0099983215332,36.27000045776367,36.75,0.0,666800,0.008217122516568795,40307551.90183851
2009-02-04,23.220325469970703,0.0,36.400001525878906,0.0,37.40999984741211,36.33000183105469,37.02000045776367,0.0,719900,0.008630160883829006,40399497.24357847
2009-02-05,23.52652168273925,0.0,36.880001068115234,0.0,37.2400016784668,35.779998779296875,36.18000030517578,0.0,997700,0.009236872994857577,40548740.679074846
2009-02-06,24.292036056518555,0.0,38.08000183105469,0.0,38.25,36.9900016784668,37.04999923706055,0.0,799900,0.009236872994857577,40669739.91391318
2009-02-09,24.38771247863769,0.0,38.22999954223633,0.0,38.54999923706055,37.88999938964844,38.150001525878906,0.0,740300,0.008910877138402355,40752079.90970309
2009-02-10,23.02256202697754,0.0,36.09000015258789,0.0,38.15999984741211,35.869998931884766,37.91999816894531,0.0,611600,0.008910877138402355,40792422.67671616
2009-02-11,23.27135467529297,0.0,36.47999954223633,0.0,36.68999862670898,35.880001068115234,36.38999938964844,0.0,976600,0.009104539106108506,40957181.623961434
2009-02-12,23.207563400268555,0.0,36.380001068115234,0.0,36.47999954223633,35.150001525878906,35.90999984741211,0.0,1302300,0.00915922074434861,41215444.25627996
2009-02-13,22.914112091064453,0.0,35.91999816894531,0.0,36.59999847412109,35.880001068115234,36.27999877929688,0.0,1183300,0.009363987394360345,41422908.65003495
2009-02-17,21.695688247680664,0.0,34.0099983215332,0.0,34.79999923706055,34.0099983215332,34.54999923706055,0.0,1026800,0.008403784492784663,41558517.58987487
2009-02-18,21.55535316467285,0.0,33.790000915527344,0.0,34.349998474121094,33.529998779296875,34.279998779296875,0.0,560900,0.008403784492784663,41554420.25731102
2009-02-19,21.31294059753418,0.0,33.40999984741211,0.0,34.33000183105469,33.279998779296875,34.189998626708984,0.0,626600,0.006963992955074792,41622465.65149398
2009-02-20,20.94931983947754,0.0,32.84000015258789,0.0,33.29999923706055,31.950000762939453,32.72999954223633,0.0,1014100,0.005408918928884208,41745396.578973435
2009-02-23,20.273128509521484,0.0,31.780000686645508,0.0,33.43000030517578,31.709999084472656,33.290000915527344,0.0,813300,0.005798432585400535,41818522.06103764
2009-02-24,21.22362899780273,0.0,33.27000045776367,0.0,33.400001525878906,31.790000915527344,31.979999542236328,0.0,934500,0.008153502375831803,41925845.27420619
2009-02-25,21.09604454040528,0.0,33.06999969482422,0.0,33.81999969482422,32.349998474121094,33.0,0.0,1041700,0.007966363016943461,42078801.03887376
2009-02-26,20.777088165283203,0.0,32.56999969482422,0.0,33.93000030517578,32.560001373291016,33.630001068115234,0.0,732000,0.009526220810922184,42124387.22363881
2009-02-27,20.17743682861328,0.0,31.6299991607666,0.0,32.470001220703125,31.6200008392334,31.86000061035156,0.0,1072900,0.009015027104575095,42305226.477196105
2009-03-02,19.11211585998535,0.0,29.959999084472656,0.0,31.06999969482422,29.8700008392334,30.82999992370605,0.0,1891300,0.009015027104575095,42603105.69012657
2009-03-03,18.85694122314453,0.0,29.559999465942383,0.0,30.450000762939453,29.36000061035156,30.36000061035156,0.0,1440400,0.009015027104575095,42819174.290799335
2009-03-04,19.23969078063965,0.0,30.15999984741211,0.0,30.729999542236328,29.6299991607666,30.229999542236328,0.0,1185100,0.01001518080679328,42912069.97446635
2009-03-05,18.327470779418945,0.0,28.729999542236328,0.0,29.71999931335449,28.440000534057617,29.540000915527344,0.0,805900,0.009455714611971913,42826346.66995094
2009-03-06,18.41678047180176,0.0,28.8700008392334,0.0,29.600000381469727,28.030000686645508,29.11000061035156,0.0,1011900,0.010238756683547371,42849715.7051041
2009-03-09,18.34660530090332,0.0,28.76000022888184,0.0,29.46999931335449,28.36000061035156,28.36000061035156,0.0,827800,0.011707167861248641,42841353.60505392
2009-03-10,19.65434455871582,0.0,30.809999465942383,0.0,30.809999465942383,29.309999465942383,29.36000061035156,0.0,1065600,0.011707167861248641,42855977.85974684
2009-03-11,19.64158058166504,0.0,30.790000915527344,0.0,31.479999542236328,30.450000762939453,31.209999084472656,0.0,677600,0.011707167861248641,42771682.31395691
2009-03-12,20.60484313964844,0.0,32.29999923706055,0.0,32.439998626708984,30.61000061035156,30.940000534057617,0.0,722200,0.0116721825838838,42733962.10693026
2009-03-13,20.828113555908203,0.0,32.650001525878906,0.0,32.86000061035156,31.959999084472656,32.75,0.0,999400,0.011617500945643698,42793320.91705231
2009-03-16,20.76433181762696,0.0,32.54999923706055,0.0,33.68000030517578,32.529998779296875,33.130001068115234,0.0,689700,0.01141273429563196,42774956.10592403
2009-03-17,21.472412109375,0.0,33.65999984741211,0.0,33.68000030517578,32.2400016784668,32.68000030517578,0.0,922900,0.012876595200288493,42721293.532351844
2009-03-18,22.154991149902344,0.0,34.72999954223633,0.0,35.119998931884766,33.06999969482422,33.540000915527344,0.0,1459400,0.012876595200288493,42638471.86861341
2009-03-19,21.746726989746094,0.0,34.09000015258789,0.0,35.31999969482422,33.97999954223633,35.310001373291016,0.0,980300,0.01263231540873506,42490246.53759154
2009-03-20,21.191726684570312,0.0,33.220001220703125,0.0,34.33000183105469,33.150001525878906,34.279998779296875,0.0,605900,0.01263231540873506,42144521.79017294
2009-03-23,22.88859939575196,0.0,35.880001068115234,0.0,35.93000030517578,34.11000061035156,34.25,0.0,741400,0.01191474627365682,42168020.440327175
2009-03-24,22.352752685546875,0.0,35.040000915527344,0.0,35.9900016784668,35.0,35.4900016784668,0.0,783100,0.01020453651230217,42234685.711619966
2009-03-25,22.64745140075684,0.0,35.119998931884766,0.377,35.720001220703125,33.9900016784668,35.040000915527344,0.0,1207400,0.009655431875243516,42390226.92154627
2009-03-26,23.09239387512207,0.0,35.810001373291016,0.0,35.86000061035156,35.0099983215332,35.54999923706055,0.0,1132700,0.008286340690695008,42549767.97916624
2009-03-27,22.621660232543945,0.0,35.08000183105469,0.0,35.52000045776367,34.970001220703125,35.40999984741211,0.0,604100,0.0088367685816666,42563796.8489768
2009-03-30,21.647918701171875,0.0,33.56999969482422,0.0,34.349998474121094,33.279998779296875,34.29999923706055,0.0,630700,0.0088367685816666,42625133.26748591
2009-03-31,21.834930419921875,0.0,33.86000061035156,0.0,34.63999938964844,33.689998626708984,34.0,0.0,509600,0.009513930819293935,42563633.147740744
2009-04-01,22.39595603942871,0.0,34.72999954223633,0.0,34.959999084472656,33.4900016784668,33.61000061035156,0.0,565100,0.009505392531376436,42521238.52562526
2009-04-02,23.073055267333984,0.0,35.779998779296875,0.0,36.290000915527344,35.599998474121094,35.880001068115234,0.0,685000,0.009505392531376436,42523380.598911405
2009-04-03,23.414831161499023,0.0,36.310001373291016,0.0,36.310001373291016,35.47999954223633,35.869998931884766,0.0,492400,0.008952117321748462,42523698.306094274
2009-04-06,23.21493148803711,0.0,36.0,0.0,36.11000061035156,35.459999084472656,35.95000076293945,0.0,587100,0.008234393679353531,42432512.591808565
2009-04-07,22.58296585083008,0.0,35.02000045776367,0.0,35.5099983215332,35.02000045776367,35.22999954223633,0.0,559200,0.00878843744776944,42163597.486760885
2009-04-08,22.789316177368164,0.0,35.34000015258789,0.0,35.5,34.900001525878906,35.290000915527344,0.0,443400,0.00935144574230134,42078333.624496154
2009-04-09,23.9436149597168,0.0,37.130001068115234,0.0,37.13999938964844,36.34000015258789,36.52999877929688,0.0,844900,0.008915257704732333,41987241.3365031
2009-04-13,24.07258033752441,0.0,37.33000183105469,0.0,37.65999984741211,36.540000915527344,36.81999969482422,0.0,1055500,0.009101762647956774,41961376.08661803
2009-04-14,23.453519821166992,0.0,36.369998931884766,0.0,37.25,36.29999923706055,37.0,0.0,570000,0.009719747506317392,41572072.53211036
2009-04-15,23.879133224487305,0.0,37.02999877929688,0.0,37.130001068115234,36.040000915527344,36.16999816894531,0.0,696200,0.009030052320132508,41447088.470929764
2009-04-16,24.20155906677246,0.0,37.52999877929688,0.0,37.81999969482422,36.68999862670898,37.400001525878906,0.0,484400,0.009030052320132506,41149978.35216068
2009-04-17,24.40146255493164,0.0,37.84000015258789,0.0,38.15999984741211,37.36000061035156,37.72999954223633,0.0,702500,0.008343919500207563,41122277.23485402
2009-04-20,23.09239387512207,0.0,35.810001373291016,0.0,37.15999984741211,35.790000915527344,37.04999923706055,0.0,492400,0.008343919500207563,40984120.42675775
2009-04-21,23.711462020874023,0.0,36.77000045776367,0.0,36.77000045776367,35.36000061035156,35.52000045776367,0.0,252900,0.007889332422677465,40834428.83001812
2009-04-22,23.505107879638672,0.0,36.45000076293945,0.0,37.290000915527344,36.25,36.27999877929688,0.0,1003500,0.00724447239360085,40868158.47013413
2009-04-23,23.72436714172364,0.0,36.790000915527344,0.0,36.869998931884766,36.0,36.4900016784668,0.0,1022000,0.007463124561797452,40914416.35235226
2009-04-24,24.111278533935547,0.0,37.38999938964844,0.0,37.709999084472656,36.95000076293945,37.15999984741211,0.0,683300,0.007272357952367238,40856314.33914881
2009-04-27,23.821094512939453,0.0,36.93999862670898,0.0,37.43000030517578,36.7400016784668,36.93000030517578,0.0,624200,0.006905633792744203,40744605.58631382
2009-04-28,23.711462020874023,0.0,36.77000045776367,0.0,37.25,36.41999816894531,36.4900016784668,0.0,492500,0.007131164369178609,40586361.26502052
2009-04-29,24.298282623291016,0.0,37.68000030517578,0.0,38.02999877929688,37.150001525878906,37.220001220703125,0.0,919500,0.0064540021315512746,40568539.13018514
2009-04-30,24.24024200439453,0.0,37.59000015258789,0.0,38.29999923706055,37.470001220703125,38.25,0.0,645100,0.0056528820156640566,40499981.73741386
2009-05-01,24.39501953125,0.0,37.83000183105469,0.0,38.02999877929688,37.369998931884766,37.68000030517578,0.0,697400,0.006070920113980206,40404884.80103962
2009-05-04,25.54287338256836,0.0,39.61000061035156,0.0,39.61000061035156,38.220001220703125,38.310001373291016,0.0,1370000,0.005234441141004151,40578854.18954123
2009-05-05,25.330066680908203,0.0,39.27999877929688,0.0,39.58000183105469,39.02000045776367,39.41999816894531,0.0,527700,0.004813675489390236,40508688.01064113
2009-05-06,26.078096389770508,0.0,40.43999862670898,0.0,40.47999954223633,39.59999847412109,39.90999984741211,0.0,935600,0.004259631720974327,40585062.18466835
2009-05-07,25.71697998046875,0.0,39.880001068115234,0.0,41.06999969482422,39.61000061035156,41.0099983215332,0.0,879200,0.004408549115044501,40620202.96501129
2009-05-08,26.619779586791992,0.0,41.27999877929688,0.0,41.290000915527344,40.31999969482422,40.560001373291016,0.0,761700,0.005283851050802782,40577519.74126876
2009-05-11,25.865293502807617,0.0,40.11000061035156,0.0,40.68000030517578,40.040000915527344,40.65999984741211,0.0,910300,0.0056617034955217995,40577377.74351665
2009-05-12,25.762115478515625,0.0,39.95000076293945,0.0,40.43000030517578,39.31999969482422,40.400001525878906,0.0,543900,0.005043718637161182,40480670.71325666
2009-05-13,24.96247673034668,0.0,38.709999084472656,0.0,39.470001220703125,38.59999847412109,39.34999847412109,0.0,460500,0.004454502165378331,40290039.88875888
2009-05-14,25.233333587646484,0.0,39.130001068115234,0.0,39.400001525878906,38.52000045776367,38.77000045776367,0.0,577200,0.005344137364000239,40164084.40273376
2009-05-15,24.89799690246582,0.0,38.61000061035156,0.0,39.34999847412109,38.33000183105469,39.130001068115234,0.0,578400,0.006202094835217326,40121316.461192235
2009-05-18,25.72342300415039,0.0,39.88999938964844,0.0,39.959999084472656,39.04999923706055,39.04999923706055,0.0,464400,0.006749150927463287,39729677.07995914
2009-05-19,25.65249824523925,0.0,39.77999877929688,0.0,40.27000045776367,39.709999084472656,39.93999862670898,0.0,579600,0.006197524777479175,39626244.07696648
2009-05-20,25.433237075805664,0.0,39.43999862670898,0.0,40.56999969482422,39.34999847412109,40.27999877929688,0.0,599600,0.0065666826305507894,39493682.54409517
2009-05-21,25.059223175048828,0.0,38.86000061035156,0.0,39.04999923706055,38.41999816894531,38.84999847412109,0.0,617400,0.006348030462354187,39394484.36451715
2009-05-22,25.00763320922852,0.0,38.77999877929688,0.0,39.20000076293945,38.68999862670898,39.060001373291016,0.0,534700,0.006442529612194431,39334644.596025676
2009-05-26,25.63314437866211,0.0,39.75,0.0,39.810001373291016,38.459999084472656,38.52999877929688,0.0,388300,0.006548756772579392,39097965.41319196
2009-05-27,25.09146499633789,0.0,38.90999984741211,0.0,39.90999984741211,38.84000015258789,39.88999938964844,0.0,316900,0.007157254081152825,38519610.82527978
2009-05-28,25.51061248779297,0.0,39.560001373291016,0.0,39.68000030517578,38.68000030517578,39.25,0.0,466300,0.007878995933412158,38176377.97289803
2009-05-29,25.96201133728028,0.0,40.2599983215332,0.0,40.290000915527344,39.43999862670898,39.84000015258789,0.0,603100,0.007688500634998691,34652249.7953975
2009-06-01,26.548843383789062,0.0,41.16999816894531,0.0,41.38999938964844,40.63999938964844,40.95000076293945,0.0,595400,0.00727046253668254,34043045.918393515
2009-06-02,26.54239273071289,0.0,41.15999984741211,0.0,41.33000183105469,40.95000076293945,41.0,0.0,445000,0.007536080415890159,34058057.87283428
2009-06-03,26.07164764404297,0.0,40.43000030517578,0.0,40.83000183105469,40.040000915527344,40.83000183105469,0.0,392200,0.007206158532197737,33789542.17738348
2009-06-04,26.42632293701172,0.0,40.97999954223633,0.0,41.040000915527344,40.369998931884766,40.560001373291016,0.0,423100,0.007312311349564363,33467992.688119978
2009-06-05,26.34894371032715,0.0,40.86000061035156,0.0,41.5099983215332,40.61000061035156,41.5,0.0,369300,0.006600385660962288,33218735.53117873
2009-06-08,26.32314682006836,0.0,40.81999969482422,0.0,41.18000030517578,40.310001373291016,40.70000076293945,0.0,324100,0.005877974660955192,32956963.242474813
2009-06-09,26.406970977783203,0.0,40.95000076293945,0.0,41.13999938964844,40.65999984741211,41.06999969482422,0.0,503100,0.005677275536620861,32761914.667706262
2009-06-10,26.34894371032715,0.0,40.86000061035156,0.0,41.400001525878906,40.36000061035156,41.400001525878906,0.0,348800,0.005988276444145058,32467944.05088122
2009-06-11,26.613325119018555,0.0,41.27000045776367,0.0,41.75,40.93000030517578,40.959999084472656,0.0,447500,0.00581530360340881,32043742.7662032
2009-06-12,26.65203857421875,0.0,41.33000183105469,0.0,41.36000061035156,40.86000061035156,41.04999923706055,0.0,729800,0.0051333166808940536,31777429.773992207
2009-06-15,25.968475341796875,0.0,40.27000045776367,0.0,40.84000015258789,40.060001373291016,40.79999923706055,0.0,344700,0.004616436211744212,31237363.575397976
2009-06-16,25.594453811645508,0.0,39.68999862670898,0.0,40.4900016784668,39.650001525878906,40.459999084472656,0.0,392000,0.004069380119498251,30936782.291707538
2009-06-17,25.433237075805664,0.0,39.43999862670898,0.0,39.7599983215332,39.119998931884766,39.68999862670898,0.0,423800,0.004069380119498251,30710640.066541944
2009-06-18,25.671846389770508,0.0,39.810001373291016,0.0,39.97999954223633,39.310001373291016,39.5099983215332,0.0,381300,0.0039035312364319474,30436341.15164469
2009-06-19,25.72342300415039,0.0,39.88999938964844,0.0,40.220001220703125,39.65999984741211,40.209999084472656,0.0,347400,0.0039035312364319474,30105045.567211274
2009-06-22,24.87865447998047,0.0,38.58000183105469,0.0,39.52999877929688,38.56999969482422,39.52999877929688,0.0,466500,0.003809032086591703,29901790.321548402
2009-06-23,24.96894645690918,0.0,38.720001220703125,0.0,38.88999938964844,38.380001068115234,38.70000076293945,0.0,446100,0.003519101194858183,29642907.115047697
2009-06-24,25.111156463623047,0.0,38.66999816894531,0.269,39.13999938964844,38.45000076293945,38.869998931884766,0.0,785500,0.0029918228432556796,29264714.650328197
2009-06-25,25.63064765930176,0.0,39.470001220703125,0.0,39.52999877929688,38.459999084472656,38.52999877929688,0.0,335200,0.0028736301409347936,28983465.255950745
2009-06-26,25.57870483398437,0.0,39.38999938964844,0.0,39.61000061035156,39.13999938964844,39.34999847412109,0.0,308000,0.0029293978339596763,28947216.05781222
2009-06-29,25.877405166625977,0.0,39.84999847412109,0.0,39.90999984741211,39.31999969482422,39.59999847412109,0.0,525200,0.0029293978339596763,28931255.264816586
2009-06-30,25.6826114654541,0.0,39.54999923706055,0.0,39.970001220703125,39.18999862670898,39.93000030517578,0.0,363300,0.00326670034259043,28694775.619759634
2009-07-01,25.78650283813477,0.0,39.709999084472656,0.0,40.09999847412109,39.68999862670898,39.72999954223633,0.0,388600,0.0035727534859039513,28295148.948465075
2009-07-02,25.01375198364257,0.0,38.52000045776367,0.0,39.220001220703125,38.52000045776367,39.220001220703125,0.0,353800,0.0034666006685373256,28028199.332093436
2009-07-06,24.9942626953125,0.0,38.4900016784668,0.0,38.52000045776367,37.900001525878906,38.13999938964844,0.0,325900,0.0034666006685373256,27896413.31679783
2009-07-07,24.50724029541016,0.0,37.7400016784668,0.0,38.5,37.72999954223633,38.4900016784668,0.0,1819400,0.003940217218908868,28058772.91168788
2009-07-08,24.403339385986328,0.0,37.58000183105469,0.0,38.02000045776367,37.02999877929688,37.900001525878906,0.0,507100,0.003576558955299739,27805276.857162658
2009-07-09,24.481258392333984,0.0,37.70000076293945,0.0,37.97999954223633,37.52999877929688,37.84000015258789,0.0,649200,0.0035754638298673355,27711427.330857232
2009-07-10,24.33839607238769,0.0,37.47999954223633,0.0,37.650001525878906,37.209999084472656,37.459999084472656,0.0,363600,0.0035634874239147867,27585635.390289247
2009-07-13,25.03323745727539,0.0,38.54999923706055,0.0,38.58000183105469,37.45000076293945,37.630001068115234,0.0,532000,0.003355839147807635,27451707.64680136
2009-07-14,25.2215518951416,0.0,38.84000015258789,0.0,38.86000061035156,38.40999984741211,38.7400016784668,0.0,293800,0.00301476214574039,26981420.238239046
2009-07-15,26.00727653503418,0.0,40.04999923706055,0.0,40.15999984741211,39.33000183105469,39.38999938964844,0.0,278600,0.00301476214574039,26820666.72494525
2009-07-16,26.20859146118164,0.0,40.36000061035156,0.0,40.52999877929688,39.72999954223633,39.93999862670898,0.0,300200,0.00301476214574039,26631613.67073816
2009-07-17,26.10468482971192,0.0,40.20000076293945,0.0,40.34000015258789,39.9900016784668,40.29999923706055,0.0,296000,0.003031092354114092,26440772.63183745
2009-07-20,26.42288017272949,0.0,40.68999862670898,0.0,40.72999954223633,40.2599983215332,40.4900016784668,0.0,287300,0.003031092354114092,26230412.10182281
2009-07-21,26.513805389404297,0.0,40.83000183105469,0.0,41.08000183105469,40.38999938964844,40.9900016784668,0.0,329800,0.0030758799461231266,26003663.90169386
2009-07-22,26.52029228210449,0.0,40.84000015258789,0.0,41.11000061035156,40.45000076293945,40.52999877929688,0.0,388000,0.0037710483364194504,25831740.5059103
2009-07-23,27.182653427124023,0.0,41.86000061035156,0.0,42.060001373291016,40.90999984741211,40.91999816894531,0.0,388700,0.0034642988030141155,25271402.083458975
2009-07-24,27.35797500610352,0.0,42.130001068115234,0.0,42.20000076293945,41.58000183105469,41.75,0.0,310200,0.0029066934616042593,24913989.257496122
2009-07-27,27.578763961791992,0.0,42.470001220703125,0.0,42.470001220703125,41.9900016784668,42.15999984741211,0.0,326200,0.002850925768579377,24686931.402516745
2009-07-28,27.43589782714844,0.0,42.25,0.0,42.459999084472656,41.869998931884766,42.15999984741211,0.0,317000,0.0033380529049413443,24523014.088356685
2009-07-29,27.2410888671875,0.0,41.95000076293945,0.0,42.13999938964844,41.65999984741211,42.0,0.0,233900,0.002938071936973923,24295981.56878002
2009-07-30,27.61122703552246,0.0,42.52000045776367,0.0,42.9900016784668,42.43999862670898,42.540000915527344,0.0,332800,0.002632018793660401,24184274.227516234
2009-07-31,27.72810745239257,0.0,42.70000076293945,0.0,42.93999862670898,42.36000061035156,42.4900016784668,0.0,631500,0.003110627994069399,24108873.087275974
2009-08-03,28.2021541595459,0.0,43.43000030517578,0.0,43.5099983215332,42.97999954223633,43.2400016784668,0.0,506800,0.003110627994069399,24087154.237651825
2009-08-04,28.36449432373047,0.0,43.68000030517578,0.0,43.77999877929688,43.15999984741211,43.29999923706055,0.0,345400,0.0025279471479598614,24012568.32726645
2009-08-05,28.44241523742676,0.0,43.79999923706055,0.0,43.97999954223633,43.27999877929688,43.84000015258789,0.0,395400,0.0028474244669768277,23942045.776471637
2009-08-06,28.35799789428711,0.0,43.66999816894531,0.0,44.150001525878906,43.40999984741211,44.08000183105469,0.0,319500,0.0029482900796397433,23760755.199878935
2009-08-07,28.76711845397949,0.0,44.29999923706055,0.0,44.7400016784668,43.90999984741211,44.09999847412109,0.0,1205100,0.003008995272626042,23942705.482544973
2009-08-10,28.68267822265625,0.0,44.16999816894531,0.0,44.369998931884766,43.90999984741211,44.08000183105469,0.0,306200,0.0033354675541923543,23825429.171260957
2009-08-11,28.215145111083984,0.0,43.45000076293945,0.0,44.04999923706055,43.380001068115234,44.04999923706055,0.0,428300,0.0033354675541923543,23797944.974700987
2009-08-12,28.578798294067383,0.0,44.0099983215332,0.0,44.34000015258789,43.369998931884766,43.43999862670898,0.0,343200,0.0039138092551935216,23635070.878439102
2009-08-13,28.8255615234375,0.0,44.38999938964844,0.0,44.38999938964844,43.77000045776367,44.290000915527344,0.0,436100,0.004271878459439082,23412696.30179481
2009-08-14,28.572309494018555,0.0,44.0,0.0,44.41999816894531,43.540000915527344,44.41999816894531,0.0,413000,0.004589274930288824,23219584.128514547
2009-08-17,27.85799026489257,0.0,42.900001525878906,0.0,43.15999984741211,42.790000915527344,43.130001068115234,0.0,415400,0.004795563097344192,23083863.448810577
2009-08-18,28.104745864868164,0.0,43.27999877929688,0.0,43.38999938964844,42.90999984741211,42.959999084472656,0.0,250400,0.004796001111640817,23019454.7200869
2009-08-19,28.36449432373047,0.0,43.68000030517578,0.0,43.84999847412109,42.84999847412109,42.93000030517578,0.0,341000,0.004407679352468342,22971519.594687507
2009-08-20,28.68917465209961,0.0,44.18000030517578,0.0,44.220001220703125,43.619998931884766,43.7599983215332,0.0,1169900,0.004407679352468342,23117417.51692787
2009-08-21,29.286602020263672,0.0,45.09999847412109,0.0,45.20000076293945,44.45000076293945,44.59999847412109,0.0,313500,0.00436173554393975,23024498.270603966
2009-08-24,29.31908226013184,0.0,45.150001525878906,0.0,45.650001525878906,44.970001220703125,45.369998931884766,0.0,340600,0.00436173554393975,22899794.104666937
2009-08-25,29.37103080749512,0.0,45.22999954223633,0.0,45.720001220703125,45.16999816894531,45.31999969482422,0.0,458200,0.004258531969638501,22790868.446795147
2009-08-26,29.364538192749023,0.0,45.220001220703125,0.0,45.45000076293945,44.869998931884766,45.119998931884766,0.0,268000,0.004055592549767551,22697834.48291052
2009-08-27,29.45543098449707,0.0,45.36000061035156,0.0,45.4900016784668,44.68999862670898,45.2400016784668,0.0,332400,0.0045578220910427545,22548166.531349365
2009-08-28,29.4229679107666,0.0,45.310001373291016,0.0,45.720001220703125,44.9900016784668,45.58000183105469,0.0,354700,0.0042203924587576516,22226008.683878276
2009-08-31,29.17620849609375,0.0,44.93000030517578,0.0,44.93999862670898,44.63999938964844,44.83000183105469,0.0,382100,0.004379367969982617,22024338.286147043
2009-09-01,28.38399314880371,0.0,43.709999084472656,0.0,45.18999862670898,43.63999938964844,44.63999938964844,0.0,772400,0.004412420131964811,22008615.96450957
2009-09-02,28.215145111083984,0.0,43.45000076293945,0.0,43.77999877929688,43.38999938964844,43.5,0.0,378700,0.004092942812947843,21955449.366555896
2009-09-03,28.507354736328125,0.0,43.900001525878906,0.0,43.91999816894531,43.40999984741211,43.79999923706055,0.0,344600,0.0039927337494388695,21843658.78462413
2009-09-04,28.87100410461425,0.0,44.459999084472656,0.0,44.5,43.79999923706055,43.959999084472656,0.0,324600,0.003932028556452571,21769247.574412633
2009-09-08,29.18269729614257,0.0,44.93999862670898,0.0,45.0099983215332,44.720001220703125,45.0,0.0,247200,0.003605556274886259,21596851.004806396
2009-09-09,29.468425750732425,0.0,45.380001068115234,0.0,45.52000045776367,44.91999816894531,45.08000183105469,0.0,326200,0.003605556274886259,21548753.002648126
2009-09-10,29.7866325378418,0.0,45.869998931884766,0.0,45.869998931884766,45.060001373291016,45.43000030517578,0.0,325700,0.0031824739875092357,21482187.916958522
2009-09-11,29.69570541381836,0.0,45.72999954223633,0.0,46.06999969482422,45.59000015258789,45.959999084472656,0.0,307400,0.0028244047832636744,21334783.078342013
2009-09-14,29.96844482421875,0.0,46.150001525878906,0.0,46.18000030517578,45.36000061035156,45.41999816894531,0.0,406700,0.002629797913896419,21305572.53188784
2009-09-15,30.124303817749023,0.0,46.38999938964844,0.0,46.560001373291016,45.900001525878906,46.25,0.0,392900,0.0024235097468410516,21203682.189832415
2009-09-16,30.65677261352539,0.0,47.209999084472656,0.0,47.22999954223633,46.38999938964844,46.630001068115234,0.0,490700,0.002378284140535392,20985277.31061663
2009-09-17,30.52690315246582,0.0,47.0099983215332,0.0,47.59000015258789,46.79999923706055,47.20000076293945,0.0,438900,0.0020714375094115422,20883803.1924717
2009-09-18,30.56586647033692,0.0,47.06999969482422,0.0,47.31999969482422,46.900001525878906,47.25,0.0,341000,0.0023401509568295453,20851445.027045596
2009-09-21,30.39703941345215,0.0,46.810001373291016,0.0,46.95000076293945,46.5,46.70000076293945,0.0,535400,0.0023401509568295453,20839227.899611942
2009-09-22,30.650279998779297,0.0,47.20000076293945,0.0,47.369998931884766,47.0,47.18999862670898,0.0,786600,0.0023401509568295453,20916114.374875266
2009-09-23,30.33210182189941,0.0,46.709999084472656,0.0,47.650001525878906,46.65999984741211,47.38999938964844,0.0,400700,0.002127220825644392,20728120.802833922
2009-09-24,29.95955276489257,0.0,45.84000015258789,0.3,46.63999938964844,45.630001068115234,46.619998931884766,0.0,433800,0.002127220825644392,20564020.830696348
2009-09-25,29.79615974426269,0.0,45.59000015258789,0.0,45.970001220703125,45.40999984741211,45.77000045776367,0.0,382000,0.0016249912843691882,20534049.012856256
2009-09-28,30.37130355834961,0.0,46.470001220703125,0.0,46.5,45.68999862670898,45.7599983215332,0.0,199600,0.0014838117162452931,20439626.89726996
2009-09-29,30.3255615234375,0.0,46.400001525878906,0.0,46.810001373291016,46.25,46.59999847412109,0.0,270100,0.0013248362050203278,20402147.406008888
2009-09-30,30.116418838500977,0.0,46.08000183105469,0.0,46.560001373291016,45.709999084472656,46.52999877929688,0.0,536200,0.0012479574030249453,20442482.122203283
2009-10-01,29.30599403381348,0.0,44.84000015258789,0.0,46.02000045776367,44.83000183105469,46.02000045776367,0.0,351100,0.0012479574030249453,20372910.891169593
2009-10-02,29.12952423095703,0.0,44.56999969482422,0.0,44.83000183105469,44.2400016784668,44.29999923706055,0.0,559300,0.0009373950717792108,20428854.98762282
2009-10-05,29.71772575378418,0.0,45.470001220703125,0.0,45.540000915527344,44.68999862670898,44.81999969482422,0.0,294000,0.0009373950717792108,20367208.799994938
2009-10-06,30.12294006347656,0.0,46.09000015258789,0.0,46.400001525878906,45.70000076293945,45.880001068115234,0.0,260900,0.0009373950717792108,20307222.266533263
2009-10-07,30.19484138488769,0.0,46.20000076293945,0.0,46.209999084472656,45.84000015258789,45.91999816894531,0.0,237300,0.0011781944288660666,20269869.124576025
2009-10-08,30.43666076660156,0.0,46.56999969482422,0.0,46.79999923706055,46.34999847412109,46.59999847412109,0.0,221200,0.001022935015241923,20102648.06132241
2009-10-09,30.573915481567383,0.0,46.77999877929688,0.0,46.77999877929688,46.43999862670898,46.54999923706055,0.0,269300,0.0013180042278491768,19889918.194168333
2009-10-12,30.783052444458008,0.0,47.09999847412109,0.0,47.209999084472656,46.91999816894531,47.08000183105469,0.0,228800,0.0009755754479876772,19810914.862896148
2009-10-13,30.65888214111328,0.0,46.90999984741211,0.0,47.0,46.54999923706055,46.93999862670898,0.0,214600,0.0009755754479876772,19686205.345571607
2009-10-14,31.292844772338867,0.0,47.880001068115234,0.0,47.880001068115234,47.29999923706055,47.5,0.0,203800,0.0009755754479876772,19619367.351992168
2009-10-15,31.36473274230957,0.0,47.9900016784668,0.0,48.0,47.52000045776367,47.59999847412109,0.0,223100,0.0011091214942737264,19493367.108081635
2009-10-16,31.05755043029785,0.0,47.52000045776367,0.0,47.70000076293945,47.22999954223633,47.4900016784668,0.0,314300,0.0013252324329335599,19471959.897507563
2009-10-19,31.338598251342773,0.0,47.95000076293945,0.0,48.130001068115234,47.459999084472656,47.630001068115234,0.0,257700,0.0013252324329335599,19496226.42195868
2009-10-20,31.12290954589844,0.0,47.619998931884766,0.0,48.02999877929688,47.40999984741211,48.02999877929688,0.0,310300,0.0018130159757140587,19323201.89737895
2009-10-21,30.75690650939941,0.0,47.060001373291016,0.0,48.06999969482422,47.060001373291016,47.540000915527344,0.0,341300,0.0020837559908410525,19152266.957164947
2009-10-22,31.20133781433105,0.0,47.7400016784668,0.0,47.84999847412109,46.83000183105469,47.0099983215332,0.0,426600,0.0025808329500756674,19111134.402665637
2009-10-23,30.72422981262207,0.0,47.0099983215332,0.0,47.79999923706055,46.77999877929688,47.79999923706055,0.0,312900,0.0035311491685036042,19044876.3179991
2009-10-26,30.260210037231445,0.0,46.29999923706055,0.0,47.5,46.16999816894531,47.0,0.0,336400,0.003647848954761381,19024765.95703004
2009-10-27,30.207902908325195,0.0,46.220001220703125,0.0,46.56999969482422,46.04999923706055,46.400001525878906,0.0,411100,0.003647848954761381,18900593.593706403
2009-10-28,29.56087684631348,0.0,45.22999954223633,0.0,46.150001525878906,45.18000030517578,46.130001068115234,0.0,283000,0.003647848954761381,18809726.77443671
2009-10-29,30.273269653320312,0.0,46.31999969482422,0.0,46.38999938964844,45.470001220703125,45.5099983215332,0.0,299100,0.00461678935980883,18710295.573101345
2009-10-30,29.31906509399414,0.0,44.86000061035156,0.0,46.220001220703125,44.709999084472656,46.18000030517578,0.0,454500,0.005108439464966531,18441431.83850788
2009-11-02,29.46284484863281,0.0,45.08000183105469,0.0,45.630001068115234,44.41999816894531,45.02999877929688,0.0,586600,0.0054710286157983404,18486795.91563694
2009-11-03,29.573945999145508,0.0,45.25,0.0,45.400001525878906,44.72999954223633,44.790000915527344,0.0,379500,0.0059343556692731175,18322801.568691313
2009-11-04,29.573945999145508,0.0,45.25,0.0,46.040000915527344,45.209999084472656,45.68999862670898,0.0,399300,0.005693556312186262,18187927.18822237
2009-11-05,30.19484138488769,0.0,46.20000076293945,0.0,46.20000076293945,45.59999847412109,45.68000030517578,0.0,284300,0.006208775382104978,18042623.102085173
2009-11-06,30.21444320678711,0.0,46.22999954223633,0.0,46.380001068115234,45.79999923706055,45.93000030517578,0.0,265200,0.006056679476623387,17850147.406235952
2009-11-09,30.952980041503903,0.0,47.36000061035156,0.0,47.369998931884766,46.65999984741211,46.68000030517578,0.0,220900,0.006056679476623387,17760726.919885665
2009-11-10,30.946468353271484,0.0,47.34999847412109,0.0,47.52999877929688,47.11000061035156,47.290000915527344,0.0,268800,0.006056679476623387,17720264.41997649
2009-11-11,31.149036407470703,0.0,47.65999984741211,0.0,47.9900016784668,47.41999816894531,47.7599983215332,0.0,655900,0.006056679476623387,17789108.525400314
2009-11-12,30.76344871520996,0.0,47.06999969482422,0.0,47.84000015258789,46.93999862670898,47.63999938964844,0.0,663300,0.0059612156592346085,17859660.16384912
2009-11-13,30.88763236999512,0.0,47.2599983215332,0.0,47.5099983215332,46.93000030517578,47.150001525878906,0.0,525200,0.0058883598775531214,17909628.698784966
2009-11-16,31.41048049926757,0.0,48.060001373291016,0.0,48.29999923706055,47.66999816894531,47.70000076293945,0.0,563900,0.0058883598775531214,17941728.281974792
2009-11-17,31.443140029907227,0.0,48.11000061035156,0.0,48.130001068115234,47.75,47.93000030517578,0.0,483200,0.005667015488725344,17938542.005136278
2009-11-18,31.501977920532227,0.0,48.20000076293945,0.0,48.22999954223633,47.869998931884766,48.09999847412109,0.0,595400,0.005334520866367117,17975892.132734872
2009-11-19,31.02486228942871,0.0,47.470001220703125,0.0,47.880001068115234,47.220001220703125,47.880001068115234,0.0,378600,0.004992193310434604,17953959.411424305
2009-11-20,30.933380126953125,0.0,47.33000183105469,0.0,47.43000030517578,47.119998931884766,47.290000915527344,0.0,302800,0.004065675180747611,17945202.265031
2009-11-23,31.36473274230957,0.0,47.9900016784668,0.0,48.33000183105469,47.84000015258789,47.97999954223633,0.0,595100,0.0039489753944898336,18073998.066992987
2009-11-24,31.345123291015625,0.0,47.959999084472656,0.0,48.060001373291016,47.560001373291016,47.93999862670898,0.0,899200,0.0039489753944898336,18269861.579186577
2009-11-25,31.495433807373047,0.0,48.18999862670898,0.0,48.220001220703125,47.900001525878906,48.09999847412109,0.0,302300,0.0039489753944898336,18192774.528370205
2009-11-27,30.91377639770508,0.0,47.29999923706055,0.0,47.65999984741211,46.68000030517578,46.75,0.0,147600,0.003031889269841174,18053638.52025592
2009-11-30,31.096769332885746,0.0,47.58000183105469,0.0,47.65999984741211,47.13999938964844,47.34999847412109,0.0,320500,0.002868392016359921,18029298.763547625
2009-12-01,31.48238945007324,0.0,48.16999816894531,0.0,48.27999877929688,47.88999938964844,48.04999923706055,0.0,346100,0.0025058028655281102,18035766.9401078
2009-12-02,31.48889541625977,0.0,48.18000030517578,0.0,48.41999816894531,47.959999084472656,48.20000076293945,0.0,360800,0.0022259341415992754,18036121.752042618
2009-12-03,31.214412689208984,0.0,47.7599983215332,0.0,48.59999847412109,47.709999084472656,48.29999923706055,0.0,321300,0.0025059164183348984,18038151.031687904
2009-12-04,31.4039363861084,0.0,48.04999923706055,0.0,48.59999847412109,47.630001068115234,48.400001525878906,0.0,486500,0.0028585772832651858,18118679.307304867
2009-12-07,31.36473274230957,0.0,47.9900016784668,0.0,48.310001373291016,47.88999938964844,48.04999923706055,0.0,360600,0.002934058293452658,18092514.61858598
2009-12-08,31.01835060119629,0.0,47.459999084472656,0.0,47.7400016784668,47.34999847412109,47.72999954223633,0.0,272000,0.002934058293452658,18081857.09111047
2009-12-09,31.11635971069336,0.0,47.61000061035156,0.0,47.66999816894531,47.2400016784668,47.47999954223633,0.0,230800,0.0031385409414578245,18022492.511237614
2009-12-10,31.260160446166992,0.0,47.83000183105469,0.0,48.04999923706055,47.7400016784668,47.900001525878906,0.0,373600,0.0031385409414578245,17924926.267966013
2009-12-11,31.4627628326416,0.0,48.13999938964844,0.0,48.18999862670898,47.84999847412109,48.04999923706055,0.0,330100,0.0031763062534954575,17940878.209559124
2009-12-14,31.62614631652832,0.0,48.38999938964844,0.0,48.52000045776367,48.16999816894531,48.52000045776367,0.0,361100,0.0027643376490991073,17956077.80732049
2009-12-15,31.42354393005371,0.0,48.08000183105469,0.0,48.310001373291016,47.959999084472656,48.18000030517578,0.0,288200,0.002801776426392978,17933395.14946105
2009-12-16,31.475828170776367,0.0,48.15999984741211,0.0,48.43000030517578,48.08000183105469,48.34999847412109,0.0,378900,0.0025978870704727974,17957746.501989212
2009-12-17,31.1359806060791,0.0,47.63999938964844,0.0,47.95000076293945,47.619998931884766,47.84999847412109,0.0,478000,0.002488648246828466,18028493.596594673
2009-12-18,31.260160446166992,0.0,47.83000183105469,0.0,47.95000076293945,47.43999862670898,47.95000076293945,0.0,567600,0.002579690192656132,18101118.50282578
2009-12-21,31.55426788330078,0.0,48.27999877929688,0.0,48.45000076293945,48.02000045776367,48.06999969482422,0.0,303300,0.0025558921039151887,18080248.114613123
2009-12-22,31.640609741210938,0.0,48.0,0.411,48.119998931884766,47.88999938964844,47.93000030517578,0.0,389400,0.0027005515700665715,17987517.29269482
2009-12-23,31.640609741210938,0.0,48.0,0.0,48.18000030517578,47.84000015258789,48.18000030517578,0.0,403300,0.0028778099250793276,18036152.654526725
2009-12-24,31.81860542297364,0.0,48.27000045776367,0.0,48.27000045776367,48.04999923706055,48.150001525878906,0.0,152200,0.0029403609132307674,17998173.085143074
2009-12-28,31.8317813873291,0.0,48.290000915527344,0.0,48.45000076293945,48.11000061035156,48.45000076293945,0.0,300000,0.0029010498561745446,17947044.363524422
2009-12-29,31.779035568237305,0.0,48.209999084472656,0.0,48.47999954223633,48.209999084472656,48.43999862670898,0.0,349500,0.002733051843806576,17966733.886994258
2009-12-30,31.74608993530273,0.0,48.15999984741211,0.0,48.20000076293945,48.02999877929688,48.09000015258789,0.0,328400,0.002733051843806576,17969784.984658256
2009-12-31,31.475812911987305,0.0,47.75,0.0,48.29999923706055,47.72999954223633,48.25,0.0,236800,0.0026117158482213874,17951362.951626852
2010-01-04,32.00316619873047,0.0,48.54999923706055,0.0,48.59000015258789,48.13999938964844,48.20000076293945,0.0,360400,0.0027250670788143017,17990676.66732546
2010-01-05,32.10862731933594,0.0,48.709999084472656,0.0,48.7400016784668,48.369998931884766,48.54999923706055,0.0,405500,0.0018571871439652988,17602484.171888564
2010-01-06,32.21409606933594,0.0,48.869998931884766,0.0,48.91999816894531,48.59000015258789,48.68999862670898,0.0,456000,0.0016387328266521631,17628102.430495005
2010-01-07,32.3920783996582,0.0,49.13999938964844,0.0,49.209999084472656,48.630001068115234,48.790000915527344,0.0,323200,0.0017561962409895933,17559905.66309369
2010-01-08,32.42504119873047,0.0,49.18999862670898,0.0,49.20000076293945,48.91999816894531,48.95000076293945,0.0,263300,0.0017089030758626565,17554540.574243333
2010-01-11,32.5634880065918,0.0,49.400001525878906,0.0,49.47999954223633,49.150001525878906,49.369998931884766,0.0,271400,0.0017089030758626565,17498179.94583069
2010-01-12,32.23387145996094,0.0,48.900001525878906,0.0,49.13999938964844,48.72999954223633,49.08000183105469,0.0,368200,0.001721885558059362,17550511.600727506
2010-01-13,32.5239143371582,0.0,49.34000015258789,0.0,49.45000076293945,48.79999923706055,49.08000183105469,0.0,282400,0.0018418922835186252,17572540.856724694
2010-01-14,32.58323669433594,0.0,49.43000030517578,0.0,49.47999954223633,49.220001220703125,49.220001220703125,0.0,275800,0.0018532004176564823,17584578.33212898
2010-01-15,32.21409606933594,0.0,48.869998931884766,0.0,49.36000061035156,48.650001525878906,49.36000061035156,0.0,313200,0.0017906506196239413,17611617.08958641
2010-01-19,32.62939453125,0.0,49.5,0.0,49.540000915527344,48.790000915527344,48.88999938964844,0.0,386500,0.002141951357376469,17670676.719701856
2010-01-20,32.37230682373047,0.0,49.11000061035156,0.0,49.209999084472656,48.72999954223633,49.11000061035156,0.0,357800,0.0022397665117361177,17703262.621404253
2010-01-21,31.68017768859864,0.0,48.060001373291016,0.0,49.25,48.02000045776367,49.119998931884766,0.0,481900,0.0024610276594243235,17761311.784916833
2010-01-22,31.053937911987305,0.0,47.11000061035156,0.0,48.06999969482422,47.08000183105469,47.93000030517578,0.0,464100,0.002316368193272941,17805698.84083763
2010-01-25,31.21215438842773,0.0,47.34999847412109,0.0,47.68000030517578,47.20000076293945,47.52999877929688,0.0,548200,0.002421310653365308,17907988.86331528
2010-01-26,31.03417015075684,0.0,47.08000183105469,0.0,47.560001373291016,47.0,47.20000076293945,0.0,353900,0.0025052291563140957,17930273.770059858
2010-01-27,31.159412384033203,0.0,47.27000045776367,0.0,47.36000061035156,46.61000061035156,46.959999084472656,0.0,463200,0.0024926859329715287,17997751.660631575
2010-01-28,30.922107696533203,0.0,46.90999984741211,0.0,47.54999923706055,46.619998931884766,47.5,0.0,438400,0.002987913309751155,18083094.82535105
2010-01-29,30.7045841217041,0.0,46.58000183105469,0.0,47.459999084472656,46.52000045776367,47.11000061035156,0.0,468600,0.003737949141018346,18144021.275396194
2010-02-01,31.113265991210938,0.0,47.20000076293945,0.0,47.22999954223633,46.84000015258789,46.900001525878906,0.0,291400,0.003877173976012912,18039172.305082895
2010-02-02,31.6010684967041,0.0,47.93999862670898,0.0,48.0,47.18000030517578,47.290000915527344,0.0,306900,0.0034838404686843754,17981255.3322565
2010-02-03,31.35057640075684,0.0,47.560001373291016,0.0,47.880001068115234,47.45000076293945,47.66999816894531,0.0,387100,0.0037510315463855533,18007631.557861205
2010-02-04,30.35522651672364,0.0,46.04999923706055,0.0,47.209999084472656,46.040000915527344,47.209999084472656,0.0,534600,0.0037510315463855533,18065566.55701834
2010-02-05,30.38158416748047,0.0,46.09000015258789,0.0,46.18999862670898,45.08000183105469,46.130001068115234,0.0,566600,0.0036335681320481227,18162090.602030072
2010-02-08,30.09152603149414,0.0,45.650001525878906,0.0,46.310001373291016,45.650001525878906,46.16999816894531,0.0,272000,0.003636308795995315,17836938.78722418
2010-02-09,30.47386360168457,0.0,46.22999954223633,0.0,46.59000015258789,45.790000915527344,46.13999938964844,0.0,399700,0.00425952374229815,17876250.512444027
2010-02-10,30.447509765625,0.0,46.18999862670898,0.0,46.40999984741211,45.77000045776367,46.20000076293945,0.0,293400,0.004706922449475544,17836111.70506553
2010-02-11,30.7045841217041,0.0,46.58000183105469,0.0,46.59999847412109,45.81999969482422,46.06999969482422,0.0,287800,0.005055982126256342,17822631.491597492
2010-02-12,30.67162704467773,0.0,46.52999877929688,0.0,46.52999877929688,45.84000015258789,46.130001068115234,0.0,251400,0.005689404099879692,17761831.1976236
2010-02-16,31.185775756835938,0.0,47.310001373291016,0.0,47.33000183105469,46.709999084472656,46.84999847412109,0.0,181800,0.005689404099879692,17685870.548811413
2010-02-17,31.291242599487305,0.0,47.470001220703125,0.0,47.58000183105469,47.290000915527344,47.459999084472656,0.0,259200,0.005338103362127164,17642089.30819678
2010-02-18,31.482421875,0.0,47.7599983215332,0.0,47.81999969482422,47.34999847412109,47.43999862670898,0.0,669800,0.0050513623623140115,17809964.98423985
2010-02-19,31.561521530151367,0.0,47.880001068115234,0.0,48.08000183105469,47.560001373291016,47.68000030517578,0.0,234800,0.0048301012146258065,17780975.65207103
2010-02-22,31.58787727355957,0.0,47.91999816894531,0.0,48.13999938964844,47.86000061035156,48.06999969482422,0.0,262100,0.004856502751463754,17470449.058127023
2010-02-23,31.23193550109864,0.0,47.380001068115234,0.0,48.02999877929688,47.27000045776367,47.77999877929688,0.0,269900,0.0045743019363586315,17459726.937227402
2010-02-24,31.53514671325684,0.0,47.84000015258789,0.0,47.86000061035156,47.36000061035156,47.45000076293945,0.0,284500,0.0048077116312926615,17445698.282653566
2010-02-25,31.44286346435547,0.0,47.70000076293945,0.0,47.720001220703125,47.0,47.16999816894531,0.0,426900,0.005153368860923767,17442831.175792027
2010-02-26,31.5087833404541,0.0,47.79999923706055,0.0,47.900001525878906,47.47999954223633,47.72999954223633,0.0,254400,0.004497986644835662,17443159.425623454
2010-03-01,31.74608993530273,0.0,48.15999984741211,0.0,48.22999954223633,47.900001525878906,48.0,0.0,331600,0.0037479508135684716,17450240.312500607
2010-03-02,31.844955444335938,0.0,48.310001373291016,0.0,48.52999877929688,48.25,48.400001525878906,0.0,292900,0.003546603644613152,17434990.645160373
2010-03-03,31.81860542297364,0.0,48.27000045776367,0.0,48.650001525878906,48.20000076293945,48.5,0.0,302200,0.0037462868506128733,17414510.018348694
2010-03-04,31.937236785888672,0.0,48.45000076293945,0.0,48.52999877929688,48.2400016784668,48.34000015258789,0.0,314200,0.0036921707249396745,17267378.16872067
2010-03-05,32.405277252197266,0.0,49.15999984741211,0.0,49.209999084472656,48.650001525878906,48.81999969482422,0.0,426900,0.0036921707249396745,17303345.538926505
2010-03-08,32.46458053588867,0.0,49.25,0.0,49.34000015258789,49.13999938964844,49.22999954223633,0.0,190200,0.0036921707249396745,17257626.56649938
2010-03-09,32.517333984375,0.0,49.33000183105469,0.0,49.5099983215332,49.02999877929688,49.150001525878906,0.0,347700,0.003630355078062646,17279216.45486317
2010-03-10,32.66893005371094,0.0,49.560001373291016,0.0,49.68999862670898,49.31999969482422,49.380001068115234,0.0,357300,0.0030071401317598094,17331586.461451698
2010-03-11,32.79418182373047,0.0,49.75,0.0,49.77000045776367,49.27000045776367,49.45000076293945,0.0,348100,0.002768492367003762,17351546.926940434
2010-03-12,32.761226654052734,0.0,49.70000076293945,0.0,49.9900016784668,49.540000915527344,49.93999862670898,0.0,210300,0.0022994259647637003,17315928.288117666
2010-03-15,32.77440643310547,0.0,49.720001220703125,0.0,49.72999954223633,49.31999969482422,49.52000045776367,0.0,262300,0.0016172570797086231,17307866.021934386
2010-03-16,33.09081268310547,0.0,50.20000076293945,0.0,50.22999954223633,49.720001220703125,49.86000061035156,0.0,309200,0.0016172570797086231,17282093.280786183
2010-03-17,33.31494140625,0.0,50.540000915527344,0.0,50.68000030517578,50.34999847412109,50.34999847412109,0.0,388900,0.0016172570797086231,17293429.595039003
2010-03-18,33.249019622802734,0.0,50.43999862670898,0.0,50.59999847412109,50.25,50.5,0.0,237500,0.0016824243095830524,17204648.270619106
2010-03-19,33.110591888427734,0.0,50.22999954223633,0.0,50.650001525878906,50.060001373291016,50.22999954223633,0.0,287300,0.0019119650851018417,17155429.148437865
2010-03-22,33.23582458496094,0.0,50.41999816894531,0.0,50.5099983215332,49.90999984741211,49.90999984741211,0.0,284200,0.002129149349097393,17141766.399101984
2010-03-23,33.5390510559082,0.0,50.880001068115234,0.0,50.88999938964844,50.41999816894531,50.5,0.0,393800,0.002129149349097393,17101881.237874713
2010-03-24,33.40061569213867,0.0,50.66999816894531,0.0,50.88999938964844,50.56999969482422,50.70000076293945,0.0,600100,0.001983585640349537,17048544.2958196
2010-03-25,33.30122375488281,0.0,50.25,0.27,50.880001068115234,50.18999862670898,50.70000076293945,0.0,522900,0.0017815933374600184,17108536.58444541
2010-03-26,33.307838439941406,0.0,50.2599983215332,0.0,50.59999847412109,50.060001373291016,50.400001525878906,0.0,249200,0.0019165048160176342,17050119.120282974
2010-03-29,33.539798736572266,0.0,50.61000061035156,0.0,50.63999938964844,50.369998931884766,50.470001220703125,0.0,344800,0.0020690010378047858,17050396.486569963
2010-03-30,33.50002670288086,0.0,50.54999923706055,0.0,50.77000045776367,50.38999938964844,50.65999984741211,0.0,255900,0.0022272447403764205,17079446.744991485
2010-03-31,33.447021484375,0.0,50.470001220703125,0.0,50.66999816894531,50.22999954223633,50.40999984741211,0.0,267200,0.0021263105202067633,17087009.791928247
2010-04-01,33.738616943359375,0.0,50.90999984741211,0.0,51.0,50.630001068115234,50.790000915527344,0.0,233700,0.001913235568178784,16985339.712424506
2010-04-05,34.03018569946289,0.0,51.34999847412109,0.0,51.34999847412109,50.93999862670898,51.119998931884766,0.0,336600,0.001913235568178784,16997570.549192883
2010-04-06,34.11635208129883,0.0,51.47999954223633,0.0,51.54999923706055,51.150001525878906,51.220001220703125,0.0,325300,0.001913235568178784,16932637.557302203
2010-04-07,33.89765548706055,0.0,51.150001525878906,0.0,51.459999084472656,50.900001525878906,51.41999816894531,0.0,298300,0.0019517105752267945,16947636.486637782
2010-04-08,33.99042510986328,0.0,51.290000915527344,0.0,51.400001525878906,50.790000915527344,51.0,0.0,268200,0.002324589348047108,16961375.353349958
2010-04-09,34.23564529418945,0.0,51.65999984741211,0.0,51.68000030517578,51.380001068115234,51.40999984741211,0.0,185000,0.0020270083824941543,16950215.35168905
2010-04-12,34.31516647338867,0.0,51.77999877929688,0.0,51.880001068115234,51.70000076293945,51.7599983215332,0.0,239700,0.0020270083824941543,16966964.413394626
2010-04-13,34.31516647338867,0.0,51.77999877929688,0.0,51.869998931884766,51.45000076293945,51.72999954223633,0.0,238800,0.00208964908845362,16965116.87400757
2010-04-14,34.71941375732422,0.0,52.38999938964844,0.0,52.38999938964844,51.880001068115234,52.0099983215332,0.0,274000,0.00208964908845362,16993516.716720946
2010-04-15,34.74592590332031,0.0,52.43000030517578,0.0,52.5,52.2400016784668,52.34999847412109,0.0,333400,0.00208964908845362,17052352.241597857
2010-04-16,34.08983612060547,0.0,51.43999862670898,0.0,52.25,51.18999862670898,52.18999862670898,0.0,257000,0.0019676163549029258,17079829.506910414
2010-04-19,34.24227523803711,0.0,51.66999816894531,0.0,51.70000076293945,51.06999969482422,51.29999923706055,0.0,187200,0.0018636513349954867,17071623.588519625
2010-04-20,34.593505859375,0.0,52.20000076293945,0.0,52.220001220703125,51.900001525878906,52.0,0.0,237300,0.0016200655341619876,17051397.58881463
2010-04-21,34.49408721923828,0.0,52.04999923706055,0.0,52.34000015258789,51.7599983215332,52.22999954223633,0.0,259700,0.0018111371437448457,17060609.2523484
2010-04-22,34.56699752807617,0.0,52.15999984741211,0.0,52.22999954223633,51.40999984741211,51.709999084472656,0.0,175000,0.0017489463148373467,17015780.000798665
2010-04-23,34.82545471191406,0.0,52.54999923706055,0.0,52.56999969482422,51.959999084472656,52.15999984741211,0.0,265800,0.001605281388095758,16999162.630389985
2010-04-26,34.65977096557617,0.0,52.29999923706055,0.0,52.66999816894531,52.25,52.59999847412109,0.0,247200,0.0015405783343399489,16940136.242257982
2010-04-27,33.81150817871094,0.0,51.02000045776367,0.0,52.290000915527344,50.91999816894531,52.0099983215332,0.0,416400,0.0013880821125527973,16992003.700319927
2010-04-28,34.136234283447266,0.0,51.5099983215332,0.0,51.65999984741211,51.06999969482422,51.310001373291016,0.0,300000,0.001517459486119323,16991032.90470971
2010-04-29,34.586883544921875,0.0,52.18999862670898,0.0,52.34999847412109,51.810001373291016,51.88999938964844,0.0,230600,0.0014187105002892591,16935746.961705647
2010-04-30,34.04345703125,0.0,51.369998931884766,0.0,52.2599983215332,51.369998931884766,52.15999984741211,0.0,303000,0.0015594848552141095,16957691.56333984
2010-05-03,34.507354736328125,0.0,52.06999969482422,0.0,52.209999084472656,51.54999923706055,51.56999969482422,0.0,296500,0.0020694225917432885,16970266.50779058
2010-05-04,33.738616943359375,0.0,50.90999984741211,0.0,51.4900016784668,50.61000061035156,51.47999954223633,0.0,305600,0.0022552120222549205,16931927.029028393
2010-05-05,33.50665283203125,0.0,50.560001373291016,0.0,51.02000045776367,50.16999816894531,50.470001220703125,0.0,350000,0.0021186225152585174,16862499.024318513
2010-05-06,32.327030181884766,0.0,48.77999877929688,0.0,50.9900016784668,22.39999961853028,50.34999847412109,0.0,1178600,0.001745743742438204,17182496.893852476
2010-05-07,31.94929313659668,0.0,48.209999084472656,0.0,49.27999877929688,47.59999847412109,48.70000076293945,0.0,832400,0.0018339802009434386,17357589.578280374
2010-05-10,33.33436965942383,0.0,50.29999923706055,0.0,50.52999877929688,49.68999862670898,50.150001525878906,0.0,427200,0.00232445267138241,17423887.193019807
2010-05-11,33.26144790649414,0.0,50.18999862670898,0.0,50.810001373291016,49.72999954223633,49.83000183105469,0.0,411700,0.002860700556668752,17490577.879972305
2010-05-12,33.67896270751953,0.0,50.81999969482422,0.0,50.869998931884766,50.2599983215332,50.29999923706055,0.0,244100,0.0032425611424811104,17506001.195771355
2010-05-13,33.28135681152344,0.0,50.220001220703125,0.0,50.84999847412109,50.18999862670898,50.720001220703125,0.0,233700,0.003764606585178553,17498134.010814484
2010-05-14,32.6915283203125,0.0,49.33000183105469,0.0,49.959999084472656,48.880001068115234,49.84000015258789,0.0,281500,0.003764606585178553,17360246.722048804
2010-05-17,32.6915283203125,0.0,49.33000183105469,0.0,49.560001373291016,48.369998931884766,49.43000030517578,0.0,515800,0.003680330268814362,17314396.596230403
2010-05-18,32.214378356933594,0.0,48.61000061035156,0.0,49.869998931884766,48.43999862670898,49.790000915527344,0.0,647200,0.004569925908355856,17367090.57461572
2010-05-19,32.06195068359375,0.0,48.380001068115234,0.0,48.7400016784668,47.720001220703125,48.36000061035156,0.0,492800,0.004378854298772998,17341222.5567742
2010-05-20,30.796173095703125,0.0,46.470001220703125,0.0,47.540000915527344,46.470001220703125,47.43999862670898,0.0,691300,0.004327786610474816,17411682.55319444
2010-05-21,31.293197631835938,0.0,47.220001220703125,0.0,47.2400016784668,45.61000061035156,45.709999084472656,0.0,617000,0.0043764420302311,17415146.523820788
2010-05-24,30.81605529785156,0.0,46.5,0.0,47.2400016784668,46.43000030517578,46.97999954223633,0.0,501800,0.004792485109656179,17457698.56777191
2010-05-25,30.85580825805664,0.0,46.560001373291016,0.0,46.560001373291016,44.97999954223633,45.290000915527344,0.0,566100,0.004792485109656179,17553143.74414474
2010-05-26,30.72989845275879,0.0,46.369998931884766,0.0,47.220001220703125,46.2400016784668,46.77999877929688,0.0,521200,0.004504864033518017,17518296.07306889
2010-05-27,31.770357131958008,0.0,47.93999862670898,0.0,47.93999862670898,47.09000015258789,47.20000076293945,0.0,330400,0.005322409987754614,17301738.488699898
2010-05-28,31.39923858642578,0.0,47.380001068115234,0.0,48.02000045776367,47.20000076293945,48.0,0.0,376500,0.005818536380047398,17327696.693599034
2010-06-01,30.796173095703125,0.0,46.470001220703125,0.0,47.58000183105469,46.43999862670898,46.84999847412109,0.0,619300,0.005308598643518219,17500691.867159285
2010-06-02,31.584789276123047,0.0,47.65999984741211,0.0,47.68999862670898,46.560001373291016,46.7599983215332,0.0,229300,0.006265393422840891,17466398.592382763
2010-06-03,31.664321899414062,0.0,47.77999877929688,0.0,47.95000076293945,47.34999847412109,47.83000183105469,0.0,190000,0.006265393422840891,17406133.222555734
2010-06-04,30.56422615051269,0.0,46.119998931884766,0.0,47.08000183105469,45.959999084472656,46.90999984741211,0.0,337600,0.006265393422840891,17391742.488661267
2010-06-07,30.173219680786133,0.0,45.52999877929688,0.0,46.40999984741211,45.5099983215332,46.22999954223633,0.0,421800,0.006177156964335657,17422371.584093004
2010-06-08,30.60398292541504,0.0,46.18000030517578,0.0,46.20000076293945,45.18999862670898,45.5099983215332,0.0,565600,0.006035755264119721,17444142.088408697
2010-06-09,30.431684494018555,0.0,45.91999816894531,0.0,46.81999969482422,45.77000045776367,46.38999938964844,0.0,296500,0.005436866672873913,17414857.04755026
2010-06-10,31.346221923828125,0.0,47.29999923706055,0.0,47.31999969482422,46.66999816894531,46.66999816894531,0.0,287100,0.005538102596801275,17420180.143026322
2010-06-11,31.46551513671875,0.0,47.47999954223633,0.0,47.5,46.810001373291016,46.90999984741211,0.0,217200,0.005318691213953279,17414817.188738264
2010-06-14,31.42574691772461,0.0,47.41999816894531,0.0,48.11000061035156,47.36000061035156,47.88999938964844,0.0,355400,0.005318691213953279,17406751.940049067
2010-06-15,32.10833740234375,0.0,48.45000076293945,0.0,48.47999954223633,47.65999984741211,47.75,0.0,226100,0.005862184755652344,17367573.617620315
2010-06-16,32.06195068359375,0.0,48.380001068115234,0.0,48.58000183105469,48.09999847412109,48.25,0.0,209700,0.0050473028393206,17309412.168766204
2010-06-17,32.14146423339844,0.0,48.5,0.0,48.54999923706055,47.9900016784668,48.5,0.0,154500,0.005415647207292344,17258908.942355808
2010-06-18,32.194488525390625,0.0,48.58000183105469,0.0,48.650001525878906,48.380001068115234,48.59999847412109,0.0,136500,0.005294590247211625,17166713.278131638
2010-06-21,32.08182907104492,0.0,48.40999984741211,0.0,49.220001220703125,48.15999984741211,49.20000076293945,0.0,259400,0.0053304401386541685,17085646.88330756
2010-06-22,31.525146484375,0.0,47.56999969482422,0.0,48.560001373291016,47.52999877929688,48.38999938964844,0.0,423500,0.004844188634427283,17030072.16768416
2010-06-23,31.39923858642578,0.0,47.380001068115234,0.0,47.709999084472656,47.13999938964844,47.59000015258789,0.0,278200,0.004844188634427283,17018467.347584073
2010-06-24,30.890289306640625,0.0,46.310001373291016,0.307,46.84999847412109,46.18999862670898,46.84999847412109,0.0,252900,0.004844188634427283,16963075.278911892
2010-06-25,31.07707023620605,0.0,46.59000015258789,0.0,46.77000045776367,46.060001373291016,46.45000076293945,0.0,311600,0.0044922878951261045,16924654.99357496
2010-06-28,30.98367691040039,0.0,46.45000076293945,0.0,46.75,46.29999923706055,46.61000061035156,0.0,292200,0.00419354277748583,16974067.66145797
2010-06-29,30.07650756835937,0.0,45.09000015258789,0.0,45.86000061035156,44.84000015258789,45.77999877929688,0.0,547800,0.00419354277748583,17055125.61232249
2010-06-30,29.776348114013672,0.0,44.63999938964844,0.0,45.41999816894531,44.560001373291016,45.04999923706055,0.0,498100,0.0031429114640648325,17097869.96959202
2010-07-01,29.62292861938477,0.0,44.40999984741211,0.0,44.7599983215332,43.68999862670898,44.63999938964844,0.0,647700,0.0031429114640648325,17200636.73904661
2010-07-02,29.462833404541016,0.0,44.16999816894531,0.0,44.68999862670898,43.869998931884766,44.5099983215332,0.0,550900,0.0039002060630664442,17304018.104056705
2010-07-06,29.62960433959961,0.0,44.41999816894531,0.0,45.02999877929688,44.02000045776367,44.68999862670898,0.0,326100,0.004284769128994083,17280112.879277788
2010-07-07,30.5767822265625,0.0,45.84000015258789,0.0,45.900001525878906,44.5,44.52999877929688,0.0,234100,0.003935698358771047,17208519.541237846
2010-07-08,30.890289306640625,0.0,46.310001373291016,0.0,46.36000061035156,45.810001373291016,46.2599983215332,0.0,193700,0.003935698358771047,17102849.12657965
2010-07-09,31.157102584838867,0.0,46.709999084472656,0.0,46.709999084472656,46.22999954223633,46.27999877929688,0.0,335600,0.0034526018490313266,17101212.839992464
2010-07-12,31.13710021972656,0.0,46.68000030517578,0.0,46.72999954223633,46.310001373291016,46.58000183105469,0.0,396500,0.0035074430521807505,17145315.169219363
2010-07-13,31.637380599975582,0.0,47.43000030517578,0.0,47.619998931884766,47.13999938964844,47.18999862670898,0.0,362600,0.0035074430521807505,17175402.135064866
2010-07-14,31.530651092529297,0.0,47.27000045776367,0.0,47.45000076293945,46.970001220703125,47.25,0.0,293400,0.002996214878628374,17142577.03643375
2010-07-15,31.58399772644043,0.0,47.34999847412109,0.0,47.470001220703125,46.650001525878906,47.25,0.0,204000,0.003253383517968804,17108654.684414938
2010-07-16,30.63682174682617,0.0,45.93000030517578,0.0,47.08000183105469,45.84999847412109,47.08000183105469,0.0,285200,0.0032126675556133273,17104420.097136118
2010-07-19,30.8369255065918,0.0,46.22999954223633,0.0,46.34999847412109,45.75,46.06999969482422,0.0,186200,0.003315189191246685,17051260.908638485
2010-07-20,31.090404510498047,0.0,46.61000061035156,0.0,46.619998931884766,45.5099983215332,45.58000183105469,0.0,252200,0.0036286592967392966,16992715.608272854
2010-07-21,30.683502197265625,0.0,46.0,0.0,46.91999816894531,45.84999847412109,46.90999984741211,0.0,203500,0.003972401282848473,16927552.44780949
2010-07-22,31.370555877685547,0.0,47.02999877929688,0.0,47.20000076293945,46.4900016784668,46.58000183105469,0.0,179900,0.00453030957281415,16810890.401131768
2010-07-23,31.637380599975582,0.0,47.43000030517578,0.0,47.5,46.79999923706055,47.02000045776367,0.0,313600,0.00453030957281415,16755416.566309853
2010-07-26,32.07761001586914,0.0,48.09000015258789,0.0,48.09999847412109,47.41999816894531,47.56999969482422,0.0,241000,0.004064664357878732,16641388.16054208
2010-07-27,32.090946197509766,0.0,48.11000061035156,0.0,48.459999084472656,47.95000076293945,48.40999984741211,0.0,248300,0.0037265087283013727,16603960.38676065
2010-07-28,31.844158172607425,0.0,47.7400016784668,0.0,48.15999984741211,47.619998931884766,48.02999877929688,0.0,170100,0.0037265087283013727,16494635.86353423
2010-07-29,31.75743103027344,0.0,47.61000061035156,0.0,48.18999862670898,47.220001220703125,48.13999938964844,0.0,201700,0.0039866949008950225,16407632.634883456
2010-07-30,31.750751495361328,0.0,47.59999847412109,0.0,47.810001373291016,47.02999877929688,47.060001373291016,0.0,376400,0.004202575879389023,16376594.940975735
2010-08-02,32.47784805297852,0.0,48.68999862670898,0.0,48.720001220703125,48.150001525878906,48.33000183105469,0.0,388600,0.0034452812803874113,16417601.71275366
2010-08-03,32.311073303222656,0.0,48.43999862670898,0.0,48.70000076293945,48.310001373291016,48.56999969482422,0.0,684800,0.00336061598882805,16564101.121333288
2010-08-04,32.51785659790039,0.0,48.75,0.0,48.75,48.400001525878906,48.630001068115234,0.0,493800,0.003569441750438669,16609039.799653916
2010-08-05,32.4845085144043,0.0,48.70000076293945,0.0,48.709999084472656,48.31999969482422,48.41999816894531,0.0,201700,0.0039023893589089573,16491614.883477347
2010-08-06,32.32441329956055,0.0,48.459999084472656,0.0,48.540000915527344,47.88999938964844,48.2599983215332,0.0,205500,0.004145716448082452,16363392.151139274
2010-08-09,32.511173248291016,0.0,48.7400016784668,0.0,48.79999923706055,48.41999816894531,48.7400016784668,0.0,254100,0.0037882411850835825,16363138.452817524
2010-08-10,32.33108901977539,0.0,48.470001220703125,0.0,48.72999954223633,48.040000915527344,48.34999847412109,0.0,405100,0.003881459260332336,16372321.521686371
2010-08-11,31.410579681396484,0.0,47.09000015258789,0.0,47.77000045776367,47.060001373291016,47.77000045776367,0.0,305700,0.0038579960590442953,16379014.12049248
2010-08-12,31.31718635559082,0.0,46.95000076293945,0.0,47.09000015258789,46.33000183105469,46.40999984741211,0.0,323300,0.0035261136964941154,16393087.221442329
2010-08-13,31.21713638305664,0.0,46.79999923706055,0.0,47.06999969482422,46.7599983215332,46.7599983215332,0.0,214000,0.0033542680678733026,16379734.50829642
2010-08-16,31.18378639221192,0.0,46.75,0.0,46.86000061035156,46.29999923706055,46.45000076293945,0.0,814600,0.003251746432239946,16613715.395203847
2010-08-17,31.54397773742676,0.0,47.290000915527344,0.0,47.59000015258789,46.9900016784668,47.18000030517578,0.0,318700,0.002853771015548506,16635676.498182993
2010-08-18,31.58399772644043,0.0,47.34999847412109,0.0,47.58000183105469,46.9900016784668,47.27999877929688,0.0,459600,0.0031265521266308194,16554505.16820635
2010-08-19,31.010372161865234,0.0,46.4900016784668,0.0,47.20000076293945,46.290000915527344,47.150001525878906,0.0,324000,0.002568643836665143,16584826.884817699
2010-08-20,30.84358596801757,0.0,46.2400016784668,0.0,46.380001068115234,45.93000030517578,46.380001068115234,0.0,246400,0.002568643836665143,16575570.5744486
2010-08-23,30.776905059814453,0.0,46.13999938964844,0.0,46.68999862670898,46.119998931884766,46.38999938964844,0.0,270300,0.002568643836665143,16573060.888311598
2010-08-24,30.38334846496582,0.0,45.54999923706055,0.0,45.84999847412109,45.29999923706055,45.70000076293945,0.0,310800,0.002568643836665143,16577397.87021213
2010-08-25,30.4633903503418,0.0,45.66999816894531,0.0,45.79999923706055,44.959999084472656,45.220001220703125,0.0,320000,0.002869861750873021,16531773.02170708
2010-08-26,30.26327514648437,0.0,45.369998931884766,0.0,45.959999084472656,45.25,45.84000015258789,0.0,338000,0.0027819987669414153,16556969.36958858
2010-08-27,30.783578872680664,0.0,46.150001525878906,0.0,46.18000030517578,45.060001373291016,45.709999084472656,0.0,315000,0.0031117397930748012,16545599.48491596
2010-08-30,30.32330703735352,0.0,45.459999084472656,0.0,46.11000061035156,45.459999084472656,46.06999969482422,0.0,279400,0.003570800693491829,16534103.646360125
2010-08-31,30.403366088867188,0.0,45.58000183105469,0.0,45.79999923706055,45.130001068115234,45.25,0.0,923100,0.0032709029191235507,16752260.039629254
2010-09-01,31.29717445373535,0.0,46.91999816894531,0.0,46.970001220703125,46.11000061035156,46.18000030517578,0.0,445800,0.0030620771575129322,16797450.078867353
2010-09-02,31.55731773376465,0.0,47.310001373291016,0.0,47.33000183105469,46.90999984741211,47.04999923706055,0.0,547800,0.002729129549042644,16836577.180592977
2010-09-03,31.964204788208008,0.0,47.91999816894531,0.0,47.95000076293945,47.52000045776367,47.720001220703125,0.0,278700,0.0024858024598691493,16868227.605114285
2010-09-07,31.54397773742676,0.0,47.290000915527344,0.0,47.720001220703125,47.25,47.63999938964844,0.0,294200,0.0028322892219746405,16842518.68950072
2010-09-08,31.744083404541016,0.0,47.59000015258789,0.0,47.79999923706055,47.310001373291016,47.38999938964844,0.0,255500,0.003117669932833801,16798482.630360316
2010-09-09,31.990907669067383,0.0,47.959999084472656,0.0,48.20000076293945,47.810001373291016,48.13999938964844,0.0,294800,0.003067568326727994,16773249.556789702
2010-09-10,32.12430191040039,0.0,48.15999984741211,0.0,48.22999954223633,47.959999084472656,48.09000015258789,0.0,744100,0.0032038226001921757,16974709.44350409
2010-09-13,32.49782943725586,0.0,48.720001220703125,0.0,48.79999923706055,48.47999954223633,48.66999816894531,0.0,793400,0.003048039823196719,17177986.369284373
2010-09-14,32.43780517578125,0.0,48.630001068115234,0.0,48.869998931884766,48.38999938964844,48.650001525878906,0.0,474900,0.003288446993362468,17238085.950803
2010-09-15,32.5045166015625,0.0,48.72999954223633,0.0,48.77999877929688,48.290000915527344,48.47999954223633,0.0,285300,0.0035516058247385593,17192432.478686742
2010-09-16,32.43113708496094,0.0,48.619998931884766,0.0,48.66999816894531,48.400001525878906,48.58000183105469,0.0,228500,0.003107441746809223,17185529.066639856
2010-09-17,32.411128997802734,0.0,48.59000015258789,0.0,48.93000030517578,48.52000045776367,48.91999816894531,0.0,300500,0.0031074417468092233,17186879.98868246
2010-09-20,32.92475128173828,0.0,49.36000061035156,0.0,49.459999084472656,48.65999984741211,48.77999877929688,0.0,422500,0.00317972364335598,17238667.582160708
2010-09-21,32.83136749267578,0.0,49.220001220703125,0.0,49.59999847412109,49.08000183105469,49.40999984741211,0.0,308500,0.003213852525567833,17200158.26435089
2010-09-22,32.611236572265625,0.0,48.88999938964844,0.0,49.41999816894531,48.79999923706055,49.150001525878906,0.0,305300,0.0032362066964303064,17077293.58905308
2010-09-23,32.24435806274414,0.0,48.34000015258789,0.0,48.869998931884766,48.22999954223633,48.5099983215332,0.0,278200,0.0029349887822224282,16975487.740183633
2010-09-24,32.88706588745117,0.0,48.970001220703125,0.327,49.0,48.4900016784668,48.56999969482422,0.0,224600,0.00311341777411706,16963375.602822077
2010-09-27,32.71246337890625,0.0,48.709999084472656,0.0,49.04999923706055,48.65999984741211,49.04999923706055,0.0,255300,0.002770317055221139,16923576.670725383
2010-09-28,32.88034439086914,0.0,48.959999084472656,0.0,49.04999923706055,48.33000183105469,48.84000015258789,0.0,293600,0.0025547435443113477,16934996.59871298
2010-09-29,32.75275802612305,0.0,48.77000045776367,0.0,49.0,48.619998931884766,48.81999969482422,0.0,358100,0.0027870159421901465,16966575.5894888
2010-09-30,32.705745697021484,0.0,48.70000076293945,0.0,49.380001068115234,48.52999877929688,49.130001068115234,0.0,364500,0.002988060658487316,17013031.806264605
2010-10-01,32.91393280029297,0.0,49.0099983215332,0.0,49.119998931884766,48.68000030517578,49.06999969482422,0.0,287000,0.0032527748687514596,16987487.83826374
2010-10-04,32.69231414794922,0.0,48.68000030517578,0.0,49.15999984741211,48.47999954223633,48.97999954223633,0.0,327100,0.0035730860607220707,16980954.379920352
2010-10-05,33.3437385559082,0.0,49.650001525878906,0.0,49.7599983215332,49.02000045776367,49.09000015258789,0.0,376000,0.003387119754287484,17008020.69038512
2010-10-06,33.37732696533203,0.0,49.70000076293945,0.0,49.790000915527344,49.52999877929688,49.59999847412109,0.0,313100,0.003043004072956006,17022346.817316327
2010-10-07,33.35045623779297,0.0,49.65999984741211,0.0,49.95000076293945,49.38999938964844,49.95000076293945,0.0,289800,0.003182589178725577,17060714.817189414
2010-10-08,33.49148941040039,0.0,49.869998931884766,0.0,49.97999954223633,49.54999923706055,49.75,0.0,337100,0.0033275736235833598,17095631.570622277
2010-10-11,33.51834487915039,0.0,49.90999984741211,0.0,50.02000045776367,49.75,50.02000045776367,0.0,415700,0.0034187335821628086,17162159.532749843
2010-10-12,33.64594268798828,0.0,50.09999847412109,0.0,50.220001220703125,49.52999877929688,49.810001373291016,0.0,282200,0.0033015785545526303,17160440.165580265
2010-10-13,33.820556640625,0.0,50.36000061035156,0.0,50.63999938964844,50.18999862670898,50.41999816894531,0.0,307200,0.0030384197231765387,17144491.198006887
2010-10-14,33.64594268798828,0.0,50.09999847412109,0.0,50.34999847412109,49.7400016784668,50.34999847412109,0.0,418000,0.002866060703914384,17205774.687809415
2010-10-15,33.46461868286133,0.0,49.83000183105469,0.0,50.40999984741211,49.52999877929688,50.40999984741211,0.0,310000,0.0033255771960935833,17251605.456939574
2010-10-18,33.793697357177734,0.0,50.31999969482422,0.0,50.369998931884766,49.79999923706055,49.79999923706055,0.0,323900,0.003658553166216392,17282649.80392456
2010-10-19,33.29673385620117,0.0,49.58000183105469,0.0,50.119998931884766,49.310001373291016,49.75,0.0,389200,0.003938250879012185,17328516.088930767
2010-10-20,33.65266418457031,0.0,50.11000061035156,0.0,50.29999923706055,49.630001068115234,49.720001220703125,0.0,345000,0.004184678686330619,17393277.5987504
2010-10-21,33.65266418457031,0.0,50.11000061035156,0.0,50.54999923706055,49.79999923706055,50.34000015258789,0.0,275200,0.004391559096771169,17391868.728677053
2010-10-22,33.65936279296875,0.0,50.119998931884766,0.0,50.22999954223633,49.9900016784668,50.18999862670898,0.0,255600,0.0040392108806643085,17390933.1089595
2010-10-25,33.71981430053711,0.0,50.209999084472656,0.0,50.68999862670898,50.15999984741211,50.470001220703125,0.0,269900,0.003836689594932844,17329877.161041137
2010-10-26,33.66610336303711,0.0,50.130001068115234,0.0,50.209999084472656,49.900001525878906,49.970001220703125,0.0,199300,0.003593202205425608,17286527.238155548
2010-10-27,33.572078704833984,0.0,49.9900016784668,0.0,50.0099983215332,49.560001373291016,49.86000061035156,0.0,260800,0.003400453802575274,17294482.625095427
2010-10-28,33.605648040771484,0.0,50.040000915527344,0.0,50.31999969482422,49.81999969482422,50.209999084472656,0.0,237500,0.003199409086278104,17265271.438913498
2010-10-29,33.59894180297852,0.0,50.02999877929688,0.0,50.09000015258789,49.83000183105469,50.0,0.0,178100,0.0030885628195046473,17213458.64425538
2010-11-01,33.55863571166992,0.0,49.970001220703125,0.0,50.5099983215332,49.68000030517578,50.33000183105469,0.0,305300,0.002864587003084624,17211059.7983769
2010-11-02,33.7869758605957,0.0,50.310001373291016,0.0,50.40999984741211,50.15999984741211,50.29999923706055,0.0,218000,0.00279281999821637,17157659.638208058
2010-11-03,33.91457748413086,0.0,50.5,0.0,50.52000045776367,49.900001525878906,50.41999816894531,0.0,415300,0.002874614672793305,16867822.681372505
2010-11-04,34.633148193359375,0.0,51.56999969482422,0.0,51.59000015258789,51.0,51.09000015258789,0.0,367800,0.0027350295670237343,16699865.877006168
2010-11-05,34.84136199951172,0.0,51.880001068115234,0.0,51.970001220703125,51.54999923706055,51.65999984741211,0.0,456400,0.0024537908487017703,16717245.819969783
2010-11-08,34.73390579223633,0.0,51.720001220703125,0.0,51.77999877929688,51.459999084472656,51.709999084472656,0.0,280800,0.002614883786033194,16668513.708129762
2010-11-09,34.411529541015625,0.0,51.2400016784668,0.0,51.869998931884766,51.08000183105469,51.869998931884766,0.0,330700,0.0026370518232103598,16704544.713126289
2010-11-10,34.57944107055664,0.0,51.4900016784668,0.0,51.5,50.869998931884766,51.2599983215332,0.0,364900,0.0026619434807263653,16760515.2474691
2010-11-11,34.50556182861328,0.0,51.380001068115234,0.0,51.459999084472656,51.040000915527344,51.150001525878906,0.0,218500,0.0029608202135278277,16739405.205548
2010-11-12,34.14963150024414,0.0,50.84999847412109,0.0,51.2599983215332,50.630001068115234,51.060001373291016,0.0,385900,0.0026121204612621933,16693203.614013914
2010-11-15,34.136192321777344,0.0,50.83000183105469,0.0,51.27000045776367,50.810001373291016,51.08000183105469,0.0,226000,0.0025376815907116037,16534689.23321073
2010-11-16,33.59223175048828,0.0,50.02000045776367,0.0,50.52000045776367,49.7599983215332,50.52000045776367,0.0,364900,0.002223854995703959,16490329.182739863
2010-11-17,33.58549499511719,0.0,50.0099983215332,0.0,50.18999862670898,49.869998931884766,50.04999923706055,0.0,367700,0.0021113019849477895,16381313.028287131
2010-11-18,34.035457611083984,0.0,50.68000030517578,0.0,50.81999969482422,50.4900016784668,50.5,0.0,351900,0.0019044215745072392,16291626.927923778
2010-11-19,34.08246994018555,0.0,50.75,0.0,50.75,50.290000915527344,50.63999938964844,0.0,371200,0.001900033179223666,16255949.943796793
2010-11-22,33.93471145629883,0.0,50.52999877929688,0.0,50.59000015258789,49.9900016784668,50.52999877929688,0.0,215800,0.0022724638084732794,16133305.15775832
2010-11-23,33.4444694519043,0.0,49.79999923706055,0.0,50.0099983215332,49.68999862670898,50.0,0.0,434000,0.0024639125027294886,16113028.619866144
2010-11-24,33.88772201538086,0.0,50.459999084472656,0.0,50.459999084472656,50.09999847412109,50.119998931884766,0.0,465600,0.00245264194385462,16173781.001036508
2010-11-26,33.58549499511719,0.0,50.0099983215332,0.0,50.25,49.93999862670898,50.060001373291016,0.0,119300,0.0027286803631118893,16079555.781969948
2010-11-29,33.61236572265625,0.0,50.04999923706055,0.0,50.150001525878906,49.43000030517578,49.72999954223633,0.0,210900,0.002574812419621202,15934926.203264508
2010-11-30,33.39075469970703,0.0,49.720001220703125,0.0,50.0,49.52999877929688,49.61000061035156,0.0,403800,0.0028171565909914315,16007533.334438385
2010-12-01,34.11604690551758,0.0,50.79999923706055,0.0,50.84000015258789,50.45000076293945,50.45000076293945,0.0,247100,0.0028026898777503365,16035108.572878156
2010-12-02,34.58616256713867,0.0,51.5,0.0,51.5099983215332,50.869998931884766,50.91999816894531,0.0,281900,0.0026864120983969655,16026757.29002574
2010-12-03,34.686893463134766,0.0,51.650001525878906,0.0,51.70000076293945,51.2599983215332,51.31999969482422,0.0,433000,0.0026864120983969655,16051835.839038424
2010-12-06,34.639888763427734,0.0,51.58000183105469,0.0,51.70000076293945,51.43000030517578,51.47999954223633,0.0,344400,0.002864625574869759,15985524.287117852
2010-12-07,34.686893463134766,0.0,51.650001525878906,0.0,52.08000183105469,51.630001068115234,52.0099983215332,0.0,549200,0.0026123726789588865,16102594.932998173
2010-12-08,34.861507415771484,0.0,51.90999984741211,0.0,51.93999862670898,51.54999923706055,51.7400016784668,0.0,260400,0.0026196906937020017,16102099.172516475
2010-12-09,35.0562629699707,0.0,52.20000076293945,0.0,52.25,51.91999816894531,52.20000076293945,0.0,215100,0.002594799036185996,16109365.555560399
2010-12-10,35.31816482543945,0.0,52.59000015258789,0.0,52.630001068115234,52.2599983215332,52.369998931884766,0.0,317500,0.0022959223033845342,16108129.505554078
2010-12-13,35.35174560546875,0.0,52.63999938964844,0.0,52.869998931884766,52.619998931884766,52.86000061035156,0.0,293200,0.0021851055634709684,16143681.113875858
2010-12-14,35.38532638549805,0.0,52.68999862670898,0.0,52.900001525878906,52.52999877929688,52.72999954223633,0.0,303100,0.0020293751785531926,16189911.68815976
2010-12-15,35.197288513183594,0.0,52.40999984741211,0.0,52.790000915527344,52.34999847412109,52.58000183105469,0.0,405400,0.0020863439822880786,16299068.544811673
2010-12-16,35.40548324584961,0.0,52.720001220703125,0.0,52.7599983215332,52.290000915527344,52.459999084472656,0.0,438100,0.002260363984846269,16429746.816913666
2010-12-17,35.43905258178711,0.0,52.77000045776367,0.0,52.79999923706055,52.5,52.63999938964844,0.0,282800,0.002369281547914082,16448523.024604434
2010-12-20,35.5464973449707,0.0,52.93000030517578,0.0,53.04999923706055,52.720001220703125,52.86000061035156,0.0,458200,0.002283313082334534,16481115.336263748
2010-12-21,35.80170822143555,0.0,53.310001373291016,0.0,53.369998931884766,53.09999847412109,53.119998931884766,0.0,400500,0.0019108824530849207,16545952.94938163
2010-12-22,36.0233154296875,0.0,53.63999938964844,0.0,53.63999938964844,53.34999847412109,53.400001525878906,0.0,233600,0.0017194337588287115,16552449.01692224
2010-12-23,35.9561653137207,0.0,53.540000915527344,0.0,53.65999984741211,53.43000030517578,53.52999877929688,0.0,1052300,0.0018267015791624708,16884375.198794167
2010-12-27,36.01228332519531,0.0,53.27000045776367,0.353,53.27999877929688,52.970001220703125,53.060001373291016,0.0,246900,0.0015506631599052014,16881039.269350447
2010-12-28,36.07987594604492,0.0,53.369998931884766,0.0,53.43000030517578,53.20000076293945,53.34000015258789,0.0,251100,0.0015506631599052014,16791363.90941559
2010-12-29,36.09341430664063,0.0,53.38999938964844,0.0,53.52000045776367,53.369998931884766,53.52000045776367,0.0,233600,0.0012119836129843842,16713877.561490498
2010-12-30,36.03931427001953,0.0,53.310001373291016,0.0,53.41999816894531,53.22999954223633,53.34999847412109,0.0,256500,0.001137696875422828,16594112.946022881
2010-12-31,36.0528450012207,0.0,53.33000183105469,0.0,53.41999816894531,53.15999984741211,53.25,0.0,326500,0.0012780256412769056,16539184.323852781
2011-01-03,36.47198867797852,0.0,53.95000076293945,0.0,54.119998931884766,53.709999084472656,53.790000915527344,0.0,360300,0.0012780256412769056,16578492.449820988
2011-01-04,36.53281784057617,0.0,54.040000915527344,0.0,54.119998931884766,53.68999862670898,54.119998931884766,0.0,475500,0.0014672522091150025,16697261.310135372
2011-01-05,36.69507598876953,0.0,54.27999877929688,0.0,54.31999969482422,53.81999969482422,53.880001068115234,0.0,389100,0.001533258770761934,16793690.677270435
2011-01-06,36.59367370605469,0.0,54.130001068115234,0.0,54.36000061035156,54.0099983215332,54.34999847412109,0.0,1395000,0.0015370208282620645,17268575.40582021
2011-01-07,36.50578308105469,0.0,54.0,0.0,54.27999877929688,53.56999969482422,54.16999816894531,0.0,360500,0.001540199605705918,17276181.595336065
2011-01-10,36.40438079833984,0.0,53.84999847412109,0.0,53.93000030517578,53.52999877929688,53.790000915527344,0.0,290900,0.0017760922107583211,17264013.709982615
2011-01-11,36.5531005859375,0.0,54.06999969482422,0.0,54.20000076293945,53.880001068115234,54.06999969482422,0.0,331800,0.0017760922107583211,17296326.470017813
2011-01-12,36.89113235473633,0.0,54.56999969482422,0.0,54.650001525878906,54.33000183105469,54.34000015258789,0.0,279100,0.0016010035995571215,17340541.44800277
2011-01-13,36.823524475097656,0.0,54.470001220703125,0.0,54.59999847412109,54.33000183105469,54.59000015258789,0.0,273600,0.0017628298214445958,17354856.9737722
2011-01-14,37.11420822143555,0.0,54.900001525878906,0.0,54.90999984741211,54.369998931884766,54.38999938964844,0.0,379200,0.0014854127091575087,17451762.169517033
2011-01-18,37.12772750854492,0.0,54.91999816894531,0.0,54.970001220703125,54.7599983215332,54.90999984741211,0.0,631600,0.0013764951460896954,17633765.57181525
2011-01-19,36.74239349365234,0.0,54.34999847412109,0.0,54.900001525878906,54.22999954223633,54.900001525878906,0.0,319500,0.0013764951460896954,17697287.988580976
2011-01-20,36.75592041015625,0.0,54.369998931884766,0.0,54.5,54.0099983215332,54.27000045776367,0.0,451100,0.0013764951460896954,17824792.82776969
2011-01-21,36.99253082275391,0.0,54.720001220703125,0.0,54.88999938964844,54.59999847412109,54.70000076293945,0.0,323200,0.0013764951460896954,17847105.97299848
2011-01-24,37.13449478149414,0.0,54.93000030517578,0.0,55.0,54.709999084472656,54.7400016784668,0.0,438300,0.001263269025751662,17946202.235672966
2011-01-25,37.154762268066406,0.0,54.959999084472656,0.0,55.040000915527344,54.540000915527344,54.84999847412109,0.0,450100,0.0014347662382056868,18047724.318501305
2011-01-26,37.25617980957031,0.0,55.11000061035156,0.0,55.27999877929688,55.0099983215332,55.08000183105469,0.0,367800,0.0014347662382056868,18144144.032302734
2011-01-27,37.391395568847656,0.0,55.310001373291016,0.0,55.34000015258789,55.040000915527344,55.130001068115234,0.0,483100,0.0015958833897769423,18279995.814368837
2011-01-28,36.796485900878906,0.0,54.43000030517578,0.0,55.4900016784668,54.40999984741211,55.34999847412109,0.0,879600,0.0016849450264163983,18517773.5035972
2011-01-31,37.080413818359375,0.0,54.84999847412109,0.0,54.91999816894531,54.54999923706055,54.68000030517578,0.0,432400,0.0016815988320440407,18555838.6295803
2011-02-01,37.76321029663086,0.0,55.86000061035156,0.0,55.91999816894531,55.209999084472656,55.209999084472656,0.0,496500,0.0016815988320440407,18512686.08389355
2011-02-02,37.641510009765625,0.0,55.68000030517578,0.0,55.869998931884766,55.65999984741211,55.68000030517578,0.0,247100,0.001379747449948719,18430827.17973013
2011-02-03,37.74969482421875,0.0,55.84000015258789,0.0,55.900001525878906,55.27000045776367,55.619998931884766,0.0,286400,0.0013872805952309687,18479793.73441121
2011-02-04,37.76996994018555,0.0,55.869998931884766,0.0,55.88999938964844,55.52000045776367,55.86000061035156,0.0,375300,0.001448404364196295,18567170.566056266
2011-02-07,38.047149658203125,0.0,56.27999877929688,0.0,56.40999984741211,56.02000045776367,56.02000045776367,0.0,509200,0.0014452255867524412,18696320.891071502
2011-02-08,38.21613311767578,0.0,56.52999877929688,0.0,56.54999923706055,56.18999862670898,56.380001068115234,0.0,475000,0.0012109255383017958,18753595.11270372
2011-02-09,38.08094787597656,0.0,56.33000183105469,0.0,56.47999954223633,56.060001373291016,56.31999969482422,0.0,321300,0.0014532111202749738,18782987.30747889
2011-02-10,38.12826919555664,0.0,56.400001525878906,0.0,56.47999954223633,56.0,56.09000015258789,0.0,252200,0.0017916049293994958,18775409.09428975
2011-02-11,38.33783721923828,0.0,56.709999084472656,0.0,56.79999923706055,56.119998931884766,56.209999084472656,0.0,284600,0.0016424547176236595,18824015.96653348
2011-02-14,38.466270446777344,0.0,56.900001525878906,0.0,56.93999862670898,56.59999847412109,56.68000030517578,0.0,327400,0.0015896228599278177,18669623.192720566
2011-02-15,38.33107376098633,0.0,56.70000076293945,0.0,56.79999923706055,56.560001373291016,56.7400016784668,0.0,333800,0.0017515358177521635,18700219.517822873
2011-02-16,38.567684173583984,0.0,57.04999923706055,0.0,57.119998931884766,56.79999923706055,56.93000030517578,0.0,293500,0.0017515358177521635,18660395.03748455
2011-02-17,38.76373672485352,0.0,57.34000015258789,0.0,57.400001525878906,56.93999862670898,56.93999862670898,0.0,1130100,0.0017515358177521635,19055134.510727536
2011-02-18,38.871917724609375,0.0,57.5,0.0,57.5099983215332,57.27000045776367,57.38999938964844,0.0,304600,0.0017515358177521635,19103713.58681028
2011-02-22,38.18235397338867,0.0,56.47999954223633,0.0,57.29999923706055,56.31999969482422,56.95000076293945,0.0,425600,0.0017687711325018122,19195509.189748008
2011-02-23,37.99305725097656,0.0,56.20000076293945,0.0,56.61000061035156,55.90999984741211,56.4900016784668,0.0,979300,0.0015972739200477873,19519951.419781882
2011-02-24,37.89842224121094,0.0,56.060001373291016,0.0,56.27000045776367,55.58000183105469,56.060001373291016,0.0,473300,0.0015972739200477873,19614545.064511374
2011-02-25,38.27022552490234,0.0,56.61000061035156,0.0,56.650001525878906,56.27000045776367,56.33000183105469,0.0,299300,0.0014361567684765318,19627309.45771535
2011-02-28,38.57443618774414,0.0,57.060001373291016,0.0,57.09999847412109,56.7400016784668,56.84999847412109,0.0,359000,0.0013470951318370757,19674510.17209916
2011-03-01,37.95251083374024,0.0,56.13999938964844,0.0,57.27000045776367,56.13999938964844,57.2400016784668,0.0,302200,0.0013283539589905096,19708351.315522574
2011-03-02,37.98629760742188,0.0,56.18999862670898,0.0,56.43999862670898,55.97999954223633,56.08000183105469,0.0,460700,0.0013283539589905096,19579873.797086686
2011-03-03,38.62175750732422,0.0,57.130001068115234,0.0,57.209999084472656,56.70000076293945,56.720001220703125,0.0,488200,0.0012627652967749407,19635222.458497304
2011-03-04,38.29051208496094,0.0,56.63999938964844,0.0,57.130001068115234,56.27999877929688,57.11000061035156,0.0,431400,0.001318574402157311,19623461.164722744
2011-03-07,38.047149658203125,0.0,56.27999877929688,0.0,56.97999954223633,56.060001373291016,56.7400016784668,0.0,343400,0.001489839948898859,19670852.02258882
2011-03-08,38.44600296020508,0.0,56.869998931884766,0.0,57.06999969482422,56.25,56.36000061035156,0.0,385200,0.001963645708143452,19734293.334646072
2011-03-09,38.466270446777344,0.0,56.900001525878906,0.0,57.02999877929688,56.52999877929688,56.75,0.0,286700,0.0022600293466386928,19767261.472729273
2011-03-10,37.69559097290039,0.0,55.7599983215332,0.0,56.31999969482422,55.70000076293945,56.31999969482422,0.0,390500,0.0021165102516192465,19827862.041097973
2011-03-11,37.9389877319336,0.0,56.119998931884766,0.0,56.33000183105469,55.5099983215332,55.5099983215332,0.0,479000,0.002225828173161506,19756795.56174808
2011-03-14,37.70911407470703,0.0,55.77999877929688,0.0,55.88999938964844,55.380001068115234,55.7400016784668,0.0,308900,0.0024711782692447234,19586763.757418074
2011-03-15,37.289981842041016,0.0,55.15999984741211,0.0,55.45000076293945,54.22999954223633,54.27000045776367,0.0,459500,0.0024711782692447234,19604633.856010437
2011-03-16,36.607200622558594,0.0,54.150001525878906,0.0,55.15999984741211,53.810001373291016,55.02999877929688,0.0,997600,0.00270498723042315,19923025.702461366
2011-03-17,37.107452392578125,0.0,54.88999938964844,0.0,55.04999923706055,54.52000045776367,54.95000076293945,0.0,873700,0.0029277671502287903,20215467.946197875
2011-03-18,37.36434173583984,0.0,55.27000045776367,0.0,55.66999816894531,55.13999938964844,55.66999816894531,0.0,604900,0.0029277671502287903,20364924.519460164
2011-03-21,37.87812805175781,0.0,56.02999877929688,0.0,56.130001068115234,55.880001068115234,55.97999954223633,0.0,985700,0.003049823281178093,20637735.38881635
2011-03-22,37.742923736572266,0.0,55.83000183105469,0.0,56.09000015258789,55.790000915527344,56.06999969482422,0.0,359600,0.0031191510876016973,20676561.56565651
2011-03-23,37.76321029663086,0.0,55.86000061035156,0.0,55.9900016784668,55.380001068115234,55.59999847412109,0.0,272100,0.0031191510876016973,20678731.322421726
2011-03-24,38.047149658203125,0.0,56.27999877929688,0.0,56.369998931884766,55.84000015258789,56.15999984741211,0.0,353000,0.0031191510876016973,20729673.001204595
2011-03-25,38.18107604980469,0.0,56.15999984741211,0.317,56.38999938964844,56.0,56.08000183105469,0.0,410800,0.0033509859288843404,20825481.45884862
2011-03-28,38.11309051513672,0.0,56.060001373291016,0.0,56.43999862670898,56.060001373291016,56.2400016784668,0.0,430000,0.0035753586952530204,20918101.600310914
2011-03-29,38.317039489746094,0.0,56.36000061035156,0.0,56.38999938964844,55.79999923706055,56.040000915527344,0.0,277600,0.003589458440452916,20928187.9529953
2011-03-30,38.63658142089844,0.0,56.83000183105469,0.0,57.0,56.619998931884766,56.68999862670898,0.0,378500,0.003589458440452916,20960296.036559816
2011-03-31,38.561805725097656,0.0,56.720001220703125,0.0,56.90999984741211,56.70000076293945,56.810001373291016,0.0,436400,0.0037045684185625914,21015863.165564764
2011-04-01,38.77936172485352,0.0,57.040000915527344,0.0,57.22999954223633,56.900001525878906,57.119998931884766,0.0,367200,0.003662749687894154,21070460.140310016
2011-04-04,38.81333541870117,0.0,57.09000015258789,0.0,57.2400016784668,56.970001220703125,57.18999862670898,0.0,288900,0.0034563882390638324,21074984.52875652
2011-04-05,38.84053421020508,0.0,57.130001068115234,0.0,57.34000015258789,56.959999084472656,56.959999084472656,0.0,361500,0.003164815998872513,21090731.312981863
2011-04-06,38.99689865112305,0.0,57.36000061035156,0.0,57.43000030517578,57.150001525878906,57.38999938964844,0.0,273800,0.002913187400112861,21091874.947332956
2011-04-07,38.88813400268555,0.0,57.20000076293945,0.0,57.43999862670898,56.93999862670898,57.29999923706055,0.0,379400,0.002968127081985153,21149892.50553676
2011-04-08,38.77936172485352,0.0,57.040000915527344,0.0,57.5,56.83000183105469,57.470001220703125,0.0,290900,0.0028706732545245653,21148160.439079527
2011-04-11,38.64338684082031,0.0,56.84000015258789,0.0,57.27999877929688,56.720001220703125,57.09000015258789,0.0,282100,0.0027531073526941368,21110755.495480128
2011-04-12,38.32384490966797,0.0,56.369998931884766,0.0,56.56999969482422,56.150001525878906,56.47999954223633,0.0,406100,0.0027531073526941368,21180228.80497887
2011-04-13,38.23546600341797,0.0,56.2400016784668,0.0,56.68000030517578,56.08000183105469,56.65999984741211,0.0,324300,0.0026410229358585016,21202197.3792394
2011-04-14,38.25585174560547,0.0,56.27000045776367,0.0,56.38999938964844,55.7400016784668,55.900001525878906,0.0,299800,0.0024182430160528613,21169879.49650174
2011-04-15,38.4802131652832,0.0,56.59999847412109,0.0,56.72999954223633,56.36000061035156,56.43999862670898,0.0,370700,0.0024182430160528613,21213802.66211071
2011-04-18,37.97712326049805,0.0,55.86000061035156,0.0,56.0,55.5,56.0,0.0,393900,0.0022961868851035586,21259077.315596927
2011-04-19,38.2082633972168,0.0,56.20000076293945,0.0,56.220001220703125,55.869998931884766,55.93000030517578,0.0,386500,0.002187328627780983,21278321.47101145
2011-04-20,38.67057037353516,0.0,56.880001068115234,0.0,57.02000045776367,56.7599983215332,56.90999984741211,0.0,381400,0.002187328627780983,21313290.37733532
2011-04-21,38.77936172485352,0.0,57.040000915527344,0.0,57.13999938964844,56.869998931884766,57.13999938964844,0.0,314100,0.002187328627780983,21346036.346538484
2011-04-25,38.75217056274414,0.0,57.0,0.0,57.08000183105469,56.86000061035156,56.93999862670898,0.0,287600,0.002100216639520937,21374469.110609993
2011-04-26,39.15327835083008,0.0,57.59000015258789,0.0,57.66999816894531,57.16999816894531,57.25,0.0,342000,0.001875843873152256,21423231.819334485
2011-04-27,39.42522811889648,0.0,57.9900016784668,0.0,58.09000015258789,57.5,57.72999954223633,0.0,331600,0.0017435027293172072,21496553.84587182
2011-04-28,39.60197830200195,0.0,58.25,0.0,58.29999923706055,57.88999938964844,57.97999954223633,0.0,470800,0.0017435027293172072,21610734.06461988
2011-04-29,39.70396041870117,0.0,58.400001525878906,0.0,58.41999816894531,58.13999938964844,58.209999084472656,0.0,465000,0.001628392751207532,21731936.449477784
2011-05-02,39.64277648925781,0.0,58.310001373291016,0.0,58.75,58.20000076293945,58.75,0.0,398800,0.0015558906911238629,21845775.225391086
2011-05-03,39.533992767333984,0.0,58.150001525878906,0.0,58.31999969482422,57.84999847412109,58.22999954223633,0.0,480100,0.001373362572271329,21946267.085390244
2011-05-04,39.24845886230469,0.0,57.72999954223633,0.0,58.15999984741211,57.5,58.130001068115234,0.0,515100,0.0011911290532180547,22095228.5335238
2011-05-05,38.86094284057617,0.0,57.15999984741211,0.0,57.66999816894531,56.869998931884766,57.45000076293945,0.0,358100,0.0011447814568807085,22091231.279121883
2011-05-06,38.99689865112305,0.0,57.36000061035156,0.0,57.93999862670898,57.150001525878906,57.7400016784668,0.0,326900,0.0011052595264514622,22089513.329215277
2011-05-09,39.12607955932617,0.0,57.54999923706055,0.0,57.68999862670898,57.209999084472656,57.369998931884766,0.0,335700,0.001037775633602947,22054922.077281892
2011-05-10,39.45242691040039,0.0,58.02999877929688,0.0,58.150001525878906,57.66999816894531,57.709999084472656,0.0,333600,0.000840346625503634,22093301.69037713
2011-05-11,39.037689208984375,0.0,57.41999816894531,0.0,57.959999084472656,57.18000030517578,57.959999084472656,0.0,424400,0.0008730535962090197,22152222.15599484
2011-05-12,39.19405364990234,0.0,57.650001525878906,0.0,57.75,56.959999084472656,57.29999923706055,0.0,572000,0.0008208288707720963,22264818.181870475
2011-05-13,38.89493942260742,0.0,57.209999084472656,0.0,57.75,56.970001220703125,57.70000076293945,0.0,323900,0.0014945846389701092,22322784.75702982
2011-05-16,38.75896072387695,0.0,57.0099983215332,0.0,57.52999877929688,56.90999984741211,57.060001373291016,0.0,404500,0.0018247594129806003,22350066.740441702
2011-05-17,38.75896072387695,0.0,57.0099983215332,0.0,57.09000015258789,56.59999847412109,56.810001373291016,0.0,420000,0.0018247594129806003,22448928.795054603
2011-05-18,39.09889221191406,0.0,57.5099983215332,0.0,57.560001373291016,56.95000076293945,57.08000183105469,0.0,525600,0.0018247594129806003,22543968.13593365
2011-05-19,39.15327835083008,0.0,57.59000015258789,0.0,57.7400016784668,57.27999877929688,57.720001220703125,0.0,365900,0.0018247594129806003,22565265.792068604
2011-05-20,38.8065299987793,0.0,57.08000183105469,0.0,57.4900016784668,57.0099983215332,57.47999954223633,0.0,333500,0.001897934545990292,22574804.589713566
2011-05-23,38.35783767700195,0.0,56.41999816894531,0.0,56.619998931884766,56.27000045776367,56.40999984741211,0.0,513700,0.0017532116929676958,22655316.915581718
2011-05-24,38.35783767700195,0.0,56.41999816894531,0.0,56.720001220703125,56.310001373291016,56.58000183105469,0.0,366000,0.0019437208116738919,22732660.928226653
2011-05-25,38.45302581787109,0.0,56.560001373291016,0.0,56.790000915527344,56.11000061035156,56.18000030517578,0.0,364800,0.0021870588157786018,22724882.268163893
2011-05-26,38.57540130615234,0.0,56.7400016784668,0.0,56.84000015258789,56.20000076293945,56.38999938964844,0.0,256100,0.002622406240255691,22653746.86226012
2011-05-27,38.77254867553711,0.0,57.02999877929688,0.0,57.16999816894531,56.88999938964844,56.91999816894531,0.0,207800,0.002622406240255691,22700450.361836147
2011-05-31,39.16007614135742,0.0,57.59999847412109,0.0,57.650001525878906,57.18999862670898,57.59000015258789,0.0,397500,0.0026073782186962465,22798390.477346994
2011-06-01,38.269439697265625,0.0,56.290000915527344,0.0,57.43999862670898,56.2400016784668,57.43000030517578,0.0,566400,0.0026804057952207064,22892086.668026637
2011-06-02,38.1878776550293,0.0,56.16999816894531,0.0,56.45000076293945,55.86000061035156,56.38999938964844,0.0,458300,0.0026804057952207064,22996769.44857703
2011-06-03,37.84114456176758,0.0,55.65999984741211,0.0,56.06999969482422,55.45000076293945,55.5099983215332,0.0,419300,0.0026804057952207064,23066772.527434334
2011-06-06,37.412841796875,0.0,55.02999877929688,0.0,55.54999923706055,54.93000030517578,55.540000915527344,0.0,456300,0.002566221556823929,23088564.09713503
2011-06-07,37.37202835083008,0.0,54.970001220703125,0.0,55.45000076293945,54.970001220703125,55.34000015258789,0.0,330600,0.0026423700586259537,23091809.571523514
2011-06-08,37.25645446777344,0.0,54.79999923706055,0.0,55.150001525878906,54.70000076293945,54.959999084472656,0.0,484400,0.0026423700586259537,23077356.704796687
2011-06-09,37.53520584106445,0.0,55.209999084472656,0.0,55.43999862670898,54.81999969482422,54.970001220703125,0.0,254100,0.0027111426894635346,23081416.20326572
2011-06-10,37.08649063110352,0.0,54.54999923706055,0.0,55.0,54.33000183105469,55.0,0.0,467000,0.0025078430299615238,23194484.691199046
2011-06-13,37.1884765625,0.0,54.70000076293945,0.0,54.95000076293945,54.459999084472656,54.630001068115234,0.0,311300,0.0021870658730568926,23197109.97047727
2011-06-14,37.59638595581055,0.0,55.29999923706055,0.0,55.540000915527344,55.18999862670898,55.22999954223633,0.0,268800,0.0018835207860736249,23192590.859158833
2011-06-15,36.93011474609375,0.0,54.31999969482422,0.0,54.97999954223633,54.150001525878906,54.880001068115234,0.0,500000,0.0018835207860736249,23281397.69458468
2011-06-16,37.072898864746094,0.0,54.52999877929688,0.0,54.75,54.130001068115234,54.34000015258789,0.0,375900,0.0022965377319113813,23275451.762862433
2011-06-17,37.24967575073242,0.0,54.790000915527344,0.0,55.09999847412109,54.58000183105469,55.09999847412109,0.0,474100,0.0022965377319113813,23298303.404920064
2011-06-20,37.406036376953125,0.0,55.02000045776367,0.0,55.13999938964844,54.540000915527344,54.619998931884766,0.0,234400,0.002650330209493764,23282218.73807756
2011-06-21,37.820743560791016,0.0,55.630001068115234,0.0,55.75,55.20000076293945,55.31999969482422,0.0,296400,0.002650330209493764,23220601.326781984
2011-06-22,37.59638595581055,0.0,55.29999923706055,0.0,55.810001373291016,55.29999923706055,55.5099983215332,0.0,351900,0.0027642288506762283,23205596.677428957
2011-06-23,37.406036376953125,0.0,55.02000045776367,0.0,55.04999923706055,54.2599983215332,54.68000030517578,0.0,794100,0.002520890846571518,23452906.824302673
2011-06-24,37.01625061035156,0.0,54.130001068115234,0.32,54.77999877929688,54.060001373291016,54.77999877929688,0.0,277200,0.0027013687415429017,23124848.834879436
2011-06-27,37.282936096191406,0.0,54.52000045776367,0.0,54.70000076293945,54.09999847412109,54.16999816894531,0.0,340100,0.003183530577343781,23167625.732043434
2011-06-28,37.63853454589844,0.0,55.040000915527344,0.0,55.060001373291016,54.630001068115234,54.77000045776367,0.0,241500,0.003183530577343781,23166760.28354584
2011-06-29,38.007808685302734,0.0,55.58000183105469,0.0,55.650001525878906,55.18999862670898,55.310001373291016,0.0,1008600,0.00311050300081932,23512681.600921873
2011-06-30,38.32920455932617,0.0,56.04999923706055,0.0,56.130001068115234,55.650001525878906,55.810001373291016,0.0,346700,0.00311050300081932,23558384.13570949
2011-07-01,38.88995742797852,0.0,56.869998931884766,0.0,56.95000076293945,56.02999877929688,56.119998931884766,0.0,328100,0.00311050300081932,23568279.38215165
2011-07-05,38.73952102661133,0.0,56.650001525878906,0.0,56.84000015258789,56.5,56.84000015258789,0.0,330500,0.003239524260282783,23562601.92365495
2011-07-06,38.7326774597168,0.0,56.63999938964844,0.0,56.70000076293945,56.34000015258789,56.56999969482422,0.0,354800,0.00288060174812308,23518156.299433634
2011-07-07,39.10878753662109,0.0,57.18999862670898,0.0,57.31999969482422,56.9900016784668,57.16999816894531,0.0,487900,0.00288060174812308,23571986.87725067
2011-07-08,38.79423141479492,0.0,56.72999954223633,0.0,56.7599983215332,56.36000061035156,56.560001373291016,0.0,318700,0.0027791221465801133,23116181.31664821
2011-07-11,38.12405776977539,0.0,55.75,0.0,56.130001068115234,55.59999847412109,56.09000015258789,0.0,268700,0.0029727966355350332,23080570.403949797
2011-07-12,37.987300872802734,0.0,55.54999923706055,0.0,56.09000015258789,55.5099983215332,55.5099983215332,0.0,893500,0.002977819325031204,23350165.322697353
2011-07-13,38.0830307006836,0.0,55.68999862670898,0.0,56.2599983215332,55.56999969482422,55.84000015258789,0.0,486400,0.0033221256965609526,23422762.06423139
2011-07-14,37.86418914794922,0.0,55.369998931884766,0.0,56.09000015258789,55.29999923706055,55.93000030517578,0.0,327600,0.003514100698794665,23445847.181177896
2011-07-15,37.93941879272461,0.0,55.47999954223633,0.0,55.65999984741211,55.13999938964844,55.65999984741211,0.0,276300,0.0031010837529569088,23449229.177523416
2011-07-18,37.55647277832031,0.0,54.91999816894531,0.0,55.2599983215332,54.560001373291016,55.2599983215332,0.0,272600,0.0031010837529569088,23402825.295953903
2011-07-19,38.014644622802734,0.0,55.59000015258789,0.0,55.650001525878906,55.09000015258789,55.15999984741211,0.0,312600,0.0026741161423648337,23265444.051542737
2011-07-20,38.09670639038086,0.0,55.709999084472656,0.0,55.900001525878906,55.560001373291016,55.7400016784668,0.0,240500,0.0026741161423648337,23233963.339378722
2011-07-21,38.66429138183594,0.0,56.540000915527344,0.0,56.709999084472656,55.970001220703125,56.08000183105469,0.0,297600,0.002369708382476174,23172852.210444495
2011-07-22,38.6232795715332,0.0,56.47999954223633,0.0,56.630001068115234,56.22999954223633,56.540000915527344,0.0,292200,0.00258586234269208,23163470.872918386
2011-07-25,38.3565559387207,0.0,56.09000015258789,0.0,56.33000183105469,55.84000015258789,55.970001220703125,0.0,259400,0.0019700370232436076,23087867.118202694
2011-07-26,38.18560409545898,0.0,55.84000015258789,0.0,56.130001068115234,55.75,56.06999969482422,0.0,402900,0.0015744341793006325,23070092.836246792
2011-07-27,37.47441482543945,0.0,54.79999923706055,0.0,55.56999969482422,54.72999954223633,55.560001373291016,0.0,521900,0.0015744341793006325,23136209.19638437
2011-07-28,37.25558471679688,0.0,54.47999954223633,0.0,55.150001525878906,54.400001525878906,54.7599983215332,0.0,361900,0.0015744341793006325,23080622.2929788
2011-07-29,36.988887786865234,0.0,54.09000015258789,0.0,54.59999847412109,53.70000076293945,53.95000076293945,0.0,458100,0.0015744341793006325,22897304.839022197
2011-08-01,36.893157958984375,0.0,53.95000076293945,0.0,54.869998931884766,53.459999084472656,54.84999847412109,0.0,609700,0.0021602833272438143,22970131.63366469
2011-08-02,35.96311569213867,0.0,52.59000015258789,0.0,53.7400016784668,52.59000015258789,53.560001373291016,0.0,733900,0.002031262067780352,23056332.513100762
2011-08-03,36.079376220703125,0.0,52.7599983215332,0.0,52.77000045776367,51.7400016784668,52.619998931884766,0.0,857400,0.002031262067780352,23306157.07250928
2011-08-04,34.34927749633789,0.0,50.22999954223633,0.0,52.09000015258789,50.209999084472656,52.0099983215332,0.0,868200,0.0026129717574112084,23525340.48170665
2011-08-05,34.25352096557617,0.0,50.09000015258789,0.0,50.959999084472656,48.81999969482422,50.81999969482422,0.0,895300,0.0026129717574112084,23714844.978035823
2011-08-08,31.8942813873291,0.0,46.63999938964844,0.0,49.29999923706055,46.540000915527344,48.70000076293945,0.0,856100,0.002391184151228086,23804295.201044235
2011-08-09,33.46028137207031,0.0,48.93000030517578,0.0,48.93000030517578,45.79999923706055,47.5,0.0,1005200,0.003728786864801573,23981538.747763254
2011-08-10,31.887435913085938,0.0,46.630001068115234,0.0,48.36000061035156,46.560001373291016,48.02000045776367,0.0,758700,0.004551162188520731,24118676.46381136
2011-08-11,33.39189529418945,0.0,48.83000183105469,0.0,49.5,46.93999862670898,46.959999084472656,0.0,714500,0.005637421487057684,24282684.0505055
2011-08-12,33.494468688964844,0.0,48.97999954223633,0.0,49.709999084472656,48.77000045776367,49.41999816894531,0.0,475600,0.005637421487057684,24339471.52703603
2011-08-15,34.39713668823242,0.0,50.29999923706055,0.0,50.29999923706055,49.5099983215332,49.5099983215332,0.0,419100,0.0061941522347278444,24358929.218946185
2011-08-16,34.04838180541992,0.0,49.790000915527344,0.0,50.2599983215332,49.36000061035156,49.79999923706055,0.0,449100,0.006913248456241428,24386185.005902488
2011-08-17,34.15094757080078,0.0,49.93999862670898,0.0,50.52999877929688,49.58000183105469,50.11000061035156,0.0,405400,0.00724864439737821,24413974.69373733
2011-08-18,32.78326797485352,0.0,47.93999862670898,0.0,48.65999984741211,47.47999954223633,48.65999984741211,0.0,639200,0.00724864439737821,24142889.87587823
2011-08-19,32.23619079589844,0.0,47.13999938964844,0.0,48.43000030517578,47.130001068115234,47.25,0.0,663000,0.007599767892286032,24251932.09488884
2011-08-22,32.229373931884766,0.0,47.130001068115234,0.0,48.27000045776367,47.0,48.27000045776367,0.0,347800,0.008580343119272407,24191248.972399272
2011-08-23,33.20041275024414,0.0,48.54999923706055,0.0,48.560001373291016,47.0099983215332,47.31999969482422,0.0,337200,0.009620981481238595,23884379.123157926
2011-08-24,33.70645904541016,0.0,49.290000915527344,0.0,49.34999847412109,48.33000183105469,48.470001220703125,0.0,381100,0.009620981481238595,23822880.874736726
2011-08-25,33.24827575683594,0.0,48.619998931884766,0.0,50.06999969482422,48.38999938964844,49.68000030517578,0.0,633600,0.010181391116900668,23932898.796487235
2011-08-26,33.5765266418457,0.0,49.09999847412109,0.0,49.36000061035156,47.459999084472656,48.310001373291016,0.0,284600,0.010181391116900668,23881226.72563583
2011-08-29,34.63648223876953,0.0,50.650001525878906,0.0,50.65999984741211,49.79999923706055,49.84000015258789,0.0,358800,0.009595541968957486,23890811.747317843
2011-08-30,34.64330291748047,0.0,50.65999984741211,0.0,50.97999954223633,49.9900016784668,50.459999084472656,0.0,394200,0.00991115137269749,23843854.91852836
2011-08-31,34.80743408203125,0.0,50.900001525878906,0.0,51.40999984741211,50.58000183105469,51.09999847412109,0.0,674900,0.00991115137269749,23895137.017801072
2011-09-01,34.39030075073242,0.0,50.290000915527344,0.0,51.400001525878906,50.290000915527344,51.0,0.0,446800,0.009957742086014517,23879542.388216656
2011-09-02,33.494468688964844,0.0,48.97999954223633,0.0,49.5,48.880001068115234,49.29999923706055,0.0,408800,0.009957742086014515,23885069.94561392
2011-09-06,33.138877868652344,0.0,48.459999084472656,0.0,48.5,47.5099983215332,47.58000183105469,0.0,752900,0.009957742086014515,24000777.95928168
2011-09-07,34.14412307739258,0.0,49.93000030517578,0.0,49.959999084472656,49.060001373291016,49.22999954223633,0.0,244900,0.008262138071651477,23968354.36116476
2011-09-08,33.76115798950195,0.0,49.369998931884766,0.0,50.11000061035156,49.2599983215332,49.68000030517578,0.0,276400,0.007525895411729664,23903843.157674395
2011-09-09,32.8790168762207,0.0,48.08000183105469,0.0,48.93999862670898,47.84999847412109,48.810001373291016,0.0,456500,0.006247661110958999,23864692.692178395
2011-09-12,33.070491790771484,0.0,48.36000061035156,0.0,48.369998931884766,47.290000915527344,47.459999084472656,0.0,386600,0.006247661110958999,23876323.91926599
2011-09-13,33.323509216308594,0.0,48.72999954223633,0.0,48.91999816894531,48.16999816894531,48.52999877929688,0.0,349700,0.0056909303632888385,23810410.11696467
2011-09-14,33.740631103515625,0.0,49.34000015258789,0.0,49.88999938964844,48.33000183105469,49.02999877929688,0.0,450000,0.005000992094433115,23557893.914952353
2011-09-15,34.32875442504883,0.0,50.20000076293945,0.0,50.209999084472656,49.4900016784668,49.869998931884766,0.0,383400,0.004665596153296333,23330031.119918823
2011-09-16,34.50654602050781,0.0,50.459999084472656,0.0,50.68999862670898,49.95000076293945,50.380001068115234,0.0,246400,0.004665596153296333,23163368.5841848
2011-09-19,34.027854919433594,0.0,49.7599983215332,0.0,50.02000045776367,49.25,49.61000061035156,0.0,349400,0.004261578283285133,22863030.27955615
2011-09-20,34.01418685913086,0.0,49.7400016784668,0.0,50.41999816894531,49.70000076293945,50.0,0.0,430300,0.0032810030562987562,22873559.280062478
2011-09-21,32.8790168762207,0.0,48.08000183105469,0.0,49.79999923706055,48.08000183105469,49.79999923706055,0.0,385700,0.0021538057024746643,22900106.506571695
2011-09-22,31.92162132263184,0.0,46.68000030517578,0.0,47.18000030517578,46.02999877929688,46.77999877929688,0.0,889400,0.0021538057024746643,23071934.702621944
2011-09-23,32.09943008422852,0.0,46.58000183105469,0.358,46.81999969482422,45.93999862670898,46.04999923706055,0.0,587500,0.0021359005713028783,23106023.775149148
2011-09-26,32.91947555541992,0.0,47.77000045776367,0.0,47.83000183105469,46.5099983215332,47.0099983215332,0.0,514100,0.0021359005713028783,23109617.08185408
2011-09-27,33.326072692871094,0.0,48.36000061035156,0.0,49.20000076293945,48.09000015258789,48.7599983215332,0.0,481400,0.0021359005713028783,23170212.06696828
2011-09-28,32.66449737548828,0.0,47.400001525878906,0.0,48.7400016784668,47.34999847412109,48.4900016784668,0.0,376900,0.001820291167562875,23141282.740635343
2011-09-29,33.16756820678711,0.0,48.130001068115234,0.0,48.5,47.27000045776367,48.22999954223633,0.0,658700,0.0027940254384162927,23196446.41659449
2011-09-30,32.42331314086914,0.0,47.04999923706055,0.0,47.91999816894531,47.0099983215332,47.52000045776367,0.0,707500,0.0028003310887807324,23294405.036626544
2011-10-03,31.36205101013184,0.0,45.5099983215332,0.0,47.36000061035156,45.5099983215332,46.84000015258789,0.0,764800,0.0028003310887807324,23439744.287993416
2011-10-04,32.064964294433594,0.0,46.52999877929688,0.0,46.630001068115234,44.470001220703125,44.93000030517578,0.0,710000,0.0028003310887807324,23538028.444717042
2011-10-05,32.62316131591797,0.0,47.34000015258789,0.0,47.47999954223633,46.2400016784668,46.65999984741211,0.0,547600,0.0028003310887807324,23619125.396434844
2011-10-06,33.236480712890625,0.0,48.22999954223633,0.0,48.22999954223633,46.88999938964844,47.29999923706055,0.0,573400,0.0023432623664264144,23666374.614276584
2011-10-07,32.912593841552734,0.0,47.7599983215332,0.0,48.560001373291016,47.54999923706055,48.560001373291016,0.0,606700,0.002362195670847601,23764652.82630315
2011-10-10,34.02897644042969,0.0,49.380001068115234,0.0,49.380001068115234,48.59999847412109,48.59999847412109,0.0,447500,0.0030283256369391244,23812771.766262963
2011-10-11,33.94628143310547,0.0,49.2599983215332,0.0,49.45000076293945,48.970001220703125,49.08000183105469,0.0,415400,0.003189319086299844,23793491.97845762
2011-10-12,34.366641998291016,0.0,49.869998931884766,0.0,50.43000030517578,49.560001373291016,49.72999954223633,0.0,373000,0.0031601611336419823,23796371.95510259
2011-10-13,34.159908294677734,0.0,49.56999969482422,0.0,49.75,49.0,49.56999969482422,0.0,364500,0.0031601611336419823,23805884.008686125
2011-10-14,34.65608215332031,0.0,50.290000915527344,0.0,50.29999923706055,49.77999877929688,50.13999938964844,0.0,325600,0.0031601611336419823,23769318.96792215
2011-10-17,33.91872024536133,0.0,49.220001220703125,0.0,50.060001373291016,49.18999862670898,50.02000045776367,0.0,285100,0.0033181048900728003,23706059.984649174
2011-10-18,34.81456756591797,0.0,50.52000045776367,0.0,50.88999938964844,49.04999923706055,49.27000045776367,0.0,453100,0.003796152717945997,23715340.237923276
2011-10-19,34.48379898071289,0.0,50.040000915527344,0.0,50.88999938964844,49.93000030517578,50.47999954223633,0.0,331800,0.00435538824651847,23674937.379958138
2011-10-20,34.704322814941406,0.0,50.36000061035156,0.0,50.52000045776367,49.54999923706055,50.25,0.0,378300,0.0044147830017714,23683944.7128417
2011-10-21,35.33831024169922,0.0,51.27999877929688,0.0,51.310001373291016,50.83000183105469,51.0,0.0,331200,0.003872278497281114,23688633.090585377
2011-10-24,35.772464752197266,0.0,51.90999984741211,0.0,52.0,51.34999847412109,51.40999984741211,0.0,361900,0.003872278497281114,23681414.431002785
2011-10-25,35.04887771606445,0.0,50.86000061035156,0.0,51.709999084472656,50.72999954223633,51.709999084472656,0.0,319700,0.004119063725140023,23657846.634483337
2011-10-26,35.5450439453125,0.0,51.58000183105469,0.0,51.7400016784668,50.75,51.45000076293945,0.0,322500,0.005021611364652177,23572215.289963618
2011-10-27,36.7923698425293,0.0,53.38999938964844,0.0,53.75,52.58000183105469,53.02999877929688,0.0,1160000,0.004047877093798759,23848218.45331646
2011-10-28,36.778587341308594,0.0,53.369998931884766,0.0,53.43000030517578,53.0099983215332,53.20000076293945,0.0,2859000,0.0035789103287852653,24874653.36124178
2011-10-31,35.75178146362305,0.0,51.880001068115234,0.0,52.7599983215332,51.869998931884766,52.7599983215332,0.0,349300,0.00365569265361147,24796906.286960177
2011-11-01,34.704322814941406,0.0,50.36000061035156,0.0,51.060001373291016,50.13999938964844,50.34000015258789,0.0,853300,0.00365569265361147,24901949.665980868
2011-11-02,35.317649841308594,0.0,51.25,0.0,51.400001525878906,50.7599983215332,51.16999816894531,0.0,289200,0.0041331384351800645,24857128.269589137
2011-11-03,35.93785095214844,0.0,52.150001525878906,0.0,52.25,51.060001373291016,51.86000061035156,0.0,402500,0.0041331384351800645,24874901.217324395
2011-11-04,35.68288040161133,0.0,51.77999877929688,0.0,51.86000061035156,51.20000076293945,51.68999862670898,0.0,336400,0.004510889428673827,24859815.95419324
2011-11-07,35.96541976928711,0.0,52.18999862670898,0.0,52.18999862670898,51.34999847412109,51.790000915527344,0.0,288900,0.004028325165355406,24825838.835228816
2011-11-08,36.42024612426758,0.0,52.84999847412109,0.0,52.880001068115234,51.95000076293945,52.4900016784668,0.0,444600,0.003867331715994686,24818918.693154957
2011-11-09,35.0419807434082,0.0,50.84999847412109,0.0,51.810001373291016,50.7599983215332,51.650001525878906,0.0,387000,0.004609905412197307,24713388.125985768
2011-11-10,35.41411209106445,0.0,51.38999938964844,0.0,51.630001068115234,50.88999938964844,51.5,0.0,336500,0.005163270673643766,24703566.03147113
2011-11-11,36.06879425048828,0.0,52.34000015258789,0.0,52.4900016784668,52.040000915527344,52.06999969482422,0.0,253600,0.005163270673643766,24625890.47367459
2011-11-14,35.64841079711914,0.0,51.72999954223633,0.0,52.119998931884766,51.5,52.119998931884766,0.0,206900,0.004842067332100422,24520801.089628916
2011-11-15,35.772464752197266,0.0,51.90999984741211,0.0,52.16999816894531,51.40999984741211,51.54999923706055,0.0,435500,0.004878337139986215,24460321.326261852
2011-11-16,35.17292404174805,0.0,51.040000915527344,0.0,51.90999984741211,50.970001220703125,51.31999969482422,0.0,373500,0.004339234015516476,24444378.939643737
2011-11-17,34.68364334106445,0.0,50.33000183105469,0.0,51.119998931884766,50.0,50.91999816894531,0.0,563600,0.004279839260263546,24518425.038225688
2011-11-18,34.711212158203125,0.0,50.369998931884766,0.0,50.650001525878906,50.150001525878906,50.540000915527344,0.0,403300,0.004535741367255824,24449625.574018084
2011-11-21,34.00141525268555,0.0,49.34000015258789,0.0,49.70000076293945,49.02999877929688,49.650001525878906,0.0,1032100,0.004535741367255824,24689896.16788834
2011-11-22,33.78776931762695,0.0,49.02999877929688,0.0,49.43999862670898,48.84000015258789,49.27999877929688,0.0,417100,0.004385681569766278,24688446.35828412
2011-11-23,33.009071350097656,0.0,47.900001525878906,0.0,48.54999923706055,47.900001525878906,48.54999923706055,0.0,465000,0.0034831339302541244,24749893.868440297
2011-11-25,32.99530792236328,0.0,47.880001068115234,0.0,48.43000030517578,47.81999969482422,47.81999969482422,0.0,178100,0.0038877866003316024,24723517.63386802
2011-11-28,33.87047576904297,0.0,49.150001525878906,0.0,49.41999816894531,48.79999923706055,49.2400016784668,0.0,338400,0.004197883579458347,24673806.21420845
2011-11-29,34.02207565307617,0.0,49.369998931884766,0.0,49.650001525878906,49.13999938964844,49.290000915527344,0.0,366500,0.004121101254632142,24564373.262541633
2011-11-30,35.551937103271484,0.0,51.59000015258789,0.0,51.63999938964844,50.68999862670898,50.77000045776367,0.0,516600,0.004121101254632142,24571585.039668612
2011-12-01,35.44169998168945,0.0,51.43000030517578,0.0,51.72999954223633,51.22999954223633,51.43999862670898,0.0,500500,0.003721576418778133,24590652.319166396
2011-12-02,35.53126907348633,0.0,51.560001373291016,0.0,52.15999984741211,51.470001220703125,51.93999862670898,0.0,358200,0.003721576418778133,24537942.827491153
2011-12-05,35.910282135009766,0.0,52.11000061035156,0.0,52.560001373291016,51.79999923706055,52.2599983215332,0.0,310500,0.0037359608948863143,24522125.94483996
2011-12-06,36.020545959472656,0.0,52.27000045776367,0.0,52.58000183105469,51.91999816894531,52.15999984741211,0.0,276600,0.004075557322828316,24426195.48846048
2011-12-07,36.172157287597656,0.0,52.4900016784668,0.0,52.75,51.75,52.06999969482422,0.0,332900,0.004533370028866002,24453537.240773156
2011-12-08,35.32453918457031,0.0,51.2599983215332,0.0,52.209999084472656,51.11000061035156,52.209999084472656,0.0,313300,0.004083609798653909,24378814.287046403
2011-12-09,35.917171478271484,0.0,52.119998931884766,0.0,52.27000045776367,51.369998931884766,51.47999954223633,0.0,252300,0.00427964247961257,24348034.64810205
2011-12-12,35.352088928222656,0.0,51.29999923706055,0.0,51.70000076293945,50.900001525878906,51.70000076293945,0.0,307500,0.004873009010744446,24355257.743105814
2011-12-13,35.06955337524414,0.0,50.88999938964844,0.0,51.88999938964844,50.630001068115234,51.59999847412109,0.0,423800,0.005419755227798239,24310870.29781947
2011-12-14,34.81456756591797,0.0,50.52000045776367,0.0,50.959999084472656,50.40999984741211,50.630001068115234,0.0,549300,0.004905437592039249,24368432.279647343
2011-12-15,35.028202056884766,0.0,50.83000183105469,0.0,51.15999984741211,50.68999862670898,51.11000061035156,0.0,443800,0.005226377653589586,24341308.59217568
2011-12-16,35.097110748291016,0.0,50.93000030517578,0.0,51.40999984741211,50.810001373291016,51.220001220703125,0.0,400000,0.005326445548893595,24400636.465308778
2011-12-19,34.64918899536133,0.0,50.27999877929688,0.0,51.20000076293945,50.15999984741211,51.150001525878906,0.0,418300,0.005070543441901316,24436695.125410292
2011-12-20,35.66910552978516,0.0,51.7599983215332,0.0,51.869998931884766,51.040000915527344,51.09999847412109,0.0,394000,0.0057623331377998094,24444102.82070523
2011-12-21,35.958526611328125,0.0,52.18000030517578,0.0,52.25,51.630001068115234,51.810001373291016,0.0,382800,0.005665607707430445,24255873.628271192
2011-12-22,36.40644836425781,0.0,52.83000183105469,0.0,52.880001068115234,52.29999923706055,52.34999847412109,0.0,311800,0.005665607707430445,24267520.91616676
2011-12-23,36.69675064086914,0.0,52.84000015258789,0.408,52.84000015258789,52.459999084472656,52.650001525878906,0.0,270200,0.005520693431676977,24233672.62954409
2011-12-27,36.668975830078125,0.0,52.79999923706055,0.0,53.0,52.630001068115234,52.77999877929688,0.0,301700,0.0050449571642514025,24254605.959295847
2011-12-28,36.23839569091797,0.0,52.18000030517578,0.0,52.84999847412109,52.09000015258789,52.84999847412109,0.0,382800,0.0050449571642514025,23968229.088422988
2011-12-29,36.62035369873047,0.0,52.72999954223633,0.0,52.75,52.27999877929688,52.36000061035156,0.0,595400,0.005352883048561225,24063172.794708375
2011-12-30,36.45368957519531,0.0,52.4900016784668,0.0,52.7599983215332,52.470001220703125,52.720001220703125,0.0,318400,0.005440516384131523,24047726.523953393
2012-01-03,37.01620864868164,0.0,53.29999923706055,0.0,53.59000015258789,53.22999954223633,53.34999847412109,0.0,423900,0.005629345831977673,24078449.09674932
2012-01-04,37.00926971435547,0.0,53.290000915527344,0.0,53.34000015258789,52.90999984741211,53.18999862670898,0.0,283700,0.0052182770579545425,24038945.14021192
2012-01-05,37.14122772216797,0.0,53.47999954223633,0.0,53.54999923706055,52.709999084472656,53.040000915527344,0.0,256000,0.0049306759060521255,23926150.53348844
2012-01-06,37.03011703491211,0.0,53.31999969482422,0.0,53.54999923706055,53.130001068115234,53.54999923706055,0.0,378100,0.004696445736794211,23942661.97023846
2012-01-09,37.14817428588867,0.0,53.4900016784668,0.0,53.540000915527344,53.220001220703125,53.41999816894531,0.0,622600,0.004647746581180184,24088081.415040154
2012-01-10,37.51625061035156,0.0,54.02000045776367,0.0,54.150001525878906,53.93000030517578,54.040000915527344,0.0,505900,0.0038983486387750635,23911055.969907366
2012-01-11,37.59263610839844,0.0,54.130001068115234,0.0,54.18000030517578,53.7400016784668,53.83000183105469,0.0,382700,0.003420838262647839,23860484.03400845
2012-01-12,37.66208267211914,0.0,54.22999954223633,0.0,54.31999969482422,53.810001373291016,54.27000045776367,0.0,266200,0.003083418433363281,23831093.67073907
2012-01-13,37.47459411621094,0.0,53.959999084472656,0.0,53.959999084472656,53.40999984741211,53.81999969482422,0.0,316500,0.0033292742650850695,23844976.33610983
2012-01-17,37.49542236328125,0.0,53.9900016784668,0.0,54.5099983215332,53.88999938964844,54.380001068115234,0.0,793500,0.0029882017994319987,24066165.818895612
2012-01-18,37.919044494628906,0.0,54.59999847412109,0.0,54.619998931884766,53.84999847412109,53.970001220703125,0.0,565600,0.003375194034795536,24173343.002143737
2012-01-19,38.05795669555664,0.0,54.79999923706055,0.0,54.86000061035156,54.52999877929688,54.7599983215332,0.0,547100,0.003375194034795536,24304952.722800724
2012-01-20,38.18990707397461,0.0,54.9900016784668,0.0,54.9900016784668,54.630001068115234,54.7599983215332,0.0,471500,0.0027459761799138375,24377186.70310974
2012-01-23,38.1760139465332,0.0,54.970001220703125,0.0,55.27000045776367,54.77000045776367,54.9900016784668,0.0,561500,0.0027459761799138375,24491172.4159604
2012-01-24,38.085716247558594,0.0,54.84000015258789,0.0,54.84999847412109,54.45000076293945,54.630001068115234,0.0,533400,0.0027459761799138375,24607854.241689045
2012-01-25,38.266300201416016,0.0,55.09999847412109,0.0,55.18000030517578,54.34999847412109,54.70000076293945,0.0,335100,0.0026884060186696482,24575838.95142873
2012-01-26,37.99543762207031,0.0,54.709999084472656,0.0,55.38999938964844,54.54999923706055,55.38999938964844,0.0,350600,0.00299840993277219,24501086.61870805
2012-01-27,37.960731506347656,0.0,54.65999984741211,0.0,54.79999923706055,54.40999984741211,54.52000045776367,0.0,525800,0.00299840993277219,24572705.00033848
2012-01-30,37.78014755249024,0.0,54.400001525878906,0.0,54.45000076293945,53.91999816894531,54.119998931884766,0.0,496100,0.0026904840484623677,24590238.426426478
2012-01-31,37.71765899658203,0.0,54.310001373291016,0.0,54.720001220703125,54.08000183105469,54.709999084472656,0.0,494700,0.002593983388158213,24542411.77733285
2012-02-01,38.11349868774414,0.0,54.880001068115234,0.0,55.18000030517578,54.75,54.7599983215332,0.0,448500,0.0026505896036326327,24431442.565960355
2012-02-02,38.1760139465332,0.0,54.970001220703125,0.0,55.09000015258789,54.77000045776367,54.97999954223633,0.0,452000,0.0028836549990539613,24269617.31191968
2012-02-03,38.73854446411133,0.0,55.77999877929688,0.0,55.790000915527344,55.47999954223633,55.540000915527344,0.0,280100,0.0026480940202412754,24047508.518709455
2012-02-06,38.71076965332031,0.0,55.7400016784668,0.0,55.7599983215332,55.47999954223633,55.59000015258789,0.0,513600,0.0026582172708344565,23918798.103832062
2012-02-07,38.801048278808594,0.0,55.869998931884766,0.0,55.970001220703125,55.40999984741211,55.630001068115234,0.0,328700,0.002557715369473289,23747654.970272005
2012-02-08,38.91217422485352,0.0,56.02999877929688,0.0,56.09000015258789,55.720001220703125,55.88999938964844,0.0,344200,0.002557715369473289,23510362.027994793
2012-02-09,38.90523147583008,0.0,56.02000045776367,0.0,56.209999084472656,55.75,56.20000076293945,0.0,339000,0.002658610394539607,23380303.284699578
2012-02-10,38.59964370727539,0.0,55.58000183105469,0.0,55.59000015258789,55.34999847412109,55.54999923706055,0.0,471100,0.0025765166099819274,23311213.622432284
2012-02-13,38.84272384643555,0.0,55.93000030517578,0.0,56.040000915527344,55.7400016784668,55.9900016784668,0.0,327200,0.002330660778260139,23271574.00590503
2012-02-14,38.724647521972656,0.0,55.7599983215332,0.0,55.79999923706055,55.380001068115234,55.79999923706055,0.0,509500,0.002330660778260139,23329740.588957164
2012-02-15,38.551055908203125,0.0,55.5099983215332,0.0,56.0099983215332,55.43999862670898,56.0,0.0,561800,0.0020131943444081923,23399778.90360696
2012-02-16,39.06496047973633,0.0,56.25,0.0,56.290000915527344,55.4900016784668,55.58000183105469,0.0,378600,0.002300203079126144,23408116.796914358
2012-02-17,39.231632232666016,0.0,56.4900016784668,0.0,56.560001373291016,56.34999847412109,56.5,0.0,369700,0.00223763123810935,23330665.26118687
2012-02-21,39.224700927734375,0.0,56.47999954223633,0.0,56.7400016784668,56.34999847412109,56.70000076293945,0.0,299500,0.0023509970425912513,23216871.13632626
2012-02-22,39.0093879699707,0.0,56.16999816894531,0.0,56.470001220703125,56.11000061035156,56.41999816894531,0.0,538900,0.0023509970425912513,23327015.562054466
2012-02-23,39.169132232666016,0.0,56.400001525878906,0.0,56.43000030517578,55.93999862670898,56.150001525878906,0.0,309400,0.002316019487812713,23335579.853557404
2012-02-24,39.19691467285156,0.0,56.43999862670898,0.0,56.61000061035156,56.34000015258789,56.560001373291016,0.0,414800,0.0020060155737101713,23372301.21928321
2012-02-27,39.32887268066406,0.0,56.630001068115234,0.0,56.72999954223633,55.9900016784668,56.130001068115234,0.0,355100,0.002107813794637376,23287409.8070296
2012-02-28,39.384422302246094,0.0,56.709999084472656,0.0,56.77000045776367,56.470001220703125,56.650001525878906,0.0,642800,0.002146912780228497,23465817.170884874
2012-02-29,39.18301773071289,0.0,56.41999816894531,0.0,56.97999954223633,56.369998931884766,56.810001373291016,0.0,320200,0.0022267529519133253,23464963.701569088
2012-03-01,39.41915512084961,0.0,56.7599983215332,0.0,56.880001068115234,56.52999877929688,56.56999969482422,0.0,258500,0.002180514081999774,23422918.365269616
2012-03-02,39.30107116699219,0.0,56.59000015258789,0.0,56.810001373291016,56.459999084472656,56.75,0.0,291000,0.0021071520243251375,23280976.13522666
2012-03-05,39.19691467285156,0.0,56.43999862670898,0.0,56.5099983215332,56.18999862670898,56.45000076293945,0.0,294800,0.0021071520243251375,23234697.87479885
2012-03-06,38.551055908203125,0.0,55.5099983215332,0.0,55.88999938964844,55.380001068115234,55.880001068115234,0.0,484500,0.0019205875473658058,23289234.147607714
2012-03-07,38.85662078857422,0.0,55.95000076293945,0.0,56.02000045776367,55.52999877929688,55.650001525878906,0.0,305500,0.0019660191701040834,23135322.972388495
2012-03-08,39.169132232666016,0.0,56.400001525878906,0.0,56.5,56.11000061035156,56.31999969482422,0.0,327200,0.0019660191701040834,23184737.444011748
2012-03-09,39.30107116699219,0.0,56.59000015258789,0.0,56.790000915527344,56.41999816894531,56.54999923706055,0.0,298800,0.0017492679900331137,23210636.049891274
2012-03-12,39.35664367675781,0.0,56.66999816894531,0.0,56.709999084472656,56.470001220703125,56.61000061035156,0.0,240100,0.001773559726530758,23144429.269926887
2012-03-13,40.12753677368164,0.0,57.77999877929688,0.0,57.810001373291016,56.900001525878906,56.9900016784668,0.0,375800,0.001773559726530758,23168379.64536576
2012-03-14,40.00945663452149,0.0,57.61000061035156,0.0,57.900001525878906,57.459999084472656,57.75,0.0,336600,0.0017956430730232387,23187035.560965158
2012-03-15,40.27338409423828,0.0,57.9900016784668,0.0,58.02999877929688,57.52999877929688,57.68999862670898,0.0,327700,0.0018270095744088559,23161641.302880786
2012-03-16,40.33586502075195,0.0,58.08000183105469,0.0,58.18999862670898,57.9900016784668,58.16999816894531,0.0,327100,0.0015400008396909046,23159667.400550842
2012-03-19,40.42614364624024,0.0,58.209999084472656,0.0,58.47999954223633,57.97999954223633,58.02999877929688,0.0,457100,0.001620214228884327,23272163.010130987
2012-03-20,40.3080940246582,0.0,58.040000915527344,0.0,58.15999984741211,57.72999954223633,57.91999816894531,0.0,367900,0.0015068484244024254,23303645.334918916
2012-03-21,40.224754333496094,0.0,57.91999816894531,0.0,58.150001525878906,57.790000915527344,58.13999938964844,0.0,329000,0.0017791294257179457,23285014.832342237
2012-03-22,39.85667037963867,0.0,57.38999938964844,0.0,57.58000183105469,57.2400016784668,57.52000045776367,0.0,309900,0.0016119387474166653,23278988.67444235
2012-03-23,40.0441780090332,0.0,57.65999984741211,0.0,57.720001220703125,57.18999862670898,57.41999816894531,0.0,245100,0.001821668924563746,23061649.576753285
2012-03-26,40.56257247924805,0.0,58.060001373291016,0.342,58.060001373291016,57.720001220703125,57.79999923706055,0.0,369200,0.0017198707036365415,23014586.09604911
2012-03-27,40.38792037963867,0.0,57.810001373291016,0.0,58.22999954223633,57.79999923706055,58.13999938964844,0.0,298900,0.0017604273323538057,22956815.0815661
2012-03-28,40.185325622558594,0.0,57.52000045776367,0.0,57.84000015258789,57.18999862670898,57.77999877929688,0.0,399300,0.0016115335396882484,22954332.794970557
2012-03-29,40.10844802856445,0.0,57.40999984741211,0.0,57.470001220703125,56.84999847412109,57.22999954223633,0.0,559800,0.00141233674628123,23067611.027823552
2012-03-30,40.29708099365234,0.0,57.68000030517578,0.0,57.77999877929688,57.380001068115234,57.75,0.0,304100,0.0012526334085345378,22955208.300754003
2012-04-02,40.54859161376953,0.0,58.040000915527344,0.0,58.22999954223633,57.5099983215332,57.66999816894531,0.0,305100,0.0012526334085345378,22831558.537413582
2012-04-03,40.32502746582031,0.0,57.720001220703125,0.0,57.9900016784668,57.33000183105469,57.959999084472656,0.0,436500,0.001470419917790875,22755278.647068568
2012-04-04,39.9477767944336,0.0,57.18000030517578,0.0,57.310001373291016,56.959999084472656,57.27999877929688,0.0,450400,0.0014643250441999487,22697481.60741897
2012-04-05,39.78008270263672,0.0,56.93999862670898,0.0,57.18999862670898,56.790000915527344,56.95000076293945,0.0,267900,0.0014886141210919083,22612805.746693082
2012-04-09,39.31201171875,0.0,56.27000045776367,0.0,56.459999084472656,56.09999847412109,56.22999954223633,0.0,484600,0.0014886141210919083,22609737.179108273
2012-04-10,38.60641098022461,0.0,55.2599983215332,0.0,56.290000915527344,55.22999954223633,56.16999816894531,0.0,566400,0.0013370897813827095,22628175.84631178
2012-04-11,38.94873428344727,0.0,55.75,0.0,55.93999862670898,55.65999984741211,55.88999938964844,0.0,446400,0.0014168038904891855,22650312.74728018
2012-04-12,39.458717346191406,0.0,56.47999954223633,0.0,56.52000045776367,55.790000915527344,55.790000915527344,0.0,489700,0.001394720543996705,22707421.10024104
2012-04-13,38.94873428344727,0.0,55.75,0.0,56.369998931884766,55.720001220703125,56.369998931884766,0.0,1767300,0.0017256657665724255,23341750.190704588
2012-04-16,39.13037109375,0.0,56.0099983215332,0.0,56.25,55.7599983215332,56.09999847412109,0.0,335300,0.002079467081502902,23347400.091882735
2012-04-17,39.633399963378906,0.0,56.72999954223633,0.0,56.84000015258789,56.25,56.369998931884766,0.0,315400,0.001999253692309479,23359449.437577385
2012-04-18,39.458717346191406,0.0,56.47999954223633,0.0,56.66999816894531,56.369998931884766,56.47999954223633,0.0,371000,0.002152544100867288,23414381.63981665
2012-04-19,39.30503082275391,0.0,56.2599983215332,0.0,56.68000030517578,56.0,56.58000183105469,0.0,374600,0.002014922257138495,23399971.982386757
2012-04-20,39.38887786865234,0.0,56.380001068115234,0.0,56.68000030517578,56.380001068115234,56.540000915527344,0.0,234700,0.002150084786797897,23373218.91847338
2012-04-23,39.1093978881836,0.0,55.97999954223633,0.0,56.02999877929688,55.619998931884766,55.84999847412109,0.0,334600,0.001940354609650816,23370677.01066335
2012-04-24,39.43777084350586,0.0,56.45000076293945,0.0,56.47999954223633,56.06999969482422,56.06999969482422,0.0,321200,0.001940354609650816,23379786.5713725
2012-04-25,39.75914001464844,0.0,56.90999984741211,0.0,56.970001220703125,56.63999938964844,56.90999984741211,0.0,305400,0.0018606989953424305,23368628.515885368
2012-04-26,40.05956268310547,0.0,57.34000015258789,0.0,57.38999938964844,56.75,56.810001373291016,0.0,241700,0.0018606989953424305,23349574.03843895
2012-04-27,40.0665397644043,0.0,57.34999847412109,0.0,57.54999923706055,57.11000061035156,57.540000915527344,0.0,324500,0.0018606989953424305,23365252.799663845
2012-04-30,39.92681121826172,0.0,57.150001525878906,0.0,57.29999923706055,57.0099983215332,57.25,0.0,299500,0.0019388241159987107,23009570.467640106
2012-05-01,40.25518035888672,0.0,57.619998931884766,0.0,57.93999862670898,57.09000015258789,57.20000076293945,0.0,377900,0.0019388241159987107,21971394.044228207
2012-05-02,40.05257797241211,0.0,57.33000183105469,0.0,57.40999984741211,57.06999969482422,57.29999923706055,0.0,300400,0.0018116182107428824,21964253.15674373
2012-05-03,39.78008270263672,0.0,56.93999862670898,0.0,57.400001525878906,56.83000183105469,57.400001525878906,0.0,407000,0.0018048767515344468,21807129.275158472
2012-05-04,39.23517990112305,0.0,56.15999984741211,0.0,56.720001220703125,56.06999969482422,56.68000030517578,0.0,509100,0.0017805876746424872,21916411.465018135
2012-05-07,39.28408050537109,0.0,56.22999954223633,0.0,56.369998931884766,55.900001525878906,55.900001525878906,0.0,273300,0.0017805876746424872,21871786.72899216
2012-05-08,39.13037109375,0.0,56.0099983215332,0.0,56.060001373291016,55.47999954223633,55.84000015258789,0.0,393100,0.001837539476279449,21908284.65558612
2012-05-09,38.82996368408203,0.0,55.58000183105469,0.0,55.93999862670898,55.20000076293945,55.459999084472656,0.0,475900,0.0020826653118407243,21998545.22914281
2012-05-10,39.06748962402344,0.0,55.91999816894531,0.0,56.20000076293945,55.810001373291016,56.09000015258789,0.0,293400,0.0022260683661557814,21942273.944548953
2012-05-11,38.89980697631836,0.0,55.68000030517578,0.0,56.18000030517578,55.47999954223633,55.52000045776367,0.0,293000,0.0018689606366842303,21915569.90232619
2012-05-14,38.44571304321289,0.0,55.02999877929688,0.0,55.369998931884766,54.93000030517578,55.15999984741211,0.0,374600,0.0015151593217537541,21941931.03524768
2012-05-15,38.18722534179688,0.0,54.65999984741211,0.0,55.209999084472656,54.560001373291016,55.0,0.0,402200,0.0015151593217537541,22011064.590009052
2012-05-16,38.0405158996582,0.0,54.45000076293945,0.0,55.16999816894531,54.43999862670898,54.959999084472656,0.0,321700,0.0018180023202727922,22065141.00540706
2012-05-17,37.509552001953125,0.0,53.68999862670898,0.0,54.470001220703125,53.68999862670898,54.43000030517578,0.0,520600,0.0016833431626860646,22107555.357403226
2012-05-18,37.23707580566406,0.0,53.29999923706055,0.0,53.91999816894531,53.150001525878906,53.84999847412109,0.0,857500,0.0015481806330266631,22318994.317751084
2012-05-21,37.64228057861328,0.0,53.880001068115234,0.0,53.88999938964844,53.310001373291016,53.459999084472656,0.0,483300,0.0019848068270339686,22300535.710483126
2012-05-22,37.72611999511719,0.0,54.0,0.0,54.41999816894531,53.70000076293945,54.02000045776367,0.0,414000,0.0019848068270339686,22316740.309140038
2012-05-23,37.65626525878906,0.0,53.900001525878906,0.0,53.93000030517578,53.02999877929688,53.66999816894531,0.0,440000,0.0019848068270339686,22100805.281472586
2012-05-24,37.80995941162109,0.0,54.119998931884766,0.0,54.209999084472656,53.66999816894531,54.09999847412109,0.0,337600,0.0019848068270339686,22083507.655667502
2012-05-25,37.75407791137695,0.0,54.040000915527344,0.0,54.310001373291016,53.900001525878906,54.119998931884766,0.0,342500,0.002069496436278834,22053628.287445553
2012-05-29,38.11735534667969,0.0,54.560001373291016,0.0,54.65999984741211,54.25,54.470001220703125,0.0,475600,0.0020578320376262844,22191892.64032576
2012-05-30,37.586387634277344,0.0,53.79999923706055,0.0,54.16999816894531,53.68999862670898,54.15999984741211,0.0,323500,0.0021714803098693914,22198019.142205376
2012-05-31,37.5654411315918,0.0,53.77000045776367,0.0,54.15999984741211,53.27999877929688,53.79999923706055,0.0,393600,0.0022844955468323447,22222382.37690093
2012-06-01,36.67816925048828,0.0,52.5,0.0,53.09999847412109,52.470001220703125,52.970001220703125,0.0,518800,0.0022492856529395104,22227030.042941988
2012-06-04,36.53844833374024,0.0,52.29999923706055,0.0,52.65999984741211,51.970001220703125,52.59999847412109,0.0,736600,0.0022492856529395104,22328486.108698163
2012-06-05,36.85283660888672,0.0,52.75,0.0,52.810001373291016,52.15999984741211,52.20000076293945,0.0,442800,0.0024977905295811504,22367286.96193695
2012-06-06,37.69120407104492,0.0,53.95000076293945,0.0,53.95000076293945,53.09000015258789,53.119998931884766,0.0,1405300,0.0024408387279441883,22840586.810211908
2012-06-07,37.74009704589844,0.0,54.02000045776367,0.0,54.619998931884766,53.959999084472656,54.560001373291016,0.0,397500,0.0021159987832764368,22896261.953508288
2012-06-08,38.0405158996582,0.0,54.45000076293945,0.0,54.470001220703125,53.77000045776367,53.90999984741211,0.0,555000,0.00222204169775328,22997419.32545011
2012-06-11,37.61434555053711,0.0,53.84000015258789,0.0,54.9900016784668,53.77999877929688,54.970001220703125,0.0,438100,0.00244564639633631,23057161.758725606
2012-06-12,38.03350830078125,0.0,54.43999862670898,0.0,54.470001220703125,53.75,53.959999084472656,0.0,718900,0.002821951563360121,23263408.10223534
2012-06-13,37.87982940673828,0.0,54.220001220703125,0.0,54.65999984741211,54.02000045776367,54.25,0.0,2403100,0.0029404470755066054,24172307.587696258
2012-06-14,38.31996154785156,0.0,54.84999847412109,0.0,55.060001373291016,54.22999954223633,54.310001373291016,0.0,358100,0.0025247788341200695,24157026.656841096
2012-06-15,38.69024658203125,0.0,55.380001068115234,0.0,55.40999984741211,54.97999954223633,55.09000015258789,0.0,259400,0.0025247788341200695,24050795.990377758
2012-06-18,38.62736511230469,0.0,55.290000915527344,0.0,55.45000076293945,55.02000045776367,55.09000015258789,0.0,364500,0.0028267161661551473,24031707.502449885
2012-06-19,39.039546966552734,0.0,55.880001068115234,0.0,56.09999847412109,55.47999954223633,55.630001068115234,0.0,334600,0.002390089972147842,24018417.409079414
2012-06-20,38.9766731262207,0.0,55.790000915527344,0.0,56.060001373291016,55.43000030517578,55.88999938964844,0.0,454500,0.002853060417980568,24052738.297386777
2012-06-21,38.20817947387695,0.0,54.68999862670898,0.0,56.02999877929688,54.630001068115234,55.91999816894531,0.0,254500,0.003079249501188916,24001350.720496405
2012-06-22,38.438724517822266,0.0,55.02000045776367,0.0,55.15999984741211,54.77000045776367,54.97999954223633,0.0,339400,0.0031973986584047215,23991027.577945165
2012-06-25,37.818153381347656,0.0,53.75,0.388,54.060001373291016,53.560001373291016,54.060001373291016,0.0,321700,0.0031127090491598563,23997527.42262038
2012-06-26,38.00812911987305,0.0,54.02000045776367,0.0,54.220001220703125,53.619998931884766,53.869998931884766,0.0,516700,0.003317831045565443,24105739.852741785
2012-06-27,38.40916442871094,0.0,54.59000015258789,0.0,54.68999862670898,54.15999984741211,54.220001220703125,0.0,811100,0.0032041827733223366,24330725.482534982
2012-06-28,38.43731689453125,0.0,54.630001068115234,0.0,54.65999984741211,53.95000076293945,54.25,0.0,438700,0.003276883533723065,24362405.46151721
2012-06-29,39.35901641845703,0.0,55.93999862670898,0.0,55.93999862670898,55.45000076293945,55.650001525878906,0.0,473700,0.003135885728661649,24323543.045818996
2012-07-02,39.41531753540039,0.0,56.02000045776367,0.0,56.25,55.61000061035156,56.08000183105469,0.0,367400,0.0031491482654280893,24354248.852436125
2012-07-03,39.64048004150391,0.0,56.34000015258789,0.0,56.400001525878906,55.9900016784668,56.02999877929688,0.0,395000,0.0029006433887864497,24351553.855481222
2012-07-05,39.33793258666992,0.0,55.90999984741211,0.0,56.2400016784668,55.77000045776367,56.06999969482422,0.0,390200,0.0031019128955791586,24404710.273582216
2012-07-06,39.04945373535156,0.0,55.5,0.0,55.56999969482422,55.2599983215332,55.40999984741211,0.0,315400,0.0031019128955791586,24434978.68721069
2012-07-09,38.95095443725586,0.0,55.36000061035156,0.0,55.5,55.11000061035156,55.40999984741211,0.0,268600,0.002935637165566064,24392989.832284715
2012-07-10,38.641361236572266,0.0,54.91999816894531,0.0,55.709999084472656,54.75,55.65999984741211,0.0,2851500,0.0027033285999967715,25371573.163504828
2012-07-11,38.76802444458008,0.0,55.09999847412109,0.0,55.2400016784668,54.83000183105469,54.93999862670898,0.0,468800,0.0025116128551975585,25359685.552815028
2012-07-12,38.61323165893555,0.0,54.880001068115234,0.0,55.08000183105469,54.560001373291016,54.77000045776367,0.0,466200,0.0023978038834474207,25398332.418602232
2012-07-13,39.24645233154297,0.0,55.77999877929688,0.0,55.84000015258789,54.959999084472656,55.02000045776367,0.0,348600,0.002357338717757109,25438085.447938103
2012-07-16,39.18312454223633,0.0,55.68999862670898,0.0,55.84000015258789,55.459999084472656,55.650001525878906,0.0,359400,0.00252699696487048,25461392.160606384
2012-07-17,39.52085494995117,0.0,56.16999816894531,0.0,56.2400016784668,55.38999938964844,55.93999862670898,0.0,341800,0.002401393405226723,25273755.962529257
2012-07-18,39.72489547729492,0.0,56.459999084472656,0.0,56.54999923706055,55.93999862670898,56.02000045776367,0.0,1114400,0.002401393405226723,25528019.96128143
2012-07-19,39.647499084472656,0.0,56.34999847412109,0.0,56.5099983215332,56.18999862670898,56.4900016784668,0.0,309500,0.002107029971998229,25428490.159258768
2012-07-20,39.3238525390625,0.0,55.88999938964844,0.0,56.08000183105469,55.81999969482422,56.0099983215332,0.0,344100,0.0018808408887898808,25375347.008453853
2012-07-23,38.993160247802734,0.0,55.41999816894531,0.0,55.5099983215332,54.93000030517578,55.150001525878906,0.0,379900,0.0017626917315740752,25297477.180032883
2012-07-24,38.61323165893555,0.0,54.880001068115234,0.0,55.41999816894531,54.47999954223633,55.41999816894531,0.0,430000,0.001924994449384234,25252610.07192097
2012-07-25,38.66951751708984,0.0,54.959999084472656,0.0,55.20000076293945,54.72999954223633,55.09000015258789,0.0,428100,0.0018970164769622961,25292803.45382085
2012-07-26,39.25348281860352,0.0,55.790000915527344,0.0,55.93000030517578,55.5,55.72999954223633,0.0,411500,0.0018970164769622961,25322773.768882144
2012-07-27,39.96413040161133,0.0,56.79999923706055,0.0,56.970001220703125,56.040000915527344,56.18000030517578,0.0,619200,0.0015735785651844845,25373808.146721978
2012-07-30,39.94301223754883,0.0,56.77000045776367,0.0,57.0099983215332,56.619998931884766,56.709999084472656,0.0,1123300,0.0016547255841206192,25665727.994001478
2012-07-31,39.82341766357422,0.0,56.59999847412109,0.0,56.90999984741211,56.560001373291016,56.65999984741211,0.0,396700,0.0017989318200953498,25630696.737773836
2012-08-01,39.7108268737793,0.0,56.43999862670898,0.0,56.869998931884766,56.40999984741211,56.84000015258789,0.0,546100,0.0019648096207065925,25679968.188337296
2012-08-02,39.33087921142578,0.0,55.900001525878906,0.0,56.27000045776367,55.47999954223633,56.040000915527344,0.0,483100,0.0017635401139138838,25697101.91996741
2012-08-03,40.097801208496094,0.0,56.9900016784668,0.0,57.130001068115234,56.68000030517578,56.84999847412109,0.0,330300,0.0018473644116889538,25722497.31596992
2012-08-06,40.1611328125,0.0,57.08000183105469,0.0,57.34000015258789,57.08000183105469,57.150001525878906,0.0,646600,0.0017641941729101482,25788210.524873886
2012-08-07,40.3159065246582,0.0,57.29999923706055,0.0,57.540000915527344,57.29999923706055,57.34000015258789,0.0,332500,0.0017961539640274208,25793669.105012078
2012-08-08,40.42145919799805,0.0,57.45000076293945,0.0,57.4900016784668,57.130001068115234,57.150001525878906,0.0,347200,0.001659147592962744,25798916.046956986
2012-08-09,40.463680267333984,0.0,57.5099983215332,0.0,57.630001068115234,57.34000015258789,57.34000015258789,0.0,313100,0.001654461052566398,25791103.351078335
2012-08-10,40.56217193603516,0.0,57.650001525878906,0.0,57.68000030517578,57.150001525878906,57.2599983215332,0.0,237500,0.0018100051774050982,25691961.577267118
2012-08-13,40.4707260131836,0.0,57.52000045776367,0.0,57.630001068115234,57.310001373291016,57.59000015258789,0.0,261000,0.0018272448469040573,25665869.70440698
2012-08-14,40.4707260131836,0.0,57.52000045776367,0.0,57.79999923706055,57.369998931884766,57.7400016784668,0.0,481600,0.0017476141531153548,25660249.966912042
2012-08-15,40.47775268554688,0.0,57.52999877929688,0.0,57.650001525878906,57.40999984741211,57.40999984741211,0.0,236800,0.0018787438984474321,25520865.734006487
2012-08-16,40.69586563110352,0.0,57.84000015258789,0.0,57.95000076293945,57.43999862670898,57.650001525878906,0.0,247200,0.0017599375488793231,25465324.448591564
2012-08-17,40.70993423461914,0.0,57.86000061035156,0.0,57.9900016784668,57.75,57.91999816894531,0.0,250300,0.0017882439574212039,25414514.960752215
2012-08-20,40.745113372802734,0.0,57.90999984741211,0.0,57.90999984741211,57.68999862670898,57.810001373291016,0.0,299400,0.0018416421616430077,25417868.08846186
2012-08-21,40.660682678222656,0.0,57.790000915527344,0.0,58.290000915527344,57.66999816894531,58.0099983215332,0.0,291500,0.0017586711920092788,25311326.606347825
2012-08-22,40.59030532836914,0.0,57.68999862670898,0.0,57.77000045776367,57.38999938964844,57.59000015258789,0.0,505500,0.0015150664460218991,25404280.049472384
2012-08-23,40.26665115356445,0.0,57.22999954223633,0.0,57.58000183105469,57.15999984741211,57.58000183105469,0.0,269900,0.001654288473488423,25341066.283171516
2012-08-24,40.50589370727539,0.0,57.56999969482422,0.0,57.68000030517578,57.040000915527344,57.11000061035156,0.0,403700,0.0019183263285714649,25365921.009342253
2012-08-27,40.4495964050293,0.0,57.4900016784668,0.0,57.70000076293945,57.43000030517578,57.65999984741211,0.0,386100,0.0019094938875767152,25252775.788997468
2012-08-28,40.44256591796875,0.0,57.47999954223633,0.0,57.66999816894531,57.310001373291016,57.34999847412109,0.0,387000,0.001877772489315551,25285943.062085953
2012-08-29,40.463680267333984,0.0,57.5099983215332,0.0,57.68999862670898,57.400001525878906,57.52999877929688,0.0,263400,0.0018844202567932383,25289718.252496872
2012-08-30,40.22443771362305,0.0,57.16999816894531,0.0,57.31999969482422,56.9900016784668,57.27999877929688,0.0,291900,0.0018844202567932383,25291466.128854904
2012-08-31,40.41442108154297,0.0,57.43999862670898,0.0,57.65999984741211,57.209999084472656,57.5,0.0,393200,0.001800595959018168,25338663.715084016
2012-09-04,40.32999420166016,0.0,57.31999969482422,0.0,57.5099983215332,57.040000915527344,57.38999938964844,0.0,415600,0.0018651582393886322,25314279.569737874
2012-09-05,40.36517333984375,0.0,57.369998931884766,0.0,57.52999877929688,57.27000045776367,57.38999938964844,0.0,447600,0.0017660172573871675,25382423.111712743
2012-09-06,41.181339263916016,0.0,58.52999877929688,0.0,58.52999877929688,57.720001220703125,57.720001220703125,0.0,619700,0.001718434206227246,25523827.554127526
2012-09-07,41.42055892944336,0.0,58.869998931884766,0.0,58.869998931884766,58.540000915527344,58.63999938964844,0.0,451200,0.001718434206227246,25600439.07375033
2012-09-10,41.22355270385742,0.0,58.59000015258789,0.0,58.91999816894531,58.56999969482422,58.75,0.0,270000,0.0017706285863074618,25618001.244233146
2012-09-11,41.385379791259766,0.0,58.81999969482422,0.0,58.959999084472656,58.619998931884766,58.66999816894531,0.0,286400,0.0018465909760260746,25579368.897973925
2012-09-12,41.47685623168945,0.0,58.95000076293945,0.0,59.06999969482422,58.84000015258789,59.02999877929688,0.0,233400,0.0017498878974234564,25534665.754899524
2012-09-13,42.15228271484375,0.0,59.90999984741211,0.0,60.02999877929688,58.810001373291016,58.959999084472656,0.0,398100,0.0016631006561132918,25573132.79767112
2012-09-14,42.2648811340332,0.0,60.06999969482422,0.0,60.47999954223633,59.880001068115234,60.02000045776367,0.0,331300,0.001613299993077169,25580301.228623163
2012-09-17,42.02565002441406,0.0,59.72999954223633,0.0,60.02999877929688,59.61000061035156,59.90999984741211,0.0,266400,0.0015849935845352885,25495414.572246492
2012-09-18,41.969356536865234,0.0,59.650001525878906,0.0,59.72999954223633,59.5,59.66999816894531,0.0,290100,0.0015315953803134849,25463284.00959439
2012-09-19,42.00453567504883,0.0,59.70000076293945,0.0,59.900001525878906,59.59000015258789,59.75,0.0,268600,0.0014522636321370546,25439313.69854155
2012-09-20,42.05379486083984,0.0,59.77000045776367,0.0,59.81999969482422,59.220001220703125,59.380001068115234,0.0,316100,0.0014522636321370546,25448108.43134986
2012-09-21,42.05379486083984,0.0,59.77000045776367,0.0,60.08000183105469,59.75,60.08000183105469,0.0,274400,0.0013130416046705305,25466111.781849936
2012-09-24,42.045291900634766,0.0,59.369998931884766,0.388,59.52999877929688,59.11000061035156,59.150001525878906,0.0,366300,0.0010490037495874888,25468583.830276366
2012-09-25,41.66285705566406,0.0,58.83000183105469,0.0,59.63999938964844,58.79999923706055,59.56999969482422,0.0,1027400,0.0011781395563439164,25811143.627663266
2012-09-26,41.47166061401367,0.0,58.560001373291016,0.0,58.81999969482422,58.41999816894531,58.77999877929688,0.0,698600,0.0010523921818639092,25953542.681445774
2012-09-27,41.76910400390625,0.0,58.97999954223633,0.0,59.119998931884766,58.619998931884766,58.810001373291016,0.0,309700,0.0008805956311967221,25843447.347665213
2012-09-28,41.58497619628906,0.0,58.720001220703125,0.0,58.93999862670898,58.52000045776367,58.790000915527344,0.0,411100,0.001071632742794306,25895822.779482886
2012-10-01,41.70536804199219,0.0,58.88999938964844,0.0,59.400001525878906,58.79999923706055,58.97999954223633,0.0,320100,0.001071632742794306,25904891.704286847
2012-10-02,41.79743194580078,0.0,59.02000045776367,0.0,59.2599983215332,58.77999877929688,59.16999816894531,0.0,305800,0.00131073622072038,25848173.732915
2012-10-03,41.91782379150391,0.0,59.18999862670898,0.0,59.38999938964844,58.869998931884766,59.18999862670898,0.0,346100,0.0014115032681680008,25806362.513766214
2012-10-04,42.30733489990234,0.0,59.7400016784668,0.0,59.75,59.38999938964844,59.459999084472656,0.0,442000,0.0014115032681680008,25894861.363843888
2012-10-05,42.37106323242188,0.0,59.83000183105469,0.0,60.18000030517578,59.650001525878906,60.060001373291016,0.0,271800,0.0014115032681680008,25807507.016826812
2012-10-08,42.29315948486328,0.0,59.720001220703125,0.0,59.790000915527344,59.540000915527344,59.59999847412109,0.0,232000,0.0012037647632490846,25669060.80439734
2012-10-09,41.974456787109375,0.0,59.27000045776367,0.0,59.81999969482422,59.25,59.720001220703125,0.0,377600,0.001046734581300128,25649168.361324735
2012-10-10,41.69828796386719,0.0,58.880001068115234,0.0,59.22999954223633,58.720001220703125,59.220001220703125,0.0,551200,0.001046734581300128,25687235.034443084
2012-10-11,41.747859954833984,0.0,58.95000076293945,0.0,59.33000183105469,58.95000076293945,59.2400016784668,0.0,229200,0.0011984219612817142,25012507.773926146
2012-10-12,41.49999237060547,0.0,58.59999847412109,0.0,59.02999877929688,58.45000076293945,58.90999984741211,0.0,305100,0.0011984219612817142,25005354.655650306
2012-10-15,41.83992385864258,0.0,59.08000183105469,0.0,59.13999938964844,58.58000183105469,58.7400016784668,0.0,484800,0.0014369562102461713,25090666.901936606
2012-10-16,42.21525955200195,0.0,59.61000061035156,0.0,59.66999816894531,59.369998931884766,59.400001525878906,0.0,640800,0.0014369562102461713,25227524.112737745
2012-10-17,42.583526611328125,0.0,60.130001068115234,0.0,60.15999984741211,59.720001220703125,59.7400016784668,0.0,487400,0.0014369562102461713,25292860.359954834
2012-10-18,42.67557907104492,0.0,60.2599983215332,0.0,60.400001525878906,59.9900016784668,60.0,0.0,362800,0.0014369562102461713,25361351.95630694
2012-10-19,42.03821563720703,0.0,59.36000061035156,0.0,60.11000061035156,59.20000076293945,60.11000061035156,0.0,263400,0.0014369562102461713,25336784.62546515
2012-10-22,41.9815559387207,0.0,59.27999877929688,0.0,59.400001525878906,58.81999969482422,59.290000915527344,0.0,869700,0.0014369562102461713,25602055.059538946
2012-10-23,41.35126495361328,0.0,58.38999938964844,0.0,58.619998931884766,58.09999847412109,58.619998931884766,0.0,439400,0.0015197217777661066,25667739.59746285
2012-10-24,41.25920867919922,0.0,58.2599983215332,0.0,58.63999938964844,58.18999862670898,58.56999969482422,0.0,388600,0.0018247918823552627,25737428.1475491
2012-10-25,41.443321228027344,0.0,58.52000045776367,0.0,58.81999969482422,58.16999816894531,58.75,0.0,257200,0.002114866777878789,25709184.255587865
2012-10-26,41.337100982666016,0.0,58.369998931884766,0.0,58.619998931884766,58.08000183105469,58.459999084472656,0.0,711000,0.002141193108274885,25902713.17450508
2012-10-31,41.4221076965332,0.0,58.4900016784668,0.0,58.7400016784668,58.18000030517578,58.650001525878906,0.0,905400,0.002385021339788089,26150191.348499723
2012-11-01,41.81867599487305,0.0,59.04999923706055,0.0,59.08000183105469,58.540000915527344,58.58000183105469,0.0,279800,0.002081355581491551,26144637.83450354
2012-11-02,41.45750427246094,0.0,58.540000915527344,0.0,59.38999938964844,58.47999954223633,59.38999938964844,0.0,265600,0.0021863341913229335,26084111.205948725
2012-11-05,41.4929084777832,0.0,58.59000015258789,0.0,58.70000076293945,58.220001220703125,58.45000076293945,0.0,444900,0.0021863341913229335,26064076.56424689
2012-11-06,41.86115646362305,0.0,59.11000061035156,0.0,59.310001373291016,58.709999084472656,58.7400016784668,0.0,326600,0.0021863341913229335,26095327.892218694
2012-11-07,40.813026428222656,0.0,57.630001068115234,0.0,58.52999877929688,57.36000061035156,58.52999877929688,0.0,732800,0.0021863341913229335,26255754.35604822
2012-11-08,40.381046295166016,0.0,57.02000045776367,0.0,57.95000076293945,57.02000045776367,57.65999984741211,0.0,556200,0.002080504066940947,26297532.144803848
2012-11-09,40.39519882202149,0.0,57.040000915527344,0.0,57.52000045776367,56.75,56.810001373291016,0.0,612100,0.00209638258232067,26444415.13764215
2012-11-12,40.36689376831055,0.0,57.0,0.0,57.22999954223633,56.93000030517578,57.16999816894531,0.0,562000,0.0020196832191022784,26569175.136932496
2012-11-13,40.16150665283203,0.0,56.709999084472656,0.0,57.34999847412109,56.59999847412109,56.72999954223633,0.0,984900,0.0021416525941864474,26848853.236579895
2012-11-14,39.6232795715332,0.0,55.95000076293945,0.0,56.95000076293945,55.77999877929688,56.880001068115234,0.0,728600,0.0019031183452219904,26997908.1462406
2012-11-15,39.50996398925781,0.0,55.790000915527344,0.0,56.150001525878906,55.59000015258789,55.93999862670898,0.0,520600,0.0019031183452219904,27089397.90204366
2012-11-16,39.71534729003906,0.0,56.08000183105469,0.0,56.15999984741211,55.400001525878906,55.810001373291016,0.0,568100,0.002300220800136427,27120414.058830626
2012-11-19,40.40229415893555,0.0,57.04999923706055,0.0,57.04999923706055,56.4900016784668,56.68999862670898,0.0,575800,0.002300220800136427,27018387.393869672
2012-11-20,40.43770217895508,0.0,57.09999847412109,0.0,57.18000030517578,56.650001525878906,56.959999084472656,0.0,632300,0.0024722308735389054,27098261.397988457
2012-11-21,40.52975463867188,0.0,57.22999954223633,0.0,57.25,57.02999877929688,57.18999862670898,0.0,421500,0.0024722308735389054,27112280.80121903
2012-11-23,41.0255012512207,0.0,57.93000030517578,0.0,57.93000030517578,57.459999084472656,57.4900016784668,0.0,275500,0.0021880149213211572,27050722.97909752
2012-11-26,40.91926574707031,0.0,57.77999877929688,0.0,57.77999877929688,57.470001220703125,57.65999984741211,0.0,892800,0.0020770811821302425,27315128.30664317
2012-11-27,40.67848205566406,0.0,57.43999862670898,0.0,57.88999938964844,57.38999938964844,57.72999954223633,0.0,871000,0.001971288169189942,27565299.24704234
2012-11-28,41.01133728027344,0.0,57.90999984741211,0.0,57.93000030517578,56.900001525878906,57.20000076293945,0.0,749500,0.001993796451089574,27703829.471109785
2012-11-29,41.152976989746094,0.0,58.11000061035156,0.0,58.27000045776367,57.810001373291016,58.119998931884766,0.0,959600,0.0017499682195763703,28008258.493589975
2012-11-30,41.1175651550293,0.0,58.060001373291016,0.0,58.25,57.91999816894531,58.11000061035156,0.0,616200,0.0019703823868283546,28124232.308399867
2012-12-03,40.9830207824707,0.0,57.869998931884766,0.0,58.45000076293945,57.810001373291016,58.400001525878906,0.0,611600,0.0018322379010620687,28188964.779405747
2012-12-04,40.94052505493164,0.0,57.810001373291016,0.0,58.09000015258789,57.68000030517578,57.900001525878906,0.0,482800,0.0018322379010620687,28104730.566905793
2012-12-05,41.25212097167969,0.0,58.25,0.0,58.47999954223633,57.75,57.90999984741211,0.0,907400,0.001910276896391515,28338844.45579468
2012-12-06,41.37959671020508,0.0,58.43000030517578,0.0,58.45000076293945,58.15999984741211,58.27999877929688,0.0,729600,0.0020248184933022,28075468.203020852
2012-12-07,41.5991439819336,0.0,58.7400016784668,0.0,58.7599983215332,58.369998931884766,58.63999938964844,0.0,453000,0.0020248184933022,28116232.25523025
2012-12-10,41.64871597290039,0.0,58.810001373291016,0.0,58.900001525878906,58.66999816894531,58.709999084472656,0.0,414300,0.0020089399779224773,28069765.851623293
2012-12-11,41.88947296142578,0.0,59.150001525878906,0.0,59.369998931884766,58.970001220703125,58.970001220703125,0.0,706300,0.0018896094571373696,28214133.645360433
2012-12-12,41.98863983154297,0.0,59.290000915527344,0.0,59.709999084472656,59.20000076293945,59.400001525878906,0.0,531200,0.0017676400820532008,28153482.323722232
2012-12-13,41.719520568847656,0.0,58.90999984741211,0.0,59.34999847412109,58.77000045776367,59.2599983215332,0.0,723400,0.0017676400820532008,27457604.61702498
2012-12-14,41.62745666503906,0.0,58.77999877929688,0.0,58.959999084472656,58.709999084472656,58.86000061035156,0.0,738500,0.0017676400820532008,27646233.54277838
2012-12-17,42.10195541381836,0.0,59.45000076293945,0.0,59.45000076293945,58.970001220703125,59.040000915527344,0.0,1299300,0.0013705376271387643,28145263.81035154
2012-12-18,42.56227111816406,0.0,60.09999847412109,0.0,60.16999816894531,59.38999938964844,59.61000061035156,0.0,1190700,0.0013705376271387643,28553262.72185492
2012-12-19,42.278995513916016,0.0,59.70000076293945,0.0,60.220001220703125,59.66999816894531,60.220001220703125,0.0,1097800,0.0014486777105017445,28925018.376459394
2012-12-20,42.56227111816406,0.0,60.09999847412109,0.0,60.11000061035156,59.630001068115234,59.72999954223633,0.0,480800,0.0017309969537531353,28953109.835588366
2012-12-21,42.17277526855469,0.0,59.54999923706055,0.0,59.68999862670898,59.18999862670898,59.290000915527344,0.0,989200,0.0021001639171408775,29310159.47522966
2012-12-24,42.00852584838867,0.0,58.83000183105469,0.49,58.93000030517578,58.720001220703125,58.93000030517578,0.0,323000,0.001991935465185362,29312765.05011907
2012-12-26,41.89427947998047,0.0,58.66999816894531,0.0,59.0099983215332,58.56999969482422,58.93999862670898,0.0,556700,0.00190443489991886,29434750.86742583
2012-12-27,41.80146408081055,0.0,58.540000915527344,0.0,58.810001373291016,57.88999938964844,58.72999954223633,0.0,511800,0.0016645631760255479,29451009.90101345
2012-12-28,41.33018112182617,0.0,57.880001068115234,0.0,58.470001220703125,57.869998931884766,58.150001525878906,0.0,624400,0.0020348290633315862,29386425.167229064
2012-12-31,41.98712158203125,0.0,58.79999923706055,0.0,58.83000183105469,57.72999954223633,57.77000045776367,0.0,1039000,0.0021324278225512373,29681084.038171314
2013-01-02,43.02964401245117,0.0,60.2599983215332,0.0,60.2599983215332,59.75,60.130001068115234,0.0,919700,0.001965914017603589,29910626.44378117
2013-01-03,42.97966003417969,0.0,60.18999862670898,0.0,60.40999984741211,60.060001373291016,60.29999923706055,0.0,1946200,0.001965914017603589,30676975.86567894
2013-01-04,43.27243041992188,0.0,60.59999847412109,0.0,60.68000030517578,60.22999954223633,60.36000061035156,0.0,591600,0.0018878750222741428,30784885.858036224
2013-01-07,43.13676071166992,0.0,60.40999984741211,0.0,60.47999954223633,60.18000030517578,60.47999954223633,0.0,1060200,0.0019547255052961283,31120049.349288333
2013-01-08,42.98680114746094,0.0,60.20000076293945,0.0,60.369998931884766,60.0099983215332,60.34000015258789,0.0,458100,0.0020319771089385534,31199993.161585975
2013-01-09,43.115333557128906,0.0,60.380001068115234,0.0,60.540000915527344,60.220001220703125,60.36000061035156,0.0,3434900,0.0020319771089385534,32728005.617974296
2013-01-10,43.49380111694336,0.0,60.90999984741211,0.0,60.93000030517578,60.4900016784668,60.709999084472656,0.0,4039200,0.0020319771089385534,33437714.321187943
2013-01-11,43.45808792114258,0.0,60.86000061035156,0.0,60.88999938964844,60.63999938964844,60.88999938964844,0.0,2220800,0.002163028998316947,34305389.00428954
2013-01-14,43.50092697143555,0.0,60.91999816894531,0.0,60.95000076293945,60.66999816894531,60.880001068115234,0.0,1179800,0.0022928784181400256,34672756.91970038
2013-01-15,43.6080436706543,0.0,61.06999969482422,0.0,61.11000061035156,60.66999816894531,60.70000076293945,0.0,755600,0.0024549129415058104,34884658.381565034
2013-01-16,43.57234191894531,0.0,61.02000045776367,0.0,61.09000015258789,60.86000061035156,60.93999862670898,0.0,453700,0.0025666007694517996,34945529.72046383
2013-01-17,43.83654022216797,0.0,61.38999938964844,0.0,61.560001373291016,61.15999984741211,61.25,0.0,1154100,0.0025666007694517996,35355460.616665795
2013-01-18,43.96507263183594,0.0,61.56999969482422,0.0,61.61000061035156,61.20000076293945,61.38999938964844,0.0,609000,0.002557967176547058,35153691.62328811
2013-01-22,44.22928237915039,0.0,61.93999862670898,0.0,61.970001220703125,61.459999084472656,61.560001373291016,0.0,485400,0.0022756479332956673,35253892.82015846
2013-01-23,44.20785140991211,0.0,61.90999984741211,0.0,61.970001220703125,61.66999816894531,61.970001220703125,0.0,532000,0.0020657634781232046,35362657.67038739
2013-01-24,44.400657653808594,0.0,62.18000030517578,0.0,62.45000076293945,62.02999877929688,62.02999877929688,0.0,750600,0.001979855564680479,35565977.12217058
2013-01-25,44.6719970703125,0.0,62.560001373291016,0.0,62.560001373291016,62.20000076293945,62.43999862670898,0.0,483300,0.0019659143280618997,35618650.52061838
2013-01-28,44.60773468017578,0.0,62.470001220703125,0.0,62.68999862670898,62.2400016784668,62.68999862670898,0.0,467800,0.0021329371873267016,35663849.65524522
2013-01-29,44.92192840576172,0.0,62.90999984741211,0.0,62.970001220703125,62.40999984741211,62.43999862670898,0.0,531400,0.0017626713000206632,35746967.02462757
2013-01-30,44.7719612121582,0.0,62.70000076293945,0.0,62.97999954223633,62.61000061035156,62.959999084472656,0.0,530500,0.0016389393587057644,35731822.50777956
2013-01-31,44.6577262878418,0.0,62.540000915527344,0.0,62.709999084472656,62.45000076293945,62.56999969482422,0.0,466200,0.0016389393587057644,35457111.45153046
2013-02-01,45.08616256713867,0.0,63.13999938964844,0.0,63.20000076293945,62.790000915527344,62.93999862670898,0.0,426600,0.0016389393587057644,35492685.29553792
2013-02-04,44.6577262878418,0.0,62.540000915527344,0.0,62.83000183105469,62.4900016784668,62.79999923706055,0.0,821000,0.0018740971337560762,35655569.878883965
2013-02-05,45.05046844482422,0.0,63.09000015258789,0.0,63.27999877929688,62.880001068115234,62.880001068115234,0.0,479200,0.0018371558370372395,35681184.46091546
2013-02-06,45.14329147338867,0.0,63.220001220703125,0.0,63.220001220703125,62.790000915527344,62.84999847412109,0.0,761200,0.0019461127103838616,35913718.32896944
2013-02-07,44.99333190917969,0.0,63.0099983215332,0.0,63.27000045776367,62.61000061035156,63.220001220703125,0.0,969300,0.002190595014024094,36105525.17174009
2013-02-08,45.17184448242188,0.0,63.2599983215332,0.0,63.27000045776367,63.060001373291016,63.060001373291016,0.0,714200,0.002252785682932106,36312890.57693784
2013-02-11,45.207550048828125,0.0,63.310001373291016,0.0,63.36000061035156,63.130001068115234,63.2400016784668,0.0,1028300,0.0021436086335350516,36671263.86382088
2013-02-12,45.39322280883789,0.0,63.56999969482422,0.0,63.65999984741211,63.2599983215332,63.33000183105469,0.0,1082900,0.002013759213711973,37074704.91298797
2013-02-13,45.45033645629883,0.0,63.650001525878906,0.0,63.79999923706055,63.459999084472656,63.70000076293945,0.0,3332800,0.0018517246903461879,38649632.291742355
2013-02-14,45.521732330322266,0.0,63.75,0.0,63.790000915527344,63.36000061035156,63.459999084472656,0.0,418400,0.0019451600666423436,38742174.19555604
2013-02-15,45.40034103393555,0.0,63.58000183105469,0.0,63.84999847412109,63.38999938964844,63.84000015258789,0.0,1836800,0.0022103674140175845,39449175.10938796
2013-02-19,45.81450653076172,0.0,64.16000366210938,0.0,64.18000030517578,63.7400016784668,63.7400016784668,0.0,752000,0.00198124299679906,39723978.435125805
2013-02-20,45.25038146972656,0.0,63.369998931884766,0.0,64.16000366210938,63.34999847412109,64.12000274658203,0.0,1778100,0.0021540118260493296,40504773.253086634
2013-02-21,44.99333190917969,0.0,63.0099983215332,0.0,63.25,62.77000045776367,63.20000076293945,0.0,1081600,0.00199472931783405,40930719.729529485
2013-02-22,45.37892150878906,0.0,63.54999923706055,0.0,63.54999923706055,63.130001068115234,63.33000183105469,0.0,650600,0.00199472931783405,41121254.456111364
2013-02-25,44.48633575439453,0.0,62.29999923706055,0.0,63.959999084472656,62.29999923706055,63.869998931884766,0.0,825500,0.0020105211402985396,41395721.63153452
2013-02-26,44.77911376953125,0.0,62.709999084472656,0.0,62.790000915527344,62.18000030517578,62.619998931884766,0.0,757100,0.0018434982810337374,41541082.314082555
2013-02-27,45.37178039550781,0.0,63.540000915527344,0.0,63.65999984741211,62.619998931884766,62.709999084472656,0.0,469200,0.0018434982810337374,41655102.88196442
2013-02-28,45.243255615234375,0.0,63.36000061035156,0.0,63.900001525878906,63.36000061035156,63.560001373291016,0.0,489700,0.0016492172958770008,41716899.575790524
2013-03-01,45.42891311645508,0.0,63.619998931884766,0.0,63.66999816894531,62.880001068115234,63.18999862670898,0.0,646700,0.0016492172958770008,41867265.95405397
2013-03-04,45.635990142822266,0.0,63.90999984741211,0.0,63.90999984741211,63.36000061035156,63.47999954223633,0.0,718700,0.0016492172958770008,42055260.851415
2013-03-05,46.0073127746582,0.0,64.43000030517578,0.0,64.62999725341797,64.2699966430664,64.29000091552734,0.0,558100,0.001414059520826689,42220421.56262474
2013-03-06,46.171531677246094,0.0,64.66000366210938,0.0,64.80000305175781,64.44999694824219,64.68000030517578,0.0,528200,0.0012696087376128553,42359036.57428197
2013-03-07,46.28579330444336,0.0,64.81999969482422,0.0,64.9000015258789,64.72000122070312,64.7699966430664,0.0,498600,0.0010900001898737656,42436289.30751861
2013-03-08,46.44289016723633,0.0,65.04000091552734,0.0,65.16999816894531,64.75,65.12000274658203,0.0,717500,0.0008585400007527992,42617590.96453228
2013-03-11,46.63567733764648,0.0,65.30999755859375,0.0,65.33999633789062,64.9000015258789,65.05000305175781,0.0,525500,0.0008302853339490511,42686175.029572986
2013-03-12,46.59996795654297,0.0,65.26000213623047,0.0,65.44000244140625,65.05999755859375,65.30000305175781,0.0,661000,0.0008849569335873244,42740665.673767574
2013-03-13,46.64997100830078,0.0,65.33000183105469,0.0,65.38999938964844,65.08000183105469,65.29000091552734,0.0,494000,0.0010892870581732128,42785990.097469755
2013-03-14,46.93558120727539,0.0,65.7300033569336,0.0,65.75,65.4800033569336,65.4800033569336,0.0,872600,0.0010892870581732128,43115646.45372421
2013-03-15,46.91416549682617,0.0,65.69999694824219,0.0,65.73999786376953,65.38999938964844,65.61000061035156,0.0,1176600,0.0010350196899924868,43595460.48941234
2013-03-18,46.642826080322266,0.0,65.31999969482422,0.0,65.61000061035156,64.9800033569336,65.08000183105469,0.0,771300,0.0008629144055095159,43886114.343273826
2013-03-19,46.53571701049805,0.0,65.16999816894531,0.0,65.54000091552734,64.79000091552734,65.45999908447266,0.0,508900,0.0011452743493578393,43960041.65382083
2013-03-20,46.842769622802734,0.0,65.5999984741211,0.0,65.72000122070312,65.45999908447266,65.55000305175781,0.0,2369800,0.0010532932838263837,45035896.30052778
2013-03-21,46.5285758972168,0.0,65.16000366210938,0.0,65.48999786376953,64.97000122070312,65.26000213623047,0.0,842300,0.0010532932838263837,45345199.46883368
2013-03-22,46.74264144897461,0.0,65.06999969482422,0.388,65.11000061035156,64.80999755859375,64.87999725341797,0.0,530500,0.0010532932838263837,45481827.79736897
2013-03-25,46.59897232055664,0.0,64.87000274658203,0.0,65.4000015258789,64.61000061035156,65.30999755859375,0.0,1448500,0.0010562848086281894,46100310.168587215
2013-03-26,46.96531677246094,0.0,65.37999725341797,0.0,65.38999938964844,65.05000305175781,65.1500015258789,0.0,705700,0.0011862408005768033,46316543.23935736
2013-03-27,46.92940902709961,0.0,65.33000183105469,0.0,65.37999725341797,64.91000366210938,65.0199966430664,0.0,576700,0.0013713336926526169,46485391.84197925
2013-03-28,47.07309341430664,0.0,65.52999877929688,0.0,65.6500015258789,65.25,65.37000274658203,0.0,621200,0.0013713336926526169,46635868.06922489
2013-04-01,47.001243591308594,0.0,65.43000030517578,0.0,65.68000030517578,65.2300033569336,65.51000213623047,0.0,821600,0.0016518364956437594,46582815.24676066
2013-04-02,47.06588745117188,0.0,65.5199966430664,0.0,65.77999877929688,65.41999816894531,65.61000061035156,0.0,954200,0.0017001641650641213,46754316.54705774
2013-04-03,46.61334228515625,0.0,64.88999938964844,0.0,65.66000366210938,64.72000122070312,65.66000366210938,0.0,916700,0.0017001641650641213,47081447.948504254
2013-04-04,46.88631439208984,0.0,65.2699966430664,0.0,65.30999755859375,64.88999938964844,65.0,0.0,2944800,0.0018664411467516732,48415315.35812862
2013-04-05,46.74983215332031,0.0,65.08000183105469,0.0,65.11000061035156,64.37000274658203,64.45999908447266,0.0,761700,0.001990935545956811,48659130.82312932
2013-04-08,47.001243591308594,0.0,65.43000030517578,0.0,65.45999908447266,64.83000183105469,65.12999725341797,0.0,616300,0.001977913431437545,48835926.00605071
2013-04-09,47.24547576904297,0.0,65.7699966430664,0.0,66.01000213623047,65.41999816894531,65.58000183105469,0.0,1020000,0.001943977429333281,49205765.19693344
2013-04-10,47.75552368164063,0.0,66.4800033569336,0.0,66.55000305175781,65.93000030517578,65.94999694824219,0.0,811700,0.0018674309897136684,49424469.466639325
2013-04-11,47.9063606262207,0.0,66.69000244140625,0.0,66.86000061035156,66.3499984741211,66.45999908447266,0.0,1279000,0.0016631008651277798,49972364.05890026
2013-04-12,47.73395156860352,0.0,66.44999694824219,0.0,66.56999969482422,66.12999725341797,66.41000366210938,0.0,338500,0.0017785460370298635,50040921.86591436
2013-04-15,46.66362762451172,0.0,64.95999908447266,0.0,66.1500015258789,64.95999908447266,66.13999938964844,0.0,635400,0.001627690200968445,50190884.01865581
2013-04-16,47.28140258789063,0.0,65.81999969482422,0.0,65.83999633789062,65.23999786376953,65.4800033569336,0.0,687100,0.0017996054858484395,50292235.329779364
2013-04-17,46.64925765991211,0.0,64.94000244140625,0.0,65.4000015258789,64.58000183105469,65.33999633789062,0.0,632200,0.0018287264428842361,50510836.35651422
2013-04-18,46.48403930664063,0.0,64.70999908447266,0.0,65.11000061035156,64.4800033569336,65.08999633789062,0.0,575500,0.0019606329509518432,50664500.99888454
2013-04-19,46.97970581054688,0.0,65.4000015258789,0.0,65.43000030517578,64.8499984741211,65.0,0.0,789800,0.0020467249377229537,50847127.477594405
2013-04-22,47.14491653442383,0.0,65.62999725341797,0.0,65.7699966430664,65.05999755859375,65.54000091552734,0.0,755400,0.0020467249377229537,50937435.505642965
2013-04-23,47.66211318969727,0.0,66.3499984741211,0.0,66.3499984741211,65.62999725341797,65.88999938964844,0.0,600500,0.0019443724923367718,51021053.057731144
2013-04-24,47.67649841308594,0.0,66.37000274658203,0.0,66.55999755859375,66.25,66.41999816894531,0.0,3376900,0.0018144165003881572,52626311.271095276
2013-04-25,47.87042617797852,0.0,66.63999938964844,0.0,66.95999908447266,66.45999908447266,66.63999938964844,0.0,657600,0.0016293236083123434,52850017.93330056
2013-04-26,47.82015609741211,0.0,66.56999969482422,0.0,66.69999694824219,66.3499984741211,66.55999755859375,0.0,359200,0.0016300107705682222,52630622.13133252
2013-04-29,48.11468124389648,0.0,66.9800033569336,0.0,67.0999984741211,66.62999725341797,66.7300033569336,0.0,356500,0.0013495079675770799,52616509.47629232
2013-04-30,48.11468124389648,0.0,66.9800033569336,0.0,67.0199966430664,66.62000274658203,66.95999908447266,0.0,416300,0.0015490661396012021,52658128.048115686
2013-05-01,47.63338851928711,0.0,66.30999755859375,0.0,66.87000274658203,66.23999786376953,66.87000274658203,0.0,475500,0.0016866126174090972,52788914.23638056
2013-05-02,48.02128982543945,0.0,66.8499984741211,0.0,66.87000274658203,66.41000366210938,66.48999786376953,0.0,441900,0.0017926145102500463,52693993.16562774
2013-05-03,48.43793487548828,0.0,67.43000030517578,0.0,67.66000366210938,67.3499984741211,67.41999816894531,0.0,337300,0.0016615201817949514,52454209.765494816
2013-05-06,48.5528678894043,0.0,67.58999633789062,0.0,67.69000244140625,67.41000366210938,67.44000244140625,0.0,538400,0.0018004281440904442,52611894.40233442
2013-05-07,48.81145858764648,0.0,67.94999694824219,0.0,67.9800033569336,67.58999633789062,67.73999786376953,0.0,487900,0.0018004281440904442,52751613.28541286
2013-05-08,49.04851913452149,0.0,68.27999877929688,0.0,68.27999877929688,67.88999938964844,67.91999816894531,0.0,404100,0.0018004281440904442,52763718.49524483
2013-05-09,48.79710388183594,0.0,67.93000030517578,0.0,68.29000091552734,67.7699966430664,68.25,0.0,445600,0.0020307591400700875,52850736.605853125
2013-05-10,48.9407844543457,0.0,68.12999725341797,0.0,68.13999938964844,67.7300033569336,68.0,0.0,331600,0.0020969861453163075,52694868.68765089
2013-05-13,48.96233367919922,0.0,68.16000366210938,0.0,68.20999908447266,67.81999969482422,68.0199966430664,0.0,925400,0.002249429398142146,52943763.47443111
2013-05-14,49.544189453125,0.0,68.97000122070312,0.0,69.04000091552734,68.16999816894531,68.16999816894531,0.0,463500,0.001984412050369881,52920377.847489856
2013-05-15,49.903350830078125,0.0,69.47000122070312,0.0,69.62999725341797,68.88999938964844,68.88999938964844,0.0,951600,0.0016605390028435682,53190803.666232884
2013-05-16,49.70939636230469,0.0,69.19999694824219,0.0,69.58000183105469,69.11000061035156,69.33999633789062,0.0,1563500,0.0016854547434413038,53606204.59583827
2013-05-17,50.19785690307617,0.0,69.87999725341797,0.0,69.93000030517578,69.38999938964844,69.45999908447266,0.0,1167400,0.0017488693498269915,53930115.2167729
2013-05-20,50.23379898071289,0.0,69.93000030517578,0.0,70.18000030517578,69.79000091552734,69.81999969482422,0.0,576500,0.0017488693498269915,54019562.60327536
2013-05-21,50.305625915527344,0.0,70.02999877929688,0.0,70.23999786376953,69.75,69.95999908447266,0.0,410400,0.001983915796414466,53994810.71802775
2013-05-22,49.93927383422852,0.0,69.5199966430664,0.0,70.77999877929688,69.2699966430664,70.0999984741211,0.0,2698600,0.002117642306062134,55223043.046442665
2013-05-23,49.88181686401367,0.0,69.44000244140625,0.0,69.5999984741211,68.72000122070312,68.83000183105469,0.0,811600,0.002117642306062134,55383782.54601615
2013-05-24,49.83869171142578,0.0,69.37999725341797,0.0,69.37999725341797,68.87000274658203,69.13999938964844,0.0,1328300,0.0023560869619007087,55923742.90748172
2013-05-28,50.16195297241211,0.0,69.83000183105469,0.0,70.4000015258789,69.58999633789062,70.05999755859375,0.0,558100,0.0023560869619007087,56106381.073655024
2013-05-29,49.88181686401367,0.0,69.44000244140625,0.0,69.6500015258789,69.0199966430664,69.48999786376953,0.0,1084900,0.0021082011204562245,56294868.97634173
2013-05-30,50.1116828918457,0.0,69.76000213623047,0.0,70.04000091552734,69.44999694824219,69.48999786376953,0.0,426500,0.0019706546426483296,56133935.65973251
2013-05-31,49.35741424560547,0.0,68.70999908447266,0.0,69.91999816894531,68.6500015258789,69.58000183105469,0.0,940200,0.0017156434503754734,56302170.55063399
2013-06-03,49.666297912597656,0.0,69.13999938964844,0.0,69.1500015258789,68.4000015258789,68.88999938964844,0.0,672800,0.001715643450375473,56228797.812567815
2013-06-04,49.42205810546875,0.0,68.80000305175781,0.0,69.4000015258789,68.44999694824219,69.12999725341797,0.0,896400,0.001946310303952787,56434319.63708666
2013-06-05,48.75400161743164,0.0,67.87000274658203,0.0,68.70999908447266,67.80999755859375,68.63999938964844,0.0,518800,0.001946310303952787,56432872.542469084
2013-06-06,49.23527908325195,0.0,68.54000091552734,0.0,68.54000091552734,67.4800033569336,67.86000061035156,0.0,745600,0.002230183647772472,56616942.03468807
2013-06-07,49.83869171142578,0.0,69.37999725341797,0.0,69.45999908447266,68.79000091552734,68.97000122070312,0.0,375100,0.001999852651792829,56403992.72492424
2013-06-10,49.88898468017578,0.0,69.44999694824219,0.0,69.66999816894531,69.22000122070312,69.66999816894531,0.0,515700,0.0018181804746445248,56349904.11542862
2013-06-11,49.393341064453125,0.0,68.76000213623047,0.0,69.30000305175781,68.63999938964844,68.8499984741211,0.0,546800,0.0016657372218186865,56437116.40437898
2013-06-12,49.07008361816406,0.0,68.30999755859375,0.0,69.33000183105469,68.2300033569336,69.30000305175781,0.0,696600,0.001984933679395783,56621400.219699316
2013-06-13,49.781246185302734,0.0,69.30000305175781,0.0,69.41000366210938,68.0999984741211,68.27999877929688,0.0,1503300,0.002687769160843641,57116646.63644518
2013-06-14,49.4507942199707,0.0,68.83999633789062,0.0,69.44000244140625,68.72000122070312,69.16999816894531,0.0,2731000,0.002719626069748775,58358767.124639235
2013-06-17,49.8171501159668,0.0,69.3499984741211,0.0,69.6500015258789,68.95999908447266,69.31999969482422,0.0,1520400,0.0028969766318937807,58857372.23408714
2013-06-18,50.16913986206055,0.0,69.83999633789062,0.0,69.93000030517578,69.38999938964844,69.43000030517578,0.0,652300,0.0028969766318937807,58874416.682600595
2013-06-19,49.4867057800293,0.0,68.88999938964844,0.0,69.88999938964844,68.87999725341797,69.79000091552734,0.0,848800,0.00282649037593486,58725451.964272395
2013-06-20,48.308624267578125,0.0,67.25,0.0,68.30999755859375,67.04000091552734,68.30000305175781,0.0,1218700,0.0026927638662871916,58807963.92313639
2013-06-21,48.495399475097656,0.0,67.51000213623047,0.0,67.83999633789062,66.8499984741211,67.79000091552734,0.0,3129200,0.0029624462565292515,59964421.366367646
2013-06-24,47.88197326660156,0.0,66.2699966430664,0.391,66.80999755859375,65.7300033569336,66.48999786376953,0.0,886000,0.0028221311016661532,60201081.18985494
2013-06-25,48.36606216430664,0.0,66.94000244140625,0.0,67.1500015258789,66.43000030517578,66.88999938964844,0.0,758900,0.002890511614330225,60136747.13118417
2013-06-26,48.84293746948242,0.0,67.5999984741211,0.0,67.7300033569336,67.18000030517578,67.5199966430664,0.0,1550700,0.002890511614330225,60817899.72675868
2013-06-27,49.21142959594727,0.0,68.11000061035156,0.0,68.36000061035156,67.95999908447266,67.98999786376953,0.0,824200,0.002890511614330225,61004206.66741265
2013-06-28,48.85016250610352,0.0,67.61000061035156,0.0,68.16999816894531,67.61000061035156,67.98999786376953,0.0,831700,0.00287324393207458,61212702.421690926
2013-07-01,49.16085052490234,0.0,68.04000091552734,0.0,68.54000091552734,67.94000244140625,68.08999633789062,0.0,642200,0.003265793926743526,61272662.86550855
2013-07-02,49.0596923828125,0.0,67.9000015258789,0.0,68.41000366210938,67.6500015258789,68.0,0.0,660400,0.003034622432297605,61143678.43535287
2013-07-03,49.0596923828125,0.0,67.9000015258789,0.0,68.0199966430664,67.5,67.63999938964844,0.0,289300,0.003054188423011406,60859728.832060196
2013-07-05,49.60882186889648,0.0,68.66000366210938,0.0,68.66000366210938,67.9000015258789,68.43000030517578,0.0,773900,0.0027703150791917206,60351746.30433643
2013-07-08,49.97008514404297,0.0,69.16000366210938,0.0,69.2699966430664,68.94999694824219,69.0,0.0,648500,0.0027703150791917206,60423169.34622204
2013-07-09,50.381927490234375,0.0,69.7300033569336,0.0,69.80000305175781,69.3499984741211,69.62000274658203,0.0,702500,0.0027703150791917206,60303634.78685712
2013-07-10,50.32413101196289,0.0,69.6500015258789,0.0,69.91000366210938,69.44999694824219,69.69999694824219,0.0,539800,0.0029151072881827634,60383154.2350648
2013-07-11,50.94549560546875,0.0,70.51000213623047,0.0,70.58999633789062,70.0999984741211,70.48999786376953,0.0,709100,0.002595910830605667,59133942.94019124
2013-07-12,51.0394172668457,0.0,70.63999938964844,0.0,70.69000244140625,70.38999938964844,70.45999908447266,0.0,859700,0.0018930753491578091,57663320.2107596
2013-07-15,51.248966217041016,0.0,70.93000030517578,0.0,71.0,70.6500015258789,70.7699966430664,0.0,2024700,0.0016236084278685187,57730416.101731196
2013-07-16,51.0394172668457,0.0,70.63999938964844,0.0,71.01000213623047,70.41999816894531,71.0,0.0,1426100,0.0014601527161774476,57959513.63577767
2013-07-17,51.169471740722656,0.0,70.81999969482422,0.0,71.05000305175781,70.72000122070312,70.94999694824219,0.0,1287000,0.0016066361805303405,58316663.22179219
2013-07-18,51.55963897705078,0.0,71.36000061035156,0.0,71.48999786376953,71.0,71.0199966430664,0.0,385200,0.0014434633736620955,58315100.5077241
2013-07-19,51.682464599609375,0.0,71.52999877929688,0.0,71.52999877929688,71.08999633789062,71.19000244140625,0.0,496100,0.0016610812404959964,58034432.52438136
2013-07-22,51.82697677612305,0.0,71.7300033569336,0.0,71.79000091552734,71.45999908447266,71.56999969482422,0.0,513900,0.0013913988502539366,58029400.13478597
2013-07-23,51.8414306640625,0.0,71.75,0.0,71.87999725341797,71.5999984741211,71.87000274658203,0.0,751800,0.0013140818504819925,58218891.997219265
2013-07-24,51.537967681884766,0.0,71.33000183105469,0.0,71.91999816894531,71.1500015258789,71.91999816894531,0.0,646300,0.0013284790790255964,58323371.84058901
2013-07-25,51.58855056762695,0.0,71.4000015258789,0.0,71.44000244140625,70.94999694824219,71.05999755859375,0.0,723700,0.0013284790790255964,58363053.37134467
2013-07-26,51.64632797241211,0.0,71.4800033569336,0.0,71.48999786376953,70.81999969482422,71.08000183105469,0.0,351200,0.0015997428699531502,58322327.40717994
2013-07-29,51.48739242553711,0.0,71.26000213623047,0.0,71.43000030517578,71.0999984741211,71.33999633789062,0.0,639400,0.001729578650859636,58452011.36586931
2013-07-30,51.42958450317383,0.0,71.18000030517578,0.0,71.61000061035156,71.05999755859375,71.54000091552734,0.0,598900,0.001491983514068947,58525021.90764593
2013-07-31,51.48017883300781,0.0,71.25,0.0,71.80999755859375,71.19999694824219,71.37999725341797,0.0,476400,0.0015080873477878016,58530427.856814675
2013-08-01,52.08708953857422,0.0,72.08999633789062,0.0,72.12999725341797,71.80000305175781,71.80000305175781,0.0,416700,0.0016298806551376434,58537441.76988753
2013-08-02,52.115997314453125,0.0,72.12999725341797,0.0,72.13999938964844,71.79000091552734,71.94000244140625,0.0,454700,0.0018496758613713617,58583965.46839154
2013-08-05,52.00761413574219,0.0,71.9800033569336,0.0,72.0999984741211,71.8499984741211,71.9800033569336,0.0,715400,0.0019839241423252473,58585149.22751775
2013-08-06,51.69691848754883,0.0,71.55000305175781,0.0,71.91000366210938,71.41000366210938,71.87999725341797,0.0,336000,0.0019839241423252473,58536006.94936117
2013-08-07,51.5451774597168,0.0,71.33999633789062,0.0,71.44000244140625,71.11000061035156,71.29000091552734,0.0,510200,0.0018391319333342048,58442948.22874524
2013-08-08,51.79083251953125,0.0,71.68000030517578,0.0,71.83000183105469,71.30000305175781,71.7300033569336,0.0,390100,0.0018391319333342048,58180144.8695864
2013-08-09,51.62466812133789,0.0,71.44999694824219,0.0,71.77999877929688,71.19000244140625,71.55000305175781,0.0,377500,0.0020973545308915326,58035637.59217943
2013-08-12,51.55963897705078,0.0,71.36000061035156,0.0,71.44000244140625,71.0199966430664,71.11000061035156,0.0,591600,0.0020973545308915326,57854009.829869345
2013-08-13,51.6535758972168,0.0,71.48999786376953,0.0,71.6500015258789,71.08999633789062,71.44999694824219,0.0,400500,0.002052664868788166,57534897.06379724
2013-08-14,51.38624572753906,0.0,71.12000274658203,0.0,71.5,71.06999969482422,71.43000030517578,0.0,452800,0.002119760992115578,56106884.46187822
2013-08-15,50.64925384521485,0.0,70.0999984741211,0.0,70.58000183105469,69.98999786376953,70.58000183105469,0.0,632300,0.0021183736083552696,56246973.58120509
2013-08-16,50.49029159545898,0.0,69.87999725341797,0.0,70.19000244140625,69.69000244140625,69.94000244140625,0.0,914400,0.0019007557415213687,55827247.56632608
2013-08-19,50.064002990722656,0.0,69.29000091552734,0.0,69.87000274658203,69.29000091552734,69.7699966430664,0.0,475100,0.0019007557415213687,55705591.66696942
2013-08-20,50.30244827270508,0.0,69.62000274658203,0.0,69.83000183105469,69.2699966430664,69.38999938964844,0.0,636900,0.0022371655942388644,55163232.814973496
2013-08-21,49.94118118286133,0.0,69.12000274658203,0.0,69.72000122070312,68.9800033569336,69.44999694824219,0.0,898700,0.0022896517782827978,55115348.150559075
2013-08-22,50.34578704833984,0.0,69.68000030517578,0.0,69.81999969482422,69.23999786376953,69.27999877929688,0.0,446700,0.002637606421182371,55034240.4254217
2013-08-23,50.64925384521485,0.0,70.0999984741211,0.0,70.16000366210938,69.66000366210938,69.91000366210938,0.0,471600,0.002366342630254817,54888450.82153442
2013-08-26,50.34578704833984,0.0,69.68000030517578,0.0,70.19999694824219,69.63999938964844,70.19000244140625,0.0,757500,0.0025658736332390074,54930552.88442581
2013-08-27,49.52933120727539,0.0,68.55000305175781,0.0,69.2300033569336,68.51000213623047,68.9800033569336,0.0,1066000,0.002410918775360751,55273896.81159731
2013-08-28,49.659400939941406,0.0,68.7300033569336,0.0,69.0,66.13999938964844,68.52999877929688,0.0,367000,0.0022564116202150107,55227837.43805053
2013-08-29,49.73887252807617,0.0,68.83999633789062,0.0,69.20999908447266,68.5999984741211,68.5999984741211,0.0,586800,0.0021150523221513677,55221902.966160245
2013-08-30,49.58714294433594,0.0,68.62999725341797,0.0,68.93000030517578,68.45999908447266,68.93000030517578,0.0,352300,0.0019306059331660997,55049254.006970115
2013-09-03,49.7027473449707,0.0,68.79000091552734,0.0,69.36000061035156,68.52999877929688,69.31999969482422,0.0,418400,0.0018912851733560194,54992296.4927855
2013-09-04,50.064002990722656,0.0,69.29000091552734,0.0,69.38999938964844,68.66000366210938,68.75,0.0,453800,0.002320196161232946,54970791.63946121
2013-09-05,50.11458969116211,0.0,69.36000061035156,0.0,69.52999877929688,69.25,69.26000213623047,0.0,428100,0.002320196161232946,54949948.49988544
2013-09-06,50.064002990722656,0.0,69.29000091552734,0.0,69.70999908447266,68.73999786376953,69.62000274658203,0.0,735300,0.0023889319832372763,54983938.47620525
2013-09-09,50.53363800048828,0.0,69.94000244140625,0.0,69.97000122070312,69.48999786376953,69.48999786376953,0.0,586200,0.0022209871876471255,55036941.85488867
2013-09-10,50.98884201049805,0.0,70.56999969482422,0.0,70.58000183105469,70.22000122070312,70.43000030517578,0.0,601600,0.0022209871876471255,55031529.55651056
2013-09-11,51.191162109375,0.0,70.8499984741211,0.0,70.8499984741211,70.44000244140625,70.56999969482422,0.0,570600,0.0021022754061397596,55096243.74877082
2013-09-12,50.98161697387695,0.0,70.55999755859375,0.0,70.87999725341797,70.47000122070312,70.8499984741211,0.0,558200,0.0021275668354399854,54953629.38137357
2013-09-13,51.155006408691406,0.0,70.80000305175781,0.0,70.83999633789062,70.55999755859375,70.66999816894531,0.0,505600,0.002275189606098723,54624215.61259315
2013-09-16,51.537967681884766,0.0,71.33000183105469,0.0,71.62999725341797,71.2300033569336,71.56999969482422,0.0,1253900,0.002275189606098723,54934210.64061967
2013-09-17,51.74027633666992,0.0,71.61000061035156,0.0,71.61000061035156,71.38999938964844,71.38999938964844,0.0,686000,0.002370661267958053,55060872.9291159
2013-09-18,52.26771545410156,0.0,72.33999633789062,0.0,72.55999755859375,71.31999969482422,71.41999816894531,0.0,3798400,0.002045642526602308,56007836.149003774
2013-09-19,52.115997314453125,0.0,72.12999725341797,0.0,72.54000091552734,72.0199966430664,72.44999694824219,0.0,485300,0.0020843386274009387,55850061.677436225
2013-09-20,51.68970489501953,0.0,71.54000091552734,0.0,72.2300033569336,71.4800033569336,72.2300033569336,0.0,389200,0.0017363839845013656,55797075.435517326
2013-09-23,51.41133880615234,0.0,70.73999786376953,0.417,70.91999816894531,70.5199966430664,70.88999938964844,0.0,361100,0.0017363839845013656,55254059.675598145
2013-09-24,51.2660026550293,0.0,70.54000091552734,0.0,70.97000122070312,70.43000030517578,70.69000244140625,0.0,491700,0.0016322957847628994,55163153.75804599
2013-09-25,51.20784378051758,0.0,70.45999908447266,0.0,70.76000213623047,70.37999725341797,70.55999755859375,0.0,540900,0.0017526584378796156,55166614.087004885
2013-09-26,51.236934661865234,0.0,70.5,0.0,70.80000305175781,70.26000213623047,70.54000091552734,0.0,502200,0.001958346751240297,55124533.6485787
2013-09-27,51.02616500854492,0.0,70.20999908447266,0.0,70.29000091552734,70.02999877929688,70.19000244140625,0.0,565400,0.002025961080745989,55012941.94406782
2013-09-30,50.720924377441406,0.0,69.79000091552734,0.0,69.98999786376953,69.55999755859375,69.58999633789062,0.0,1049700,0.0019906122634975386,55098175.143783815
2013-10-01,51.04796600341797,0.0,70.23999786376953,0.0,70.30000305175781,69.76000213623047,69.76000213623047,0.0,866100,0.0018956847423537335,55108891.0144927
2013-10-02,51.01164245605469,0.0,70.19000244140625,0.0,70.22000122070312,69.62999725341797,69.86000061035156,0.0,367500,0.0017250259988507671,53788158.79054599
2013-10-03,50.626441955566406,0.0,69.66000366210938,0.0,70.08999633789062,69.33000183105469,70.08999633789062,0.0,394700,0.00202193863080148,53612947.40999615
2013-10-04,50.968017578125,0.0,70.12999725341797,0.0,70.19000244140625,69.61000061035156,69.79000091552734,0.0,700200,0.0021188963182407834,53682634.03609745
2013-10-07,50.56829833984375,0.0,69.58000183105469,0.0,69.95999908447266,69.4800033569336,69.55000305175781,0.0,309800,0.002327203517966074,53321288.70269533
2013-10-08,50.08137893676758,0.0,68.91000366210938,0.0,69.66000366210938,68.9000015258789,69.61000061035156,0.0,498700,0.002327203517966074,53165761.71937367
2013-10-09,50.20493698120117,0.0,69.08000183105469,0.0,69.33000183105469,68.68000030517578,69.05999755859375,0.0,567600,0.0023623449723069343,52799994.22664945
2013-10-10,51.28053283691406,0.0,70.55999755859375,0.0,70.55999755859375,69.68000030517578,69.83000183105469,0.0,674700,0.002123473955326403,52999307.76939392
2013-10-11,51.60756301879883,0.0,71.01000213623047,0.0,71.01000213623047,70.4000015258789,70.4800033569336,0.0,613400,0.0019758511846676664,53017418.49869622
2013-10-14,51.77473831176758,0.0,71.23999786376953,0.0,71.25,70.45999908447266,70.5199966430664,0.0,364000,0.002228892117493048,52864294.98625256
2013-10-15,51.38227081298828,0.0,70.69999694824219,0.0,71.27999877929688,70.58000183105469,71.04000091552734,0.0,763800,0.0025340981908691484,52967037.749154225
2013-10-16,52.10903549194336,0.0,71.69999694824219,0.0,71.7300033569336,71.01000213623047,71.12999725341797,0.0,416500,0.0027804365107103866,52908485.71943858
2013-10-17,52.56690216064453,0.0,72.33000183105469,0.0,72.33999633789062,71.44999694824219,71.44999694824219,0.0,439700,0.0026064764846601475,52750950.64483521
2013-10-18,52.75586700439453,0.0,72.58999633789062,0.0,72.63999938964844,72.23999786376953,72.62000274658203,0.0,454600,0.0026064764846601475,52619383.2830096
2013-10-21,52.74859619140625,0.0,72.58000183105469,0.0,72.70999908447266,72.41000366210938,72.70999908447266,0.0,441400,0.0026563439973896286,52557428.03479149
2013-10-22,53.05382537841797,0.0,73.0,0.0,73.1500015258789,72.72000122070312,72.75,0.0,650500,0.002431065413237418,51155536.270704724
2013-10-23,52.80674362182617,0.0,72.66000366210938,0.0,72.79000091552734,72.45999908447266,72.70999908447266,0.0,320600,0.0024135508016514687,50992618.283208214
2013-10-24,52.8794174194336,0.0,72.76000213623047,0.0,72.83999633789062,72.5199966430664,72.79000091552734,0.0,1331100,0.0023402323955043613,51571498.40188405
2013-10-25,53.10471725463867,0.0,73.06999969482422,0.0,73.06999969482422,72.76000213623047,72.88999938964844,0.0,274100,0.002272618065998669,51540943.76473805
2013-10-28,53.191925048828125,0.0,73.19000244140625,0.0,73.30999755859375,72.91999816894531,72.9800033569336,0.0,600500,0.002272618065998669,51668458.217663236
2013-10-29,53.50444030761719,0.0,73.62000274658203,0.0,73.62000274658203,73.33999633789062,73.37000274658203,0.0,340000,0.002272618065998669,51616874.06762138
2013-10-30,53.25007629394531,0.0,73.2699966430664,0.0,73.77999877929688,72.98999786376953,73.75,0.0,350000,0.0020933761129258476,51585949.34142582
2013-10-31,53.04656219482422,0.0,72.98999786376953,0.0,73.44999694824219,72.94000244140625,73.22000122070312,0.0,384300,0.0019621887595048116,51628059.794410825
2013-11-01,53.21372985839844,0.0,73.22000122070312,0.0,73.30000305175781,72.77999877929688,73.06999969482422,0.0,327800,0.0018928210255980539,51529734.892599925
2013-11-04,53.46083450317383,0.0,73.55999755859375,0.0,73.56999969482422,73.23999786376953,73.45999908447266,0.0,287600,0.001594236023905586,51434521.01789202
2013-11-05,53.3227424621582,0.0,73.37000274658203,0.0,73.54000091552734,73.1500015258789,73.30999755859375,0.0,395200,0.0017765267617644597,51445662.90343754
2013-11-06,53.722450256347656,0.0,73.91999816894531,0.0,73.91999816894531,73.58999633789062,73.62999725341797,0.0,302000,0.0017413853074235998,51382601.24717591
2013-11-07,53.097434997558594,0.0,73.05999755859375,0.0,74.05000305175781,72.98999786376953,74.05000305175781,0.0,354800,0.0018232618795728354,51409028.07292636
2013-11-08,53.83148193359375,0.0,74.06999969482422,0.0,74.0999984741211,72.93000030517578,72.94000244140625,0.0,384200,0.00249437595637327,51134285.426052034
2013-11-11,53.86781311035156,0.0,74.12000274658203,0.0,74.1500015258789,73.95999908447266,74.06999969482422,0.0,590200,0.0022413350235478886,51227761.85506185
2013-11-12,53.693397521972656,0.0,73.87999725341797,0.0,74.11000061035156,73.6500015258789,73.9800033569336,0.0,357100,0.001853129440787394,50912483.23488387
2013-11-13,54.08582305908203,0.0,74.41999816894531,0.0,74.41999816894531,73.52999877929688,73.52999877929688,0.0,427700,0.001756853540902762,50306413.695108324
2013-11-14,54.3547477722168,0.0,74.79000091552734,0.0,74.80999755859375,74.31999969482422,74.44000244140625,0.0,363900,0.001756853540902762,49874970.62002515
2013-11-15,54.58004760742188,0.0,75.0999984741211,0.0,75.0999984741211,74.76000213623047,74.94999694824219,0.0,323200,0.001756853540902762,49747650.57503231
2013-11-18,54.4346923828125,0.0,74.9000015258789,0.0,75.2699966430664,74.75,75.2699966430664,0.0,423900,0.0018703037275650946,49771537.86985609
2013-11-19,54.36201858520508,0.0,74.80000305175781,0.0,75.08999633789062,74.66000366210938,74.8499984741211,0.0,358800,0.001974722424386787,48495598.013935395
2013-11-20,54.18033981323242,0.0,74.55000305175781,0.0,75.11000061035156,74.37999725341797,74.94000244140625,0.0,932900,0.002060579354396208,48600282.07636031
2013-11-21,54.61638259887695,0.0,75.1500015258789,0.0,75.23999786376953,74.73999786376953,74.75,0.0,395600,0.0021778958456574967,48104820.88788351
2013-11-22,54.91434097290039,0.0,75.55999755859375,0.0,75.56999969482422,75.04000091552734,75.19000244140625,0.0,1549100,0.0021778958456574967,48724486.50848752
2013-11-25,54.87075805664063,0.0,75.5,0.0,75.76000213623047,75.41999816894531,75.70999908447266,0.0,826700,0.0021778958456574967,48621949.93191068
2013-11-26,54.7617416381836,0.0,75.3499984741211,0.0,75.58999633789062,75.33000183105469,75.56999969482422,0.0,378800,0.0021778958456574967,48612346.26929873
2013-11-27,54.856231689453125,0.0,75.4800033569336,0.0,75.55000305175781,75.27999877929688,75.44999694824219,0.0,457400,0.0022026210014999643,48373643.19307842
2013-11-29,54.732669830322266,0.0,75.30999755859375,0.0,75.69999694824219,75.22000122070312,75.48999786376953,0.0,261800,0.0021501653102127755,48160934.9849156
2013-12-02,54.65272521972656,0.0,75.19999694824219,0.0,75.55999755859375,75.08000183105469,75.31999969482422,0.0,550800,0.002148020779407237,48000203.52129255
2013-12-03,54.391090393066406,0.0,74.83999633789062,0.0,75.06999969482422,74.5199966430664,74.95999908447266,0.0,562300,0.002148020779407237,48054739.811101034
2013-12-04,54.3547477722168,0.0,74.79000091552734,0.0,75.11000061035156,74.2300033569336,74.54000091552734,0.0,598900,0.002219942688480073,48004647.008447796
2013-12-05,53.96955871582031,0.0,74.26000213623047,0.0,74.66000366210938,74.16000366210938,74.54000091552734,0.0,873600,0.0024342333119664137,48312973.2060387
2013-12-06,54.68178176879883,0.0,75.23999786376953,0.0,75.23999786376953,74.83999633789062,75.01000213623047,0.0,312700,0.002579706094949161,48215450.856084675
2013-12-09,54.841678619384766,0.0,75.45999908447266,0.0,75.56999969482422,75.30000305175781,75.44999694824219,0.0,381400,0.0019085920181487262,48145470.49483647
2013-12-10,54.62364959716797,0.0,75.16000366210938,0.0,75.38999938964844,75.11000061035156,75.2699966430664,0.0,378000,0.0019085920181487262,47993293.80503458
2013-12-11,53.94773864746094,0.0,74.2300033569336,0.0,75.18000030517578,74.12999725341797,75.18000030517578,0.0,363600,0.00189611986567379,47380685.349739924
2013-12-12,53.7588005065918,0.0,73.97000122070312,0.0,74.30000305175781,73.80999755859375,74.19999694824219,0.0,568800,0.001713166670896022,46222527.46637133
2013-12-13,53.773319244384766,0.0,73.98999786376953,0.0,74.16000366210938,73.80999755859375,74.13999938964844,0.0,916800,0.0018963113683664302,45924069.46923998
2013-12-16,54.06405258178711,0.0,74.38999938964844,0.0,74.68000030517578,74.30999755859375,74.37999725341797,0.0,1119400,0.0018963113683664302,46223399.11769685
2013-12-17,53.85327911376953,0.0,74.0999984741211,0.0,74.48999786376953,73.9800033569336,74.48999786376953,0.0,786100,0.0017329936689746163,46221622.74720934
2013-12-18,54.81987762451172,0.0,75.43000030517578,0.0,75.44000244140625,73.68000030517578,74.20999908447266,0.0,544800,0.001746794256454382,45897310.75646537
2013-12-19,54.77626800537109,0.0,75.37000274658203,0.0,75.41000366210938,75.0199966430664,75.1500015258789,0.0,442100,0.0016259864516478834,44485158.21304927
2013-12-20,55.059715270996094,0.0,75.76000213623047,0.0,75.8499984741211,75.37000274658203,75.44000244140625,0.0,417700,0.0013763000531730207,44270314.84691075
2013-12-23,55.21233367919922,0.0,75.97000122070312,0.0,76.02999877929688,75.83000183105469,75.94999694824219,0.0,753800,0.0013763000531730207,44321627.69665188
2013-12-24,55.36742401123047,0.0,75.69000244140625,0.492,75.69999694824219,75.31999969482422,75.45999908447266,0.0,281700,0.0013763000531730207,43658886.07803223
2013-12-26,55.6307373046875,0.0,76.05000305175781,0.0,76.11000061035156,75.83000183105469,75.87999725341797,0.0,455400,0.0013763000531730207,43488226.62475222
2013-12-27,55.711219787597656,0.0,76.16000366210938,0.0,76.26000213623047,76.02999877929688,76.2300033569336,0.0,415900,0.001272564606029414,43293335.41852558
2013-12-30,55.65999603271485,0.0,76.08999633789062,0.0,76.23999786376953,75.98999786376953,76.23999786376953,0.0,596000,0.0012697970342456968,43306465.17431471
2013-12-31,55.87944412231445,0.0,76.38999938964844,0.0,76.44999694824219,76.12000274658203,76.20999908447266,0.0,571900,0.0011756157895143587,43297308.66354685
2014-01-02,55.36742401123047,0.0,75.69000244140625,0.0,76.16999816894531,75.54000091552734,76.12000274658203,0.0,723700,0.0012090099587619908,43576145.04708184
2014-01-03,55.418601989746094,0.0,75.76000213623047,0.0,76.02999877929688,75.63999938964844,75.81999969482422,0.0,439500,0.0011314344415362732,43418689.04791333
2014-01-06,55.36742401123047,0.0,75.69000244140625,0.0,76.18000030517578,75.56999969482422,76.05000305175781,0.0,609600,0.0010987098607208063,43428930.02500383
2014-01-07,55.64538192749024,0.0,76.06999969482422,0.0,76.20999908447266,75.94000244140625,75.97000122070312,0.0,574900,0.0009622871694257862,43387242.05251421
2014-01-08,55.60149002075195,0.0,76.01000213623047,0.0,76.08999633789062,75.77999877929688,76.0,0.0,657000,0.0009622871694257862,43485190.46981448
2014-01-09,55.72583770751953,0.0,76.18000030517578,0.0,76.30999755859375,75.81999969482422,76.26000213623047,0.0,423300,0.0010415861415769855,43344304.37151591
2014-01-10,55.79166793823242,0.0,76.2699966430664,0.0,76.38999938964844,75.94000244140625,76.30999755859375,0.0,442200,0.0011926281134984373,43129997.90358165
2014-01-13,55.16989135742188,0.0,75.41999816894531,0.0,76.36000061035156,75.33000183105469,76.1500015258789,0.0,499900,0.0012936315917431113,42289446.200936936
2014-01-14,55.64538192749024,0.0,76.06999969482422,0.0,76.0999984741211,75.48999786376953,75.69000244140625,0.0,406500,0.0013771855000670249,41735341.05606685
2014-01-15,55.945308685302734,0.0,76.4800033569336,0.0,76.56999969482422,76.19999694824219,76.26000213623047,0.0,798600,0.0013771855000670249,41496702.88998438
2014-01-16,55.80630874633789,0.0,76.29000091552734,0.0,76.33000183105469,76.02999877929688,76.31999969482422,0.0,722100,0.0015137700562476593,41715759.53622243
2014-01-17,55.55030059814453,0.0,75.94000244140625,0.0,76.23999786376953,75.81999969482422,76.16999816894531,0.0,470500,0.0014844535085263959,41717693.97078015
2014-01-21,55.62342071533203,0.0,76.04000091552734,0.0,76.37000274658203,75.58999633789062,76.37000274658203,0.0,571200,0.0015845733187914695,41769852.69933428
2014-01-22,55.61611175537109,0.0,76.02999877929688,0.0,76.19999694824219,75.8499984741211,76.19999694824219,0.0,407800,0.0017034737208893743,41587816.06046283
2014-01-23,55.082130432128906,0.0,75.30000305175781,0.0,75.66000366210938,74.91999816894531,75.66000366210938,0.0,781400,0.0017034737208893743,41688917.982694834
2014-01-24,54.00681686401367,0.0,73.83000183105469,0.0,74.94999694824219,73.83000183105469,74.9000015258789,0.0,1523000,0.0017034737208893743,42171226.80558704
2014-01-27,53.80198669433594,0.0,73.55000305175781,0.0,74.08999633789062,73.26000213623047,73.91000366210938,0.0,960200,0.0017034737208893743,42532488.20043897
2014-01-28,54.18971252441406,0.0,74.08000183105469,0.0,74.20999908447266,73.80999755859375,73.83999633789062,0.0,661700,0.0018528680417020191,42559909.56429376
2014-01-29,53.77273178100586,0.0,73.51000213623047,0.0,73.98999786376953,73.31999969482422,73.58999633789062,0.0,848900,0.0017423660262432489,42716837.6486642
2014-01-30,54.20431900024414,0.0,74.0999984741211,0.0,74.26000213623047,73.6500015258789,73.94999694824219,0.0,619900,0.0019159220443696616,42812005.0221095
2014-01-31,53.81661987304688,0.0,73.56999969482422,0.0,74.0999984741211,73.0999984741211,73.25,0.0,1865700,0.001900719295281597,43662954.60113041
2014-02-03,52.63158798217773,0.0,71.94999694824219,0.0,73.69000244140625,71.81999969482422,73.56999969482422,0.0,1116700,0.0017240821655756054,44040328.028439716
2014-02-04,52.85835647583008,0.0,72.26000213623047,0.0,72.43000030517578,71.94999694824219,72.30999755859375,0.0,971900,0.0016446477874767732,44189018.51792108
2014-02-05,52.79252243041992,0.0,72.16999816894531,0.0,72.30999755859375,71.63999938964844,72.05999755859375,0.0,606000,0.0016107758230094233,44345321.8343099
2014-02-06,53.38505172729492,0.0,72.9800033569336,0.0,73.02999877929688,72.26000213623047,72.33000183105469,0.0,588400,0.0016107758230094233,44397256.49973551
2014-02-07,54.043365478515625,0.0,73.87999725341797,0.0,73.91000366210938,73.12000274658203,73.41999816894531,0.0,593800,0.0015314768508582239,44523507.089021474
2014-02-10,54.050689697265625,0.0,73.88999938964844,0.0,73.94999694824219,73.55000305175781,73.94999694824219,0.0,498400,0.0014709858194619355,44601716.627496384
2014-02-11,54.687110900878906,0.0,74.76000213623047,0.0,74.91999816894531,73.87000274658203,74.0,0.0,717500,0.0013699823412172615,44692381.11298576
2014-02-12,54.70173263549805,0.0,74.77999877929688,0.0,75.08999633789062,74.61000061035156,74.87000274658203,0.0,687600,0.0011032837354229398,44873230.18454295
2014-02-13,54.950443267822266,0.0,75.12000274658203,0.0,75.12000274658203,74.19000244140625,74.19999694824219,0.0,1004100,0.0012908298155321432,45216284.60925874
2014-02-14,55.30888366699219,0.0,75.61000061035156,0.0,75.72000122070312,74.9800033569336,75.0,0.0,661200,0.0011542452593515085,45261277.49313476
2014-02-18,55.30888366699219,0.0,75.61000061035156,0.0,75.73999786376953,75.43000030517578,75.7300033569336,0.0,631200,0.00113269040524112,45132918.46850561
2014-02-19,54.92848587036133,0.0,75.08999633789062,0.0,75.97000122070312,75.06999969482422,75.41000366210938,0.0,676700,0.0010474777889038997,45274932.12792533
2014-02-20,55.36007690429688,0.0,75.68000030517578,0.0,75.80999755859375,75.04000091552734,75.23999786376953,0.0,506600,0.0013359834592035367,45227301.24225314
2014-02-21,55.301551818847656,0.0,75.5999984741211,0.0,75.94999694824219,75.55000305175781,75.83000183105469,0.0,472800,0.0013359834592035367,45017980.07408021
2014-02-24,55.60149002075195,0.0,76.01000213623047,0.0,76.4800033569336,75.75,75.76000213623047,0.0,801100,0.001419717820134304,45254214.65007237
2014-02-25,55.44055938720703,0.0,75.79000091552734,0.0,76.19000244140625,75.69999694824219,75.9800033569336,0.0,472800,0.0015776063934156387,45276233.325885594
2014-02-26,55.50638198852539,0.0,75.87999725341797,0.0,76.0999984741211,75.66999816894531,75.98999786376953,0.0,540300,0.0016380855639963703,45182704.45513044
2014-02-27,55.76242446899414,0.0,76.2300033569336,0.0,76.2300033569336,75.6500015258789,75.77999877929688,0.0,428800,0.0018641144053012288,44862173.67883107
2014-02-28,55.95261001586914,0.0,76.48999786376953,0.0,76.8499984741211,76.05999755859375,76.2300033569336,0.0,450100,0.001690558387174816,44935223.17729526
2014-03-03,55.57954788208008,0.0,75.9800033569336,0.0,76.16000366210938,75.52999877929688,75.83000183105469,0.0,581000,0.0017048697649427655,44964977.71776593
2014-03-04,56.36956405639648,0.0,77.05999755859375,0.0,77.22000122070312,76.69000244140625,76.7300033569336,0.0,929600,0.0017048697649427655,45341617.6042587
2014-03-05,56.362247467041016,0.0,77.05000305175781,0.0,77.20999908447266,76.93000030517578,77.08999633789062,0.0,858600,0.0017113169767708654,45638231.86010936
2014-03-06,56.54511642456055,0.0,77.30000305175781,0.0,77.47000122070312,77.23999786376953,77.30999755859375,0.0,445200,0.0016735701295217142,45661804.55013457
2014-03-07,56.69875717163086,0.0,77.51000213623047,0.0,77.66000366210938,77.18000030517578,77.62999725341797,0.0,576200,0.001755183009583864,45780600.16100445
2014-03-10,56.65486145019531,0.0,77.44999694824219,0.0,77.5,77.02999877929688,77.4000015258789,0.0,572500,0.0018360166975942831,45728149.25290668
2014-03-11,56.32566833496094,0.0,77.0,0.0,77.58000183105469,76.8499984741211,77.58000183105469,0.0,1362100,0.0019612829522341183,46235156.16218325
2014-03-12,56.318359375,0.0,76.98999786376953,0.0,77.04000091552734,76.56999969482422,76.5999984741211,0.0,1193100,0.0019612829522341183,46627234.373571
2014-03-13,55.820926666259766,0.0,76.30999755859375,0.0,77.30999755859375,76.12000274658203,77.26000213623047,0.0,771200,0.00210171805317956,46773450.73061746
2014-03-14,55.696571350097656,0.0,76.13999938964844,0.0,76.61000061035156,76.04000091552734,76.12000274658203,0.0,1030900,0.001992941121421065,47083816.87929668
2014-03-17,56.20863342285156,0.0,76.83999633789062,0.0,76.95999908447266,76.51000213623047,76.55000305175781,0.0,671500,0.0022397795179411113,47209226.212613545
2014-03-18,56.6036491394043,0.0,77.37999725341797,0.0,77.45999908447266,76.91999816894531,76.93000030517578,0.0,657200,0.0021724316354713056,46902983.711811855
2014-03-19,56.32566833496094,0.0,77.0,0.0,77.5,76.52999877929688,77.41000366210938,0.0,760800,0.002308407593944768,46978040.37515549
2014-03-20,56.779205322265625,0.0,77.62000274658203,0.0,77.66999816894531,76.81999969482422,76.88999938964844,0.0,637900,0.0021350306293459465,45190243.21374439
2014-03-21,56.71336364746094,0.0,77.52999877929688,0.0,78.25,77.47000122070312,77.80999755859375,0.0,1093500,0.0021350306293459465,45585277.864522785
2014-03-24,56.6036491394043,0.0,77.37999725341797,0.0,77.91000366210938,77.0999984741211,77.79000091552734,0.0,1626900,0.002051296268415179,46363421.90559629
2014-03-25,56.95673751831055,0.0,77.43000030517578,0.43,77.51000213623047,77.02999877929688,77.31999969482422,0.0,643300,0.0019897951234648906,46556013.22280036
2014-03-26,56.67719268798828,0.0,77.05000305175781,0.0,77.83999633789062,77.04000091552734,77.80000305175781,0.0,794200,0.0019723406885959237,46766398.889257036
2014-03-27,56.58893966674805,0.0,76.93000030517578,0.0,77.18000030517578,76.70999908447266,76.94999694824219,0.0,720100,0.0017463118472910647,46903585.23620121
2014-03-28,56.91994857788086,0.0,77.37999725341797,0.0,77.68000030517578,77.16000366210938,77.20999908447266,0.0,470800,0.0017463118472910647,46911723.352922715
2014-03-31,57.45690536499024,0.0,78.11000061035156,0.0,78.16999816894531,77.81999969482422,77.91000366210938,0.0,782400,0.0018021592764523961,47081695.82113841
2014-04-01,57.63346862792969,0.0,78.3499984741211,0.0,78.41000366210938,78.05000305175781,78.36000061035156,0.0,988600,0.0018021592764523961,47115015.222174026
2014-04-02,57.846797943115234,0.0,78.63999938964844,0.0,78.72000122070312,78.22000122070312,78.47000122070312,0.0,808200,0.0016935804000522546,47136618.28056214
2014-04-03,57.87620544433594,0.0,78.68000030517578,0.0,78.79000091552734,78.45999908447266,78.79000091552734,0.0,725200,0.001718851251465256,47384744.55297561
2014-04-04,57.40543746948242,0.0,78.04000091552734,0.0,79.1500015258789,77.94000244140625,79.11000061035156,0.0,695900,0.001705019626699662,47597547.991004825
2014-04-07,56.80226135253906,0.0,77.22000122070312,0.0,77.95999908447266,77.19000244140625,77.86000061035156,0.0,708900,0.0016241859386892429,47642280.01313588
2014-04-08,56.9420280456543,0.0,77.41000366210938,0.0,77.52999877929688,76.86000061035156,77.26000213623047,0.0,662700,0.0014083687435242445,47878341.321545556
2014-04-09,57.427513122558594,0.0,78.06999969482422,0.0,78.06999969482422,77.31999969482422,77.6500015258789,0.0,1654600,0.0014083687435242445,48630795.31098018
2014-04-10,56.3976936340332,0.0,76.66999816894531,0.0,78.12000274658203,76.61000061035156,78.06999969482422,0.0,1013200,0.0015403319274660571,48936130.494356915
2014-04-11,55.97103118896485,0.0,76.08999633789062,0.0,76.77999877929688,76.0199966430664,76.19999694824219,0.0,1099100,0.0014615627791153482,49222032.7532632
2014-04-14,56.36088180541992,0.0,76.62000274658203,0.0,76.69999694824219,76.0199966430664,76.63999938964844,0.0,713300,0.001625584765713238,49310092.37745982
2014-04-15,56.75077438354492,0.0,77.1500015258789,0.0,77.18000030517578,76.18000030517578,76.72000122070312,0.0,896300,0.001703790198935536,49653093.862739444
2014-04-16,57.26569366455078,0.0,77.8499984741211,0.0,77.8499984741211,77.33999633789062,77.66999816894531,0.0,1251100,0.0014850098798005304,49997518.2708498
2014-04-17,57.38336944580078,0.0,78.01000213623047,0.0,78.19000244140625,77.70999908447266,77.80999755859375,0.0,608300,0.00125098077200181,50137124.902361915
2014-04-21,57.51578521728516,0.0,78.19000244140625,0.0,78.19000244140625,77.94999694824219,78.05999755859375,0.0,644300,0.0013384645724034581,50284540.11480543
2014-04-22,57.67023849487305,0.0,78.4000015258789,0.0,78.61000061035156,78.11000061035156,78.2300033569336,0.0,759000,0.0013384645724034581,50494906.69276525
2014-04-23,57.68495559692383,0.0,78.41999816894531,0.0,78.5,78.29000091552734,78.45999908447266,0.0,882800,0.0013071973384457401,50790084.16558523
2014-04-24,57.655521392822266,0.0,78.37999725341797,0.0,78.70999908447266,78.12999725341797,78.62000274658203,0.0,2393100,0.001171530280786854,51901867.27214995
2014-04-25,57.36130905151367,0.0,77.9800033569336,0.0,78.27999877929688,77.80999755859375,78.19999694824219,0.0,683900,0.001171530280786854,52140246.05883038
2014-04-28,57.58199691772461,0.0,78.27999877929688,0.0,78.5,77.58999633789062,78.25,0.0,1820500,0.0013481713196843307,52502610.33608573
2014-04-29,57.78058624267578,0.0,78.55000305175781,0.0,78.6500015258789,78.37999725341797,78.51000213623047,0.0,430000,0.0012598210925954824,52611721.56145005
2014-04-30,57.94979095458984,0.0,78.77999877929688,0.0,78.80000305175781,78.4000015258789,78.44999694824219,0.0,623600,0.0013561208638106265,52652805.77393184
2014-05-01,57.817378997802734,0.0,78.5999984741211,0.0,78.76000213623047,78.41000366210938,78.55999755859375,0.0,468300,0.0015580597551356722,52746278.617992096
2014-05-02,57.72174072265625,0.0,78.47000122070312,0.0,78.91999816894531,78.36000061035156,78.66999816894531,0.0,1161400,0.0016677585705636862,53266044.97190203
2014-05-05,57.64818954467773,0.0,78.37000274658203,0.0,78.4800033569336,77.83999633789062,78.12999725341797,0.0,465500,0.0015999773152671302,53332959.09967574
2014-05-06,57.23623275756836,0.0,77.80999755859375,0.0,78.26000213623047,77.77999877929688,78.23999786376953,0.0,522200,0.001847253617640127,53464950.0863817
2014-05-07,57.78795623779297,0.0,78.55999755859375,0.0,78.56999969482422,77.77999877929688,78.16999816894531,0.0,1102600,0.0020555360051608537,53984508.800748795
2014-05-08,57.72174072265625,0.0,78.47000122070312,0.0,78.91000366210938,78.2300033569336,78.51000213623047,0.0,898800,0.0020555360051608537,54314135.88020688
2014-05-09,57.74380493164063,0.0,78.5,0.0,78.56999969482422,78.12000274658203,78.47000122070312,0.0,988000,0.0018224216654370681,54752502.233801946
2014-05-12,58.185157775878906,0.0,79.0999984741211,0.0,79.12000274658203,78.80000305175781,78.86000061035156,0.0,478200,0.0018224216654370681,54846977.885679215
2014-05-13,58.29550552368164,0.0,79.25,0.0,79.33999633789062,79.1500015258789,79.19000244140625,0.0,692900,0.001411561282319132,55056935.27549865
2014-05-14,58.05275344848633,0.0,78.91999816894531,0.0,79.2699966430664,78.80999755859375,79.26000213623047,0.0,591400,0.0013333558490968346,55080170.68261041
2014-05-15,57.50843048095703,0.0,78.18000030517578,0.0,78.7300033569336,77.9000015258789,78.68000030517578,0.0,616300,0.0013333558490968346,55253184.86649044
2014-05-16,57.60404968261719,0.0,78.30999755859375,0.0,78.37999725341797,77.9000015258789,78.37999725341797,0.0,476500,0.00153270935466474,55296718.83966355
2014-05-19,57.75851058959961,0.0,78.5199966430664,0.0,78.55999755859375,78.04000091552734,78.04000091552734,0.0,659300,0.0015188325452453958,55491577.19247001
2014-05-20,57.37599563598633,0.0,78.0,0.0,78.44999694824219,77.80000305175781,78.37999725341797,0.0,702200,0.00173826354867417,55733634.97416178
2014-05-21,57.83207702636719,0.0,78.62000274658203,0.0,78.66000366210938,78.29000091552734,78.31999969482422,0.0,1930800,0.0018242414201174416,56686407.915878296
2014-05-22,57.92770385742188,0.0,78.75,0.0,78.87000274658203,78.48999786376953,78.69000244140625,0.0,365300,0.001767489421251918,56701718.50242615
2014-05-23,58.067474365234375,0.0,78.94000244140625,0.0,79.0199966430664,78.79000091552734,78.83999633789062,0.0,436600,0.001767489421251918,56423286.02003673
2014-05-27,58.32491302490234,0.0,79.29000091552734,0.0,79.36000061035156,79.1500015258789,79.31999969482422,0.0,594200,0.0015908483823544415,56561260.44813489
2014-05-28,58.339630126953125,0.0,79.30999755859375,0.0,79.51000213623047,79.19999694824219,79.33000183105469,0.0,540400,0.0016128610311791566,55972444.02323526
2014-05-29,58.611793518066406,0.0,79.68000030517578,0.0,79.69000244140625,79.2699966430664,79.52999877929688,0.0,584800,0.0015653001051526415,55846896.516715154
2014-05-30,58.7515754699707,0.0,79.87000274658203,0.0,79.91999816894531,79.55999755859375,79.61000061035156,0.0,707300,0.0013633612138275954,56068717.7351331
2014-06-02,58.83984756469727,0.0,79.98999786376953,0.0,80.05000305175781,79.69000244140625,80.0199966430664,0.0,365600,0.0012379920643658614,56026811.30405002
2014-06-03,58.83248519897461,0.0,79.9800033569336,0.0,80.05000305175781,79.7699966430664,79.83999633789062,0.0,425000,0.00138306239147382,56140107.685525075
2014-06-04,58.920745849609375,0.0,80.0999984741211,0.0,80.13999938964844,79.83000183105469,79.83000183105469,0.0,372100,0.0012078772818790203,56047925.55150229
2014-06-05,59.29589080810547,0.0,80.61000061035156,0.0,80.66000366210938,79.94999694824219,80.30999755859375,0.0,527100,0.000999594894358294,56051155.72119214
2014-06-06,59.582767486572266,0.0,81.0,0.0,81.04000091552734,80.73999786376953,80.80000305175781,0.0,344100,0.000999594894358294,55916872.931126185
2014-06-09,59.61956405639648,0.0,81.05000305175781,0.0,81.26000213623047,80.93000030517578,81.02999877929688,0.0,510800,0.0009603109491948252,55730577.722337514
2014-06-10,59.663700103759766,0.0,81.11000061035156,0.0,81.11000061035156,80.80999755859375,80.95999908447266,0.0,313100,0.0009603109491948252,55745403.07042561
2014-06-11,59.37682342529297,0.0,80.72000122070312,0.0,80.87999725341797,80.58999633789062,80.81999969482422,0.0,814400,0.0011351151759364203,56038719.938229755
2014-06-12,58.99431991577149,0.0,80.19999694824219,0.0,80.81999969482422,80.04000091552734,80.61000061035156,0.0,634000,0.0011351151759364203,56216785.94363379
2014-06-13,59.259124755859375,0.0,80.55999755859375,0.0,80.66000366210938,80.26000213623047,80.26000213623047,0.0,377900,0.0012801734047585187,56244195.41868785
2014-06-16,59.31793975830078,0.0,80.63999938964844,0.0,80.79000091552734,80.4000015258789,80.44000244140625,0.0,714000,0.0011237755089013627,56367233.69543287
2014-06-17,59.494510650634766,0.0,80.87999725341797,0.0,80.93000030517578,80.38999938964844,80.4800033569336,0.0,815700,0.0012391687019744865,56352470.07414803
2014-06-18,59.95793914794922,0.0,81.51000213623047,0.0,81.54000091552734,80.76000213623047,80.91999816894531,0.0,573700,0.0010197376985457123,56062709.14485265
2014-06-19,60.04622268676758,0.0,81.62999725341797,0.0,81.6500015258789,81.37999725341797,81.44999694824219,0.0,893300,0.0008686396327291124,56179138.25394767
2014-06-20,60.25954055786133,0.0,81.91999816894531,0.0,81.98999786376953,81.81999969482422,81.91000366210938,0.0,482200,0.0008686396327291124,56166499.83292232
2014-06-23,60.24482345581055,0.0,81.9000015258789,0.0,82.0,81.73999786376953,82.0,0.0,448700,0.0009432502174977259,56193701.83665563
2014-06-24,59.826171875,0.0,80.87999725341797,0.454,81.56999969482422,80.83000183105469,81.30000305175781,0.0,470900,0.0009432502174977259,56244824.35899159
2014-06-25,59.96669006347656,0.0,81.06999969482422,0.0,81.12000274658203,80.61000061035156,80.70999908447266,0.0,505600,0.0009212375686730107,56115640.27109903
2014-06-26,59.900123596191406,0.0,80.9800033569336,0.0,81.0999984741211,80.45999908447266,81.06999969482422,0.0,366800,0.0011087447057041618,56182160.838905215
2014-06-27,59.94451141357422,0.0,81.04000091552734,0.0,81.05999755859375,80.63999938964844,80.73999786376953,0.0,513200,0.001295990965735464,56237371.609382026
2014-06-30,59.87792205810547,0.0,80.94999694824219,0.0,81.16000366210938,80.86000061035156,81.02999877929688,0.0,603400,0.001267082596235722,56373643.69379074
2014-07-01,60.23299789428711,0.0,81.43000030517578,0.0,81.66000366210938,81.02999877929688,81.1500015258789,0.0,705500,0.0011220122691277634,56469669.30805994
2014-07-02,60.24779510498047,0.0,81.44999694824219,0.0,81.5199966430664,81.3499984741211,81.44000244140625,0.0,377800,0.0010832856684909698,56367164.29374331
2014-07-03,60.521461486816406,0.0,81.81999969482422,0.0,81.87000274658203,81.68000030517578,81.68000030517578,0.0,323900,0.00108328566849097,56142756.699571155
2014-07-07,60.35131454467773,0.0,81.58999633789062,0.0,81.72000122070312,81.45999908447266,81.66000366210938,0.0,533800,0.0011010192118271894,56224155.263906814
2014-07-08,60.04065704345703,0.0,81.16999816894531,0.0,81.45999908447266,81.0199966430664,81.44000244140625,0.0,372800,0.0011010192118271894,56098119.94509016
2014-07-09,60.24039077758789,0.0,81.44000244140625,0.0,81.5,81.20999908447266,81.3499984741211,0.0,421300,0.0012300289428305506,56023342.407026745
2014-07-10,60.08504486083984,0.0,81.2300033569336,0.0,81.37000274658203,80.56999969482422,80.69000244140625,0.0,353900,0.0010552247160889553,55855157.698967345
2014-07-11,60.13680648803711,0.0,81.30000305175781,0.0,81.33000183105469,80.94000244140625,81.19999694824219,0.0,281700,0.0011888782547753887,55780992.75238401
2014-07-14,60.35873794555664,0.0,81.5999984741211,0.0,81.79000091552734,81.55999755859375,81.7300033569336,0.0,354800,0.0010438200259532903,55743096.61701142
2014-07-15,60.39570617675781,0.0,81.6500015258789,0.0,81.86000061035156,81.33000183105469,81.6500015258789,0.0,1426500,0.001071380875685259,56368265.42726547
2014-07-16,60.80256271362305,0.0,82.19999694824219,0.0,82.20999908447266,81.87000274658203,81.98999786376953,0.0,512500,0.0008823806916298315,56457194.34440855
2014-07-17,60.19600296020508,0.0,81.37999725341797,0.0,82.3499984741211,81.29000091552734,82.0199966430664,0.0,567200,0.0009604456283967137,56338795.96156166
2014-07-18,60.69158172607422,0.0,82.05000305175781,0.0,82.12000274658203,81.52999877929688,81.62000274658203,0.0,447500,0.0011871249255048962,56192989.34810578
2014-07-21,60.57322692871094,0.0,81.88999938964844,0.0,81.95999908447266,81.5,81.77999877929688,0.0,443100,0.0014204277886593476,56197399.56700159
2014-07-22,60.83210754394531,0.0,82.23999786376953,0.0,82.36000061035156,82.11000061035156,82.12999725341797,0.0,404000,0.0013458172038907344,56116375.048065186
2014-07-23,60.89867782592773,0.0,82.33000183105469,0.0,82.41999816894531,82.1500015258789,82.29000091552734,0.0,315100,0.0014308951885101668,56076193.69945224
2014-07-24,60.9209098815918,0.0,82.36000061035156,0.0,82.51000213623047,82.2699966430664,82.41999816894531,0.0,541600,0.0014327167802418537,55963231.42918178
2014-07-25,60.721168518066406,0.0,82.08999633789062,0.0,82.2699966430664,81.94000244140625,82.1500015258789,0.0,430800,0.001196470798022074,55351495.537385486
2014-07-28,60.70637512207031,0.0,82.06999969482422,0.0,82.18000030517578,81.63999938964844,82.08999633789062,0.0,482400,0.0010133325959154845,55105208.671690926
2014-07-29,60.43268203735352,0.0,81.69999694824219,0.0,82.31999969482422,81.66000366210938,82.2699966430664,0.0,370600,0.0012680459163728608,54956472.8118291
2014-07-30,60.29216003417969,0.0,81.51000213623047,0.0,82.0,81.16999816894531,81.94000244140625,0.0,518200,0.0012680459163728608,54796439.81415885
2014-07-31,59.16041564941406,0.0,79.9800033569336,0.0,81.05999755859375,79.94999694824219,81.0199966430664,0.0,686700,0.0012346813242314568,54867770.60186598
2014-08-01,58.975494384765625,0.0,79.7300033569336,0.0,80.19000244140625,79.33999633789062,79.79000091552734,0.0,672900,0.0012346813242314568,54204205.29097905
2014-08-04,59.3823356628418,0.0,80.27999877929688,0.0,80.37000274658203,79.51000213623047,79.91999816894531,0.0,960200,0.0014878200158978383,54178318.72935825
2014-08-05,58.75359344482422,0.0,79.43000030517578,0.0,80.11000061035156,79.16000366210938,79.98999786376953,0.0,805500,0.001852427690281545,54128726.421180606
2014-08-06,58.716609954833984,0.0,79.37999725341797,0.0,79.66999816894531,78.93000030517578,78.94000244140625,0.0,712800,0.0017604103163167747,54230687.08111597
2014-08-07,58.398555755615234,0.0,78.94999694824219,0.0,79.79000091552734,78.75,79.79000091552734,0.0,655300,0.0021201467728079217,54300484.6924252
2014-08-08,59.06425857543945,0.0,79.8499984741211,0.0,79.88999938964844,78.9000015258789,79.05999755859375,0.0,473200,0.0024364809522393048,54252191.65201944
2014-08-11,59.18263244628906,0.0,80.01000213623047,0.0,80.37000274658203,79.97000122070312,80.19000244140625,0.0,583100,0.0024364809522393048,54330184.16431972
2014-08-12,59.153018951416016,0.0,79.97000122070312,0.0,80.16999816894531,79.75,79.94999694824219,0.0,488900,0.0023659644927965864,54214763.783875726
2014-08-13,59.53027725219727,0.0,80.4800033569336,0.0,80.5199966430664,80.08999633789062,80.29000091552734,0.0,557600,0.0023659644927965864,54162834.59904383
2014-08-14,59.79658508300781,0.0,80.83999633789062,0.0,80.83999633789062,80.5,80.58999633789062,0.0,665800,0.0022878995560297044,53991368.526059106
2014-08-15,59.678218841552734,0.0,80.68000030517578,0.0,81.0999984741211,80.1500015258789,81.0999984741211,0.0,989600,0.002149470405175695,54228254.20779274
2014-08-18,60.12942123413086,0.0,81.29000091552734,0.0,81.31999969482422,81.01000213623047,81.01000213623047,0.0,546100,0.001989603326195574,54201805.296004765
2014-08-19,60.35131454467773,0.0,81.58999633789062,0.0,81.66000366210938,81.38999938964844,81.44999694824219,0.0,597900,0.001989603326195574,54185688.298295036
2014-08-20,60.54365158081055,0.0,81.8499984741211,0.0,81.93000030517578,81.41000366210938,81.43000030517578,0.0,637200,0.0019726198909928707,54295333.78141494
2014-08-21,60.80993270874024,0.0,82.20999908447266,0.0,82.33999633789062,81.91999816894531,81.93000030517578,0.0,969300,0.0019707982992611837,54644083.56581189
2014-08-22,60.62502670288086,0.0,81.95999908447266,0.0,82.2699966430664,81.83999633789062,82.12000274658203,0.0,523500,0.002119417515471401,54501341.0801721
2014-08-25,60.957889556884766,0.0,82.41000366210938,0.0,82.55999755859375,82.2699966430664,82.3499984741211,0.0,378900,0.0022455804581405013,54464766.77822537
2014-08-26,60.98746490478516,0.0,82.44999694824219,0.0,82.69999694824219,82.41999816894531,82.45999908447266,0.0,577100,0.0019908671376831248,54517020.19666036
2014-08-27,61.03923034667969,0.0,82.5199966430664,0.0,82.5999984741211,82.36000061035156,82.48999786376953,0.0,495500,0.002032991451935839,54582109.34663803
2014-08-28,60.98746490478516,0.0,82.44999694824219,0.0,82.48999786376953,82.1500015258789,82.19999694824219,0.0,382900,0.002032991451935839,54559426.456106275
2014-08-29,61.19456481933594,0.0,82.7300033569336,0.0,82.7300033569336,82.36000061035156,82.51000213623047,0.0,615000,0.002032991451935839,54612875.42526609
2014-09-02,61.07622528076172,0.0,82.56999969482422,0.0,82.8499984741211,82.26000213623047,82.8499984741211,0.0,488700,0.0019177616450443732,54364597.52939618
2014-09-03,61.19456481933594,0.0,82.7300033569336,0.0,82.95999908447266,82.62000274658203,82.88999938964844,0.0,506400,0.0015982071590464144,54172052.6173304
2014-09-04,61.165016174316406,0.0,82.69000244140625,0.0,83.12000274658203,82.43000030517578,82.91999816894531,0.0,792400,0.0016766990146963308,54418954.17745681
2014-09-05,61.42388153076172,0.0,83.04000091552734,0.0,83.05000305175781,82.36000061035156,82.62000274658203,0.0,1464500,0.0016318089937334764,55029674.95610676
2014-09-08,61.231563568115234,0.0,82.77999877929688,0.0,83.06999969482422,82.61000061035156,82.94000244140625,0.0,526000,0.0013554312354337463,55023342.86170233
2014-09-09,60.88391876220703,0.0,82.30999755859375,0.0,82.77999877929688,82.18000030517578,82.77999877929688,0.0,1684400,0.0013554312354337463,55291289.36874753
2014-09-10,61.02441787719727,0.0,82.5,0.0,82.55999755859375,82.08000183105469,82.3499984741211,0.0,589700,0.0014557278371688592,54948380.50802322
2014-09-11,61.15021896362305,0.0,82.66999816894531,0.0,82.66999816894531,82.16999816894531,82.30000305175781,0.0,1007500,0.0016068589005319004,55142346.801975794
2014-09-12,60.83952331542969,0.0,82.25,0.0,82.66000366210938,82.01000213623047,82.66000366210938,0.0,1641700,0.0018557464682106204,55591053.94189017
2014-09-15,60.9209098815918,0.0,82.36000061035156,0.0,82.4800033569336,82.0199966430664,82.23999786376953,0.0,749800,0.0019823991897556475,55671652.91741992
2014-09-16,61.34992599487305,0.0,82.94000244140625,0.0,83.11000061035156,82.2300033569336,82.23999786376953,0.0,392600,0.0019089634055813177,55526479.19332111
2014-09-17,61.42388153076172,0.0,83.04000091552734,0.0,83.4000015258789,82.70999908447266,83.08000183105469,0.0,577300,0.0019089634055813177,55442014.05465868
2014-09-18,61.741920471191406,0.0,83.47000122070312,0.0,83.5199966430664,83.20999908447266,83.29000091552734,0.0,674000,0.001937117592276829,55495545.650457956
2014-09-19,61.77892303466797,0.0,83.5199966430664,0.0,83.88999938964844,83.33999633789062,83.77999877929688,0.0,1444400,0.001937117592276829,55780126.83685545
2014-09-22,61.32772064208984,0.0,82.91000366210938,0.0,83.37999725341797,82.80000305175781,83.37999725341797,0.0,539700,0.001788498376066611,55136134.86419556
2014-09-23,60.88391876220703,0.0,82.30999755859375,0.0,82.86000061035156,82.30000305175781,82.6500015258789,0.0,475300,0.0016582273754727987,55051303.297872394
2014-09-24,61.2827033996582,0.0,82.37000274658203,0.476,82.41999816894531,81.62000274658203,81.8499984741211,0.0,1182700,0.0016582273754727987,55338810.359973
2014-09-25,60.39735412597656,0.0,81.18000030517578,0.0,82.19000244140625,81.1500015258789,82.18000030517578,0.0,811900,0.0019426482475300253,55422244.87606836
2014-09-26,60.74700927734375,0.0,81.6500015258789,0.0,81.83000183105469,81.0999984741211,81.2699966430664,0.0,744600,0.0022106869327350293,55615626.53026883
2014-09-29,60.5684814453125,0.0,81.41000366210938,0.0,81.58000183105469,80.87999725341797,81.06999969482422,0.0,826900,0.0024056207173097687,55664869.92352804
2014-09-30,60.4122200012207,0.0,81.19999694824219,0.0,81.68000030517578,81.0,81.55000305175781,0.0,1185600,0.002511165206847697,55814186.65281629
2014-10-01,59.63102722167969,0.0,80.1500015258789,0.0,81.18000030517578,80.0,81.0,0.0,983900,0.0024661120184619493,55935636.96229723
2014-10-02,59.59380722045898,0.0,80.0999984741211,0.0,80.4000015258789,79.4000015258789,80.11000061035156,0.0,960100,0.002350627805773442,56093139.12351699
2014-10-03,60.30061340332031,0.0,81.05000305175781,0.0,81.13999938964844,80.41999816894531,80.6500015258789,0.0,548800,0.0020357813702451496,56015140.75080024
2014-10-06,60.21878433227539,0.0,80.94000244140625,0.0,81.51000213623047,80.69999694824219,81.38999938964844,0.0,1319500,0.0018621714104270636,56428308.00759452
2014-10-07,59.296234130859375,0.0,79.69999694824219,0.0,80.70999908447266,79.69999694824219,80.62999725341797,0.0,753600,0.0018621714104270636,56497850.136747815
2014-10-08,60.30806350708008,0.0,81.05999755859375,0.0,81.12999725341797,79.37000274658203,79.73999786376953,0.0,624300,0.0021672391523720773,55874287.71596031
2014-10-09,59.07303237915039,0.0,79.4000015258789,0.0,81.01000213623047,79.31999969482422,80.91000366210938,0.0,1097700,0.00303974476282029,55949488.8233427
2014-10-10,58.53734588623047,0.0,78.68000030517578,0.0,79.80999755859375,78.68000030517578,79.4000015258789,0.0,1014100,0.0027908571951415695,55919003.69107685
2014-10-13,57.644569396972656,0.0,77.4800033569336,0.0,78.94000244140625,77.43000030517578,78.69999694824219,0.0,1103500,0.002575954327342368,56163814.29222955
2014-10-14,57.71897506713867,0.0,77.58000183105469,0.0,78.4000015258789,77.29000091552734,77.86000061035156,0.0,2401400,0.002924060878479209,57093584.68928867
2014-10-15,57.09399032592773,0.0,76.73999786376953,0.0,76.98999786376953,74.97000122070312,76.68000030517578,0.0,2197500,0.002924060878479209,57658965.73861137
2014-10-16,57.07167816162109,0.0,76.70999908447266,0.0,77.2699966430664,75.5,75.54000091552734,0.0,1473900,0.0034375222184853255,58179675.13028705
2014-10-17,57.83056640625,0.0,77.7300033569336,0.0,78.1500015258789,77.30999755859375,77.61000061035156,0.0,957900,0.0034375222184853255,58370784.27030775
2014-10-20,58.23230743408203,0.0,78.2699966430664,0.0,78.30000305175781,77.5,77.5,0.0,957400,0.0037011312977859095,58493245.330846876
2014-10-21,59.27392578125,0.0,79.66999816894531,0.0,79.7699966430664,78.69999694824219,78.80999755859375,0.0,888700,0.0037011312977859095,58505733.84663416
2014-10-22,58.9242057800293,0.0,79.19999694824219,0.0,80.08000183105469,79.16999816894531,79.87000274658203,0.0,844300,0.0037383452183441064,57547776.59263611
2014-10-23,59.44503402709961,0.0,79.9000015258789,0.0,80.41000366210938,79.70999908447266,79.94000244140625,0.0,1335600,0.003773347757222921,57971458.47947863
2014-10-24,59.9732666015625,0.0,80.61000061035156,0.0,80.63999938964844,79.80000305175781,80.13999938964844,0.0,849400,0.003751796714598973,57383850.517103404
2014-10-27,59.86909866333008,0.0,80.47000122070312,0.0,80.61000061035156,80.08000183105469,80.33999633789062,0.0,949500,0.0037867681549218412,57722181.98414151
2014-10-28,60.51635360717773,0.0,81.33999633789062,0.0,81.33999633789062,80.63999938964844,80.80000305175781,0.0,756500,0.0035255812372727777,57820646.26978314
2014-10-29,60.501495361328125,0.0,81.31999969482422,0.0,81.69000244140625,80.75,81.48999786376953,0.0,1344700,0.003707608862030832,58396381.38330853
2014-10-30,60.84375381469727,0.0,81.77999877929688,0.0,81.9800033569336,80.95999908447266,81.04000091552734,0.0,850100,0.003940900398215668,58224842.63366215
2014-10-31,61.49846267700195,0.0,82.66000366210938,0.0,82.79000091552734,82.23999786376953,82.79000091552734,0.0,890300,0.003940900398215668,58519374.101772
2014-11-03,61.491004943847656,0.0,82.6500015258789,0.0,82.97000122070312,82.47000122070312,82.7699966430664,0.0,1058200,0.00396030205088148,58891023.71200683
2014-11-04,61.3942985534668,0.0,82.5199966430664,0.0,82.7300033569336,82.13999938964844,82.48999786376953,0.0,1329700,0.00396030205088148,59074409.31699238
2014-11-05,61.87784957885742,0.0,83.16999816894531,0.0,83.16999816894531,82.70999908447266,83.16000366210938,0.0,966900,0.003554937707201354,59152887.365662105
2014-11-06,62.10106658935547,0.0,83.47000122070312,0.0,83.5199966430664,82.83000183105469,83.19999694824219,0.0,663000,0.002559471761882929,58976558.88002184
2014-11-07,62.18292236328125,0.0,83.58000183105469,0.0,83.69999694824219,83.29000091552734,83.5,0.0,867600,0.002559471761882929,59251863.5650877
2014-11-10,62.39867401123047,0.0,83.87000274658203,0.0,83.88999938964844,83.5,83.58999633789062,0.0,820500,0.002559471761882929,59362204.932179525
2014-11-11,62.39867401123047,0.0,83.87000274658203,0.0,84.0199966430664,83.7699966430664,83.93000030517578,0.0,1262900,0.002211365210746088,59832412.388937816
2014-11-12,62.30193710327149,0.0,83.73999786376953,0.0,83.81999969482422,83.43000030517578,83.52999877929688,0.0,1885900,0.002211365210746088,60703388.00626482
2014-11-13,62.32428741455078,0.0,83.7699966430664,0.0,84.05000305175781,83.41000366210938,83.79000091552734,0.0,1086700,0.0017598361594856407,61129722.462735854
2014-11-14,62.339141845703125,0.0,83.79000091552734,0.0,83.94000244140625,83.5999984741211,83.80999755859375,0.0,1013200,0.0018818478406970624,61392641.471790135
2014-11-17,62.49540710449219,0.0,84.0,0.0,84.05000305175781,83.58999633789062,83.61000061035156,0.0,527900,0.0017797272835498542,61309879.567028224
2014-11-18,62.77066802978516,0.0,84.37000274658203,0.0,84.55999755859375,84.02999877929688,84.02999877929688,0.0,413000,0.0017797272835498542,60381667.74029202
2014-11-19,62.673927307128906,0.0,84.23999786376953,0.0,84.3499984741211,83.91999816894531,84.30000305175781,0.0,780500,0.001832183158379435,60675175.22705926
2014-11-20,62.82275390625,0.0,84.44000244140625,0.0,84.44000244140625,83.87000274658203,83.87999725341797,0.0,405300,0.0016772794599046003,60673257.19470675
2014-11-21,63.09060287475586,0.0,84.80000305175781,0.0,85.31999969482422,84.55000305175781,85.31999969482422,0.0,468500,0.0014307918173235442,60614643.566815816
2014-11-24,63.17243576049805,0.0,84.91000366210938,0.0,85.06999969482422,84.77999877929688,84.98999786376953,0.0,451000,0.0012759442664964306,60578415.70150587
2014-11-25,63.10547256469727,0.0,84.81999969482422,0.0,85.0199966430664,84.62999725341797,85.0199966430664,0.0,546800,0.0013413015299938893,60576691.1908286
2014-11-26,63.25426483154297,0.0,85.0199966430664,0.0,85.02999877929688,84.7699966430664,84.88999938964844,0.0,549700,0.0012569196349030095,60499258.1687019
2014-11-28,63.016204833984375,0.0,84.69999694824219,0.0,85.0,84.58999633789062,84.81999969482422,0.0,612100,0.0011166687486527213,60678627.41404337
2014-12-01,62.77812957763672,0.0,84.37999725341797,0.0,84.58999633789062,84.1500015258789,84.37000274658203,0.0,570300,0.0011166687486527213,60790773.533145964
2014-12-02,63.22452545166016,0.0,84.9800033569336,0.0,85.06999969482422,84.41999816894531,84.43000030517578,0.0,612200,0.0010972670959869084,60967119.15713719
2014-12-03,63.44026947021485,0.0,85.2699966430664,0.0,85.4000015258789,84.91999816894531,85.0199966430664,0.0,1376100,0.0010972670959869084,61561170.83220709
2014-12-04,63.39561462402344,0.0,85.20999908447266,0.0,85.41999816894531,84.76000213623047,85.19999694824219,0.0,496800,0.0013183720885016088,61675934.54288301
2014-12-05,63.559303283691406,0.0,85.43000030517578,0.0,85.62999725341797,85.26000213623047,85.2699966430664,0.0,543700,0.0012902013600087799,61715997.63500274
2014-12-08,63.20962524414063,0.0,84.95999908447266,0.0,85.5,84.69999694824219,85.25,0.0,455800,0.0012902013600087799,61821785.1460472
2014-12-09,63.045936584472656,0.0,84.73999786376953,0.0,84.7699966430664,83.83999633789062,84.08999633789062,0.0,723300,0.0012902013600087799,61786499.998910084
2014-12-10,62.00434494018555,0.0,83.33999633789062,0.0,84.54000091552734,83.27999877929688,84.54000091552734,0.0,727500,0.0016848659231149276,61864143.24708969
2014-12-11,62.32428741455078,0.0,83.7699966430664,0.0,84.58999633789062,83.62000274658203,83.70999908447266,0.0,738600,0.0021606320989406,62113578.93314664
2014-12-12,61.27523422241211,0.0,82.36000061035156,0.0,83.52999877929688,82.30000305175781,83.2300033569336,0.0,2065900,0.002002451074082691,63006996.12121582
2014-12-15,60.78420639038086,0.0,81.69999694824219,0.0,82.87999725341797,81.41999816894531,82.76000213623047,0.0,2602000,0.0018804393928712692,64170564.202959575
2014-12-16,60.43455123901367,0.0,81.2300033569336,0.0,83.02999877929688,81.22000122070312,81.37000274658203,0.0,1944500,0.00247616185393107,65053020.18154689
2014-12-17,61.62491607666016,0.0,82.83000183105469,0.0,82.97000122070312,81.5199966430664,81.5999984741211,0.0,3448200,0.0032273444591279657,66741070.46541487
2014-12-18,63.16498947143555,0.0,84.9000015258789,0.0,84.94000244140625,83.63999938964844,84.11000061035156,0.0,4386900,0.003137674663740188,69383498.98586576
2014-12-19,63.492374420166016,0.0,85.33999633789062,0.0,85.58999633789062,84.91000366210938,85.04000091552734,0.0,772000,0.002931030637026267,69614720.78339107
2014-12-22,63.77900314331055,0.0,85.20999908447266,0.513,85.20999908447266,84.7699966430664,84.93000030517578,0.0,826000,0.003101307663053372,69871046.72416203
2014-12-23,63.9960823059082,0.0,85.5,0.0,85.72000122070312,85.37999725341797,85.45999908447266,0.0,1136200,0.0030262499889828786,70316730.12221201
2014-12-24,64.00357055664062,0.0,85.51000213623047,0.0,85.70999908447266,85.45999908447266,85.58000183105469,0.0,424100,0.003076534560615328,70368804.1434394
2014-12-26,64.10835266113281,0.0,85.6500015258789,0.0,85.9000015258789,85.62999725341797,85.69000244140625,0.0,535000,0.0030465256645083733,70402399.55888778
2014-12-29,64.1682357788086,0.0,85.7300033569336,0.0,85.8499984741211,85.5199966430664,85.56999969482422,0.0,646700,0.0030187542708924294,70454751.66216049
2014-12-30,63.91373825073242,0.0,85.38999938964844,0.0,85.58000183105469,85.3499984741211,85.5199966430664,0.0,904900,0.0030924546032681166,70612057.57670327
2014-12-31,63.24009704589844,0.0,84.48999786376953,0.0,85.48999786376953,84.44000244140625,85.47000122070312,0.0,758800,0.0030924546032681166,70876654.41425869
2015-01-02,63.25509643554688,0.0,84.51000213623047,0.0,85.0199966430664,83.97000122070312,84.91000366210938,0.0,1549200,0.0030924546032681166,71705395.66353087
2015-01-05,62.0874252319336,0.0,82.94999694824219,0.0,84.11000061035156,82.77999877929688,84.08999633789062,0.0,1427700,0.002871349610753416,72299641.46192642
2015-01-06,61.54103088378906,0.0,82.22000122070312,0.0,83.37000274658203,81.81999969482422,83.1500015258789,0.0,1303900,0.002871349610753416,72910327.84505571
2015-01-07,62.22963333129883,0.0,83.13999938964844,0.0,83.29000091552734,82.55999755859375,83.0199966430664,0.0,1463700,0.003110062969880633,73603830.575834
2015-01-08,63.37485885620117,0.0,84.66999816894531,0.0,84.76000213623047,83.8499984741211,83.8499984741211,0.0,799100,0.003110062969880633,73912659.91987199
2015-01-09,62.79850006103516,0.0,83.9000015258789,0.0,84.91999816894531,83.66999816894531,84.87000274658203,0.0,802200,0.0031394061144600833,74265059.68466865
2015-01-12,62.37187194824219,0.0,83.33000183105469,0.0,84.0999984741211,83.0199966430664,84.08999633789062,0.0,1156000,0.002663639938634411,74799804.15020898
2015-01-13,62.12484359741211,0.0,83.0,0.0,84.41000366210938,82.4000015258789,83.91999816894531,0.0,2442400,0.003055597411941463,75484292.02975924
2015-01-14,61.7056999206543,0.0,82.44000244140625,0.0,82.51000213623047,81.43000030517578,82.11000061035156,0.0,2158300,0.003055597411941463,76562091.7030395
2015-01-15,61.26407623291016,0.0,81.8499984741211,0.0,82.86000061035156,81.76000213623047,82.80000305175781,0.0,1578900,0.002462364785376615,77221410.97406055
2015-01-16,62.0649642944336,0.0,82.91999816894531,0.0,83.0199966430664,81.63999938964844,81.80999755859375,0.0,1486500,0.0022755615462564547,77908261.7749532
2015-01-20,62.07994842529297,0.0,82.94000244140625,0.0,83.30000305175781,82.2699966430664,83.08000183105469,0.0,1361700,0.00236561198513563,78516626.39872234
2015-01-21,62.40926742553711,0.0,83.37999725341797,0.0,83.5199966430664,82.5,82.83000183105469,0.0,742000,0.0026562117508886337,78743951.7862229
2015-01-22,63.329925537109375,0.0,84.61000061035156,0.0,84.62000274658203,83.12000274658203,83.88999938964844,0.0,832700,0.002485934724861529,79097226.10313779
2015-01-23,62.80600738525391,0.0,83.91000366210938,0.0,84.5,83.87000274658203,84.5,0.0,1022800,0.002666848350311862,79424344.9556381
2015-01-26,62.95570373535156,0.0,84.11000061035156,0.0,84.12999725341797,83.41999816894531,83.83000183105469,0.0,1813000,0.002551206515181954,80353924.80233814
2015-01-27,62.13233947753906,0.0,83.01000213623047,0.0,83.4800033569336,82.55000305175781,83.0,0.0,1181900,0.0028003225270305247,80818360.94259232
2015-01-28,61.09941864013672,0.0,81.62999725341797,0.0,83.47000122070312,81.55000305175781,83.47000122070312,0.0,3483800,0.0030291511992517396,82835063.84388152
2015-01-29,61.675743103027344,0.0,82.4000015258789,0.0,82.4800033569336,80.9800033569336,81.73999786376953,0.0,887700,0.0029554508668760524,83080365.4172746
2015-01-30,60.65031814575195,0.0,81.02999877929688,0.0,82.19999694824219,80.9800033569336,81.70999908447266,0.0,1558500,0.003594856368254947,83646738.3124518
2015-02-02,61.61588668823242,0.0,82.31999969482422,0.0,82.3499984741211,80.68000030517578,81.36000061035156,0.0,2556100,0.004183484713923553,84890927.4549999
2015-02-03,62.5814208984375,0.0,83.61000061035156,0.0,83.61000061035156,82.7300033569336,82.7300033569336,0.0,1119600,0.004183484713923553,85022077.46972583
2015-02-04,62.34190368652344,0.0,83.29000091552734,0.0,83.83999633789062,83.05999755859375,83.33999633789062,0.0,1368600,0.004278870594443522,85418980.88248117
2015-02-05,63.00060272216797,0.0,84.16999816894531,0.0,84.19999694824219,83.61000061035156,83.68000030517578,0.0,585500,0.004268164235454069,85361040.18316117
2015-02-06,62.94820785522461,0.0,84.0999984741211,0.0,84.76000213623047,83.87000274658203,84.37999725341797,0.0,882600,0.004268164235454069,85539538.00580464
2015-02-09,62.67124557495117,0.0,83.7300033569336,0.0,84.11000061035156,83.5,83.83999633789062,0.0,720400,0.0038441565277684705,85718379.87199813
2015-02-10,63.24759292602539,0.0,84.5,0.0,84.5999984741211,83.72000122070312,84.23999786376953,0.0,712800,0.0038441565277684705,85826139.9335407
2015-02-11,63.15777206420898,0.0,84.37999725341797,0.0,84.5999984741211,83.94999694824219,84.33000183105469,0.0,844100,0.003758427282748071,86081122.6484995
2015-02-12,63.741607666015625,0.0,85.16000366210938,0.0,85.18000030517578,84.69999694824219,84.8499984741211,0.0,1247400,0.003758427282748071,86568050.73339069
2015-02-13,63.91373825073242,0.0,85.38999938964844,0.0,85.45999908447266,85.05000305175781,85.26000213623047,0.0,1581800,0.003594448926099743,87212865.26888892
2015-02-17,64.06342315673828,0.0,85.58999633789062,0.0,85.62999725341797,85.12000274658203,85.3499984741211,0.0,757300,0.0031353932277396633,87093630.15718006
2015-02-18,63.97359085083008,0.0,85.47000122070312,0.0,85.48999786376953,85.18000030517578,85.44000244140625,0.0,846700,0.003167942886047935,87315653.81220862
2015-02-19,63.786502838134766,0.0,85.22000122070312,0.0,85.45999908447266,84.9800033569336,85.16999816894531,0.0,910000,0.002978262655138798,87543967.6399897
2015-02-20,64.14576721191406,0.0,85.69999694824219,0.0,85.70999908447266,84.62999725341797,85.05999755859375,0.0,892400,0.00312246619139982,87737014.1340286
2015-02-23,64.07095336914062,0.0,85.5999984741211,0.0,85.5999984741211,85.33000183105469,85.56999969482422,0.0,995800,0.0029882319489956378,87781096.0893298
2015-02-24,64.37781524658203,0.0,86.01000213623047,0.0,86.11000061035156,85.54000091552734,85.62999725341797,0.0,841000,0.0029882319489956378,88014654.44072542
2015-02-25,64.24309539794922,0.0,85.83000183105469,0.0,86.01000213623047,85.66000366210938,85.98999786376953,0.0,708200,0.0028105195859130703,88249254.89238557
2015-02-26,64.08588409423828,0.0,85.62000274658203,0.0,85.80000305175781,85.33999633789062,85.80000305175781,0.0,665300,0.0025164216573732518,88323708.0240401
2015-02-27,63.86884307861328,0.0,85.33000183105469,0.0,85.66000366210938,85.30000305175781,85.58000183105469,0.0,639300,0.0026352638702299763,88432143.03859529
2015-03-02,64.13831329345703,0.0,85.69000244140625,0.0,85.69000244140625,85.22000122070312,85.31999969482422,0.0,1176500,0.0021681438287520635,88981700.05479237
2015-03-03,63.8538818359375,0.0,85.30999755859375,0.0,85.55000305175781,84.95999908447266,85.55000305175781,0.0,1119300,0.001811501545166245,89335735.99291
2015-03-04,63.60688400268555,0.0,84.9800033569336,0.0,85.1500015258789,84.51000213623047,85.1500015258789,0.0,817200,0.001811501545166245,89566638.37300861
2015-03-05,63.6891975402832,0.0,85.08999633789062,0.0,85.18000030517578,84.83000183105469,85.16999816894531,0.0,875600,0.0018003908917780954,89825450.49279834
2015-03-06,62.78350830078125,0.0,83.87999725341797,0.0,84.87999725341797,83.69000244140625,84.77999877929688,0.0,715200,0.0015723838916403316,89781541.09677511
2015-03-09,63.05296325683594,0.0,84.23999786376953,0.0,84.41999816894531,83.94999694824219,84.04000091552734,0.0,560500,0.001700995984983772,89191100.12425014
2015-03-10,62.02006149291992,0.0,82.86000061035156,0.0,83.62999725341797,82.83000183105469,83.62999725341797,0.0,1134700,0.001700995984983772,89591726.81738232
2015-03-11,62.02006149291992,0.0,82.86000061035156,0.0,83.16000366210938,82.7699966430664,83.13999938964844,0.0,773200,0.0017448437209594987,88999856.91725716
2015-03-12,62.76104736328125,0.0,83.8499984741211,0.0,83.8499984741211,83.22000122070312,83.29000091552734,0.0,1353500,0.0014692002264201417,89514465.8294375
2015-03-13,62.37187194824219,0.0,83.33000183105469,0.0,83.75,82.73999786376953,83.75,0.0,986300,0.0017293453452156189,89505722.63618954
2015-03-16,63.20267868041992,0.0,84.44000244140625,0.0,84.44000244140625,83.68000030517578,83.7300033569336,0.0,922500,0.0017293453452156189,89052278.80485778
2015-03-17,62.89579772949219,0.0,84.02999877929688,0.0,84.16999816894531,83.62999725341797,84.06999969482422,0.0,761700,0.0018708715400281531,89070152.78590974
2015-03-18,63.68172454833984,0.0,85.08000183105469,0.0,85.36000061035156,83.54000091552734,83.80000305175781,0.0,682400,0.0018618040710802163,89272504.75647336
2015-03-19,63.21017074584961,0.0,84.44999694824219,0.0,84.83000183105469,84.26000213623047,84.7699966430664,0.0,636600,0.0018844913560028067,89318710.11781238
2015-03-20,63.76405334472656,0.0,85.19000244140625,0.0,85.41999816894531,84.70999908447266,84.91000366210938,0.0,697500,0.001755354093918782,89343799.37082927
2015-03-23,63.76405334472656,0.0,85.19000244140625,0.0,85.62000274658203,85.18000030517578,85.2300033569336,0.0,691100,0.0017086747108726312,88853628.9544484
2015-03-24,63.29998397827149,0.0,84.56999969482422,0.0,85.19000244140625,84.5199966430664,84.98999786376953,0.0,670200,0.0017086747108726312,88948329.6276153
2015-03-25,62.59224319458008,0.0,83.12999725341797,0.5,84.38999938964844,83.12000274658203,84.29000091552734,0.0,654900,0.0015696342285464078,89069916.08286661
2015-03-26,62.419036865234375,0.0,82.9000015258789,0.0,83.30000305175781,82.4800033569336,82.86000061035156,0.0,609900,0.0015696342285464078,88698024.8819321
2015-03-27,62.562110900878906,0.0,83.08999633789062,0.0,83.16999816894531,82.7699966430664,82.87999725341797,0.0,818000,0.0015850473192571151,88714354.84031798
2015-03-30,63.36774444580078,0.0,84.16000366210938,0.0,84.33000183105469,83.62999725341797,83.63999938964844,0.0,713700,0.0014127618593561325,88708548.51871067
2015-03-31,63.021392822265625,0.0,83.69999694824219,0.0,84.05999755859375,83.41000366210938,83.81999969482422,0.0,734300,0.0013754442134022097,88662064.1991146
2015-04-01,62.6223258972168,0.0,83.16999816894531,0.0,83.41999816894531,82.76000213623047,83.41999816894531,0.0,4623700,0.0013754442134022097,90950019.78762187
2015-04-02,62.8407096862793,0.0,83.45999908447266,0.0,83.72000122070312,83.0,83.0,0.0,914000,0.001315481841796197,90929566.23731945
2015-04-06,63.26231384277344,0.0,84.0199966430664,0.0,84.29000091552734,83.05000305175781,83.13999938964844,0.0,889800,0.0015244288712788635,90912558.17762102
2015-04-07,63.11927032470703,0.0,83.83000183105469,0.0,84.30000305175781,83.83000183105469,84.16000366210938,0.0,795500,0.0015045600865429525,91088800.43779403
2015-04-08,63.17953109741211,0.0,83.91000366210938,0.0,84.23999786376953,83.5999984741211,83.83000183105469,0.0,1032200,0.0016394902917947144,90928574.82317969
2015-04-09,63.51080322265625,0.0,84.3499984741211,0.0,84.4800033569336,83.66999816894531,83.91000366210938,0.0,830100,0.0018148695137642223,91007598.7599509
2015-04-10,63.94750213623047,0.0,84.93000030517578,0.0,84.94999694824219,84.47000122070312,84.5999984741211,0.0,893300,0.0017842847800169273,91208092.51230633
2015-04-13,63.683990478515625,0.0,84.58000183105469,0.0,85.06999969482422,84.55999755859375,84.88999938964844,0.0,835500,0.0016670967915495942,91077213.22544037
2015-04-14,63.86470031738281,0.0,84.81999969482422,0.0,84.91000366210938,84.2699966430664,84.54000091552734,0.0,1552800,0.0016931633324814943,91489269.63192168
2015-04-15,64.20352935791016,0.0,85.2699966430664,0.0,85.55000305175781,85.0199966430664,85.1500015258789,0.0,938300,0.0014463134699523041,91445695.45847575
2015-04-16,64.14328002929688,0.0,85.19000244140625,0.0,85.44999694824219,84.91999816894531,85.19000244140625,0.0,1252300,0.0015020630026026892,90813813.1065732
2015-04-17,63.48823547363281,0.0,84.31999969482422,0.0,84.81999969482422,83.95999908447266,84.81999969482422,0.0,2235000,0.001378456182836232,90971107.18603589
2015-04-20,64.03032684326172,0.0,85.04000091552734,0.0,85.26000213623047,84.73999786376953,84.87999725341797,0.0,772300,0.0015414519427139855,90595024.05156332
2015-04-21,63.78186798095703,0.0,84.70999908447266,0.0,85.45999908447266,84.55000305175781,85.45999908447266,0.0,1115200,0.0017375751069064736,90753841.67666966
2015-04-22,64.06797790527344,0.0,85.08999633789062,0.0,85.18000030517578,84.4000015258789,84.93000030517578,0.0,876300,0.0019348014404608842,90750894.60527934
2015-04-23,64.25621032714844,0.0,85.33999633789062,0.0,85.62000274658203,84.91999816894531,85.0,0.0,591900,0.0019348014404608842,90589862.98987979
2015-04-24,64.37669372558594,0.0,85.5,0.0,85.5999984741211,85.29000091552734,85.56999969482422,0.0,511200,0.002027260720910519,90406045.86747184
2015-04-27,64.10564422607422,0.0,85.13999938964844,0.0,85.73999786376953,85.08999633789062,85.7300033569336,0.0,1145000,0.0019920593240564076,90332798.70289394
2015-04-28,64.54234313964844,0.0,85.72000122070312,0.0,85.72000122070312,84.80000305175781,85.19999694824219,0.0,1245600,0.0022552391215140623,90636788.37751359
2015-04-29,64.36919403076172,0.0,85.48999786376953,0.0,85.73999786376953,85.12000274658203,85.37000274658203,0.0,993300,0.002299607149212698,90704335.58956933
2015-04-30,63.8270263671875,0.0,84.7699966430664,0.0,85.41999816894531,84.51000213623047,85.30000305175781,0.0,1177000,0.002299607149212698,91007832.24686517
2015-05-01,64.43692779541016,0.0,85.58000183105469,0.0,85.5999984741211,85.08999633789062,85.12000274658203,0.0,876600,0.002464239405519152,90735359.43746415
2015-05-04,64.69291687011719,0.0,85.91999816894531,0.0,86.04000091552734,85.69000244140625,85.75,0.0,1949600,0.0022552923760364857,91513045.56022523
2015-05-05,63.99267959594727,0.0,84.98999786376953,0.0,85.97000122070312,84.94000244140625,85.87000274658203,0.0,1430600,0.0021465490674289563,91893954.20850724
2015-05-06,63.75927734375,0.0,84.68000030517578,0.0,85.44000244140625,84.16999816894531,85.37999725341797,0.0,710600,0.0020116188621771944,91677393.70534988
2015-05-07,63.93243408203125,0.0,84.91000366210938,0.0,85.13999938964844,84.44000244140625,84.69000244140625,0.0,1025100,0.00204887882022017,91497349.30231608
2015-05-08,64.81340026855469,0.0,86.08000183105469,0.0,86.11000061035156,85.69999694824219,85.7699966430664,0.0,530000,0.00204887882022017,91221201.12565662
2015-05-11,64.4896240234375,0.0,85.6500015258789,0.0,86.13999938964844,85.61000061035156,86.0999984741211,0.0,522500,0.0021026986715399713,91137165.53032285
2015-05-12,64.28634643554688,0.0,85.37999725341797,0.0,85.58999633789062,84.86000061035156,85.36000061035156,0.0,572800,0.002076632130608071,90949797.69570486
2015-05-13,64.33903503417969,0.0,85.44999694824219,0.0,85.81999969482422,85.30000305175781,85.62999725341797,0.0,1315800,0.002076632130608071,91295986.33642651
2015-05-14,64.90374755859375,0.0,86.19999694824219,0.0,86.23999786376953,85.87000274658203,85.91000366210938,0.0,1780200,0.0020738428364499304,91673238.78165351
2015-05-15,64.97152709960938,0.0,86.29000091552734,0.0,86.31999969482422,86.04000091552734,86.29000091552734,0.0,1087800,0.002093433755194059,91164834.02788071
2015-05-18,65.1371841430664,0.0,86.51000213623047,0.0,86.62000274658203,86.19999694824219,86.20999908447266,0.0,432100,0.0019153717211393081,90739025.42923822
2015-05-19,65.15220642089844,0.0,86.52999877929688,0.0,86.70999908447266,86.31999969482422,86.61000061035156,0.0,420600,0.001807387792541477,90354092.79875377
2015-05-20,65.11458587646484,0.0,86.4800033569336,0.0,86.80000305175781,86.4000015258789,86.61000061035156,0.0,469000,0.0017198630354339592,90324057.25569347
2015-05-21,65.26514434814453,0.0,86.68000030517578,0.0,86.79000091552734,86.3499984741211,86.41000366210938,0.0,398000,0.0019214524616802415,90321309.86670236
2015-05-22,65.01667785644531,0.0,86.3499984741211,0.0,86.58000183105469,86.33000183105469,86.5,0.0,475500,0.0019211391499673546,90125358.32655771
2015-05-26,64.37669372558594,0.0,85.5,0.0,86.12000274658203,85.2699966430664,86.12000274658203,0.0,676800,0.0018220852432540347,90313000.12822832
2015-05-27,64.88868713378906,0.0,86.18000030517578,0.0,86.29000091552734,85.55999755859375,85.79000091552734,0.0,503700,0.0017844502771218473,90342206.99111696
2015-05-28,64.89622497558594,0.0,86.19000244140625,0.0,86.2300033569336,85.77999877929688,86.08000183105469,0.0,540000,0.0017243012753119882,90407668.81386892
2015-05-29,64.57997131347656,0.0,85.7699966430664,0.0,86.16999816894531,85.58000183105469,86.16999816894531,0.0,801000,0.0018814509634688871,90584829.06369406
2015-06-01,64.63269805908203,0.0,85.83999633789062,0.0,86.16999816894531,85.51000213623047,86.08000183105469,0.0,821600,0.002009057250196207,90773643.73699975
2015-06-02,64.52725219726562,0.0,85.69999694824219,0.0,85.9800033569336,85.30999755859375,85.66999816894531,0.0,656900,0.0021223446341131344,90808972.78353374
2015-06-03,64.68541717529297,0.0,85.91000366210938,0.0,86.27999877929688,85.7300033569336,86.01000213623047,0.0,977600,0.0021223446341131344,91093605.37993416
2015-06-04,64.10564422607422,0.0,85.13999938964844,0.0,85.83000183105469,84.9800033569336,85.68000030517578,0.0,553200,0.0021223446341131344,91054515.61491224
2015-06-05,63.96259689331055,0.0,84.94999694824219,0.0,85.37000274658203,84.77999877929688,85.1500015258789,0.0,1050100,0.001865857718124924,90831229.49915689
2015-06-08,63.6689338684082,0.0,84.55999755859375,0.0,85.02999877929688,84.54000091552734,84.95999908447266,0.0,1092500,0.001865857718124924,91228447.51334417
2015-06-09,63.75178527832031,0.0,84.66999816894531,0.0,84.93000030517578,84.4000015258789,84.61000061035156,0.0,758300,0.0017998274500541287,91369375.8343409
2015-06-10,64.51976776123047,0.0,85.69000244140625,0.0,85.91999816894531,85.12000274658203,85.12000274658203,0.0,630400,0.0017998274500541287,91490758.45304216
2015-06-11,64.7230453491211,0.0,85.95999908447266,0.0,86.11000061035156,85.7699966430664,85.83999633789062,0.0,741900,0.0017998274500541287,91510451.17420015
2015-06-12,64.23363494873047,0.0,85.30999755859375,0.0,85.6500015258789,85.16999816894531,85.5999984741211,0.0,2227600,0.0016333345833223743,92537488.50138831
2015-06-15,63.91741561889648,0.0,84.88999938964844,0.0,85.08999633789062,84.47000122070312,84.77999877929688,0.0,945500,0.0016137436645782457,92683448.61966088
2015-06-16,64.29385375976562,0.0,85.38999938964844,0.0,85.41999816894531,84.7699966430664,84.9000015258789,0.0,622500,0.0016137436645782457,91754938.6939397
2015-06-17,64.40681457519531,0.0,85.54000091552734,0.0,85.80000305175781,85.0999984741211,85.5999984741211,0.0,721900,0.0015256044289835892,90557858.80982535
2015-06-18,64.99409484863281,0.0,86.31999969482422,0.0,86.55000305175781,85.7300033569336,85.7300033569336,0.0,598100,0.0014159028525366963,89714019.526412
2015-06-19,64.62516784667969,0.0,85.83000183105469,0.0,86.29000091552734,85.80999755859375,86.22000122070312,0.0,491600,0.0013969465930093227,87782111.72154139
2015-06-22,64.98873901367188,0.0,85.80000305175781,0.51,86.0999984741211,85.72000122070312,85.9000015258789,0.0,468400,0.0013641332487498094,85145134.77499826
2015-06-23,65.041748046875,0.0,85.87000274658203,0.0,86.04000091552734,85.66000366210938,85.87000274658203,0.0,508900,0.0015010395217747486,84969077.37202114
2015-06-24,64.51909637451172,0.0,85.18000030517578,0.0,85.80999755859375,85.18000030517578,85.66999816894531,0.0,536600,0.0012754946904492811,84773237.12535435
2015-06-25,64.30705261230469,0.0,84.9000015258789,0.0,85.4800033569336,84.87999725341797,85.47000122070312,0.0,543200,0.0010966072484316393,84368257.60812305
2015-06-26,64.36007690429688,0.0,84.97000122070312,0.0,85.19000244140625,84.69999694824219,85.18000030517578,0.0,938400,0.0009394575602747403,84713265.99891299
2015-06-29,63.0799560546875,0.0,83.27999877929688,0.0,84.51000213623047,83.25,84.31999969482422,0.0,902400,0.0006229061617151601,84946036.79321532
2015-06-30,63.14058303833008,0.0,83.36000061035156,0.0,84.11000061035156,83.13999938964844,84.11000061035156,0.0,1035400,0.0008276957167702052,85191031.64608063
2015-07-01,63.63288116455078,0.0,84.01000213623047,0.0,84.19000244140625,83.62000274658203,84.0999984741211,0.0,711200,0.0010514457049566825,85051972.14664882
2015-07-02,63.54960250854492,0.0,83.9000015258789,0.0,84.30999755859375,83.69999694824219,84.16000366210938,0.0,689200,0.0012598105511695487,85002074.29484412
2015-07-06,63.26177978515625,0.0,83.5199966430664,0.0,83.9000015258789,83.08000183105469,83.30000305175781,0.0,2390300,0.0012598105511695487,85547431.06203836
2015-07-07,63.72379302978516,0.0,84.12999725341797,0.0,84.18000030517578,82.5199966430664,83.69999694824219,0.0,1466800,0.0015362409961834113,85586908.59639001
2015-07-08,62.70126724243164,0.0,82.77999877929688,0.0,83.58999633789062,82.66000366210938,83.5199966430664,0.0,1622000,0.0017545847867992393,85801690.3299483
2015-07-09,62.84517288208008,0.0,82.97000122070312,0.0,83.9000015258789,82.97000122070312,83.5999984741211,0.0,2770500,0.0021394451687710534,86660232.95911759
2015-07-10,63.54960250854492,0.0,83.9000015258789,0.0,84.19000244140625,83.55999755859375,83.79000091552734,0.0,709800,0.0024200270422139085,86595887.13011968
2015-07-13,64.15554809570312,0.0,84.69999694824219,0.0,84.7300033569336,84.44000244140625,84.55000305175781,0.0,1981300,0.0025111214375241036,87393597.6279728
2015-07-14,64.420654296875,0.0,85.05000305175781,0.0,85.12000274658203,84.5199966430664,84.7300033569336,0.0,1052300,0.0025111214375241036,87339380.45412093
2015-07-15,64.37521362304688,0.0,84.98999786376953,0.0,85.18000030517578,84.7699966430664,85.0999984741211,0.0,1264400,0.0026057874862731463,86583365.7977634
2015-07-16,64.78421783447266,0.0,85.52999877929688,0.0,85.55999755859375,85.37999725341797,85.51000213623047,0.0,470900,0.002659317514331864,85490872.29900058
2015-07-17,64.58731079101562,0.0,85.2699966430664,0.0,85.41999816894531,85.05999755859375,85.41999816894531,0.0,1034400,0.0026769240591400798,85165239.9334196
2015-07-20,64.51909637451172,0.0,85.18000030517578,0.0,85.36000061035156,85.0199966430664,85.36000061035156,0.0,1822100,0.002629136572797121,85418778.83245075
2015-07-21,64.1328125,0.0,84.66999816894531,0.0,85.12999725341797,84.48999786376953,85.12999725341797,0.0,1034300,0.002569803948319887,85217467.54500374
2015-07-22,64.094970703125,0.0,84.62000274658203,0.0,84.7699966430664,84.44999694824219,84.61000061035156,0.0,1125100,0.0024837356476966506,85482054.90316361
2015-07-23,63.75411987304688,0.0,84.16999816894531,0.0,84.80999755859375,84.04000091552734,84.76000213623047,0.0,2104600,0.002574639490948028,86328796.41616458
2015-07-24,63.049686431884766,0.0,83.23999786376953,0.0,84.20999908447266,83.0999984741211,84.20999908447266,0.0,544700,0.002574639490948028,86007508.12323435
2015-07-27,62.69368743896485,0.0,82.7699966430664,0.0,83.01000213623047,82.45999908447266,82.93000030517578,0.0,874300,0.002574639490948028,85371590.48004755
2015-07-28,63.42840576171875,0.0,83.73999786376953,0.0,83.80999755859375,82.76000213623047,83.0999984741211,0.0,1289500,0.002574639490948028,85449949.25560725
2015-07-29,63.95860290527344,0.0,84.44000244140625,0.0,84.54000091552734,83.70999908447266,83.72000122070312,0.0,1076300,0.0022565625519760557,83914236.47938684
2015-07-30,63.98892211914063,0.0,84.4800033569336,0.0,84.5199966430664,84.04000091552734,84.31999969482422,0.0,633100,0.0022169914869230984,83758187.34264676
2015-07-31,63.77682876586914,0.0,84.19999694824219,0.0,84.62000274658203,84.12000274658203,84.61000061035156,0.0,1705700,0.0021705619136536134,83895764.1815125
2015-08-03,63.57231140136719,0.0,83.93000030517578,0.0,84.2300033569336,83.5199966430664,84.2300033569336,0.0,2784800,0.0021705619136536134,84080765.0833372
2015-08-04,63.44353866577149,0.0,83.76000213623047,0.0,84.12000274658203,83.55999755859375,83.97000122070312,0.0,812200,0.002173927086345707,83877750.13930306
2015-08-05,63.69350051879883,0.0,84.08999633789062,0.0,84.58999633789062,83.97000122070312,84.30000305175781,0.0,1616200,0.0018471136083039817,84051683.13000391
2015-08-06,63.42840576171875,0.0,83.73999786376953,0.0,84.26000213623047,83.45999908447266,84.12999725341797,0.0,1005600,0.0014622532263321676,84328884.78019351
2015-08-07,63.1784782409668,0.0,83.41000366210938,0.0,83.73999786376953,83.11000061035156,83.73999786376953,0.0,1051300,0.001181671352889312,84435728.25794522
2015-08-10,64.04194641113281,0.0,84.55000305175781,0.0,84.55000305175781,83.76000213623047,83.95999908447266,0.0,546200,0.0010905769575791171,84323522.83928281
2015-08-11,63.48143005371094,0.0,83.80999755859375,0.0,83.9800033569336,83.41000366210938,83.93000030517578,0.0,827800,0.0013541172687174868,84396112.64863998
2015-08-12,63.50414657592773,0.0,83.83999633789062,0.0,83.94000244140625,82.56999969482422,83.23999786376953,0.0,659700,0.0013653381070878904,84269795.9018344
2015-08-13,63.41325378417969,0.0,83.72000122070312,0.0,84.0,83.54000091552734,83.9000015258789,0.0,3011000,0.0013332350679402653,85427354.11697267
2015-08-14,63.69350051879883,0.0,84.08999633789062,0.0,84.12000274658203,83.63999938964844,83.69999694824219,0.0,720200,0.0014378103751423756,84836018.51640126
2015-08-17,63.95103454589844,0.0,84.43000030517578,0.0,84.44999694824219,83.5199966430664,83.8499984741211,0.0,669600,0.0014709010264950975,84770280.61146206
2015-08-18,63.814697265625,0.0,84.25,0.0,84.44999694824219,84.11000061035156,84.3499984741211,0.0,720600,0.0015568398140011369,84677765.53183056
2015-08-19,63.19362258911133,0.0,83.43000030517578,0.0,84.08999633789062,83.04000091552734,83.83999633789062,0.0,963000,0.001506001841599434,84699931.31899758
2015-08-20,62.011993408203125,0.0,81.87000274658203,0.0,82.94000244140625,81.8499984741211,82.80000305175781,0.0,1053700,0.0014150979983480565,84777611.83183458
2015-08-21,60.24715423583984,0.0,79.54000091552734,0.0,81.45999908447266,79.5199966430664,81.05999755859375,0.0,3046800,0.0014150979983480565,86024453.07238139
2015-08-24,57.762725830078125,0.0,76.26000213623047,0.0,78.55999755859375,72.25,76.7300033569336,0.0,5743700,0.0014150979983480565,88926676.58407423
2015-08-25,56.800743103027344,0.0,74.98999786376953,0.0,79.06999969482422,74.9800033569336,76.88999938964844,0.0,3727200,0.0024958397065777188,90662533.03440033
2015-08-26,58.90645217895508,0.0,77.7699966430664,0.0,77.86000061035156,75.45999908447266,75.7300033569336,0.0,4795200,0.003538743671520507,93170149.70166646
2015-08-27,60.3380241394043,0.0,79.66000366210938,0.0,79.76000213623047,78.1500015258789,78.54000091552734,0.0,2816600,0.0033545647483869865,94517918.71868315
2015-08-28,60.36832046508789,0.0,79.69999694824219,0.0,79.91000366210938,79.19999694824219,79.33999633789062,0.0,1461900,0.0031926294754436057,94642515.04936823
2015-08-31,60.05018615722656,0.0,79.27999877929688,0.0,79.63999938964844,78.87999725341797,79.38999938964844,0.0,2360900,0.0032989932128827553,95370171.15135798
2015-09-01,58.22478866577149,0.0,76.87000274658203,0.0,77.95999908447266,76.44000244140625,77.51000213623047,0.0,1492700,0.003019197595176799,95729680.63037811
2015-09-02,59.17156982421875,0.0,78.12000274658203,0.0,78.18000030517578,77.08999633789062,77.62999725341797,0.0,1895800,0.003542086321787212,96313768.72889806
2015-09-03,59.37607192993164,0.0,78.38999938964844,0.0,79.31999969482422,78.1500015258789,78.52999877929688,0.0,1890500,0.003542086321787212,97013810.94961621
2015-09-04,58.37626647949219,0.0,77.06999969482422,0.0,77.62999725341797,76.66999816894531,77.61000061035156,0.0,1507300,0.003542086321787212,97561041.8364207
2015-09-08,59.8305549621582,0.0,78.98999786376953,0.0,79.04000091552734,78.0,78.41999816894531,0.0,1870500,0.003542086321787212,97987466.82302082
2015-09-09,58.98220443725586,0.0,77.87000274658203,0.0,79.81999969482422,77.7300033569336,79.77999877929688,0.0,1783400,0.0036554413125469117,98581165.31846789
2015-09-10,59.26247024536133,0.0,78.23999786376953,0.0,78.75,77.63999938964844,77.73999786376953,0.0,2249800,0.003839282868256833,99077461.93957253
2015-09-11,59.43665313720703,0.0,78.47000122070312,0.0,78.4800033569336,77.72000122070312,78.08999633789062,0.0,1133600,0.004181822727270231,99131154.10288855
2015-09-14,59.209415435791016,0.0,78.16999816894531,0.0,78.47000122070312,77.95999908447266,78.44999694824219,0.0,1236000,0.004298963977800446,99279743.11467126
2015-09-15,60.012351989746094,0.0,79.2300033569336,0.0,79.43000030517578,78.36000061035156,78.36000061035156,0.0,1117600,0.004131027646071773,99474519.31849283
2015-09-16,60.54253005981445,0.0,79.93000030517578,0.0,80.05000305175781,79.30999755859375,79.3499984741211,0.0,1964600,0.004045088858565734,100260010.47206455
2015-09-17,60.33045196533203,0.0,79.6500015258789,0.0,80.91999816894531,79.5,79.80000305175781,0.0,2031100,0.004045088858565734,101117282.2977944
2015-09-18,59.27003479003906,0.0,78.25,0.0,79.01000213623047,78.0199966430664,78.58999633789062,0.0,1235600,0.004045088858565734,101413041.6096763
2015-09-21,59.57125473022461,0.0,78.12000274658203,0.525,78.56999969482422,77.7300033569336,78.16999816894531,0.0,2031600,0.004073543963972511,102205373.25168186
2015-09-22,58.8620719909668,0.0,77.19000244140625,0.0,77.38999938964844,76.69000244140625,77.08000183105469,0.0,1747800,0.004073543963972511,102826277.0014566
2015-09-23,58.70954513549805,0.0,76.98999786376953,0.0,77.45999908447266,76.73999786376953,77.19000244140625,0.0,1701500,0.0033596677335503687,103433869.43132915
2015-09-24,58.56466674804688,0.0,76.80000305175781,0.0,76.9800033569336,75.87999725341797,76.47000122070312,0.0,2311700,0.0023167637686075807,104441630.19421895
2015-09-25,58.70192337036133,0.0,76.9800033569336,0.0,77.68000030517578,76.58000183105469,77.54000091552734,0.0,2082000,0.0023167637686075807,105174207.57505023
2015-09-28,57.37508010864258,0.0,75.23999786376953,0.0,76.55000305175781,75.11000061035156,76.48999786376953,0.0,2543600,0.0023167637686075807,106216393.79689656
2015-09-29,57.58097457885742,0.0,75.51000213623047,0.0,75.8499984741211,75.05000305175781,75.44999694824219,0.0,2764400,0.0024470454451411367,107385274.29012117
2015-09-30,58.52652740478516,0.0,76.75,0.0,76.83000183105469,75.97000122070312,76.33999633789062,0.0,2010000,0.0024470454451411367,105557610.6350914
2015-10-01,58.595176696777344,0.0,76.83999633789062,0.0,77.1500015258789,75.95999908447266,76.94999694824219,0.0,1839000,0.0023421993039886312,106073692.49304514
2015-10-02,59.35774612426758,0.0,77.83999633789062,0.0,77.87000274658203,75.6500015258789,75.91000366210938,0.0,2332400,0.002814486686004381,106921256.09975542
2015-10-05,60.6007080078125,0.0,79.47000122070312,0.0,79.56999969482422,78.4800033569336,78.48999786376953,0.0,1938000,0.002814486686004381,107614320.3530024
2015-10-06,60.501583099365234,0.0,79.33999633789062,0.0,79.70999908447266,79.11000061035156,79.5199966430664,0.0,1147300,0.002835729857084639,107649359.01981536
2015-10-07,61.03536224365234,0.0,80.04000091552734,0.0,80.2300033569336,79.30999755859375,79.79000091552734,0.0,892900,0.0024588345551865695,107660857.29826064
2015-10-08,61.62252426147461,0.0,80.80999755859375,0.0,80.91999816894531,79.76000213623047,79.80999755859375,0.0,1257900,0.0021691061123572013,107865483.7002951
2015-10-09,61.53865432739258,0.0,80.69999694824219,0.0,81.08999633789062,80.41000366210938,80.93000030517578,0.0,1196200,0.0018265793462388462,108070775.3258478
2015-10-12,61.50814437866211,0.0,80.66000366210938,0.0,80.69000244140625,80.37999725341797,80.52999877929688,0.0,824100,0.001658351931290054,107553024.63927495
2015-10-13,61.18025207519531,0.0,80.2300033569336,0.0,80.87999725341797,80.13999938964844,80.26000213623047,0.0,860600,0.001751720738960479,107466017.52053519
2015-10-14,60.87522888183594,0.0,79.83000183105469,0.0,80.37999725341797,79.68000030517578,80.1500015258789,0.0,807000,0.0017517207389604785,107130615.70641048
2015-10-15,61.75977325439453,0.0,80.98999786376953,0.0,80.98999786376953,79.88999938964844,79.98999786376953,0.0,1518000,0.0018332775505739893,106610676.16227771
2015-10-16,62.0343132019043,0.0,81.3499984741211,0.0,81.37999725341797,80.83999633789062,81.19000244140625,0.0,1414500,0.0018332775505739897,107002685.52842519
2015-10-19,61.92754364013672,0.0,81.20999908447266,0.0,81.23999786376953,80.87000274658203,81.04000091552734,0.0,762900,0.0019751574138897362,106744642.01511201
2015-10-20,61.950439453125,0.0,81.23999786376953,0.0,81.47000122070312,80.94000244140625,81.05999755859375,0.0,802100,0.0020442865983310203,106670024.86031547
2015-10-21,61.55390167236328,0.0,80.72000122070312,0.0,81.5,80.6500015258789,81.3499984741211,0.0,923100,0.0019026122795307795,106860500.17217606
2015-10-22,62.59862518310547,0.0,82.08999633789062,0.0,82.2300033569336,81.05999755859375,81.05999755859375,0.0,1392300,0.0022100068507731295,107420708.91742404
2015-10-23,63.22390365600586,0.0,82.91000366210938,0.0,83.05999755859375,82.47000122070312,82.76000213623047,0.0,1073100,0.0022100068507731295,107353132.93034993
2015-10-26,62.98750686645508,0.0,82.5999984741211,0.0,82.86000061035156,82.47000122070312,82.83000183105469,0.0,853600,0.0023812002249666677,107065311.70159598
2015-10-27,62.796875,0.0,82.3499984741211,0.0,82.51000213623047,82.05000305175781,82.37999725341797,0.0,827800,0.0021445548109939607,106932391.97031657
2015-10-28,63.63566970825195,0.0,83.44999694824219,0.0,83.44999694824219,82.27999877929688,82.45999908447266,0.0,1287000,0.0021445548109939607,106992914.66891576
2015-10-29,63.39166259765625,0.0,83.12999725341797,0.0,83.33000183105469,82.9000015258789,83.08000183105469,0.0,617200,0.0018147363276414196,106804727.40462773
2015-10-30,63.00275802612305,0.0,82.62000274658203,0.0,83.2699966430664,82.62000274658203,83.13999938964844,0.0,830400,0.001443047913069529,106019791.07010856
2015-11-02,63.81106948852539,0.0,83.68000030517578,0.0,83.77999877929688,82.75,82.83000183105469,0.0,1643000,0.001717096163384536,106145977.97135852
2015-11-03,63.9483528137207,0.0,83.86000061035156,0.0,84.1500015258789,83.36000061035156,83.44999694824219,0.0,823600,0.0016958529923042785,106216561.21172224
2015-11-04,63.75005722045898,0.0,83.5999984741211,0.0,84.05999755859375,83.37000274658203,84.04000091552734,0.0,816900,0.0020693021549854354,106067764.33870225
2015-11-05,63.66617584228516,0.0,83.48999786376953,0.0,83.7699966430664,83.12999725341797,83.58000183105469,0.0,1260400,0.002085387511305587,106540846.81756762
2015-11-06,63.71195983886719,0.0,83.55000305175781,0.0,83.62000274658203,82.9000015258789,83.51000213623047,0.0,658800,0.002198990789427822,106622518.37481543
2015-11-09,63.10953903198242,0.0,82.76000213623047,0.0,83.36000061035156,82.36000061035156,83.36000061035156,0.0,849400,0.0023628087347826792,106792285.7032897
2015-11-10,63.277286529541016,0.0,82.9800033569336,0.0,83.06999969482422,82.48999786376953,82.62999725341797,0.0,766200,0.002497151624186327,106404541.04128641
2015-11-11,63.07136917114258,0.0,82.70999908447266,0.0,83.19000244140625,82.68000030517578,83.19000244140625,0.0,570800,0.002602447437649048,105561347.65168448
2015-11-12,62.09532165527344,0.0,81.43000030517578,0.0,82.30000305175781,81.43000030517578,82.26000213623047,0.0,1687400,0.0025208906260355372,105906893.04469275
2015-11-13,61.65302658081055,0.0,80.8499984741211,0.0,81.44000244140625,80.7699966430664,81.16000366210938,0.0,1052400,0.0025208906260355372,106285508.65160625
2015-11-16,62.64436340332031,0.0,82.1500015258789,0.0,82.1500015258789,80.75,80.75,0.0,1398000,0.0025777435855076658,106908137.10118249
2015-11-17,62.51472854614258,0.0,81.9800033569336,0.0,82.6500015258789,81.7699966430664,82.2699966430664,0.0,1034300,0.0025086144010663817,107259191.03687832
2015-11-18,63.429805755615234,0.0,83.18000030517578,0.0,83.2699966430664,82.1500015258789,82.1500015258789,0.0,873800,0.0024221186197401806,107562239.00628468
2015-11-19,63.37641906738281,0.0,83.11000061035156,0.0,83.29000091552734,82.91999816894531,83.16999816894531,0.0,808100,0.0021718122907635126,107769395.88897341
2015-11-20,63.42218017578125,0.0,83.16999816894531,0.0,83.62999725341797,83.0199966430664,83.44999694824219,0.0,700200,0.0021769199294354303,107772326.30736941
2015-11-23,63.30780029296875,0.0,83.0199966430664,0.0,83.4000015258789,82.87000274658203,83.18000030517578,0.0,1707200,0.002075549031854857,108552666.56225295
2015-11-24,63.48320007324219,0.0,83.25,0.0,83.45999908447266,82.47000122070312,82.66999816894531,0.0,1456400,0.002268229870516334,109145545.12321836
2015-11-25,63.40693283081055,0.0,83.1500015258789,0.0,83.30000305175781,83.04000091552734,83.20999908447266,0.0,756500,0.0023168398405426084,109099522.97118051
2015-11-27,63.49079132080078,0.0,83.26000213623047,0.0,83.37999725341797,83.0,83.1500015258789,0.0,446800,0.002323104833376943,108835034.30422223
2015-11-30,63.34593200683594,0.0,83.06999969482422,0.0,83.41999816894531,83.0199966430664,83.33000183105469,0.0,650200,0.002413637635168553,108816905.62014504
2015-12-01,64.02459716796875,0.0,83.95999908447266,0.0,83.98999786376953,83.25,83.37999725341797,0.0,1583400,0.002214025008064743,109205450.40562342
2015-12-02,63.26968002319336,0.0,82.97000122070312,0.0,84.0199966430664,82.8499984741211,83.95999908447266,0.0,1075100,0.002522910027757408,109539590.09332202
2015-12-03,62.415618896484375,0.0,81.8499984741211,0.0,83.2300033569336,81.58999633789062,83.20999908447266,0.0,1467500,0.0021494608650762513,109784898.6724127
2015-12-04,63.63566970825195,0.0,83.44999694824219,0.0,83.5999984741211,82.0199966430664,82.08000183105469,0.0,1299900,0.0027726731949695416,109912635.60654171
2015-12-07,63.22390365600586,0.0,82.91000366210938,0.0,83.25,82.45999908447266,83.25,0.0,2609200,0.002907957238434819,111119965.14577714
2015-12-08,62.59098434448242,0.0,82.08000183105469,0.0,82.62999725341797,81.77999877929688,82.16000366210938,0.0,1143300,0.0026730436054882133,111436021.40414526
2015-12-09,62.33171844482422,0.0,81.73999786376953,0.0,82.9800033569336,81.2300033569336,81.87999725341797,0.0,1988700,0.002732096525007235,112220010.37581913
2015-12-10,62.46896362304688,0.0,81.91999816894531,0.0,82.55999755859375,81.62999725341797,81.80999755859375,0.0,1332300,0.0029676166832491692,111577990.24089026
2015-12-11,61.309871673583984,0.0,80.4000015258789,0.0,81.2699966430664,80.29000091552734,80.94999694824219,0.0,2013400,0.0029676166832491692,112225719.35715449
2015-12-14,61.607269287109375,0.0,80.79000091552734,0.0,80.8499984741211,79.73999786376953,80.4800033569336,0.0,2850200,0.0029676166832491692,113631373.21421306
2015-12-15,62.453739166259766,0.0,81.9000015258789,0.0,82.23999786376953,81.44000244140625,81.44000244140625,0.0,2951300,0.0027404287550545172,115059628.35581946
2015-12-16,63.36879348754883,0.0,83.0999984741211,0.0,83.2300033569336,81.88999938964844,82.47000122070312,0.0,3888900,0.0027404287550545172,117214704.4847761
2015-12-17,62.461368560791016,0.0,81.91000366210938,0.0,83.23999786376953,81.88999938964844,83.23999786376953,0.0,1668200,0.0034090406171998835,117964293.6848474
2015-12-18,61.363258361816406,0.0,80.47000122070312,0.0,81.66000366210938,80.47000122070312,81.66000366210938,0.0,2174900,0.0033519523749342014,119034337.21044631
2015-12-21,61.8303108215332,0.0,80.48999786376953,0.588,80.61000061035156,79.88999938964844,80.44999694824219,0.0,2359200,0.003346844736262283,120194597.19903734
2015-12-22,62.51398086547852,0.0,81.37999725341797,0.0,81.51000213623047,80.43000030517578,80.93000030517578,0.0,1870800,0.003277022259649319,121040137.76013207
2015-12-23,63.41273880004883,0.0,82.55000305175781,0.0,82.58000183105469,81.7699966430664,81.91999816894531,0.0,1343500,0.0030843414209878422,121554330.20672874
2015-12-24,63.29753494262695,0.0,82.4000015258789,0.0,82.66000366210938,82.26000213623047,82.45999908447266,0.0,881900,0.003055121707437834,121498240.62101576
2015-12-28,63.07476425170898,0.0,82.11000061035156,0.0,82.12000274658203,81.62999725341797,82.05999755859375,0.0,1458900,0.0029383555863468818,121852513.70825389
2015-12-29,63.65856170654297,0.0,82.87000274658203,0.0,83.0,82.5999984741211,82.70999908447266,0.0,1154300,0.0027472238171114124,121926687.51411438
2015-12-30,63.21303939819336,0.0,82.29000091552734,0.0,82.80000305175781,82.19999694824219,82.76000213623047,0.0,1233000,0.002672788193900215,122257764.16180928
2015-12-31,62.62154006958008,0.0,81.5199966430664,0.0,82.26000213623047,81.5199966430664,81.95999908447266,0.0,2106200,0.0023639031742075504,123161522.38306318
2016-01-04,61.86101913452149,0.0,80.52999877929688,0.0,80.52999877929688,79.54000091552734,80.36000061035156,0.0,2336200,0.0023639031742075504,123070223.45585899
2016-01-05,62.06075286865234,0.0,80.79000091552734,0.0,80.88999938964844,80.19000244140625,80.66000366210938,0.0,2090400,0.0017246054879941075,123431188.04270427
2016-01-06,61.177371978759766,0.0,79.63999938964844,0.0,80.08999633789062,79.19000244140625,79.58999633789062,0.0,1664200,0.0016642206106322552,123417439.85988072
2016-01-07,59.74856948852539,0.0,77.77999877929688,0.0,79.04000091552734,77.55000305175781,78.20999908447266,0.0,2119200,0.0016642206106322552,122901273.07441348
2016-01-08,59.04183578491211,0.0,76.86000061035156,0.0,78.4000015258789,76.69000244140625,78.4000015258789,0.0,2065700,0.0013774559940391603,123688713.40915741
2016-01-11,59.0034294128418,0.0,76.80999755859375,0.0,77.33999633789062,76.0,77.2699966430664,0.0,2621900,0.0010366400223345053,123955158.0809457
2016-01-12,59.36446380615234,0.0,77.27999877929688,0.0,77.66999816894531,76.31999969482422,77.55000305175781,0.0,2165100,0.0014013644380803675,124572783.53448293
2016-01-13,58.12770462036133,0.0,75.66999816894531,0.0,77.91000366210938,75.44000244140625,77.69999694824219,0.0,1751200,0.0019400216417939694,124771608.51459806
2016-01-14,59.07256317138672,0.0,76.9000015258789,0.0,77.38999938964844,75.4800033569336,76.02999877929688,0.0,2322500,0.0029727750904505906,125869419.44411142
2016-01-15,57.79738235473633,0.0,75.23999786376953,0.0,75.54000091552734,74.33000183105469,75.0,0.0,2630400,0.0035289919171594417,126740117.90326436
2016-01-19,57.80507659912109,0.0,75.25,0.0,76.05000305175781,74.5999984741211,76.05000305175781,0.0,4245300,0.0029932731741421225,128043707.95440674
2016-01-20,56.92167663574219,0.0,74.0999984741211,0.0,74.7699966430664,72.4800033569336,74.05999755859375,0.0,4773300,0.002993273174142122,130155829.72909231
2016-01-21,57.182865142822266,0.0,74.44000244140625,0.0,75.30000305175781,73.73999786376953,74.26000213623047,0.0,4305500,0.002993273174142122,131943888.97846767
2016-01-22,58.19685363769531,0.0,75.76000213623047,0.0,75.8499984741211,75.1500015258789,75.66999816894531,0.0,2505800,0.00323433155443609,132044644.81344071
2016-01-25,57.182865142822266,0.0,74.44000244140625,0.0,75.55000305175781,74.38999938964844,75.45999908447266,0.0,2000100,0.0034014052463288654,132866443.40111263
2016-01-26,58.1661376953125,0.0,75.72000122070312,0.0,75.80999755859375,74.80000305175781,74.80000305175781,0.0,2106200,0.003991122734414458,133557837.51623972
2016-01-27,57.86655426025391,0.0,75.33000183105469,0.0,76.62000274658203,74.9000015258789,75.52999877929688,0.0,2143600,0.004272336834552199,133982398.34703113
2016-01-28,58.11235046386719,0.0,75.6500015258789,0.0,76.05999755859375,74.95999908447266,75.94999694824219,0.0,2075900,0.004787978929932515,134507470.27988738
2016-01-29,59.64101409912109,0.0,77.63999938964844,0.0,77.6500015258789,76.19999694824219,76.2300033569336,0.0,1536800,0.004787978929932515,135029953.3031948
2016-02-01,59.54115295410156,0.0,77.51000213623047,0.0,77.83999633789062,76.80000305175781,77.16000366210938,0.0,1708000,0.00501287421037464,134940803.69092548
2016-02-02,58.365840911865234,0.0,75.9800033569336,0.0,76.62000274658203,75.76000213623047,76.62000274658203,0.0,1469500,0.00526276545408529,133971949.32650611
2016-02-03,58.84211349487305,0.0,76.5999984741211,0.0,76.7699966430664,74.79000091552734,76.44999694824219,0.0,4674200,0.005544484659470382,136273646.46247986
2016-02-04,59.0341682434082,0.0,76.8499984741211,0.0,77.33000183105469,76.29000091552734,76.38999938964844,0.0,1819800,0.005334542133438588,136304958.9636061
2016-02-05,58.38120269775391,0.0,76.0,0.0,76.79000091552734,75.69000244140625,76.70999908447266,0.0,3474300,0.005334542133438588,137732243.55208382
2016-02-08,57.75130844116211,0.0,75.18000030517578,0.0,75.44000244140625,74.29000091552734,75.19999694824219,0.0,4209000,0.005334542133438588,139547669.61902437
2016-02-09,57.68216323852539,0.0,75.08999633789062,0.0,75.62999725341797,74.26000213623047,74.38999938964844,0.0,2751300,0.006010177807829796,140820795.7718622
2016-02-10,57.53621673583984,0.0,74.9000015258789,0.0,76.0199966430664,74.83999633789062,75.47000122070312,0.0,2234500,0.005722301035457262,141598463.5292477
2016-02-11,56.59136962890625,0.0,73.66999816894531,0.0,74.2300033569336,73.01000213623047,73.7300033569336,0.0,2486700,0.00518364383174366,142613431.29799858
2016-02-12,57.85886001586914,0.0,75.31999969482422,0.0,75.33999633789062,74.23999786376953,74.45999908447266,0.0,1977300,0.004150890383087039,141794775.04181635
2016-02-16,58.74992752075195,0.0,76.4800033569336,0.0,76.5,75.69000244140625,76.2300033569336,0.0,1852400,0.0035946735563781875,142438504.74702138
2016-02-17,59.62564468383789,0.0,77.62000274658203,0.0,77.77999877929688,77.0199966430664,77.02999877929688,0.0,2777000,0.0033230850595690627,143700539.8218064
2016-02-18,59.54115295410156,0.0,77.51000213623047,0.0,77.80000305175781,77.31999969482422,77.7300033569336,0.0,1113100,0.003507827044533325,143903443.26131305
2016-02-19,59.418251037597656,0.0,77.3499984741211,0.0,77.41000366210938,76.83000183105469,77.16999816894531,0.0,1149600,0.003507827044533325,143971526.34029692
2016-02-22,60.24786376953125,0.0,78.43000030517578,0.0,78.5,78.02999877929688,78.02999877929688,0.0,1352300,0.003266768664239357,144128625.28885734
2016-02-23,59.47968292236328,0.0,77.43000030517578,0.0,78.12999725341797,77.31999969482422,78.12000274658203,0.0,1172000,0.0031865691626864583,142925494.2219386
2016-02-24,59.66406631469727,0.0,77.66999816894531,0.0,77.75,76.18000030517578,76.69000244140625,0.0,1002000,0.0025774614181245997,140066849.49094984
2016-02-25,60.37078094482422,0.0,78.58999633789062,0.0,78.61000061035156,77.56999969482422,77.86000061035156,0.0,1418100,0.002296247317986858,138733085.63197303
2016-02-26,60.22481155395508,0.0,78.4000015258789,0.0,79.11000061035156,78.36000061035156,79.05000305175781,0.0,1013300,0.0017806052226065426,136403879.54977733
2016-02-29,59.70246505737305,0.0,77.72000122070312,0.0,78.81999969482422,77.72000122070312,78.45999908447266,0.0,1121800,0.0017806052226065426,135315117.09783038
2016-03-01,61.01604843139648,0.0,79.43000030517578,0.0,79.44999694824219,78.12000274658203,78.36000061035156,0.0,1149100,0.002167046581156987,135114796.36617994
2016-03-02,61.51537322998047,0.0,80.08000183105469,0.0,80.08000183105469,79.16999816894531,79.29000091552734,0.0,3086100,0.0019171553374463367,135590691.1640591
2016-03-03,61.83799362182617,0.0,80.5,0.0,80.51000213623047,79.69999694824219,80.05999755859375,0.0,1355900,0.0016354361320612448,135546295.10771132
2016-03-04,62.07610702514648,0.0,80.80999755859375,0.0,81.16000366210938,80.22000122070312,80.55000305175781,0.0,1725100,0.0016354361320612448,135477290.54883322
2016-03-07,62.29890823364258,0.0,81.0999984741211,0.0,81.25,80.2699966430664,80.44000244140625,0.0,1129900,0.002125976555812376,135028390.5046251
2016-03-08,61.57681655883789,0.0,80.16000366210938,0.0,80.75,80.08999633789062,80.63999938964844,0.0,1002900,0.002427124992898641,134744460.79932925
2016-03-09,61.92250442504883,0.0,80.61000061035156,0.0,80.91000366210938,80.31999969482422,80.62999725341797,0.0,1043700,0.002089352122815754,134239554.97895497
2016-03-10,61.92250442504883,0.0,80.61000061035156,0.0,81.19000244140625,79.80000305175781,80.86000061035156,0.0,1668600,0.0021919920605430734,134204892.15451196
2016-03-11,62.90576171875,0.0,81.88999938964844,0.0,81.93000030517578,81.29000091552734,81.30000305175781,0.0,876500,0.0023110035510843885,133377528.95825098
2016-03-14,62.74446105957031,0.0,81.68000030517578,0.0,81.87000274658203,81.37000274658203,81.58999633789062,0.0,1078100,0.002565477437705111,133370430.66416544
2016-03-15,62.5677604675293,0.0,81.44999694824219,0.0,81.45999908447266,80.9800033569336,81.08000183105469,0.0,921100,0.0025997041152383453,133199045.54077028
2016-03-16,62.88272476196289,0.0,81.86000061035156,0.0,82.01000213623047,81.18000030517578,81.25,0.0,1865200,0.0025997041152383453,133708075.86923629
2016-03-17,63.38969802856445,0.0,82.5199966430664,0.0,82.73999786376953,81.62999725341797,81.88999938964844,0.0,1256200,0.002414962130274083,133284513.49767655
2016-03-18,63.67393493652344,0.0,82.88999938964844,0.0,83.08000183105469,82.5999984741211,82.83000183105469,0.0,2005900,0.002414962130274083,133320163.7490772
2016-03-21,63.71725463867188,0.0,82.41000366210938,0.536,82.5,82.05000305175781,82.16000366210938,0.0,2363100,0.0024411678158634954,134098396.9209338
2016-03-22,63.62446594238281,0.0,82.29000091552734,0.0,82.58000183105469,81.91999816894531,82.0999984741211,0.0,1121700,0.0025578977753174257,133571381.81337024
2016-03-23,63.17599487304688,0.0,81.70999908447266,0.0,82.19000244140625,81.6500015258789,82.19000244140625,0.0,1310600,0.002591446949825924,133350559.89696564
2016-03-24,63.13735580444336,0.0,81.66000366210938,0.0,81.66000366210938,81.05000305175781,81.16999816894531,0.0,811900,0.002591446949825924,132837077.95734708
2016-03-28,63.16051483154297,0.0,81.69000244140625,0.0,81.9000015258789,81.41999816894531,81.8499984741211,0.0,913600,0.002591446949825924,132020359.06191629
2016-03-29,63.57034683227539,0.0,82.22000122070312,0.0,82.22000122070312,81.23999786376953,81.48999786376953,0.0,795800,0.0027560071165492013,131267647.23637898
2016-03-30,63.80999374389648,0.0,82.52999877929688,0.0,82.87000274658203,82.38999938964844,82.6500015258789,0.0,781700,0.002144670477556632,130260768.20050195
2016-03-31,63.70177459716797,0.0,82.38999938964844,0.0,82.69000244140625,82.2699966430664,82.52999877929688,0.0,960500,0.0022000007616039844,129232162.99818735
2016-04-01,63.98783874511719,0.0,82.76000213623047,0.0,82.83999633789062,81.6500015258789,81.76000213623047,0.0,904700,0.00230500927809235,128602047.71193853
2016-04-04,63.709503173828125,0.0,82.4000015258789,0.0,82.7300033569336,82.25,82.68000030517578,0.0,782400,0.002440863954804135,127992214.44152953
2016-04-05,63.11415100097656,0.0,81.62999725341797,0.0,82.0199966430664,81.5,81.94000244140625,0.0,1115900,0.001950323531053004,127274253.38181995
2016-04-06,63.66310119628906,0.0,82.33999633789062,0.0,82.36000061035156,81.41000366210938,81.63999938964844,0.0,775900,0.001845804660292167,126558973.54684255
2016-04-07,62.91312789916992,0.0,81.37000274658203,0.0,82.0,81.02999877929688,81.80999755859375,0.0,691100,0.0020500217016956286,126282846.80953859
2016-04-08,63.14507293701172,0.0,81.66999816894531,0.0,82.19000244140625,81.44999694824219,81.91000366210938,0.0,576800,0.0020771495698493347,126089509.81054154
2016-04-11,63.09095001220703,0.0,81.5999984741211,0.0,82.36000061035156,81.58000183105469,81.95999908447266,0.0,862700,0.002201685411746761,125841457.61018178
2016-04-12,63.73268127441406,0.0,82.43000030517578,0.0,82.55999755859375,81.55999755859375,81.69000244140625,0.0,714000,0.00234254833361156,125542423.35516915
2016-04-13,64.45172882080078,0.0,83.36000061035156,0.0,83.38999938964844,82.73999786376953,82.9000015258789,0.0,813900,0.002308321656078326,125553334.43039788
2016-04-14,64.46717834472656,0.0,83.37999725341797,0.0,83.55000305175781,83.13999938964844,83.30999755859375,0.0,744600,0.002308321656078326,125498086.85155596
2016-04-15,64.38988494873047,0.0,83.27999877929688,0.0,83.4800033569336,83.12000274658203,83.41000366210938,0.0,703100,0.002475890629804319,125451510.30920725
2016-04-18,64.86152648925781,0.0,83.88999938964844,0.0,83.93000030517578,82.97000122070312,83.0,0.0,684200,0.002570648178037773,124931309.68083578
2016-04-19,65.371826171875,0.0,84.55000305175781,0.0,84.58999633789062,84.12999725341797,84.12999725341797,0.0,1025900,0.0025444424924483604,124706470.59582907
2016-04-20,65.48006439208984,0.0,84.69000244140625,0.0,85.02999877929688,84.41999816894531,84.56999969482422,0.0,1302800,0.0023408383426545536,125090431.12661573
2016-04-21,65.0316390991211,0.0,84.11000061035156,0.0,84.75,83.9800033569336,84.69000244140625,0.0,706300,0.002307289168146056,125044750.89760432
2016-04-22,65.20943450927734,0.0,84.33999633789062,0.0,84.37000274658203,83.94999694824219,84.08000183105469,0.0,795000,0.0024180934784081747,124985526.0084122
2016-04-25,65.00843048095703,0.0,84.08000183105469,0.0,84.20999908447266,83.66000366210938,84.08000183105469,0.0,860600,0.002578686288835053,124652711.30741665
2016-04-26,65.27129364013672,0.0,84.41999816894531,0.0,84.47000122070312,84.12999725341797,84.23999786376953,0.0,838800,0.0024141261221117755,124508590.43070476
2016-04-27,65.66561889648438,0.0,84.93000030517578,0.0,85.0999984741211,84.3499984741211,84.44999694824219,0.0,617000,0.0024141261221117755,124364895.60126653
2016-04-28,65.03936004638672,0.0,84.12000274658203,0.0,84.88999938964844,83.91999816894531,84.36000061035156,0.0,705500,0.0024813857106847238,124294874.4361938
2016-04-29,64.66822814941406,0.0,83.63999938964844,0.0,83.97000122070312,83.0999984741211,83.80000305175781,0.0,1099600,0.002376377194196358,124172417.2715626
2016-05-02,65.08573150634766,0.0,84.18000030517578,0.0,84.2699966430664,83.62000274658203,83.87000274658203,0.0,800500,0.002240522517484573,124300022.47743152
2016-05-03,64.42855072021484,0.0,83.33000183105469,0.0,83.58000183105469,82.9800033569336,83.58000183105469,0.0,1146400,0.0025205544470809312,124513688.06329152
2016-05-04,63.97235870361328,0.0,82.73999786376953,0.0,83.19999694824219,82.52999877929688,82.88999938964844,0.0,1245200,0.002323924880755503,124240208.73661344
2016-05-05,63.97235870361328,0.0,82.73999786376953,0.0,83.20999908447266,82.5199966430664,82.95999908447266,0.0,608100,0.002177732417612964,124091376.16675846
2016-05-06,64.14247131347656,0.0,82.95999908447266,0.0,83.0,82.29000091552734,82.38999938964844,0.0,2009800,0.0020732727558973167,124872647.33665103
2016-05-09,64.03423309326172,0.0,82.81999969482422,0.0,83.08999633789062,82.55999755859375,82.88999938964844,0.0,820100,0.001954971961444796,124576535.34016079
2016-05-10,64.83059692382812,0.0,83.8499984741211,0.0,83.86000061035156,83.08000183105469,83.08000183105469,0.0,764900,0.0015596351529592743,124648710.9101795
2016-05-11,64.43628692626953,0.0,83.33999633789062,0.0,83.95999908447266,83.29000091552734,83.68000030517578,0.0,867900,0.0017736199024599238,124664857.235633
2016-05-12,64.46717834472656,0.0,83.37999725341797,0.0,83.72000122070312,82.94999694824219,83.62999725341797,0.0,687600,0.0017889866063771631,124615276.3430883
2016-05-13,63.80999374389648,0.0,82.52999877929688,0.0,83.47000122070312,82.37000274658203,83.2300033569336,0.0,1127200,0.00162141763265117,124978902.9077439
2016-05-16,64.41309356689453,0.0,83.30999755859375,0.0,83.51000213623047,82.5199966430664,82.5199966430664,0.0,724000,0.002020767645659426,124367089.06423175
2016-05-17,63.89505386352539,0.0,82.63999938964844,0.0,83.25,82.36000061035156,83.12999725341797,0.0,1322000,0.002372158698564915,124558863.19755675
2016-05-18,63.94915771484375,0.0,82.70999908447266,0.0,83.25,82.19999694824219,82.47000122070312,0.0,2761100,0.0028476872563481907,125459854.27961197
2016-05-19,63.786808013916016,0.0,82.5,0.0,82.6500015258789,81.86000061035156,82.4000015258789,0.0,2590100,0.0028476872563481907,126482801.36316693
2016-05-20,64.11927032470703,0.0,82.93000030517578,0.0,83.19000244140625,82.7300033569336,82.83000183105469,0.0,4359300,0.0027368829460860714,128775135.22081527
2016-05-23,63.94915771484375,0.0,82.70999908447266,0.0,82.9800033569336,82.6500015258789,82.83999633789062,0.0,845500,0.002614415858607548,128797120.24250333
2016-05-24,64.67597961425781,0.0,83.6500015258789,0.0,83.83999633789062,83.08000183105469,83.08000183105469,0.0,1001900,0.002627048928026946,129000082.97116113
2016-05-25,65.255859375,0.0,84.4000015258789,0.0,84.62000274658203,83.95999908447266,83.95999908447266,0.0,646800,0.002627048928026946,128308481.24669999
2016-05-26,65.1707992553711,0.0,84.29000091552734,0.0,84.55999755859375,84.18000030517578,84.41999816894531,0.0,604000,0.0026496663625223326,127750273.79077125
2016-05-27,65.4568862915039,0.0,84.66000366210938,0.0,84.66000366210938,84.36000061035156,84.41999816894531,0.0,497000,0.002755631220601956,127584980.50240411
2016-05-31,65.35633850097656,0.0,84.52999877929688,0.0,84.93000030517578,84.22000122070312,84.80999755859375,0.0,674500,0.0028425082297754514,127742241.73432608
2016-06-01,65.51099395751953,0.0,84.7300033569336,0.0,84.81999969482422,84.04000091552734,84.22000122070312,0.0,743500,0.002797676985126081,127813548.43031262
2016-06-02,65.68880462646484,0.0,84.95999908447266,0.0,84.9800033569336,84.3499984741211,84.4800033569336,0.0,721700,0.002886940599272863,127245083.10324048
2016-06-03,65.48006439208984,0.0,84.69000244140625,0.0,84.87000274658203,84.18000030517578,84.66999816894531,0.0,854300,0.002810859844801932,127111349.93477473
2016-06-06,65.92851257324219,0.0,85.2699966430664,0.0,85.45999908447266,84.86000061035156,84.86000061035156,0.0,934700,0.0027087040572632264,126790611.78478664
2016-06-07,66.11405944824219,0.0,85.51000213623047,0.0,85.75,85.37999725341797,85.37999725341797,0.0,601300,0.002583457519277006,126337758.71535407
2016-06-08,66.31507110595703,0.0,85.7699966430664,0.0,85.86000061035156,85.55000305175781,85.56999969482422,0.0,504300,0.0026436204316129955,124964147.82449631
2016-06-09,66.17591094970703,0.0,85.58999633789062,0.0,85.68000030517578,85.20999908447266,85.38999938964844,0.0,695800,0.0024338374290540925,124692016.50194441
2016-06-10,65.626953125,0.0,84.87999725341797,0.0,85.22000122070312,84.62000274658203,85.0,0.0,717800,0.0025203754564727386,123885433.39303032
2016-06-13,65.10894775390625,0.0,84.20999908447266,0.0,84.95999908447266,84.1500015258789,84.58999633789062,0.0,1019100,0.0025203754564727386,123700325.42879619
2016-06-14,64.86319732666016,0.0,83.41000366210938,0.484,83.75,82.97000122070312,83.51000213623047,0.0,710000,0.0020262678952310286,122885593.2028271
2016-06-15,64.77764892578125,0.0,83.30000305175781,0.0,83.87999725341797,83.20999908447266,83.58000183105469,0.0,857100,0.0018457386708818015,121624710.44097173
2016-06-16,65.05760955810547,0.0,83.66000366210938,0.0,83.70999908447266,82.4800033569336,82.97000122070312,0.0,905800,0.0013707048109940106,120307787.876002
2016-06-17,65.04983520507812,0.0,83.6500015258789,0.0,83.79000091552734,83.22000122070312,83.69999694824219,0.0,1124400,0.0014362258194622565,118489442.46052334
2016-06-20,65.3919906616211,0.0,84.08999633789062,0.0,84.75,84.02999877929688,84.56999969482422,0.0,787100,0.0014362258194622565,117930275.53995526
2016-06-21,65.62532043457031,0.0,84.38999938964844,0.0,84.61000061035156,84.02999877929688,84.30000305175781,0.0,722600,0.0016911254377047346,117025243.8566541
2016-06-22,65.54756164550781,0.0,84.29000091552734,0.0,84.83999633789062,84.23999786376953,84.45999908447266,0.0,2173500,0.0017135473462750752,116972166.98387389
2016-06-23,66.48072052001953,0.0,85.48999786376953,0.0,85.48999786376953,84.87999725341797,85.05000305175781,0.0,683000,0.001992800167106035,116227277.8543442
2016-06-24,64.02333068847656,0.0,82.33000183105469,0.0,83.9000015258789,82.19000244140625,82.69000244140625,0.0,1932000,0.0019962398004597566,116609465.42924549
2016-06-27,62.8180046081543,0.0,80.77999877929688,0.0,81.69999694824219,80.43000030517578,81.69999694824219,0.0,1649700,0.0018902749423801326,117090371.79940845
2016-06-28,63.88336944580078,0.0,82.1500015258789,0.0,82.1500015258789,81.30999755859375,81.73999786376953,0.0,1770800,0.002178482602997775,117294188.8058496
2016-06-29,65.02650451660156,0.0,83.62000274658203,0.0,83.70999908447266,82.7699966430664,82.83000183105469,0.0,980700,0.0019432819180507867,117185849.85762097
2016-06-30,66.09188079833984,0.0,84.98999786376953,0.0,85.0,83.62999725341797,83.87999725341797,0.0,903100,0.0018540183039040046,116989745.85716005
2016-07-01,66.11519622802734,0.0,85.0199966430664,0.0,85.2300033569336,84.87999725341797,84.87999725341797,0.0,2305200,0.0015342116758056915,117182529.02646141
2016-07-05,65.50862884521484,0.0,84.23999786376953,0.0,84.5999984741211,84.0,84.5999984741211,0.0,814400,0.0015342116758056915,116233885.1463984
2016-07-06,65.92855834960938,0.0,84.77999877929688,0.0,84.81999969482422,83.5999984741211,83.94999694824219,0.0,988700,0.0017338539290564427,115558794.407345
2016-07-07,65.76525115966797,0.0,84.56999969482422,0.0,85.2300033569336,84.22000122070312,84.87999725341797,0.0,738000,0.0016736910167204533,115002252.92155553
2016-07-08,66.7373046875,0.0,85.81999969482422,0.0,85.91999816894531,85.12999725341797,85.19999694824219,0.0,701300,0.0018714630475165132,114171730.63880073
2016-07-11,66.96283721923828,0.0,86.11000061035156,0.0,86.3499984741211,85.95999908447266,86.04000091552734,0.0,863100,0.0017695583161806278,113501507.13297527
2016-07-12,67.50718688964844,0.0,86.80999755859375,0.0,86.9800033569336,86.4800033569336,86.4800033569336,0.0,763100,0.0017695583161806278,112428940.28010292
2016-07-13,67.65496063232422,0.0,87.0,0.0,87.05000305175781,86.63999938964844,86.94999694824219,0.0,1171900,0.0018760231561169283,111910181.34869772
2016-07-14,68.02041625976562,0.0,87.47000122070312,0.0,87.7300033569336,87.30000305175781,87.58999633789062,0.0,1363700,0.0017051613275606663,111805177.69688198
2016-07-15,67.9815673828125,0.0,87.41999816894531,0.0,87.79000091552734,87.12999725341797,87.69000244140625,0.0,1056500,0.0018807365745276358,111120725.11372036
2016-07-18,68.07489776611328,0.0,87.54000091552734,0.0,87.5999984741211,87.29000091552734,87.43000030517578,0.0,700800,0.0019107222818301195,110036889.73483737
2016-07-19,68.00486755371094,0.0,87.44999694824219,0.0,87.47000122070312,87.16000366210938,87.4000015258789,0.0,788100,0.0020051857896367384,108048481.14432077
2016-07-20,68.23816680908203,0.0,87.75,0.0,87.9000015258789,87.4800033569336,87.73999786376953,0.0,631300,0.0017121604484459062,105680981.55926901
2016-07-21,67.99708557128906,0.0,87.44000244140625,0.0,87.87000274658203,87.30000305175781,87.72000122070312,0.0,569100,0.0018257177904417107,103532256.7567129
2016-07-22,68.33927917480469,0.0,87.87999725341797,0.0,87.91000366210938,87.43000030517578,87.4800033569336,0.0,557000,0.0017325581885035413,102414080.13065884
2016-07-25,68.1059799194336,0.0,87.58000183105469,0.0,87.76000213623047,87.29000091552734,87.76000213623047,0.0,675600,0.0018204873994566602,101702029.3398176
2016-07-26,68.1681900024414,0.0,87.66000366210938,0.0,87.79000091552734,87.30000305175781,87.54000091552734,0.0,636900,0.0020673205361672066,100879403.8617331
2016-07-27,67.91932678222656,0.0,87.33999633789062,0.0,87.69999694824219,87.05000305175781,87.66000366210938,0.0,689800,0.0017942001778750295,100075989.08037458
2016-07-28,67.8804931640625,0.0,87.29000091552734,0.0,87.43000030517578,86.88999938964844,87.16999816894531,0.0,571700,0.0018427604765873479,99225686.34510343
2016-07-29,67.95045471191406,0.0,87.37999725341797,0.0,87.5199966430664,86.95999908447266,87.04000091552734,0.0,808300,0.002047595793330149,98839274.44603935
2016-08-01,67.67827606201172,0.0,87.02999877929688,0.0,87.44999694824219,86.86000061035156,87.41999816894531,0.0,656200,0.0022599707869267686,98241830.01389882
2016-08-02,67.30500793457031,0.0,86.55000305175781,0.0,87.02999877929688,86.19000244140625,86.94000244140625,0.0,1261800,0.0022599707869267686,98222434.60848369
2016-08-03,67.55384826660156,0.0,86.87000274658203,0.0,86.88999938964844,86.4000015258789,86.52999877929688,0.0,760300,0.0022448166999140293,95905002.46737647
2016-08-04,67.59272766113281,0.0,86.91999816894531,0.0,87.08999633789062,86.80999755859375,86.87999725341797,0.0,821400,0.0022448166999140293,95361704.52509683
2016-08-05,68.28483581542969,0.0,87.80999755859375,0.0,87.80999755859375,87.33999633789062,87.33999633789062,0.0,503500,0.002042842922176222,93616986.53915042
2016-08-08,68.3237075805664,0.0,87.86000061035156,0.0,88.04000091552734,87.76000213623047,87.9000015258789,0.0,631100,0.002042842922176222,91545683.56375921
2016-08-09,68.3237075805664,0.0,87.86000061035156,0.0,88.06999969482422,87.68000030517578,87.93000030517578,0.0,736800,0.00216655105428849,90419811.67110261
2016-08-10,68.09819793701172,0.0,87.56999969482422,0.0,87.94999694824219,87.41000366210938,87.88999938964844,0.0,811200,0.002068415251299886,89655309.53096662
2016-08-11,68.4481430053711,0.0,88.0199966430664,0.0,88.12000274658203,87.72000122070312,87.79000091552734,0.0,589900,0.0022223729411124825,88613466.7656732
2016-08-12,68.37037658691406,0.0,87.91999816894531,0.0,88.0,87.72000122070312,87.83000183105469,0.0,1146700,0.002167582518595316,88231622.53157601
2016-08-15,68.57257080078125,0.0,88.18000030517578,0.0,88.31999969482422,88.0999984741211,88.0999984741211,0.0,809100,0.002072075802824586,87673486.6587866
2016-08-16,68.26148223876953,0.0,87.77999877929688,0.0,88.0199966430664,87.7699966430664,87.97000122070312,0.0,626100,0.0019776122950179668,86398949.43345691
2016-08-17,68.4014663696289,0.0,87.95999908447266,0.0,88.04000091552734,87.43000030517578,87.72000122070312,0.0,587800,0.0020451246622263295,86124556.60872686
2016-08-18,68.61144256591797,0.0,88.2300033569336,0.0,88.29000091552734,87.93000030517578,87.94999694824219,0.0,819600,0.001896512342240786,85992745.12067522
2016-08-19,68.49478149414062,0.0,88.08000183105469,0.0,88.1500015258789,87.72000122070312,88.05999755859375,0.0,517200,0.0018074146277537873,85512539.4661858
2016-08-22,68.44036865234375,0.0,88.01000213623047,0.0,88.0999984741211,87.66000366210938,87.97000122070312,0.0,661100,0.0017427748925790132,85254090.6729683
2016-08-23,68.54923248291016,0.0,88.1500015258789,0.0,88.44000244140625,88.12999725341797,88.23999786376953,0.0,613300,0.001495941755868467,85065495.8933694
2016-08-24,68.33927917480469,0.0,87.87999725341797,0.0,88.16999816894531,87.69999694824219,88.12000274658203,0.0,517700,0.0013939774443695065,84542059.39155458
2016-08-25,68.30039978027344,0.0,87.83000183105469,0.0,88.01000213623047,87.69999694824219,87.7300033569336,0.0,577300,0.0014733354633660433,84313976.36386326
2016-08-26,68.12152099609375,0.0,87.5999984741211,0.0,88.41000366210938,87.25,87.91999816894531,0.0,797600,0.0013244177576236971,84176543.51793925
2016-08-29,68.58812713623047,0.0,88.19999694824219,0.0,88.30000305175781,87.66999816894531,87.69999694824219,0.0,579100,0.0013315953979294672,83857524.50906663
2016-08-30,68.55701446533203,0.0,88.16000366210938,0.0,88.33000183105469,87.91999816894531,88.20999908447266,0.0,1001300,0.0014570244394998713,82596728.62030514
2016-08-31,68.40927124023438,0.0,87.97000122070312,0.0,88.11000061035156,87.51000213623047,88.04000091552734,0.0,619100,0.0012725362732618592,82162699.078684
2016-09-01,68.3237075805664,0.0,87.86000061035156,0.0,88.08999633789062,87.30000305175781,87.97000122070312,0.0,851500,0.0015225484613410622,81650059.90194896
2016-09-02,68.68921661376953,0.0,88.33000183105469,0.0,88.44999694824219,88.0199966430664,88.19000244140625,0.0,637500,0.0015225484613410622,81369706.63124569
2016-09-06,68.78253936767578,0.0,88.44999694824219,0.0,88.4800033569336,88.0,88.44000244140625,0.0,1676100,0.0017475175794160174,81908266.72816807
2016-09-07,68.80587768554688,0.0,88.4800033569336,0.0,88.55000305175781,88.20999908447266,88.37000274658203,0.0,798500,0.001675965067894907,81801271.68883066
2016-09-08,68.83695983886719,0.0,88.5199966430664,0.0,88.5999984741211,88.25,88.37000274658203,0.0,825800,0.001801403436659288,81313922.21430218
2016-09-09,67.25833892822266,0.0,86.48999786376953,0.0,87.9800033569336,86.47000122070312,87.9000015258789,0.0,1338800,0.0016474457468466908,81663257.33077034
2016-09-12,68.13706970214844,0.0,87.62000274658203,0.0,87.79000091552734,85.97000122070312,86.0999984741211,0.0,1183800,0.002016921732428123,81787585.5126941
2016-09-13,67.0007095336914,0.0,85.61000061035156,0.558,86.37000274658203,85.33999633789062,86.33000183105469,0.0,1837000,0.0023919664259107265,82440299.63120355
2016-09-14,66.75027465820312,0.0,85.29000091552734,0.0,86.04000091552734,85.06999969482422,85.58999633789062,0.0,1278400,0.0025538373386198828,82093866.80606055
2016-09-15,67.38418579101562,0.0,86.0999984741211,0.0,86.27999877929688,85.08999633789062,85.22000122070312,0.0,1405200,0.0029456488442003038,82231375.52092417
2016-09-16,67.0789794921875,0.0,85.70999908447266,0.0,85.8499984741211,85.41999816894531,85.8499984741211,0.0,746600,0.0030512581082874487,81419645.64426361
2016-09-19,67.19636535644531,0.0,85.86000061035156,0.0,86.4000015258789,85.69999694824219,86.06999969482422,0.0,1555800,0.002954262603881657,80934232.22597516
2016-09-20,67.11026763916016,0.0,85.75,0.0,86.31999969482422,85.73999786376953,86.25,0.0,1026200,0.003075723305766421,80900041.40036447
2016-09-21,67.86943817138672,0.0,86.72000122070312,0.0,86.79000091552734,85.8499984741211,86.0199966430664,0.0,1084000,0.003292940726874617,80796195.02356394
2016-09-22,68.21378326416016,0.0,87.16000366210938,0.0,87.36000061035156,86.95999908447266,87.0999984741211,0.0,1309000,0.003292940726874617,81175502.06975785
2016-09-23,67.87725067138672,0.0,86.7300033569336,0.0,87.06999969482422,86.66999816894531,86.97000122070312,0.0,928300,0.0031650224091657624,81222164.5767878
2016-09-26,67.2746353149414,0.0,85.95999908447266,0.0,86.51000213623047,85.91000366210938,86.38999938964844,0.0,861200,0.0031091047981653074,81290403.26123314
2016-09-27,67.66593933105469,0.0,86.45999908447266,0.0,86.55999755859375,85.75,85.86000061035156,0.0,1305900,0.003166672355934036,81674485.9021747
2016-09-28,68.19029998779297,0.0,87.12999725341797,0.0,87.19000244140625,86.13999938964844,86.62999725341797,0.0,822500,0.0030412433143636322,81615190.88889833
2016-09-29,67.54073333740234,0.0,86.30000305175781,0.0,87.2699966430664,86.01000213623047,87.05000305175781,0.0,1177200,0.00357062217141908,81827249.53699264
2016-09-30,68.08854675292969,0.0,87.0,0.0,87.30999755859375,86.58999633789062,86.68000030517578,0.0,1058400,0.003586892319802446,82046384.76561289
2016-10-03,67.89288330078125,0.0,86.75,0.0,86.8499984741211,86.48999786376953,86.80000305175781,0.0,1374400,0.0037052090303610562,82269704.49628678
2016-10-04,67.53289794921875,0.0,86.29000091552734,0.0,86.87999725341797,86.0199966430664,86.83000183105469,0.0,1708100,0.0035807129471260636,82932437.41220142
2016-10-05,67.95552825927734,0.0,86.83000183105469,0.0,87.05999755859375,86.54000091552734,86.54000091552734,0.0,1018300,0.0037305673652265814,83187867.42780776
2016-10-06,68.01810455322266,0.0,86.91000366210938,0.0,86.94999694824219,86.41999816894531,86.73999786376953,0.0,942600,0.0037394163246549073,83464169.92390345
2016-10-07,67.7833480834961,0.0,86.61000061035156,0.0,87.04000091552734,86.20999908447266,86.91999816894531,0.0,992400,0.00395482907246751,83587625.84392002
2016-10-10,68.11985778808594,0.0,87.04000091552734,0.0,87.30000305175781,86.61000061035156,86.61000061035156,0.0,923400,0.0034640735645407915,83758401.37270972
2016-10-11,67.31375885009766,0.0,86.01000213623047,0.0,86.87000274658203,85.66999816894531,86.87000274658203,0.0,787800,0.0030890288710581876,83757702.76307605
2016-10-12,67.36071014404297,0.0,86.06999969482422,0.0,86.27999877929688,85.7699966430664,86.08000183105469,0.0,1176100,0.003073302367225819,84068354.99074422
2016-10-13,67.13375854492188,0.0,85.77999877929688,0.0,85.9800033569336,85.01000213623047,85.48999786376953,0.0,908800,0.002613978494437035,84222344.63954502
2016-10-14,67.15719604492188,0.0,85.80999755859375,0.0,86.4800033569336,85.80999755859375,86.22000122070312,0.0,1732400,0.0025083692303498896,84946627.9902443
2016-10-17,66.98504638671875,0.0,85.58999633789062,0.0,86.01000213623047,85.5,85.81999969482422,0.0,852700,0.0025083692303498896,84837443.40093099
2016-10-18,67.36071014404297,0.0,86.06999969482422,0.0,86.31999969482422,85.87000274658203,86.31999969482422,0.0,738600,0.002412094867567983,84466309.80247013
2016-10-19,67.5250473022461,0.0,86.27999877929688,0.0,86.4800033569336,85.98999786376953,86.13999938964844,0.0,817400,0.0022723596589729975,84554550.8943043
2016-10-20,67.38418579101562,0.0,86.0999984741211,0.0,86.37000274658203,85.80000305175781,86.08000183105469,0.0,1149100,0.0023726827812921075,84807623.99873279
2016-10-21,67.25897979736328,0.0,85.94000244140625,0.0,86.05000305175781,85.58999633789062,85.69000244140625,0.0,752400,0.002376184617472437,84746528.8262019
2016-10-24,67.48593139648438,0.0,86.2300033569336,0.0,86.47000122070312,86.05000305175781,86.33999633789062,0.0,761200,0.002376184617472437,84705471.55708434
2016-10-25,67.44679260253906,0.0,86.18000030517578,0.0,86.5,86.08999633789062,86.22000122070312,0.0,819900,0.0022906503839276783,84850369.74805196
2016-10-26,67.58767700195312,0.0,86.36000061035156,0.0,86.56999969482422,85.87999725341797,85.91999816894531,0.0,916500,0.0024480778005840794,85007530.68949382
2016-10-27,67.51721954345703,0.0,86.2699966430664,0.0,86.72000122070312,86.12999725341797,86.72000122070312,0.0,1177800,0.002013469963371938,85084024.80629815
2016-10-28,67.2824478149414,0.0,85.97000122070312,0.0,86.52999877929688,85.61000061035156,86.19000244140625,0.0,1341700,0.001747187626909369,85464658.61894517
2016-10-31,67.34503936767578,0.0,86.05000305175781,0.0,86.3499984741211,86.0,86.12000274658203,0.0,1144200,0.001718934842984648,85487903.85222057
2016-11-01,66.94593048095703,0.0,85.54000091552734,0.0,86.2699966430664,84.9800033569336,86.16999816894531,0.0,1239300,0.0016184618081446858,85511569.54900348
2016-11-02,66.54678344726562,0.0,85.02999877929688,0.0,85.44999694824219,84.80999755859375,85.3499984741211,0.0,1422500,0.0015161799198812023,86072212.2518812
2016-11-03,66.35111999511719,0.0,84.77999877929688,0.0,85.33000183105469,84.66000366210938,85.13999938964844,0.0,942800,0.001567298544713017,85383304.13036649
2016-11-04,66.24938201904297,0.0,84.6500015258789,0.0,85.19000244140625,84.58000183105469,84.83000183105469,0.0,2857800,0.001573819023023984,86764193.75426278
2016-11-07,67.68943786621094,0.0,86.48999786376953,0.0,86.5199966430664,85.76000213623047,85.76000213623047,0.0,818200,0.001779433178379503,86816806.86870152
2016-11-08,67.9163818359375,0.0,86.77999877929688,0.0,87.06999969482422,86.11000061035156,86.26000213623047,0.0,851900,0.001779433178379503,86829482.25075252
2016-11-09,69.07466125488281,0.0,88.26000213623047,0.0,88.66000366210938,86.25,86.25,0.0,2074800,0.001696300582964113,87827813.72948904
2016-11-10,69.77901458740234,0.0,89.16000366210938,0.0,89.5,88.37000274658203,88.83000183105469,0.0,1774400,0.001696300582964113,88345097.03007653
2016-11-11,69.64596557617188,0.0,88.98999786376953,0.0,89.08999633789062,88.44999694824219,88.93000030517578,0.0,2913800,0.0019256687805502108,89924324.1534339
2016-11-14,70.1312026977539,0.0,89.61000061035156,0.0,89.7699966430664,89.22000122070312,89.26000213623047,0.0,2454300,0.0019256687805502104,90802734.83045669
2016-11-15,70.63993072509766,0.0,90.26000213623048,0.0,90.2699966430664,89.44999694824219,89.66999816894531,0.0,3323500,0.0017285460251996003,91371056.56559657
2016-11-16,70.25642395019531,0.0,89.7699966430664,0.0,90.08000183105467,89.56999969482422,89.98999786376953,0.0,1014800,0.001846150809081826,90398162.45919485
2016-11-17,70.53036499023438,0.0,90.12000274658205,0.0,90.1999969482422,89.7699966430664,89.79000091552734,0.0,1126300,0.001795569650859577,88334554.5922355
2016-11-18,70.4286117553711,0.0,89.98999786376953,0.0,90.25,89.86000061035156,90.1999969482422,0.0,762600,0.0019268074021955809,88324197.9902116
2016-11-21,70.88253021240234,0.0,90.56999969482422,0.0,90.58000183105467,90.18000030517578,90.2699966430664,0.0,1403800,0.0019652014193138846,88668112.50642444
2016-11-22,71.08602142333984,0.0,90.83000183105467,0.0,90.91000366210938,90.43000030517578,90.73999786376952,0.0,1111200,0.0017736154611875253,89035893.27664451
2016-11-23,71.172119140625,0.0,90.94000244140624,0.0,90.98999786376952,90.54000091552734,90.66000366210938,0.0,1648200,0.0017464957641592518,89821418.2883187
2016-11-25,71.53992462158203,0.0,91.41000366210938,0.0,91.41000366210938,91.05999755859376,91.16000366210938,0.0,744900,0.0016517247443159453,90027888.8431428
2016-11-28,71.17993927001953,0.0,90.9499969482422,0.0,91.3000030517578,90.87000274658205,91.22000122070312,0.0,1146400,0.0018163126641171806,90402885.60762557
2016-11-29,71.22688293457031,0.0,91.01000213623048,0.0,91.1999969482422,90.75,90.97000122070312,0.0,947800,0.001822250181242497,90587508.80229889
2016-11-30,71.3833999633789,0.0,91.20999908447266,0.0,91.63999938964844,91.20999908447266,91.52999877929688,0.0,1316200,0.001822250181242497,91053659.35353476
2016-12-01,71.5790786743164,0.0,91.45999908447266,0.0,91.75,91.3000030517578,91.48999786376952,0.0,1185900,0.0019501847335737191,91340260.49503145
2016-12-02,71.49297332763672,0.0,91.3499984741211,0.0,91.62000274658205,91.20999908447266,91.51000213623048,0.0,983700,0.0018472347668290472,91420888.49214827
2016-12-05,71.8843002319336,0.0,91.8499984741211,0.0,92.01000213623048,91.5199966430664,91.7699966430664,0.0,1054200,0.001637086467848347,91781294.08029829
2016-12-06,72.18168640136719,0.0,92.2300033569336,0.0,92.25,91.6500015258789,91.98999786376952,0.0,1226300,0.001490242469803325,92335642.04704042
2016-12-07,73.14433288574219,0.0,93.45999908447266,0.0,93.5199966430664,92.0999984741211,92.20999908447266,0.0,1721600,0.001490242469803325,93139985.02300808
2016-12-08,73.28518676757812,0.0,93.63999938964844,0.0,94.0,93.3000030517578,93.48999786376952,0.0,1244900,0.0014272306563419279,93581616.55643402
2016-12-09,73.71564483642578,0.0,94.19000244140624,0.0,94.22000122070312,93.62000274658205,93.69000244140624,0.0,1298800,0.0014296888847070016,93871422.62868729
2016-12-12,73.75477600097656,0.0,94.23999786376952,0.0,94.62000274658205,94.08000183105467,94.1999969482422,0.0,1690300,0.0012003206871209037,94665650.92860025
2016-12-13,74.13825225830078,0.0,94.7300033569336,0.0,94.93000030517578,94.29000091552734,94.52999877929688,0.0,1339100,0.0012481629964169164,95105781.99907333
2016-12-14,73.44174194335938,0.0,93.83999633789062,0.0,94.91000366210938,93.61000061035156,94.54000091552734,0.0,3478500,0.0014122047174000328,97095013.7129163
2016-12-15,73.80957794189453,0.0,94.30999755859376,0.0,94.70999908447266,93.87999725341795,93.97000122070312,0.0,2057300,0.0015275275427444016,97888409.71499246
2016-12-16,73.72347259521484,0.0,94.1999969482422,0.0,94.7699966430664,94.06999969482422,94.56999969482422,0.0,1232800,0.0017279971987910348,98284778.92229594
2016-12-19,73.91914367675781,0.0,94.4499969482422,0.0,94.51000213623048,94.12000274658205,94.2699966430664,0.0,3004200,0.0017230487226095228,100052766.75779554
2016-12-20,74.1617431640625,0.0,94.76000213623048,0.0,94.88999938964844,94.56999969482422,94.66000366210938,0.0,1142000,0.0016846547054912189,99457620.76930091
2016-12-21,74.0130386352539,0.0,94.56999969482422,0.0,94.80999755859376,94.5500030517578,94.77999877929688,0.0,2937100,0.001776861686703732,101198667.41662404
2016-12-22,73.96967315673828,0.0,93.81999969482422,0.695,93.94000244140624,93.62999725341795,93.8000030517578,0.0,1232400,0.0016465539670756043,100853923.00461058
2016-12-23,74.0248794555664,0.0,93.88999938964844,0.0,93.88999938964844,93.6999969482422,93.79000091552734,0.0,810800,0.0017155207659448452,100400456.7150782
2016-12-27,74.1195068359375,0.0,94.01000213623048,0.0,94.1500015258789,93.93000030517578,93.9800033569336,0.0,1518800,0.00155093284614361,100379116.78287567
2016-12-28,73.5045166015625,0.0,93.2300033569336,0.0,94.19000244140624,93.19000244140624,94.18000030517578,0.0,1183100,0.0014855162122307962,100603674.56285991
2016-12-29,73.47299194335938,0.0,93.19000244140624,0.0,93.4499969482422,92.97000122070312,93.3499984741211,0.0,1171100,0.0014855162122307962,100860661.4262596
2016-12-30,73.33106994628906,0.0,93.01000213623048,0.0,93.3499984741211,92.66000366210938,93.3499984741211,0.0,1410500,0.0013232103878805085,100346395.64651005
2017-01-03,73.81985473632812,0.0,93.62999725341795,0.0,93.87000274658205,93.08999633789062,93.62999725341795,0.0,1952000,0.001232425364652962,101252432.95110066
2017-01-04,74.22198486328125,0.0,94.13999938964844,0.0,94.20999908447266,93.80999755859376,93.86000061035156,0.0,1733400,0.0012206404375100927,101882276.52371119
2017-01-05,73.94605255126953,0.0,93.79000091552734,0.0,94.0199966430664,93.44000244140624,94.0199966430664,0.0,1528500,0.0012318581547030773,102524699.98898582
2017-01-06,74.01698303222656,0.0,93.87999725341795,0.0,94.13999938964844,93.51000213623048,93.8000030517578,0.0,1409700,0.00143315591757232,103097375.11868553
2017-01-09,73.61489868164062,0.0,93.37000274658205,0.0,93.7699966430664,93.31999969482422,93.75,0.0,1149200,0.0015159807907451641,103359115.32209487
2017-01-10,73.60701751708984,0.0,93.36000061035156,0.0,93.83999633789062,93.16000366210938,93.37999725341795,0.0,1189200,0.0016881901929957966,103714504.23946683
2017-01-11,73.87506866455078,0.0,93.6999969482422,0.0,93.6999969482422,93.11000061035156,93.37999725341795,0.0,1417000,0.0019082732167085147,103959088.33213079
2017-01-12,73.65430450439453,0.0,93.41999816894533,0.0,93.66999816894533,92.77999877929688,93.55999755859376,0.0,1212700,0.002089899610556979,103911529.53145467
2017-01-13,73.7568130493164,0.0,93.5500030517578,0.0,93.8499984741211,93.36000061035156,93.5199966430664,0.0,1284700,0.0019258578895738625,104132358.58586024
2017-01-17,73.36258697509766,0.0,93.0500030517578,0.0,93.33000183105467,92.83999633789062,93.29000091552734,0.0,2078100,0.0016154480678340574,105180129.84538609
2017-01-18,73.4887466430664,0.0,93.20999908447266,0.0,93.20999908447266,92.8499984741211,93.1999969482422,0.0,1083300,0.0015184572383788546,105434534.99945989
2017-01-19,73.17337036132812,0.0,92.80999755859376,0.0,93.3499984741211,92.58000183105467,93.23999786376952,0.0,1395100,0.0014924044966989768,106022492.55972968
2017-01-20,73.51237487792969,0.0,93.23999786376952,0.0,93.4800033569336,92.9800033569336,93.0999984741211,0.0,1046800,0.001684339587538338,106402187.19762166
2017-01-23,73.26010131835938,0.0,92.91999816894533,0.0,93.26000213623048,92.58000183105467,93.08000183105467,0.0,7898300,0.0015921326063258248,111838384.5235552
2017-01-24,73.79622650146484,0.0,93.5999984741211,0.0,93.8000030517578,92.87000274658205,92.97000122070312,0.0,2207400,0.0015921326063258248,113008571.72510056
2017-01-25,74.34815216064453,0.0,94.3000030517578,0.0,94.3499984741211,93.91000366210938,94.05999755859376,0.0,1664100,0.001523165807456584,113810904.88975161
2017-01-26,74.31658935546875,0.0,94.26000213623048,0.0,94.41000366210938,94.08000183105467,94.29000091552734,0.0,1653700,0.0015871751792155974,114569878.19180565
2017-01-27,74.1983413696289,0.0,94.11000061035156,0.0,94.31999969482422,94.02999877929688,94.31999969482422,0.0,1190700,0.0016326147467733798,115063156.63786389
2017-01-30,73.73313903808594,0.0,93.5199966430664,0.0,93.79000091552734,93.06999969482422,93.7300033569336,0.0,1802200,0.0016326147467733798,115840239.86143687
2017-01-31,73.69374084472656,0.0,93.47000122070312,0.0,93.48999786376952,92.98999786376952,93.37999725341795,0.0,1896000,0.001705324657969896,116793494.12425813
2017-02-01,73.48088073730469,0.0,93.1999969482422,0.0,93.83000183105467,93.0,93.6999969482422,0.0,1456000,0.0018725418675890862,117003735.40763855
2017-02-02,73.5045166015625,0.0,93.2300033569336,0.0,93.29000091552734,92.8499984741211,93.04000091552734,0.0,1234500,0.0018725418675890862,117392982.8366537
2017-02-03,74.17466735839844,0.0,94.08000183105467,0.0,94.1500015258789,93.5500030517578,93.81999969482422,0.0,1345400,0.0018025539930856046,117830912.58242774
2017-02-06,74.00909423828125,0.0,93.87000274658205,0.0,94.11000061035156,93.70999908447266,93.9000015258789,0.0,1202400,0.0017568482736918373,118375809.07077487
2017-02-07,73.86719512939453,0.0,93.69000244140624,0.0,94.12000274658205,93.58999633789062,94.05999755859376,0.0,1044000,0.0018461880267562837,118712030.62762912
2017-02-08,73.86719512939453,0.0,93.69000244140624,0.0,93.72000122070312,93.33999633789062,93.58000183105467,0.0,1923700,0.0016715203961405775,119628667.20895313
2017-02-09,74.34024810791016,0.0,94.29000091552734,0.0,94.47000122070312,93.69000244140624,93.69000244140624,0.0,1654100,0.0014514373724278597,120302701.38960339
2017-02-10,74.6319580078125,0.0,94.66000366210938,0.0,94.80999755859376,94.41999816894533,94.51000213623048,0.0,1362900,0.0012219686692833825,120914519.8258839
2017-02-13,75.13654327392578,0.0,95.3000030517578,0.0,95.44000244140624,94.86000061035156,94.91999816894533,0.0,1076000,0.0012219686692833825,120928209.83686295
2017-02-14,75.49134063720703,0.0,95.75,0.0,95.75,95.08999633789062,95.20999908447266,0.0,1372500,0.0012219686692833825,121404959.3349033
2017-02-15,75.83035278320312,0.0,96.18000030517578,0.0,96.30999755859376,95.5999984741211,95.66999816894533,0.0,2014200,0.0010687478785950909,122506282.34584747
2017-02-16,75.84613037109375,0.0,96.1999969482422,0.0,96.31999969482422,95.81999969482422,96.20999908447266,0.0,1583700,0.0011512932224272499,123305084.3117608
2017-02-17,75.83035278320312,0.0,96.18000030517578,0.0,96.19000244140624,95.66000366210938,95.80999755859376,0.0,1303800,0.001058194035869484,123726403.15022545
2017-02-21,76.29551696777344,0.0,96.7699966430664,0.0,96.87999725341795,96.3000030517578,96.3000030517578,0.0,1667800,0.001058194035869484,124645752.54271977
2017-02-22,76.2403335571289,0.0,96.6999969482422,0.0,96.79000091552734,96.45999908447266,96.5199966430664,0.0,2519200,0.0011672329069965083,126117365.39906698
2017-02-23,76.40589904785156,0.0,96.91000366210938,0.0,97.0,96.51000213623048,96.95999908447266,0.0,1022700,0.001230696307250164,126474884.96104649
2017-02-24,76.41378784179688,0.0,96.91999816894533,0.0,96.94000244140624,96.45999908447266,96.45999908447266,0.0,1116700,0.0013488119213352497,126972782.47991289
2017-02-27,76.4926528930664,0.0,97.0199966430664,0.0,97.12999725341795,96.7699966430664,96.87999725341795,0.0,2818100,0.001272787543931075,128740304.64247446
2017-02-28,76.3349380493164,0.0,96.81999969482422,0.0,96.97000122070312,96.58999633789062,96.79000091552734,0.0,2719800,0.0013144497070359331,130275711.59792703
2017-03-01,77.45451354980469,0.0,98.23999786376952,0.0,98.5,97.61000061035156,97.62999725341795,0.0,1503900,0.001176382917430291,131042906.15788415
2017-03-02,76.8868408203125,0.0,97.5199966430664,0.0,98.23999786376952,97.4800033569336,98.16000366210938,0.0,1285700,0.0011946189427084115,131337404.95167081
2017-03-03,76.9104995727539,0.0,97.5500030517578,0.0,97.66000366210938,97.3499984741211,97.5199966430664,0.0,1591600,0.0011946189427084115,132137391.91279335
2017-03-06,76.65032958984375,0.0,97.22000122070312,0.0,97.37999725341795,96.9499969482422,97.16000366210938,0.0,1788300,0.0011946189427084115,132923469.19583517
2017-03-07,76.38227081298828,0.0,96.87999725341795,0.0,97.19000244140624,96.8000030517578,97.12000274658205,0.0,1388100,0.0010769913844607443,133543856.08488415
2017-03-08,76.19302368164062,0.0,96.63999938964844,0.0,97.16000366210938,96.55999755859376,97.0500030517578,0.0,1489800,0.0010112717833164844,133509913.47540598
2017-03-09,76.25611114501953,0.0,96.72000122070312,0.0,96.91999816894533,96.31999969482422,96.70999908447266,0.0,1208400,0.0010219114063563393,133876779.87853761
2017-03-10,76.50052642822266,0.0,97.02999877929688,0.0,97.27999877929688,96.61000061035156,97.23999786376952,0.0,1360500,0.0010219114063563393,134344315.59370738
2017-03-13,76.43744659423828,0.0,96.9499969482422,0.0,97.0999984741211,96.8000030517578,97.0,0.0,1725700,0.0011017126921172016,134753155.2809579
2017-03-14,76.14571380615234,0.0,96.58000183105467,0.0,96.7300033569336,96.25,96.7300033569336,0.0,1060500,0.0011017126921172016,134742826.1753264
2017-03-15,76.79222106933594,0.0,97.4000015258789,0.0,97.58999633789062,96.66999816894533,96.86000061035156,0.0,1283700,0.0011017126921172016,134487007.2137197
2017-03-16,76.68184661865234,0.0,97.26000213623048,0.0,97.56999969482422,97.08000183105467,97.52999877929688,0.0,2285600,0.0012531953920847396,135385917.71937174
2017-03-17,76.4847412109375,0.0,97.01000213623048,0.0,97.4000015258789,97.01000213623048,97.4000015258789,0.0,799700,0.001149213445612581,135041403.28169322
2017-03-20,76.25611114501953,0.0,96.72000122070312,0.0,97.01000213623048,96.62000274658205,96.98999786376952,0.0,857800,0.0010503775413309856,135192001.1525714
2017-03-21,75.17594909667969,0.0,95.3499984741211,0.0,97.02999877929688,95.29000091552734,97.02999877929688,0.0,1499400,0.0011038475081176526,135266499.5554485
2017-03-22,75.26270294189453,0.0,95.45999908447266,0.0,95.66000366210938,95.02999877929688,95.3000030517578,0.0,1255500,0.0009948086369906282,135519304.14950052
2017-03-23,75.23905181884766,0.0,95.43000030517578,0.0,96.02999877929688,95.20999908447266,95.31999969482422,0.0,1688200,0.0009745629237662325,136051847.3653097
2017-03-24,75.08679962158203,0.0,94.68000030517578,0.558,95.25,94.31999969482422,95.0199966430664,0.0,1545900,0.0007924379379221335,136307985.20402455
2017-03-27,74.91229248046875,0.0,94.45999908447266,0.0,94.5999984741211,93.66999816894533,93.88999938964844,0.0,1586800,0.0007924379379221335,136858601.58839756
2017-03-28,75.53883361816406,0.0,95.25,0.0,95.45999908447266,94.26000213623048,94.33000183105467,0.0,1578600,0.0007507757748172753,137464418.24544877
2017-03-29,75.50709533691406,0.0,95.20999908447266,0.0,95.36000061035156,94.91999816894533,95.16000366210938,0.0,2012500,0.0008496230198559295,138089037.37523517
2017-03-30,75.87983703613281,0.0,95.68000030517578,0.0,95.77999877929688,95.08000183105467,95.23999786376952,0.0,1010400,0.0006641697849586187,138287534.59402418
2017-03-31,75.63396453857422,0.0,95.37000274658205,0.0,95.70999908447266,95.3499984741211,95.58000183105467,0.0,1315900,0.0007741854931781172,138477256.9989583
2017-04-03,75.47537231445312,0.0,95.16999816894533,0.0,95.44000244140624,94.5199966430664,95.43000030517578,0.0,1715800,0.0007741854931781172,139042430.67243665
2017-04-04,75.57848358154297,0.0,95.3000030517578,0.0,95.31999969482422,94.8499984741211,95.02999877929688,0.0,1031700,0.0008796626111464548,138876492.68155172
2017-04-05,75.2691879272461,0.0,94.91000366210938,0.0,96.16999816894533,94.87999725341795,95.6999969482422,0.0,1863800,0.0008408118670353689,139110630.09632656
2017-04-06,75.50709533691406,0.0,95.20999908447266,0.0,95.51000213623048,94.73999786376952,95.02999877929688,0.0,1140400,0.0009223430471680622,139270618.12879774
2017-04-07,75.41194152832031,0.0,95.08999633789062,0.0,95.45999908447266,94.9000015258789,95.12999725341795,0.0,1122200,0.00115318146989233,139467353.24338883
2017-04-10,75.41986083984375,0.0,95.0999984741211,0.0,95.51000213623048,94.87000274658205,95.1500015258789,0.0,1008900,0.0013402509927903376,139546675.6549351
2017-04-11,75.41986083984375,0.0,95.0999984741211,0.0,95.0999984741211,94.36000061035156,94.9499969482422,0.0,1498900,0.0013402509927903376,140040109.39197844
2017-04-12,75.10262298583984,0.0,94.6999969482422,0.0,95.02999877929688,94.5,95.01000213623048,0.0,1833100,0.001556719425892485,140880076.73104906
2017-04-13,74.47611999511719,0.0,93.91000366210938,0.0,94.7699966430664,93.9000015258789,94.48999786376952,0.0,1158900,0.001405236725924947,140940436.8628184
2017-04-17,75.07884979248047,0.0,94.66999816894533,0.0,94.68000030517578,93.91999816894533,94.08000183105467,0.0,1857800,0.0016881914693826871,141717588.13033935
2017-04-18,74.75370025634766,0.0,94.26000213623048,0.0,94.51000213623048,93.91999816894533,94.3000030517578,0.0,1196100,0.0019465705048284717,141432565.501646
2017-04-19,74.49198150634766,0.0,93.93000030517578,0.0,94.61000061035156,93.80999755859376,94.5,0.0,1093800,0.0021416909522531673,141668740.45764983
2017-04-20,75.1264419555664,0.0,94.7300033569336,0.0,94.94000244140624,94.05999755859376,94.26000213623048,0.0,1175400,0.0023841610703249335,142047901.91932556
2017-04-21,74.83300018310547,0.0,94.36000061035156,0.0,94.7300033569336,94.1999969482422,94.66000366210938,0.0,918100,0.0025292028900181724,142175732.43962848
2017-04-24,75.7291488647461,0.0,95.48999786376952,0.0,95.5999984741211,95.25,95.38999938964844,0.0,785400,0.0026633666532943365,141985735.1068951
2017-04-25,76.12566375732422,0.0,95.98999786376952,0.0,96.18000030517578,95.79000091552734,95.87999725341795,0.0,1359700,0.0026633666532943365,142508404.48989868
2017-04-26,76.062255859375,0.0,95.91000366210938,0.0,96.41000366210938,95.81999969482422,95.91000366210938,0.0,1100200,0.0027731858116660985,142824927.5650872
2017-04-27,75.91158294677734,0.0,95.72000122070312,0.0,96.0,95.44000244140624,95.97000122070312,0.0,1465900,0.0026743385666274442,143377760.64079526
2017-04-28,75.61018371582031,0.0,95.33999633789062,0.0,95.81999969482422,95.27999877929688,95.8000030517578,0.0,984500,0.002747490528573344,143494532.75059897
2017-05-01,75.61810302734375,0.0,95.3499984741211,0.0,95.62000274658205,95.1999969482422,95.55999755859376,0.0,1056200,0.0027186118867353606,143487388.83267963
2017-05-02,75.5705337524414,0.0,95.29000091552734,0.0,95.5,95.0999984741211,95.47000122070312,0.0,1457000,0.0027945813459969806,143673829.9493154
2017-05-03,75.61018371582031,0.0,95.33999633789062,0.0,95.43000030517578,95.01000213623048,95.13999938964844,0.0,1106400,0.0027651698326415673,143729589.93706477
2017-05-04,75.61018371582031,0.0,95.33999633789062,0.0,95.5999984741211,94.9800033569336,95.55999755859376,0.0,891200,0.002861038155485573,143562584.23549107
2017-05-05,75.92739868164062,0.0,95.73999786376952,0.0,95.73999786376952,95.33999633789062,95.48999786376952,0.0,973000,0.0027688673523130246,143341948.0819823
2017-05-08,75.8560562133789,0.0,95.6500015258789,0.0,95.80999755859376,95.51000213623048,95.75,0.0,1207700,0.002575861036835596,143624376.05018616
2017-05-09,75.61810302734375,0.0,95.3499984741211,0.0,95.7699966430664,95.1999969482422,95.72000122070312,0.0,2470200,0.002351967657739871,143573747.4142347
2017-05-10,75.80845642089844,0.0,95.58999633789062,0.0,95.62999725341795,95.29000091552734,95.31999969482422,0.0,846700,0.002470479192551764,143654461.17333913
2017-05-11,75.61810302734375,0.0,95.3499984741211,0.0,95.5,94.87000274658205,95.41000366210938,0.0,1511200,0.0023119317044922876,144211326.54424396
2017-05-12,75.3167724609375,0.0,94.97000122070312,0.0,95.12000274658205,94.83000183105467,95.12000274658205,0.0,789500,0.0023924815851955714,143353048.4770336
2017-05-15,75.75294494628906,0.0,95.5199966430664,0.0,95.55999755859376,95.1999969482422,95.1999969482422,0.0,868800,0.0020272250747228873,142756082.30707684
2017-05-16,75.64985656738281,0.0,95.38999938964844,0.0,95.63999938964844,95.23999786376952,95.61000061035156,0.0,921200,0.0018930516281964083,141395560.17741248
2017-05-17,74.32544708251953,0.0,93.72000122070312,0.0,94.79000091552734,93.6999969482422,94.61000061035156,0.0,2419900,0.0016444612139850459,141450030.06992036
2017-05-18,74.44438934326172,0.0,93.87000274658205,0.0,94.33999633789062,93.38999938964844,93.54000091552734,0.0,1536300,0.001461039798082367,140213786.95976016
2017-05-19,75.03126525878906,0.0,94.61000061035156,0.0,94.91000366210938,94.0199966430664,94.12000274658205,0.0,1748500,0.0012727802913598684,140803683.73336187
2017-05-22,75.34849548339844,0.0,95.01000213623048,0.0,95.08000183105467,94.72000122070312,94.8499984741211,0.0,1451200,0.001151256798824492,141092384.97150967
2017-05-23,75.61810302734375,0.0,95.3499984741211,0.0,95.4499969482422,95.01000213623048,95.16000366210938,0.0,3712800,0.001151256798824492,143357377.84423828
2017-05-24,75.68949890136719,0.0,95.44000244140624,0.0,95.5,95.18000030517578,95.4800033569336,0.0,814300,0.0011098456424945649,142965112.99040052
2017-05-25,75.88776397705078,0.0,95.69000244140624,0.0,95.88999938964844,95.52999877929688,95.6500015258789,0.0,1419100,0.0011098456424945649,143241806.5176222
2017-05-26,75.90362548828125,0.0,95.70999908447266,0.0,95.77999877929688,95.54000091552734,95.62999725341795,0.0,829400,0.0011284272865384136,142682239.54315186
2017-05-30,75.76087951660156,0.0,95.52999877929688,0.0,95.66000366210938,95.37999725341795,95.5,0.0,960300,0.0010709855052310918,142869907.36934116
2017-05-31,75.65776824951172,0.0,95.4000015258789,0.0,95.62000274658205,95.11000061035156,95.62000274658205,0.0,1729200,0.001035148549239303,143351658.21169898
2017-06-01,76.34773254394531,0.0,96.2699966430664,0.0,96.2699966430664,95.5,95.66000366210938,0.0,2407500,0.0009211184593985712,144506505.32990107
2017-06-02,76.36359405517578,0.0,96.29000091552734,0.0,96.44000244140624,96.0500030517578,96.2300033569336,0.0,1310500,0.0007576558555726202,144555215.21406627
2017-06-05,76.34773254394531,0.0,96.2699966430664,0.0,96.4800033569336,96.22000122070312,96.33000183105467,0.0,692900,0.0008061358788634023,144223810.98993695
2017-06-06,76.19706726074219,0.0,96.08000183105467,0.0,96.3000030517578,95.86000061035156,95.97000122070312,0.0,786300,0.0007683037716165631,144110213.46565732
2017-06-07,76.3001708984375,0.0,96.20999908447266,0.0,96.30999755859376,95.91999816894533,96.23999786376952,0.0,806200,0.000898573111939434,143957326.42494687
2017-06-08,76.37947082519531,0.0,96.30999755859376,0.0,96.66000366210938,96.12999725341795,96.19000244140624,0.0,3279500,0.0007800615771275414,145566429.47158813
2017-06-09,76.9901123046875,0.0,97.08000183105467,0.0,97.11000061035156,96.43000030517578,96.48999786376952,0.0,1994100,0.0007249013411883069,145825846.11625066
2017-06-12,77.14079284667969,0.0,97.2699966430664,0.0,97.5,96.95999908447266,97.12999725341795,0.0,1531600,0.0006443514604850228,146083038.90687245
2017-06-13,77.39457702636719,0.0,97.58999633789062,0.0,97.62000274658205,97.2699966430664,97.38999938964844,0.0,2060000,0.0006443514604850228,146707653.32977054
2017-06-14,77.30734252929688,0.0,97.4800033569336,0.0,97.62000274658205,97.16000366210938,97.62000274658205,0.0,1167800,0.000666275443401173,146346885.70700145
2017-06-15,77.19630432128906,0.0,97.33999633789062,0.0,97.37999725341795,96.9800033569336,97.01000213623048,0.0,1138600,0.0007526242514788137,146219729.93188283
2017-06-16,77.30734252929688,0.0,97.4800033569336,0.0,97.4800033569336,97.01000213623048,97.3499984741211,0.0,711900,0.0008391360513172999,144179837.7662356
2017-06-19,77.7197265625,0.0,98.0,0.0,98.06999969482422,97.72000122070312,97.73999786376952,0.0,967500,0.0008391360513172999,143392465.0838761
2017-06-20,77.22012329101562,0.0,97.37000274658205,0.0,97.83000183105467,97.37000274658205,97.77999877929688,0.0,944800,0.0008856747160101832,143200920.8168696
2017-06-21,76.91081237792969,0.0,96.9800033569336,0.0,97.4800033569336,96.83999633789062,97.44000244140624,0.0,810900,0.0008856747160101832,141573098.6255222
2017-06-22,76.84736633300781,0.0,96.9000015258789,0.0,97.22000122070312,96.87999725341795,97.0500030517578,0.0,637000,0.0009227315439428434,141204125.43927148
2017-06-23,76.8609390258789,0.0,96.36000061035156,0.557,96.58000183105467,96.20999908447266,96.45999908447266,0.0,1540800,0.0009227315439428434,140178013.87448385
2017-06-26,77.07628631591797,0.0,96.62999725341795,0.0,96.94000244140624,96.5,96.68000030517578,0.0,732500,0.0008309979379530951,139822122.6472158
2017-06-27,76.66150665283203,0.0,96.11000061035156,0.0,96.81999969482422,96.11000061035156,96.58000183105467,0.0,1102800,0.0008137927519581256,140059139.29140607
2017-06-28,77.25978088378906,0.0,96.86000061035156,0.0,97.0199966430664,96.62999725341795,96.62999725341795,0.0,4784600,0.00089926179446502,142604012.05073765
2017-06-29,76.83698272705078,0.0,96.33000183105467,0.0,97.2699966430664,95.88999938964844,97.22000122070312,0.0,1817000,0.0009664804953859148,143117751.70435223
2017-06-30,77.02046966552734,0.0,96.55999755859376,0.0,96.87999725341795,96.38999938964844,96.77999877929688,0.0,1522400,0.0010719905278510065,143418292.40613058
2017-07-03,77.52297973632812,0.0,97.19000244140624,0.0,97.5999984741211,96.93000030517578,96.93000030517578,0.0,705700,0.0010235105045602244,142921438.25303334
2017-07-05,77.5149917602539,0.0,97.18000030517578,0.0,97.37000274658205,96.81999969482422,97.3499984741211,0.0,1104100,0.001131486558252528,142322475.42524186
2017-07-06,76.79711151123047,0.0,96.27999877929688,0.0,96.9800033569336,96.20999908447266,96.93000030517578,0.0,1075300,0.0009582397883665118,141849043.74068123
2017-07-07,77.16403198242188,0.0,96.73999786376952,0.0,96.8000030517578,96.31999969482422,96.5199966430664,0.0,869300,0.0011301390299011719,141378710.91324943
2017-07-10,77.11614990234375,0.0,96.68000030517578,0.0,96.83999633789062,96.54000091552734,96.63999938964844,0.0,857400,0.0011848038414185844,140986256.94605508
2017-07-11,76.9406967163086,0.0,96.45999908447266,0.0,96.6999969482422,96.02999877929688,96.66000366210938,0.0,637100,0.0011848038414185844,140622398.67828006
2017-07-12,77.38736724853516,0.0,97.0199966430664,0.0,97.1500015258789,96.8499984741211,96.8499984741211,0.0,773400,0.0011898269299979284,140336776.08048576
2017-07-13,77.53093719482422,0.0,97.1999969482422,0.0,97.2300033569336,96.91999816894533,97.11000061035156,0.0,707300,0.0011076347961139076,139828654.35164315
2017-07-14,77.79415893554688,0.0,97.52999877929688,0.0,97.72000122070312,96.9499969482422,97.11000061035156,0.0,1090800,0.0010588001798014647,139773855.07298425
2017-07-17,77.78619384765625,0.0,97.5199966430664,0.0,97.66999816894533,97.37000274658205,97.45999908447266,0.0,708400,0.0009828981266912162,139368295.36426485
2017-07-18,77.66653442382812,0.0,97.37000274658205,0.0,97.37999725341795,97.0199966430664,97.3499984741211,0.0,752900,0.0009828981266912162,138415459.3620906
2017-07-19,78.00154113769531,0.0,97.79000091552734,0.0,97.79000091552734,97.41000366210938,97.47000122070312,0.0,1094900,0.0009237191912575447,138463839.36204457
2017-07-20,78.06537628173828,0.0,97.87000274658205,0.0,98.01000213623048,97.66000366210938,97.94000244140624,0.0,744000,0.0009237191912575447,138014125.50846887
2017-07-21,77.92179870605469,0.0,97.69000244140624,0.0,97.80999755859376,97.37000274658205,97.58999633789062,0.0,895000,0.0008182543612830501,137933402.6705424
2017-07-24,77.8021240234375,0.0,97.54000091552734,0.0,97.66999816894533,97.38999938964844,97.66999816894533,0.0,727400,0.0009191842116266646,132671819.93346441
2017-07-25,78.16905975341797,0.0,98.0,0.0,98.1999969482422,97.83999633789062,98.05999755859376,0.0,990300,0.0009191842116266646,131802270.43638684
2017-07-26,78.00951385498047,0.0,97.8000030517578,0.0,98.20999908447266,97.69000244140624,98.20999908447266,0.0,1957900,0.0010511017788005464,132076540.20540752
2017-07-27,78.13716125488281,0.0,97.95999908447266,0.0,98.02999877929688,97.5500030517578,97.9499969482422,0.0,1099000,0.0009843222642612187,131693843.9630357
2017-07-28,78.06537628173828,0.0,97.87000274658205,0.0,97.9499969482422,97.62000274658205,97.8000030517578,0.0,693600,0.0010436065938576656,131343255.52000621
2017-07-31,78.2089614868164,0.0,98.0500030517578,0.0,98.26000213623048,97.95999908447266,98.08999633789062,0.0,874500,0.000938096561392574,130686136.39078897
2017-08-01,78.4003677368164,0.0,98.29000091552734,0.0,98.37999725341795,98.06999969482422,98.37000274658205,0.0,843400,0.0009767053113119567,129937554.3626755
2017-08-02,78.39241027832031,0.0,98.27999877929688,0.0,98.29000091552734,97.93000030517578,98.13999938964844,0.0,816700,0.0008995499168350312,129497602.6122502
2017-08-03,78.36048126220703,0.0,98.23999786376952,0.0,98.3499984741211,98.1500015258789,98.26000213623048,0.0,1011300,0.0008995499168350312,129372663.49078587
2017-08-04,78.55191040039062,0.0,98.4800033569336,0.0,98.61000061035156,98.41000366210938,98.5,0.0,815900,0.0007276506753003711,129005795.2390035
2017-08-07,78.56788635253906,0.0,98.5,0.0,98.52999877929688,98.33000183105467,98.51000213623048,0.0,716700,0.0006737061087233303,128670284.59374563
2017-08-08,78.42432403564453,0.0,98.31999969482422,0.0,98.91000366210938,98.16000366210938,98.37000274658205,0.0,1068800,0.0007058795031408158,128727999.30108692
2017-08-09,78.39241027832031,0.0,98.27999877929688,0.0,98.3000030517578,97.93000030517578,98.12999725341795,0.0,800400,0.0007008564145614719,127921902.8989156
2017-08-10,77.49107360839844,0.0,97.1500015258789,0.0,97.9499969482422,97.12999725341795,97.9499969482422,0.0,891500,0.0007100749593262081,127371459.5326136
2017-08-11,77.40332794189453,0.0,97.04000091552734,0.0,97.33000183105467,96.91000366210938,97.1500015258789,0.0,1730800,0.0006725607675610102,127680544.56907
2017-08-14,78.0813217163086,0.0,97.88999938964844,0.0,98.05999755859376,97.52999877929688,97.58999633789062,0.0,829200,0.0006231186208163042,127510922.22153194
2017-08-15,78.07334899902344,0.0,97.87999725341795,0.0,98.0999984741211,97.75,98.0999984741211,0.0,733000,0.0007033453473441036,127037344.14999826
2017-08-16,78.0972671508789,0.0,97.91000366210938,0.0,98.22000122070312,97.77999877929688,98.04000091552734,0.0,1322900,0.0008170625519388734,126527815.47721983
2017-08-17,76.96461486816406,0.0,96.48999786376952,0.0,97.79000091552734,96.4800033569336,97.68000030517578,0.0,1459400,0.0008170625519388734,126436272.36385043
2017-08-18,76.79711151123047,0.0,96.27999877929688,0.0,96.86000061035156,96.11000061035156,96.23999786376952,0.0,1173000,0.0008170625519388734,126337359.30170937
2017-08-21,76.8609390258789,0.0,96.36000061035156,0.0,96.44000244140624,96.0199966430664,96.25,0.0,1178100,0.0007408321762406212,125957428.47883436
2017-08-22,77.53093719482422,0.0,97.1999969482422,0.0,97.3000030517578,96.5999984741211,96.66000366210938,0.0,1037700,0.0007408321762406211,124824553.91154213
2017-08-23,77.33154296875,0.0,96.9499969482422,0.0,97.2300033569336,96.8000030517578,96.83999633789062,0.0,728500,0.0007535419760628962,124598507.97528464
2017-08-24,77.25177764892578,0.0,96.8499984741211,0.0,97.23999786376952,96.79000091552734,97.13999938964844,0.0,990000,0.0009092477567214302,124500499.53507923
2017-08-25,77.49903106689453,0.0,97.16000366210938,0.0,97.4800033569336,97.12000274658205,97.12000274658205,0.0,886700,0.0009398278045471463,123014306.85815357
2017-08-28,77.36343383789062,0.0,96.98999786376952,0.0,97.3499984741211,96.77999877929688,97.33999633789062,0.0,702100,0.0009398278045471463,121464827.82902794
2017-08-29,77.3714370727539,0.0,97.0,0.0,97.08999633789062,96.4000015258789,96.43000030517578,0.0,1067700,0.0009012190546277638,121114222.80690633
2017-08-30,77.53890228271484,0.0,97.20999908447266,0.0,97.3499984741211,96.8499984741211,96.97000122070312,0.0,1951000,0.0008703983954123857,121624343.82698423
2017-08-31,77.8420181274414,0.0,97.58999633789062,0.0,97.76000213623048,97.33999633789062,97.4800033569336,0.0,791100,0.0008703983954123857,121004842.72575983
2017-09-01,78.07334899902344,0.0,97.87999725341795,0.0,98.06999969482422,97.66999816894533,97.76000213623048,0.0,938700,0.0008703983954123857,120354219.11654396
2017-09-05,77.30760192871094,0.0,96.91999816894533,0.0,97.61000061035156,96.62000274658205,97.58999633789062,0.0,2769300,0.0008669174413685775,121417087.58274865
2017-09-06,77.57083129882812,0.0,97.25,0.0,97.4000015258789,97.12999725341795,97.30999755859376,0.0,1214500,0.0008797428546578157,121211816.58202882
2017-09-07,77.32356262207031,0.0,96.94000244140624,0.0,97.37000274658205,96.73999786376952,97.37000274658205,0.0,1128500,0.000911202136312202,121152454.22710842
2017-09-08,77.33951568603516,0.0,96.95999908447266,0.0,97.12999725341795,96.72000122070312,96.80999755859376,0.0,908300,0.0009647802944911519,120803719.73368932
2017-09-11,78.28075408935547,0.0,98.13999938964844,0.0,98.18000030517578,97.5199966430664,97.5199966430664,0.0,712800,0.0009647802944911519,120031081.49425568
2017-09-12,78.64764404296875,0.0,98.5999984741211,0.0,98.62000274658205,98.29000091552734,98.29000091552734,0.0,1058500,0.0009445639923385332,120046518.05332729
2017-09-13,78.79922485351562,0.0,98.79000091552734,0.0,98.79000091552734,98.4000015258789,98.5199966430664,0.0,1633300,0.0008776895497977545,120334782.5496492
2017-09-14,78.8869400024414,0.0,98.9000015258789,0.0,98.9499969482422,98.69000244140624,98.72000122070312,0.0,1467300,0.0007639723452029847,119722231.0524774
2017-09-15,79.07835388183594,0.0,99.13999938964844,0.0,99.16999816894533,98.76000213623048,98.87999725341795,0.0,2704500,0.0007707072783424686,121234494.77978662
2017-09-18,79.42932891845703,0.0,99.58000183105467,0.0,99.58000183105467,99.23999786376952,99.2699966430664,0.0,754200,0.0007707072783424686,121172088.59196012
2017-09-19,79.57291412353516,0.0,99.76000213623048,0.0,99.81999969482422,99.5500030517578,99.61000061035156,0.0,634900,0.0007460078036971064,120540103.17643787
2017-09-20,79.71648406982422,0.0,99.94000244140624,0.0,99.9800033569336,99.58999633789062,99.87000274658205,0.0,1299900,0.0007997346286008419,120619960.16312857
2017-09-21,79.58885955810547,0.0,99.77999877929688,0.0,100.0,99.7300033569336,99.83999633789062,0.0,1012600,0.0007263526813409396,120143232.38732474
2017-09-22,79.64910888671875,0.0,99.18000030517578,0.675,99.25,98.94000244140624,99.02999877929688,0.0,1032900,0.0005118248694450076,119794638.81465366
2017-09-25,79.7614974975586,0.0,99.31999969482422,0.0,99.43000030517578,98.91999816894533,99.13999938964844,0.0,970700,0.0004605768653191163,119370200.6968483
2017-09-26,79.705322265625,0.0,99.25,0.0,99.45999908447266,99.22000122070312,99.41000366210938,0.0,981500,0.0004892537394998538,118949980.26034038
2017-09-27,79.93018341064453,0.0,99.52999877929688,0.0,99.69000244140624,99.11000061035156,99.69000244140624,0.0,1104100,0.0005472392990627905,118301416.35950482
2017-09-28,80.01850128173828,0.0,99.63999938964844,0.0,99.69000244140624,99.33999633789062,99.45999908447266,0.0,1927900,0.0006652971243319288,119058724.95089334
2017-09-29,80.16307067871094,0.0,99.81999969482422,0.0,99.8499984741211,99.45999908447266,99.56999969482422,0.0,1118600,0.000682310403804374,118948893.72108702
2017-10-02,80.66899871826172,0.0,100.4499969482422,0.0,100.4499969482422,99.8000030517578,99.9000015258789,0.0,913100,0.000682310403804374,118380863.63660419
2017-10-03,80.85371398925781,0.0,100.68000030517578,0.0,100.70999908447266,100.4000015258789,100.5199966430664,0.0,977000,0.000682310403804374,118381207.66160147
2017-10-04,80.95006561279297,0.0,100.8000030517578,0.0,100.91999816894533,100.58999633789062,100.61000061035156,0.0,1183100,0.0006373115960976501,117923772.89005461
2017-10-05,81.32750701904297,0.0,101.2699966430664,0.0,101.33999633789062,100.8000030517578,100.87000274658205,0.0,758100,0.0006058523144432638,117671354.64798458
2017-10-06,81.19903564453125,0.0,101.11000061035156,0.0,101.20999908447266,100.87999725341795,101.16000366210938,0.0,1092800,0.0005899434075293458,117701378.57478309
2017-10-09,80.9822006225586,0.0,100.83999633789062,0.0,101.25,100.6999969482422,101.20999908447266,0.0,684000,0.0006990732105717895,117487316.42426385
2017-10-10,81.25524139404297,0.0,101.18000030517578,0.0,101.2699966430664,100.95999908447266,101.11000061035156,0.0,1017400,0.0007962824642424237,117172992.17503865
2017-10-11,81.23919677734375,0.0,101.16000366210938,0.0,101.16000366210938,100.9800033569336,101.11000061035156,0.0,1360100,0.0008408194821813233,116887223.57642764
2017-10-12,81.05445861816406,0.0,100.93000030517578,0.0,101.12000274658205,100.80999755859376,101.04000091552734,0.0,1259100,0.0008986744267932267,117032054.2124612
2017-10-13,81.07054901123047,0.0,100.9499969482422,0.0,101.16999816894533,100.81999969482422,101.0,0.0,680800,0.0010205346552066205,116181648.14360483
2017-10-16,81.20707702636719,0.0,101.12000274658205,0.0,101.25,100.9499969482422,101.11000061035156,0.0,1900100,0.0010575206071989636,116811757.10125272
2017-10-17,81.31147003173828,0.0,101.25,0.0,101.27999877929688,100.83999633789062,101.20999908447266,0.0,923300,0.0011679775459005888,116738292.74146065
2017-10-18,81.520263671875,0.0,101.51000213623048,0.0,101.58999633789062,101.41000366210938,101.5199966430664,0.0,909700,0.0011142507209968536,116587483.24144152
2017-10-19,81.7210464477539,0.0,101.76000213623048,0.0,101.76000213623048,101.19000244140624,101.1999969482422,0.0,678000,0.001069501924446556,116447494.07388596
2017-10-20,82.29925537109375,0.0,102.4800033569336,0.0,102.4800033569336,102.0,102.18000030517578,0.0,939400,0.001069501924446556,116616318.44556294
2017-10-23,82.10652160644531,0.0,102.23999786376952,0.0,102.66000366210938,102.22000122070312,102.5999984741211,0.0,1113700,0.0009636668502293895,116484152.45767018
2017-10-24,82.2430419921875,0.0,102.41000366210938,0.0,102.5500030517578,102.26000213623048,102.45999908447266,0.0,1055600,0.001037575553814255,116504658.91669138
2017-10-25,81.77726745605469,0.0,101.83000183105467,0.0,102.36000061035156,101.33999633789062,102.36000061035156,0.0,1327700,0.0009795899942513183,116464053.70749822
2017-10-26,81.97803497314453,0.0,102.08000183105467,0.0,102.4000015258789,102.08000183105467,102.22000122070312,0.0,1618000,0.0009194711964972974,117029952.25168864
2017-10-27,82.17878723144531,0.0,102.33000183105467,0.0,102.4800033569336,102.0199966430664,102.2300033569336,0.0,1360100,0.001020953287629842,117335272.62551443
2017-10-30,81.6728515625,0.0,101.6999969482422,0.0,102.2300033569336,101.62000274658205,102.2300033569336,0.0,1125100,0.001025629881968428,117141503.85751876
2017-10-31,81.6326904296875,0.0,101.6500015258789,0.0,101.87000274658205,101.61000061035156,101.87000274658205,0.0,1004600,0.001076854021464938,117114784.96533349
2017-11-01,81.8736343383789,0.0,101.9499969482422,0.0,102.33999633789062,101.83000183105467,102.05999755859376,0.0,1053000,0.001103547509184956,117292454.34668405
2017-11-02,82.0583267211914,0.0,102.18000030517578,0.0,102.20999908447266,101.47000122070312,101.9499969482422,0.0,977100,0.001137423589587436,117345510.38142008
2017-11-03,82.0824203491211,0.0,102.20999908447266,0.0,102.25,101.9000015258789,102.12000274658205,0.0,2018300,0.0010721176050493863,118065938.43149458
2017-11-06,82.01014709472656,0.0,102.12000274658205,0.0,102.23999786376952,102.0199966430664,102.19000244140624,0.0,896800,0.0010378897525440967,116923459.48095776
2017-11-07,81.92179870605469,0.0,102.01000213623048,0.0,102.37999725341795,101.77999877929688,102.30999755859376,0.0,787300,0.0009868281833797748,116918510.47129555
2017-11-08,81.92984008789062,0.0,102.0199966430664,0.0,102.0500030517578,101.63999938964844,101.87000274658205,0.0,757800,0.0009289388814538544,116388493.29480368
2017-11-09,81.64875793457031,0.0,101.66999816894533,0.0,101.75,101.0,101.5500030517578,0.0,2808000,0.0009595287433547342,118059211.85745966
2017-11-10,81.56040954589844,0.0,101.55999755859376,0.0,101.62000274658205,101.33999633789062,101.5500030517578,0.0,746800,0.0008909644183798368,118002523.2312157
2017-11-13,81.64073181152344,0.0,101.66000366210938,0.0,101.7300033569336,101.25,101.33000183105467,0.0,652200,0.0009440320148222993,117831327.88955446
2017-11-14,81.4479751586914,0.0,101.41999816894533,0.0,101.41999816894533,100.94000244140624,101.33999633789062,0.0,3562100,0.0009868520943897706,118898590.94132923
2017-11-15,81.11070251464844,0.0,101.0,0.0,101.26000213623048,100.66999816894533,100.9499969482422,0.0,1874500,0.001190282987459832,119256622.80466594
2017-11-16,81.69693756103516,0.0,101.7300033569336,0.0,101.88999938964844,101.36000061035156,101.45999908447266,0.0,1582100,0.001157296265194651,119221078.77485487
2017-11-17,81.52828979492188,0.0,101.5199966430664,0.0,101.66999816894533,101.41000366210938,101.4499969482422,0.0,2921400,0.001228997745449631,120480618.48194183
2017-11-20,81.7129898071289,0.0,101.75,0.0,101.83000183105467,101.44000244140624,101.5999984741211,0.0,811800,0.0012869483669495474,118326532.57452343
2017-11-21,82.03424072265625,0.0,102.1500015258789,0.0,102.27999877929688,102.0,102.0999984741211,0.0,723200,0.001184362789183944,118296041.20242406
2017-11-22,81.94591522216797,0.0,102.04000091552734,0.0,102.23999786376952,102.0,102.1999969482422,0.0,1236100,0.0012893213632851727,118219358.36644854
2017-11-24,82.01815032958984,0.0,102.12999725341795,0.0,102.33999633789062,102.11000061035156,102.3000030517578,0.0,404400,0.0013051413528328312,117917132.1573106
2017-11-27,82.03424072265625,0.0,102.1500015258789,0.0,102.3499984741211,102.0999984741211,102.1999969482422,0.0,2100400,0.0012925701046289317,118891881.40633598
2017-11-28,83.23886108398438,0.0,103.6500015258789,0.0,103.68000030517578,102.33000183105467,102.36000061035156,0.0,899700,0.0012878935102903456,118322740.32486205
2017-11-29,83.84919738769531,0.0,104.41000366210938,0.0,104.61000061035156,103.83000183105467,103.83000183105467,0.0,1606500,0.0012366693707938357,117814523.2928382
2017-11-30,84.50769805908203,0.0,105.2300033569336,0.0,105.80999755859376,104.70999908447266,104.87000274658205,0.0,2230200,0.0012099758830738177,118675601.9220988
2017-12-01,84.45150756835938,0.0,105.16000366210938,0.0,105.47000122070312,103.66000366210938,105.2300033569336,0.0,1439500,0.0011760998026713377,119347604.65700059
2017-12-04,84.7486343383789,0.0,105.52999877929688,0.0,106.43000030517578,105.5,106.06999969482422,0.0,2253100,0.0011305805532281848,120635080.33009484
2017-12-05,84.26679229736328,0.0,104.93000030517578,0.0,105.8000030517578,104.86000061035156,105.11000061035156,0.0,2898400,0.0010556786026910305,122433212.16836959
2017-12-06,84.17843627929688,0.0,104.81999969482422,0.0,105.12000274658205,104.76000213623048,104.95999908447266,0.0,2096400,0.0010095309181847184,121670482.0919158
2017-12-07,84.33904266357422,0.0,105.0199966430664,0.0,105.20999908447266,104.62999725341795,104.6999969482422,0.0,941800,0.001127578993334705,120919058.29181369
2017-12-08,84.90926361083984,0.0,105.7300033569336,0.0,105.75,105.22000122070312,105.4000015258789,0.0,855800,0.001039134186821922,120454812.33954656
2017-12-11,85.14212799072266,0.0,106.0199966430664,0.0,106.0500030517578,105.66000366210938,105.79000091552734,0.0,1094900,0.0009791033502439413,119780573.46548656
2017-12-12,85.45533752441406,0.0,106.41000366210938,0.0,106.5999984741211,106.11000061035156,106.1500015258789,0.0,1375400,0.0008890498018091358,120038662.12514241
2017-12-13,85.302734375,0.0,106.22000122070312,0.0,106.62999725341795,106.18000030517578,106.41999816894533,0.0,1085500,0.0009005851734772025,120074142.2163706
2017-12-14,84.78877258300781,0.0,105.58000183105467,0.0,106.5,105.5500030517578,106.33000183105467,0.0,1005700,0.0006971542804071413,120366092.95805068
2017-12-15,85.47139739990234,0.0,106.43000030517578,0.0,106.69000244140624,105.95999908447266,105.98999786376952,0.0,1086500,0.0009799835249097214,120531340.5400473
2017-12-18,85.95326232910156,0.0,107.02999877929688,0.0,107.37000274658205,106.9499969482422,107.02999877929688,0.0,1604200,0.0009082820446547415,121163898.83724394
2017-12-19,85.70429992675781,0.0,106.72000122070312,0.0,107.44000244140624,106.69000244140624,107.27999877929688,0.0,2000100,0.0009736901586073511,122233816.21596926
2017-12-20,85.73641204833984,0.0,106.76000213623048,0.0,107.2300033569336,106.63999938964844,107.1500015258789,0.0,1042200,0.0011478919918970773,122626990.60687716
2017-12-21,86.00869750976562,0.0,106.4499969482422,0.647,106.7300033569336,106.2300033569336,106.4499969482422,0.0,1128900,0.001042933417795849,122402386.7387378
2017-12-22,86.0006103515625,0.0,106.44000244140624,0.0,106.62000274658205,106.16000366210938,106.62000274658205,0.0,1115400,0.001093294000290738,122782876.46679348
2017-12-26,85.93598937988281,0.0,106.36000061035156,0.0,106.6500015258789,106.26000213623048,106.41000366210938,0.0,863300,0.0011155706553020329,122670419.95769683
2017-12-27,85.96023559570312,0.0,106.38999938964844,0.0,106.52999877929688,106.25,106.48999786376952,0.0,1041600,0.0012064904705797322,119871844.27868071
2017-12-28,86.18643188476562,0.0,106.66999816894533,0.0,106.7300033569336,106.41000366210938,106.5999984741211,0.0,903200,0.0012064904705797322,119247342.12803917
2017-12-29,85.9036636352539,0.0,106.31999969482422,0.0,106.97000122070312,106.1999969482422,106.93000030517578,0.0,872600,0.0012788174079143965,118816960.31415425
2018-01-02,86.1703109741211,0.0,106.6500015258789,0.0,106.75,106.33000183105467,106.66999816894533,0.0,1926000,0.00140022429928683,119902840.61745538
2018-01-03,86.50157165527344,0.0,107.05999755859376,0.0,107.12000274658205,106.58999633789062,106.7300033569336,0.0,1236700,0.00140022429928683,120102083.95589799
2018-01-04,87.00249481201172,0.0,107.68000030517578,0.0,107.9000015258789,107.26000213623048,107.3000030517578,0.0,1502000,0.00140022429928683,120564032.19217573
2018-01-05,87.43074035644531,0.0,108.20999908447266,0.0,108.2699966430664,107.70999908447266,108.04000091552734,0.0,1328400,0.00140022429928683,121037445.5464681
2018-01-08,87.51959991455078,0.0,108.31999969482422,0.0,108.37999725341795,107.91999816894533,108.20999908447266,0.0,1421400,0.0013432243159376758,121601513.92190115
2018-01-09,87.72161102294922,0.0,108.56999969482422,0.0,108.9000015258789,108.41000366210938,108.48999786376952,0.0,1652500,0.0013432243159376758,122537682.64475021
2018-01-10,87.67313385009766,0.0,108.51000213623048,0.0,108.70999908447266,108.12000274658205,108.41000366210938,0.0,1480200,0.0013432243159376758,123216898.83330815
2018-01-11,88.27908325195312,0.0,109.26000213623048,0.0,109.27999877929688,108.63999938964844,108.8000030517578,0.0,2853300,0.0013432243159376758,125145486.1845289
2018-01-12,88.91741180419922,0.0,110.0500030517578,0.0,110.12000274658205,109.5,109.61000061035156,0.0,2119900,0.0011784119260005125,126152702.68294924
2018-01-16,88.63462829589844,0.0,109.6999969482422,0.0,110.86000061035156,109.37999725341795,110.62000274658205,0.0,1998600,0.0013157571064246834,127344474.49468583
2018-01-17,89.41834259033203,0.0,110.66999816894533,0.0,110.87999725341795,109.7699966430664,110.0999984741211,0.0,1822800,0.0014376174326138612,128363676.06289576
2018-01-18,89.26481628417969,0.0,110.4800033569336,0.0,110.83000183105467,110.3000030517578,110.72000122070312,0.0,1584300,0.0015684152298808915,128903066.51778448
2018-01-19,89.5476303100586,0.0,110.83000183105467,0.0,110.83999633789062,110.37000274658205,110.6500015258789,0.0,1368000,0.0016287908784496218,129528464.61668469
2018-01-22,90.2586441040039,0.0,111.70999908447266,0.0,111.7300033569336,110.66999816894533,110.66999816894533,0.0,1177800,0.0014545890451598954,129878777.98761036
2018-01-23,90.22630310058594,0.0,111.66999816894533,0.0,111.8000030517578,111.3499984741211,111.66000366210938,0.0,1445200,0.0014777423918898352,130596515.16767229
2018-01-24,90.40408325195312,0.0,111.88999938964844,0.0,112.41999816894533,111.37000274658205,112.01000213623048,0.0,1654100,0.0014321328847613757,131295148.88188195
2018-01-25,90.5171890258789,0.0,112.02999877929688,0.0,112.3000030517578,111.6999969482422,112.29000091552734,0.0,1876700,0.0014755267671701885,131444070.09405711
2018-01-26,91.510986328125,0.0,113.26000213623048,0.0,113.27999877929688,112.33000183105467,112.41000366210938,0.0,2419000,0.001384606951892489,132764053.47638811
2018-01-29,91.02621459960938,0.0,112.66000366210938,0.0,113.45999908447266,112.63999938964844,113.12999725341795,0.0,2862300,0.0015180333357817737,134784562.16350737
2018-01-30,89.9192886352539,0.0,111.29000091552734,0.0,112.16999816894533,111.20999908447266,111.73999786376952,0.0,2137900,0.0014457063984471095,135992357.12611488
2018-01-31,89.95160675048828,0.0,111.33000183105467,0.0,111.87999725341795,110.77999877929688,111.72000122070312,0.0,3766400,0.0013999448431977503,138662321.66678414
2018-02-01,90.0647201538086,0.0,111.47000122070312,0.0,111.91000366210938,110.94000244140624,111.0,0.0,2320200,0.0017644670588555424,140077936.12574622
2018-02-02,88.02862548828125,0.0,108.9499969482422,0.0,111.13999938964844,108.91999816894533,110.75,0.0,2724200,0.0017644670588555424,141645011.2991333
2018-02-05,84.27156066894531,0.0,104.3000030517578,0.0,108.87000274658205,103.5999984741211,107.98999786376952,0.0,4751100,0.0017644670588555424,144940169.31310382
2018-02-06,85.604736328125,0.0,105.9499969482422,0.0,106.1500015258789,102.01000213623048,102.4499969482422,0.0,5054100,0.00170341896705471,148629748.1192634
2018-02-07,85.39464569091797,0.0,105.69000244140624,0.0,107.4000015258789,105.33000183105467,105.5999984741211,0.0,3149700,0.00170341896705471,150437743.238437
2018-02-08,82.2758560180664,0.0,101.83000183105467,0.0,105.93000030517578,101.77999877929688,105.79000091552734,0.0,2811800,0.00170341896705471,152085856.6362593
2018-02-09,83.5282211303711,0.0,103.37999725341795,0.0,104.1500015258789,100.08999633789062,103.08000183105467,0.0,3424800,0.00170341896705471,154208448.60636392
2018-02-12,84.58668518066406,0.0,104.69000244140624,0.0,105.3499984741211,103.48999786376952,104.12000274658205,0.0,1744400,0.00170341896705471,154324832.78631786
2018-02-13,84.83715057373047,0.0,105.0,0.0,105.1999969482422,103.86000061035156,104.11000061035156,0.0,2613700,0.002065001162913021,155858706.69509646
2018-02-14,85.9036636352539,0.0,106.31999969482422,0.0,106.41999816894533,104.44000244140624,104.51000213623048,0.0,1337900,0.0016603115922212627,156418226.4538659
2018-02-15,86.80049896240234,0.0,107.43000030517578,0.0,107.43000030517578,105.91999816894533,107.01000213623048,0.0,1448000,0.0015295137949542324,156624841.50622535
2018-02-16,86.90554809570312,0.0,107.55999755859376,0.0,108.41999816894533,107.0,107.0999984741211,0.0,1225700,0.0013457794109329759,156553562.0310284
2018-02-20,86.12989807128906,0.0,106.5999984741211,0.0,107.37000274658205,106.25,107.0,0.0,3367800,0.0013457794109329759,158506506.76351276
2018-02-21,85.58047485351562,0.0,105.91999816894533,0.0,107.73999786376952,105.91000366210938,106.72000122070312,0.0,1577700,0.0016792630562729495,158931810.44916424
2018-02-22,85.64509582519531,0.0,106.0,0.0,107.13999938964844,105.7300033569336,106.33000183105467,0.0,1146100,0.0019416048962251678,159095478.41080558
2018-02-23,86.95404815673828,0.0,107.62000274658205,0.0,107.62000274658205,106.27999877929688,106.5199966430664,0.0,1226300,0.0021495413274856393,159582354.09803843
2018-02-26,88.02056121826172,0.0,108.94000244140624,0.0,108.98999786376952,107.8499984741211,108.12000274658205,0.0,1137000,0.0021495413274856393,159804443.65586782
2018-02-27,87.05096435546875,0.0,107.73999786376952,0.0,109.55999755859376,107.7300033569336,109.05999755859376,0.0,1701200,0.002379750250321792,160575360.39490473
2018-02-28,85.96023559570312,0.0,106.38999938964844,0.0,108.47000122070312,106.3499984741211,108.26000213623048,0.0,1194600,0.002379750250321792,161043589.09149775
2018-03-01,84.8128890991211,0.0,104.97000122070312,0.0,107.12999725341795,104.37999725341795,106.41999816894533,0.0,1988100,0.002304104914198717,161877906.22980633
2018-03-02,85.20074462890625,0.0,105.4499969482422,0.0,105.66000366210938,103.9499969482422,104.27999877929688,0.0,1853400,0.002008009944887837,161923813.50067985
2018-03-05,86.18643188476562,0.0,106.66999816894533,0.0,106.9800033569336,104.79000091552734,104.91000366210938,0.0,1501700,0.002008009944887837,162582407.86692908
2018-03-06,86.299560546875,0.0,106.80999755859376,0.0,107.2300033569336,106.1999969482422,107.06999969482422,0.0,1383500,0.002008009944887837,163025992.61455232
2018-03-07,86.1622085571289,0.0,106.63999938964844,0.0,106.77999877929688,105.63999938964844,105.8000030517578,0.0,2502000,0.002008009944887837,163013395.21410504
2018-03-08,86.41268920898438,0.0,106.9499969482422,0.0,107.04000091552734,106.29000091552734,106.9000015258789,0.0,1030800,0.002008009944887837,162950966.10183716
2018-03-09,87.87510681152344,0.0,108.76000213623048,0.0,108.77999877929688,107.43000030517578,107.63999938964844,0.0,1112300,0.002008009944887837,163042846.71787685
2018-03-12,87.59234619140625,0.0,108.41000366210938,0.0,109.08000183105467,108.2300033569336,108.8000030517578,0.0,920200,0.002008009944887837,163135625.43376136
2018-03-13,87.05096435546875,0.0,107.73999786376952,0.0,109.08000183105467,107.51000213623048,108.83000183105467,0.0,1415900,0.0022465306002590257,163791140.2862246
2018-03-14,86.43692016601562,0.0,106.9800033569336,0.0,108.33000183105467,106.76000213623048,108.23999786376952,0.0,1481700,0.0017476032239765438,164220855.94169375
2018-03-15,86.4207534790039,0.0,106.95999908447266,0.0,107.51000213623048,106.75,107.18000030517578,0.0,1139100,0.0019333462024035291,163907240.2786921
2018-03-16,86.63082885742188,0.0,107.22000122070312,0.0,107.73999786376952,107.06999969482422,107.06999969482422,0.0,763400,0.0020831802387678605,163405143.26831877
2018-03-19,85.64509582519531,0.0,106.0,0.0,107.02999877929688,105.36000061035156,107.02999877929688,0.0,1243300,0.002083180238767861,162323124.78935605
2018-03-20,85.604736328125,0.0,105.9499969482422,0.0,106.4499969482422,105.7699966430664,106.16999816894533,0.0,967400,0.0022347464983512202,162540527.88194928
2018-03-21,85.55623626708984,0.0,105.88999938964844,0.0,106.87999725341795,105.73999786376952,105.93000030517578,0.0,1059200,0.002091644131395618,162927996.62795898
2018-03-22,83.42964935302734,0.0,102.66999816894533,0.603,104.7300033569336,102.52999877929688,104.45999908447266,0.0,1736900,0.0017507921990141944,163312246.71245152
2018-03-23,81.6419448852539,0.0,100.47000122070312,0.0,102.98999786376952,100.37000274658205,102.88999938964844,0.0,2068600,0.0013712611079325248,164159826.218493
2018-03-26,83.8928451538086,0.0,103.23999786376952,0.0,103.36000061035156,101.36000061035156,102.08999633789062,0.0,1910600,0.002176902799016919,164912265.24709067
2018-03-27,82.83647155761719,0.0,101.94000244140624,0.0,104.02999877929688,101.37999725341795,103.66000366210938,0.0,2461300,0.002581706613277299,166138416.07491025
2018-03-28,82.83647155761719,0.0,101.94000244140624,0.0,102.88999938964844,101.58000183105467,102.23999786376952,0.0,2319200,0.0029446156614097636,167241633.36587936
2018-03-29,83.84407806396484,0.0,103.18000030517578,0.0,103.6999969482422,102.1999969482422,102.48999786376952,0.0,1367900,0.0030998495618406114,167489640.11798435
2018-04-02,81.9994888305664,0.0,100.91000366210938,0.0,103.08000183105467,99.79000091552734,102.87000274658205,0.0,2128500,0.003031422315493699,167669727.32410735
2018-04-03,83.14522552490234,0.0,102.31999969482422,0.0,102.4800033569336,100.9000015258789,101.44000244140624,0.0,1557300,0.003457448804500972,168048174.0214575
2018-04-04,84.11225128173828,0.0,103.51000213623048,0.0,103.6999969482422,100.5999984741211,100.93000030517578,0.0,1554500,0.003909642201749398,168597264.54611886
2018-04-05,84.68106842041016,0.0,104.20999908447266,0.0,104.55999755859376,103.69000244140624,103.93000030517578,0.0,933900,0.003909642201749398,168588989.60839528
2018-04-06,82.92586517333984,0.0,102.0500030517578,0.0,103.97000122070312,101.26000213623048,103.5,0.0,1646000,0.003909642201749398,168975638.98468623
2018-04-09,83.234619140625,0.0,102.43000030517578,0.0,103.9800033569336,102.30999755859376,102.69000244140624,0.0,945300,0.0044636237764427,169134800.05479237
2018-04-10,84.5347900390625,0.0,104.02999877929688,0.0,104.4000015258789,103.3000030517578,103.77999877929688,0.0,1149900,0.0048506320883140944,169207268.99867588
2018-04-11,83.99034118652344,0.0,103.36000061035156,0.0,103.98999786376952,103.16999816894533,103.4000015258789,0.0,866300,0.004824325323717474,169370492.8957682
2018-04-12,84.77857971191406,0.0,104.33000183105467,0.0,104.75,103.93000030517578,103.94000244140624,0.0,1200000,0.004998567762739591,169547123.60915533
2018-04-13,84.47791290283203,0.0,103.95999908447266,0.0,104.98999786376952,103.5,104.97000122070312,0.0,1284900,0.005056427588368587,169515302.03647918
2018-04-16,85.22550964355469,0.0,104.87999725341795,0.0,105.26000213623048,104.33000183105467,104.66999816894533,0.0,1138100,0.005214108000026797,169454055.69909716
2018-04-17,85.76182556152344,0.0,105.54000091552734,0.0,105.81999969482422,105.30999755859376,105.66999816894533,0.0,1145100,0.0052147135639236146,169867762.81914485
2018-04-18,85.73745727539062,0.0,105.51000213623048,0.0,105.9499969482422,105.5,105.80999755859376,0.0,1053200,0.005108989020319082,169224786.7638361
2018-04-19,85.59115600585938,0.0,105.33000183105467,0.0,105.68000030517578,104.8499984741211,105.36000061035156,0.0,1172900,0.00489545439520477,169463337.82849994
2018-04-20,85.10360717773438,0.0,104.7300033569336,0.0,105.58000183105467,104.30999755859376,105.4800033569336,0.0,1002900,0.005063893247636906,169564052.68106613
2018-04-23,85.20927429199219,0.0,104.86000061035156,0.0,105.13999938964844,104.38999938964844,104.98999786376952,0.0,768500,0.005300354699866203,169656049.7367859
2018-04-24,84.49415588378906,0.0,103.9800033569336,0.0,105.6500015258789,103.30999755859376,105.44000244140624,0.0,2061900,0.00462945962199806,170593562.86193
2018-04-25,84.58354187011719,0.0,104.08999633789062,0.0,104.29000091552734,103.02999877929688,103.86000061035156,0.0,1478900,0.0039059057164683893,170911610.56005085
2018-04-26,84.99798583984375,0.0,104.5999984741211,0.0,104.98999786376952,104.0,104.2699966430664,0.0,1343700,0.0035429966683359244,171169126.57659015
2018-04-27,85.119873046875,0.0,104.75,0.0,104.9499969482422,104.36000061035156,104.72000122070312,0.0,674100,0.0035749161055794467,170656525.63666087
2018-04-30,84.19351959228516,0.0,103.61000061035156,0.0,105.2300033569336,103.58000183105467,105.0500030517578,0.0,913100,0.003692656436625899,170096532.37153918
2018-05-01,84.03911590576172,0.0,103.41999816894533,0.0,103.47000122070312,102.41000366210938,103.36000061035156,0.0,1053900,0.003266629947618627,169856971.2650299
2018-05-02,83.19400787353516,0.0,102.37999725341795,0.0,103.36000061035156,102.2300033569336,103.18000030517578,0.0,1014000,0.003247539999616969,169772770.07970053
2018-05-03,82.8770980834961,0.0,101.98999786376952,0.0,102.30999755859376,100.66999816894533,102.05999755859376,0.0,1187200,0.003247539999616969,169923285.428359
2018-05-04,83.77094268798828,0.0,103.08999633789062,0.0,103.41999816894533,101.36000061035156,101.56999969482422,0.0,912200,0.003247539999616969,169817613.58608064
2018-05-07,83.93347930908203,0.0,103.29000091552734,0.0,103.73999786376952,103.04000091552734,103.43000030517578,0.0,819100,0.002693558424923667,169696698.99442762
2018-05-08,83.90909576416016,0.0,103.26000213623048,0.0,103.45999908447266,102.61000061035156,103.22000122070312,0.0,896500,0.0023065501130522725,168794176.3814351
2018-05-09,84.62419128417969,0.0,104.13999938964844,0.0,104.33000183105467,103.3000030517578,103.5999984741211,0.0,1215000,0.0020943362222777045,169071548.45123896
2018-05-10,85.42051696777344,0.0,105.12000274658205,0.0,105.27999877929688,104.37999725341795,104.5,0.0,759000,0.0019200937832555872,169067370.7322136
2018-05-11,85.68866729736328,0.0,105.4499969482422,0.0,105.62000274658205,105.0199966430664,105.23999786376952,0.0,716100,0.0016764909791996067,169053100.80648756
2018-05-14,85.84310150146484,0.0,105.63999938964844,0.0,106.01000213623048,105.4499969482422,105.76000213623048,0.0,833600,0.0013689765311770655,167486213.09722415
2018-05-15,85.44490051269531,0.0,105.1500015258789,0.0,105.33999633789062,104.80999755859376,105.29000091552734,0.0,2052100,0.0013683709672802481,168596794.93813288
2018-05-16,85.78620147705078,0.0,105.56999969482422,0.0,105.76000213623048,105.12000274658205,105.22000122070312,0.0,994700,0.0013225292513014218,168903999.89295837
2018-05-17,85.75370788574219,0.0,105.52999877929688,0.0,105.95999908447266,105.20999908447266,105.47000122070312,0.0,816500,0.00148963561375711,166720643.29395598
2018-05-18,85.42051696777344,0.0,105.12000274658205,0.0,105.5,105.06999969482422,105.44000244140624,0.0,641500,0.0013264802446344042,165753262.19682845
2018-05-21,86.12747192382812,0.0,105.98999786376952,0.0,106.1999969482422,105.72000122070312,105.72000122070312,0.0,867300,0.0012212176967438587,165205469.2352113
2018-05-22,86.02184295654297,0.0,105.86000061035156,0.0,106.41000366210938,105.75,106.18000030517578,0.0,816400,0.0012301998501908107,163537561.19001478
2018-05-23,85.9893569946289,0.0,105.81999969482422,0.0,105.83999633789062,105.08999633789062,105.36000061035156,0.0,2847900,0.0011853146347346646,165273784.42121235
2018-05-24,85.74556732177734,0.0,105.5199966430664,0.0,105.73999786376952,104.73999786376952,105.5999984741211,0.0,1368600,0.0014483304841910179,165833623.9950392
2018-05-25,85.45305633544922,0.0,105.16000366210938,0.0,105.37000274658205,104.88999938964844,105.2300033569336,0.0,1326100,0.0013863795903239122,165939346.5007903
2018-05-29,84.24227142333984,0.0,103.66999816894533,0.0,104.61000061035156,103.0999984741211,104.41000366210938,0.0,2073600,0.0012686392592774602,167317669.81280494
2018-05-30,85.45305633544922,0.0,105.16000366210938,0.0,105.37999725341795,104.25,104.25,0.0,2929100,0.001483760357432907,168059481.74551708
2018-05-31,84.7054443359375,0.0,104.23999786376952,0.0,105.0500030517578,104.02999877929688,105.0500030517578,0.0,1314900,0.0013762251767777615,168407190.21232846
2018-06-01,85.5099105834961,0.0,105.2300033569336,0.0,105.3499984741211,104.75,104.88999938964844,0.0,968800,0.0015648811007569132,167885064.46922544
2018-06-04,85.74556732177734,0.0,105.5199966430664,0.0,105.87999725341795,105.38999938964844,105.5999984741211,0.0,747000,0.0015648811007569132,166648076.24704877
2018-06-05,85.73745727539062,0.0,105.51000213623048,0.0,105.63999938964844,105.08999633789062,105.52999877929688,0.0,1039000,0.0015648811007569132,166316703.76250857
2018-06-06,86.50940704345703,0.0,106.45999908447266,0.0,106.47000122070312,105.54000091552734,105.73999786376952,0.0,1813000,0.0015648811007569132,165961484.22354442
2018-06-07,86.72881317138672,0.0,106.7300033569336,0.0,106.93000030517578,106.38999938964844,106.66000366210938,0.0,884900,0.0015648811007569132,164297327.61311606
2018-06-08,87.02134704589844,0.0,107.08999633789062,0.0,107.11000061035156,106.5,106.66999816894533,0.0,1726000,0.0016720155754151931,164020285.4410444
2018-06-11,87.11885833740234,0.0,107.20999908447266,0.0,107.51000213623048,107.12000274658205,107.16000366210938,0.0,3246300,0.0016720155754151931,165997491.68857998
2018-06-12,87.01321411132812,0.0,107.08000183105467,0.0,107.4000015258789,106.77999877929688,107.36000061035156,0.0,3956400,0.001674719471072756,168641678.8502587
2018-06-13,86.63943481445312,0.0,106.62000274658205,0.0,107.2300033569336,106.56999969482422,107.18000030517578,0.0,1153800,0.0017599129869110045,168696733.33315167
2018-06-14,86.56626892089844,0.0,106.52999877929688,0.0,107.08000183105467,106.38999938964844,107.0,0.0,4413500,0.0018896484492942716,171266684.36946565
2018-06-15,86.51751708984375,0.0,106.47000122070312,0.0,106.58999633789062,105.61000061035156,106.30999755859376,0.0,1609500,0.0017225420868385833,171711618.14438352
2018-06-18,86.20063018798828,0.0,106.08000183105467,0.0,106.12999725341795,105.55999755859376,105.8000030517578,0.0,1398000,0.001891875408007991,172045888.2611956
2018-06-19,85.99746704101562,0.0,105.83000183105467,0.0,105.9499969482422,105.16999816894533,105.20999908447266,0.0,1011800,0.0019157564103889906,171977972.39231533
2018-06-20,85.9649887084961,0.0,105.79000091552734,0.0,106.2300033569336,105.5999984741211,106.11000061035156,0.0,3330800,0.0017720276437257875,173411843.90824938
2018-06-21,85.49364471435547,0.0,105.20999908447266,0.0,105.69000244140624,104.98999786376952,105.69000244140624,0.0,1685000,0.0017720276437257875,173124765.92424786
2018-06-22,85.76180267333984,0.0,104.91000366210938,0.628,105.33000183105467,104.86000061035156,105.13999938964844,0.0,1216900,0.0015241935396933374,173254922.3467085
2018-06-25,85.03423309326172,0.0,104.0199966430664,0.0,104.66999816894533,103.33999633789062,104.55999755859376,0.0,3494800,0.0013989910958860728,175186332.52697295
2018-06-26,84.99335479736328,0.0,103.97000122070312,0.0,104.33000183105467,103.7699966430664,104.22000122070312,0.0,1064300,0.0015301345161902696,175122301.52360827
2018-06-27,84.47834777832031,0.0,103.33999633789062,0.0,104.81999969482422,103.3000030517578,104.19000244140624,0.0,1303600,0.0014308937025620488,175462725.57677618
2018-06-28,84.83805084228516,0.0,103.77999877929688,0.0,104.05999755859376,102.9499969482422,103.23999786376952,0.0,1057400,0.0011198157814494305,175454163.25411722
2018-06-29,84.87890625,0.0,103.83000183105467,0.0,104.8499984741211,103.8000030517578,104.22000122070312,0.0,1032500,0.000931159857470279,175540354.79812017
2018-07-02,85.00152587890625,0.0,103.9800033569336,0.0,104.02999877929688,103.0999984741211,103.19000244140624,0.0,1005300,0.000931159857470279,175633658.49368384
2018-07-03,84.8870849609375,0.0,103.83999633789062,0.0,104.55999755859376,103.68000030517578,104.38999938964844,0.0,561600,0.000931159857470279,174466266.73975143
2018-07-05,85.48385620117188,0.0,104.56999969482422,0.0,104.58999633789062,103.87000274658205,104.33000183105467,0.0,990500,0.0012287167059400895,174237500.75337848
2018-07-06,85.9906997680664,0.0,105.19000244140624,0.0,105.41999816894533,104.37999725341795,104.5500030517578,0.0,720000,0.0012287167059400895,173554972.50972325
2018-07-09,86.80815124511719,0.0,106.19000244140624,0.0,106.3000030517578,105.51000213623048,105.56999969482422,0.0,1252400,0.0011215822312818096,173469624.86110264
2018-07-10,87.19239807128906,0.0,106.66000366210938,0.0,106.7300033569336,106.37999725341795,106.44000244140624,0.0,965200,0.0011215822312818096,173064721.59101093
2018-07-11,86.45668029785156,0.0,105.76000213623048,0.0,106.2300033569336,105.62999725341795,106.13999938964844,0.0,3427600,0.0011467089230688045,174517825.23249066
2018-07-12,86.9716796875,0.0,106.38999938964844,0.0,106.62000274658205,105.98999786376952,106.33999633789062,0.0,1272400,0.0011868038502888174,174317461.18535843
2018-07-13,87.02070617675781,0.0,106.4499969482422,0.0,106.62000274658205,106.11000061035156,106.26000213623048,0.0,2878400,0.001261886021814696,174275033.46409267
2018-07-16,87.10244750976562,0.0,106.5500030517578,0.0,106.58000183105467,106.2300033569336,106.4499969482422,0.0,1014400,0.0013849866898424583,173281297.92144412
2018-07-17,87.36404418945312,0.0,106.87000274658205,0.0,107.02999877929688,106.33000183105467,106.44000244140624,0.0,1993300,0.0012103698853636207,173231913.4974283
2018-07-18,87.68287658691406,0.0,107.26000213623048,0.0,107.33000183105467,106.81999969482422,106.8499984741211,0.0,4684500,0.0010552899786438687,175618661.17476812
2018-07-19,87.25777435302734,0.0,106.73999786376952,0.0,107.0500030517578,106.51000213623048,107.0199966430664,0.0,1497700,0.001204994157188847,175498272.48811874
2018-07-20,87.18421173095703,0.0,106.6500015258789,0.0,106.8499984741211,106.54000091552734,106.76000213623048,0.0,771600,0.001298570583973688,174948079.62044004
2018-07-23,87.462158203125,0.0,106.98999786376952,0.0,107.08000183105467,106.5999984741211,106.61000061035156,0.0,4205700,0.0013189546663995937,177475030.39102706
2018-07-24,87.88720703125,0.0,107.51000213623048,0.0,107.68000030517578,107.1999969482422,107.2699966430664,0.0,910300,0.0013189546663995937,176970910.3401608
2018-07-25,88.5003433227539,0.0,108.26000213623048,0.0,108.30999755859376,107.23999786376952,107.4499969482422,0.0,1850900,0.0012585276083328146,177092348.3557444
2018-07-26,88.7782974243164,0.0,108.5999984741211,0.0,108.91999816894533,108.44000244140624,108.44000244140624,0.0,1268300,0.0011426473238055886,176516877.55697948
2018-07-27,88.54121398925781,0.0,108.30999755859376,0.0,108.69000244140624,107.91000366210938,108.47000122070312,0.0,2375300,0.0011281569763265833,176384280.66835555
2018-07-30,88.4839859008789,0.0,108.23999786376952,0.0,108.61000061035156,108.11000061035156,108.33999633789062,0.0,4134000,0.0012912773577316026,177376323.70555213
2018-07-31,88.82736206054688,0.0,108.66000366210938,0.0,108.8499984741211,108.4000015258789,108.5999984741211,0.0,1286500,0.0013944398864302212,176597468.16391718
2018-08-01,88.4022445678711,0.0,108.13999938964844,0.0,108.68000030517578,107.95999908447266,108.55999755859376,0.0,1128900,0.0013944398864302212,174238467.57990518
2018-08-02,88.59846496582031,0.0,108.37999725341795,0.0,108.45999908447266,107.45999908447266,107.51000213623048,0.0,875400,0.0011103816754280183,172938810.06215414
2018-08-03,89.21155548095703,0.0,109.12999725341795,0.0,109.12999725341795,108.4000015258789,108.41000366210938,0.0,900800,0.0011103816754280183,171363434.8227849
2018-08-06,89.4649658203125,0.0,109.44000244140624,0.0,109.62999725341795,108.95999908447266,109.13999938964844,0.0,1279000,0.0011103816754280183,168541482.58963692
2018-08-07,89.75927734375,0.0,109.8000030517578,0.0,109.98999786376952,109.5999984741211,109.66999816894533,0.0,924900,0.0011103816754280183,165097610.71064055
2018-08-08,89.71022033691406,0.0,109.73999786376952,0.0,109.87999725341795,109.5500030517578,109.7699966430664,0.0,816400,0.0011605413162056558,163166657.80243647
2018-08-09,89.51403045654297,0.0,109.5,0.0,109.8499984741211,109.4499969482422,109.81999969482422,0.0,824600,0.0011326660149740598,161610849.0790352
2018-08-10,88.92546081542969,0.0,108.77999877929688,0.0,109.08000183105467,108.4499969482422,108.91999816894533,0.0,1793700,0.0009278483810649144,160349443.27916947
2018-08-13,88.41861724853516,0.0,108.16000366210938,0.0,108.91000366210938,108.04000091552734,108.87000274658205,0.0,835600,0.000842562575143171,159617358.0315605
2018-08-14,88.9990234375,0.0,108.87000274658205,0.0,109.0,108.41999816894533,108.41999816894533,0.0,1730100,0.0010380636246009646,158934163.52165464
2018-08-15,88.46766662597656,0.0,108.22000122070312,0.0,108.38999938964844,107.6500015258789,108.37000274658205,0.0,2297200,0.001115992261997083,159778270.34080142
2018-08-16,89.39957427978516,0.0,109.36000061035156,0.0,109.61000061035156,108.83000183105467,108.83000183105467,0.0,1384300,0.0009662880834521046,159745162.47098407
2018-08-17,89.83283996582031,0.0,109.88999938964844,0.0,110.12999725341795,109.2300033569336,109.2300033569336,0.0,1468700,0.0008727116566672637,159979758.924127
2018-08-20,90.09442138671876,0.0,110.20999908447266,0.0,110.33000183105467,109.9800033569336,110.02999877929688,0.0,746900,0.0008371458288174546,157783793.6340877
2018-08-21,90.20887756347656,0.0,110.3499984741211,0.0,110.70999908447266,110.06999969482422,110.37999725341795,0.0,784900,0.0008371458288174546,157144934.36973208
2018-08-22,89.97998809814453,0.0,110.06999969482422,0.0,110.31999969482422,109.9800033569336,110.1999969482422,0.0,966100,0.0007935710110640639,157024712.35945565
2018-08-23,89.7919692993164,0.0,109.83999633789062,0.0,110.19000244140624,109.70999908447266,110.0199966430664,0.0,891300,0.0007935710110640639,156754283.62427968
2018-08-24,90.19255065917967,0.0,110.33000183105467,0.0,110.41999816894533,109.98999786376952,110.0500030517578,0.0,895500,0.0008862010246103391,156555360.87716722
2018-08-27,90.85468292236328,0.0,111.13999938964844,0.0,111.20999908447266,110.66000366210938,110.7300033569336,0.0,1326400,0.0007230806432053199,156270668.89958456
2018-08-28,90.86286926269533,0.0,111.1500015258789,0.0,111.38999938964844,111.0199966430664,111.33000183105467,0.0,947800,0.0006199181145067012,156098085.39303976
2018-08-29,91.10810089111328,0.0,111.4499969482422,0.0,111.58000183105467,110.94000244140624,111.18000030517578,0.0,839900,0.0007277064227305443,155184720.25819808
2018-08-30,90.60944366455078,0.0,110.83999633789062,0.0,111.36000061035156,110.66000366210938,111.23999786376952,0.0,839200,0.0008427754893600319,154371830.58028448
2018-08-31,90.51134490966795,0.0,110.72000122070312,0.0,110.93000030517578,110.3000030517578,110.66000366210938,0.0,809000,0.0008427754893600319,153811403.1575642
2018-09-04,90.42961120605467,0.0,110.62000274658205,0.0,110.7300033569336,110.22000122070312,110.62999725341795,0.0,1452400,0.0009526715485842776,153913727.44618976
2018-09-05,90.5931167602539,0.0,110.81999969482422,0.0,110.87999725341795,110.3000030517578,110.4800033569336,0.0,1193900,0.0010754087158888676,152846225.2173227
2018-09-06,90.48682403564452,0.0,110.69000244140624,0.0,111.06999969482422,110.27999877929688,110.83000183105467,0.0,1041400,0.0012049864889054323,152886134.04024518
2018-09-07,90.2415771484375,0.0,110.38999938964844,0.0,110.62000274658205,110.0500030517578,110.3499984741211,0.0,1358800,0.0011340731334012638,153116484.68147156
2018-09-10,90.42961120605467,0.0,110.62000274658205,0.0,111.08000183105467,110.56999969482422,110.81999969482422,0.0,775600,0.0011340731334012638,153005675.06845868
2018-09-11,90.53585052490234,0.0,110.75,0.0,110.9499969482422,110.18000030517578,110.38999938964844,0.0,1208500,0.0011218531256149014,152857201.3543689
2018-09-12,90.65850067138672,0.0,110.9000015258789,0.0,111.1500015258789,110.70999908447266,110.76000213623048,0.0,862900,0.0009263520761571078,152358656.43645394
2018-09-13,91.06722259521484,0.0,111.4000015258789,0.0,111.58999633789062,111.0500030517578,111.2699966430664,0.0,831900,0.0008484234387609894,152127192.35956708
2018-09-14,91.23890686035156,0.0,111.61000061035156,0.0,111.66000366210938,111.29000091552734,111.56999969482422,0.0,903100,0.0008966720769201079,152277535.55495852
2018-09-17,91.17351531982422,0.0,111.52999877929688,0.0,111.81999969482422,111.4000015258789,111.63999938964844,0.0,921500,0.0009288677160635757,152047258.5222214
2018-09-18,91.5413818359375,0.0,111.9800033569336,0.0,112.1999969482422,111.44000244140624,111.58999633789062,0.0,893800,0.0010028889709586615,152028145.0297825
2018-09-19,91.7293930053711,0.0,112.20999908447266,0.0,112.4800033569336,111.83000183105467,111.94000244140624,0.0,820500,0.0010028889709586615,151868697.5448245
2018-09-20,92.44876098632812,0.0,113.08999633789062,0.0,113.23999786376952,112.66999816894533,112.66999816894533,0.0,1035100,0.0009757474264746348,151382443.06379047
2018-09-21,92.58773040771484,0.0,113.26000213623048,0.0,113.48999786376952,113.18000030517578,113.4800033569336,0.0,961500,0.0009757474264746348,150597262.48862252
2018-09-24,91.9828109741211,0.0,112.5199966430664,0.0,113.13999938964844,112.4000015258789,113.12999725341795,0.0,1011200,0.0008831174129283597,149934801.22423324
2018-09-25,91.5413818359375,0.0,111.9800033569336,0.0,112.73999786376952,111.91999816894533,112.73999786376952,0.0,1346000,0.0008831174129283597,149139723.10129195
2018-09-26,91.12445068359376,0.0,111.47000122070312,0.0,112.3499984741211,111.3000030517578,112.0999984741211,0.0,862100,0.0008831174129283597,148026064.6440718
2018-09-27,91.11628723144533,0.0,111.45999908447266,0.0,112.0500030517578,111.33999633789062,111.5500030517578,0.0,777900,0.0010106347750033357,147594039.3335191
2018-09-28,91.07596588134766,0.0,110.68000030517578,0.731,110.91000366210938,110.0999984741211,110.4499969482422,0.0,1068500,0.0008820670709062401,146827965.0282118
2018-10-01,91.46272277832033,0.0,111.1500015258789,0.0,111.5,110.87000274658205,111.22000122070312,0.0,1028600,0.0008820670709062401,146470710.7111068
2018-10-02,91.67665100097656,0.0,111.41000366210938,0.0,111.58000183105467,110.9499969482422,111.13999938964844,0.0,1047200,0.0009685605718136456,146119617.51677498
2018-10-03,91.79186248779295,0.0,111.5500030517578,0.0,112.0500030517578,111.3499984741211,111.87000274658205,0.0,1219900,0.0008458234045090555,146427221.7277103
2018-10-04,91.61084747314452,0.0,111.33000183105467,0.0,111.62000274658205,110.61000061035156,111.4000015258789,0.0,1672400,0.0006382554032702957,146571777.2042108
2018-10-05,91.32283020019533,0.0,110.9800033569336,0.0,111.6500015258789,110.5,111.43000030517578,0.0,1828200,0.0010250642411178377,147413575.32205734
2018-10-08,91.61084747314452,0.0,111.33000183105467,0.0,111.47000122070312,110.5500030517578,110.7699966430664,0.0,1657300,0.0013761422694396606,147928520.6906152
2018-10-09,91.33104705810548,0.0,110.98999786376952,0.0,111.45999908447266,110.69000244140624,111.12000274658205,0.0,2028100,0.0016543817812326646,149004378.19965303
2018-10-10,88.96939849853516,0.0,108.12000274658205,0.0,111.04000091552734,108.0199966430664,110.80999755859376,0.0,3651500,0.0016543817812326646,151144093.9760965
2018-10-11,86.7805404663086,0.0,105.45999908447266,0.0,108.0500030517578,104.83000183105467,107.7699966430664,0.0,6457000,0.0016543817812326646,155488355.9702616
2018-10-12,87.38947296142578,0.0,106.1999969482422,0.0,106.86000061035156,104.94000244140624,106.7300033569336,0.0,3564600,0.0022117065900413477,157545471.71825832
2018-10-15,87.14262390136719,0.0,105.9000015258789,0.0,106.8499984741211,105.9000015258789,106.11000061035156,0.0,2037500,0.0024306093031095056,158298784.40127903
2018-10-16,88.7060775756836,0.0,107.8000030517578,0.0,107.95999908447266,106.43000030517578,106.66000366210938,0.0,1655700,0.0026647545517072832,158833398.1378101
2018-10-17,88.84599304199219,0.0,107.97000122070312,0.0,108.33000183105467,106.87000274658205,107.7300033569336,0.0,2179500,0.002906066942253405,159720533.52283296
2018-10-18,87.99018096923828,0.0,106.93000030517578,0.0,108.12999725341795,106.37999725341795,107.63999938964844,0.0,2124600,0.0032750598848793376,160689976.04887825
2018-10-19,88.03132629394531,0.0,106.9800033569336,0.0,107.83000183105467,106.75,107.0199966430664,0.0,1838600,0.0036197222424743706,161611472.26874337
2018-10-22,87.38947296142578,0.0,106.1999969482422,0.0,107.30999755859376,106.01000213623048,107.22000122070312,0.0,1604500,0.0036197222424743706,161262278.03209093
2018-10-23,86.87106323242188,0.0,105.56999969482422,0.0,106.0999984741211,104.01000213623048,104.83999633789062,0.0,2685600,0.0036197222424743706,162290691.48920453
2018-10-24,84.6493148803711,0.0,102.87000274658205,0.0,105.52999877929688,102.5999984741211,105.48999786376952,0.0,3008700,0.003778285862114636,163631595.92820424
2018-10-25,85.75193786621094,0.0,104.20999908447266,0.0,104.87000274658205,103.0500030517578,103.5199966430664,0.0,2198700,0.004148331508053537,164889647.9122283
2018-10-26,84.59992218017578,0.0,102.80999755859376,0.0,103.9000015258789,101.87999725341795,103.12999725341795,0.0,3563600,0.004193421981983364,167046532.16415283
2018-10-29,84.71511840820312,0.0,102.9499969482422,0.0,104.8000030517578,101.68000030517578,103.94000244140624,0.0,3381400,0.004895604886850387,168944316.16106185
2018-10-30,85.9576644897461,0.0,104.45999908447266,0.0,104.62000274658205,103.0,103.11000061035156,0.0,3229800,0.0051572721453465465,170798058.92160204
2018-10-31,86.54191589355469,0.0,105.16999816894533,0.0,106.1500015258789,105.0,105.3000030517578,0.0,1750100,0.0051572721453465465,171297864.3845513
2018-11-01,87.10970306396484,0.0,105.86000061035156,0.0,106.0,105.22000122070312,105.47000122070312,0.0,2435800,0.005431255362695744,172597984.1847677
2018-11-02,86.95335388183594,0.0,105.66999816894533,0.0,106.75,104.83000183105467,106.68000030517578,0.0,1850600,0.005192397714249524,173478524.3344625
2018-11-05,87.9572525024414,0.0,106.88999938964844,0.0,107.13999938964844,105.97000122070312,105.97000122070312,0.0,1812600,0.005111275118971489,174281510.2152446
2018-11-06,88.41804504394531,0.0,107.4499969482422,0.0,107.51000213623048,106.76000213623048,106.8499984741211,0.0,1378200,0.004807440752858829,174452601.3782259
2018-11-07,89.93216705322266,0.0,109.29000091552734,0.0,109.3499984741211,107.91000366210938,108.3499984741211,0.0,1435100,0.004807440752858829,175064156.91972762
2018-11-08,89.85809326171875,0.0,109.1999969482422,0.0,109.5500030517578,108.75,108.97000122070312,0.0,1088700,0.0048151617570428235,175408389.41070315
2018-11-09,89.18334197998047,0.0,108.37999725341795,0.0,108.91999816894533,107.87999725341795,108.81999969482422,0.0,1204300,0.004209588310075021,175745377.72182283
2018-11-12,87.99839782714844,0.0,106.94000244140624,0.0,108.4800033569336,106.73999786376952,108.3499984741211,0.0,1478700,0.003958489957863395,175287868.70181373
2018-11-13,87.92432403564453,0.0,106.8499984741211,0.0,107.9000015258789,106.5500030517578,107.16999816894533,0.0,1683900,0.003957181537577091,175882426.11240205
2018-11-14,87.23314666748047,0.0,106.01000213623048,0.0,107.66000366210938,105.30999755859376,107.55999755859376,0.0,1748400,0.0038501063462270434,176669589.95154244
2018-11-15,88.03132629394531,0.0,106.9800033569336,0.0,107.13999938964844,104.93000030517578,105.52999877929688,0.0,1915800,0.004045017450660021,177761001.1314574
2018-11-16,88.50035858154297,0.0,107.5500030517578,0.0,107.9000015258789,106.6999969482422,106.73999786376952,0.0,1196900,0.003700355093064988,178053076.31800818
2018-11-19,87.89967346191406,0.0,106.81999969482422,0.0,107.7300033569336,106.25,107.41000366210938,0.0,1355600,0.003987476984318952,178516418.27902415
2018-11-20,86.16338348388672,0.0,104.70999908447266,0.0,106.0199966430664,104.37000274658205,105.77999877929688,0.0,1851100,0.003987476984318952,177662957.18517
2018-11-21,86.26213073730469,0.0,104.83000183105467,0.0,105.63999938964844,104.81999969482422,105.04000091552734,0.0,1361500,0.004050132381106018,177649555.43983096
2018-11-23,85.834228515625,0.0,104.30999755859376,0.0,104.79000091552734,104.0,104.19000244140624,0.0,721900,0.003444781064868298,177140418.1888883
2018-11-26,87.04386901855469,0.0,105.77999877929688,0.0,105.83999633789062,105.0199966430664,105.11000061035156,0.0,1329100,0.003409684537800805,176550117.30138385
2018-11-27,87.38947296142578,0.0,106.1999969482422,0.0,106.1999969482422,105.2300033569336,105.44000244140624,0.0,1441200,0.0028107324016773804,175320206.7369007
2018-11-28,88.92826843261719,0.0,108.06999969482422,0.0,108.06999969482422,106.05999755859376,106.5,0.0,2494100,0.00235267558304957,176371573.50712126
2018-11-29,88.69786834716797,0.0,107.79000091552734,0.0,108.38999938964844,107.30999755859376,107.6500015258789,0.0,1440800,0.00235267558304957,176795041.80923948
2018-11-30,89.37261199951172,0.0,108.61000061035156,0.0,108.77999877929688,107.6999969482422,107.6999969482422,0.0,1347400,0.002142764730476321,177330896.39122373
2018-12-03,90.04736328125,0.0,109.43000030517578,0.0,110.1500015258789,108.70999908447266,109.9499969482422,0.0,1920200,0.0019683137547525037,178128536.02905273
2018-12-04,87.51290893554688,0.0,106.3499984741211,0.0,109.41000366210938,106.16999816894533,109.27999877929688,0.0,1847600,0.0016983583217087144,178156157.2896927
2018-12-06,87.09323120117188,0.0,105.83999633789062,0.0,105.86000061035156,103.11000061035156,104.94000244140624,0.0,2947400,0.0016983583217087144,179882406.69632563
2018-12-07,85.3240737915039,0.0,103.69000244140624,0.0,106.36000061035156,103.29000091552734,105.72000122070312,0.0,3079300,0.002705660042321509,180949512.17917186
2018-12-10,85.18418884277344,0.0,103.5199966430664,0.0,103.9000015258789,101.37999725341795,103.62999725341795,0.0,3070200,0.002697939038137515,180709760.38286725
2018-12-11,85.10188293457031,0.0,103.41999816894533,0.0,105.06999969482422,102.87999725341795,104.7300033569336,0.0,3054000,0.002697939038137515,179854152.09051466
2018-12-12,85.42278289794922,0.0,103.80999755859376,0.0,105.05999755859376,103.76000213623048,104.63999938964844,0.0,2039400,0.0031114369284068635,180558056.45441934
2018-12-13,85.4145736694336,0.0,103.8000030517578,0.0,104.47000122070312,103.36000061035156,104.12000274658205,0.0,2343100,0.0028156457401099285,178756815.48249987
2018-12-14,84.00745391845703,0.0,102.08999633789062,0.0,103.43000030517578,101.8000030517578,102.97000122070312,0.0,2617600,0.0026814085409138546,179517667.1289232
2018-12-17,82.37815856933594,0.0,100.11000061035156,0.0,102.0500030517578,99.5,101.6500015258789,0.0,4204300,0.002117504493854945,181681100.7242112
2018-12-18,82.0572738647461,0.0,99.72000122070312,0.0,101.16000366210938,99.02999877929688,100.8499984741211,0.0,4012800,0.002482509867177578,184007113.6213999
2018-12-19,81.11091613769531,0.0,98.56999969482422,0.0,101.45999908447266,97.86000061035156,99.80999755859376,0.0,4589600,0.0028957221303748774,184801014.69719297
2018-12-20,79.9918212890625,0.0,97.20999908447266,0.0,98.7300033569336,96.27999877929688,98.12000274658205,0.0,5518700,0.0028957221303748774,187651760.5185433
2018-12-21,78.7657470703125,0.0,95.72000122070312,0.0,98.91000366210938,95.4499969482422,97.25,0.0,5551200,0.0036369813222727906,190855696.13219368
2018-12-24,76.51746368408203,0.0,92.3000030517578,0.708,94.70999908447266,92.26000213623048,94.30999755859376,0.0,3926800,0.0036369813222727906,190847081.59025282
2018-12-26,79.67601013183594,0.0,96.11000061035156,0.0,96.1500015258789,91.62000274658205,92.69000244140624,0.0,7220800,0.004430604643681745,195476730.9561896
2018-12-27,80.48841094970703,0.0,97.08999633789062,0.0,97.08999633789062,93.66000366210938,94.94000244140624,0.0,7524200,0.0045929012449699835,200205385.96586803
2018-12-28,80.405517578125,0.0,96.98999786376952,0.0,98.26000213623048,96.63999938964844,97.58000183105467,0.0,6286900,0.0045929012449699835,204173873.6393641
2018-12-31,81.20134735107422,0.0,97.9499969482422,0.0,97.9499969482422,96.86000061035156,97.5500030517578,0.0,5322900,0.005005186963535168,207460965.4001993
2019-01-02,81.24280548095703,0.0,98.0,0.0,98.26000213623048,96.37999725341795,96.48999786376952,0.0,4261900,0.005304100603418401,209946164.627384
2019-01-03,79.7422866821289,0.0,96.19000244140624,0.0,97.7300033569336,96.0199966430664,97.5500030517578,0.0,2676600,0.006014219284433986,211526685.4098547
2019-01-04,82.03864288330078,0.0,98.95999908447266,0.0,99.2300033569336,97.25,97.4499969482422,0.0,2507400,0.006595321000669838,212673953.00514585
2019-01-07,82.51119232177734,0.0,99.52999877929688,0.0,100.23999786376952,98.5500030517578,99.05999755859376,0.0,2865000,0.006595321000669838,214335989.8682004
2019-01-08,83.11637115478516,0.0,100.26000213623048,0.0,100.5,99.43000030517578,100.37999725341795,0.0,2012100,0.005648154333456658,214881551.70344397
2019-01-09,83.26559448242188,0.0,100.44000244140624,0.0,100.83999633789062,99.94000244140624,100.62999725341795,0.0,1683500,0.005648154333456658,215406492.2476935
2019-01-10,83.56404113769531,0.0,100.8000030517578,0.0,101.08000183105467,99.62999725341795,99.91000366210938,0.0,3097900,0.005956602602691788,215007804.51858157
2019-01-11,83.7298355102539,0.0,101.0,0.0,101.0199966430664,100.18000030517578,100.4000015258789,0.0,3021100,0.005813394368550302,216355109.79458642
2019-01-14,83.35677337646484,0.0,100.5500030517578,0.0,100.83999633789062,100.1500015258789,100.25,0.0,2412600,0.006098486670552559,215848611.906863
2019-01-15,84.11117553710938,0.0,101.45999908447266,0.0,101.54000091552734,100.58000183105467,100.58999633789062,0.0,2922200,0.006098486670552559,217343866.55947366
2019-01-16,84.3930435180664,0.0,101.8000030517578,0.0,102.19000244140624,101.58000183105467,101.62999725341795,0.0,6466700,0.006098486670552559,220877883.25201368
2019-01-17,85.0064926147461,0.0,102.54000091552734,0.0,102.87999725341795,101.44000244140624,101.44000244140624,0.0,2789400,0.005880607148735977,219160149.9071454
2019-01-18,86.1836929321289,0.0,103.95999908447266,0.0,104.08000183105467,103.0500030517578,103.31999969482422,0.0,3178600,0.005180272994284714,220513981.32214016
2019-01-22,85.25519561767578,0.0,102.83999633789062,0.0,103.45999908447266,102.16000366210938,103.36000061035156,0.0,5162200,0.005458158160047617,224074215.3532361
2019-01-23,85.49562072753906,0.0,103.12999725341795,0.0,103.54000091552734,102.18000030517578,103.27999877929688,0.0,2149900,0.005084429140282127,222262718.10783508
2019-01-24,85.42101287841797,0.0,103.04000091552734,0.0,103.2699966430664,102.4800033569336,102.95999908447266,0.0,2497800,0.005334085920592987,223528646.35658264
2019-01-25,85.8852310180664,0.0,103.5999984741211,0.0,104.04000091552734,103.41999816894533,103.6500015258789,0.0,2010300,0.004530468652321698,223591254.60244435
2019-01-28,85.37954711914062,0.0,102.98999786376952,0.0,103.0199966430664,102.29000091552734,102.83999633789062,0.0,3270000,0.004264941282289861,225170936.4671253
2019-01-29,85.53705596923828,0.0,103.18000030517578,0.0,103.41999816894533,102.83000183105467,103.01000213623048,0.0,1539100,0.004264941282289861,224389472.9851314
2019-01-30,86.34951782226562,0.0,104.16000366210938,0.0,104.55999755859376,103.08999633789062,103.5,0.0,2496600,0.003852655563724676,222902026.27063933
2019-01-31,86.84690856933594,0.0,104.76000213623048,0.0,104.9499969482422,103.5,103.86000061035156,0.0,2067300,0.003727271720284,223511385.45877367
2019-02-01,87.07073211669922,0.0,105.02999877929688,0.0,105.37000274658205,104.6500015258789,105.0500030517578,0.0,1690800,0.003017153039268414,223951905.11452812
2019-02-04,87.41893005371094,0.0,105.4499969482422,0.0,105.45999908447266,104.48999786376952,105.04000091552734,0.0,2307500,0.002709580268533534,225130079.86343625
2019-02-05,87.52668762207031,0.0,105.58000183105467,0.0,105.77999877929688,105.2300033569336,105.62000274658205,0.0,1853200,0.002709580268533534,225902750.95762223
2019-02-06,87.56815338134766,0.0,105.62999725341795,0.0,105.76000213623048,105.38999938964844,105.41000366210938,0.0,1820300,0.0027784311969957093,226317866.20268443
2019-02-07,86.83033752441406,0.0,104.73999786376952,0.0,105.19000244140624,103.98999786376952,105.08000183105467,0.0,1787000,0.0027784311969957093,226997361.07062083
2019-02-08,86.78057098388672,0.0,104.68000030517578,0.0,104.69000244140624,103.72000122070312,104.37000274658205,0.0,1385300,0.0026124882436402083,227437214.0084524
2019-02-11,86.82205963134766,0.0,104.7300033569336,0.0,104.97000122070312,104.51000213623048,104.9000015258789,0.0,1596100,0.002342198587512346,228047260.50335717
2019-02-12,87.94949340820312,0.0,106.08999633789062,0.0,106.29000091552734,105.41000366210938,105.44000244140624,0.0,1264600,0.0020460393906004647,227563472.6109641
2019-02-13,88.20646667480469,0.0,106.4000015258789,0.0,106.7699966430664,106.19000244140624,106.4000015258789,0.0,1885000,0.0020460393906004647,228437960.73648968
2019-02-14,87.80854797363281,0.0,105.91999816894533,0.0,106.45999908447266,105.48999786376952,105.9800033569336,0.0,2050500,0.0020460393906004647,228666793.7880259
2019-02-15,89.08522033691406,0.0,107.45999908447266,0.0,107.45999908447266,106.7300033569336,106.75,0.0,1456000,0.0019601481170988576,227935514.19963533
2019-02-19,89.30908203125,0.0,107.7300033569336,0.0,107.9800033569336,107.11000061035156,107.16000366210938,0.0,1396400,0.001960148117098858,227927951.72219655
2019-02-20,89.58262634277344,0.0,108.05999755859376,0.0,108.20999908447266,107.51000213623048,107.69000244140624,0.0,1196400,0.0017008264163044869,227673090.920415
2019-02-21,89.34223175048828,0.0,107.7699966430664,0.0,107.9499969482422,107.33999633789062,107.81999969482422,0.0,1102300,0.0013008408305869433,227962606.94409326
2019-02-22,89.72357177734375,0.0,108.2300033569336,0.0,108.33999633789062,107.83000183105467,108.04000091552734,0.0,2052000,0.0010511840502760834,229037799.4289035
2019-02-25,89.86451721191406,0.0,108.4000015258789,0.0,109.05999755859376,108.3499984741211,108.7300033569336,0.0,2408400,0.0010511840502760834,230265830.67469522
2019-02-26,89.72357177734375,0.0,108.2300033569336,0.0,108.68000030517578,108.13999938964844,108.26000213623048,0.0,1336800,0.0010511840502760834,230637112.26002526
2019-02-27,89.64065551757812,0.0,108.12999725341795,0.0,108.3000030517578,107.72000122070312,108.0500030517578,0.0,1505600,0.0010511840502760834,231145048.82530335
2019-02-28,89.33394622802734,0.0,107.76000213623048,0.0,108.12000274658205,107.68000030517578,108.08000183105467,0.0,1388400,0.0011832463490978066,231162492.4108233
2019-03-01,89.7898941040039,0.0,108.30999755859376,0.0,108.69000244140624,107.8000030517578,108.45999908447266,0.0,1388100,0.0009713190622321597,231519612.5391158
2019-03-04,89.37540435791016,0.0,107.80999755859376,0.0,108.75,106.83999633789062,108.66999816894533,0.0,1811000,0.0011903717239758471,232326255.81801882
2019-03-05,89.16814422607422,0.0,107.55999755859376,0.0,107.87000274658205,107.33000183105467,107.87000274658205,0.0,1502000,0.0010009776871661524,232870209.71806845
2019-03-06,88.58781433105469,0.0,106.86000061035156,0.0,107.58000183105467,106.7300033569336,107.58000183105467,0.0,1305500,0.0010009776871661524,233266505.3514753
2019-03-07,88.02411651611328,0.0,106.18000030517578,0.0,106.75,105.80999755859376,106.7300033569336,0.0,2458800,0.0008719917053043624,234063417.19878665
2019-03-08,87.86656951904297,0.0,105.98999786376952,0.0,106.05999755859376,105.29000091552734,105.5500030517578,0.0,1339400,0.0008719917053043624,234140044.2265889
2019-03-11,89.0023193359375,0.0,107.36000061035156,0.0,107.37999725341795,106.3499984741211,106.3499984741211,0.0,1005300,0.0007294863894247336,234081762.004931
2019-03-12,89.22615814208984,0.0,107.62999725341795,0.0,107.94000244140624,107.47000122070312,107.5199966430664,0.0,1007100,0.0007294863894247336,233751573.426068
2019-03-13,89.856201171875,0.0,108.38999938964844,0.0,108.72000122070312,107.66999816894533,107.9800033569336,0.0,1148000,0.0007294863894247336,234058199.18137807
2019-03-14,89.7898941040039,0.0,108.30999755859376,0.0,108.66999816894533,108.16999816894533,108.37000274658205,0.0,949200,0.0008550266444359953,233811901.36139885
2019-03-15,90.1380615234375,0.0,108.7300033569336,0.0,109.04000091552734,108.4000015258789,108.47000122070312,0.0,1268400,0.0008908638614501819,234146961.08315483
2019-03-18,90.61058807373048,0.0,109.3000030517578,0.0,109.33999633789062,108.80999755859376,108.81999969482422,0.0,991700,0.000829629283445737,234271716.25582984
2019-03-19,90.46967315673828,0.0,109.12999725341795,0.0,109.98999786376952,108.75,109.7300033569336,0.0,1466800,0.0009500206603234139,234742167.7512275
2019-03-20,89.64895629882812,0.0,108.13999938964844,0.0,109.06999969482422,108.04000091552734,109.0,0.0,1290700,0.0009314571953548817,235034242.38088697
2019-03-21,90.37020111083984,0.0,109.01000213623048,0.0,109.26000213623048,107.79000091552734,107.80999755859376,0.0,1159300,0.00110393249777666,235242873.8767291
2019-03-22,88.87796783447266,0.0,107.20999908447266,0.0,108.6999969482422,107.02999877929688,108.41999816894533,0.0,2128700,0.0014430390308874227,236323426.42277914
2019-03-25,88.72876739501953,0.0,107.02999877929688,0.0,107.5199966430664,106.56999969482422,107.08999633789062,0.0,1755500,0.0014430390308874227,236885582.83268157
2019-03-26,89.4831314086914,0.0,107.94000244140624,0.0,108.18000030517578,107.33999633789062,107.70999908447266,0.0,1235700,0.0014430390308874227,237079884.17365664
2019-03-27,89.08522033691406,0.0,107.45999908447266,0.0,108.16000366210938,106.94000244140624,107.9499969482422,0.0,1449800,0.0017128647556679435,237413338.82498363
2019-03-28,89.33146667480469,0.0,107.0199966430664,0.735,107.29000091552734,106.33999633789062,106.94000244140624,0.0,1396200,0.0015808024568462204,237402991.48208377
2019-03-29,89.84064483642578,0.0,107.62999725341795,0.0,107.70999908447266,107.0999984741211,107.5999984741211,0.0,1468800,0.0015551275824933625,237894964.9099683
2019-04-01,90.8923797607422,0.0,108.88999938964844,0.0,109.0,108.26000213623048,108.31999969482422,0.0,2016000,0.0013360749207496749,238949072.09633115
2019-04-02,90.66702270507812,0.0,108.62000274658205,0.0,108.9800033569336,108.41999816894533,108.95999908447266,0.0,1625600,0.0014606190297289754,239411858.57362294
2019-04-03,90.68372344970705,0.0,108.63999938964844,0.0,109.12000274658205,108.37999725341795,109.08999633789062,0.0,1848800,0.0016694801335454946,240098562.85379803
2019-04-04,91.0843734741211,0.0,109.12000274658205,0.0,109.1500015258789,108.6999969482422,108.75,0.0,1371500,0.001809157819426652,240360384.5040518
2019-04-05,91.48503875732422,0.0,109.5999984741211,0.0,109.61000061035156,109.13999938964844,109.31999969482422,0.0,1083000,0.001809157819426652,240222423.786787
2019-04-08,91.55181884765624,0.0,109.68000030517578,0.0,109.69000244140624,109.23999786376952,109.45999908447266,0.0,1402400,0.0019202259395931474,239965494.718261
2019-04-09,90.95916748046876,0.0,108.97000122070312,0.0,109.27999877929688,108.72000122070312,109.26000213623048,0.0,1034000,0.0020838152871828245,239249473.60020593
2019-04-10,91.20957946777344,0.0,109.2699966430664,0.0,109.31999969482422,108.9000015258789,109.1500015258789,0.0,802500,0.002194397692198793,238481076.45950317
2019-04-11,91.22628784179688,0.0,109.29000091552734,0.0,109.61000061035156,109.01000213623048,109.5,0.0,1191500,0.0020936768606590636,237728062.3438154
2019-04-12,91.80224609375,0.0,109.9800033569336,0.0,110.2699966430664,109.55999755859376,109.9499969482422,0.0,860400,0.002057839643644877,235345733.8109516
2019-04-15,91.70204162597656,0.0,109.86000061035156,0.0,110.08000183105467,109.62999725341795,110.0,0.0,1046400,0.0022014087319132203,230853688.4978582
2019-04-16,91.9023895263672,0.0,110.0999984741211,0.0,110.33999633789062,109.87000274658205,110.2300033569336,0.0,1439400,0.002081017355035543,229107001.4239054
2019-04-17,91.67704010009766,0.0,109.83000183105467,0.0,110.5,109.66000366210938,110.47000122070312,0.0,1225800,0.0022153405450446883,228463020.17894927
2019-04-18,91.70204162597656,0.0,109.86000061035156,0.0,110.08999633789062,109.5199966430664,110.08999633789062,0.0,1526100,0.0018928162958623002,228377090.67004976
2019-04-22,91.70204162597656,0.0,109.86000061035156,0.0,109.95999908447266,109.5500030517578,109.62000274658205,0.0,1012700,0.0016990906314509966,227392444.67764962
2019-04-23,92.34481048583984,0.0,110.62999725341795,0.0,110.69000244140624,109.80999755859376,109.9800033569336,0.0,1091900,0.0016990906314509966,226548106.7042578
2019-04-24,92.0860595703125,0.0,110.31999969482422,0.0,110.58999633789062,110.12000274658205,110.51000213623048,0.0,2286500,0.0018275779063180535,226989005.47513205
2019-04-25,91.77719116210938,0.0,109.9499969482422,0.0,110.22000122070312,109.3499984741211,109.9000015258789,0.0,1160800,0.001557752181537533,226649577.3906405
2019-04-26,92.23629760742188,0.0,110.5,0.0,110.51000213623048,109.83999633789062,109.87000274658205,0.0,1041000,0.001557752181537533,225312368.73047844
2019-04-29,92.47000122070312,0.0,110.77999877929688,0.0,111.04000091552734,110.5199966430664,110.55999755859376,0.0,1071800,0.001557752181537533,223798313.37673247
2019-04-30,92.8623275756836,0.0,111.25,0.0,111.36000061035156,110.4499969482422,111.0199966430664,0.0,1205300,0.0017083736802481393,223044052.2657243
2019-05-01,92.15283203125,0.0,110.4000015258789,0.0,111.4000015258789,110.4000015258789,111.38999938964844,0.0,2066900,0.0018828855345464455,221947322.55028012
2019-05-02,91.9441375732422,0.0,110.1500015258789,0.0,110.62999725341795,109.56999969482422,110.33999633789062,0.0,1558200,0.001674024430729926,220546692.49231854
2019-05-03,92.65365600585938,0.0,111.0,0.0,111.11000061035156,110.51000213623048,110.62999725341795,0.0,1150500,0.0015757149260923677,218882570.23007226
2019-05-06,92.34481048583984,0.0,110.62999725341795,0.0,110.77999877929688,109.43000030517578,109.4800033569336,0.0,1333900,0.0015942990279741633,218592977.6867458
2019-05-07,90.967529296875,0.0,108.9800033569336,0.0,109.80999755859376,108.29000091552734,109.6999969482422,0.0,2049600,0.0018811401310405232,218319260.42796543
2019-05-08,90.72544860839844,0.0,108.69000244140624,0.0,109.37999725341795,108.5199966430664,108.87000274658205,0.0,1554900,0.00196861685903241,218108539.6833995
2019-05-09,90.51675415039062,0.0,108.44000244140624,0.0,108.6500015258789,107.22000122070312,107.93000030517578,0.0,2162400,0.0018580344540164418,218431887.68646
2019-05-10,91.0426254272461,0.0,109.06999969482422,0.0,109.31999969482422,106.97000122070312,108.04000091552734,0.0,1636900,0.0022822964175480513,218673547.18412974
2019-05-13,89.22294616699219,0.0,106.88999938964844,0.0,107.62000274658205,106.41000366210938,107.41000366210938,0.0,1371300,0.002607755597926057,218592088.2622976
2019-05-14,89.7905502319336,0.0,107.56999969482422,0.0,108.2300033569336,107.0199966430664,107.18000030517578,0.0,1752300,0.0024880417773853955,219144539.641565
2019-05-15,89.98255157470703,0.0,107.8000030517578,0.0,108.06999969482422,106.73999786376952,106.95999908447266,0.0,1188900,0.002833631832529537,219125820.537882
2019-05-16,90.70877075195312,0.0,108.66999816894533,0.0,109.2699966430664,108.12000274658205,108.19000244140624,0.0,1614100,0.0026993086425203924,219262900.39847237
2019-05-17,90.34981536865234,0.0,108.23999786376952,0.0,109.0500030517578,107.79000091552734,107.9000015258789,0.0,905100,0.0029115875261887954,218612450.474948
2019-05-20,90.21627044677734,0.0,108.08000183105467,0.0,108.55999755859376,107.73999786376952,107.86000061035156,0.0,942300,0.002982353946287659,217949719.50661796
2019-05-21,90.90074920654295,0.0,108.9000015258789,0.0,109.05999755859376,108.52999877929688,108.63999938964844,0.0,720800,0.0031007206155886776,216946091.17859128
2019-05-22,90.60858917236328,0.0,108.5500030517578,0.0,108.79000091552734,108.25,108.58000183105467,0.0,759400,0.0030351184110363975,216578680.6521219
2019-05-23,89.63196563720703,0.0,107.37999725341795,0.0,107.68000030517578,106.6999969482422,107.68000030517578,0.0,1280300,0.0030351184110363975,216520533.18305242
2019-05-24,89.87403869628906,0.0,107.66999816894533,0.0,107.9800033569336,107.2699966430664,107.87000274658205,0.0,1031200,0.0030351184110363975,215863395.26881868
2019-05-28,88.67203521728516,0.0,106.2300033569336,0.0,107.87999725341795,106.1999969482422,107.73999786376952,0.0,936700,0.0030838245066554864,215520376.19462392
2019-05-29,88.17957305908203,0.0,105.63999938964844,0.0,105.88999938964844,104.94000244140624,105.77999877929688,0.0,1575500,0.00293320300794488,216243665.33590046
2019-05-30,88.154541015625,0.0,105.61000061035156,0.0,106.16000366210938,105.20999908447266,105.9000015258789,0.0,1030200,0.0026912527224337585,215991341.73471966
2019-05-31,86.98590087890625,0.0,104.20999908447266,0.0,104.8000030517578,104.1500015258789,104.58999633789062,0.0,1496300,0.0026912527224337585,216014151.14764258
2019-06-03,87.81227111816406,0.0,105.1999969482422,0.0,105.45999908447266,104.3499984741211,104.37000274658205,0.0,1679400,0.0027845668637284243,215277131.2161824
2019-06-04,89.565185546875,0.0,107.3000030517578,0.0,107.36000061035156,106.12000274658205,106.16999816894533,0.0,1174100,0.0027659827618466285,215044409.78970602
2019-06-05,90.11609649658205,0.0,107.95999908447266,0.0,108.01000213623048,107.16000366210938,107.6999969482422,0.0,1226500,0.0023680735386137734,214933868.71077523
2019-06-06,90.67536163330078,0.0,108.62999725341795,0.0,108.9499969482422,107.94000244140624,108.16000366210938,0.0,1039000,0.0021170074630322095,214161956.65173
2019-06-07,91.12612915039062,0.0,109.16999816894533,0.0,109.63999938964844,108.88999938964844,108.98999786376952,0.0,798100,0.0021170074630322095,213293990.92441136
2019-06-10,91.41826629638672,0.0,109.5199966430664,0.0,110.0199966430664,109.5,109.6999969482422,0.0,1361100,0.0017920692662804828,212001251.73571754
2019-06-11,91.37653350830078,0.0,109.47000122070312,0.0,110.31999969482422,109.31999969482422,110.11000061035156,0.0,1187000,0.0016064786481620977,210498460.20342508
2019-06-12,91.2513198852539,0.0,109.31999969482422,0.0,109.61000061035156,109.1500015258789,109.47000122070312,0.0,863200,0.0015826233804344162,208724951.7117031
2019-06-13,91.6352996826172,0.0,109.77999877929688,0.0,109.94000244140624,109.41000366210938,109.66000366210938,0.0,1211000,0.0012390225046249182,207273355.71260604
2019-06-14,91.585205078125,0.0,109.72000122070312,0.0,110.56999969482422,109.4000015258789,109.72000122070312,0.0,1389400,0.0013653067219929092,206802997.4639953
2019-06-17,91.4015655517578,0.0,109.5,0.0,109.8000030517578,109.4000015258789,109.7699966430664,0.0,892500,0.0011877837160157068,205648354.31200662
2019-06-18,92.17784881591795,0.0,110.43000030517578,0.0,110.87000274658205,109.87999725341795,109.94000244140624,0.0,1181000,0.0009716364272173844,204562537.29570782
2019-06-19,92.4115753173828,0.0,110.70999908447266,0.0,110.95999908447266,110.36000061035156,110.5199966430664,0.0,1094900,0.0009377718663075175,202184155.5689736
2019-06-20,93.21290588378906,0.0,111.66999816894533,0.0,111.8499984741211,110.79000091552734,111.63999938964844,0.0,1060400,0.0008748867959927402,199948111.48294115
2019-06-21,93.15447998046876,0.0,111.5999984741211,0.0,112.13999938964844,111.48999786376952,111.62999725341795,0.0,873100,0.0008748867959927402,197130977.2612617
2019-06-24,93.05431365966795,0.0,111.4800033569336,0.0,111.83000183105467,111.41999816894533,111.62999725341795,0.0,932600,0.0009274109952890762,193698385.42938232
2019-06-25,92.66200256347656,0.0,111.01000213623048,0.0,111.58000183105467,110.94000244140624,111.58000183105467,0.0,975700,0.0008787048996699874,190340858.3524613
2019-06-26,92.2696762084961,0.0,110.54000091552734,0.0,111.27999877929688,110.54000091552734,111.20999908447266,0.0,945100,0.0008787048996699874,188293459.16898212
2019-06-27,92.63844299316406,0.0,110.27999877929688,0.699,110.4800033569336,110.05999755859376,110.12999725341795,0.0,978900,0.0007374643132122255,183642363.91817123
2019-06-28,93.1760711669922,0.0,110.91999816894533,0.0,111.12000274658205,110.62000274658205,110.72000122070312,0.0,1612600,0.0007374643132122255,179264149.93881953
2019-07-01,93.82290649414062,0.0,111.69000244140624,0.0,112.13999938964844,111.1999969482422,112.05999755859376,0.0,1953000,0.0006027819906739608,176155928.96420312
2019-07-02,93.99089813232422,0.0,111.88999938964844,0.0,111.9000015258789,111.2699966430664,111.7300033569336,0.0,1199400,0.0008101759234596072,173083094.25398207
2019-07-03,94.7301254272461,0.0,112.7699966430664,0.0,112.7699966430664,112.1500015258789,112.19000244140624,0.0,859900,0.0008101759234596072,170537893.6199612
2019-07-05,94.57891082763672,0.0,112.58999633789062,0.0,112.6999969482422,111.87999725341795,112.37999725341795,0.0,749000,0.001033282650086478,169163828.11775813
2019-07-08,94.17570495605467,0.0,112.11000061035156,0.0,112.4800033569336,111.9000015258789,112.26000213623048,0.0,851400,0.0012314694982568512,167952067.42581564
2019-07-09,94.11688995361328,0.0,112.04000091552734,0.0,112.0999984741211,111.6500015258789,111.69000244140624,0.0,1591100,0.0011073263080054357,167103761.0683078
2019-07-10,94.27652740478516,0.0,112.2300033569336,0.0,112.73999786376952,112.08999633789062,112.3499984741211,0.0,861400,0.0009674577457458152,166269965.6285725
2019-07-11,94.53692626953124,0.0,112.54000091552734,0.0,112.69000244140624,112.05999755859376,112.52999877929688,0.0,835000,0.001209358681598845,165673776.39567056
2019-07-12,94.95694732666016,0.0,113.04000091552734,0.0,113.05999755859376,112.48999786376952,112.7699966430664,0.0,711200,0.0012073695022642012,163833504.32580614
2019-07-15,94.85614776611328,0.0,112.91999816894533,0.0,113.16000366210938,112.73999786376952,113.16000366210938,0.0,1176400,0.0011216877645907639,162466107.38807556
2019-07-16,94.63771057128906,0.0,112.66000366210938,0.0,112.98999786376952,112.5500030517578,112.9499969482422,0.0,779900,0.0010482172308179613,161238143.8919915
2019-07-17,93.88170623779295,0.0,111.76000213623048,0.0,112.70999908447266,111.76000213623048,112.66999816894533,0.0,1409800,0.0010482172308179613,160135547.39744398
2019-07-18,94.3353042602539,0.0,112.3000030517578,0.0,112.4499969482422,111.5500030517578,111.61000061035156,0.0,2097100,0.001123787547991766,156779946.25986493
2019-07-19,93.90690612792967,0.0,111.79000091552734,0.0,112.6500015258789,111.72000122070312,112.58000183105467,0.0,946200,0.0013329344381074935,155349395.62742445
2019-07-22,93.8648910522461,0.0,111.73999786376952,0.0,111.91999816894533,111.43000030517578,111.88999938964844,0.0,893400,0.0013329344381074935,153519088.1750561
2019-07-23,94.59573364257812,0.0,112.61000061035156,0.0,112.6500015258789,111.9800033569336,112.18000030517578,0.0,1307600,0.0012804102388111575,150474391.4107913
2019-07-24,94.97374725341795,0.0,113.05999755859376,0.0,113.05999755859376,112.33999633789062,112.38999938964844,0.0,871200,0.0012804102388111575,149496444.49633038
2019-07-25,94.58731842041016,0.0,112.5999984741211,0.0,113.02999877929688,112.27999877929688,113.02999877929688,0.0,803200,0.0015906339433110817,148171579.45258126
2019-07-26,95.06612396240234,0.0,113.16999816894533,0.0,113.23999786376952,112.5500030517578,112.73999786376952,0.0,682800,0.0016538675911849925,147131939.752718
2019-07-29,95.04935455322266,0.0,113.1500015258789,0.0,113.36000061035156,113.06999969482422,113.20999908447266,0.0,729100,0.0016538675911849925,145113847.47571793
2019-07-30,94.90654754638672,0.0,112.9800033569336,0.0,112.9800033569336,112.44000244140624,112.70999908447266,0.0,953300,0.0016538675911849925,144708287.94183278
2019-07-31,93.94888305664062,0.0,111.83999633789062,0.0,113.0199966430664,111.19000244140624,112.94000244140624,0.0,1049500,0.0015295893454979758,143575988.02924383
2019-08-01,92.9072494506836,0.0,110.5999984741211,0.0,112.6500015258789,110.31999969482422,111.80999755859376,0.0,1552600,0.0018121099842891696,143220013.46745566
2019-08-02,92.40323638916016,0.0,110.0,0.0,110.47000122070312,109.30999755859376,110.33999633789062,0.0,1430300,0.0015890032576622987,143059285.51558238
2019-08-05,89.9083480834961,0.0,107.02999877929688,0.0,108.73999786376952,106.29000091552734,108.55999755859376,0.0,1617300,0.0013908164094919256,142501934.31770688
2019-08-06,90.94158935546876,0.0,108.26000213623048,0.0,108.3499984741211,106.8499984741211,107.66000366210938,0.0,1201700,0.0018647135442991744,141981578.64448306
2019-08-07,90.7483901977539,0.0,108.02999877929688,0.0,108.36000061035156,105.97000122070312,107.0999984741211,0.0,1453300,0.002347370314046555,141701592.24151126
2019-08-08,92.1848373413086,0.0,109.73999786376952,0.0,109.7699966430664,108.41999816894533,108.56999969482422,0.0,1467800,0.0021054693781935247,141494496.94533575
2019-08-09,91.6724090576172,0.0,109.12999725341795,0.0,109.6500015258789,108.41000366210938,109.43000030517578,0.0,1113200,0.002639745646303705,141307753.36215913
2019-08-12,90.55516815185548,0.0,107.8000030517578,0.0,108.6999969482422,107.4499969482422,108.58000183105467,0.0,951500,0.0025991431666091518,140795151.3347444
2019-08-13,91.6388168334961,0.0,109.08999633789062,0.0,109.7300033569336,107.5500030517578,107.6999969482422,0.0,1126700,0.0028604016385522417,140705867.91811746
2019-08-14,89.00112915039062,0.0,105.9499969482422,0.0,107.68000030517578,105.91999816894533,107.63999938964844,0.0,1212500,0.0033089826477204634,140133648.61989096
2019-08-15,89.06832885742188,0.0,106.02999877929688,0.0,106.47000122070312,105.20999908447266,106.18000030517578,0.0,1330300,0.003148910222155507,139529384.7399757
2019-08-16,90.36196899414062,0.0,107.56999969482422,0.0,107.76000213623048,106.5999984741211,106.62000274658205,0.0,1224000,0.0029397633320397795,139332590.46187627
2019-08-19,91.31121063232422,0.0,108.6999969482422,0.0,108.98999786376952,108.4800033569336,108.6999969482422,0.0,1111800,0.002939763332039779,139097816.4929829
2019-08-20,90.40396118164062,0.0,107.62000274658205,0.0,108.66999816894533,107.55999755859376,108.55999755859376,0.0,799200,0.002939763332039779,138754379.39072865
2019-08-21,90.966796875,0.0,108.29000091552734,0.0,108.48999786376952,108.11000061035156,108.4800033569336,0.0,789900,0.0030107624692800403,138490438.1559947
2019-08-22,91.0339813232422,0.0,108.37000274658205,0.0,108.93000030517578,107.9000015258789,108.62999725341795,0.0,1123200,0.0027762509152934834,137693876.41152275
2019-08-23,88.88351440429688,0.0,105.80999755859376,0.0,108.4000015258789,105.25,107.94000244140624,0.0,1209400,0.0027130172674195725,136637495.83511353
2019-08-26,89.72354888916016,0.0,106.80999755859376,0.0,106.80999755859376,106.02999877929688,106.62999725341795,0.0,1172600,0.002821761329043116,136483238.17360288
2019-08-27,89.16912841796875,0.0,106.1500015258789,0.0,107.5,106.01000213623048,107.36000061035156,0.0,1104400,0.0030399382288162336,136121583.7118603
2019-08-28,89.97555541992188,0.0,107.11000061035156,0.0,107.16000366210938,105.80999755859376,105.9499969482422,0.0,824600,0.0033201593799829223,135635146.56533134
2019-08-29,90.92478942871094,0.0,108.23999786376952,0.0,108.4800033569336,107.5999984741211,108.02999877929688,0.0,992400,0.0030376387411917287,135294450.26587835
2019-08-30,91.1600112915039,0.0,108.5199966430664,0.0,109.08000183105467,108.26000213623048,108.86000061035156,0.0,1030700,0.0030376387411917287,134632606.25763544
2019-09-03,90.823974609375,0.0,108.12000274658205,0.0,108.1999969482422,107.27999877929688,107.87000274658205,0.0,1552400,0.0030376387411917287,134682529.87613374
2019-09-04,91.70601654052734,0.0,109.16999816894533,0.0,109.2300033569336,108.75,108.97000122070312,0.0,798100,0.00256374160638448,134266838.16773552
2019-09-05,92.7476577758789,0.0,110.41000366210938,0.0,110.91000366210938,110.11000061035156,110.16999816894533,0.0,1048900,0.0020810848366370994,133113930.77163091
2019-09-06,92.9156494140625,0.0,110.61000061035156,0.0,110.81999969482422,110.31999969482422,110.58000183105467,0.0,901500,0.00223756162060807,132778628.48918249
2019-09-09,93.60448455810548,0.0,111.43000030517578,0.0,111.47000122070312,110.91000366210938,111.04000091552734,0.0,947800,0.0017032853524978902,132760250.28025915
2019-09-10,94.11688995361328,0.0,112.04000091552734,0.0,112.04000091552734,111.20999908447266,111.20999908447266,0.0,1517700,0.0017032853524978902,133249527.5751447
2019-09-11,94.8309097290039,0.0,112.88999938964844,0.0,112.91999816894533,111.70999908447266,112.13999938964844,0.0,1645500,0.0014420268805547998,133736263.88225858
2019-09-12,94.94853973388672,0.0,113.02999877929688,0.0,113.33999633789062,112.5,113.01000213623048,0.0,1586900,0.0009934458713865787,134343878.60749865
2019-09-13,95.05774688720705,0.0,113.16000366210938,0.0,113.62999725341795,113.02999877929688,113.29000091552734,0.0,1658700,0.0009934458713865787,134739000.52667648
2019-09-16,94.80256652832033,0.0,112.1999969482422,0.658,112.61000061035156,111.91999816894533,112.22000122070312,0.0,1046800,0.0009934458713865787,134810890.5566685
2019-09-17,94.80256652832033,0.0,112.1999969482422,0.0,112.20999908447266,111.80999755859376,112.0500030517578,0.0,1290300,0.0009934458713865787,134689460.2081844
2019-09-18,94.82791137695312,0.0,112.2300033569336,0.0,112.2699966430664,111.41999816894533,112.01000213623048,0.0,943900,0.0010896782513179397,134422457.05704463
2019-09-19,94.7349624633789,0.0,112.12000274658205,0.0,112.70999908447266,111.98999786376952,112.38999938964844,0.0,1006900,0.0010186791140776787,134315459.71806845
2019-09-20,94.57440185546876,0.0,111.93000030517578,0.0,112.62000274658205,111.68000030517578,112.37000274658205,0.0,884000,0.001108396428702378,133289493.01345462
2019-09-23,94.60823059082033,0.0,111.97000122070312,0.0,112.20999908447266,111.5,111.66000366210938,0.0,1440500,0.0011710733607686596,133078394.79044959
2019-09-24,93.98297882080078,0.0,111.2300033569336,0.0,112.31999969482422,110.87000274658205,112.2300033569336,0.0,1774900,0.0012394774010062027,133586654.09157163
2019-09-25,94.32940673828124,0.0,111.63999938964844,0.0,111.77999877929688,110.95999908447266,111.2300033569336,0.0,764000,0.0012556132990089353,133027110.06665911
2019-09-26,94.06746673583984,0.0,111.33000183105467,0.0,111.69000244140624,110.83000183105467,111.66000366210938,0.0,945200,0.0011506055818643127,132676378.30806914
2019-09-27,94.03366088867188,0.0,111.29000091552734,0.0,111.87999725341795,110.76000213623048,111.63999938964844,0.0,873700,0.0014676437380107459,132193419.05278403
2019-09-30,94.31249237060548,0.0,111.62000274658205,0.0,111.9499969482422,111.4000015258789,111.4000015258789,0.0,1126100,0.0016056000403048333,131448760.69027129
2019-10-01,92.95215606689452,0.0,110.01000213623048,0.0,112.12999725341795,109.9000015258789,111.9800033569336,0.0,1675300,0.0016774130026207888,131510086.72292195
2019-10-02,91.30450439453124,0.0,108.05999755859376,0.0,109.58000183105467,107.61000061035156,109.4800033569336,0.0,1181600,0.0016774130026207888,130929372.9312049
2019-10-03,91.81148529052734,0.0,108.66000366210938,0.0,108.66000366210938,106.87999725341795,108.01000213623048,0.0,1237600,0.0016774130026207888,130808893.06426275
2019-10-04,93.06197357177734,0.0,110.13999938964844,0.0,110.19000244140624,108.8000030517578,108.8000030517578,0.0,1010400,0.0015209362186498177,130750072.88200742
2019-10-07,92.63951873779295,0.0,109.63999938964844,0.0,110.4499969482422,109.5,109.83000183105467,0.0,866700,0.0015575799690557936,130283483.63631718
2019-10-08,91.1693115234375,0.0,107.9000015258789,0.0,109.19000244140624,107.86000061035156,108.91000366210938,0.0,1289400,0.0015575799690557936,130493414.43556528
2019-10-09,91.86216735839844,0.0,108.72000122070312,0.0,109.0999984741211,108.27999877929688,108.5999984741211,0.0,880100,0.0018170976220780288,130556869.2035675
2019-10-10,92.48741912841795,0.0,109.45999908447266,0.0,109.83999633789062,108.62000274658205,108.62999725341795,0.0,2404900,0.0018170976220780288,131612593.931404
2019-10-11,93.39151763916016,0.0,110.52999877929688,0.0,111.5500030517578,110.52999877929688,110.5500030517578,0.0,1274100,0.0018170976220780288,131979256.44375634
2019-10-14,93.30701446533205,0.0,110.43000030517578,0.0,110.58000183105467,110.2300033569336,110.44000244140624,0.0,700800,0.0018170976220780288,131681096.44038488
2019-10-15,94.17729949951172,0.0,111.45999908447266,0.0,111.80999755859376,110.48999786376952,110.9000015258789,0.0,945300,0.0018170976220780288,131259550.40332855
2019-10-16,94.08435821533205,0.0,111.3499984741211,0.0,111.73999786376952,111.2699966430664,111.37000274658205,0.0,1460100,0.0018084813285974641,131481395.77259487
2019-10-17,94.41388702392578,0.0,111.73999786376952,0.0,112.01000213623048,111.47000122070312,111.79000091552734,0.0,949800,0.0019122841737750623,130993088.65386115
2019-10-18,94.354736328125,0.0,111.66999816894533,0.0,111.93000030517578,111.4000015258789,111.5,0.0,883800,0.0019053261555716228,130893395.96944536
2019-10-21,94.97154998779295,0.0,112.4000015258789,0.0,112.45999908447266,112.08999633789062,112.18000030517578,0.0,1042400,0.0018494924965423193,130864577.45825146
2019-10-22,95.28417205810548,0.0,112.7699966430664,0.0,113.33999633789062,112.43000030517578,112.62999725341795,0.0,1026800,0.0016723443946812327,129781605.65865532
2019-10-23,95.52078247070312,0.0,113.0500030517578,0.0,113.08000183105467,112.44000244140624,112.6500015258789,0.0,1236800,0.001655027540139004,129878353.97069417
2019-10-24,95.25037384033205,0.0,112.7300033569336,0.0,113.3000030517578,112.41999816894533,113.23999786376952,0.0,901600,0.0016196485411025976,129772059.29630218
2019-10-25,95.63062286376952,0.0,113.18000030517578,0.0,113.44000244140624,112.7300033569336,112.7300033569336,0.0,818500,0.0014207438330250273,129564946.81660485
2019-10-28,96.0108413696289,0.0,113.62999725341795,0.0,114.06999969482422,113.51000213623048,113.62999725341795,0.0,1321000,0.00128278753073094,129692054.76399982
2019-10-29,96.3065414428711,0.0,113.9800033569336,0.0,114.2300033569336,113.45999908447266,113.5999984741211,0.0,2950300,0.0014042259378211778,130549907.46836586
2019-10-30,96.49246215820312,0.0,114.1999969482422,0.0,114.27999877929688,113.54000091552734,114.12000274658205,0.0,1030500,0.0016670030738320323,130121711.94834633
2019-10-31,96.1037826538086,0.0,113.73999786376952,0.0,113.95999908447266,113.0500030517578,113.95999908447266,0.0,816800,0.0018607546999688904,129845500.28370449
2019-11-01,97.0754623413086,0.0,114.88999938964844,0.0,114.9499969482422,114.27999877929688,114.27999877929688,0.0,881200,0.0018607546999688904,129477815.47517928
2019-11-04,97.6077651977539,0.0,115.5199966430664,0.0,115.7300033569336,115.3499984741211,115.55999755859376,0.0,1106200,0.0018241109495629143,128719266.31173633
2019-11-05,97.70916748046876,0.0,115.63999938964844,0.0,115.88999938964844,115.45999908447266,115.70999908447266,0.0,1476100,0.0018594721799851106,128732711.69509283
2019-11-06,97.8359146118164,0.0,115.79000091552734,0.0,115.9499969482422,115.4499969482422,115.73999786376952,0.0,1118900,0.0017663936530716057,127899908.2883078
2019-11-07,98.28372955322266,0.0,116.31999969482422,0.0,116.7300033569336,116.12999725341795,116.33999633789062,0.0,3093400,0.0017663936530716057,129338698.80065313
2019-11-08,98.60482025146484,0.0,116.6999969482422,0.0,116.6999969482422,115.8499984741211,116.26000213623048,0.0,822800,0.0019325831078021668,128937448.81117685
2019-11-11,98.24991607666016,0.0,116.27999877929688,0.0,116.33000183105467,116.0199966430664,116.18000030517578,0.0,868900,0.0019891840249337605,128243328.02128868
2019-11-12,98.25839233398438,0.0,116.29000091552734,0.0,116.7699966430664,116.0500030517578,116.43000030517578,0.0,785700,0.00202448967508116,127951309.21248785
2019-11-13,98.18233489990234,0.0,116.1999969482422,0.0,116.4000015258789,115.68000030517578,115.88999938964844,0.0,2269400,0.0019368735886303636,128652103.0936771
2019-11-14,98.10626983642578,0.0,116.11000061035156,0.0,116.20999908447266,115.6500015258789,116.06999969482422,0.0,1397800,0.0020019750740720072,129162662.90944417
2019-11-15,98.84140014648438,0.0,116.9800033569336,0.0,116.98999786376952,116.36000061035156,116.5999984741211,0.0,1110600,0.0018435036271373796,129385474.06819661
2019-11-18,98.8667449951172,0.0,117.01000213623048,0.0,117.0999984741211,116.70999908447266,116.8499984741211,0.0,1121300,0.0018375800281504359,129803793.07054187
2019-11-19,98.7061996459961,0.0,116.81999969482422,0.0,117.30999755859376,116.5999984741211,117.30999755859376,0.0,1306300,0.001940937529798449,130360690.63628666
2019-11-20,98.37667846679688,0.0,116.43000030517578,0.0,116.72000122070312,115.87000274658205,116.5999984741211,0.0,1328300,0.001723941586564828,130497003.00868201
2019-11-21,98.46959686279295,0.0,116.54000091552734,0.0,116.66999816894533,116.0199966430664,116.55999755859376,0.0,1694800,0.0017292183410852532,131183373.5756647
2019-11-22,98.82449340820312,0.0,116.95999908447266,0.0,117.0500030517578,116.58999633789062,116.81999969482422,0.0,888100,0.0016110848930163905,131218028.58393836
2019-11-25,99.38216400146484,0.0,117.62000274658205,0.0,117.66000366210938,117.23999786376952,117.31999969482422,0.0,1058800,0.0016110848930163905,130885490.80512637
2019-11-26,99.49199676513672,0.0,117.75,0.0,117.79000091552734,117.43000030517578,117.70999908447266,0.0,1327800,0.0014210807851233543,131262864.03823125
2019-11-27,99.71168518066406,0.0,118.01000213623048,0.0,118.12000274658205,117.6500015258789,117.9499969482422,0.0,874500,0.0011583036491124997,130844374.55599345
2019-11-29,99.40750122070312,0.0,117.6500015258789,0.0,117.95999908447266,117.5199966430664,117.86000061035156,0.0,494500,0.001060674031535761,129903938.45186386
2019-12-02,98.85826873779295,0.0,117.0,0.0,117.80999755859376,116.91000366210938,117.80999755859376,0.0,2330600,0.001060674031535761,131068218.34406172
2019-12-03,98.03024291992188,0.0,116.0199966430664,0.0,116.19000244140624,115.33999633789062,116.0500030517578,0.0,1395600,0.001060674031535761,131302381.58563282
2019-12-04,98.7484359741211,0.0,116.87000274658205,0.0,117.12000274658205,116.2699966430664,116.4499969482422,0.0,1396800,0.0010253128011135646,131702202.63872904
2019-12-05,98.95124053955078,0.0,117.11000061035156,0.0,117.20999908447266,116.51000213623048,117.08999633789062,0.0,1803200,0.0010252788727768498,132686680.23842706
2019-12-06,99.7792739868164,0.0,118.08999633789062,0.0,118.36000061035156,117.7699966430664,117.91000366210938,0.0,1120100,0.0010252788727768498,132553386.09134129
2019-12-09,99.53423309326172,0.0,117.8000030517578,0.0,118.16999816894533,117.7699966430664,117.95999908447266,0.0,999700,0.0009848377682406776,132456749.35802278
2019-12-10,99.44131469726562,0.0,117.69000244140624,0.0,117.95999908447266,117.33000183105467,117.7300033569336,0.0,1188300,0.0009282368511090839,132817749.40694779
2019-12-11,99.66942596435548,0.0,117.95999908447266,0.0,118.12000274658205,117.68000030517578,117.86000061035156,0.0,1129000,0.0008929312009616844,132819600.68031795
2019-12-12,100.7931900024414,0.0,119.29000091552734,0.0,119.5,117.95999908447266,118.02999877929688,0.0,1618400,0.0008929312009616844,133141933.7579818
2019-12-13,100.48904418945312,0.0,118.93000030517578,0.0,119.75,118.63999938964844,119.22000122070312,0.0,1739500,0.0008335069776112018,134008203.48441714
2019-12-16,101.19876861572266,0.0,119.7699966430664,0.0,120.08999633789062,119.61000061035156,119.70999908447266,0.0,1188200,0.0009341470983976969,134102591.41815428
2019-12-17,101.29171752929688,0.0,119.87999725341795,0.0,120.08000183105467,119.80999755859376,119.95999908447266,0.0,1716800,0.001004403605622689,134773969.20614696
2019-12-18,101.21566009521484,0.0,119.79000091552734,0.0,120.08000183105467,119.70999908447266,120.0199966430664,0.0,1213900,0.0009896195618438416,134988240.76212323
2019-12-19,101.4269027709961,0.0,120.04000091552734,0.0,120.1500015258789,119.83000183105467,119.91999816894533,0.0,1539400,0.0010793633487524812,135681507.57753283
2019-12-20,102.02680206298828,0.0,120.75,0.0,121.0199966430664,120.48999786376952,120.5999984741211,0.0,1818200,0.0008511364721477663,136598820.2669719
2019-12-23,102.043701171875,0.0,120.7699966430664,0.0,120.91999816894533,120.69000244140624,120.91999816894533,0.0,1464300,0.0008988336960130096,137142717.46538556
2019-12-24,102.0002899169922,0.0,119.80999755859376,0.909,119.94000244140624,119.69000244140624,119.93000030517578,0.0,893300,0.0008988336960130096,137162994.5761302
2019-12-26,102.24720764160156,0.0,120.0999984741211,0.0,120.13999938964844,119.8000030517578,119.98999786376952,0.0,780300,0.0008955864344998525,137049986.14759293
2019-12-27,102.24720764160156,0.0,120.0999984741211,0.0,120.3499984741211,119.91999816894533,120.3499984741211,0.0,1150900,0.0008955864344998525,136727394.87137568
2019-12-30,101.77896118164062,0.0,119.5500030517578,0.0,120.27999877929688,119.4000015258789,120.1999969482422,0.0,1475200,0.0008289293350931348,136395883.67878747
2019-12-31,102.03434753417967,0.0,119.8499984741211,0.0,119.93000030517578,119.22000122070312,119.4000015258789,0.0,1184500,0.000900341382731724,136457482.55120534
2020-01-02,102.53665924072266,0.0,120.44000244140624,0.0,120.44000244140624,119.79000091552734,120.37000274658205,0.0,1634700,0.000900341382731724,137250437.72483703
2020-01-03,101.71935272216795,0.0,119.4800033569336,0.0,119.83000183105467,119.08999633789062,119.2300033569336,0.0,1401600,0.0011464229342290886,137910225.5458529
2020-01-06,101.8470687866211,0.0,119.62999725341795,0.0,119.68000030517578,118.7699966430664,118.93000030517578,0.0,1546300,0.001094071383824761,138620808.16675216
2020-01-07,101.45543670654295,0.0,119.16999816894533,0.0,119.37000274658205,118.97000122070312,119.3499984741211,0.0,1422200,0.0011788712497209477,138551099.64245993
2020-01-08,101.6938018798828,0.0,119.4499969482422,0.0,119.95999908447266,119.11000061035156,119.20999908447266,0.0,1401700,0.0010531228995265588,139112672.1490527
2020-01-09,102.1620635986328,0.0,120.0,0.0,120.02999877929688,119.62000274658205,119.9499969482422,0.0,1239100,0.0011475785852991716,139546966.58742994
2020-01-10,101.8215103149414,0.0,119.5999984741211,0.0,120.26000213623048,119.4499969482422,120.19000244140624,0.0,1736200,0.0012461759491778927,140556930.62472874
2020-01-13,102.24720764160156,0.0,120.0999984741211,0.0,120.0999984741211,119.48999786376952,119.8000030517578,0.0,2077300,0.0014518186922969187,141482681.7436521
2020-01-14,102.38343048095705,0.0,120.26000213623048,0.0,120.52999877929688,119.8499984741211,119.95999908447266,0.0,4584700,0.0013423385850281602,145161193.60823858
2020-01-15,102.54515075683594,0.0,120.4499969482422,0.0,120.73999786376952,120.02999877929688,120.11000061035156,0.0,1222700,0.001335154303563309,145079566.30869064
2020-01-16,103.21774291992188,0.0,121.23999786376952,0.0,121.23999786376952,120.76000213623048,120.9499969482422,0.0,1506800,0.0012639781222882822,144660360.6926691
2020-01-17,103.3284149169922,0.0,121.37000274658205,0.0,121.52999877929688,121.23999786376952,121.41000366210938,0.0,1295300,0.0011754046644191166,145068573.9124419
2020-01-21,102.92827606201172,0.0,120.9000015258789,0.0,121.26000213623048,120.75,121.04000091552734,0.0,1717100,0.0010856608775104768,145923882.47219267
2020-01-22,103.03893280029295,0.0,121.02999877929688,0.0,121.3499984741211,120.91000366210938,121.20999908447266,0.0,1300800,0.0011689540825401263,146004731.56436738
2020-01-23,102.97936248779295,0.0,120.95999908447266,0.0,121.01000213623048,120.0500030517578,120.66999816894533,0.0,1161500,0.0011212568586748829,146338042.42995125
2020-01-24,101.9917984008789,0.0,119.8000030517578,0.0,121.12000274658205,119.29000091552734,121.12000274658205,0.0,1706500,0.0013575615900878713,147242791.52862912
2020-01-27,100.5700225830078,0.0,118.12999725341795,0.0,118.66000366210938,118.0,118.18000030517578,0.0,1661100,0.0013575615900878713,148186865.04996163
2020-01-28,101.2936782836914,0.0,118.9800033569336,0.0,119.36000061035156,118.44000244140624,118.51000213623048,0.0,1232200,0.0014415649698223318,148695670.5580878
2020-01-29,100.84247589111328,0.0,118.4499969482422,0.0,119.4000015258789,118.4499969482422,119.29000091552734,0.0,1032300,0.0017801008704627214,148811322.10292512
2020-01-30,101.28515625,0.0,118.97000122070312,0.0,119.08999633789062,117.37999725341795,117.70999908447266,0.0,1718900,0.0017086888228241323,149502762.2532557
2020-01-31,99.48030853271484,0.0,116.8499984741211,0.0,118.41999816894533,116.44000244140624,118.4000015258789,0.0,1895400,0.0022354630719795187,149897682.32846943
2020-02-03,99.83787536621094,0.0,117.2699966430664,0.0,118.16000366210938,117.11000061035156,117.41999816894533,0.0,1509300,0.00225809706675602,150053734.7565121
2020-02-04,101.02123260498048,0.0,118.66000366210938,0.0,119.12999725341795,118.54000091552734,118.62000274658205,0.0,1308600,0.002302663115945025,149912297.16735718
2020-02-05,102.74951171875,0.0,120.69000244140624,0.0,120.7699966430664,119.5500030517578,119.5999984741211,0.0,1624500,0.0022334844446711922,150435827.83719018
2020-02-06,102.80907440185548,0.0,120.76000213623048,0.0,121.25,120.61000061035156,121.13999938964844,0.0,1120800,0.0022334844446711922,150263985.08455792
2020-02-07,102.20462799072266,0.0,120.0500030517578,0.0,120.5,119.91000366210938,120.37999725341795,0.0,1047000,0.0021390287588985797,149983159.5633734
2020-02-10,102.54515075683594,0.0,120.4499969482422,0.0,120.4499969482422,119.77999877929688,119.80999755859376,0.0,984300,0.0022138886207062813,149959948.6034817
2020-02-11,102.96231842041016,0.0,120.94000244140624,0.0,121.27999877929688,120.8000030517578,120.91000366210938,0.0,1246400,0.0020082458775872556,150342233.6522057
2020-02-12,103.37098693847656,0.0,121.41999816894533,0.0,121.70999908447266,121.11000061035156,121.48999786376952,0.0,1214700,0.0020365621523705186,150537290.57999867
2020-02-13,103.09854888916016,0.0,121.0999984741211,0.0,121.37000274658205,120.55999755859376,120.93000030517578,0.0,1016300,0.0019431063130488746,150494509.28753445
2020-02-14,102.9453125,0.0,120.91999816894533,0.0,121.38999938964844,120.4800033569336,121.26000213623048,0.0,871200,0.0022506830560865376,150211126.70839703
2020-02-18,102.41744995117188,0.0,120.3000030517578,0.0,120.83000183105467,119.8499984741211,120.73999786376952,0.0,1241500,0.0022506830560865376,150351497.9319073
2020-02-19,102.73248291015624,0.0,120.66999816894533,0.0,120.87999725341795,120.41999816894533,120.58999633789062,0.0,1302000,0.0023532786601613643,150639273.17800975
2020-02-20,102.63031005859376,0.0,120.5500030517578,0.0,120.81999969482422,119.5999984741211,120.44000244140624,0.0,1494900,0.002293652495215593,151386894.55393836
2020-02-21,102.18760681152344,0.0,120.02999877929688,0.0,120.16000366210938,119.56999969482422,120.0199966430664,0.0,1363300,0.0024292952563742085,152006724.91594344
2020-02-24,99.06315612792967,0.0,116.36000061035156,0.0,117.62999725341795,116.11000061035156,117.01000213623048,0.0,3389200,0.00219299052496122,154170583.06660727
2020-02-25,95.94719696044922,0.0,112.6999969482422,0.0,116.83999633789062,112.33000183105467,116.69000244140624,0.0,2987500,0.00219299052496122,155827127.74784148
2020-02-26,95.12139892578124,0.0,111.7300033569336,0.0,114.20999908447266,111.7300033569336,113.1999969482422,0.0,2482300,0.002151503877915196,157034286.35256934
2020-02-27,91.10302734375,0.0,107.01000213623048,0.0,111.2699966430664,106.98999786376952,110.0,0.0,4622700,0.0017835030681214049,160029866.3143945
2020-02-28,89.8174819946289,0.0,105.5,0.0,105.5999984741211,102.27999877929688,103.94000244140624,0.0,5049600,0.0017835030681214049,163556928.96119374
2020-03-02,93.6570816040039,0.0,110.01000213623048,0.0,110.02999877929688,104.80999755859376,106.0,0.0,3401800,0.0012567288189660182,165674505.55950347
2020-03-03,91.05192565917967,0.0,106.9499969482422,0.0,111.70999908447266,106.0199966430664,110.16000366210938,0.0,2684500,0.001908389700908572,167065423.86321416
2020-03-04,95.0703125,0.0,111.66999816894533,0.0,111.6999969482422,108.27999877929688,109.33999633789062,0.0,1994300,0.002805315745893659,167500804.6972184
2020-03-05,91.92884063720705,0.0,107.9800033569336,0.0,109.7300033569336,106.9800033569336,108.98999786376952,0.0,1773900,0.0038473564564841948,168329512.25607735
2020-03-06,90.38787841796876,0.0,106.16999816894533,0.0,106.66999816894533,103.9499969482422,104.6500015258789,0.0,4032500,0.0038473564564841948,170808254.0400066
2020-03-09,83.18545532226562,0.0,97.70999908447266,0.0,100.94000244140624,96.95999908447266,98.30999755859376,0.0,5845500,0.004235256146848628,174549911.85030863
2020-03-10,86.81221008300781,0.0,101.97000122070312,0.0,102.0199966430664,96.8499984741211,101.37999725341795,0.0,5428200,0.0057205579989542685,178104675.39266557
2020-03-11,82.41925048828125,0.0,96.80999755859376,0.0,99.63999938964844,95.62999725341795,99.18000030517578,0.0,3663800,0.007371323648089544,179570146.50112334
2020-03-12,74.14410400390625,0.0,87.08999633789062,0.0,93.27999877929688,87.0,90.0,0.0,7160300,0.00734300737330628,183044987.82479423
2020-03-13,80.92086029052734,0.0,95.0500030517578,0.0,95.31999969482422,87.5999984741211,92.11000061035156,0.0,6004700,0.010227543553243887,186151173.92211187
2020-03-16,71.95613861083984,0.0,84.5199966430664,0.0,90.62000274658205,84.25,85.86000061035156,0.0,5495100,0.01291701753631328,188347581.34654817
2020-03-17,76.79181671142578,0.0,90.1999969482422,0.0,90.58999633789062,84.04000091552734,86.2699966430664,0.0,6685800,0.016444721055776972,192201614.54330322
2020-03-18,72.34777069091797,0.0,84.9800033569336,0.0,86.94999694824219,80.43000030517578,84.51000213623047,0.0,5848200,0.019573512137896473,194996919.30179292
2020-03-19,71.53897857666016,0.0,84.02999877929688,0.0,85.87000274658203,81.19999694824219,83.70999908447266,0.0,5526800,0.021720357936554944,197842023.24691045
2020-03-20,68.15058898925781,0.0,80.05000305175781,0.0,85.08999633789062,79.93000030517578,84.47000122070312,0.0,9696800,0.023060225217909326,203106588.63442436
2020-03-23,65.34967803955078,0.0,76.76000213623047,0.0,79.6500015258789,75.55000305175781,79.44000244140625,0.0,8550600,0.023060225217909326,207530381.9201091
2020-03-24,71.74330139160156,0.0,84.2699966430664,0.0,84.41999816894531,80.5199966430664,80.58000183105469,0.0,7071000,0.023905362978991727,210979432.3923686
2020-03-25,73.06290435791016,0.0,85.81999969482422,0.0,89.12999725341797,82.88999938964844,84.5,0.0,5507800,0.023862846246303294,213164013.8317411
2020-03-26,77.73654174804688,0.0,90.5,0.761,91.20999908447266,85.81999969482422,85.83999633789062,0.0,5332300,0.023862846246303294,216317031.21639434
2020-03-27,75.68360900878906,0.0,88.11000061035156,0.0,90.63999938964844,87.0,87.62000274658203,0.0,4791900,0.025372365709537388,218832786.72587076
2020-03-30,78.00282287597656,0.0,90.80999755859376,0.0,91.16000366210938,87.94999694824219,88.62000274658203,0.0,4864100,0.026307128373704726,221566713.9903538
2020-03-31,76.4996337890625,0.0,89.05999755859375,0.0,91.1500015258789,88.6500015258789,90.66999816894533,0.0,4430900,0.02653619885122102,223701004.92757162
2020-04-01,73.20978546142578,0.0,85.2300033569336,0.0,86.76000213623047,84.4000015258789,85.63999938964844,0.0,4298200,0.02548065310967924,225145733.84701562
2020-04-02,75.10808563232422,0.0,87.44000244140625,0.0,87.9000015258789,84.76000213623047,84.77999877929688,0.0,3386800,0.02502847317039525,226482702.95140705
2020-04-03,73.96566009521484,0.0,86.11000061035156,0.0,88.05999755859375,85.18000030517578,87.16000366210938,0.0,3728600,0.026366977494695167,227963592.8541335
2020-04-06,78.3807601928711,0.0,91.25,0.0,92.04000091552734,88.95999908447266,89.44999694824219,0.0,3541400,0.026266229615665704,229645079.31934538
2020-04-07,78.67280578613281,0.0,91.58999633789062,0.0,94.97000122070312,91.56999969482422,94.54000091552734,0.0,3491200,0.024607470537873637,231428682.55540758
2020-04-08,81.8595962524414,0.0,95.3000030517578,0.0,95.79000091552734,91.77999877929688,92.55999755859376,0.0,2650100,0.024549001062407722,232328906.96905833
2020-04-09,83.63764190673828,0.0,97.37000274658205,0.0,98.7300033569336,96.29000091552734,96.5999984741211,0.0,3640500,0.024549001062407722,234382803.96845984
2020-04-13,82.05714416503906,0.0,95.52999877929688,0.0,97.48999786376952,94.51000213623048,96.91999816894533,0.0,3440000,0.021664464882470116,234901715.4287974
2020-04-14,83.95545959472656,0.0,97.73999786376952,0.0,98.0999984741211,96.45999908447266,97.44000244140624,0.0,4067100,0.019193747671020733,236938954.1102818
2020-04-15,81.61907196044922,0.0,95.0199966430664,0.0,95.55999755859376,94.16999816894533,95.47000122070312,0.0,2985000,0.01616362256761209,238575821.933819
2020-04-16,81.49021911621094,0.0,94.87000274658205,0.0,95.31999969482422,93.83000183105467,95.26000213623048,0.0,4153900,0.01332405324391924,240867229.61060056
2020-04-17,84.34201049804688,0.0,98.19000244140624,0.0,98.55999755859376,96.55999755859376,97.47000122070312,0.0,3101600,0.011153540405176892,241993927.8550466
2020-04-20,82.70138549804688,0.0,96.27999877929688,0.0,97.9499969482422,96.1500015258789,96.5,0.0,2699100,0.010324113070301897,243214076.22595286
2020-04-21,80.40792083740234,0.0,93.61000061035156,0.0,95.13999938964844,93.47000122070312,94.29000091552734,0.0,1916200,0.010324113070301897,243854405.89887226
2020-04-22,81.62767028808594,0.0,95.02999877929688,0.0,95.6999969482422,94.6500015258789,95.41999816894533,0.0,2056500,0.009867671950580002,244475544.2393409
2020-04-23,81.77368927001953,0.0,95.1999969482422,0.0,96.81999969482422,95.16999816894533,95.41000366210938,0.0,1903100,0.009867671950580002,244994455.99838135
2020-04-24,82.77867889404297,0.0,96.37000274658205,0.0,96.72000122070312,94.95999908447266,95.6999969482422,0.0,2010300,0.010562457977845144,245422331.97256422
2020-04-27,84.4880142211914,0.0,98.36000061035156,0.0,98.8000030517578,96.91999816894533,97.0500030517578,0.0,3223600,0.009052938514611048,247132140.91653976
2020-04-28,84.87454223632812,0.0,98.80999755859376,0.0,100.23999786376952,98.45999908447266,99.87999725341795,0.0,3380300,0.008118175850443712,249047772.69826618
2020-04-29,86.51517486572266,0.0,100.72000122070312,0.0,101.4800033569336,99.93000030517578,100.76000213623048,0.0,2346200,0.007526434402759932,249731931.74979195
2020-04-30,84.65982055664062,0.0,98.55999755859376,0.0,99.83000183105467,95.86000061035156,99.7699966430664,0.0,1905600,0.007526434402759932,248553683.55490065
2020-05-01,82.36636352539062,0.0,95.88999938964844,0.0,97.16999816894533,95.44000244140624,97.12999725341795,0.0,2000400,0.007367050866495644,249142058.61778864
2020-05-04,82.09148406982422,0.0,95.56999969482422,0.0,95.72000122070312,94.33000183105467,95.06999969482422,0.0,2998300,0.006028546542195723,250678921.31485108
2020-05-05,82.55534362792969,0.0,96.11000061035156,0.0,97.31999969482422,96.08000183105467,96.6999969482422,0.0,2970000,0.005741394730860758,252140870.79382396
2020-05-06,81.33561706542969,0.0,94.69000244140624,0.0,96.7699966430664,94.62999725341795,96.63999938964844,0.0,1421900,0.005741394730860758,252195247.7317992
2020-05-07,81.94547271728516,0.0,95.4000015258789,0.0,96.54000091552734,95.27999877929688,95.77999877929688,0.0,2415300,0.004585439325276546,252669243.1332785
2020-05-08,83.82662200927734,0.0,97.58999633789062,0.0,97.72000122070312,96.43000030517578,96.77999877929688,0.0,2283500,0.005080123509042975,253409634.59846255
2020-05-11,83.29405975341797,0.0,96.97000122070312,0.0,97.51000213623048,96.23999786376952,96.77999877929688,0.0,2355700,0.005590634808325059,252366840.50972953
2020-05-12,81.55896759033203,0.0,94.9499969482422,0.0,97.5500030517578,94.9499969482422,97.33000183105467,0.0,2938400,0.005428002995319927,253819065.22039384
2020-05-13,79.80665588378906,0.0,92.91000366210938,0.0,94.6500015258789,92.20999908447266,94.62999725341795,0.0,4709400,0.004930424579264879,256489816.65140182
2020-05-14,81.01777648925781,0.0,94.31999969482422,0.0,94.37000274658205,90.9800033569336,91.83999633789062,0.0,3475700,0.0051908534824662,258366475.1372746
2020-05-15,81.00061798095703,0.0,94.3000030517578,0.0,94.58999633789062,93.19000244140624,93.76000213623048,0.0,2676500,0.0052625205330186055,258276710.73325625
2020-05-18,84.15303039550781,0.0,97.97000122070312,0.0,98.54000091552734,96.9499969482422,97.11000061035156,0.0,2329000,0.0046164378253806,258799516.876033
2020-05-19,82.72713470458984,0.0,96.30999755859376,0.0,97.7699966430664,96.30999755859376,97.7300033569336,0.0,2537800,0.004775950080512078,259708227.35282657
2020-05-20,84.05854034423828,0.0,97.86000061035156,0.0,98.31999969482422,97.33999633789062,97.61000061035156,0.0,2515800,0.004760138373930851,260620869.21108186
2020-05-21,83.46582794189453,0.0,97.16999816894533,0.0,98.08999633789062,96.8499984741211,97.6500015258789,0.0,1944000,0.004896360006596629,260908936.75742376
2020-05-22,83.46582794189453,0.0,97.16999816894533,0.0,97.23999786376952,96.44000244140624,97.12000274658205,0.0,2205300,0.0042015739793314875,261382230.62692067
2020-05-26,85.54454040527344,0.0,99.58999633789062,0.0,100.41000366210938,99.4499969482422,99.70999908447266,0.0,3805400,0.0042015739793314875,262822451.09130618
2020-05-27,87.52877807617188,0.0,101.9000015258789,0.0,101.93000030517578,100.12000274658205,101.47000122070312,0.0,4314300,0.0043216996154627684,265487173.3246092
2020-05-28,87.10787963867188,0.0,101.41000366210938,0.0,102.91999816894533,101.18000030517578,102.77999877929688,0.0,2331900,0.0037639941574138316,266375601.32962182
2020-05-29,87.0992660522461,0.0,101.4000015258789,0.0,101.62999725341795,99.72000122070312,100.93000030517578,0.0,4240300,0.0037639941574138316,268547172.5714487
2020-06-01,87.31403350830078,0.0,101.6500015258789,0.0,102.0199966430664,100.94000244140624,101.20999908447266,0.0,1695700,0.0033178957277492246,269096126.22795105
2020-06-02,88.18157958984375,0.0,102.66000366210938,0.0,102.66999816894533,101.8000030517578,102.12000274658205,0.0,5505800,0.0033178957277492246,273120312.91373116
2020-06-03,89.94245910644531,0.0,104.70999908447266,0.0,105.01000213623048,103.5999984741211,103.83000183105467,0.0,4610900,0.0033178957277492246,274787988.5865772
2020-06-04,90.34618377685548,0.0,105.18000030517578,0.0,105.29000091552734,104.08000183105467,104.1999969482422,0.0,1675300,0.003511631550765912,274901405.6278168
2020-06-05,92.98320770263672,0.0,108.25,0.0,109.43000030517578,107.88999938964844,108.38999938964844,0.0,2669100,0.0030752907826807623,275898914.0021309
2020-06-08,94.62384796142578,0.0,110.16000366210938,0.0,110.22000122070312,108.83000183105467,109.04000091552734,0.0,5465500,0.002940298848166174,279001348.5014537
2020-06-09,92.8973159790039,0.0,108.1500015258789,0.0,109.16000366210938,107.79000091552734,108.75,0.0,3808200,0.0030049280467058224,281220270.9690155
2020-06-10,91.16221618652344,0.0,106.12999725341795,0.0,108.08999633789062,106.0500030517578,107.98999786376952,0.0,4952800,0.002641226345053283,284457381.9796971
2020-06-11,85.2439193725586,0.0,99.23999786376952,0.0,103.30999755859376,98.93000030517578,102.72000122070312,0.0,3211000,0.002641226345053283,285876497.8784228
2020-06-12,86.47223663330078,0.0,100.66999816894533,0.0,102.26000213623048,98.7300033569336,102.12000274658205,0.0,1955000,0.0032479042147583416,286381521.7471047
2020-06-15,87.15940856933594,0.0,101.47000122070312,0.0,101.97000122070312,97.77999877929688,98.2300033569336,0.0,2762100,0.004374183346398973,287073675.3414699
2020-06-16,88.85157775878906,0.0,103.44000244140624,0.0,104.91999816894533,101.69000244140624,104.79000091552734,0.0,3123100,0.004374183346398973,287995697.05650085
2020-06-17,87.88953399658203,0.0,102.31999969482422,0.0,103.66000366210938,102.0999984741211,103.66000366210938,0.0,2051000,0.004635075717324112,288531789.19430083
2020-06-18,87.8465805053711,0.0,102.2699966430664,0.0,102.55999755859376,101.3000030517578,101.5500030517578,0.0,1859000,0.004262190782544833,288407264.94410074
2020-06-19,87.21955108642578,0.0,101.54000091552734,0.0,103.93000030517578,101.06999969482422,103.75,0.0,1922400,0.004441685640676879,288802403.1635345
2020-06-22,87.15082550048828,0.0,101.45999908447266,0.0,101.66999816894533,100.4800033569336,101.1500015258789,0.0,1462200,0.004441685640676879,288513238.3480738
2020-06-23,87.26248168945312,0.0,101.58999633789062,0.0,102.58000183105467,101.5,102.54000091552734,0.0,1503500,0.004441685640676879,287983023.3440581
2020-06-24,84.83159637451172,0.0,98.76000213623048,0.0,100.66999816894533,98.06999969482422,100.66999816894533,0.0,2601100,0.004321560004545598,288618270.4509796
2020-06-25,85.7354736328125,0.0,99.02999877929688,0.774,99.0999984741211,97.05999755859376,97.5,0.0,2756300,0.004321560004545598,289935176.1241247
2020-06-26,83.91736602783203,0.0,96.93000030517578,0.0,98.5,96.43000030517578,98.48999786376952,0.0,2150600,0.005264887476736316,290845839.85306877
2020-06-29,85.25064086914062,0.0,98.47000122070312,0.0,98.4800033569336,97.05999755859376,97.63999938964844,0.0,1874800,0.0058083421391737005,291214002.313741
2020-06-30,86.22024536132812,0.0,99.58999633789062,0.0,100.12999725341795,98.23999786376952,98.37999725341795,0.0,2074300,0.0058083421391737,291453838.5431199
2020-07-01,86.1856460571289,0.0,99.5500030517578,0.0,100.56999969482422,99.3000030517578,99.98999786376952,0.0,1540200,0.0058083421391737,291544033.7138161
2020-07-02,86.5838851928711,0.0,100.01000213623048,0.0,101.47000122070312,99.83000183105467,100.81999969482422,0.0,2045900,0.005837411087106803,291605360.6295268
2020-07-06,87.43233489990234,0.0,100.98999786376952,0.0,101.69000244140624,100.5999984741211,101.45999908447266,0.0,1711500,0.0062328938754550615,291648068.63459635
2020-07-07,86.37611389160156,0.0,99.7699966430664,0.0,100.45999908447266,99.5999984741211,100.26000213623048,0.0,2861500,0.005873201626203222,292445751.0206374
2020-07-08,86.64447784423828,0.0,100.08000183105467,0.0,100.37999725341795,99.19000244140624,99.88999938964844,0.0,1960800,0.00553698187524594,292658078.76821244
2020-07-09,85.16405487060547,0.0,98.37000274658205,0.0,100.0,97.62999725341795,99.95999908447266,0.0,3652400,0.00553698187524594,294180725.88971454
2020-07-10,86.73973083496094,0.0,100.19000244140624,0.0,100.26000213623048,98.31999969482422,98.31999969482422,0.0,2314300,0.00606264408377356,294840866.5456681
2020-07-13,87.01676177978516,0.0,100.51000213623048,0.0,101.91999816894533,100.30999755859376,100.81999969482422,0.0,2552200,0.004803719948365699,295228740.4353611
2020-07-14,88.33269500732422,0.0,102.02999877929688,0.0,102.16999816894533,99.8000030517578,100.18000030517578,0.0,2646300,0.004196230362158112,295391583.7602767
2020-07-15,89.44953155517578,0.0,103.31999969482422,0.0,103.69000244140624,102.79000091552734,103.45999908447266,0.0,2680600,0.004196230362158111,293213834.23160976
2020-07-16,89.63133239746094,0.0,103.52999877929688,0.0,103.87000274658205,102.63999938964844,102.9000015258789,0.0,2128600,0.004119741760066768,293793990.931078
2020-07-17,89.78716278076172,0.0,103.70999908447266,0.0,104.1500015258789,103.43000030517578,103.9000015258789,0.0,2065800,0.004119741760066768,294044464.640027
2020-07-20,89.0772476196289,0.0,102.88999938964844,0.0,103.66000366210938,102.73999786376952,103.5,0.0,2121400,0.0038040252692689443,294529070.0380235
2020-07-21,90.13349151611328,0.0,104.11000061035156,0.0,104.58999633789062,103.4000015258789,103.55999755859376,0.0,1981500,0.003996190232623428,294518725.3839705
2020-07-22,90.57501220703124,0.0,104.62000274658205,0.0,104.7300033569336,103.66000366210938,103.87999725341795,0.0,1842000,0.004309386444693258,294798679.5319633
2020-07-23,90.51441955566406,0.0,104.5500030517578,0.0,105.25,104.16000366210938,104.58999633789062,0.0,2069800,0.004309386444693258,295401080.7810102
2020-07-24,89.67461395263672,0.0,103.58000183105467,0.0,104.47000122070312,103.16999816894533,104.22000122070312,0.0,2013900,0.004309386444693258,295434105.07053196
2020-07-27,89.66596221923828,0.0,103.56999969482422,0.0,103.63999938964844,102.83999633789062,103.63999938964844,0.0,1565600,0.0033660589725025406,295163656.2854888
2020-07-28,89.6486587524414,0.0,103.5500030517578,0.0,104.12000274658205,103.31999969482422,103.38999938964844,0.0,1453100,0.0028226043100651557,295194301.91483873
2020-07-29,90.56636810302734,0.0,104.61000061035156,0.0,104.8499984741211,103.5,103.6999969482422,0.0,2619600,0.0028686020776904075,296398749.7382452
2020-07-30,89.7179183959961,0.0,103.62999725341795,0.0,103.8499984741211,102.68000030517578,103.58999633789062,0.0,2264600,0.003305614995497698,296638297.0134977
2020-07-31,89.44087219238281,0.0,103.30999755859376,0.0,103.41000366210938,101.94000244140624,103.30999755859376,0.0,1987700,0.003303314120550251,296510295.38682604
2020-08-03,89.7179183959961,0.0,103.62999725341795,0.0,103.97000122070312,103.05999755859376,103.6500015258789,0.0,1744300,0.002907831332201992,296540185.84933203
2020-08-04,90.1421356201172,0.0,104.12000274658205,0.0,104.18000030517578,103.36000061035156,103.41999816894533,0.0,1289600,0.00302996110631087,296373476.91877455
2020-08-05,90.80875396728516,0.0,104.88999938964844,0.0,105.08999633789062,104.62999725341795,104.88999938964844,0.0,1721700,0.0027910403594464187,296250684.87895787
2020-08-06,90.7654800415039,0.0,104.83999633789062,0.0,104.97000122070312,104.3499984741211,104.6999969482422,0.0,1434300,0.002827849279522611,296369924.53255427
2020-08-07,91.82170104980467,0.0,106.05999755859376,0.0,106.05999755859376,104.54000091552734,104.62000274658205,0.0,2226200,0.00230218707099499,297246261.1465999
2020-08-10,92.73072814941406,0.0,107.11000061035156,0.0,107.13999938964844,106.2699966430664,106.2699966430664,0.0,1576100,0.00230218707099499,297645127.3368048
2020-08-11,92.66146087646484,0.0,107.02999877929688,0.0,108.66999816894533,106.6999969482422,108.22000122070312,0.0,2670800,0.0017117304750095415,298717477.35027134
2020-08-12,93.3454132080078,0.0,107.81999969482422,0.0,108.11000061035156,107.44000244140624,107.9800033569336,0.0,2527000,0.0018366705851159658,299709320.7427555
2020-08-13,92.60953521728516,0.0,106.97000122070312,0.0,107.37999725341795,106.66999816894533,107.12000274658205,0.0,1452700,0.0014927545611506925,299965839.7294544
2020-08-14,92.8519515991211,0.0,107.25,0.0,107.54000091552734,106.51000213623048,106.6500015258789,0.0,1382900,0.0017420134249160981,300306875.6230672
2020-08-17,92.5316162109375,0.0,106.87999725341795,0.0,107.33000183105467,106.77999877929688,107.33000183105467,0.0,2092100,0.0018971814556991869,300896170.76961577
2020-08-18,92.26324462890624,0.0,106.56999969482422,0.0,107.13999938964844,106.43000030517578,106.94000244140624,0.0,1132600,0.001705016492344704,300607193.34134907
2020-08-19,91.97752380371094,0.0,106.23999786376952,0.0,107.12000274658205,105.9499969482422,106.6999969482422,0.0,1448500,0.0015933089563271152,300398292.05042523
2020-08-20,91.4494171142578,0.0,105.62999725341795,0.0,105.95999908447266,105.41000366210938,105.5500030517578,0.0,1221900,0.0015933089563271152,300123945.9893787
2020-08-21,91.52734375,0.0,105.72000122070312,0.0,105.86000061035156,105.25,105.44000244140624,0.0,1170200,0.0017204995096691783,297975900.20652044
2020-08-24,92.86058807373048,0.0,107.26000213623048,0.0,107.26000213623048,105.88999938964844,106.2699966430664,0.0,1225200,0.0017204995096691783,296346723.33139694
2020-08-25,92.73937225341795,0.0,107.12000274658205,0.0,107.80999755859376,106.72000122070312,107.7300033569336,0.0,1389300,0.0017204995096691783,295326679.14475334
2020-08-26,92.48833465576172,0.0,106.83000183105467,0.0,107.0999984741211,106.33999633789062,107.0,0.0,1545700,0.0016745017420439264,292711218.8031272
2020-08-27,93.2588348388672,0.0,107.72000122070312,0.0,108.12000274658205,107.12000274658205,107.12000274658205,0.0,1584200,0.001237488824236636,289837545.99307835
2020-08-28,93.96875,0.0,108.54000091552734,0.0,108.58000183105467,107.52999877929688,108.20999908447266,0.0,1188100,0.0010169849282342933,287890913.8487982
2020-08-31,93.18091583251952,0.0,107.62999725341795,0.0,108.5,107.62999725341795,108.5,0.0,1319900,0.0013670267409253772,286739751.6786969
2020-09-01,93.16360473632812,0.0,107.61000061035156,0.0,107.62000274658205,107.0,107.52999877929688,0.0,1395700,0.0012448969668164994,286164258.0318996
2020-09-02,94.79120635986328,0.0,109.48999786376952,0.0,109.83000183105467,107.63999938964844,107.88999938964844,0.0,2844000,0.0012448969668164994,287115399.5078496
2020-09-03,93.09434509277344,0.0,107.52999877929688,0.0,110.5500030517578,106.75,109.68000030517578,0.0,2561100,0.0018580493100932047,285903213.49401927
2020-09-04,93.08570098876952,0.0,107.5199966430664,0.0,108.70999908447266,106.18000030517578,108.26000213623048,0.0,1872700,0.0020794373085142115,282968204.7485049
2020-09-08,91.4321060180664,0.0,105.61000061035156,0.0,107.05999755859376,105.4000015258789,107.05999755859376,0.0,1819200,0.0022795568321625245,280100047.2285377
2020-09-09,92.49697875976562,0.0,106.83999633789062,0.0,107.75,106.29000091552734,106.41000366210938,0.0,2396500,0.002892916993113669,279317107.4044788
2020-09-10,91.15506744384766,0.0,105.29000091552734,0.0,107.33999633789062,105.11000061035156,107.08000183105467,0.0,3793700,0.002795850770832462,277538124.6718997
2020-09-11,91.76974487304688,0.0,106.0,0.0,106.4000015258789,105.19000244140624,105.7699966430664,0.0,1877700,0.0031475210203134826,274588040.91535294
2020-09-14,92.89522552490234,0.0,107.3000030517578,0.0,107.81999969482422,106.61000061035156,106.73999786376952,0.0,1265600,0.0028982621565480766,271979731.79082114
2020-09-15,92.72208404541016,0.0,107.0999984741211,0.0,108.01000213623048,106.94000244140624,107.79000091552734,0.0,2051700,0.0029848853844774534,268937493.118383
2020-09-16,93.30211639404295,0.0,107.7699966430664,0.0,108.83999633789062,107.3499984741211,107.58000183105467,0.0,2188400,0.0031923091232349244,266864983.634428
2020-09-17,92.89522552490234,0.0,107.3000030517578,0.0,107.70999908447266,106.12000274658205,106.66999816894533,0.0,1759200,0.0029908204471826823,264677246.8734378
2020-09-18,92.19395446777344,0.0,106.48999786376952,0.0,107.52999877929688,106.04000091552734,107.43000030517578,0.0,1883100,0.003566230633094524,260108218.66220745
2020-09-21,90.18544006347656,0.0,104.16999816894533,0.0,105.02999877929688,102.91999816894533,104.97000122070312,0.0,2224400,0.003439040079752461,256738152.54840547
2020-09-22,90.26333618164062,0.0,104.26000213623048,0.0,104.94000244140624,103.6500015258789,104.26000213623048,0.0,1829500,0.0038581800528405276,253522839.27574763
2020-09-23,88.5924301147461,0.0,102.33000183105467,0.0,104.87000274658205,102.20999908447266,104.51000213623048,0.0,1603400,0.004118323204524101,251073605.39175367
2020-09-24,88.72230529785156,0.0,102.4800033569336,0.0,103.41999816894533,101.22000122070312,102.08999633789062,0.0,2782000,0.004118323204524101,249506353.16428533
2020-09-25,89.7040023803711,0.0,102.88999938964844,0.716,103.11000061035156,101.11000061035156,101.2699966430664,0.0,4190100,0.004902534260834089,249577028.35887122
2020-09-28,91.06405639648438,0.0,104.4499969482422,0.0,104.97000122070312,103.98999786376952,104.0199966430664,0.0,2986400,0.004902534260834089,248547032.8172956
2020-09-29,90.29685974121094,0.0,103.56999969482422,0.0,104.54000091552734,103.1999969482422,104.4499969482422,0.0,1909000,0.004552492448143005,246984327.9461452
2020-09-30,91.11638641357422,0.0,104.51000213623048,0.0,105.43000030517578,103.88999938964844,103.94000244140624,0.0,2935600,0.0047051381365938285,246511819.70679873
2020-10-01,91.17740631103516,0.0,104.58000183105467,0.0,105.3000030517578,103.93000030517578,104.9499969482422,0.0,1823000,0.005306710047922543,245674577.98512778
2020-10-02,91.2646026611328,0.0,104.68000030517578,0.0,105.33999633789062,103.11000061035156,103.11000061035156,0.0,1755000,0.005102112516663369,244584448.24115813
2020-10-05,92.703125,0.0,106.33000183105467,0.0,106.44000244140624,105.37999725341795,105.44000244140624,0.0,1741600,0.004880724518242362,243489460.7902769
2020-10-06,91.83129119873048,0.0,105.33000183105467,0.0,107.47000122070312,105.16000366210938,106.63999938964844,0.0,1906900,0.0049454775143021445,242545768.609934
2020-10-07,93.2785415649414,0.0,106.98999786376952,0.0,107.37000274658205,106.16999816894533,106.19000244140624,0.0,1327700,0.004667180941665653,241668753.38831705
2020-10-08,94.43810272216795,0.0,108.31999969482422,0.0,108.3499984741211,107.52999877929688,107.56999969482422,0.0,1266900,0.004639307053840436,239944587.61541578
2020-10-09,94.60374450683594,0.0,108.51000213623048,0.0,109.12000274658205,108.1999969482422,108.93000030517578,0.0,1108300,0.004287636804359415,238290924.43737453
2020-10-12,95.29251861572266,0.0,109.3000030517578,0.0,109.5500030517578,108.5999984741211,108.80999755859376,0.0,1207300,0.004356941635151406,236183301.80541146
2020-10-13,94.39452362060548,0.0,108.2699966430664,0.0,109.12999725341795,107.91999816894533,108.87999725341795,0.0,1609200,0.0042017794102901995,235314995.36587548
2020-10-14,93.9760284423828,0.0,107.79000091552734,0.0,108.79000091552734,107.66000366210938,108.23999786376952,0.0,1571800,0.004201207596245981,233532009.8026215
2020-10-15,94.21143341064452,0.0,108.05999755859376,0.0,108.11000061035156,106.51000213623048,106.6999969482422,0.0,1591600,0.004201207596245981,232479963.61644685
2020-10-16,94.47298431396484,0.0,108.36000061035156,0.0,108.91999816894533,108.13999938964844,108.33000183105467,0.0,1989100,0.003625797410334139,232128134.50937423
2020-10-19,93.19137573242188,0.0,106.88999938964844,0.0,108.8499984741211,106.63999938964844,108.54000091552734,0.0,2270300,0.0036957806418902337,232630490.7192533
2020-10-20,93.40933227539062,0.0,107.13999938964844,0.0,108.18000030517578,106.97000122070312,107.37999725341795,0.0,1895200,0.003624965814081184,232690987.02364725
2020-10-21,93.11292266845705,0.0,106.8000030517578,0.0,107.55999755859376,106.73999786376952,107.06999969482422,0.0,1408900,0.003389454072554659,232447299.8022776
2020-10-22,94.31605529785156,0.0,108.18000030517578,0.0,108.33999633789062,106.83999633789062,106.83999633789062,0.0,2199500,0.003558402333092342,232798167.21616474
2020-10-23,94.4119644165039,0.0,108.29000091552734,0.0,108.7699966430664,107.66999816894533,108.55999755859376,0.0,1089900,0.0027741912767823536,231218420.97831
2020-10-26,92.5897979736328,0.0,106.1999969482422,0.0,107.1500015258789,105.22000122070312,107.0999984741211,0.0,1702200,0.0027741912767823536,230002279.7089289
2020-10-27,91.35179901123048,0.0,104.77999877929688,0.0,106.1500015258789,104.75,106.1500015258789,0.0,1554900,0.002813920547404785,229419844.41716632
2020-10-28,88.71009826660156,0.0,101.75,0.0,103.72000122070312,101.5999984741211,102.83999633789062,0.0,2325700,0.0026612748589539626,229807336.82710558
2020-10-29,89.25936126708984,0.0,102.37999725341795,0.0,103.27999877929688,100.68000030517578,101.5500030517578,0.0,1960300,0.0024294538647475555,229877790.42898512
2020-10-30,89.45987701416016,0.0,102.61000061035156,0.0,102.61000061035156,101.08000183105467,101.98999786376952,0.0,2007500,0.0024786158779700708,229238441.58882868
2020-11-02,91.09022521972656,0.0,104.4800033569336,0.0,104.68000030517578,103.0,103.9499969482422,0.0,2114000,0.0024786158779700708,228725933.85298592
2020-11-03,92.6595458984375,0.0,106.27999877929688,0.0,107.0,105.72000122070312,105.87999725341795,0.0,1933600,0.002213743358261975,229288340.9257495
2020-11-04,92.9472427368164,0.0,106.61000061035156,0.0,108.5500030517578,105.9000015258789,106.5500030517578,0.0,2208100,0.0020082201430641675,229327911.70878336
2020-11-05,94.47298431396484,0.0,108.36000061035156,0.0,109.26000213623048,108.01000213623048,108.06999969482422,0.0,1362900,0.0023233900269520012,228731380.66270617
2020-11-06,94.20272827148438,0.0,108.0500030517578,0.0,108.79000091552734,107.81999969482422,108.55999755859376,0.0,1222300,0.0024820177058115915,227966597.2250439
2020-11-09,97.98651123046876,0.0,112.38999938964844,0.0,115.20999908447266,112.33000183105467,113.9000015258789,0.0,4467400,0.0024127128750196006,229737152.87774706
2020-11-10,99.43376922607422,0.0,114.0500030517578,0.0,114.27999877929688,112.5,113.12000274658205,0.0,5029100,0.00286690108705695,230816664.77537608
2020-11-11,99.04145050048828,0.0,113.5999984741211,0.0,114.75,113.0999984741211,114.75,0.0,3302800,0.002847926326400296,231192617.56919375
2020-11-12,97.77729034423828,0.0,112.1500015258789,0.0,113.0,111.3499984741211,112.80999755859376,0.0,2943300,0.002847926326400296,231809261.54794845
2020-11-13,99.61685943603516,0.0,114.26000213623048,0.0,114.5199966430664,112.87999725341795,112.87999725341795,0.0,2866800,0.002847926326400296,232598058.70097327
2020-11-16,101.2995147705078,0.0,116.19000244140624,0.0,116.31999969482422,115.08000183105467,116.31999969482422,0.0,4239000,0.0027779430948442012,234567216.70529804
2020-11-17,100.8287353515625,0.0,115.6500015258789,0.0,116.01000213623048,114.63999938964844,115.22000122070312,0.0,3227800,0.00279254561353653,235575938.0179148
2020-11-18,99.61685943603516,0.0,114.26000213623048,0.0,116.3499984741211,114.26000213623048,115.98999786376952,0.0,1926600,0.003195951229081932,235823833.60263884
2020-11-19,99.75634765625,0.0,114.41999816894533,0.0,114.5199966430664,113.27999877929688,113.93000030517578,0.0,2643500,0.00302700296854425,236523677.00103274
2020-11-20,99.28556060791016,0.0,113.87999725341795,0.0,114.56999969482422,113.69000244140624,114.27999877929688,0.0,1868100,0.0032705202535276237,235204307.56297642
2020-11-23,100.50613403320312,0.0,115.27999877929688,0.0,115.51000213623048,114.44000244140624,114.66999816894533,0.0,2383900,0.0034031762842652025,233896282.26541185
2020-11-24,102.61602020263672,0.0,117.6999969482422,0.0,117.91000366210938,116.45999908447266,116.56999969482422,0.0,3292200,0.003363447013642771,235094805.6178986
2020-11-25,101.97956085205078,0.0,116.97000122070312,0.0,117.4000015258789,116.47000122070312,117.31999969482422,0.0,3537800,0.0036440411512638562,234966631.36272734
2020-11-27,101.9708480834961,0.0,116.95999908447266,0.0,117.41000366210938,116.55999755859376,117.13999938964844,0.0,1053500,0.0036043310797693926,234576547.64406115
2020-11-30,100.872314453125,0.0,115.6999969482422,0.0,116.6999969482422,115.36000061035156,116.48999786376952,0.0,2280900,0.0031098053344531524,232185076.8097469
2020-12-01,101.77903747558594,0.0,116.73999786376952,0.0,117.91999816894533,116.6500015258789,117.05999755859376,0.0,2644500,0.003355107005946703,230803422.75873214
2020-12-02,102.42418670654295,0.0,117.4800033569336,0.0,117.62999725341795,116.43000030517578,116.43000030517578,0.0,1873800,0.0036202785512811976,231152041.61412072
2020-12-03,102.6247100830078,0.0,117.70999908447266,0.0,118.20999908447266,117.25,117.5,0.0,1525000,0.0034907381781643524,230283610.45224628
2020-12-04,103.88016510009766,0.0,119.1500015258789,0.0,119.16000366210938,118.02999877929688,118.02999877929688,0.0,1731700,0.0031755682942765187,227142757.7350011
2020-12-07,103.22630310058594,0.0,118.4000015258789,0.0,118.80999755859376,117.9800033569336,118.7699966430664,0.0,1959300,0.0032932698359389827,225715172.71261063
2020-12-08,103.69709014892578,0.0,118.94000244140624,0.0,119.12000274658205,117.70999908447266,117.75,0.0,1604400,0.003523876242499982,223057924.2167397
2020-12-09,103.69709014892578,0.0,118.94000244140624,0.0,119.5999984741211,118.37999725341795,119.36000061035156,0.0,2074400,0.0029830589966113735,222487047.29550073
2020-12-10,103.3570785522461,0.0,118.5500030517578,0.0,118.79000091552734,118.16999816894533,118.54000091552734,0.0,1472500,0.0028855041582933456,222310499.9389406
2020-12-11,103.10423278808594,0.0,118.26000213623048,0.0,118.51000213623048,117.5199966430664,118.08999633789062,0.0,2891000,0.0028855041582933456,222799542.60405284
2020-12-14,101.97956085205078,0.0,116.97000122070312,0.0,119.30999755859376,116.9499969482422,119.30999755859376,0.0,1952100,0.0030894742776673796,222047825.6814987
2020-12-15,103.4093780517578,0.0,118.61000061035156,0.0,118.79000091552734,117.29000091552734,117.8000030517578,0.0,1782800,0.00353822429886467,222060520.8379594
2020-12-16,103.24371337890624,0.0,118.41999816894533,0.0,118.72000122070312,118.0999984741211,118.66999816894533,0.0,1853700,0.0033004091297410957,222293816.2891206
2020-12-17,103.69709014892578,0.0,118.94000244140624,0.0,119.0199966430664,118.4800033569336,118.86000061035156,0.0,2168400,0.0028723721040386447,222791506.7933582
2020-12-18,103.13910675048828,0.0,118.3000030517578,0.0,119.08000183105467,117.5999984741211,118.98999786376952,0.0,2293100,0.0029690661169948455,223767053.82777622
2020-12-21,102.64215850830078,0.0,117.7300033569336,0.0,118.11000061035156,116.08000183105467,117.0199966430664,0.0,1869800,0.002725548832011472,224301903.04033795
2020-12-22,101.8836669921875,0.0,116.86000061035156,0.0,117.66999816894533,116.83000183105467,117.62999725341795,0.0,1596400,0.0027643665384563887,223743733.7023841
2020-12-23,102.74677276611328,0.0,117.8499984741211,0.0,118.37000274658205,117.5,117.51000213623048,0.0,3787000,0.003082823032480967,225119460.3578295
2020-12-24,102.95655059814452,0.0,117.3000030517578,0.789,117.4800033569336,116.68000030517578,117.26000213623048,0.0,885400,0.002802228894859882,224289299.75501773
2020-12-28,103.29009246826172,0.0,117.68000030517578,0.0,118.5,117.54000091552734,118.01000213623048,0.0,1998600,0.0024721880492320396,224690757.614711
2020-12-29,103.17598724365234,0.0,117.5500030517578,0.0,118.29000091552734,117.19000244140624,118.2300033569336,0.0,2380200,0.002625631506009619,225271813.07391816
2020-12-30,103.509521484375,0.0,117.93000030517578,0.0,118.33999633789062,117.6500015258789,117.68000030517578,0.0,2419600,0.002583340246174954,226319563.18533155
2020-12-31,104.41356658935548,0.0,118.95999908447266,0.0,119.11000061035156,117.58000183105467,117.95999908447266,0.0,2052300,0.0024703830950088706,226633302.41351053
2021-01-04,103.07943725585938,0.0,117.44000244140624,0.0,119.37000274658205,116.3499984741211,119.29000091552734,0.0,3921600,0.0028417678860830045,228916701.87565637
2021-01-05,103.85182189941406,0.0,118.31999969482422,0.0,118.81999969482422,117.06999969482422,117.37999725341795,0.0,2105800,0.0033228885363304843,228628340.04996768
2021-01-06,106.35334014892578,0.0,121.16999816894533,0.0,121.88999938964844,118.76000213623048,118.76000213623048,0.0,3288000,0.003046559315808431,230232864.54511976
2021-01-07,107.14327239990234,0.0,122.06999969482422,0.0,122.62000274658205,121.62999725341795,122.0,0.0,3806400,0.0028159529092474317,231069060.17057025
2021-01-08,107.22228240966795,0.0,122.16000366210938,0.0,122.41999816894533,120.9499969482422,122.36000061035156,0.0,2767800,0.0029167968702257657,231912272.3569658
2021-01-11,107.40657806396484,0.0,122.37000274658205,0.0,122.58000183105467,121.23999786376952,121.31999969482422,0.0,2298300,0.003182100189875414,232108473.5463339
2021-01-12,107.85423278808594,0.0,122.87999725341795,0.0,123.16000366210938,122.20999908447266,122.5500030517578,0.0,8483600,0.003182100189875414,238239130.36323425
2021-01-13,107.93321990966795,0.0,122.97000122070312,0.0,123.3499984741211,122.5,122.91999816894533,0.0,2383700,0.003110496597774752,238367416.0832965
2021-01-14,108.42473602294922,0.0,123.52999877929688,0.0,124.13999938964844,123.0500030517578,123.47000122070312,0.0,3060800,0.0026617465765774615,239619215.01077318
2021-01-15,107.37149810791016,0.0,122.33000183105467,0.0,122.83999633789062,121.45999908447266,122.58000183105467,0.0,2660900,0.0025366340817296897,240502260.9295315
2021-01-19,107.8279037475586,0.0,122.8499984741211,0.0,123.26000213623048,122.5999984741211,123.1500015258789,0.0,2422900,0.0025366340817296897,241132280.10887873
2021-01-20,108.09999084472656,0.0,123.16000366210938,0.0,123.38999938964844,122.5199966430664,123.0999984741211,0.0,2132600,0.002657985180527898,241579558.34380257
2021-01-21,107.57337188720705,0.0,122.55999755859376,0.0,123.38999938964844,122.31999969482422,123.13999938964844,0.0,2450100,0.0029612116292028314,242433321.87522402
2021-01-22,106.92386627197266,0.0,121.81999969482422,0.0,122.13999938964844,121.16000366210938,121.6500015258789,0.0,1977300,0.0027897378920203352,242627584.48697045
2021-01-25,106.92386627197266,0.0,121.81999969482422,0.0,121.94000244140624,120.66999816894533,121.3000030517578,0.0,2747700,0.002604285776637518,243628576.92723957
2021-01-26,106.59909057617188,0.0,121.4499969482422,0.0,122.38999938964844,121.33000183105467,122.23999786376952,0.0,1937200,0.002604285776637518,244208924.09046113
2021-01-27,104.00103759765624,0.0,118.48999786376952,0.0,120.2300033569336,118.0500030517578,120.0500030517578,0.0,2299200,0.002604285776637518,245176889.91311088
2021-01-28,105.34394073486328,0.0,120.0199966430664,0.0,121.12000274658205,119.06999969482422,119.31999969482422,0.0,2359300,0.002958746013049094,245249324.9962943
2021-01-29,103.5885238647461,0.0,118.0199966430664,0.0,120.0,117.47000122070312,119.5500030517578,0.0,2299400,0.002755735601390208,245540552.68280998
2021-02-01,104.33456420898438,0.0,118.87000274658205,0.0,119.3499984741211,118.0500030517578,118.95999908447266,0.0,2516200,0.002923527356966209,246284611.56188723
2021-02-02,105.66871643066406,0.0,120.38999938964844,0.0,121.12999725341795,119.83000183105467,120.01000213623048,0.0,1930200,0.0025521425658920753,246694254.20167106
2021-02-03,106.07244873046876,0.0,120.8499984741211,0.0,121.0500030517578,120.05999755859376,120.2699966430664,0.0,1849100,0.002405335581559219,247402115.9210084
2021-02-04,107.20472717285156,0.0,122.13999938964844,0.0,122.20999908447266,120.8499984741211,121.0,0.0,1560300,0.002405335581559219,247481369.32655212
2021-02-05,107.76646423339844,0.0,122.77999877929688,0.0,123.1999969482422,122.51000213623048,123.12999725341795,0.0,1663900,0.002405335581559219,247909318.79656354
2021-02-08,108.76705932617188,0.0,123.91999816894533,0.0,123.91999816894533,123.20999908447266,123.2300033569336,0.0,1975200,0.002314362392218521,247978017.31893146
2021-02-09,108.72318267822266,0.0,123.87000274658205,0.0,124.0500030517578,123.22000122070312,123.62999725341795,0.0,1719600,0.0022052347625149183,248328737.83290803
2021-02-10,108.85482025146484,0.0,124.0199966430664,0.0,124.48999786376952,123.33000183105467,124.44000244140624,0.0,1684800,0.0023580532048427536,247718366.16310242
2021-02-11,108.72318267822266,0.0,123.87000274658205,0.0,124.37000274658205,123.01000213623048,124.3000030517578,0.0,1970600,0.0025251880025026346,247493263.68836904
2021-02-12,109.24982452392578,0.0,124.47000122070312,0.0,124.5199966430664,123.5199966430664,123.5199966430664,0.0,1920400,0.0026983318299476605,248157048.36750335
2021-02-16,109.41657257080078,0.0,124.66000366210938,0.0,125.18000030517578,124.37999725341795,125.0199966430664,0.0,2348700,0.0026983318299476605,249303658.88814774
2021-02-17,109.82909393310548,0.0,125.12999725341795,0.0,125.19000244140624,123.95999908447266,124.5199966430664,0.0,1957100,0.002927554493136479,249472613.45458257
2021-02-18,109.24982452392578,0.0,124.47000122070312,0.0,124.73999786376952,123.93000030517578,124.5199966430664,0.0,1426100,0.002944210443453206,249923450.65368167
2021-02-19,109.5745620727539,0.0,124.83999633789062,0.0,125.2300033569336,124.7699966430664,124.93000030517578,0.0,1722300,0.0026409839947782723,250408556.12024578
2021-02-22,110.3557357788086,0.0,125.7300033569336,0.0,126.06999969482422,124.4499969482422,124.4499969482422,0.0,1683900,0.0027029538520779517,251064488.33460125
2021-02-23,110.69805145263672,0.0,126.12000274658205,0.0,126.5,125.08999633789062,126.06999969482422,0.0,3285600,0.0026636541394019194,253371364.01393226
2021-02-24,112.18138122558594,0.0,127.80999755859376,0.0,128.16000366210938,126.08000183105467,126.30999755859376,0.0,2850600,0.0026636541394019194,255219937.22364032
2021-02-25,110.25039672851562,0.0,125.61000061035156,0.0,128.10000610351562,125.19000244140624,128.08999633789062,0.0,4779300,0.003238513845120263,258803318.6212691
2021-02-26,108.76705932617188,0.0,123.91999816894533,0.0,125.8000030517578,123.62999725341795,125.75,0.0,6604500,0.002730610151931108,263988259.05044797
2021-03-01,111.13690185546876,0.0,126.62000274658205,0.0,127.37999725341795,125.66000366210938,125.66000366210938,0.0,2911200,0.0033098217433873743,265559418.78109887
2021-03-02,110.8823699951172,0.0,126.33000183105467,0.0,127.16000366210938,126.20999908447266,126.6999969482422,0.0,3604500,0.0032229180929021174,268149895.89627585
2021-03-03,110.8823699951172,0.0,126.33000183105467,0.0,127.52999877929688,126.20999908447266,126.3499984741211,0.0,5761900,0.003515135398765825,272799419.73893905
2021-03-04,109.82909393310548,0.0,125.12999725341795,0.0,127.12000274658205,123.58000183105467,126.33000183105467,0.0,9681800,0.003180821732851201,281222374.7354174
2021-03-05,112.26914978027344,0.0,127.91000366210938,0.0,128.27999877929688,124.87000274658205,126.56999969482422,0.0,4466000,0.003386737321463123,283284728.0880398
2021-03-08,113.58574676513672,0.0,129.41000366210938,0.0,130.75999450683594,128.25,128.69000244140625,0.0,6346400,0.003386737321463123,287617208.7814331
2021-03-09,113.1732177734375,0.0,128.94000244140625,0.0,130.38999938964844,128.86000061035156,129.6300048828125,0.0,6142000,0.0037765632908488994,292304484.9503351
2021-03-10,114.69166564941406,0.0,130.6699981689453,0.0,131.10000610351562,129.2899932861328,129.2899932861328,0.0,6059500,0.003977327858745987,297063763.8455285
2021-03-11,114.63024139404295,0.0,130.60000610351562,0.0,131.5,130.25999450683594,130.80999755859375,0.0,5593200,0.003824509416418151,300829080.5353255
2021-03-12,115.67472076416016,0.0,131.7899932861328,0.0,131.8300018310547,131.00999450683594,131.1999969482422,0.0,3838500,0.0037520423099164967,301673820.3191
2021-03-15,115.94680786132812,0.0,132.10000610351562,0.0,132.2100067138672,130.8699951171875,131.9199981689453,0.0,4114300,0.0037912290283235337,304407652.50252616
2021-03-16,115.20953369140624,0.0,131.25999450683594,0.0,132.0,130.97000122070312,131.97999572753906,0.0,3179900,0.004112322848251546,306642531.6507006
2021-03-17,115.7010498046875,0.0,131.82000732421875,0.0,131.85000610351562,130.6199951171875,131.49000549316406,0.0,2996500,0.00408898787928142,308033496.6116345
2021-03-18,115.25341033935548,0.0,131.30999755859375,0.0,132.8699951171875,131.00999450683594,131.99000549316406,0.0,6661500,0.003854286817210284,313103954.4535622
2021-03-19,114.75312042236328,0.0,130.74000549316406,0.0,131.44000244140625,129.8300018310547,131.17999267578125,0.0,3482200,0.003854286817210284,315219039.22943234
2021-03-22,114.87601470947266,0.0,130.8800048828125,0.0,131.1699981689453,130.11000061035156,130.52999877929688,0.0,2762600,0.004085779962154942,316497116.90016246
2021-03-23,113.48041534423828,0.0,129.2899932861328,0.0,130.69000244140625,128.94000244140625,130.3000030517578,0.0,2789600,0.003997268981971934,317520542.46638465
2021-03-24,113.56819915771484,0.0,129.38999938964844,0.0,130.94000244140625,129.3800048828125,129.83999633789062,0.0,3911400,0.004400388644629296,320023339.0513405
2021-03-25,114.91495513916016,0.0,130.2100067138672,0.706,130.4600067138672,127.6999969482422,128.50999450683594,0.0,3783800,0.0038255289389109515,322631376.34076923
2021-03-26,116.76825714111328,0.0,132.30999755859375,0.0,132.4499969482422,130.6300048828125,131.19000244140625,0.0,3329800,0.0038255289389109515,323865237.13863915
2021-03-29,116.59178161621094,0.0,132.11000061035156,0.0,132.61000061035156,131.22999572753906,131.5500030517578,0.0,4047000,0.0035242152612274093,324686902.10711163
2021-03-30,116.54763793945312,0.0,132.05999755859375,0.0,132.39999389648438,131.72999572753906,132.11000061035156,0.0,3321700,0.0034317745381532766,325692729.2738112
2021-03-31,116.01813507080078,0.0,131.4600067138672,0.0,132.22000122070312,131.36000061035156,132.02000427246094,0.0,3251500,0.0031853907439727213,327515960.08661056
2021-04-01,116.6005859375,0.0,132.1199951171875,0.0,132.16000366210938,131.11000061035156,131.47000122070312,0.0,3429900,0.0034117579613001207,328677537.9356687
2021-04-05,117.54491424560548,0.0,133.19000244140625,0.0,133.5800018310547,132.8300018310547,133.13999938964844,0.0,3393500,0.003205842372688199,330751592.93524724
2021-04-06,117.43019104003906,0.0,133.05999755859375,0.0,133.55999755859375,132.89999389648438,133.0800018310547,0.0,2759300,0.0034314596937858105,332207458.4172143
2021-04-07,117.3948745727539,0.0,133.02000427246094,0.0,133.52999877929688,132.57000732421875,133.22000122070312,0.0,2201100,0.003190170400286108,333061474.2919377
2021-04-08,117.24483489990234,0.0,132.85000610351562,0.0,132.9499969482422,132.27000427246094,132.9499969482422,0.0,2584600,0.002742907816704404,334192508.77831477
2021-04-09,117.92437744140624,0.0,133.6199951171875,0.0,133.64999389648438,132.7899932861328,133.07000732421875,0.0,2133600,0.002742907816704404,335327754.82131714
2021-04-12,118.00382995605467,0.0,133.7100067138672,0.0,133.94000244140625,133.33999633789062,133.5,0.0,1898500,0.002515873598272807,336253293.23507035
2021-04-13,117.62432098388672,0.0,133.27999877929688,0.0,133.49000549316406,132.5399932861328,133.22999572753906,0.0,2381600,0.002303543052420742,337818039.34400046
2021-04-14,118.08324432373048,0.0,133.8000030517578,0.0,134.2899932861328,133.13999938964844,133.22999572753906,0.0,2426300,0.0019824492324927298,339347254.05606467
2021-04-15,118.7628173828125,0.0,134.57000732421875,0.0,134.6300048828125,133.77999877929688,134.27999877929688,0.0,3309300,0.0017765615382740383,341498876.6484457
2021-04-16,119.45116424560548,0.0,135.35000610351562,0.0,135.57000732421875,134.9600067138672,135.17999267578125,0.0,2444400,0.0017765615382740383,342780029.27924263
2021-04-19,119.15995025634766,0.0,135.02000427246094,0.0,135.3800048828125,134.66000366210938,135.05999755859375,0.0,2385200,0.0018065874635494095,343970992.94651574
2021-04-20,118.25093841552734,0.0,133.99000549316406,0.0,134.52999877929688,133.58999633789062,134.50999450683594,0.0,2734900,0.0015131244613050719,345168694.4450015
2021-04-21,119.4864730834961,0.0,135.38999938964844,0.0,135.5,133.77999877929688,134.0,0.0,2161000,0.0015533818082104525,345564769.2312453
2021-04-22,118.49805450439452,0.0,134.27000427246094,0.0,135.5,134.02000427246094,135.5,0.0,3915800,0.0016417779285659475,348126060.9446329
2021-04-23,119.40703582763672,0.0,135.3000030517578,0.0,135.72000122070312,134.0800018310547,134.3000030517578,0.0,5335400,0.0020978863307811882,352661053.89687675
2021-04-26,119.24816131591795,0.0,135.1199951171875,0.0,135.80999755859375,134.99000549316406,135.5,0.0,1857200,0.0021898699310632227,352764251.86719745
2021-04-27,119.4776611328125,0.0,135.3800048828125,0.0,135.55999755859375,134.77999877929688,135.25,0.0,2807700,0.0020027573704243387,354844261.1347501
2021-04-28,119.69827270507812,0.0,135.6300048828125,0.0,135.8699951171875,135.36000061035156,135.63999938964844,0.0,1795400,0.0018620955942393169,355342169.67412555
2021-04-29,120.74847412109376,0.0,136.82000732421875,0.0,136.86000061035156,135.7899932861328,136.1199951171875,0.0,2674600,0.0018162620825561647,356953410.7176766
2021-04-30,120.00717163085938,0.0,135.97999572753906,0.0,136.49000549316406,135.7100067138672,136.32000732421875,0.0,3212300,0.0018145955306542384,358542050.12462556
2021-05-03,121.18092346191406,0.0,137.30999755859375,0.0,137.8300018310547,136.77999877929688,136.97000122070312,0.0,2853500,0.0018145955306542384,360058864.16762215
2021-05-04,121.52511596679688,0.0,137.6999969482422,0.0,137.6999969482422,136.4199981689453,137.02000427246094,0.0,3076900,0.0018047902371715174,361786638.329406
2021-05-05,122.14289855957033,0.0,138.39999389648438,0.0,138.64999389648438,138.10000610351562,138.10000610351562,0.0,2633000,0.001646382789647808,362925816.55823845
2021-05-06,123.20194244384766,0.0,139.60000610351562,0.0,139.63999938964844,137.97000122070312,138.52000427246094,0.0,3270900,0.0017235796922105255,364918790.005257
2021-05-07,124.0933074951172,0.0,140.61000061035156,0.0,140.75,139.00999450683594,139.2899932861328,0.0,2598200,0.0017235796922105255,365949959.5388927
2021-05-10,124.26982879638672,0.0,140.80999755859375,0.0,142.27999877929688,140.75999450683594,141.36000061035156,0.0,3721500,0.0017235796922105255,368936789.3887535
2021-05-11,122.59297943115234,0.0,138.91000366210938,0.0,140.1699981689453,138.22000122070312,139.64999389648438,0.0,4112600,0.0017235796922105255,372422597.02629817
2021-05-12,120.61609649658205,0.0,136.6699981689453,0.0,139.08999633789062,136.55999755859375,138.8300018310547,0.0,6327100,0.0017235796922105255,375300641.96392846
2021-05-13,122.33706665039062,0.0,138.6199951171875,0.0,139.25,136.57000732421875,136.66000366210938,0.0,4056500,0.0025958174351347757,375211301.80397034
2021-05-14,123.6961669921875,0.0,140.16000366210938,0.0,140.50999450683594,139.30999755859375,139.33999633789062,0.0,4060500,0.0025958174351347757,376750362.2794439
2021-05-17,123.80207824707033,0.0,140.27999877929688,0.0,140.6300048828125,139.75,140.1199951171875,0.0,3873400,0.002710395852052864,378442976.9443694
2021-05-18,122.61945343017578,0.0,138.94000244140625,0.0,140.35000610351562,138.8699951171875,140.13999938964844,0.0,2720400,0.002710395852052864,378843070.66276187
2021-05-19,121.90463256835938,0.0,138.1300048828125,0.0,138.1300048828125,136.30999755859375,137.6199951171875,0.0,3394000,0.002664944819364764,378654846.9819932
2021-05-20,122.50473022460938,0.0,138.80999755859375,0.0,139.30999755859375,137.80999755859375,138.24000549316406,0.0,2609300,0.002173429036351907,378566766.43996465
2021-05-21,122.9460220336914,0.0,139.30999755859375,0.0,140.1199951171875,138.97999572753906,139.32000732421875,0.0,2600200,0.0017173206341366668,379694548.4680297
2021-05-24,123.44906616210938,0.0,139.8800048828125,0.0,140.25,139.50999450683594,140.05999755859375,0.0,3195300,0.0018145515483011104,380841289.0588427
2021-05-25,122.68122863769533,0.0,139.00999450683594,0.0,140.22999572753906,138.80999755859375,140.1699981689453,0.0,2856200,0.0018626031492371385,382303996.38774204
2021-05-26,122.9107437133789,0.0,139.27000427246094,0.0,139.4199981689453,138.5399932861328,139.19000244140625,0.0,2287100,0.0018626031492371385,382650888.75029427
2021-05-27,123.33433532714844,0.0,139.75,0.0,140.39999389648438,139.4600067138672,140.11000061035156,0.0,2578900,0.0018626031492371385,382435883.55225456
2021-05-28,123.5108413696289,0.0,139.9499969482422,0.0,140.3300018310547,139.69000244140625,140.32000732421875,0.0,2267400,0.0018078320710697357,381670059.36782473
2021-06-01,123.63439178466795,0.0,140.08999633789062,0.0,141.0800018310547,139.89999389648438,141.0,0.0,3055000,0.0018078320710697357,384088770.318434
2021-06-02,123.94327545166016,0.0,140.44000244140625,0.0,140.57000732421875,139.77999877929688,140.52000427246094,0.0,3188900,0.0016955328089520918,385548683.02276856
2021-06-03,124.19039916992188,0.0,140.72000122070312,0.0,140.9600067138672,139.64999389648438,139.94000244140625,0.0,3876900,0.0018849392027537766,387428353.24802095
2021-06-04,124.5875244140625,0.0,141.1699981689453,0.0,141.3300018310547,140.72999572753906,141.30999755859375,0.0,4316400,0.0018077423001910593,390517338.56394327
2021-06-07,124.41107177734376,0.0,140.97000122070312,0.0,141.4199981689453,140.74000549316406,141.41000366210938,0.0,2136000,0.001993390218923459,391482451.05603534
2021-06-08,124.24334716796876,0.0,140.77999877929688,0.0,140.97000122070312,140.07000732421875,140.97000122070312,0.0,2091000,0.001993390218923459,392181172.6417905
2021-06-09,123.8373794555664,0.0,140.32000732421875,0.0,140.91000366210938,140.27000427246094,140.91000366210938,0.0,2020100,0.002168778923996701,392589738.70374286
2021-06-10,123.79325103759766,0.0,140.27000427246094,0.0,141.3000030517578,140.1699981689453,141.02999877929688,0.0,2877500,0.0023137134484545255,394278624.39721125
2021-06-11,123.88150787353516,0.0,140.3699951171875,0.0,140.7100067138672,139.82000732421875,140.6300048828125,0.0,1824300,0.0014414757055302753,394352813.6117178
2021-06-14,123.27255249023438,0.0,139.67999267578125,0.0,140.32000732421875,138.97999572753906,140.32000732421875,0.0,1931900,0.0014414757055302753,395109027.0907387
2021-06-15,123.42259216308594,0.0,139.85000610351562,0.0,140.13999938964844,139.2899932861328,139.69000244140625,0.0,2540700,0.0015100632352149643,395215592.52193993
2021-06-16,122.56649780273438,0.0,138.8800048828125,0.0,139.8000030517578,138.33999633789062,139.8000030517578,0.0,2524700,0.0015100632352149643,396186173.5453106
2021-06-17,121.0573959350586,0.0,137.1699981689453,0.0,139.11000061035156,136.35000610351562,139.0,0.0,2963300,0.0015100632352149643,397733935.0253574
2021-06-18,118.71866607666016,0.0,134.52000427246094,0.0,135.82000732421875,134.44000244140625,135.69000244140625,0.0,4127800,0.0015100632352149643,400398669.3351201
2021-06-21,120.97794342041016,0.0,137.0800018310547,0.0,137.1199951171875,135.3699951171875,135.42999267578125,0.0,2147100,0.0018664924402401154,400687677.0385924
2021-06-22,121.0573959350586,0.0,137.1699981689453,0.0,137.57000732421875,136.47000122070312,137.13999938964844,0.0,2192100,0.0016772779257936369,400921142.2448476
2021-06-23,120.65145111083984,0.0,136.7100067138672,0.0,137.5,136.7100067138672,137.27999877929688,0.0,2231400,0.0017622063611513763,401595135.48853433
2021-06-24,121.5583038330078,0.0,136.99000549316406,0.742,137.13999938964844,136.3800048828125,136.7100067138672,0.0,1932600,0.0017622063611513763,402215703.580929
2021-06-25,122.33028411865234,0.0,137.86000061035156,0.0,138.00999450683594,136.97999572753906,137.25,0.0,1913000,0.0017622063611513763,400766721.3344695
2021-06-28,121.78900146484376,0.0,137.25,0.0,137.8699951171875,136.8300018310547,137.8699951171875,0.0,2521900,0.0018414899084246935,402689525.7177867
2021-06-29,121.49617767333984,0.0,136.9199981689453,0.0,137.92999267578125,136.75,137.61000061035156,0.0,2495000,0.002186766618932424,403534130.0576407
2021-06-30,121.975341796875,0.0,137.4600067138672,0.0,137.63999938964844,136.75999450683594,136.75999450683594,0.0,2967500,0.002340378440610756,404550955.87239945
2021-07-01,122.8005828857422,0.0,138.38999938964844,0.0,138.5500030517578,137.77000427246094,137.92999267578125,0.0,2086800,0.002150972046809071,404578327.4754782
2021-07-02,123.1821746826172,0.0,138.82000732421875,0.0,138.94000244140625,138.16000366210938,138.5399932861328,0.0,1741700,0.002150972046809071,404559606.8456014
2021-07-06,121.90436553955078,0.0,137.3800048828125,0.0,138.61000061035156,136.4600067138672,138.61000061035156,0.0,2848300,0.001979834546797585,404009977.91174024
2021-07-07,122.37466430664062,0.0,137.91000366210938,0.0,137.9600067138672,136.7899932861328,137.14999389648438,0.0,2431900,0.0022417230909700277,404694303.96371263
2021-07-08,121.1501007080078,0.0,136.52999877929688,0.0,137.07000732421875,134.5,136.22000122070312,0.0,3471100,0.002244472669345139,405293528.7635803
2021-07-09,122.90707397460938,0.0,138.50999450683594,0.0,138.64999389648438,137.47000122070312,137.5800018310547,0.0,2232700,0.002099538144887314,404060227.31831867
2021-07-12,123.43058776855467,0.0,139.10000610351562,0.0,139.16000366210938,137.66000366210938,138.11000061035156,0.0,1804800,0.0022906948374292538,403369221.2300618
2021-07-13,122.53436279296876,0.0,138.08999633789062,0.0,139.00999450683594,138.02999877929688,138.67999267578125,0.0,2276100,0.002544467874081268,403631631.25666666
2021-07-14,122.47225952148438,0.0,138.02000427246094,0.0,138.85000610351562,137.42999267578125,138.3300018310547,0.0,2230300,0.0024577465366640875,397801165.15214103
2021-07-15,122.49000549316406,0.0,138.0399932861328,0.0,138.27999877929688,137.1300048828125,137.2899932861328,0.0,2374500,0.0025518417123956264,398076183.9787135
2021-07-16,121.5583038330078,0.0,136.99000549316406,0.0,138.47000122070312,136.80999755859375,138.47000122070312,0.0,1838100,0.00286678787103348,397073808.65199375
2021-07-19,119.34880828857422,0.0,134.5,0.0,135.57000732421875,133.50999450683594,135.13999938964844,0.0,4329300,0.00286678787103348,399111768.55776954
2021-07-20,121.2743148803711,0.0,136.6699981689453,0.0,137.1999969482422,134.61000061035156,134.8000030517578,0.0,2666300,0.002510358666008329,399641530.1039196
2021-07-21,122.43677520751952,0.0,137.97999572753906,0.0,138.22000122070312,137.3800048828125,137.4499969482422,0.0,2815800,0.002510358666008329,400640522.54963225
2021-07-22,122.0374526977539,0.0,137.52999877929688,0.0,138.0,137.05999755859375,138.0,0.0,1722000,0.0023747665910573306,400136890.8661373
2021-07-23,122.62311553955078,0.0,138.19000244140625,0.0,138.2899932861328,137.52000427246094,137.99000549316406,0.0,1596200,0.0023747665910573306,399975813.0605849
2021-07-26,123.00467681884766,0.0,138.6199951171875,0.0,138.8699951171875,137.9499969482422,137.99000549316406,0.0,1717300,0.0023747665910573306,399208569.4451347
2021-07-27,123.1022720336914,0.0,138.72999572753906,0.0,138.82000732421875,137.50999450683594,138.0500030517578,0.0,1901900,0.0023353210047406,399435376.1497861
2021-07-28,122.80946350097656,0.0,138.39999389648438,0.0,139.0,137.91000366210938,138.77000427246094,0.0,2360200,0.0021767305618265185,399865689.344279
2021-07-29,123.77668762207033,0.0,139.49000549316406,0.0,139.8699951171875,139.0399932861328,139.22999572753906,0.0,1835500,0.0019630507671053914,399650377.6538243
2021-07-30,123.20877075195312,0.0,138.85000610351562,0.0,139.74000549316406,138.67999267578125,139.22000122070312,0.0,2091800,0.0020982812879971682,399801736.8799058
2021-08-02,123.07567596435548,0.0,138.6999969482422,0.0,140.3300018310547,138.63999938964844,139.38999938964844,0.0,2381100,0.002363126727160516,400049021.49754477
2021-08-03,124.37118530273438,0.0,140.16000366210938,0.0,140.2100067138672,138.0399932861328,138.9199981689453,0.0,2565900,0.0027466562467650746,401059019.72432816
2021-08-04,123.04016876220705,0.0,138.66000366210938,0.0,139.77999877929688,138.66000366210938,139.30999755859375,0.0,1975200,0.0027192349479681563,401459158.66920835
2021-08-05,123.61695098876952,0.0,139.30999755859375,0.0,139.36000061035156,138.83999633789062,139.1199951171875,0.0,1576300,0.0026410702310826037,401689470.63828725
2021-08-06,124.38890838623048,0.0,140.17999267578125,0.0,140.41000366210938,139.69000244140625,139.83999633789062,0.0,1612100,0.0026410702310826037,401861617.67180914
2021-08-09,124.30907440185548,0.0,140.08999633789062,0.0,140.3000030517578,139.63999938964844,140.0800018310547,0.0,1609100,0.0026281961262318264,401708062.37596786
2021-08-10,125.28515625,0.0,141.19000244140625,0.0,141.3000030517578,139.97999572753906,140.22000122070312,0.0,1756200,0.002374423089579812,401985451.4677502
2021-08-11,126.0660400390625,0.0,142.07000732421875,0.0,142.07000732421875,141.16000366210938,141.47000122070312,0.0,1891900,0.0022479525551188442,402460319.37657917
2021-08-12,126.19029998779295,0.0,142.2100067138672,0.0,142.22000122070312,141.47000122070312,142.10000610351562,0.0,1435500,0.00225531592813658,402143210.14820886
2021-08-13,126.16364288330078,0.0,142.17999267578125,0.0,142.39999389648438,141.92999267578125,142.3000030517578,0.0,1514200,0.0019403697694987264,401954771.69237894
2021-08-16,126.42984008789062,0.0,142.47999572753906,0.0,142.5399932861328,141.0399932861328,141.69000244140625,0.0,1984200,0.00200127360076202,401874770.5568344
2021-08-17,125.9595718383789,0.0,141.9499969482422,0.0,142.3800048828125,140.7899932861328,141.89999389648438,0.0,2265000,0.0024574774106783776,402482904.09225583
2021-08-18,124.41555786132812,0.0,140.2100067138672,0.0,141.88999938964844,140.1199951171875,141.4600067138672,0.0,1990600,0.002610407899366042,403289216.55752397
2021-08-19,124.03400421142578,0.0,139.77999877929688,0.0,140.30999755859375,138.97000122070312,138.97999572753906,0.0,2104700,0.002522234584889433,403917653.36496866
2021-08-20,124.62850189208984,0.0,140.4499969482422,0.0,140.7100067138672,139.3800048828125,139.69000244140625,0.0,1918500,0.0026499596919342277,404375880.08316284
2021-08-23,125.258544921875,0.0,141.16000366210938,0.0,141.6300048828125,141.0399932861328,141.0800018310547,0.0,1507400,0.0026499596919342277,402775917.45217943
2021-08-24,125.53363800048828,0.0,141.47000122070312,0.0,141.72999572753906,141.27000427246094,141.3699951171875,0.0,1525300,0.002575147311893493,401596941.37139696
2021-08-25,126.0660400390625,0.0,142.07000732421875,0.0,142.49000549316406,141.16000366210938,141.55999755859375,0.0,2089100,0.002454546376423772,399187977.6919047
2021-08-26,125.32064819335938,0.0,141.22999572753906,0.0,142.16000366210938,141.1199951171875,142.10000610351562,0.0,1657400,0.0026825945758955877,394550239.3348573
2021-08-27,126.21691131591795,0.0,142.24000549316406,0.0,142.47999572753906,141.4499969482422,141.49000549316406,0.0,1445400,0.0028231466655695868,393256410.3820316
2021-08-30,125.8974380493164,0.0,141.8800048828125,0.0,142.47000122070312,141.7899932861328,142.41000366210938,0.0,1746600,0.0027315807387677665,391609197.08781165
2021-08-31,125.78213500976562,0.0,141.75,0.0,142.25,141.55999755859375,141.7100067138672,0.0,2510400,0.002383485575090915,388656406.3136025
2021-09-01,125.48927307128906,0.0,141.4199981689453,0.0,141.97999572753906,141.07000732421875,141.97999572753906,0.0,1798400,0.0021490183297153903,381059946.92708576
2021-09-02,126.39434814453124,0.0,142.44000244140625,0.0,142.4499969482422,141.69000244140625,141.82000732421875,0.0,1980200,0.002113408281568964,378764816.89914525
2021-09-03,125.8974380493164,0.0,141.8800048828125,0.0,142.33999633789062,141.6999969482422,142.1999969482422,0.0,1414300,0.002311748000881234,373839207.7218797
2021-09-07,124.65516662597656,0.0,140.47999572753906,0.0,141.60000610351562,140.47000122070312,141.52999877929688,0.0,1925700,0.0021334654131900713,369700896.8709068
2021-09-08,124.57530975341795,0.0,140.38999938964844,0.0,140.77000427246094,139.86000061035156,140.27000427246094,0.0,2426500,0.0021334654131900713,366120432.4234009
2021-09-09,123.9630126953125,0.0,139.6999969482422,0.0,140.85000610351562,139.58999633789062,140.0800018310547,0.0,2016800,0.0023864667178045418,362559122.8972662
2021-09-10,123.16438293457033,0.0,138.8000030517578,0.0,140.44000244140625,138.75,140.3699951171875,0.0,2186200,0.0022916835644667876,360952525.0991942
2021-09-13,123.98074340820312,0.0,139.72000122070312,0.0,140.22000122070312,138.97999572753906,139.74000549316406,0.0,3678600,0.002643658150807092,360718199.2371211
2021-09-14,122.59648895263672,0.0,138.16000366210938,0.0,140.1999969482422,137.89999389648438,140.05999755859375,0.0,2321600,0.0028352121720809044,359951204.0622772
2021-09-15,123.83879089355467,0.0,139.55999755859375,0.0,139.94000244140625,138.1199951171875,138.27999877929688,0.0,2561500,0.0029286517950904917,359653460.26703364
2021-09-16,123.31524658203124,0.0,138.97000122070312,0.0,140.00999450683594,138.27000427246094,139.63999938964844,0.0,1770400,0.003320503198513152,354663864.56405395
2021-09-17,122.4811553955078,0.0,138.02999877929688,0.0,139.0800018310547,137.9199981689453,138.6699981689453,0.0,2326800,0.003321844967236183,353599621.3420807
2021-09-20,120.65320587158205,0.0,135.97000122070312,0.0,136.5800018310547,134.47999572753906,135.99000549316406,0.0,4587000,0.003194119860191388,355679980.8191451
2021-09-21,120.34263610839844,0.0,135.6199951171875,0.0,137.14999389648438,135.58999633789062,136.8000030517578,0.0,2780400,0.003194119860191388,355810222.63781834
2021-09-22,121.35420989990234,0.0,136.75999450683594,0.0,137.69000244140625,136.47999572753906,136.75999450683594,0.0,2006600,0.003426557342485893,353971544.5534116
2021-09-23,123.00467681884766,0.0,138.6199951171875,0.0,139.33999633789062,137.32000732421875,137.50999450683594,0.0,1987700,0.0034090445732191483,352248102.8144473
2021-09-24,123.16175842285156,0.0,137.99000549316406,0.806,138.49000549316406,137.5500030517578,137.55999755859375,0.0,1291800,0.0033195125835539354,350166274.7130621
2021-09-27,123.68836212158205,0.0,138.5800018310547,0.0,139.24000549316406,138.27999877929688,138.3300018310547,0.0,2104800,0.00304372997298816,348237973.24785507
2021-09-28,122.3316879272461,0.0,137.05999755859375,0.0,138.57000732421875,136.77000427246094,138.32000732421875,0.0,3266000,0.0028704504606266324,348309197.5187756
2021-09-29,122.83151245117188,0.0,137.6199951171875,0.0,138.22000122070312,136.9499969482422,137.38999938964844,0.0,2706300,0.0031741966908695298,347872679.9073113
2021-09-30,120.8232879638672,0.0,135.3699951171875,0.0,138.1300048828125,135.32000732421875,137.94000244140625,0.0,2583300,0.0033343060862909843,347051592.10678583
2021-10-01,122.2424545288086,0.0,136.9600067138672,0.0,137.6699981689453,134.92999267578125,136.10000610351562,0.0,2412900,0.003911015652084716,346087231.2092857
2021-10-04,121.76937866210938,0.0,136.42999267578125,0.0,138.0,135.8800048828125,136.89999389648438,0.0,2264400,0.004059849726587006,345625164.73429847
2021-10-05,122.7601318359375,0.0,137.5399932861328,0.0,138.25,136.49000549316406,136.91000366210938,0.0,2267400,0.004451171592625187,345776496.8721783
2021-10-06,122.98323822021484,0.0,137.7899932861328,0.0,137.83999633789062,135.6300048828125,136.52000427246094,0.0,2399000,0.004631280816041874,345674862.49216473
2021-10-07,123.9739761352539,0.0,138.89999389648438,0.0,139.82000732421875,138.6999969482422,138.72999572753906,0.0,2310300,0.004378279511427404,345959061.1772204
2021-10-08,124.09890747070312,0.0,139.0399932861328,0.0,139.4199981689453,138.6999969482422,138.94000244140625,0.0,1477500,0.004555386949117834,345574800.4020933
2021-10-11,123.16175842285156,0.0,137.99000549316406,0.0,139.82000732421875,137.9600067138672,139.22000122070312,0.0,1320200,0.004320024229590028,344501425.4827227
2021-10-12,122.79582214355467,0.0,137.5800018310547,0.0,138.36000061035156,137.25999450683594,138.02999877929688,0.0,2515800,0.004067566377052923,344671939.9367075
2021-10-13,122.92969512939452,0.0,137.72999572753906,0.0,138.05999755859375,136.25,137.5800018310547,0.0,2312300,0.003524629841657976,343665118.8564119
2021-10-14,124.88440704345705,0.0,139.9199981689453,0.0,139.99000549316406,138.63999938964844,138.86000061035156,0.0,2240600,0.0029798479495476513,343527461.65782386
2021-10-15,125.74119567871094,0.0,140.8800048828125,0.0,141.47000122070312,140.61000061035156,140.75,0.0,2162200,0.0029785061808246206,343389057.15279955
2021-10-18,125.29496002197266,0.0,140.3800048828125,0.0,141.02999877929688,139.82000732421875,140.38999938964844,0.0,3871700,0.0029785061808246206,344794295.23916095
2021-10-19,126.41060638427734,0.0,141.6300048828125,0.0,141.6300048828125,140.6300048828125,140.91000366210938,0.0,4317300,0.0029867753795714243,347325100.25026834
2021-10-20,127.68692016601562,0.0,143.05999755859375,0.0,143.10000610351562,141.69000244140625,141.72999572753906,0.0,3048000,0.002619382729102997,346612976.3600183
2021-10-21,127.40133666992188,0.0,142.74000549316406,0.0,143.0800018310547,142.17999267578125,142.91000366210938,0.0,1723800,0.0027928769379163753,342836592.1154688
2021-10-22,127.88331604003906,0.0,143.27999877929688,0.0,143.5,142.6199951171875,142.83999633789062,0.0,2306000,0.00261091593565532,343467217.68890864
2021-10-25,128.08859252929688,0.0,143.50999450683594,0.0,143.74000549316406,142.94000244140625,143.50999450683594,0.0,2620000,0.002669277068492351,343434596.62461054
2021-10-26,128.13320922851562,0.0,143.55999755859375,0.0,144.07000732421875,143.41000366210938,143.6300048828125,0.0,1798100,0.002669277068492351,343550669.0122574
2021-10-27,126.4374008178711,0.0,141.66000366210938,0.0,143.5500030517578,141.63999938964844,143.5500030517578,0.0,2495100,0.002315586063600833,343451598.24676514
2021-10-28,127.5977020263672,0.0,142.9600067138672,0.0,142.9600067138672,141.88999938964844,141.88999938964844,0.0,1598300,0.002393153138215444,341798300.1392667
2021-10-29,127.40133666992188,0.0,142.74000549316406,0.0,143.22999572753906,142.38999938964844,142.75,0.0,2145600,0.0017692048542800928,341119322.97857374
2021-11-01,127.86546325683594,0.0,143.25999450683594,0.0,143.55999755859375,142.8000030517578,143.24000549316406,0.0,1886400,0.0014412344825823862,339901517.6851424
2021-11-02,128.47235107421875,0.0,143.94000244140625,0.0,144.14999389648438,143.1699981689453,143.58999633789062,0.0,1690300,0.001049912616544205,338940363.734327
2021-11-03,129.15965270996094,0.0,144.7100067138672,0.0,144.75,143.47000122070312,143.52000427246094,0.0,2032600,0.0008968494144312647,337650839.12863356
2021-11-04,128.6419677734375,0.0,144.1300048828125,0.0,144.8300018310547,143.42999267578125,144.77000427246094,0.0,1495800,0.0013131446178548836,336462400.69782317
2021-11-05,129.3113555908203,0.0,144.8800048828125,0.0,145.58999633789062,144.42999267578125,144.8300018310547,0.0,2353000,0.0011293617847529323,335009053.44048154
2021-11-08,129.5523681640625,0.0,145.14999389648438,0.0,145.72000122070312,144.75999450683594,145.33999633789062,0.0,1629300,0.001191995764778956,332352002.6785351
2021-11-09,129.48989868164062,0.0,145.0800018310547,0.0,145.25,144.4600067138672,145.07000732421875,0.0,2103800,0.001191995764778956,327911483.3328005
2021-11-10,129.27566528320312,0.0,144.83999633789062,0.0,145.6199951171875,144.63999938964844,144.94000244140625,0.0,1916300,0.0012676256589419334,325651522.0216055
2021-11-11,129.3649444580078,0.0,144.94000244140625,0.0,145.1999969482422,144.67999267578125,145.02000427246094,0.0,2020500,0.0013755326864064341,323458915.5141679
2021-11-12,129.70408630371094,0.0,145.32000732421875,0.0,145.52000427246094,144.7100067138672,145.39999389648438,0.0,1320800,0.0014776724031976764,320669852.9618036
2021-11-15,129.77549743652344,0.0,145.39999389648438,0.0,145.7100067138672,145.13999938964844,145.69000244140625,0.0,1745700,0.0014776724031976764,319684554.44357735
2021-11-16,129.561279296875,0.0,145.16000366210938,0.0,145.8000030517578,145.0800018310547,145.47000122070312,0.0,1617200,0.0016340311901346214,317826931.59714955
2021-11-17,128.98110961914062,0.0,144.50999450683594,0.0,144.99000549316406,144.22999572753906,144.94000244140625,0.0,4282000,0.0016340311901346214,319863398.8181704
2021-11-18,128.4991455078125,0.0,143.97000122070312,0.0,144.5800018310547,143.41000366210938,144.4199981689453,0.0,2732000,0.0014119644184640596,320110162.21248084
2021-11-19,127.26747131347656,0.0,142.58999633789062,0.0,143.5,142.50999450683594,143.4199981689453,0.0,1931900,0.0014119644184640596,318749138.6753627
2021-11-22,128.0350341796875,0.0,143.4499969482422,0.0,144.55999755859375,142.82000732421875,143.0399932861328,0.0,3114300,0.001507562094223957,319143630.57366025
2021-11-23,129.13287353515625,0.0,144.67999267578125,0.0,144.8000030517578,143.50999450683594,143.6999969482422,0.0,2962400,0.0017134399082719646,320017246.31597126
2021-11-24,129.0703887939453,0.0,144.61000061035156,0.0,144.74000549316406,144.27000427246094,144.39999389648438,0.0,2368600,0.001782575670538107,319875357.20839727
2021-11-26,126.35707092285156,0.0,141.57000732421875,0.0,141.99000549316406,140.69000244140625,141.69000244140625,0.0,3275400,0.0015448992005020418,321037069.73942345
2021-11-29,126.63373565673828,0.0,141.8800048828125,0.0,142.6699981689453,141.16000366210938,142.55999755859375,0.0,2889900,0.0015385496121156903,320894562.49576145
2021-11-30,123.52770233154295,0.0,138.39999389648438,0.0,140.92999267578125,138.3300018310547,140.66000366210938,0.0,5130200,0.001519346189998838,322975280.94736737
2021-12-01,122.7869110107422,0.0,137.57000732421875,0.0,141.5,137.5399932861328,140.27999877929688,0.0,4430600,0.0021908275091880847,323482902.3895748
2021-12-02,125.17893981933594,0.0,140.25,0.0,140.92999267578125,137.80999755859375,138.10000610351562,0.0,4657000,0.00310409361162711,323830506.1189682
2021-12-03,125.1164321899414,0.0,140.17999267578125,0.0,141.27999877929688,139.07000732421875,140.9499969482422,0.0,5961200,0.00299127477390157,328072800.16445583
2021-12-06,126.80332946777344,0.0,142.07000732421875,0.0,142.92999267578125,141.27000427246094,141.42999267578125,0.0,4034800,0.00299127477390157,330285919.91131496
2021-12-07,128.2046356201172,0.0,143.63999938964844,0.0,144.10000610351562,142.99000549316406,143.07000732421875,0.0,2562400,0.0028853474878585013,330957369.8132227
2021-12-08,128.01719665527344,0.0,143.42999267578125,0.0,144.10000610351562,142.8699951171875,143.8300018310547,0.0,2682900,0.003244144558160904,330808015.76604694
2021-12-09,127.7940444946289,0.0,143.17999267578125,0.0,143.72000122070312,142.64999389648438,142.9600067138672,0.0,2231200,0.0033137703853671372,331311080.98482406
2021-12-10,128.86509704589844,0.0,144.3800048828125,0.0,144.4499969482422,143.4199981689453,144.0,0.0,2919600,0.003205863357902637,332514922.92455035
2021-12-13,128.32955932617188,0.0,143.77999877929688,0.0,144.3699951171875,143.3699951171875,144.14999389648438,0.0,2519500,0.0034104236544520417,332569976.8643697
2021-12-14,128.3741912841797,0.0,143.8300018310547,0.0,144.5500030517578,143.17999267578125,143.1999969482422,0.0,3054700,0.0036840561582765574,333274160.66012913
2021-12-15,129.57911682128906,0.0,145.17999267578125,0.0,145.30999755859375,143.3300018310547,143.9199981689453,0.0,4284400,0.0037528772932893424,334984742.44620913
2021-12-16,130.48056030273438,0.0,146.19000244140625,0.0,147.1699981689453,145.72999572753906,145.9199981689453,0.0,3822700,0.0037528772932893424,335013066.64221627
2021-12-17,128.55276489257812,0.0,144.02999877929688,0.0,145.64999389648438,144.00999450683594,145.63999938964844,0.0,4185000,0.0037528772932893424,337461011.6657075
2021-12-20,127.2942352294922,0.0,142.6199951171875,0.0,142.77000427246094,141.32000732421875,142.75,0.0,4162900,0.0037528772932893424,339786586.4648123
2021-12-21,128.77584838867188,0.0,144.27999877929688,0.0,144.52999877929688,143.30999755859375,143.42999267578125,0.0,3041300,0.0035989184846924134,340848047.1894643
2021-12-22,129.51669311523438,0.0,145.11000061035156,0.0,145.1999969482422,143.80999755859375,144.19000244140625,0.0,2556600,0.003393040670644406,341691232.45092726
2021-12-23,130.2842559814453,0.0,145.97000122070312,0.0,146.42999267578125,145.61000061035156,145.63999938964844,0.0,2283100,0.003323904908378263,342243120.77330333
2021-12-27,131.63409423828125,0.0,146.57000732421875,0.903,146.5800018310547,145.11000061035156,145.3699951171875,0.0,2303300,0.0034999967845122477,342175374.1294134
2021-12-28,131.96640014648438,0.0,146.94000244140625,0.0,147.3300018310547,146.52999877929688,146.58999633789062,0.0,2223900,0.003489221572623845,342057631.8754287
2021-12-29,132.23577880859375,0.0,147.24000549316406,0.0,147.5500030517578,146.8000030517578,146.9600067138672,0.0,2329600,0.003552063374718935,341542534.62839276
2021-12-30,132.06512451171875,0.0,147.0500030517578,0.0,148.00999450683594,146.9499969482422,147.47999572753906,0.0,2288700,0.002953252574691188,341921590.90822005
2021-12-31,132.1190643310547,0.0,147.11000061035156,0.0,147.64999389648438,146.8800048828125,146.94000244140625,0.0,1963100,0.0021607156368475358,342294676.90378827
2022-01-03,132.66688537597656,0.0,147.72000122070312,0.0,147.75,146.66000366210938,147.35000610351562,0.0,2859700,0.0020576140337656913,342541783.4084163
2022-01-04,134.1846923828125,0.0,149.41000366210938,0.0,149.82000732421875,148.19000244140625,148.39999389648438,0.0,3145900,0.002057614033765691,343610399.22281903
2022-01-05,133.34945678710938,0.0,148.47999572753906,0.0,150.8800048828125,148.47999572753906,149.86000061035156,0.0,6116700,0.0021558475308687615,347057211.21570647
2022-01-06,133.5829620361328,0.0,148.74000549316406,0.0,149.38999938964844,148.24000549316406,148.92999267578125,0.0,3951400,0.0018148411447813449,349267369.8900737
2022-01-07,134.19366455078125,0.0,149.4199981689453,0.0,149.7899932861328,148.5500030517578,148.6699981689453,0.0,4447400,0.0017773286273348766,352548979.4840495
2022-01-10,134.0768585205078,0.0,149.2899932861328,0.0,149.58999633789062,147.88999938964844,149.44000244140625,0.0,5227000,0.0019423578901836343,356247647.37485856
2022-01-11,134.99293518066406,0.0,150.30999755859375,0.0,150.35000610351562,148.3800048828125,149.49000549316406,0.0,4536200,0.0017509790178315103,359215982.25895715
2022-01-12,135.01095581054688,0.0,150.3300018310547,0.0,150.72999572753906,149.6699981689453,150.49000549316406,0.0,4453700,0.0014773465140069952,361928274.0454416
2022-01-13,134.7325439453125,0.0,150.02000427246094,0.0,151.16000366210938,149.60000610351562,150.47999572753906,0.0,4510500,0.0015061944292120177,365300209.7611079
2022-01-14,134.54391479492188,0.0,149.80999755859375,0.0,149.88999938964844,148.4600067138672,149.0,0.0,3875400,0.0015061944292120177,365286581.30506486
2022-01-18,132.72079467773438,0.0,147.77999877929688,0.0,149.08999633789062,147.1300048828125,148.9600067138672,0.0,4762700,0.0018182944028963099,367980458.9564006
2022-01-19,131.55323791503906,0.0,146.47999572753906,0.0,148.5,146.3800048828125,148.1300048828125,0.0,4150500,0.0019628641723426197,369722055.38733345
2022-01-20,130.4036865234375,0.0,145.1999969482422,0.0,148.07000732421875,145.0500030517578,146.5,0.0,4332000,0.0021585374220975616,372834592.91814166
2022-01-21,128.8859100341797,0.0,143.50999450683594,0.0,145.7100067138672,143.17999267578125,145.14999389648438,0.0,6466700,0.0021585374220975616,378449332.5973511
2022-01-24,128.99368286132812,0.0,143.6300048828125,0.0,143.8699951171875,139.0500030517578,141.85000610351562,0.0,9886000,0.0021585374220975616,387829285.85653156
2022-01-25,128.8769073486328,0.0,143.5,0.0,144.4600067138672,140.02999877929688,142.0,0.0,5758200,0.00294770299618312,392293183.6432442
2022-01-26,128.2303009033203,0.0,142.77999877929688,0.0,145.41000366210938,141.49000549316406,144.30999755859375,0.0,5951500,0.0033985449026077324,396444798.6999148
2022-01-27,128.01473999023438,0.0,142.5399932861328,0.0,145.33999633789062,141.82000732421875,143.8300018310547,0.0,4952300,0.004468619925635108,400015170.95124984
2022-01-28,129.58641052246094,0.0,144.2899932861328,0.0,144.3699951171875,140.92999267578125,142.2100067138672,0.0,5122100,0.0048277932332526936,403575657.7119131
2022-01-31,130.70004272460938,0.0,145.52999877929688,0.0,145.64999389648438,143.25,143.5500030517578,0.0,5193800,0.004680018047353574,406953396.9573611
2022-02-01,131.58018493652344,0.0,146.50999450683594,0.0,146.75,144.99000549316406,145.64999389648438,0.0,4624200,0.004479643284737341,409476055.39547145
2022-02-02,132.7567138671875,0.0,147.82000732421875,0.0,148.08999633789062,146.10000610351562,146.4199981689453,0.0,4422000,0.004479643284737341,412490173.1189183
2022-02-03,131.61611938476562,0.0,146.5500030517578,0.0,147.7899932861328,146.38999938964844,147.4499969482422,0.0,4437800,0.0046716187406436694,415908944.9791681
2022-02-04,131.45445251464844,0.0,146.3699951171875,0.0,147.4199981689453,145.17999267578125,146.02999877929688,0.0,3097700,0.004679247472001069,417713914.563945
2022-02-07,131.7058868408203,0.0,146.64999389648438,0.0,147.5,145.88999938964844,146.5500030517578,0.0,3520200,0.004925086708943851,420021997.8608268
2022-02-08,132.57705688476562,0.0,147.6199951171875,0.0,147.9199981689453,146.39999389648438,146.6999969482422,0.0,3814300,0.004911267448747521,422522863.45676243
2022-02-09,133.86135864257812,0.0,149.0500030517578,0.0,149.2899932861328,148.39999389648438,148.52999877929688,0.0,4396600,0.0047959463077589986,425590569.77867246
2022-02-10,131.95736694335938,0.0,146.92999267578125,0.0,149.30999755859375,146.30999755859375,147.82000732421875,0.0,5989600,0.0049000501449698725,430954930.25083995
2022-02-11,130.6551513671875,0.0,145.47999572753906,0.0,147.88999938964844,145.00999450683594,146.97000122070312,0.0,5710100,0.004637753109068316,435839187.22460306
2022-02-14,129.57742309570312,0.0,144.27999877929688,0.0,145.6300048828125,143.25,145.38999938964844,0.0,3683000,0.004637753109068316,437812793.7958854
2022-02-15,130.888671875,0.0,145.74000549316406,0.0,146.1300048828125,145.07000732421875,145.1999969482422,0.0,3021300,0.004513082236432591,438755710.7443673
2022-02-16,131.20301818847656,0.0,146.08999633789062,0.0,146.5399932861328,145.08999633789062,145.2899932861328,0.0,2660300,0.00463918735188403,439625085.17209005
2022-02-17,129.41578674316406,0.0,144.10000610351562,0.0,145.27000427246094,143.7899932861328,145.22000122070312,0.0,3071100,0.004561166968835654,440802470.61108786
2022-02-18,128.92181396484375,0.0,143.5500030517578,0.0,144.77000427246094,142.9499969482422,143.8800048828125,0.0,3371300,0.0045825544992297,442504826.2153989
2022-02-22,127.9698715209961,0.0,142.49000549316406,0.0,143.8699951171875,141.5,143.38999938964844,0.0,5069900,0.0045825544992297,446549472.9561094
2022-02-23,126.52392578125,0.0,140.8800048828125,0.0,143.49000549316406,140.58999633789062,143.08999633789062,0.0,4340800,0.004010627959027246,449690327.97462827
2022-02-24,126.14671325683594,0.0,140.4600067138672,0.0,140.69000244140625,137.39999389648438,138.33999633789062,0.0,6623000,0.0035597860526026337,454717853.1505403
2022-02-25,129.9097137451172,0.0,144.64999389648438,0.0,144.97999572753906,141.0399932861328,141.0399932861328,0.0,3866800,0.002426869227480168,457299265.86069983
2022-02-28,129.19125366210938,0.0,143.85000610351562,0.0,144.22999572753906,142.1699981689453,142.3000030517578,0.0,5512400,0.002418722715315514,461960893.39804274
2022-03-01,127.25135803222656,0.0,141.69000244140625,0.0,144.0800018310547,140.8000030517578,143.25,0.0,5013200,0.002790941124258351,465631629.1417803
2022-03-02,129.86483764648438,0.0,144.60000610351562,0.0,145.22999572753906,142.44000244140625,142.60000610351562,0.0,3328400,0.0033189715083075263,466627164.5411052
2022-03-03,130.19711303710938,0.0,144.97000122070312,0.0,145.8699951171875,143.9199981689453,145.1199951171875,0.0,3043800,0.0033189715083075263,468110735.6919667
2022-03-04,130.1611785888672,0.0,144.92999267578125,0.0,145.02999877929688,143.05999755859375,143.32000732421875,0.0,2931100,0.002955443994502671,469243629.4117882
2022-03-07,127.57467651367188,0.0,142.0500030517578,0.0,144.5,141.91000366210938,144.5,0.0,4647400,0.0034019975917757455,472890473.00922453
2022-03-08,126.31732940673828,0.0,140.64999389648438,0.0,143.72999572753906,140.60000610351562,142.55999755859375,0.0,5250100,0.0031784944131734564,476603998.44718814
2022-03-09,128.2033233642578,0.0,142.75,0.0,143.75,142.2899932861328,142.72000122070312,0.0,3658300,0.00330510390691071,478044998.37957716
2022-03-10,128.18539428710938,0.0,142.72999572753906,0.0,142.91000366210938,141.19000244140625,141.3800048828125,0.0,2278000,0.00330510390691071,478389379.1448321
2022-03-11,127.26934051513672,0.0,141.7100067138672,0.0,143.8800048828125,141.60000610351562,143.02999877929688,0.0,2296400,0.0033423537680102367,478563810.0396414
2022-03-14,127.44898223876952,0.0,141.91000366210938,0.0,143.50999450683594,141.30999755859375,142.49000549316406,0.0,2784200,0.003849122365598358,477620411.91032046
2022-03-15,128.9398193359375,0.0,143.57000732421875,0.0,143.77000427246094,141.94000244140625,142.5,0.0,5261500,0.004213745095847553,481069946.26773655
2022-03-16,130.42166137695312,0.0,145.22000122070312,0.0,145.3300018310547,142.75,144.33999633789062,0.0,3060200,0.0040263159947989844,481759782.0930481
2022-03-17,132.07412719726562,0.0,147.05999755859375,0.0,147.05999755859375,144.63999938964844,144.67999267578125,0.0,2975600,0.0037556411099012366,483280093.5103038
2022-03-18,132.3076629638672,0.0,147.32000732421875,0.0,147.49000549316406,145.9499969482422,146.6999969482422,0.0,2949900,0.003652648157650283,484180181.51384383
2022-03-21,132.81060791015625,0.0,147.8800048828125,0.0,148.67999267578125,147.19000244140625,147.86000061035156,0.0,2516900,0.0036312606272562373,482184187.77328974
2022-03-22,133.53805541992188,0.0,148.69000244140625,0.0,149.14999389648438,148.1300048828125,148.60000610351562,0.0,3613300,0.003708924023130606,483455487.38755727
2022-03-23,132.2847900390625,0.0,146.50999450683594,0.792,147.80999755859375,146.47999572753906,147.58999633789062,0.0,3088700,0.003315593113113517,484869001.7927624
2022-03-24,133.54884338378906,0.0,147.91000366210938,0.0,147.9499969482422,146.75999450683594,147.0800018310547,0.0,1523000,0.003688749605225123,484470049.18389696
2022-03-25,134.9393310546875,0.0,149.4499969482422,0.0,149.4600067138672,148.05999755859375,148.22000122070312,0.0,4142600,0.0036887496052251238,487968906.8685138
2022-03-28,134.76779174804688,0.0,149.25999450683594,0.0,149.25999450683594,148.02999877929688,149.0500030517578,0.0,3101400,0.0036408795744724393,489327889.08366853
2022-03-29,135.6165008544922,0.0,150.1999969482422,0.0,150.32000732421875,148.9199981689453,149.91000366210938,0.0,4094300,0.003268661165529603,490655872.3811195
2022-03-30,135.4088592529297,0.0,149.97000122070312,0.0,150.58999633789062,149.30999755859375,150.07000732421875,0.0,3862700,0.002923410159306303,492297524.21389383
2022-03-31,133.43148803710938,0.0,147.77999877929688,0.0,150.1199951171875,147.75,149.39999389648438,0.0,2378200,0.002923410159306303,492311405.83858186
2022-04-01,133.95518493652344,0.0,148.36000061035156,0.0,148.4499969482422,147.07000732421875,148.39999389648438,0.0,3106400,0.002923410159306303,493346284.45521766
2022-04-04,133.60304260253906,0.0,147.97000122070312,0.0,148.25,146.9600067138672,148.1999969482422,0.0,4141700,0.002867514759082708,495758310.47617596
2022-04-05,132.91683959960938,0.0,147.2100067138672,0.0,149.13999938964844,146.85000610351562,147.61000061035156,0.0,3991400,0.0030080583912782477,497946531.4287216
2022-04-06,133.3863525390625,0.0,147.72999572753906,0.0,148.0,146.42999267578125,146.55999755859375,0.0,3694300,0.0027851574422516636,499654473.7249344
2022-04-07,134.09963989257812,0.0,148.52000427246094,0.0,149.00999450683594,146.83999633789062,147.57000732421875,0.0,3775500,0.0028661363155622014,501557938.96486795
2022-04-08,135.04771423339844,0.0,149.57000732421875,0.0,150.02000427246094,148.52999877929688,148.72000122070312,0.0,2961200,0.002724782617251801,503442662.1046157
2022-04-11,133.8197021484375,0.0,148.2100067138672,0.0,149.72000122070312,148.00999450683594,149.22999572753906,0.0,2530600,0.002426741077658495,504973502.0866636
2022-04-12,133.4947052001953,0.0,147.85000610351562,0.0,149.5500030517578,147.3300018310547,148.55999755859375,0.0,3168600,0.002396032062415552,505944563.6797829
2022-04-13,134.16285705566406,0.0,148.58999633789062,0.0,148.72000122070312,147.41000366210938,147.63999938964844,0.0,3567700,0.0026882753691076207,507624337.178306
2022-04-14,133.67530822753906,0.0,148.0500030517578,0.0,149.5,148.00999450683594,148.6199951171875,0.0,1629600,0.0026882753691076207,507050984.2979552
2022-04-18,133.62110900878906,0.0,147.99000549316406,0.0,148.85000610351562,147.39999389648438,147.75999450683594,0.0,2262600,0.0026736154546520077,507290916.3604252
2022-04-19,135.03866577148438,0.0,149.55999755859375,0.0,149.8300018310547,148.00999450683594,148.0500030517578,0.0,2245800,0.0026736154546520077,505643079.67480856
2022-04-20,136.1582794189453,0.0,150.8000030517578,0.0,151.47000122070312,150.25,150.25999450683594,0.0,2836600,0.002595952058777639,504185143.71112645
2022-04-21,134.713623046875,0.0,149.1999969482422,0.0,151.88999938964844,149.0,151.47999572753906,0.0,3378400,0.00279305057104404,504724908.7677244
2022-04-22,131.1923065185547,0.0,145.3000030517578,0.0,148.6300048828125,145.1699981689453,148.6199951171875,0.0,2631700,0.0024198940789324345,505806899.2166307
2022-04-25,131.1742401123047,0.0,145.27999877929688,0.0,145.61000061035156,142.0500030517578,144.3800048828125,0.0,3043400,0.0024198940789324345,506693736.2888518
2022-04-26,128.88987731933594,0.0,142.75,0.0,145.5,142.7100067138672,144.5399932861328,0.0,2516600,0.0028495268754225615,506560787.5935509
2022-04-27,129.08853149414062,0.0,142.97000122070312,0.0,144.35000610351562,142.22000122070312,142.9600067138672,0.0,2923200,0.0030437812213678266,507828999.3075053
2022-04-28,130.9755859375,0.0,145.05999755859375,0.0,145.52000427246094,142.38999938964844,143.69000244140625,0.0,3184500,0.0032715828878152322,508690012.6970927
2022-04-29,127.03892517089844,0.0,140.6999969482422,0.0,144.6199951171875,140.49000549316406,144.25,0.0,3629400,0.0037669020878639834,510929406.2700544
2022-05-02,127.0930633544922,0.0,140.75999450683594,0.0,141.82000732421875,138.22000122070312,140.97000122070312,0.0,5083900,0.0037669020878639834,514178190.24058753
2022-05-03,128.17662048339844,0.0,141.9600067138672,0.0,143.00999450683594,140.8300018310547,141.3000030517578,0.0,3082900,0.0033508244752421187,515506784.2966231
2022-05-04,131.59861755371094,0.0,145.75,0.0,145.97999572753906,141.89999389648438,142.2100067138672,0.0,2647100,0.0030734946832523453,516637840.16069686
2022-05-05,128.7273712158203,0.0,142.57000732421875,0.0,144.92999267578125,141.27000427246094,144.67999267578125,0.0,3062000,0.004193804504258184,517768092.5637139
2022-05-06,128.66416931152344,0.0,142.5,0.0,142.9199981689453,140.5,141.88999938964844,0.0,3968200,0.004112825630947646,520544908.7438432
2022-05-09,125.63043975830078,0.0,139.13999938964844,0.0,141.1300048828125,138.67999267578125,140.92999267578125,0.0,3761600,0.004602160333688645,521993213.26935786
2022-05-10,125.25118255615234,0.0,138.72000122070312,0.0,141.0,137.44000244140625,140.4199981689453,0.0,4226300,0.004936634756515441,524769240.6987508
2022-05-11,124.6100845336914,0.0,138.00999450683594,0.0,141.24000549316406,137.88999938964844,138.74000549316406,0.0,6435800,0.005544292259059546,529396109.0701391
2022-05-12,124.8268051147461,0.0,138.25,0.0,138.47000122070312,136.0500030517578,137.55999755859375,0.0,5034900,0.005252048952367477,532717680.8163113
2022-05-13,126.48816680908205,0.0,140.08999633789062,0.0,140.4600067138672,138.7899932861328,139.25,0.0,3282200,0.005252048952367477,534042697.57065547
2022-05-16,126.90349578857422,0.0,140.5500030517578,0.0,141.55999755859375,139.38999938964844,139.99000549316406,0.0,3999200,0.005252048952367477,536980387.3050265
2022-05-17,128.91697692871094,0.0,142.77999877929688,0.0,142.83999633789062,141.41000366210938,142.13999938964844,0.0,3947100,0.005259137801815953,539438658.4465874
2022-05-18,124.628173828125,0.0,138.02999877929688,0.0,141.75999450683594,137.55999755859375,141.66000366210938,0.0,2664100,0.005407567571365174,540493999.413457
2022-05-19,123.52662658691406,0.0,136.80999755859375,0.0,138.0800018310547,135.6699981689453,136.5399932861328,0.0,3169500,0.0052104690590987724,539024376.3244387
2022-05-20,123.7703857421875,0.0,137.0800018310547,0.0,138.0800018310547,134.44000244140625,137.6199951171875,0.0,2913500,0.0058478940430844815,539072444.118088
2022-05-23,125.99153900146484,0.0,139.5399932861328,0.0,140.13999938964844,138.10000610351562,138.4499969482422,0.0,2548300,0.0058478940430844815,539708318.3321029
2022-05-24,126.51521301269533,0.0,140.1199951171875,0.0,140.38999938964844,137.52999877929688,138.9199981689453,0.0,2291900,0.005608490224902578,538711450.8028424
2022-05-25,127.39102935791016,0.0,141.08999633789062,0.0,141.50999450683594,139.55999755859375,139.8699951171875,0.0,3090200,0.005414235878957313,538770151.5677679
2022-05-26,129.08853149414062,0.0,142.97000122070312,0.0,143.5399932861328,141.58999633789062,141.85000610351562,0.0,2807400,0.005003654834684033,539237220.88508
2022-05-27,131.14712524414062,0.0,145.25,0.0,145.3000030517578,143.2100067138672,143.39999389648438,0.0,2299400,0.004508335634635281,538207772.0597645
2022-05-31,130.09976196289062,0.0,144.08999633789062,0.0,145.1199951171875,143.38999938964844,144.42999267578125,0.0,3880500,0.005028917956449933,539391281.6207038
2022-06-01,129.0795135498047,0.0,142.9600067138672,0.0,144.7899932861328,141.72000122070312,144.6999969482422,0.0,3097100,0.005131617460787113,537270184.7009083
2022-06-02,130.1719970703125,0.0,144.1699981689453,0.0,144.19000244140625,141.4199981689453,143.0800018310547,0.0,2534800,0.005778123352686756,535333077.0573207
2022-06-03,129.09751892089844,0.0,142.97999572753906,0.0,143.86000061035156,142.8000030517578,143.1300048828125,0.0,3142700,0.004766615749328773,533715608.66504246
2022-06-06,129.34136962890625,0.0,143.25,0.0,144.47999572753906,142.99000549316406,144.05999755859375,0.0,2180300,0.004900348411688951,529562330.9083848
2022-06-07,130.80401611328125,0.0,144.8699951171875,0.0,144.9600067138672,142.3300018310547,142.3800048828125,0.0,2326700,0.004740660284833687,527688084.49638003
2022-06-08,129.09751892089844,0.0,142.97999572753906,0.0,144.39999389648438,142.69000244140625,144.14999389648438,0.0,1830100,0.004621523781980078,526843676.2086414
2022-06-09,126.3346710205078,0.0,139.9199981689453,0.0,142.9600067138672,139.89999389648438,142.49000549316406,0.0,1911200,0.0036799525644297198,525911983.93205917
2022-06-10,123.64400482177734,0.0,136.94000244140625,0.0,138.3300018310547,136.82000732421875,138.00999450683594,0.0,2622800,0.0036799525644297198,526227087.41416323
2022-06-13,119.55384826660156,0.0,132.41000366210938,0.0,134.5800018310547,131.72999572753906,134.0,0.0,4276800,0.0036799525644297198,527375970.2824668
2022-06-14,118.71412658691406,0.0,131.47999572753906,0.0,133.55999755859375,130.39999389648438,132.85000610351562,0.0,5357500,0.0037480794240310374,530091449.410926
2022-06-15,119.32810974121094,0.0,132.16000366210938,0.0,133.6699981689453,130.1699981689453,132.42999267578125,0.0,3363700,0.00485229565695738,530132632.7262031
2022-06-16,116.09571075439452,0.0,128.5800018310547,0.0,129.66000366210938,127.80999755859376,129.60000610351562,0.0,5583700,0.0051278567042822255,530894085.0722661
2022-06-17,115.58104705810548,0.0,128.00999450683594,0.0,129.6199951171875,127.16000366210938,128.82000732421875,0.0,4732800,0.005668846485341933,531267142.0537676
2022-06-21,118.39811706542967,0.0,131.1300048828125,0.0,131.6300048828125,129.67999267578125,129.97999572753906,0.0,3435700,0.005348466833340285,530058870.7274543
2022-06-22,118.11821746826172,0.0,130.82000732421875,0.0,132.08999633789062,129.27000427246094,129.39999389648438,0.0,2628400,0.005910783233056013,528075811.43838793
2022-06-23,118.46804809570312,0.0,130.3699951171875,0.835,131.02000427246094,128.83999633789062,130.3699951171875,0.0,3346100,0.005637248889392793,528055432.71119857
2022-06-24,121.52130889892578,0.0,133.72999572753906,0.0,133.74000549316406,131.14999389648438,131.41000366210938,0.0,3414900,0.005637248889392793,528735482.9877823
2022-06-27,121.82118225097656,0.0,134.05999755859375,0.0,134.72999572753906,133.4499969482422,134.14999389648438,0.0,3083400,0.005637248889392793,529371169.39004564
2022-06-28,120.71256256103516,0.0,132.83999633789062,0.0,135.97000122070312,132.6699981689453,135.0500030517578,0.0,3897600,0.00585323203403757,530801030.27779716
2022-06-29,120.2582015991211,0.0,132.33999633789062,0.0,133.3699951171875,131.88999938964844,133.08999633789062,0.0,3680600,0.005332649712222919,532073337.5721765
2022-06-30,119.8402099609375,0.0,131.8800048828125,0.0,132.58999633789062,130.4199981689453,130.88999938964844,0.0,3205900,0.005229950207885739,532706542.2615172
2022-07-01,121.0487823486328,0.0,133.2100067138672,0.0,133.47999572753906,130.57000732421875,131.60000610351562,0.0,2198100,0.005107690176693705,532359364.2755902
2022-07-05,119.71298217773438,0.0,131.74000549316406,0.0,131.75,129.22000122070312,131.64999389648438,0.0,2760100,0.0058098507107389435,532953205.1245069
2022-07-06,119.82202911376952,0.0,131.86000061035156,0.0,132.6699981689453,130.75999450683594,131.6999969482422,0.0,2860300,0.005676118048378766,532593873.95192707
2022-07-07,121.0487823486328,0.0,133.2100067138672,0.0,133.55999755859375,132.52999877929688,132.8000030517578,0.0,3554300,0.005382534830972421,532621170.74829584
2022-07-08,120.9397201538086,0.0,133.08999633789062,0.0,133.82000732421875,132.67999267578125,133.24000549316406,0.0,2027900,0.005181981138821056,527555183.555494
2022-07-11,120.24910736083984,0.0,132.3300018310547,0.0,132.92999267578125,132.0500030517578,132.2899932861328,0.0,2376400,0.005181981138821056,525386435.60823715
2022-07-12,119.65846252441406,0.0,131.67999267578125,0.0,133.0399932861328,131.14999389648438,131.7100067138672,0.0,2946100,0.005359000255507532,523191292.1682812
2022-07-13,118.83154296875,0.0,130.77000427246094,0.0,131.67999267578125,129.77999877929688,130.27000427246094,0.0,2197800,0.005359000255507532,519279129.63243514
2022-07-14,117.81378173828124,0.0,129.64999389648438,0.0,129.8300018310547,128.02000427246094,128.58999633789062,0.0,3471900,0.005290873395906214,517440205.8457995
2022-07-15,120.1855239868164,0.0,132.25999450683594,0.0,132.32000732421875,130.6300048828125,131.35000610351562,0.0,2282500,0.004179568313531396,514522417.8164891
2022-07-18,119.26773071289062,0.0,131.25,0.0,133.47999572753906,130.89999389648438,133.2100067138672,0.0,2823900,0.003971401506077468,512093621.3540214
2022-07-19,121.95748901367188,0.0,134.2100067138672,0.0,134.47999572753906,132.25,132.3699951171875,0.0,2165500,0.004186731569260707,509792495.20323014
2022-07-20,121.7575912475586,0.0,133.99000549316406,0.0,134.44000244140625,133.24000549316406,134.0500030517578,0.0,2314700,0.004141538501628824,506668010.0090148
2022-07-21,122.24828338623048,0.0,134.52999877929688,0.0,134.52999877929688,132.6699981689453,133.4600067138672,0.0,2962500,0.003897564700445658,505005945.71628875
2022-07-22,122.0029296875,0.0,134.25999450683594,0.0,135.33999633789062,133.4600067138672,134.88999938964844,0.0,2123400,0.0036050427819389066,502276432.1095906
2022-07-25,122.93888092041016,0.0,135.2899932861328,0.0,135.47000122070312,134.2899932861328,134.66000366210938,0.0,2285200,0.0038190515453503894,497364754.42054385
2022-07-26,122.41184997558594,0.0,134.7100067138672,0.0,135.3699951171875,134.4600067138672,134.99000549316406,0.0,1386200,0.004096468698349661,487577522.53987145
2022-07-27,123.82032012939452,0.0,136.25999450683594,0.0,136.77999877929688,134.41000366210938,134.88999938964844,0.0,2234900,0.004032128446236326,483436457.15672326
2022-07-28,124.928955078125,0.0,137.47999572753906,0.0,137.82000732421875,135.32000732421875,136.4600067138672,0.0,1863500,0.0040631443239990805,478725654.05595565
2022-07-29,125.90127563476562,0.0,138.5500030517578,0.0,138.85000610351562,137.2899932861328,137.2899932861328,0.0,2477100,0.0040631443239990805,475847093.7687223
2022-08-01,125.4923858642578,0.0,138.10000610351562,0.0,138.5800018310547,137.4499969482422,137.64999389648438,0.0,2306100,0.0038593450025303662,472509035.4311383
2022-08-02,124.51097106933594,0.0,137.02000427246094,0.0,138.57000732421875,136.94000244140625,137.97999572753906,0.0,1834700,0.0032933539047498668,468505359.9881127
2022-08-03,125.39241790771484,0.0,137.99000549316406,0.0,138.3800048828125,137.0399932861328,137.7100067138672,0.0,1967000,0.00371440403459783,465282620.4976884
2022-08-04,124.62906646728516,0.0,137.14999389648438,0.0,137.97999572753906,137.00999450683594,137.91000366210938,0.0,1732600,0.003936920939418541,461980763.4106833
2022-08-05,124.94712829589844,0.0,137.5,0.0,137.5800018310547,136.1999969482422,136.36000061035156,0.0,3598900,0.003713409653601905,460746550.28732544
2022-08-08,125.09254455566406,0.0,137.66000366210938,0.0,138.63999938964844,137.41000366210938,138.0,0.0,1864900,0.003713409653601905,459185532.882206
2022-08-09,125.30152893066406,0.0,137.88999938964844,0.0,138.39999389648438,137.52999877929688,137.9499969482422,0.0,1986000,0.0037784692727954295,457261820.4240587
2022-08-10,127.06438446044922,0.0,139.8300018310547,0.0,139.9600067138672,139.24000549316406,139.42999267578125,0.0,1759800,0.0038214814734082022,454745994.15300155
2022-08-11,127.727783203125,0.0,140.55999755859375,0.0,141.61000061035156,140.3699951171875,140.5500030517578,0.0,2833000,0.0038214814734082022,452705464.22971696
2022-08-12,129.57244873046875,0.0,142.58999633789062,0.0,142.63999938964844,140.77000427246094,141.0800018310547,0.0,1597900,0.003979165569412846,447529215.58699834
2022-08-15,129.78143310546875,0.0,142.82000732421875,0.0,142.94000244140625,141.3300018310547,141.6300048828125,0.0,1845200,0.004016081156260549,443027835.8561319
2022-08-16,130.3357696533203,0.0,143.42999267578125,0.0,143.9600067138672,142.5,142.52000427246094,0.0,2065800,0.0032597613120176018,441162077.4701436
2022-08-17,129.65423583984375,0.0,142.67999267578125,0.0,143.3699951171875,142.0399932861328,142.22999572753906,0.0,1877100,0.0030850533901784086,439793032.5150263
2022-08-18,130.09950256347656,0.0,143.1699981689453,0.0,143.3000030517578,142.4499969482422,142.85000610351562,0.0,1744500,0.002976382186155568,438690785.2495345
2022-08-19,129.21804809570312,0.0,142.1999969482422,0.0,142.77000427246094,141.8800048828125,142.6199951171875,0.0,1696600,0.0031544459965833897,437093253.3930097
2022-08-22,127.10076141357422,0.0,139.8699951171875,0.0,140.97999572753906,139.60000610351562,140.97999572753906,0.0,2617200,0.002940437233171906,436157678.99564713
2022-08-23,126.8735809326172,0.0,139.6199951171875,0.0,140.5,139.4499969482422,139.8699951171875,0.0,1548500,0.0028391051840165335,432140151.08762467
2022-08-24,127.2461929321289,0.0,140.02999877929688,0.0,140.32000732421875,139.27999877929688,139.5800018310547,0.0,1641800,0.0029099984450939816,429111336.2209623
2022-08-25,128.80006408691406,0.0,141.74000549316406,0.0,141.75,140.1199951171875,140.4199981689453,0.0,1496500,0.002878982567331226,423411711.56822085
2022-08-26,125.33787536621094,0.0,137.92999267578125,0.0,141.94000244140625,137.91000366210938,141.75,0.0,2096600,0.0031488131589300556,421267675.2685789
2022-08-29,124.90167999267578,0.0,137.4499969482422,0.0,138.47000122070312,136.80999755859375,137.19000244140625,0.0,2742000,0.0028283666196911622,417965525.4113334
2022-08-30,123.5204620361328,0.0,135.92999267578125,0.0,137.6199951171875,135.4600067138672,137.49000549316406,0.0,2326600,0.0025284764184154685,414838020.6551446
2022-08-31,122.52997589111328,0.0,134.83999633789062,0.0,136.50999450683594,134.8000030517578,135.99000549316406,0.0,2030000,0.0021074262885675057,413190707.4190412
2022-09-01,123.08431243896484,0.0,135.4499969482422,0.0,135.50999450683594,133.4199981689453,134.22999572753906,0.0,3807800,0.001848846025267404,413782031.29732645
2022-09-02,122.05744171142578,0.0,134.32000732421875,0.0,137.25,133.7899932861328,136.86000061035156,0.0,2826200,0.0020407388328703836,413423387.6716735
2022-09-06,121.70305633544922,0.0,133.92999267578125,0.0,135.02999877929688,133.44000244140625,134.69000244140625,0.0,2688300,0.0020407388328703836,411041489.3790351
2022-09-07,123.52954864501952,0.0,135.94000244140625,0.0,136.11000061035156,133.42999267578125,133.55999755859375,0.0,1820700,0.0021922192943905944,407145294.3749806
2022-09-08,124.4382781982422,0.0,136.94000244140625,0.0,137.0399932861328,134.88999938964844,135.3699951171875,0.0,2083700,0.0021492070937778216,405265290.86773586
2022-09-09,125.8830795288086,0.0,138.52999877929688,0.0,138.88999938964844,137.52000427246094,137.64999389648438,0.0,1536800,0.0021492070937778216,404374449.37453496
2022-09-12,126.98265838623048,0.0,139.74000549316406,0.0,140.1999969482422,139.10000610351562,139.30999755859375,0.0,2169700,0.001991522997773178,404198028.98168415
2022-09-13,122.6390380859375,0.0,134.9600067138672,0.0,137.8699951171875,134.47999572753906,137.52999877929688,0.0,2282200,0.0017387834015053362,403506758.30808365
2022-09-14,122.82074737548828,0.0,135.16000366210938,0.0,135.7100067138672,134.10000610351562,135.2100067138672,0.0,1799000,0.0017387834015053362,399441355.5545262
2022-09-15,122.15740203857422,0.0,134.42999267578125,0.0,135.72999572753906,134.1199951171875,134.88999938964844,0.0,2713500,0.0022204267492770997,398809399.50206697
2022-09-16,121.32140350341795,0.0,133.50999450683594,0.0,133.72000122070312,132.5500030517578,133.5,0.0,2695600,0.0020107553547673773,398192715.4739501
2022-09-19,122.09381103515624,0.0,134.36000061035156,0.0,134.38999938964844,132.33999633789062,132.39999389648438,0.0,1825500,0.0021145264260808796,396690293.9779857
2022-09-20,120.52173614501952,0.0,132.6300048828125,0.0,133.44000244140625,131.72999572753906,133.3699951171875,0.0,2001800,0.0026742710800373957,395843465.0850084
2022-09-21,118.64073181152344,0.0,130.55999755859375,0.0,134.08999633789062,130.52999877929688,133.44000244140625,0.0,1855700,0.0028520327685626528,393502342.87586516
2022-09-22,118.05916595458984,0.0,129.9199981689453,0.0,130.89999389648438,129.72999572753906,130.77000427246094,0.0,2903700,0.0026294966149537627,392904908.5794358
2022-09-23,115.94964599609376,0.0,126.75,0.864,127.83999633789062,125.19000244140624,127.83999633789062,0.0,4578800,0.0026294966149537627,395723130.5192978
2022-09-26,114.31217193603516,0.0,124.95999908447266,0.0,126.6999969482422,124.38999938964844,126.02999877929688,0.0,3508700,0.0024707481612976628,394289286.00683665
2022-09-27,113.79988861083984,0.0,124.4000015258789,0.0,126.52999877929688,123.68000030517578,125.79000091552734,0.0,5388000,0.003093610850377799,395934938.8739631
2022-09-28,116.15088653564452,0.0,126.97000122070312,0.0,127.58999633789062,124.70999908447266,125.25,0.0,4114000,0.0035283080127818606,395199944.72727096
2022-09-29,114.33960723876952,0.0,124.98999786376952,0.0,126.27999877929688,124.19000244140624,126.16999816894533,0.0,3678100,0.0041795890885845295,394251028.7544735
2022-09-30,112.95829010009766,0.0,123.4800033569336,0.0,125.6999969482422,123.2699966430664,124.94000244140624,0.0,5167900,0.0043676490578299825,396526282.0580558
2022-10-03,115.97708892822266,0.0,126.77999877929688,0.0,127.3499984741211,124.4800033569336,124.76000213623048,0.0,3079900,0.004836126967855074,395967585.3306301
2022-10-04,119.35266876220705,0.0,130.47000122070312,0.0,130.5,128.0800018310547,128.0800018310547,0.0,2745700,0.004836126967855074,393946824.4440896
2022-10-05,119.00505065917967,0.0,130.08999633789062,0.0,130.86000061035156,128.5800018310547,129.22999572753906,0.0,2459700,0.0049500419012818726,391823081.13611007
2022-10-06,117.5230712890625,0.0,128.47000122070312,0.0,130.25999450683594,128.25,129.49000549316406,0.0,2816900,0.005351040829080939,390363781.3204145
2022-10-07,115.22696685791016,0.0,125.95999908447266,0.0,127.77999877929688,125.25,127.58000183105467,0.0,2537100,0.005351040829080939,388449780.0311013
2022-10-10,114.6414794921875,0.0,125.31999969482422,0.0,126.76000213623048,124.69000244140624,126.4000015258789,0.0,2645600,0.005523025980386699,387565969.59859455
2022-10-11,114.52256774902344,0.0,125.19000244140624,0.0,126.72000122070312,124.43000030517578,124.69000244140624,0.0,3914700,0.006249376228602244,388478835.15071565
2022-10-12,114.06517791748048,0.0,124.69000244140624,0.0,125.9499969482422,124.63999938964844,125.30999755859376,0.0,2249500,0.006585500174750241,386986871.90589297
2022-10-13,117.35840606689452,0.0,128.2899932861328,0.0,128.74000549316406,122.54000091552734,122.87999725341795,0.0,2815000,0.006138918949712126,385645695.724669
2022-10-14,115.547119140625,0.0,126.30999755859376,0.0,129.8800048828125,126.04000091552734,128.9600067138672,0.0,2209100,0.006138918949712126,385945450.7296971
2022-10-17,117.54137420654295,0.0,128.49000549316406,0.0,129.0800018310547,127.9800033569336,128.02999877929688,0.0,3248300,0.006005258590640651,386600465.7964797
2022-10-18,119.12395477294922,0.0,130.22000122070312,0.0,131.0500030517578,128.9499969482422,130.55999755859375,0.0,3194400,0.005445513936684135,387236123.9661807
2022-10-19,118.2183074951172,0.0,129.22999572753906,0.0,130.24000549316406,128.3300018310547,129.5500030517578,0.0,2637200,0.005202404110869046,386546013.3001176
2022-10-20,117.23036193847656,0.0,128.14999389648438,0.0,130.3300018310547,127.8499984741211,129.2899932861328,0.0,2013400,0.005808807170071292,384593314.3161592
2022-10-21,120.12107849121094,0.0,131.30999755859375,0.0,131.5399932861328,127.88999938964844,128.13999938964844,0.0,3818800,0.006487188826887172,385538239.71810716
2022-10-24,121.7127914428711,0.0,133.0500030517578,0.0,133.4499969482422,131.83999633789062,132.0800018310547,0.0,3060900,0.006376106688944443,385261315.9566486
2022-10-25,122.96607971191406,0.0,134.4199981689453,0.0,134.5399932861328,132.60000610351562,133.0500030517578,0.0,3464200,0.005753243999864306,386105864.4301157
2022-10-26,123.73448944091795,0.0,135.25999450683594,0.0,136.38999938964844,134.75,134.97000122070312,0.0,2489200,0.005318546837460246,385461096.73771936
2022-10-27,124.21019744873048,0.0,135.77999877929688,0.0,137.10000610351562,135.5399932861328,136.38999938964844,0.0,3513500,0.004839113709511199,385581092.47966945
2022-10-28,126.74417114257812,0.0,138.5500030517578,0.0,138.6699981689453,135.88999938964844,136.0399932861328,0.0,2237300,0.004800554834821126,383988404.8043024
2022-10-31,126.21360778808594,0.0,137.97000122070312,0.0,138.8000030517578,137.66000366210938,137.88999938964844,0.0,3308100,0.004222005861598798,381931331.98656356
2022-11-01,126.46971893310548,0.0,138.25,0.0,139.14999389648438,137.3699951171875,139.14999389648438,0.0,2135400,0.004513520800067912,380800939.48895895
2022-11-02,124.53038024902344,0.0,136.1300048828125,0.0,139.91000366210938,136.0800018310547,137.9499969482422,0.0,5056800,0.004348922330052936,383202267.9309542
2022-11-03,124.27424621582033,0.0,135.85000610351562,0.0,136.63999938964844,134.42999267578125,134.9499969482422,0.0,5104500,0.00394792340225387,385241132.9605466
2022-11-04,125.92086029052734,0.0,137.64999389648438,0.0,138.44000244140625,135.75999450683594,137.6699981689453,0.0,6170000,0.00394792340225387,387493767.582303
2022-11-07,127.00946807861328,0.0,138.83999633789062,0.0,139.05999755859375,137.63999938964844,138.24000549316406,0.0,2577400,0.003775938250948109,386179935.71609014
2022-11-08,127.75955200195312,0.0,139.66000366210938,0.0,140.3800048828125,138.35000610351562,139.1199951171875,0.0,5176900,0.0030495880027325635,387265122.47640216
2022-11-09,125.6281509399414,0.0,137.3300018310547,0.0,139.5800018310547,137.11000061035156,139.07000732421875,0.0,3103700,0.0027192931403319056,383598665.3655764
2022-11-10,130.03738403320312,0.0,142.14999389648438,0.0,142.30999755859375,139.88999938964844,141.05999755859375,0.0,3494000,0.00330009263359132,382016103.0931503
2022-11-11,130.110595703125,0.0,142.22999572753906,0.0,142.6699981689453,141.07000732421875,142.66000366210938,0.0,2492500,0.003402605783658398,381180427.5246635
2022-11-14,129.3695831298828,0.0,141.4199981689453,0.0,143.27999877929688,141.3800048828125,141.80999755859375,0.0,5054200,0.003487549184010813,382392152.7829246
2022-11-15,129.86358642578125,0.0,141.9600067138672,0.0,143.14999389648438,140.69000244140625,142.8800048828125,0.0,7610600,0.003926553167813655,386494009.08383566
2022-11-16,129.1134490966797,0.0,141.13999938964844,0.0,142.02000427246094,140.9499969482422,141.77999877929688,0.0,3005500,0.004006292276905018,386942188.0395314
2022-11-17,129.1226043701172,0.0,141.14999389648438,0.0,141.1999969482422,139.6699981689453,139.6699981689453,0.0,2374300,0.0033998892177027713,386160546.3192652
2022-11-18,130.247802734375,0.0,142.3800048828125,0.0,142.6300048828125,141.49000549316406,142.1199951171875,0.0,3798900,0.002721507560886891,387283600.40826946
2022-11-21,130.38502502441406,0.0,142.52999877929688,0.0,142.75,141.60000610351562,142.0800018310547,0.0,2452000,0.0030266929222594347,387235138.4409344
2022-11-22,131.98590087890625,0.0,144.27999877929688,0.0,144.36000061035156,143.13999938964844,143.4499969482422,0.0,2469700,0.0030266929222594347,387514402.6963007
2022-11-23,132.36097717285156,0.0,144.69000244140625,0.0,144.83999633789062,143.8800048828125,144.0,0.0,2159500,0.0030266929222594347,386533940.42319643
2022-11-25,132.7268829345703,0.0,145.08999633789062,0.0,145.32000732421875,144.72999572753906,144.97000122070312,0.0,1201100,0.0028548449744058117,384731508.78172374
2022-11-28,130.91563415527344,0.0,143.11000061035156,0.0,144.57000732421875,142.8699951171875,143.97999572753906,0.0,2293200,0.002705343879850433,384685413.5706099
2022-11-29,131.32725524902344,0.0,143.55999755859375,0.0,143.75999450683594,142.74000549316406,143.22000122070312,0.0,1962700,0.0027523772425979646,382484016.55806285
2022-11-30,133.7788848876953,0.0,146.24000549316406,0.0,146.35000610351562,142.38999938964844,143.5500030517578,0.0,3095300,0.0025705953783573517,382562550.30575705
2022-12-01,133.595947265625,0.0,146.0399932861328,0.0,147.10000610351562,145.44000244140625,146.83999633789062,0.0,3688500,0.002227719717545317,383937363.0349417
2022-12-02,133.55935668945312,0.0,146.0,0.0,146.1999969482422,144.4199981689453,144.49000549316406,0.0,2268300,0.002227719717545317,382999494.522458
2022-12-05,131.32725524902344,0.0,143.55999755859375,0.0,145.27000427246094,143.1199951171875,145.25,0.0,2281400,0.0025940579503663528,383120048.51793563
2022-12-06,130.17462158203125,0.0,142.3000030517578,0.0,143.9600067138672,141.50999450683594,143.38999938964844,0.0,2272500,0.0025940579503663528,383011379.78218925
2022-12-07,130.18377685546875,0.0,142.30999755859375,0.0,143.30999755859375,141.8300018310547,142.16000366210938,0.0,2636800,0.0029435026592421606,383912771.14236015
2022-12-08,130.83328247070312,0.0,143.02000427246094,0.0,143.4199981689453,142.5399932861328,142.77000427246094,0.0,2240600,0.0031419723378800896,384333687.976268
2022-12-09,129.77210998535156,0.0,141.86000061035156,0.0,143.3300018310547,141.80999755859375,142.63999938964844,0.0,3011500,0.002552248511325429,384873728.8765438
2022-12-12,131.60169982910156,0.0,143.86000061035156,0.0,143.89999389648438,141.85000610351562,142.27999877929688,0.0,2239800,0.0028414820946865843,382936637.81071013
2022-12-13,131.98590087890625,0.0,144.27999877929688,0.0,146.9600067138672,143.52000427246094,146.9600067138672,0.0,2955500,0.002608364171664321,380730411.29707456
2022-12-14,131.5010528564453,0.0,143.75,0.0,145.47999572753906,142.92999267578125,144.36000061035156,0.0,3524600,0.0023810338914307307,381223384.6755013
2022-12-15,129.07688903808594,0.0,141.10000610351562,0.0,142.4499969482422,140.32000732421875,142.1199951171875,0.0,2940000,0.0021905578157853,378817685.1653447
2022-12-16,127.75955200195312,0.0,139.66000366210938,0.0,140.11000061035156,138.6199951171875,139.8000030517578,0.0,2841600,0.0021905578157853,377159051.54950583
2022-12-19,127.3387680053711,0.0,139.1999969482422,0.0,140.30999755859375,138.3699951171875,139.72000122070312,0.0,2736900,0.0026289065241751745,376607092.13578963
2022-12-20,127.63150787353516,0.0,139.52000427246094,0.0,140.1300048828125,138.88999938964844,139.1699981689453,0.0,3072100,0.00263699449055242,377279886.5633647
2022-12-21,129.351318359375,0.0,141.39999389648438,0.0,141.72000122070312,140.2899932861328,140.69000244140625,0.0,2700500,0.00263699449055242,376848296.42729986
2022-12-22,128.3661346435547,0.0,139.2899932861328,1.041,139.86000061035156,137.25,139.86000061035156,0.0,2956300,0.002675727075864366,376492014.2427111
2022-12-23,129.2416534423828,0.0,140.24000549316406,0.0,140.27000427246094,138.77999877929688,139.22000122070312,0.0,2441800,0.002675727075864366,375929136.85335433
2022-12-27,129.5457763671875,0.0,140.57000732421875,0.0,140.9499969482422,139.80999755859375,140.5,0.0,2904200,0.002675727075864366,375059980.0719609
2022-12-28,128.20947265625,0.0,139.1199951171875,0.0,141.16000366210938,139.0399932861328,140.9199981689453,0.0,2920100,0.0027932845136787406,374418342.82767886
2022-12-29,129.6470947265625,0.0,140.67999267578125,0.0,140.97999572753906,139.64999389648438,139.72000122070312,0.0,2724800,0.0030146224719460333,374105094.70378333
2022-12-30,129.36143493652344,0.0,140.3699951171875,0.0,140.4600067138672,139.1699981689453,140.08999633789062,0.0,2922100,0.0032410057306731265,375036572.8543721
2023-01-03,129.14027404785156,0.0,140.1300048828125,0.0,141.25999450683594,139.07000732421875,140.72999572753906,0.0,2782400,0.00354530045968421,375245161.23869157
2023-01-04,130.2646026611328,0.0,141.35000610351562,0.0,142.0800018310547,140.25,140.86000061035156,0.0,2436100,0.0031789622268631737,374984713.54125494
2023-01-05,129.40750122070312,0.0,140.4199981689453,0.0,140.97000122070312,139.83999633789062,140.72999572753906,0.0,1852100,0.003428801789607295,373291090.9360613
2023-01-06,132.15379333496094,0.0,143.39999389648438,0.0,143.77999877929688,141.1999969482422,141.8300018310547,0.0,2200200,0.003079357080731488,373653118.420168
2023-01-09,131.16773986816406,0.0,142.3300018310547,0.0,144.3000030517578,142.24000549316406,144.02999877929688,0.0,3034900,0.0030445938190953744,374585565.29481673
2023-01-10,131.83126831054688,0.0,143.0500030517578,0.0,143.07000732421875,141.74000549316406,142.44000244140625,0.0,1649900,0.0029213116871439904,373379817.4663483
2023-01-11,132.6606903076172,0.0,143.9499969482422,0.0,143.97999572753906,142.82000732421875,143.77000427246094,0.0,2463600,0.002529564953715757,373913380.14167905
2023-01-12,132.94638061523438,0.0,144.25999450683594,0.0,144.8699951171875,143.25,144.50999450683594,0.0,2342000,0.002529564953715757,373022309.45378864
2023-01-13,133.19520568847656,0.0,144.52999877929688,0.0,144.77000427246094,142.9499969482422,143.1300048828125,0.0,2615300,0.0027506314552499136,373626324.28192866
2023-01-17,132.4395294189453,0.0,143.7100067138672,0.0,144.72000122070312,143.52999877929688,144.64999389648438,0.0,2918200,0.003047091427815274,374013131.15964615
2023-01-18,129.9512481689453,0.0,141.00999450683594,0.0,143.9499969482422,140.92999267578125,143.88999938964844,0.0,4896500,0.003047091427815274,377186334.8784068
2023-01-19,129.06654357910156,0.0,140.0500030517578,0.0,140.77999877929688,139.63999938964844,140.25,0.0,3456700,0.0026087427194253997,378567002.97232735
2023-01-20,130.51344299316406,0.0,141.6199951171875,0.0,141.66000366210938,139.57000732421875,140.3699951171875,0.0,2815500,0.002546367679154856,378568478.96334934
2023-01-23,131.42576599121094,0.0,142.61000061035156,0.0,143.3699951171875,141.5500030517578,141.77999877929688,0.0,3527500,0.002546367679154856,380298392.4936446
2023-01-24,131.46263122558594,0.0,142.64999389648438,0.0,143.07000732421875,141.55999755859375,142.1999969482422,0.0,2349500,0.0029701392373087695,380504673.9857265
2023-01-25,131.87734985351562,0.0,143.10000610351562,0.0,143.11000061035156,141.36000061035156,141.77999877929688,0.0,1909300,0.003446123060889776,381191069.4646684
2023-01-26,132.67910766601562,0.0,143.97000122070312,0.0,144.02000427246094,142.72999572753906,143.72000122070312,0.0,2078000,0.003446123060889776,381148547.2489009
2023-01-27,132.29205322265625,0.0,143.5500030517578,0.0,144.2899932861328,143.2100067138672,143.8300018310547,0.0,2716700,0.003302479124487036,382210359.322333
2023-01-30,131.31520080566406,0.0,142.49000549316406,0.0,143.8800048828125,142.36000061035156,142.99000549316406,0.0,4166400,0.0029714080919912437,384198201.7535013
2023-01-31,132.9647979736328,0.0,144.27999877929688,0.0,144.3000030517578,142.3699951171875,142.63999938964844,0.0,1914900,0.003181292708992885,383863355.2899073
2023-02-01,133.31503295898438,0.0,144.66000366210938,0.0,145.6699981689453,142.61000061035156,143.8699951171875,0.0,1954000,0.0031456652659520397,384111569.9352809
2023-02-02,133.3334503173828,0.0,144.67999267578125,0.0,145.0500030517578,143.77000427246094,144.82000732421875,0.0,5365800,0.0033600512131399503,388118693.4582544
2023-02-03,132.59617614746094,0.0,143.8800048828125,0.0,144.75999450683594,143.47999572753906,144.36000061035156,0.0,2576300,0.0033111797720589845,389174661.5309095
2023-02-06,132.23672485351562,0.0,143.49000549316406,0.0,143.6699981689453,142.83999633789062,143.30999755859375,0.0,1922300,0.0033111797720589845,387436424.1305881
2023-02-07,133.17677307128906,0.0,144.50999450683594,0.0,144.8800048828125,142.5,143.1199951171875,0.0,1926300,0.0032604348394795505,387608229.38129485
2023-02-08,132.29205322265625,0.0,143.5500030517578,0.0,144.36000061035156,143.36000061035156,143.74000549316406,0.0,1349300,0.0034290271837284204,386972058.5902623
2023-02-09,131.18618774414062,0.0,142.35000610351562,0.0,144.57000732421875,142.05999755859375,144.57000732421875,0.0,1826200,0.003589451963695,387082270.843627
2023-02-10,132.47637939453125,0.0,143.75,0.0,143.8699951171875,142.36000061035156,142.57000732421875,0.0,1675200,0.003943487845190715,385833092.4858214
2023-02-13,133.59146118164062,0.0,144.9600067138672,0.0,144.9600067138672,143.7100067138672,143.75999450683594,0.0,1453100,0.0035107476400873076,385696559.3954056
2023-02-14,133.0385284423828,0.0,144.36000061035156,0.0,145.32000732421875,143.39999389648438,144.58999633789062,0.0,2194600,0.0035246454004427075,386119424.3146503
2023-02-15,132.99246215820312,0.0,144.30999755859375,0.0,144.3300018310547,143.22000122070312,143.5,0.0,1634200,0.003649099366173169,385639533.19671875
2023-02-16,131.89576721191406,0.0,143.1199951171875,0.0,144.24000549316406,142.72000122070312,143.0,0.0,1562100,0.00393603899726667,385288288.19767785
2023-02-17,132.15379333496094,0.0,143.39999389648438,0.0,143.60000610351562,142.2899932861328,142.55999755859375,0.0,1391500,0.003732992501147491,384889724.9413384
2023-02-21,130.03419494628906,0.0,141.10000610351562,0.0,142.77999877929688,140.86000061035156,142.32000732421875,0.0,1881700,0.0039051901672136112,385082196.1053273
2023-02-22,129.7024383544922,0.0,140.74000549316406,0.0,141.6199951171875,140.25999450683594,141.16000366210938,0.0,1437200,0.0034426860237477515,383782226.1424231
2023-02-23,129.9512481689453,0.0,141.00999450683594,0.0,141.6999969482422,139.80999755859375,141.3000030517578,0.0,2171200,0.0033418237486234153,384496189.1395205
2023-02-24,129.30612182617188,0.0,140.30999755859375,0.0,140.63999938964844,139.27999877929688,139.80999755859375,0.0,1873800,0.0035816808501908355,384758186.1349923
2023-02-27,129.2969512939453,0.0,140.3000030517578,0.0,141.64999389648438,140.02000427246094,141.22999572753906,0.0,1941700,0.003478912241625925,385236809.9263025
2023-02-28,128.6610565185547,0.0,139.61000061035156,0.0,140.41000366210938,139.5399932861328,140.3800048828125,0.0,1655700,0.003478912241625925,384776240.5244494
2023-03-01,128.51361083984375,0.0,139.4499969482422,0.0,139.8699951171875,138.9199981689453,139.22999572753906,0.0,2159700,0.0030426443658971903,384175306.133791
2023-03-02,129.1679229736328,0.0,140.16000366210938,0.0,140.5,138.60000610351562,139.13999938964844,0.0,1886900,0.002968372527996065,383764299.7048272
2023-03-03,130.72537231445312,0.0,141.85000610351562,0.0,141.99000549316406,140.22999572753906,140.77999877929688,0.0,2238100,0.002753986580808156,384111516.4198618
2023-03-06,130.7345733642578,0.0,141.86000061035156,0.0,142.4600067138672,141.63999938964844,141.97999572753906,0.0,1818800,0.0025530184591449996,382065869.3621681
2023-03-07,128.56887817382812,0.0,139.50999450683594,0.0,141.82000732421875,139.22999572753906,141.82000732421875,0.0,1784600,0.0025530184591449996,381028998.9772252
2023-03-08,128.35690307617188,0.0,139.27999877929688,0.0,139.7899932861328,138.58999633789062,139.42999267578125,0.0,1836600,0.0024342278909752794,380201678.7109375
2023-03-09,125.9055404663086,0.0,136.6199951171875,0.0,139.83999633789062,136.22000122070312,139.47999572753906,0.0,2290100,0.0024322922076903015,380720468.3011978
2023-03-10,124.31124114990234,0.0,134.88999938964844,0.0,137.25999450683594,134.27000427246094,136.27999877929688,0.0,3735900,0.0022718674277237214,382455338.66336155
2023-03-13,123.2698211669922,0.0,133.75999450683594,0.0,135.60000610351562,132.7100067138672,133.0800018310547,0.0,4898900,0.0019178315462280069,385966322.274199
2023-03-14,124.73514556884766,0.0,135.35000610351562,0.0,136.1199951171875,133.8800048828125,135.63999938964844,0.0,3122300,0.002245320568586196,386914016.19593304
2023-03-15,123.11317443847656,0.0,133.58999633789062,0.0,133.72999572753906,131.9600067138672,132.9199981689453,0.0,3459500,0.002217910345827942,388137419.88647705
2023-03-16,124.43101501464844,0.0,135.02000427246094,0.0,135.3000030517578,132.19000244140625,132.69000244140625,0.0,5154800,0.002311365262430232,391731453.78675914
2023-03-17,122.33905792236328,0.0,132.75,0.0,134.4199981689453,132.27000427246094,134.39999389648438,0.0,2657700,0.00262821368959579,391636484.6587771
2023-03-20,124.0439453125,0.0,134.60000610351562,0.0,134.9499969482422,133.4199981689453,133.4199981689453,0.0,2795200,0.003021848041248461,391766202.0863003
2023-03-21,125.41709899902344,0.0,136.08999633789062,0.0,136.32000732421875,135.35000610351562,136.14999389648438,0.0,2421300,0.0028496503751823414,392434777.69756013
2023-03-22,123.08551788330078,0.0,133.55999755859375,0.0,136.6300048828125,133.5399932861328,136.17999267578125,0.0,2653200,0.002981068372922541,393140036.7590526
2023-03-23,122.52174377441406,0.0,132.1300048828125,0.822,134.25,131.32000732421875,133.27000427246094,0.0,2254400,0.002605946824465871,393581256.5649123
2023-03-24,123.57882690429688,0.0,133.27000427246094,0.0,133.36000061035156,130.88999938964844,131.39999389648438,0.0,3009500,0.0027975967657563688,393770362.7488394
2023-03-27,124.65447998046876,0.0,134.42999267578125,0.0,135.0399932861328,133.88999938964844,134.44000244140625,0.0,2171200,0.0027975967657563688,391480771.47977316
2023-03-28,124.73794555664062,0.0,134.52000427246094,0.0,135.00999450683594,134.07000732421875,134.30999755859375,0.0,2272800,0.0030982904609003544,390427516.852176
2023-03-29,126.22160339355467,0.0,136.1199951171875,0.0,136.1699981689453,134.83999633789062,135.55999755859375,0.0,2324700,0.003098290460900355,387619349.74445766
2023-03-30,126.69452667236328,0.0,136.6300048828125,0.0,137.0399932861328,136.0399932861328,136.91000366210938,0.0,2225600,0.0029038950128312405,385887041.4416419
2023-03-31,128.06689453125,0.0,138.11000061035156,0.0,138.1699981689453,137.07000732421875,137.13999938964844,0.0,2012100,0.0029038950128312405,384443909.86295426
2023-04-03,129.10540771484375,0.0,139.22999572753906,0.0,139.5,138.33999633789062,138.47999572753906,0.0,1923200,0.0029038950128312405,381504503.6600567
2023-04-04,128.001953125,0.0,138.0399932861328,0.0,139.4499969482422,137.4199981689453,139.39999389648438,0.0,1928700,0.0031274829275667556,380518535.53950596
2023-04-05,128.73451232910156,0.0,138.8300018310547,0.0,138.8800048828125,137.8699951171875,137.97000122070312,0.0,1893700,0.003334640168696403,379761955.3182027
2023-04-06,128.8457794189453,0.0,138.9499969482422,0.0,139.1999969482422,138.55999755859375,138.86000061035156,0.0,1756800,0.0031679835077325106,379159772.7042849
2023-04-10,129.2537841796875,0.0,139.38999938964844,0.0,139.39999389648438,138.3300018310547,138.5399932861328,0.0,1760400,0.003321635835404544,378235129.9144987
2023-04-11,129.82872009277344,0.0,140.00999450683594,0.0,140.47999572753906,139.49000549316406,139.75999450683594,0.0,1954000,0.003321635835404544,377870101.4667935
2023-04-12,129.61544799804688,0.0,139.77999877929688,0.0,140.72999572753906,139.5399932861328,140.58999633789062,0.0,2519500,0.0032598236313203495,378033824.60752213
2023-04-13,130.4036407470703,0.0,140.6300048828125,0.0,140.83999633789062,139.22999572753906,139.83999633789062,0.0,1913200,0.0033143892969950545,376279634.31216043
2023-04-14,130.20892333984375,0.0,140.4199981689453,0.0,141.3699951171875,139.77999877929688,140.77999877929688,0.0,2714600,0.003202094699257364,377078792.7767436
2023-04-17,130.87655639648438,0.0,141.13999938964844,0.0,141.13999938964844,140.2100067138672,140.41000366210938,0.0,5161500,0.0028144153564798346,379994330.67951506
2023-04-18,130.95071411132812,0.0,141.22000122070312,0.0,141.41000366210938,140.64999389648438,141.41000366210938,0.0,1694600,0.0023737719738742527,379679092.57206994
2023-04-19,130.8023681640625,0.0,141.05999755859375,0.0,141.2100067138672,140.52000427246094,140.80999755859375,0.0,1340300,0.0024992828133333722,377867097.571152
2023-04-20,130.05125427246094,0.0,140.25,0.0,140.5800018310547,139.8000030517578,140.19000244140625,0.0,2323700,0.0024633281270799237,377152209.8973471
2023-04-21,130.09762573242188,0.0,140.3000030517578,0.0,140.61000061035156,139.6999969482422,140.61000061035156,0.0,1347300,0.0027117277296665526,375947613.46384686
2023-04-24,130.48707580566406,0.0,140.72000122070312,0.0,140.82000732421875,140.25,140.27000427246094,0.0,1508400,0.0022802206868086346,375584477.3696415
2023-04-25,129.04978942871094,0.0,139.1699981689453,0.0,140.36000061035156,139.07000732421875,140.22000122070312,0.0,1830600,0.0022975047624037336,373626683.55989003
2023-04-26,127.38997650146484,0.0,137.3800048828125,0.0,138.6699981689453,137.0800018310547,138.52999877929688,0.0,1945500,0.0019968110672597484,372515731.53733754
2023-04-27,129.1981658935547,0.0,139.3300018310547,0.0,139.47999572753906,137.60000610351562,137.85000610351562,0.0,1825700,0.0022439132211200547,370838882.5427827
2023-04-28,130.33871459960938,0.0,140.55999755859375,0.0,140.6300048828125,138.99000549316406,138.99000549316406,0.0,1687000,0.0022439132211200547,370048688.3963933
2023-05-01,130.44073486328125,0.0,140.6699981689453,0.0,141.38999938964844,140.35000610351562,140.47000122070312,0.0,1441300,0.0022439132211200547,367871582.38567775
2023-05-02,128.53050231933594,0.0,138.61000061035156,0.0,140.24000549316406,137.4499969482422,140.24000549316406,0.0,2012000,0.0022439132211200547,367624799.84123594
2023-05-03,127.47342681884766,0.0,137.47000122070312,0.0,139.22000122070312,137.3699951171875,138.75,0.0,1958400,0.0024383801519739148,366139106.89958847
2023-05-04,126.35139465332033,0.0,136.25999450683594,0.0,137.27000427246094,135.67999267578125,136.92999267578125,0.0,2435000,0.0022312229108442674,366429377.0315261
2023-05-05,128.33578491210938,0.0,138.39999389648438,0.0,138.7899932861328,137.47999572753906,137.6300048828125,0.0,1938800,0.002381182933489239,363095628.6146618
2023-05-08,128.21522521972656,0.0,138.27000427246094,0.0,138.82000732421875,137.97999572753906,138.72000122070312,0.0,1552200,0.0024158043689931296,359295440.87241036
2023-05-09,127.72382354736328,0.0,137.74000549316406,0.0,138.17999267578125,137.44000244140625,137.77000427246094,0.0,2804300,0.0024158043689931296,355620550.67449903
2023-05-10,127.50125122070312,0.0,137.5,0.0,138.58999633789062,136.3800048828125,138.58999633789062,0.0,2179200,0.002255524017729145,355158596.6541714
2023-05-11,126.9634246826172,0.0,136.9199981689453,0.0,136.97999572753906,136.14999389648438,136.92999267578125,0.0,1977800,0.0020510895795218475,351569664.109887
2023-05-12,126.9355926513672,0.0,136.88999938964844,0.0,137.4499969482422,136.08999633789062,137.3800048828125,0.0,2188600,0.0021519258844167792,350564634.9510072
2023-05-15,127.35287475585938,0.0,137.33999633789062,0.0,137.58999633789062,136.50999450683594,137.16000366210938,0.0,1823600,0.0021441575885780073,348610517.0037648
2023-05-16,125.7672348022461,0.0,135.6300048828125,0.0,137.05999755859375,135.5800018310547,137.0500030517578,0.0,2687700,0.002233136063798596,348690076.5257699
2023-05-17,127.22305297851562,0.0,137.1999969482422,0.0,137.47999572753906,135.7899932861328,136.3300018310547,0.0,2915400,0.0025562596289315062,346191885.38574946
2023-05-18,127.63107299804688,0.0,137.63999938964844,0.0,137.75999450683594,136.3699951171875,136.8000030517578,0.0,3755200,0.0026528898625297302,341719384.5810784
2023-05-19,127.63107299804688,0.0,137.63999938964844,0.0,138.61000061035156,137.19000244140625,138.16000366210938,0.0,1676700,0.0024044902599431013,340184342.6668803
2023-05-22,127.41780090332033,0.0,137.41000366210938,0.0,138.25,136.86000061035156,137.72000122070312,0.0,1728600,0.0026123145937487404,339409695.85594296
2023-05-23,126.70376586914062,0.0,136.63999938964844,0.0,137.9199981689453,136.5800018310547,137.08999633789062,0.0,1663100,0.002824144712808025,336920478.2562256
2023-05-24,125.4890365600586,0.0,135.3300018310547,0.0,136.44000244140625,135.19000244140625,136.3000030517578,0.0,1430900,0.002824144712808025,335683653.9912512
2023-05-25,124.94195556640624,0.0,134.74000549316406,0.0,135.1699981689453,133.8800048828125,134.99000549316406,0.0,2397800,0.0025770425589477187,335419775.19907874
2023-05-26,125.88774871826172,0.0,135.75999450683594,0.0,135.99000549316406,134.91000366210938,135.07000732421875,0.0,2362000,0.0025770425589477187,335484910.4907687
2023-05-30,125.50759887695312,0.0,135.35000610351562,0.0,136.0,134.9499969482422,135.67999267578125,0.0,2676100,0.002947951915317279,336976518.0838812
2023-05-31,124.96978759765624,0.0,134.77000427246094,0.0,135.1699981689453,134.14999389648438,134.74000549316406,0.0,2906400,0.002947951915317279,337480610.8379909
2023-06-01,125.79502868652344,0.0,135.66000366210938,0.0,136.00999450683594,134.3300018310547,135.0,0.0,2747900,0.0026246973882969636,338202951.44795007
2023-06-02,128.27088928222656,0.0,138.3300018310547,0.0,138.63999938964844,136.39999389648438,136.5500030517578,0.0,2501200,0.0026246973882969636,337356398.3652266
2023-06-05,127.90923309326172,0.0,137.94000244140625,0.0,138.75999450683594,137.77000427246094,138.5800018310547,0.0,1865300,0.002551882272166567,335123310.83600485
2023-06-06,128.32652282714844,0.0,138.38999938964844,0.0,138.50999450683594,137.7100067138672,137.82000732421875,0.0,1425300,0.002558439652962065,334060417.71005297
2023-06-07,129.42999267578125,0.0,139.5800018310547,0.0,139.75,138.11000061035156,138.4600067138672,0.0,2234000,0.002558439652962065,333935845.8502149
2023-06-08,129.6710662841797,0.0,139.83999633789062,0.0,140.0,138.9499969482422,139.5,0.0,1816900,0.0025024054044740073,333385834.2026847
2023-06-09,129.6525421142578,0.0,139.82000732421875,0.0,140.35000610351562,139.5500030517578,139.83999633789062,0.0,1381300,0.0023693266668440936,331940519.71502155
2023-06-12,130.0234375,0.0,140.22000122070312,0.0,140.35000610351562,139.55999755859375,139.80999755859375,0.0,1498500,0.002442599945622003,331064877.25673854
2023-06-13,130.95071411132812,0.0,141.22000122070312,0.0,141.55999755859375,140.33999633789062,140.47999572753906,0.0,2719500,0.002234259525979246,330722309.0145293
2023-06-14,130.47779846191406,0.0,140.7100067138672,0.0,141.5800018310547,140.0399932861328,141.36000061035156,0.0,1823000,0.0025078600675279166,330200854.35478574
2023-06-15,132.06349182128906,0.0,142.4199981689453,0.0,142.75999450683594,140.6699981689453,140.6699981689453,0.0,2612300,0.0020592256629358868,329769300.5835518
2023-06-16,132.02635192871094,0.0,142.3800048828125,0.0,143.24000549316406,142.25999450683594,143.0,0.0,2820700,0.0018671321178509114,328935570.6611149
2023-06-20,130.91360473632812,0.0,141.17999267578125,0.0,141.80999755859375,140.83999633789062,141.69000244140625,0.0,2222800,0.0018671321178509114,328133831.53234816
2023-06-21,130.90438842773438,0.0,141.1699981689453,0.0,141.72999572753906,140.27999877929688,140.75999450683594,0.0,2702000,0.0018422891223754596,328011478.1089056
2023-06-22,130.44073486328125,0.0,140.6699981689453,0.0,141.1699981689453,140.32000732421875,141.0,0.0,3023200,0.0018114101685456682,328363042.13126045
2023-06-23,129.4989471435547,0.0,138.74000549316406,0.921,139.50999450683594,138.47999572753906,139.1699981689453,0.0,1449400,0.0018114101685456682,326557251.32837445
2023-06-26,130.0029296875,0.0,139.27999877929688,0.0,139.58999633789062,138.4199981689453,138.72000122070312,0.0,1487700,0.0021490667130687063,325171189.19080704
2023-06-27,130.8243408203125,0.0,140.16000366210938,0.0,140.30999755859375,139.00999450683594,139.25999450683594,0.0,1721200,0.0021490667130687063,323817700.2316914
2023-06-28,130.52566528320312,0.0,139.83999633789062,0.0,140.07000732421875,139.22000122070312,140.07000732421875,0.0,1916200,0.0019968083971684146,323226615.7520839
2023-06-29,131.5150604248047,0.0,140.89999389648438,0.0,140.91000366210938,139.50999450683594,139.82000732421875,0.0,1375700,0.0019968083971684146,321524970.5642458
2023-06-30,132.63514709472656,0.0,142.10000610351562,0.0,142.3800048828125,141.4199981689453,141.6199951171875,0.0,1560300,0.0019020080785993546,320060481.21330625
2023-07-03,133.14846801757812,0.0,142.64999389648438,0.0,142.77999877929688,141.6300048828125,141.92999267578125,0.0,1359600,0.00201944302962403,318557481.9090102
2023-07-05,132.57911682128906,0.0,142.0399932861328,0.0,142.4600067138672,141.69000244140625,142.0,0.0,1961600,0.002140761086838068,317513438.1637573
2023-07-06,131.2816925048828,0.0,140.64999389648438,0.0,141.08999633789062,139.91000366210938,140.8699951171875,0.0,1562400,0.0019459299428666462,316163071.69453454
2023-07-07,131.07632446289062,0.0,140.42999267578125,0.0,141.64999389648438,140.00999450683594,140.1699981689453,0.0,2510200,0.0021871279088787315,316227870.248074
2023-07-10,131.85107421875,0.0,141.25999450683594,0.0,141.64999389648438,140.39999389648438,140.5,0.0,1976500,0.002498632816931843,316379683.74437606
2023-07-11,133.12049865722656,0.0,142.6199951171875,0.0,142.74000549316406,141.44000244140625,141.66000366210938,0.0,1700600,0.002498632816931843,315800563.8802907
2023-07-12,133.4564971923828,0.0,142.97999572753906,0.0,143.61000061035156,142.6999969482422,143.44000244140625,0.0,2065800,0.00221890894866394,314716522.23439294
2023-07-13,133.74583435058594,0.0,143.2899932861328,0.0,143.47000122070312,142.9199981689453,143.25,0.0,2070600,0.00234810505962507,315198094.1396562
2023-07-14,133.3164825439453,0.0,142.8300018310547,0.0,143.6199951171875,142.5800018310547,143.6199951171875,0.0,1917700,0.0020996656291450474,314557378.9176699
2023-07-17,133.3632049560547,0.0,142.8800048828125,0.0,143.25999450683594,142.13999938964844,142.47000122070312,0.0,1968900,0.0021405025204790243,314108645.0643267
2023-07-18,134.31524658203125,0.0,143.89999389648438,0.0,144.5,142.91000366210938,143.1199951171875,0.0,2169100,0.0021405025204790243,313585979.7544328
2023-07-19,135.07127380371094,0.0,144.7100067138672,0.0,145.13999938964844,144.0399932861328,144.25,0.0,4047900,0.0021405025204790243,314906591.61621577
2023-07-20,136.25669860839844,0.0,145.97999572753906,0.0,146.14999389648438,144.83999633789062,145.0,0.0,2824000,0.001957521182148837,312698592.1704368
2023-07-21,136.67669677734375,0.0,146.42999267578125,0.0,146.74000549316406,145.85000610351562,146.27000427246094,0.0,2192000,0.0017592859413242442,311403859.6180265
2023-07-24,137.3767852783203,0.0,147.17999267578125,0.0,147.47000122070312,146.50999450683594,146.5399932861328,0.0,2269000,0.0017592859413242442,310889735.0714305
2023-07-25,137.19009399414062,0.0,146.97999572753906,0.0,147.33999633789062,146.5399932861328,146.6300048828125,0.0,2214700,0.0016596300367919116,309480686.01892865
2023-07-26,137.34873962402344,0.0,147.14999389648438,0.0,147.61000061035156,146.58999633789062,146.72000122070312,0.0,1667000,0.0018456243547223163,308767534.26627505
2023-07-27,136.49005126953125,0.0,146.22999572753906,0.0,147.72999572753906,146.0399932861328,147.55999755859375,0.0,2051800,0.0018596969019291153,308980342.70738876
2023-07-28,136.9380645751953,0.0,146.7100067138672,0.0,147.14999389648438,146.19000244140625,147.1300048828125,0.0,2002300,0.00206869842735233,308937388.611409
2023-07-31,137.21807861328125,0.0,147.00999450683594,0.0,147.32000732421875,146.5,146.9600067138672,0.0,1837100,0.002177593774628699,307985720.1004392
2023-08-01,136.90074157714844,0.0,146.6699981689453,0.0,147.22000122070312,146.22000122070312,146.77000427246094,0.0,1518800,0.0022188739306171186,305042006.08720326
2023-08-02,136.079345703125,0.0,145.7899932861328,0.0,146.38999938964844,145.58999633789062,146.0,0.0,2677700,0.002020410966888505,305947562.3995826
2023-08-03,135.69667053222656,0.0,145.3800048828125,0.0,145.85000610351562,144.8000030517578,145.3699951171875,0.0,2005200,0.002020410966888505,306017803.18240213
2023-08-04,135.0899658203125,0.0,144.72999572753906,0.0,146.33999633789062,144.52999877929688,145.77999877929688,0.0,1781300,0.0020140274398087045,301902593.9497811
2023-08-07,136.46202087402344,0.0,146.1999969482422,0.0,146.33999633789062,145.2100067138672,145.33999633789062,0.0,1461600,0.0019223669948382443,300656624.5764475
2023-08-08,135.84600830078125,0.0,145.5399932861328,0.0,145.6699981689453,144.2100067138672,145.1199951171875,0.0,1483400,0.0021261060010146745,300180935.5961391
2023-08-09,135.4259796142578,0.0,145.08999633789062,0.0,146.02000427246094,144.89999389648438,145.55999755859375,0.0,2667700,0.0021509651281048934,301043530.6819492
2023-08-10,135.21128845214844,0.0,144.86000061035156,0.0,146.5800018310547,144.6199951171875,145.6699981689453,0.0,2117100,0.0022688028317487115,301940285.35000026
2023-08-11,135.7806854248047,0.0,145.47000122070312,0.0,145.60000610351562,144.47999572753906,144.66000366210938,0.0,1946000,0.002285281921015428,302123817.4232483
2023-08-14,135.64999389648438,0.0,145.3300018310547,0.0,145.44000244140625,144.8800048828125,145.27000427246094,0.0,1424100,0.002354250567900948,301855201.9915626
2023-08-15,133.90455627441406,0.0,143.4600067138672,0.0,144.60000610351562,143.25999450683594,144.52000427246094,0.0,1818800,0.002356012457227453,302254278.77295357
2023-08-16,133.1578369140625,0.0,142.66000366210938,0.0,144.11000061035156,142.55999755859375,143.3699951171875,0.0,1770000,0.0023634013927891447,301743927.5756715
2023-08-17,132.5977783203125,0.0,142.05999755859375,0.0,143.4499969482422,141.9199981689453,143.02000427246094,0.0,1820500,0.0023634013927891447,301924791.2863474
2023-08-18,132.91514587402344,0.0,142.39999389648438,0.0,142.64999389648438,141.33999633789062,141.42999267578125,0.0,2434500,0.0023634013927891447,302901815.4194302
2023-08-21,132.70046997070312,0.0,142.1699981689453,0.0,142.63999938964844,141.3000030517578,142.4199981689453,0.0,2194400,0.002808802428986592,303794170.597803
2023-08-22,131.90708923339844,0.0,141.32000732421875,0.0,142.5399932861328,141.19000244140625,142.33999633789062,0.0,1712200,0.0029553474707234594,303607347.0664978
2023-08-23,132.7284698486328,0.0,142.1999969482422,0.0,142.25999450683594,141.35000610351562,141.55999755859375,0.0,2165900,0.003006225555276989,304446390.22122335
2023-08-24,131.7763671875,0.0,141.17999267578125,0.0,143.1699981689453,141.14999389648438,142.0,0.0,1941900,0.002940305427695268,304192394.4093492
2023-08-25,132.48577880859375,0.0,141.94000244140625,0.0,142.44000244140625,140.83999633789062,141.74000549316406,0.0,1932100,0.0029418812969457136,304282310.3243631
2023-08-28,133.17648315429688,0.0,142.67999267578125,0.0,143.1300048828125,142.2100067138672,142.52000427246094,0.0,1830600,0.0028329859496693446,304193179.20267016
2023-08-29,134.32456970214844,0.0,143.91000366210938,0.0,143.9199981689453,142.63999938964844,142.8000030517578,0.0,2911600,0.0026742708426562498,305684100.5411784
2023-08-30,134.51121520996094,0.0,144.11000061035156,0.0,144.5399932861328,143.77999877929688,144.02000427246094,0.0,1966100,0.0026742708426562498,305542549.0633283
2023-08-31,133.95120239257812,0.0,143.50999450683594,0.0,144.4499969482422,143.5,144.38999938964844,0.0,2170800,0.002822091285160198,305916069.5805141
2023-09-01,134.42726135253906,0.0,144.02000427246094,0.0,144.58999633789062,143.5399932861328,144.2899932861328,0.0,1703600,0.0028858053424132123,305343672.60129416
2023-09-05,133.12049865722656,0.0,142.6199951171875,0.0,144.1999969482422,142.60000610351562,143.92999267578125,0.0,2156500,0.002616598660808609,305736887.28669184
2023-09-06,132.7564697265625,0.0,142.22999572753906,0.0,142.5399932861328,141.50999450683594,142.27999877929688,0.0,2214300,0.002412859654632179,306260461.44020444
2023-09-07,132.84046936035156,0.0,142.32000732421875,0.0,142.66000366210938,141.85000610351562,142.00999450683594,0.0,1663700,0.002523994450239739,306109478.50708735
2023-09-08,133.1298370361328,0.0,142.6300048828125,0.0,142.8699951171875,142.17999267578125,142.36000061035156,0.0,1471800,0.002314265410627456,305292410.17667985
2023-09-11,133.43785095214844,0.0,142.9600067138672,0.0,143.41000366210938,142.72999572753906,143.16000366210938,0.0,1872600,0.002182803974664347,303417579.6993195
2023-09-12,133.56854248046875,0.0,143.10000610351562,0.0,143.75999450683594,142.6699981689453,142.6699981689453,0.0,1795900,0.0022374303286280565,300256599.2538573
2023-09-13,133.41915893554688,0.0,142.94000244140625,0.0,143.60000610351562,142.57000732421875,143.1999969482422,0.0,1691900,0.00249687394782825,298821971.20682245
2023-09-14,134.90328979492188,0.0,144.52999877929688,0.0,144.69000244140625,143.80999755859375,143.8699951171875,0.0,1726800,0.0025776583706576222,297134826.83826023
2023-09-15,133.96990966796875,0.0,143.52999877929688,0.0,144.58999633789062,143.42999267578125,144.0,0.0,2326300,0.002741586690314653,294260959.521884
2023-09-18,134.0165557861328,0.0,143.5800018310547,0.0,143.99000549316406,143.0800018310547,143.61000061035156,0.0,1782200,0.002741586690314653,293491742.0954023
2023-09-19,133.6711883544922,0.0,143.2100067138672,0.0,143.75,142.55999755859375,143.5800018310547,0.0,1704900,0.0023533494610527604,292443526.2492589
2023-09-20,133.33517456054688,0.0,142.85000610351562,0.0,144.27999877929688,142.8300018310547,143.69000244140625,0.0,1655000,0.00210021149857432,291704653.6458333
2023-09-21,131.66043090820312,0.0,140.1699981689453,0.897,141.5500030517578,140.11000061035156,141.32000732421875,0.0,2739200,0.0018633390960903864,291939512.9590231
2023-09-22,131.2095489501953,0.0,139.69000244140625,0.0,140.5,139.57000732421875,140.22999572753906,0.0,2624300,0.0016965356359960391,292484866.85108006
2023-09-25,131.6134490966797,0.0,140.1199951171875,0.0,140.13999938964844,139.14999389648438,139.25999450683594,0.0,2488300,0.0014930994776984857,292068870.86689055
2023-09-26,129.98846435546875,0.0,138.38999938964844,0.0,139.55999755859375,138.2100067138672,139.22999572753906,0.0,2940900,0.0017557006501552474,292982495.8598061
2023-09-27,129.84759521484375,0.0,138.24000549316406,0.0,138.91000366210938,137.27000427246094,138.6999969482422,0.0,2452400,0.0017557006501552474,293246644.46108377
2023-09-28,130.40174865722656,0.0,138.8300018310547,0.0,139.25,138.22000122070312,138.27000427246094,0.0,2375900,0.0017557006501552474,293353057.54601616
2023-09-29,129.55638122558594,0.0,137.92999267578125,0.0,139.47999572753906,137.50999450683594,139.47999572753906,0.0,5163800,0.0018276846398991072,296592415.9373813
2023-10-02,128.30714416503906,0.0,136.60000610351562,0.0,137.64999389648438,135.7100067138672,137.49000549316406,0.0,3350400,0.0015291561437138085,298019189.97088236
2023-10-03,127.20816040039062,0.0,135.42999267578125,0.0,136.49000549316406,134.9600067138672,135.97000122070312,0.0,3440300,0.0015291561437138085,299591830.2567497
2023-10-04,127.35845184326172,0.0,135.58999633789062,0.0,135.66000366210938,134.25999450683594,135.49000549316406,0.0,2463800,0.0015291561437138085,300130154.84346664
2023-10-05,126.95455169677734,0.0,135.16000366210938,0.0,135.6699981689453,134.47999572753906,135.27999877929688,0.0,3308100,0.0017749154965043062,301592221.77717423
2023-10-06,127.7999038696289,0.0,136.05999755859375,0.0,136.74000549316406,133.67999267578125,134.5500030517578,0.0,2972000,0.0019372955431402768,302864150.0161065
2023-10-09,128.91769409179688,0.0,137.25,0.0,137.38999938964844,135.8000030517578,136.0,0.0,1922500,0.0019372955431402768,303010824.38177687
2023-10-10,129.697265625,0.0,138.0800018310547,0.0,138.75999450683594,137.4600067138672,137.69000244140625,0.0,1530600,0.0017728636509570703,302516901.5368265
2023-10-11,129.6127471923828,0.0,137.99000549316406,0.0,138.38999938964844,137.16000366210938,138.22000122070312,0.0,1982400,0.0016776986845594873,301892898.99686784
2023-10-12,128.65464782714844,0.0,136.97000122070312,0.0,138.24000549316406,136.27000427246094,138.24000549316406,0.0,2449100,0.0017664314372850352,302419882.3670887
2023-10-13,128.97406005859375,0.0,137.30999755859375,0.0,138.47000122070312,136.80999755859375,137.63999938964844,0.0,1985300,0.0019322924585441913,301558115.788705
2023-10-16,130.26084899902344,0.0,138.67999267578125,0.0,139.1300048828125,137.9499969482422,138.17999267578125,0.0,2937200,0.0022440634871844474,299009201.24614656
2023-10-17,130.58023071289062,0.0,139.02000427246094,0.0,139.6999969482422,137.85000610351562,137.85000610351562,0.0,2575000,0.0024873122893105206,299950987.72974163
2023-10-18,129.23703002929688,0.0,137.58999633789062,0.0,138.8300018310547,137.32000732421875,138.77000427246094,0.0,2523300,0.002528860398464701,301205893.4680878
2023-10-19,128.0535125732422,0.0,136.3300018310547,0.0,138.13999938964844,136.13999938964844,137.49000549316406,0.0,2771200,0.002528860398464701,301617788.5162959
2023-10-20,126.776123046875,0.0,134.97000122070312,0.0,136.57000732421875,134.94000244140625,136.27000427246094,0.0,3072300,0.002528860398464701,303408599.1562858
2023-10-23,125.79923248291016,0.0,133.92999267578125,0.0,135.24000549316406,133.86000061035156,134.50999450683594,0.0,2943200,0.0025217191620885942,304852414.27217513
2023-10-24,126.64460754394533,0.0,134.8300018310547,0.0,135.33999633789062,134.3300018310547,134.61000061035156,0.0,2999400,0.0025557340724850267,306040069.10427034
2023-10-25,125.9871063232422,0.0,134.1300048828125,0.0,134.94000244140625,133.8800048828125,134.63999938964844,0.0,3487500,0.002559424148782103,307631383.3306933
2023-10-26,125.55501556396484,0.0,133.6699981689453,0.0,134.58999633789062,133.5399932861328,133.8800048828125,0.0,3388900,0.0026421623955079345,309207728.3501519
2023-10-27,123.8173370361328,0.0,131.82000732421875,0.0,133.5800018310547,131.4199981689453,133.5399932861328,0.0,5854600,0.0024223579632601266,313450813.2628426
2023-10-30,125.08536529541016,0.0,133.1699981689453,0.0,133.4600067138672,132.14999389648438,132.55999755859375,0.0,5051000,0.0027560971869244827,317180130.6627667
2023-10-31,126.13737487792967,0.0,134.2899932861328,0.0,134.30999755859375,132.99000549316406,133.41000366210938,0.0,2636900,0.0027560971869244827,317777162.10775226
2023-11-01,126.67276763916016,0.0,134.86000061035156,0.0,135.25999450683594,134.05999755859375,134.47999572753906,0.0,4182300,0.0027560971869244827,320116874.2518955
2023-11-02,129.05857849121094,0.0,137.39999389648438,0.0,137.49000549316406,135.58999633789062,135.67999267578125,0.0,3523200,0.002374343911436206,321325561.3302443
2023-11-03,130.17633056640625,0.0,138.58999633789062,0.0,139.17999267578125,138.44000244140625,138.47000122070312,0.0,2398200,0.0021746590898075696,321833788.48144287
2023-11-06,129.7724609375,0.0,138.16000366210938,0.0,138.8800048828125,137.77999877929688,138.74000549316406,0.0,2967900,0.0021746590898075696,323384759.70554656
2023-11-07,129.31219482421875,0.0,137.6699981689453,0.0,137.9499969482422,137.3699951171875,137.77000427246094,0.0,2427600,0.0021746590898075696,322971612.0083279
2023-11-08,128.97406005859375,0.0,137.30999755859375,0.0,137.86000061035156,136.75,137.75,0.0,1948800,0.00205442313236921,322717244.73247224
2023-11-09,127.92205810546876,0.0,136.19000244140625,0.0,137.64999389648438,136.11000061035156,137.6300048828125,0.0,2108700,0.0020077374752757423,322847272.3973108
2023-11-10,129.27462768554688,0.0,137.6300048828125,0.0,137.77999877929688,136.14999389648438,136.83999633789062,0.0,1644400,0.0021828108188379396,322265695.6303672
2023-11-13,129.199462890625,0.0,137.5500030517578,0.0,137.86000061035156,137.10000610351562,137.3800048828125,0.0,2233400,0.0019483858098833528,322716100.07079595
2023-11-14,131.51953125,0.0,140.02000427246094,0.0,140.47000122070312,138.91000366210938,139.08999633789062,0.0,2305400,0.0016479732008217254,322384904.46544826
2023-11-15,132.1300506591797,0.0,140.6699981689453,0.0,141.11000061035156,140.19000244140625,140.1999969482422,0.0,1766300,0.0014750173724184113,321182305.6294396
2023-11-16,131.81072998046875,0.0,140.3300018310547,0.0,140.77000427246094,139.85000610351562,140.39999389648438,0.0,2579600,0.0015103149684777034,319953175.0501966
2023-11-17,132.42123413085938,0.0,140.97999572753906,0.0,141.0800018310547,140.4600067138672,140.8300018310547,0.0,1831600,0.0015183241533139517,320170936.7422437
2023-11-20,132.8157501220703,0.0,141.39999389648438,0.0,141.77999877929688,140.47999572753906,140.72000122070312,0.0,2175400,0.001621710537279632,320727084.47551423
2023-11-21,132.7406005859375,0.0,141.32000732421875,0.0,141.52000427246094,140.8699951171875,141.19000244140625,0.0,2959100,0.0014562259648811763,322242434.08415055
2023-11-22,133.1726531982422,0.0,141.77999877929688,0.0,141.88999938964844,141.30999755859375,141.4199981689453,0.0,2719900,0.0014525358885840996,323766114.3941486
2023-11-24,133.6798858642578,0.0,142.32000732421875,0.0,142.4499969482422,141.88999938964844,141.88999938964844,0.0,952400,0.0013697976418582682,322277749.2338635
2023-11-27,133.20086669921875,0.0,141.80999755859375,0.0,142.1300048828125,141.60000610351562,141.99000549316406,0.0,3961000,0.0014641363606036784,324190799.18072414
2023-11-28,133.14450073242188,0.0,141.75,0.0,142.3800048828125,141.47000122070312,141.6699981689453,0.0,5291100,0.001252194118650666,327268602.9399811
2023-11-29,133.2947998046875,0.0,141.91000366210938,0.0,142.74000549316406,141.74000549316406,142.1699981689453,0.0,2156700,0.001321970240898082,326588934.4041128
2023-11-30,134.5628204345703,0.0,143.25999450683594,0.0,143.36000061035156,141.97000122070312,142.25,0.0,2473800,0.001451399256446656,326443033.2163977
2023-12-01,135.7557373046875,0.0,144.52999877929688,0.0,144.6199951171875,143.00999450683594,143.16000366210938,0.0,2535200,0.001451399256446656,326605108.23485357
2023-12-04,135.77450561523438,0.0,144.5500030517578,0.0,144.8800048828125,143.72000122070312,143.72000122070312,0.0,2835900,0.0015468828353444825,327816456.38644505
2023-12-05,134.84461975097656,0.0,143.55999755859375,0.0,144.30999755859375,143.4199981689453,144.1300048828125,0.0,1977800,0.0017497969479236847,328504438.1089952
2023-12-06,134.5628204345703,0.0,143.25999450683594,0.0,144.30999755859375,143.1199951171875,143.9600067138672,0.0,2017900,0.001997950056104348,328323982.7028426
2023-12-07,134.872802734375,0.0,143.58999633789062,0.0,143.88999938964844,143.25,143.66000366210938,0.0,2046800,0.0020877858830165748,328640051.8707639
2023-12-08,135.408203125,0.0,144.16000366210938,0.0,144.42999267578125,143.47999572753906,143.72000122070312,0.0,1939300,0.0019575654289934307,329326052.81508917
2023-12-11,136.68563842773438,0.0,145.52000427246094,0.0,145.5399932861328,144.55999755859375,144.6699981689453,0.0,2958300,0.0014527027445150466,331075038.18659705
2023-12-12,136.78895568847656,0.0,145.6300048828125,0.0,145.7899932861328,144.77000427246094,145.33999633789062,0.0,1860200,0.001528800286982764,330177047.2482106
2023-12-13,138.95870971679688,0.0,147.94000244140625,0.0,147.97000122070312,145.19000244140625,145.4600067138672,0.0,2808400,0.001528800286982764,331438637.4118381
2023-12-14,140.3394775390625,0.0,149.41000366210938,0.0,149.9499969482422,148.75,148.92999267578125,0.0,3021100,0.001528800286982764,332068310.43443227
2023-12-15,139.55047607421875,0.0,148.57000732421875,0.0,149.08999633789062,148.1999969482422,148.49000549316406,0.0,2377300,0.001545465410714961,331684058.04267764
2023-12-18,139.8979949951172,0.0,148.94000244140625,0.0,149.39999389648438,148.88999938964844,149.2100067138672,0.0,2565100,0.0016474586171053487,332225574.80888975
2023-12-19,140.8466796875,0.0,149.9499969482422,0.0,150.0,149.0,149.17999267578125,0.0,2267500,0.0016028915432247082,331896767.53133136
2023-12-20,138.60177612304688,0.0,147.55999755859375,0.0,149.9499969482422,147.5399932861328,149.5800018310547,0.0,2639100,0.0015916278509166461,331612260.0003197
2023-12-21,139.93646240234375,0.0,147.94000244140625,1.031,147.9600067138672,146.75,147.44000244140625,0.0,3323100,0.0015916278509166461,333918050.938028
2023-12-22,140.47560119628906,0.0,148.50999450683594,0.0,149.1199951171875,148.02000427246094,148.27999877929688,0.0,2113900,0.0015916278509166461,334765101.9158378
2023-12-26,141.22286987304688,0.0,149.3000030517578,0.0,149.69000244140625,148.5399932861328,148.72000122070312,0.0,2242300,0.001497289132171236,335507419.3645659
2023-12-27,141.49717712402344,0.0,149.58999633789062,0.0,149.67999267578125,148.97000122070312,149.3000030517578,0.0,2183300,0.0015381941238613612,335972803.79331076
2023-12-28,141.71473693847656,0.0,149.82000732421875,0.0,149.9600067138672,149.47000122070312,149.47000122070312,0.0,2425200,0.0014684180016139449,337318100.3025116
2023-12-29,141.41204833984375,0.0,149.5,0.0,149.80999755859375,148.9600067138672,149.77000427246094,0.0,2533600,0.001338988986065371,338564565.0681995
2024-01-02,142.28225708007812,0.0,150.4199981689453,0.0,150.72000122070312,148.8000030517578,148.86000061035156,0.0,3190300,0.0014845557212501293,340833914.1829354
2024-01-03,141.39312744140625,0.0,149.47999572753906,0.0,150.22999572753906,149.27000427246094,150.05999755859375,0.0,2862600,0.001571318931553669,342018642.63483685
2024-01-04,141.25123596191406,0.0,149.3300018310547,0.0,150.3699951171875,149.25,149.61000061035156,0.0,2678200,0.0016547496145849644,343448674.8605516
2024-01-05,141.52554321289062,0.0,149.6199951171875,0.0,150.2899932861328,148.99000549316406,149.30999755859375,0.0,2608400,0.0016772048317140174,343748368.7307812
2024-01-08,142.47145080566406,0.0,150.6199951171875,0.0,150.66000366210938,149.02000427246094,149.42999267578125,0.0,3187300,0.0018828594501565173,345342580.8839102
2024-01-09,141.67689514160156,0.0,149.77999877929688,0.0,150.0399932861328,149.5,149.89999389648438,0.0,2727400,0.001952173422574429,346659806.3202146
2024-01-10,141.73365783691406,0.0,149.83999633789062,0.0,150.0500030517578,149.25999450683594,149.77000427246094,0.0,2336900,0.0020866186622127475,347094671.4969453
2024-01-11,141.27017211914062,0.0,149.35000610351562,0.0,149.75,148.47000122070312,149.74000549316406,0.0,2835600,0.001944454843714314,348101025.60177755
2024-01-12,141.29852294921875,0.0,149.3800048828125,0.0,150.24000549316406,148.94000244140625,149.80999755859375,0.0,1779000,0.0019884221847195965,348036279.0476118
2024-01-16,140.39047241210938,0.0,148.4199981689453,0.0,149.0399932861328,148.0,148.8000030517578,0.0,3003100,0.0019884221847195965,349341069.95941645
2024-01-17,139.48240661621094,0.0,147.4600067138672,0.0,148.35000610351562,146.97000122070312,147.39999389648438,0.0,3062300,0.001936459464928108,350447683.46575785
2024-01-18,139.9269561767578,0.0,147.92999267578125,0.0,148.08999633789062,146.6699981689453,147.32000732421875,0.0,2360200,0.002071964649760707,348569689.2795381
2024-01-19,141.12828063964844,0.0,149.1999969482422,0.0,149.55999755859375,147.58999633789062,148.36000061035156,0.0,2051500,0.002013145339675667,347727120.11925834
2024-01-22,141.5728302001953,0.0,149.6699981689453,0.0,150.1300048828125,149.27999877929688,149.4600067138672,0.0,2346100,0.0018932775215289906,347966534.7125825
2024-01-23,142.08364868164062,0.0,150.2100067138672,0.0,150.2899932861328,149.6199951171875,149.8000030517578,0.0,1928000,0.0019514686458813996,347614578.2805428
2024-01-24,141.6106719970703,0.0,149.7100067138672,0.0,150.86000061035156,149.6199951171875,150.77000427246094,0.0,2780100,0.002088084733293752,348334357.59107804
2024-01-25,142.84982299804688,0.0,151.02000427246094,0.0,151.02000427246094,149.9600067138672,150.57000732421875,0.0,2132300,0.0024024880281627607,348943253.74413145
2024-01-26,142.92547607421875,0.0,151.10000610351562,0.0,151.33999633789062,150.74000549316406,150.97000122070312,0.0,1769600,0.002239786054761292,348684141.5660919
2024-01-29,143.41734313964844,0.0,151.6199951171875,0.0,151.66000366210938,150.6199951171875,151.0500030517578,0.0,2220300,0.002368259044982426,349024494.1749452
2024-01-30,143.9943389892578,0.0,152.22999572753906,0.0,152.4199981689453,151.3000030517578,151.44000244140625,0.0,2195800,0.002368259044982426,349533974.8393104
2024-01-31,142.64169311523438,0.0,150.8000030517578,0.0,152.4600067138672,150.8000030517578,152.30999755859375,0.0,2632700,0.0024945926624654305,350916901.62355936
2024-02-01,144.07003784179688,0.0,152.30999755859375,0.0,152.32000732421875,150.44000244140625,151.0500030517578,0.0,2434600,0.002700767183999189,350761600.47303456
2024-02-02,143.98487854003906,0.0,152.22000122070312,0.0,152.92999267578125,151.30999755859375,152.08999633789062,0.0,2582900,0.0024144223883886913,351568370.7536849
2024-02-05,142.96331787109375,0.0,151.13999938964844,0.0,151.77000427246094,150.72999572753906,151.6300048828125,0.0,2560200,0.0022833967076022325,352593300.00009686
2024-02-06,143.7389373779297,0.0,151.9600067138672,0.0,152.08999633789062,151.25,151.47999572753906,0.0,1798900,0.0020112575414838957,353066910.63928753
2024-02-07,144.15513610839844,0.0,152.39999389648438,0.0,152.6999969482422,152.0,152.42999267578125,0.0,1805900,0.0019419435690659838,353537744.94831145
2024-02-08,144.19296264648438,0.0,152.44000244140625,0.0,152.52000427246094,151.80999755859375,152.39999389648438,0.0,1982600,0.001892362382300733,352864498.64362687
2024-02-09,144.15513610839844,0.0,152.39999389648438,0.0,152.42999267578125,151.74000549316406,152.33999633789062,0.0,2089300,0.0020557065819924595,352957563.72264075
2024-02-12,144.97808837890625,0.0,153.27000427246094,0.0,153.61000061035156,152.3000030517578,152.47999572753906,0.0,1793700,0.0020117392409871775,352892768.3598473
2024-02-13,143.09573364257812,0.0,151.27999877929688,0.0,152.5,150.24000549316406,152.13999938964844,0.0,8312600,0.0020209507089802804,361230591.0760789
2024-02-14,143.92813110351562,0.0,152.16000366210938,0.0,152.25999450683594,151.27000427246094,151.91000366210938,0.0,5013700,0.002185455996835727,365214397.02964664
2024-02-15,145.65914916992188,0.0,153.99000549316406,0.0,154.2100067138672,152.52000427246094,152.6199951171875,0.0,2609500,0.0019399484207764926,366399545.54434884
2024-02-16,145.30914306640625,0.0,153.6199951171875,0.0,154.39999389648438,153.39999389648438,153.7100067138672,0.0,2154800,0.0020053522967065636,366974149.82945275
2024-02-20,145.28076171875,0.0,153.58999633789062,0.0,154.16000366210938,153.25999450683594,153.3800048828125,0.0,2091200,0.002166608737346316,366771884.87072897
2024-02-21,145.95237731933594,0.0,154.3000030517578,0.0,154.3300018310547,151.75999450683594,153.52999877929688,0.0,1899500,0.0022281044884066062,366622004.0121169
2024-02-22,147.12527465820312,0.0,155.5399932861328,0.0,155.91000366210938,154.39999389648438,154.67999267578125,0.0,3554500,0.0020914884009942537,369089454.72318864
2024-02-23,147.5887908935547,0.0,156.02999877929688,0.0,156.49000549316406,155.63999938964844,155.75999450683594,0.0,1940300,0.0017770851061252452,369047820.0663733
2024-02-26,146.9928436279297,0.0,155.39999389648438,0.0,156.47000122070312,155.30999755859375,156.0800018310547,0.0,2737700,0.0019765529470144897,370248463.9990186
2024-02-27,147.200927734375,0.0,155.6199951171875,0.0,155.6999969482422,155.25999450683594,155.6699981689453,0.0,1704800,0.0018719754568096666,370177501.2129769
2024-02-28,147.21987915039062,0.0,155.63999938964844,0.0,156.00999450683594,155.13999938964844,155.33999633789062,0.0,1745400,0.001953490569318502,370260549.31093246
2024-02-29,147.39959716796875,0.0,155.8300018310547,0.0,156.3699951171875,155.4199981689453,156.1999969482422,0.0,1815000,0.0017267143047155482,369179780.1574465
2024-03-01,148.3549346923828,0.0,156.83999633789062,0.0,156.91000366210938,155.66000366210938,156.1199951171875,0.0,2178800,0.001400325927727363,369643179.45761305
2024-03-04,148.6481475830078,0.0,157.14999389648438,0.0,157.52999877929688,156.5,156.64999389648438,0.0,2105500,0.001400325927727363,369796733.5534353
2024-03-05,148.0711669921875,0.0,156.5399932861328,0.0,157.75999450683594,156.00999450683594,157.02999877929688,0.0,2128700,0.0014763209656333816,370494147.87430537
2024-03-06,149.0076141357422,0.0,157.52999877929688,0.0,158.19000244140625,157.08999633789062,157.2899932861328,0.0,1835300,0.001650487948720763,370347757.29723734
2024-03-07,149.8021697998047,0.0,158.3699951171875,0.0,158.72000122070312,158.0500030517578,158.27999877929688,0.0,2184200,0.0017864252284719624,370593565.74005854
2024-03-08,149.60353088378906,0.0,158.16000366210938,0.0,158.91000366210938,158.05999755859375,158.52000427246094,0.0,1895300,0.001871067254377693,371093429.6984355
2024-03-11,150.1899871826172,0.0,158.77999877929688,0.0,158.7899932861328,157.52000427246094,157.8300018310547,0.0,1914600,0.0018015706188451233,371840075.28951734
2024-03-12,150.58726501464844,0.0,159.1999969482422,0.0,159.50999450683594,158.49000549316406,159.14999389648438,0.0,2508800,0.0018015706188451233,372885266.1130996
2024-03-13,150.8616180419922,0.0,159.49000549316406,0.0,159.99000549316406,158.99000549316406,159.4199981689453,0.0,1596500,0.0017923591508520204,372866476.3734848
2024-03-14,149.94407653808594,0.0,158.52000427246094,0.0,159.67999267578125,157.6300048828125,159.5500030517578,0.0,2419000,0.0016278538629965731,373990442.2481234
2024-03-15,149.86839294433594,0.0,158.44000244140625,0.0,158.8300018310547,157.4600067138672,157.75999450683594,0.0,1922800,0.0018157081337873554,374427537.762427
2024-03-18,150.19943237304688,0.0,158.7899932861328,0.0,159.24000549316406,158.2899932861328,158.91000366210938,0.0,2057300,0.001750304257857284,374370274.40550065
2024-03-19,151.0034942626953,0.0,159.63999938964844,0.0,159.72000122070312,158.64999389648438,158.77999877929688,0.0,1637200,0.0015897498049668613,374413721.45103574
2024-03-20,152.17640686035156,0.0,160.8800048828125,0.0,161.00999450683594,159.25999450683594,159.5399932861328,0.0,1780600,0.0014700629295541622,374749469.04030454
2024-03-21,153.45758056640625,0.0,161.22000122070312,1.006,161.72999572753906,160.47999572753906,160.69000244140625,0.0,1779100,0.0014700629295541622,375149546.3741968
2024-03-22,152.72463989257812,0.0,160.4499969482422,0.0,161.58999633789062,160.41000366210938,161.42999267578125,0.0,2145800,0.0017691900813102408,374834784.02869815
2024-03-25,152.4581298828125,0.0,160.1699981689453,0.0,160.8800048828125,160.10000610351562,160.39999389648438,0.0,2073100,0.001569722240420996,374560656.6461351
2024-03-26,152.37246704101562,0.0,160.0800018310547,0.0,160.63999938964844,160.0,160.4600067138672,0.0,3174500,0.0016429349288918037,375826635.8680604
2024-03-27,154.5522003173828,0.0,162.3699951171875,0.0,162.3699951171875,160.9199981689453,160.9600067138672,0.0,2749000,0.0016029755968344534,376139048.30752176
2024-03-28,155.0186004638672,0.0,162.86000061035156,0.0,163.3000030517578,162.42999267578125,162.57000732421875,0.0,3574000,0.0015578515087696445,378067951.900458
2024-04-01,154.40943908691406,0.0,162.22000122070312,0.0,163.19000244140625,162.02000427246094,163.05999755859375,0.0,2411300,0.001627676717815343,378554577.9924665
2024-04-02,153.4194793701172,0.0,161.17999267578125,0.0,161.52000427246094,160.64999389648438,161.27000427246094,0.0,2332500,0.001627676717815343,375885605.2681575
2024-04-03,153.44808959960938,0.0,161.2100067138672,0.0,161.61000061035156,160.74000549316406,160.99000549316406,0.0,2862600,0.0016146416156066605,375915883.87744236
2024-04-04,151.87750244140625,0.0,159.55999755859375,0.0,162.5,159.22999572753906,162.19000244140625,0.0,1947000,0.0014563529985077226,374683689.52382404
2024-04-05,152.876953125,0.0,160.61000061035156,0.0,161.05999755859375,159.3800048828125,159.58999633789062,0.0,2928100,0.00162762412117687,375764764.9985056
2024-04-08,152.92453002929688,0.0,160.66000366210938,0.0,161.00999450683594,160.4499969482422,160.6699981689453,0.0,1726300,0.001526160667055386,374417340.8414205
2024-04-09,153.0577850341797,0.0,160.8000030517578,0.0,161.2899932861328,159.50999450683594,161.08999633789062,0.0,2350300,0.0014855019757668497,374207483.1781539
2024-04-10,151.12554931640625,0.0,158.77000427246094,0.0,159.6199951171875,158.0800018310547,159.14999389648438,0.0,2850200,0.0017296877899757993,375704809.6954346
2024-04-11,150.95420837402344,0.0,158.58999633789062,0.0,159.35000610351562,157.6300048828125,159.1300048828125,0.0,3314900,0.001971921334368826,378199767.854624
2024-04-12,148.7554168701172,0.0,156.27999877929688,0.0,158.0399932861328,155.8000030517578,157.8000030517578,0.0,2510900,0.001971921334368826,379143038.1883167
2024-04-15,147.9463348388672,0.0,155.42999267578125,0.0,158.1699981689453,155.02999877929688,157.85000610351562,0.0,2341500,0.002334769908181037,379369118.3300684
2024-04-16,147.36572265625,0.0,154.82000732421875,0.0,155.77999877929688,154.5,155.77999877929688,0.0,2322100,0.002334769908181037,380058848.49558026
2024-04-17,147.1277618408203,0.0,154.57000732421875,0.0,155.7100067138672,154.1199951171875,155.47999572753906,0.0,1964900,0.0026304895256484247,379236497.169422
2024-04-18,147.35618591308594,0.0,154.80999755859375,0.0,155.8800048828125,154.47000122070312,155.1199951171875,0.0,2407400,0.0029145350122153427,379353267.62276304
2024-04-19,148.45083618164062,0.0,155.9600067138672,0.0,156.27000427246094,155.02000427246094,155.08999633789062,0.0,2495400,0.003143115211715828,379686614.9481153
2024-04-22,149.50741577148438,0.0,157.07000732421875,0.0,157.94000244140625,155.8300018310547,156.47000122070312,0.0,2512200,0.0028439880599597494,379819897.26022387
2024-04-23,150.51634216308594,0.0,158.1300048828125,0.0,158.5399932861328,157.39999389648438,157.5399932861328,0.0,3211000,0.002857611549503103,380558683.85489327
2024-04-24,150.6210479736328,0.0,158.24000549316406,0.0,158.39999389648438,157.35000610351562,157.77999877929688,0.0,1817900,0.003035680130315145,379713300.9306287
2024-04-25,150.3926239013672,0.0,158.0,0.0,158.3000030517578,156.8300018310547,157.61000061035156,0.0,1930300,0.0031747619383573136,378924239.76005673
2024-04-26,150.3069610595703,0.0,157.91000366210938,0.0,158.30999755859375,157.3300018310547,157.5399932861328,0.0,1692200,0.0033937835977266456,377332469.2534553
2024-04-29,150.88758850097656,0.0,158.52000427246094,0.0,158.69000244140625,157.85000610351562,158.1199951171875,0.0,1784500,0.0032619254549340073,375982347.75210184
2024-04-30,148.955322265625,0.0,156.49000549316406,0.0,158.08999633789062,156.4600067138672,158.0,0.0,1912200,0.00328741825938308,372232242.780861
2024-05-01,148.5079345703125,0.0,156.02000427246094,0.0,157.75999450683594,155.80999755859375,156.14999389648438,0.0,2223800,0.003285559730264849,369647446.1518908
2024-05-02,149.29798889160156,0.0,156.85000610351562,0.0,157.17999267578125,155.72999572753906,156.97000122070312,0.0,2730500,0.0035095084897268794,370236094.234188
2024-05-03,150.16415405273438,0.0,157.75999450683594,0.0,158.0800018310547,156.82000732421875,157.88999938964844,0.0,1830800,0.0032023000873065326,368051983.2610963
2024-05-06,151.17312622070312,0.0,158.82000732421875,0.0,158.83999633789062,158.1999969482422,158.50999450683594,0.0,1685700,0.003134257462649218,366334802.5297498
2024-05-07,151.65858459472656,0.0,159.3300018310547,0.0,159.66000366210938,159.13999938964844,159.22000122070312,0.0,1224400,0.003069788846123644,365245255.9029594
2024-05-08,151.8965606689453,0.0,159.5800018310547,0.0,159.80999755859375,158.92999267578125,158.9499969482422,0.0,1347600,0.0029332376610688915,363697676.0267591
2024-05-09,153.20057678222656,0.0,160.9499969482422,0.0,160.9499969482422,159.55999755859375,159.5800018310547,0.0,1993200,0.0026910041166758646,363591309.7280472
2024-05-10,153.62892150878906,0.0,161.39999389648438,0.0,161.6300048828125,161.17999267578125,161.36000061035156,0.0,1308700,0.0026910041166758646,363143964.0833658
2024-05-13,153.4956512451172,0.0,161.25999450683594,0.0,162.3300018310547,161.1699981689453,161.85000610351562,0.0,1344200,0.00220342068849759,362585089.69025385
2024-05-14,154.13339233398438,0.0,161.92999267578125,0.0,162.07000732421875,161.17999267578125,161.5500030517578,0.0,1335900,0.002429181107720683,362505752.36633545
2024-05-15,155.49453735351562,0.0,163.36000061035156,0.0,163.4600067138672,162.47000122070312,162.58999633789062,0.0,1428200,0.0021327595025039657,361919296.6207474
2024-05-16,155.3517608642578,0.0,163.2100067138672,0.0,163.77999877929688,163.16000366210938,163.3699951171875,0.0,1277200,0.0018487140159370475,361011754.57888407
2024-05-17,155.7705535888672,0.0,163.64999389648438,0.0,163.6699981689453,163.0800018310547,163.38999938964844,0.0,1314000,0.0017352724565787767,360746442.4694727
2024-05-20,155.10427856445312,0.0,162.9499969482422,0.0,163.80999755859375,162.7899932861328,163.6300048828125,0.0,2009000,0.001852219224329655,360471611.28808886
2024-05-21,155.208984375,0.0,163.05999755859375,0.0,163.17999267578125,162.63999938964844,162.8000030517578,0.0,1202700,0.001838595734786301,359978700.9618123
2024-05-22,154.60928344726562,0.0,162.42999267578125,0.0,163.05999755859375,162.0,162.64999389648438,0.0,1130000,0.0015704645690287264,358994132.27134585
2024-05-23,152.6580352783203,0.0,160.3800048828125,0.0,162.67999267578125,160.14999389648438,162.67999267578125,0.0,2683900,0.001389826980535073,359091464.5049322
2024-05-24,153.1053924560547,0.0,160.85000610351562,0.0,161.27999877929688,160.57000732421875,160.9199981689453,0.0,1737300,0.0012445007261582982,358248744.6392483
2024-05-28,152.02027893066406,0.0,159.7100067138672,0.0,160.8000030517578,159.24000549316406,160.8000030517578,0.0,2249100,0.0012445007261582982,360023809.7275386
2024-05-29,150.43067932128906,0.0,158.0399932861328,0.0,158.58999633789062,157.8699951171875,158.58999633789062,0.0,1979200,0.0012190079217092261,358048280.79406494
2024-05-30,151.07794189453125,0.0,158.72000122070312,0.0,158.8800048828125,157.89999389648438,158.0399932861328,0.0,1370600,0.001175619082529218,353822314.1962324
2024-05-31,153.4194793701172,0.0,161.17999267578125,0.0,161.25999450683594,158.75999450683594,159.0,0.0,1539000,0.0008666360931515991,353361986.4488511
2024-06-03,152.56285095214844,0.0,160.27999877929688,0.0,161.3800048828125,159.07000732421875,161.3800048828125,0.0,2676900,0.0014571008733399262,353954501.95933753
2024-06-04,152.32485961914062,0.0,160.02999877929688,0.0,160.27999877929688,159.1300048828125,159.75,0.0,2197600,0.0016620904646455878,353837593.01022726
2024-06-05,153.04827880859375,0.0,160.7899932861328,0.0,160.80999755859375,159.44000244140625,160.4600067138672,0.0,1450000,0.0017442593428344797,352434546.47538924
2024-06-06,152.90548706054688,0.0,160.63999938964844,0.0,161.1199951171875,160.1199951171875,160.5500030517578,0.0,1278300,0.0016486478191228167,351810841.30117023
2024-06-07,152.66751098632812,0.0,160.38999938964844,0.0,161.41000366210938,159.88999938964844,160.27999877929688,0.0,1131000,0.0018737278479649421,350956212.30429995
2024-06-10,153.21961975097656,0.0,160.97000122070312,0.0,160.97000122070312,159.8300018310547,160.1699981689453,0.0,1060700,0.0021147519635214573,349978758.93755716
2024-06-11,152.2963104248047,0.0,160.0,0.0,160.2899932861328,159.10000610351562,160.2899932861328,0.0,1163200,0.0023962221739648646,349237032.78595454
2024-06-12,152.53427124023438,0.0,160.25,0.0,161.7100067138672,159.83999633789062,161.69000244140625,0.0,1564300,0.0021704617547417715,347809947.43961155
2024-06-13,152.89599609375,0.0,160.6300048828125,0.0,160.8699951171875,159.5800018310547,160.8699951171875,0.0,1582600,0.0022775018004841867,347677503.8732983
2024-06-14,152.4771728515625,0.0,160.19000244140625,0.0,160.24000549316406,159.0399932861328,159.94000244140625,0.0,1935400,0.0025202167443066255,346840654.8881289
2024-06-17,153.6669921875,0.0,161.44000244140625,0.0,161.57000732421875,159.77999877929688,160.16000366210938,0.0,1550100,0.002405078104164411,345244350.0128973
2024-06-18,154.23809814453125,0.0,162.0399932861328,0.0,162.44000244140625,161.47000122070312,161.6300048828125,0.0,2399300,0.0022881313364135326,345526787.1357509
2024-06-20,154.50460815429688,0.0,162.32000732421875,0.0,162.6199951171875,161.6300048828125,161.88999938964844,0.0,1772400,0.0024639542829477615,344777977.4589175
2024-06-21,154.14291381835938,0.0,161.94000244140625,0.0,162.47000122070312,161.4499969482422,162.47000122070312,0.0,1306200,0.00264419073858681,343758250.5788289
2024-06-24,155.10427856445312,0.0,162.9499969482422,0.0,163.72999572753906,162.11000061035156,162.33999633789062,0.0,1630800,0.00264419073858681,342776609.8285614
2024-06-25,153.86688232421875,0.0,161.64999389648438,0.0,162.75,161.11000061035156,162.75,0.0,1589000,0.002570495333594253,340913454.4173589
2024-06-26,153.39093017578125,0.0,161.14999389648438,0.0,161.38999938964844,160.6699981689453,161.3000030517578,0.0,1269200,0.002570495333594253,340045171.0432749
2024-06-27,153.2041473388672,0.0,159.94000244140625,1.015,160.1300048828125,159.22999572753906,160.1300048828125,0.0,1533700,0.002579871952289563,339335048.7012227
2024-06-28,153.65435791015625,0.0,160.41000366210938,0.0,161.25999450683594,159.7100067138672,160.50999450683594,0.0,2850500,0.0024225767403672086,340371944.5459396
2024-07-01,153.0221710205078,0.0,159.75,0.0,161.52000427246094,159.52999877929688,160.9199981689453,0.0,2241100,0.0028231139083216995,340329660.7621087
2024-07-02,153.59690856933594,0.0,160.35000610351562,0.0,160.35000610351562,159.47000122070312,159.75,0.0,1471400,0.0023280586105571413,339196055.99211437
2024-07-03,153.71185302734375,0.0,160.47000122070312,0.0,160.92999267578125,160.22999572753906,160.6199951171875,0.0,1078500,0.0021230690192514797,336760992.31082976
2024-07-05,153.57774353027344,0.0,160.3300018310547,0.0,160.72000122070312,159.52999877929688,160.72000122070312,0.0,1198700,0.002040900141062588,334890247.36976016
2024-07-08,153.7980499267578,0.0,160.55999755859375,0.0,161.24000549316406,160.2100067138672,160.5399932861328,0.0,1185000,0.002028877035620053,333226183.7681967
2024-07-09,153.8172149658203,0.0,160.5800018310547,0.0,161.27999877929688,160.1300048828125,160.52999877929688,0.0,1620800,0.002099548930669139,332194431.9563245
2024-07-10,155.26361083984375,0.0,162.08999633789062,0.0,162.13999938964844,160.5800018310547,160.8300018310547,0.0,1274100,0.001858524815112624,330023382.3840792
2024-07-11,156.48971557617188,0.0,163.3699951171875,0.0,163.50999450683594,162.22000122070312,162.38999938964844,0.0,1509200,0.0015139351882444984,328738049.27265227
2024-07-12,157.38055419921875,0.0,164.3000030517578,0.0,165.17999267578125,163.66000366210938,163.8000030517578,0.0,1800000,0.0015139351882444984,328306135.92385185
2024-07-15,157.9840087890625,0.0,164.92999267578125,0.0,165.61000061035156,164.64999389648438,164.77000427246094,0.0,1812400,0.0015515486676613978,327317423.5541571
2024-07-16,160.1967315673828,0.0,167.24000549316406,0.0,167.3000030517578,165.22999572753906,165.35000610351562,0.0,2989800,0.0013088337238389587,329176686.5679423
2024-07-17,160.57029724121094,0.0,167.6300048828125,0.0,168.25999450683594,166.58999633789062,166.58999633789062,0.0,2297200,0.0013088337238389587,328695413.16092354
2024-07-18,159.26756286621094,0.0,166.27000427246094,0.0,168.6699981689453,165.97999572753906,167.2100067138672,0.0,2290600,0.0016520087585205393,328134232.94843644
2024-07-19,158.11810302734375,0.0,165.07000732421875,0.0,166.75,164.89999389648438,166.4499969482422,0.0,1582800,0.0014761858119863107,327436839.6062094
2024-07-22,158.8843994140625,0.0,165.8699951171875,0.0,165.9199981689453,164.60000610351562,165.52999877929688,0.0,1457200,0.0013786698143181226,326925902.8057764
2024-07-23,158.3000946044922,0.0,165.25999450683594,0.0,165.92999267578125,165.10000610351562,165.5399932861328,0.0,1525400,0.0015456616524667742,326139766.40035236
2024-07-24,157.32305908203125,0.0,164.24000549316406,0.0,165.5500030517578,164.13999938964844,164.97999572753906,0.0,1517300,0.0015456616524667742,325819103.44313365
2024-07-25,157.878662109375,0.0,164.82000732421875,0.0,166.60000610351562,164.11000061035156,164.24000549316406,0.0,2330900,0.001818432097583541,325564898.4066797
2024-07-26,159.880615234375,0.0,166.91000366210938,0.0,167.52000427246094,165.61000061035156,165.75999450683594,0.0,2210100,0.0021859300457526378,325936865.4224214
2024-07-29,159.64114379882812,0.0,166.66000366210938,0.0,167.11000061035156,165.9600067138672,167.08999633789062,0.0,1925400,0.0024175361368029983,326361473.3609154
2024-07-30,160.03387451171875,0.0,167.07000732421875,0.0,167.66000366210938,166.5399932861328,166.92999267578125,0.0,2707200,0.0020169989688485074,327279330.8900379
2024-07-31,160.93429565429688,0.0,168.00999450683594,0.0,169.14999389648438,167.5,168.14999389648438,0.0,1843200,0.0019215894864247386,327084167.3762004
2024-08-01,159.21011352539062,0.0,166.2100067138672,0.0,168.6999969482422,165.52999877929688,168.0800018310547,0.0,2196600,0.0019215894864247386,326830879.5405918
2024-08-02,156.77706909179688,0.0,163.6699981689453,0.0,165.60000610351562,162.2100067138672,165.16000366210938,0.0,2308900,0.0019215894864247386,326887099.68913245
2024-08-05,153.22329711914062,0.0,159.9600067138672,0.0,161.3699951171875,159.39999389648438,160.22999572753906,0.0,3435500,0.0019378881029552177,328128159.7043113
2024-08-06,154.47813415527344,0.0,161.27000427246094,0.0,163.19000244140625,160.0,160.4600067138672,0.0,3254600,0.001642320164572035,329222768.6683413
2024-08-07,153.58731079101562,0.0,160.33999633789062,0.0,163.5500030517578,160.22999572753906,162.67999267578125,0.0,1736100,0.002429479515804549,329262494.15694946
2024-08-08,156.2214813232422,0.0,163.08999633789062,0.0,163.22000122070312,160.8800048828125,160.8800048828125,0.0,1341400,0.0029849309679753867,328814476.4752827
2024-08-09,156.48971557617188,0.0,163.3699951171875,0.0,163.82000732421875,162.05999755859375,162.99000549316406,0.0,1123000,0.0029849309679753867,327871912.63144356
2024-08-12,155.8574981689453,0.0,162.7100067138672,0.0,163.6699981689453,162.32000732421875,163.58999633789062,0.0,1296800,0.0031794618812643104,327019476.35730565
2024-08-13,157.36135864257812,0.0,164.27999877929688,0.0,164.4199981689453,162.67999267578125,163.27000427246094,0.0,1623600,0.003255333538503237,326954433.4950402
2024-08-14,158.3000946044922,0.0,165.25999450683594,0.0,165.6999969482422,164.42999267578125,164.47999572753906,0.0,1350500,0.003255333538503237,318745334.32622033
2024-08-15,160.14883422851562,0.0,167.19000244140625,0.0,167.4199981689453,166.25999450683594,166.88999938964844,0.0,1428900,0.0029121585038216556,314586708.80342513
2024-08-16,160.62777709960938,0.0,167.69000244140625,0.0,167.8000030517578,166.80999755859375,167.25,0.0,1451800,0.0029121585038216556,313329688.3765206
2024-08-19,161.68142700195312,0.0,168.7899932861328,0.0,168.85000610351562,167.8000030517578,167.80999755859375,0.0,1387300,0.002822392442309209,312560974.02895975
2024-08-20,161.2120819091797,0.0,168.3000030517578,0.0,168.7899932861328,168.0800018310547,168.72000122070312,0.0,1279100,0.0028111983218921167,311720379.85087806
2024-08-21,161.8251495361328,0.0,168.94000244140625,0.0,169.0800018310547,168.27000427246094,168.8699951171875,0.0,1250000,0.002866460692841428,311070238.1624252
2024-08-22,161.52816772460938,0.0,168.6300048828125,0.0,169.60000610351562,168.2100067138672,169.35000610351562,0.0,1848800,0.002750447346565525,309156716.31236
2024-08-23,163.31942749023438,0.0,170.5,0.0,170.61000061035156,169.13999938964844,169.4499969482422,0.0,1279200,0.002468626259339317,308484959.11687213
2024-08-26,163.52059936523438,0.0,170.7100067138672,0.0,171.57000732421875,170.42999267578125,170.94000244140625,0.0,1196000,0.0022370201682889567,306728852.8052799
2024-08-27,163.5972137451172,0.0,170.7899932861328,0.0,170.85000610351562,170.2899932861328,170.57000732421875,0.0,1007300,0.0022370201682889567,305988660.6827509
2024-08-28,163.43434143066406,0.0,170.6199951171875,0.0,171.3699951171875,169.75999450683594,170.5800018310547,0.0,1426700,0.0023039764397212842,305764609.0327429
2024-08-29,163.95164489746094,0.0,171.16000366210938,0.0,171.97999572753906,170.0800018310547,171.05999755859375,0.0,1487600,0.0024953491832663253,305540689.73214287
2024-08-30,165.57046508789062,0.0,172.85000610351562,0.0,172.97999572753906,170.91000366210938,171.64999389648438,0.0,1808600,0.0024953491832663253,305309686.05768114
2024-09-03,163.7600860595703,0.0,170.9600067138672,0.0,172.50999450683594,170.36000061035156,172.1300048828125,0.0,2203500,0.0029737517795129045,305673424.6501014
2024-09-04,163.6642608642578,0.0,170.86000061035156,0.0,171.85000610351562,170.3800048828125,170.77999877929688,0.0,1548100,0.003294680675227936,305128041.183726
2024-09-05,162.44775390625,0.0,169.58999633789062,0.0,171.25999450683594,168.88999938964844,171.14999389648438,0.0,2455500,0.002507521323995422,306138465.22537714
2024-09-06,160.36912536621094,0.0,167.4199981689453,0.0,169.99000549316406,167.17999267578125,169.32000732421875,0.0,2549000,0.0019520698718245842,306780067.0666286
2024-09-09,162.0645751953125,0.0,169.19000244140625,0.0,169.86000061035156,167.9600067138672,168.27999877929688,0.0,1402400,0.0023698082198277356,306284125.83236694
2024-09-10,162.24658203125,0.0,169.3800048828125,0.0,169.8000030517578,168.1199951171875,169.6699981689453,0.0,1562200,0.002485062878501068,305971469.1495502
2024-09-11,162.0645751953125,0.0,169.19000244140625,0.0,169.41000366210938,165.9600067138672,168.9199981689453,0.0,1790400,0.0024091912212621416,305205729.6894497
2024-09-12,163.04164123535156,0.0,170.2100067138672,0.0,170.24000549316406,168.52999877929688,169.44000244140625,0.0,1731800,0.0024091912212621416,305524332.03752303
2024-09-13,164.21026611328125,0.0,171.42999267578125,0.0,171.64999389648438,170.67999267578125,170.83999633789062,0.0,1264400,0.0024091912212621416,304201285.9454927
2024-09-16,165.5129852294922,0.0,172.7899932861328,0.0,172.86000061035156,171.83999633789062,171.97000122070312,0.0,1783600,0.0024091912212621416,304229379.5592293
2024-09-17,165.4459228515625,0.0,172.72000122070312,0.0,173.61000061035156,172.14999389648438,172.99000549316406,0.0,1344300,0.0024170238886429773,303479449.7533041
2024-09-18,165.08192443847656,0.0,172.33999633789062,0.0,174.35000610351562,172.1699981689453,172.8000030517578,0.0,1356300,0.0025575992159089,303260260.3091164
2024-09-19,166.52835083007812,0.0,173.85000610351562,0.0,174.4199981689453,173.05999755859375,174.22000122070312,0.0,1323200,0.0027743519904228965,302812445.95500404
2024-09-20,166.37509155273438,0.0,173.69000244140625,0.0,173.77999877929688,172.77999877929688,173.38999938964844,0.0,1632700,0.0026999017996665294,302786709.15194315
2024-09-23,166.9593963623047,0.0,174.3000030517578,0.0,174.50999450683594,173.8300018310547,174.14999389648438,0.0,1460700,0.00260484832002833,302074855.27103966
2024-09-24,167.0360107421875,0.0,174.3800048828125,0.0,174.77000427246094,173.99000549316406,174.47000122070312,0.0,1350300,0.0026705360720356347,301308322.7106367
2024-09-25,166.0398406982422,0.0,173.33999633789062,0.0,174.8000030517578,173.0399932861328,174.52999877929688,0.0,1458100,0.002784543863413122,299281124.9554589
2024-09-26,166.96810913085938,0.0,173.38999938964844,0.914,173.61000061035156,172.89999389648438,173.05999755859375,0.0,1310000,0.002717587591980794,297541329.57945323
2024-09-27,167.5073699951172,0.0,173.9499969482422,0.0,174.9199981689453,173.77000427246094,173.99000549316406,0.0,2262500,0.0025262148484357532,296045299.62638974
2024-09-30,168.1044158935547,0.0,174.57000732421875,0.0,174.72000122070312,173.0,173.92999267578125,0.0,3446300,0.0026292173009233115,297715613.3351038
2024-10-01,167.69996643066406,0.0,174.14999389648438,0.0,174.64999389648438,173.32000732421875,174.39999389648438,0.0,1328000,0.0024494790217896704,296567350.3111219
2024-10-02,167.58441162109375,0.0,174.02999877929688,0.0,174.42999267578125,173.25999450683594,174.10000610351562,0.0,1353700,0.002393227640443872,294774530.0264268
2024-10-03,166.85255432128906,0.0,173.27000427246094,0.0,173.72999572753906,172.67999267578125,173.58999633789062,0.0,1152200,0.0024781308152512413,293893406.0873486
2024-10-04,168.15255737304688,0.0,174.6199951171875,0.0,174.6699981689453,173.27000427246094,174.08999633789062,0.0,1013900,0.0024781308152512413,291566144.74022275
2024-10-07,166.8910675048828,0.0,173.30999755859375,0.0,174.38999938964844,172.7899932861328,174.25,0.0,1649200,0.0023905811930943124,291633410.48349047
2024-10-08,167.0740203857422,0.0,173.5,0.0,173.75,172.88999938964844,173.49000549316406,0.0,1170400,0.002087118167548005,290245602.1725972
2024-10-09,168.53775024414062,0.0,175.02000427246094,0.0,175.2100067138672,173.1999969482422,173.50999450683594,0.0,2245500,0.002087118167548005,289773230.374315
2024-10-10,168.0177459716797,0.0,174.47999572753906,0.0,175.02000427246094,174.1199951171875,174.97000122070312,0.0,1536600,0.0022198320455622264,287728754.0455409
2024-10-11,169.77996826171875,0.0,176.30999755859375,0.0,176.39999389648438,174.77999877929688,174.9199981689453,0.0,1502400,0.0022198320455622264,286716727.78678775
2024-10-14,170.8392333984375,0.0,177.41000366210938,0.0,177.5399932861328,175.97000122070312,176.33999633789062,0.0,1474500,0.0022198320455622264,285904439.87051344
2024-10-15,169.92442321777344,0.0,176.4600067138672,0.0,177.97000122070312,176.32000732421875,176.92999267578125,0.0,1723200,0.0024014228589951123,285464506.09719414
2024-10-16,171.16661071777344,0.0,177.75,0.0,177.97000122070312,176.7100067138672,176.83999633789062,0.0,1582200,0.0023955493303472533,285286104.8480564
2024-10-17,170.99330139160156,0.0,177.57000732421875,0.0,178.17999267578125,177.42999267578125,177.99000549316406,0.0,1599200,0.0021235341848839457,284581980.781313
2024-10-18,171.2340545654297,0.0,177.82000732421875,0.0,177.91000366210938,176.9499969482422,177.5399932861328,0.0,3218900,0.002041227276799449,286035966.6608538
2024-10-21,169.59701538085938,0.0,176.1199951171875,0.0,177.82000732421875,175.91000366210938,177.5500030517578,0.0,1633000,0.0021346111767588188,285186860.9436035
2024-10-22,169.34664916992188,0.0,175.86000061035156,0.0,176.13999938964844,174.8800048828125,175.50999450683594,0.0,1975700,0.002068923424751514,283914568.54302543
2024-10-23,168.96145629882812,0.0,175.4600067138672,0.0,175.99000549316406,174.57000732421875,175.4600067138672,0.0,1167800,0.0021807988937837474,283257724.8117114
2024-10-24,168.38368225097656,0.0,174.86000061035156,0.0,175.57000732421875,174.35000610351562,175.4499969482422,0.0,1145000,0.002340938238839997,282426195.4521785
2024-10-25,167.19921875,0.0,173.6300048828125,0.0,175.72000122070312,173.5,175.57000732421875,0.0,1187500,0.002556604241941767,281941832.9331413
2024-10-28,168.11404418945312,0.0,174.5800018310547,0.0,174.77000427246094,174.02000427246094,174.02999877929688,0.0,1100000,0.002539395185851575,281220873.0473473
2024-10-29,166.99700927734375,0.0,173.4199981689453,0.0,174.27999877929688,173.33999633789062,173.88999938964844,0.0,1295500,0.0022746180635719575,280629011.2943619
2024-10-30,166.88145446777344,0.0,173.3000030517578,0.0,174.1199951171875,172.9499969482422,173.0500030517578,0.0,1034300,0.0021283640932854924,279297955.0059122
2024-10-31,165.78369140625,0.0,172.16000366210938,0.0,173.38999938964844,172.16000366210938,172.99000549316406,0.0,1674400,0.002043460918478123,278186730.94612
2024-11-01,165.8221893310547,0.0,172.1999969482422,0.0,173.72000122070312,172.0500030517578,173.0500030517578,0.0,1268000,0.002325916227349656,277627386.4872887
2024-11-04,165.3888702392578,0.0,171.75,0.0,172.64999389648438,171.19000244140625,172.32000732421875,0.0,1635300,0.001995727501503434,277731671.3178725
2024-11-05,167.14144897460938,0.0,173.57000732421875,0.0,173.61000061035156,171.52000427246094,171.80999755859375,0.0,1910000,0.001935866370104571,278814489.25237507
2024-11-06,171.63851928710938,0.0,178.24000549316406,0.0,178.52999877929688,176.83999633789062,178.42999267578125,0.0,2753200,0.001935866370104571,281002428.7179008
2024-11-07,171.1280975341797,0.0,177.7100067138672,0.0,178.6199951171875,177.35000610351562,178.5800018310547,0.0,2115800,0.0020294860262508553,281440470.76780534
2024-11-08,172.11032104492188,0.0,178.72999572753906,0.0,179.25999450683594,177.77999877929688,178.0800018310547,0.0,3111100,0.00210423020941322,284177159.00348485
2024-11-11,172.5340576171875,0.0,179.1699981689453,0.0,180.05999755859375,179.05999755859375,179.27999877929688,0.0,1613000,0.00210423020941322,284750456.80055165
2024-11-12,171.18589782714844,0.0,177.77000427246094,0.0,179.25999450683594,177.4600067138672,179.22999572753906,0.0,1502900,0.0019148067285994987,285154014.4371033
2024-11-13,171.40737915039062,0.0,178.0,0.0,178.52999877929688,177.50999450683594,178.05999755859375,0.0,1692000,0.0018069546579739797,285692627.50955003
2024-11-14,170.19403076171875,0.0,176.74000549316406,0.0,178.27000427246094,176.67999267578125,178.2100067138672,0.0,3231500,0.0018332881985576924,288571068.04269457
2024-11-15,169.6162567138672,0.0,176.13999938964844,0.0,176.9499969482422,175.7899932861328,176.3699951171875,0.0,1782400,0.0018332881985576924,289356114.4151718
2024-11-18,170.39625549316406,0.0,176.9499969482422,0.0,177.2100067138672,176.0800018310547,176.38999938964844,0.0,1603800,0.0018762558589604703,289010287.91704935
2024-11-19,169.73182678222656,0.0,176.25999450683594,0.0,176.63999938964844,175.14999389648438,175.85000610351562,0.0,1516100,0.001958191914042311,289574696.79489136
2024-11-20,170.0784912109375,0.0,176.6199951171875,0.0,176.75,175.49000549316406,176.57000732421875,0.0,1405800,0.001973041762445245,290088557.88546365
2024-11-21,172.1488494873047,0.0,178.77000427246094,0.0,179.17999267578125,176.67999267578125,177.0800018310547,0.0,1742000,0.0018129024173889952,289143902.7452862
2024-11-22,173.41033935546875,0.0,180.0800018310547,0.0,180.25,178.85000610351562,178.9600067138672,0.0,1578900,0.0015972364142872251,289182661.46978956
2024-11-25,174.49850463867188,0.0,181.2100067138672,0.0,181.92999267578125,180.759994506836,181.0599975585937,0.0,1475100,0.0015114430178898588,288453289.28569007
2024-11-26,174.6236572265625,0.0,181.33999633789065,0.0,181.5399932861328,180.259994506836,181.07000732421875,0.0,1559900,0.001503972296895729,288215825.0442263
2024-11-27,174.54661560058594,0.0,181.259994506836,0.0,182.3300018310547,181.1999969482422,181.6600036621093,0.0,1434500,0.0013853647673049327,288552934.7938053
2024-11-29,175.134033203125,0.0,181.8699951171875,0.0,182.3800048828125,181.5599975585937,181.6199951171875,0.0,625400,0.0015623006955331965,287486946.58918834
2024-12-02,173.96884155273438,0.0,180.6600036621093,0.0,181.9499969482422,180.2100067138672,181.7899932861328,0.0,1866000,0.0012798453866616631,286757248.4788804
2024-12-03,173.06369018554688,0.0,179.72000122070312,0.0,181.13999938964844,179.72000122070312,181.1199951171875,0.0,1646700,0.0012905672307712227,286314891.34152126
2024-12-04,172.47625732421875,0.0,179.11000061035156,0.0,179.99000549316406,178.57000732421875,179.9199981689453,0.0,2726100,0.001199452290594822,288339703.1065926
2024-12-05,172.1488494873047,0.0,178.77000427246094,0.0,179.63999938964844,178.6999969482422,179.27999877929688,0.0,1672100,0.0013901725630428095,289082363.5266259
2024-12-06,171.69625854492188,0.0,178.3000030517578,0.0,179.25,178.1300048828125,179.1999969482422,0.0,1532500,0.001163839028882304,289811281.50573003
2024-12-09,170.67552185058594,0.0,177.24000549316406,0.0,178.77000427246094,177.16000366210938,178.6699981689453,0.0,1716400,0.0010890948457199393,290870597.8956798
2024-12-10,169.5199432373047,0.0,176.0399932861328,0.0,177.08999633789062,175.61000061035156,177.0,0.0,1648300,0.0010890948457199393,291696429.01419985
2024-12-11,169.0192108154297,0.0,175.52000427246094,0.0,176.58999633789062,175.4600067138672,176.58999633789062,0.0,2423400,0.001248335881375879,293082747.2947862
2024-12-12,168.22958374023438,0.0,174.6999969482422,0.0,175.80999755859375,174.69000244140625,175.64999389648438,0.0,1697100,0.001065688435651775,293418226.01774913
2024-12-13,168.57623291015625,0.0,175.05999755859375,0.0,175.47000122070312,174.64999389648438,175.35000610351562,0.0,1367700,0.0011967313118330892,292857891.31882685
2024-12-16,167.96957397460938,0.0,174.42999267578125,0.0,175.8000030517578,174.22999572753906,175.36000061035156,0.0,2305500,0.0013354655563625243,294063448.46429974
2024-12-17,166.87181091308594,0.0,173.2899932861328,0.0,173.88999938964844,172.85000610351562,173.52999877929688,0.0,1964300,0.0011991139960003767,293679408.6065262
2024-12-18,162.65403747558594,0.0,168.91000366210938,0.0,173.66000366210938,168.83999633789062,173.4499969482422,0.0,2398100,0.0011171779409185358,294610893.51764256
2024-12-19,162.08590698242188,0.0,168.32000732421875,0.0,170.57000732421875,168.27999877929688,169.83999633789062,0.0,2554800,0.0008764448321058823,296345004.02179295
2024-12-20,163.98294067382812,0.0,170.2899932861328,0.0,171.50999450683594,167.82000732421875,168.16000366210938,0.0,3038500,0.0013421290028532082,298342522.19303674
2024-12-23,164.53500366210938,0.0,169.8800048828125,0.98,170.02999877929688,168.24000549316406,169.11000061035156,0.0,2698800,0.0016355937313151062,299942604.07300675
2024-12-24,165.9103240966797,0.0,171.3000030517578,0.0,171.36000061035156,169.77999877929688,170.1300048828125,0.0,2055000,0.0016355937313151062,301113159.10489523
2024-12-26,166.27835083007812,0.0,171.67999267578125,0.0,171.8300018310547,170.60000610351562,170.8699951171875,0.0,2724400,0.0015928786409454367,302878436.8057009
2024-12-27,165.30014038085938,0.0,170.6699981689453,0.0,171.77999877929688,169.88999938964844,170.94000244140625,0.0,2653200,0.0018145951546809306,302843301.2795342
2024-12-30,163.6245880126953,0.0,168.94000244140625,0.0,169.6199951171875,167.83999633789062,169.4199981689453,0.0,2514800,0.0016376592264526666,303373734.55842036
2024-12-31,163.97325134277344,0.0,169.3000030517578,0.0,169.9199981689453,168.6300048828125,169.42999267578125,0.0,3187000,0.0017218566493934068,305783417.9770333
2025-01-02,163.74078369140625,0.0,169.05999755859375,0.0,170.72000122070312,168.32000732421875,170.3000030517578,0.0,2533300,0.0019429857220046392,307808916.3540068
2025-01-03,164.99989318847656,0.0,170.36000061035156,0.0,170.63999938964844,169.05999755859375,169.7899932861328,0.0,1721700,0.002278876626825356,308611465.87667316
2025-01-06,164.7674560546875,0.0,170.1199951171875,0.0,171.77000427246094,169.8000030517578,170.9499969482422,0.0,2368200,0.0020881563543773685,310298883.1411937
2025-01-07,164.65122985839844,0.0,170.0,0.0,171.30999755859375,169.47000122070312,170.85000610351562,0.0,2218500,0.0023682759415172235,311226477.84779865
2025-01-08,164.80618286132812,0.0,170.16000366210938,0.0,170.25,168.67999267578125,169.64999389648438,0.0,2055400,0.0023682759415172235,312363208.0636161
2025-01-10,162.45265197753906,0.0,167.72999572753906,0.0,169.67999267578125,167.52000427246094,169.24000549316406,0.0,2659300,0.0026672746407209497,313946433.30970645
2025-01-13,163.9151153564453,0.0,169.24000549316406,0.0,169.30999755859375,167.36000061035156,167.38999938964844,0.0,3199700,0.0029311297151945665,315897046.32624066
2025-01-14,165.193603515625,0.0,170.55999755859375,0.0,170.63999938964844,169.14999389648438,169.86000061035156,0.0,2790200,0.0029311297151945665,317301628.7584819
2025-01-15,167.02413940429688,0.0,172.4499969482422,0.0,173.02000427246094,171.9199981689453,172.80999755859375,0.0,2367900,0.0027737532984295392,316574090.49935716
2025-01-16,168.23480224609375,0.0,173.6999969482422,0.0,173.77999877929688,172.19000244140625,172.5800018310547,0.0,2827900,0.0026865368449410965,317416364.89739794
2025-01-17,169.1839599609375,0.0,174.67999267578125,0.0,175.17999267578125,173.9600067138672,174.32000732421875,0.0,2807200,0.0026865368449410965,318285441.1168659
2025-01-21,171.3147735595703,0.0,176.8800048828125,0.0,176.88999938964844,175.49000549316406,175.49000549316406,0.0,2943300,0.0026865368449410965,320343680.09130085
2025-01-22,170.4333953857422,0.0,175.97000122070312,0.0,177.1199951171875,175.94000244140625,177.11000061035156,0.0,2017400,0.0028239390837909027,321242855.67525226
2025-01-23,171.72152709960938,0.0,177.3000030517578,0.0,177.3000030517578,176.00999450683594,176.30999755859375,0.0,1723700,0.0026511551887503384,321667652.6565188
2025-01-24,171.67311096191406,0.0,177.25,0.0,177.75999450683594,176.92999267578125,177.22000122070312,0.0,1804100,0.0023576904602884406,322227774.5983063
2025-01-27,172.0217742919922,0.0,177.61000061035156,0.0,177.61000061035156,176.1699981689453,176.22000122070312,0.0,3837600,0.0024066135462965984,324588228.4337846
2025-01-28,170.57867431640625,0.0,176.1199951171875,0.0,177.52999877929688,175.9199981689453,177.52999877929688,0.0,1905400,0.002781818746510058,324323873.1925359
2025-01-29,170.3946533203125,0.0,175.92999267578125,0.0,177.22000122070312,175.60000610351562,176.16000366210938,0.0,2279200,0.0028020836204914225,324959527.70250106
2025-01-30,172.1767578125,0.0,177.77000427246094,0.0,178.1999969482422,176.6699981689453,177.00999450683594,0.0,2605200,0.0030538052219170934,325045515.7287113
2025-01-31,171.14041137695312,0.0,176.6999969482422,0.0,178.25,176.47999572753906,177.7100067138672,0.0,2599500,0.0033570053409000327,326233258.7461078
2025-02-03,170.63677978515625,0.0,176.17999267578125,0.0,176.77999877929688,173.85000610351562,174.38999938964844,0.0,3780000,0.003125154424179241,328621064.07600284
2025-02-04,170.63677978515625,0.0,176.17999267578125,0.0,176.4600067138672,175.44000244140625,175.6199951171875,0.0,2285500,0.002907180347372092,328817585.6195601
2025-02-05,171.9927215576172,0.0,177.5800018310547,0.0,177.63999938964844,175.92999267578125,176.9499969482422,0.0,4200000,0.0029071803473720917,330375469.7832501
2025-02-06,171.76026916503906,0.0,177.33999633789062,0.0,178.24000549316406,176.47000122070312,178.24000549316406,0.0,1716400,0.0027301000603178116,328625604.81348187
2025-02-07,170.6561279296875,0.0,176.1999969482422,0.0,177.83999633789062,176.08999633789062,177.82000732421875,0.0,2652100,0.0029611356977872704,330125078.974309
2025-02-10,171.28570556640625,0.0,176.85000610351562,0.0,176.9499969482422,175.85000610351562,176.9499969482422,0.0,2249600,0.0027150196250959073,331546292.09052193
2025-02-11,171.9055633544922,0.0,177.49000549316406,0.0,177.50999450683594,176.08999633789062,176.4600067138672,0.0,2638600,0.002385201127794222,333807090.69351923
2025-02-12,170.94671630859375,0.0,176.5,0.0,176.8699951171875,175.75,176.05999755859375,0.0,2700600,0.0026501248191160873,335915452.3069594
2025-02-13,172.18643188476562,0.0,177.77999877929688,0.0,177.9199981689453,176.47999572753906,176.8800048828125,0.0,2739600,0.002650124819116087,337664032.2961474
2025-02-14,171.78932189941406,0.0,177.3699951171875,0.0,178.47000122070312,177.2899932861328,178.02000427246094,0.0,1765000,0.0025986070280750945,338377321.33424544
2025-02-18,172.7384796142578,0.0,178.35000610351562,0.0,178.38999938964844,177.02000427246094,177.38999938964844,0.0,2529400,0.0028415793373706734,340061612.6909892
2025-02-19,173.57144165039062,0.0,179.2100067138672,0.0,179.25999450683594,177.92999267578125,178.0800018310547,0.0,1871900,0.0028415793373706734,340791857.6594277
2025-02-20,172.7869110107422,0.0,178.39999389648438,0.0,178.6699981689453,177.38999938964844,178.6699981689453,0.0,2347700,0.0030529435128708805,342257471.2148636
2025-02-21,170.791748046875,0.0,176.33999633789062,0.0,178.10000610351562,176.1300048828125,178.10000610351562,0.0,1991200,0.00283393396093977,343335690.79267716
2025-02-24,170.9563751220703,0.0,176.50999450683594,0.0,177.41000366210938,176.30999755859375,176.8800048828125,0.0,2048000,0.003029588334717745,344528686.552187
2025-02-25,171.37286376953125,0.0,176.94000244140625,0.0,177.52999877929688,175.88999938964844,176.8699951171875,0.0,2322500,0.00320897370912758,345315829.43030465
2025-02-26,170.73362731933594,0.0,176.27999877929688,0.0,177.57000732421875,175.82000732421875,177.08999633789062,0.0,1994000,0.003276631398590457,346374549.41098654
2025-02-27,170.1525115966797,0.0,175.67999267578125,0.0,177.77999877929688,175.58999633789062,176.4499969482422,0.0,1969500,0.0034536249011655404,347500204.7883291
2025-02-28,172.5254364013672,0.0,178.1300048828125,0.0,178.25,175.22000122070312,176.24000549316406,0.0,3851700,0.0036861148825216607,351580098.27698
2025-03-03,170.93702697753906,0.0,176.49000549316406,0.0,179.10000610351562,175.4199981689453,178.5800018310547,0.0,3933500,0.0039050737257656327,355157875.1783583
2025-03-04,167.49871826171875,0.0,172.94000244140625,0.0,175.72999572753906,172.57000732421875,175.42999267578125,0.0,3521600,0.0039050737257656327,357970636.21923053
2025-03-05,168.89340209960938,0.0,174.3800048828125,0.0,174.82000732421875,172.13999938964844,172.88999938964844,0.0,2923600,0.0041723105800836055,359535722.4195208
2025-03-06,167.46966552734375,0.0,172.91000366210938,0.0,173.75,171.83999633789062,172.80999755859375,0.0,3818400,0.004597680285791097,361785954.032135
2025-03-07,168.9612274169922,0.0,174.4499969482422,0.0,174.9199981689453,172.4199981689453,172.52000427246094,0.0,2592500,0.00454108434640756,363276059.19200355
2025-03-10,166.8788604736328,0.0,172.3000030517578,0.0,174.57000732421875,171.0,172.92999267578125,0.0,3030400,0.00461391428072169,364115025.01137143
2025-03-11,164.84490966796875,0.0,170.1999969482422,0.0,172.19000244140625,169.3800048828125,172.0399932861328,0.0,3935300,0.004561031654209327,366043870.03246486
2025-03-12,164.1088409423828,0.0,169.44000244140625,0.0,171.0,168.5,170.8800048828125,0.0,2857500,0.00451841501120221,368003415.64796084
2025-03-13,163.26622009277344,0.0,168.57000732421875,0.0,170.38999938964844,168.02999877929688,169.5500030517578,0.0,3063200,0.004587002733271889,370001496.62262446
2025-03-14,165.9103240966797,0.0,171.3000030517578,0.0,171.57000732421875,168.94000244140625,169.47000122070312,0.0,2152200,0.004846233601339339,370523354.449584
2025-03-17,168.1185760498047,0.0,173.5800018310547,0.0,173.99000549316406,170.99000549316406,170.99000549316406,0.0,1934200,0.004846233601339339,370848503.25842965
2025-03-18,167.28564453125,0.0,172.72000122070312,0.0,173.5,172.1300048828125,173.30999755859375,0.0,2476800,0.004810879221134716,372523398.62576437
2025-03-19,168.30259704589844,0.0,173.77000427246094,0.0,174.49000549316406,172.38999938964844,172.94000244140625,0.0,3914000,0.004914093145986273,375475363.42494905
2025-03-20,167.96360778808594,0.0,173.4199981689453,0.0,174.25999450683594,172.67999267578125,172.97000122070312,0.0,2599500,0.00493269094892246,377210425.2312918
2025-03-21,167.06288146972656,0.0,172.49000549316406,0.0,172.9499969482422,171.4199981689453,172.57000732421875,0.0,4108700,0.004858800225146809,380979988.3149162
2025-03-24,169.0580596923828,0.0,174.5500030517578,0.0,174.8300018310547,173.61000061035156,173.9499969482422,0.0,1780800,0.004663145851368834,381621260.6749035
2025-03-25,168.55442810058594,0.0,174.02999877929688,0.0,174.97000122070312,173.3800048828125,174.77999877929688,0.0,2302000,0.0047217085163974905,382550097.1050928
2025-03-26,168.75782775878906,0.0,174.24000549316406,0.0,175.39999389648438,173.7899932861328,174.49000549316406,0.0,2425100,0.004446925192380672,383883029.03258306
2025-03-27,168.39053344726562,0.0,172.85000610351562,1.013,173.75999450683594,172.2899932861328,173.00999450683594,0.0,1550100,0.0040279503020887305,384140723.2696291
2025-03-28,166.42266845703125,0.0,170.8300018310547,0.0,173.0399932861328,170.61000061035156,172.67999267578125,0.0,3299500,0.0035437387193069394,386608235.5107504
2025-03-31,168.2834014892578,0.0,172.74000549316406,0.0,173.5,170.0399932861328,170.0399932861328,0.0,3605900,0.003476812395569159,389749047.30922157
2025-04-01,167.89369201660156,0.0,172.33999633789062,0.0,173.0500030517578,170.86000061035156,172.25,0.0,4784100,0.003922052813210357,393169125.9471954
2025-04-02,168.8094482421875,0.0,173.27999877929688,0.0,173.5500030517578,171.25,171.3699951171875,0.0,3737000,0.003877687491188009,393533623.8773285
2025-04-03,162.53558349609375,0.0,166.83999633789062,0.0,170.3800048828125,166.75,169.5500030517578,0.0,5798400,0.003729465979917309,399375955.9636071
2025-04-04,152.89100646972656,0.0,156.94000244140625,0.0,163.86000061035156,156.7100067138672,163.49000549316406,0.0,6873800,0.0036830226192152713,406067938.340069
2025-04-07,151.64405822753906,0.0,155.66000366210938,0.0,160.58999633789062,150.42999267578125,152.9499969482422,0.0,10121200,0.003379157047431683,416987179.0554834
2025-04-08,149.70538330078125,0.0,153.6699981689453,0.0,160.69000244140625,151.5800018310547,160.50999450683594,0.0,5902600,0.005991199688256803,422780872.05661595
2025-04-09,159.6422119140625,0.0,163.8699951171875,0.0,164.66000366210938,151.24000549316406,151.9499969482422,0.0,5819100,0.008125730186447699,428080499.3630667
2025-04-10,155.47265625,0.0,159.58999633789062,0.0,161.77999877929688,155.38999938964844,161.77999877929688,0.0,7993500,0.008859801564073417,436593342.5037566
2025-04-11,157.6548614501953,0.0,161.8300018310547,0.0,162.72000122070312,158.00999450683594,159.24000549316406,0.0,3828600,0.009056229641338447,438391556.19753885
2025-04-14,159.7299041748047,0.0,163.9600067138672,0.0,164.63999938964844,162.4199981689453,163.8300018310547,0.0,3975600,0.009056229641338447,441437059.69957626
2025-04-15,159.03822326660156,0.0,163.25,0.0,165.1199951171875,163.19000244140625,164.22000122070312,0.0,2834600,0.009026336224219497,443007379.617576
2025-04-16,157.21646118164062,0.0,161.3800048828125,0.0,163.97999572753906,160.41000366210938,163.27000427246094,0.0,2828200,0.008923122299367937,444553600.88273305
2025-04-17,157.586669921875,0.0,161.75999450683594,0.0,163.16000366210938,160.72000122070312,160.83999633789062,0.0,2984500,0.009118651169588944,445971829.61318
2025-04-21,154.65431213378906,0.0,158.75,0.0,161.2100067138672,157.08999633789062,161.00999450683594,0.0,3837100,0.009118651169588944,448574238.9385768
2025-04-22,158.14193725585938,0.0,162.3300018310547,0.0,162.6699981689453,160.0500030517578,160.13999938964844,0.0,2782000,0.009571188360910315,449904652.5050935
2025-04-23,159.13565063476562,0.0,163.35000610351562,0.0,166.32000732421875,162.7899932861328,164.85000610351562,0.0,3442100,0.009284317235463666,449824352.77837116
2025-04-24,160.82101440429688,0.0,165.0800018310547,0.0,165.3300018310547,162.5,163.19000244140625,0.0,1916700,0.009635511258779175,450052962.9964919
2025-04-25,160.49952697753906,0.0,164.75,0.0,164.97000122070312,163.33999633789062,164.77999877929688,0.0,2109100,0.009955206678538917,450053182.21708024
2025-04-28,161.02557373046875,0.0,165.2899932861328,0.0,166.02999877929688,164.0399932861328,165.08999633789062,0.0,1711500,0.009955206678538917,450672163.38905454
2025-04-29,161.97056579589844,0.0,166.25999450683594,0.0,166.6199951171875,164.7100067138672,164.8699951171875,0.0,2516100,0.00954585990461802,452403211.57540214
2025-04-30,162.1848907470703,0.0,166.47999572753906,0.0,167.0,163.33999633789062,165.47000122070312,0.0,3442600,0.009441001867534885,455315421.11899966
2025-05-01,161.7952117919922,0.0,166.0800018310547,0.0,167.3000030517578,165.3699951171875,166.00999450683594,0.0,2155300,0.009228072643183125,456632200.68989104
2025-05-02,164.2014923095703,0.0,168.5500030517578,0.0,169.02000427246094,167.49000549316406,168.00999450683594,0.0,2183000,0.009112072979892982,457769335.99968565
2025-05-05,163.36367797851562,0.0,167.69000244140625,0.0,168.5500030517578,166.94000244140625,167.72000122070312,0.0,2326400,0.009213351285860743,459442906.0673305
2025-05-06,162.2725830078125,0.0,166.57000732421875,0.0,167.82000732421875,166.1999969482422,166.75999450683594,0.0,3458900,0.009213351285860743,461727702.00544083
2025-05-07,163.28573608398438,0.0,167.61000061035156,0.0,168.32000732421875,166.77999877929688,167.1999969482422,0.0,2875500,0.006836014481011928,463819868.3596051
2025-05-08,163.96766662597656,0.0,168.30999755859375,0.0,169.94000244140625,167.8300018310547,168.36000061035156,0.0,2676800,0.004650823013000279,465166451.10932606
2025-05-09,163.6949005126953,0.0,168.02999877929688,0.0,168.85000610351562,167.8300018310547,168.8300018310547,0.0,1991300,0.0037512406908920886,465190890.9710718
2025-05-12,167.11434936523438,0.0,171.5399932861328,0.0,171.77999877929688,170.5,171.52999877929688,0.0,2356600,0.003407995074269276,464504547.83658224
2025-05-13,166.2960205078125,0.0,170.6999969482422,0.0,171.50999450683594,170.69000244140625,171.32000732421875,0.0,2491700,0.0035773829040566113,464896090.29841346
2025-05-14,165.0880126953125,0.0,169.4600067138672,0.0,170.66000366210938,169.25,170.66000366210938,0.0,2810700,0.0033996583920846055,464263188.3235144
2025-05-15,167.0169219970703,0.0,171.44000244140625,0.0,171.50999450683594,169.10000610351562,169.22999572753906,0.0,2744900,0.0036715762956603796,465704334.7969661
2025-05-16,168.6341094970703,0.0,173.10000610351562,0.0,173.10000610351562,171.0800018310547,171.49000549316406,0.0,1621500,0.0031086832081531736,465811565.91185313
2025-05-19,168.84841918945312,0.0,173.32000732421875,0.0,173.52999877929688,171.83999633789062,172.0,0.0,1769000,0.0032370752991948983,465854638.0781749
2025-05-20,168.5171661376953,0.0,172.97999572753906,0.0,173.5399932861328,172.42999267578125,173.02999877929688,0.0,2636900,0.0030088735067219123,464941904.92724466
2025-05-21,165.49716186523438,0.0,169.8800048828125,0.0,172.19000244140625,169.82000732421875,171.99000549316406,0.0,2366800,0.0030088735067219123,465641270.4879155
2025-05-22,164.81521606445312,0.0,169.17999267578125,0.0,170.08999633789062,168.38999938964844,169.42999267578125,0.0,2346500,0.002489599917746885,466539591.5014721
2025-05-23,164.6788330078125,0.0,169.0399932861328,0.0,169.4199981689453,167.6300048828125,167.88999938964844,0.0,2619400,0.0021760238192354434,467932889.76132834
2025-05-27,167.2020263671875,0.0,171.6300048828125,0.0,171.67999267578125,169.8300018310547,170.55999755859375,0.0,1767500,0.0021760238192354434,468369902.812873
2025-05-28,165.9745330810547,0.0,170.3699951171875,0.0,171.8800048828125,170.11000061035156,171.64999389648438,0.0,2832500,0.002406347759635815,469728281.0964191
2025-05-29,166.70516967773438,0.0,171.1199951171875,0.0,171.17999267578125,169.61000061035156,170.8300018310547,0.0,3177100,0.0021339428767446073,471786511.4265442
2025-05-30,166.96820068359375,0.0,171.38999938964844,0.0,171.89999389648438,170.08999633789062,170.7899932861328,0.0,2773800,0.0020812168033798066,473438088.4059361
2025-06-02,167.24098205566406,0.0,171.6699981689453,0.0,171.72999572753906,169.61000061035156,171.02999877929688,0.0,2538200,0.002271206316162418,474651267.2080388
2025-06-03,168.1275177001953,0.0,172.5800018310547,0.0,172.7100067138672,170.9499969482422,171.30999755859375,0.0,2694100,0.0021699280101946557,476277698.32560223
2025-06-04,167.26046752929688,0.0,171.69000244140625,0.0,172.9600067138672,171.6699981689453,172.85000610351562,0.0,2570800,0.0022903681009000185,478878009.1456822
2025-06-05,166.9000244140625,0.0,171.32000732421875,0.0,172.30999755859375,170.9499969482422,172.11000061035156,0.0,1958700,0.0020556622649237125,478865730.82435244
2025-06-06,168.55615234375,0.0,173.02000427246094,0.0,173.39999389648438,172.4199981689453,172.64999389648438,0.0,2317900,0.0022777018963374357,479699843.06159854
2025-06-09,168.6341094970703,0.0,173.10000610351562,0.0,173.82000732421875,172.55999755859375,173.32000732421875,0.0,2204100,0.0022467622931840433,478852683.94087535
2025-06-10,169.52061462402344,0.0,174.00999450683594,0.0,174.25,173.10000610351562,173.10000610351562,0.0,1780700,0.0021453807125554284,478939495.63194156
2025-06-11,169.24783325195312,0.0,173.72999572753906,0.0,174.3800048828125,173.25,174.25,0.0,2154000,0.002206819283061248,479740842.10908675
2025-06-12,170.24151611328125,0.0,174.75,0.0,174.77999877929688,173.02999877929688,173.55999755859375,0.0,2322900,0.002438267509571176,480548080.43901956
2025-06-13,168.90687561035156,0.0,173.3800048828125,0.0,174.67999267578125,172.97999572753906,173.82000732421875,0.0,2202400,0.0026451570498788545,481275742.3582289
2025-06-16,169.72520446777344,0.0,174.22000122070312,0.0,175.07000732421875,173.85000610351562,174.19000244140625,0.0,2448000,0.0029172365411623572,481284753.3473908
2025-06-17,168.3223419189453,0.0,172.77999877929688,0.0,174.10000610351562,172.63999938964844,173.57000732421875,0.0,1874300,0.0027888444501206317,481501881.81478107
2025-06-18,168.57565307617188,0.0,173.0399932861328,0.0,174.05999755859375,172.5800018310547,173.1199951171875,0.0,1792800,0.002953704912548548,482063759.1267056
2025-06-20,168.86790466308594,0.0,173.33999633789062,0.0,174.10000610351562,173.07000732421875,173.6999969482422,0.0,1656100,0.0031712709620698607,481150425.9506831
2025-06-23,170.1148681640625,0.0,174.6199951171875,0.0,174.72000122070312,172.60000610351562,173.49000549316406,0.0,2518000,0.003336121256001523,481938518.1244381
2025-06-24,171.38134765625,0.0,175.9199981689453,0.0,176.3300018310547,174.97999572753906,175.19000244140625,0.0,2362700,0.003330001934753221,482022510.9807211
2025-06-25,170.45584106445312,0.0,174.97000122070312,0.0,175.77000427246094,174.74000549316406,175.5,0.0,2307700,0.003507698942447635,481814211.9101267
2025-06-26,171.63462829589844,0.0,176.17999267578125,0.0,176.3300018310547,175.3300018310547,175.42999267578125,0.0,3271100,0.0032887887819378196,482281483.5723635
2025-06-27,172.1119842529297,0.0,176.6699981689453,0.0,177.5500030517578,175.99000549316406,176.42999267578125,0.0,2701300,0.0032208112842709627,482430424.1189987
2025-06-30,173.12484741210938,0.0,176.74000549316406,0.964,176.92999267578125,175.8300018310547,176.35000610351562,0.0,2730600,0.003275036515099133,483466811.04541355
2025-07-01,174.90762329101562,0.0,178.55999755859375,0.0,178.99000549316406,176.39999389648438,176.50999450683594,0.0,3812000,0.002923898471169876,485156856.59023464
2025-07-02,175.0349578857422,0.0,178.69000244140625,0.0,178.72999572753906,177.8300018310547,178.57000732421875,0.0,3793700,0.0030264360549473786,486943163.122934
2025-07-03,175.95574951171875,0.0,179.6300048828125,0.0,179.9499969482422,178.85000610351562,179.2100067138672,0.0,1670100,0.0029059959642420163,485952288.14686364
2025-07-07,174.5549774169922,0.0,178.1999969482422,0.0,179.47999572753906,177.3699951171875,179.32000732421875,0.0,2666700,0.0029059959642420163,485441548.64000595
2025-07-08,174.46682739257812,0.0,178.11000061035156,0.0,178.64999389648438,177.8300018310547,178.11000061035156,0.0,2341400,0.002788169824331798,485352239.62106854
2025-07-09,174.6039581298828,0.0,178.25,0.0,178.67999267578125,177.4499969482422,178.52000427246094,0.0,1849000,0.0028191105494042327,485640139.9143158
2025-07-10,175.7304229736328,0.0,179.39999389648438,0.0,179.77000427246094,178.0800018310547,178.36000061035156,0.0,1960200,0.0028080788013231826,485233645.4349457
2025-07-11,174.61373901367188,0.0,178.25999450683594,0.0,178.6199951171875,177.72999572753906,178.5,0.0,2222300,0.0027256439643911904,485384456.43329924
2025-07-14,174.79006958007812,0.0,178.44000244140625,0.0,178.4600067138672,177.5399932861328,177.92999267578125,0.0,1907500,0.002629773711077846,485310070.9819491
2025-07-15,172.48812866210938,0.0,176.08999633789062,0.0,178.5500030517578,176.05999755859375,178.32000732421875,0.0,3112800,0.0022621313518291753,486120297.6721264
2025-07-16,173.3501434326172,0.0,176.97000122070312,0.0,177.10000610351562,175.17999267578125,176.66000366210938,0.0,2487300,0.0019900518605456734,485316013.85037863
2025-07-17,174.31008911132812,0.0,177.9499969482422,0.0,178.07000732421875,176.55999755859375,176.80999755859375,0.0,2118800,0.0019900518605456734,484531442.0118544
2025-07-18,174.02603149414062,0.0,177.66000366210938,0.0,178.50999450683594,177.36000061035156,178.0800018310547,0.0,3294000,0.0016008559992693725,485935153.9506579
2025-07-21,173.80072021484375,0.0,177.42999267578125,0.0,178.64999389648438,177.33999633789062,178.10000610351562,0.0,2097300,0.0016772154224977624,484990056.3496181
2025-07-22,175.21127319335938,0.0,178.8699951171875,0.0,179.0399932861328,177.30999755859375,177.30999755859375,0.0,2699600,0.0018110148542850551,484930657.64627606
2025-07-23,176.8765106201172,0.0,180.57000732421875,0.0,180.6100006103516,179.5399932861328,179.66000366210938,0.0,2745900,0.0018110148542850551,484733961.3346887
2025-07-24,176.2104034423828,0.0,179.88999938964844,0.0,180.77999877929688,179.8300018310547,180.22000122070312,0.0,3140500,0.0017611182453238067,486400172.94278824
2025-07-25,176.9646453857422,0.0,180.6600036621093,0.0,180.7400054931641,179.50999450683594,180.02999877929688,0.0,2172200,0.0018097554855130266,487089201.8689352
2025-07-28,176.0634765625,0.0,179.74000549316406,0.0,180.47999572753903,179.42999267578125,180.47999572753903,0.0,2580400,0.002069224806502211,488232252.54492384
2025-07-29,176.04388427734375,0.0,179.72000122070312,0.0,180.1699981689453,179.30999755859375,179.97000122070312,0.0,3051000,0.0020656418623581996,487174550.841607
2025-07-30,175.05455017089844,0.0,178.7100067138672,0.0,179.97000122070312,177.86000061035156,179.72000122070312,0.0,3240700,0.0020656418623581996,489107618.1436811
2025-07-31,173.418701171875,0.0,177.0399932861328,0.0,178.97999572753906,176.7100067138672,177.9499969482422,0.0,5324400,0.0019631042785806965,493406444.3416656
2025-08-01,171.9199981689453,0.0,175.50999450683594,0.0,176.1999969482422,174.35000610351562,176.17999267578125,0.0,3839900,0.0019631042785806965,495079574.60179406
2025-08-04,173.55584716796875,0.0,177.17999267578125,0.0,177.19000244140625,175.80999755859375,176.02999877929688,0.0,3035600,0.0019631042785806965,495702717.0121087
2025-08-05,173.57542419433594,0.0,177.1999969482422,0.0,177.69000244140625,176.3699951171875,177.32000732421875,0.0,3237400,0.0018791240799865237,494970232.07405937
2025-08-06,173.40892028808594,0.0,177.02999877929688,0.0,177.66000366210938,176.63999938964844,177.41000366210938,0.0,3329800,0.001948242049238469,496452891.73020864
2025-08-07,173.261962890625,0.0,176.8800048828125,0.0,178.22000122070312,176.22999572753906,177.9499969482422,0.0,4809600,0.002116053137011625,497285320.80793834
2025-08-08,174.34927368164062,0.0,177.99000549316406,0.0,178.27000427246094,177.3000030517578,177.33999633789062,0.0,2917200,0.002119879695236317,498990448.3818296
2025-08-11,173.99664306640625,0.0,177.6300048828125,0.0,178.72999572753906,177.27999877929688,178.22999572753906,0.0,2799000,0.002184487832399272,499227641.80850077
2025-08-12,175.75979614257812,0.0,179.42999267578125,0.0,179.52000427246094,178.10000610351562,178.13999938964844,0.0,2227200,0.0022491077468288073,499241806.1414931
2025-08-13,177.11158752441406,0.0,180.8099975585937,0.0,180.8800048828125,179.7100067138672,179.99000549316406,0.0,2957300,0.0022491077468288073,499768665.4850309
2025-08-14,176.77853393554688,0.0,180.47000122070312,0.0,180.6000061035156,179.4600067138672,180.0,0.0,2316300,0.0025327518346102912,499303322.3408048
2025-08-15,176.56304931640625,0.0,180.25,0.0,181.1100006103516,180.02000427246094,181.07000732421875,0.0,1890100,0.0025327518346102912,498141770.2800448
2025-08-18,176.5924530029297,0.0,180.27999877929688,0.0,180.6600036621093,180.0,180.25,0.0,1912300,0.002348882151910032,498393289.32991636
2025-08-19,177.425048828125,0.0,181.1300048828125,0.0,181.77999877929688,180.3000030517578,180.4100036621093,0.0,2601400,0.002050232426191077,498552599.5621696
2025-08-20,177.9246063232422,0.0,181.63999938964844,0.0,182.0200042724609,181.009994506836,181.3099975585937,0.0,3871900,0.0020978617755476104,501471874.9754164
2025-08-21,177.24871826171875,0.0,180.9499969482422,0.0,181.52999877929688,180.4600067138672,181.1100006103516,0.0,2543000,0.001984290842292193,501799860.50373864
2025-08-22,179.74656677246094,0.0,183.5,0.0,183.92999267578125,181.8800048828125,181.8800048828125,0.0,2696300,0.001794156534703444,502939883.1171672
2025-08-25,178.306640625,0.0,182.02999877929688,0.0,183.4199981689453,182.02999877929688,183.33999633789065,0.0,2104500,0.0018166501197420624,503111229.6543182
2025-08-26,178.79640197753906,0.0,182.52999877929688,0.0,182.6699981689453,181.7100067138672,181.9100036621093,0.0,1922900,0.0016908747704652727,502635386.63037014
2025-08-27,179.3253631591797,0.0,183.07000732421875,0.0,183.3300018310547,182.259994506836,182.38999938964844,0.0,1902400,0.0016908747704652727,502609752.22058976
2025-08-28,179.4037322998047,0.0,183.1499938964844,0.0,183.38999938964844,182.44000244140625,183.3600006103516,0.0,1938200,0.001889408218438161,502681018.66975814
2025-08-29,179.4722900390625,0.0,183.22000122070312,0.0,183.67999267578125,182.63999938964844,183.1300048828125,0.0,2207400,0.0020006309002226106,500445593.99426174
2025-09-02,178.864990234375,0.0,182.6000061035156,0.0,182.6000061035156,181.07000732421875,182.1499938964844,0.0,5509900,0.0020006309002226106,502920866.5103125
2025-09-03,178.071533203125,0.0,181.7899932861328,0.0,182.38999938964844,180.83999633789065,182.0,0.0,3782600,0.002397232955920233,503544781.7167131
2025-09-04,179.3939208984375,0.0,183.13999938964844,0.0,183.13999938964844,181.5599975585937,182.0399932861328,0.0,2728500,0.0021601133958401714,503464465.0981358
2025-09-05,178.81602478027344,0.0,182.5500030517578,0.0,183.9199981689453,181.7100067138672,183.2700042724609,0.0,3457800,0.0022287330949235986,503234162.2613816
2025-09-08,178.58090209960938,0.0,182.3099975585937,0.0,182.4199981689453,181.22000122070312,182.4199981689453,0.0,2812600,0.0020765149733377435,503714348.626818
2025-09-09,178.7376251220703,0.0,182.47000122070312,0.0,182.8500061035156,181.9499969482422,182.1199951171875,0.0,2997600,0.0018763288629782052,503911445.0269063
2025-09-10,180.05023193359375,0.0,183.8099975585937,0.0,184.4100036621093,183.1100006103516,183.47000122070312,0.0,3547200,0.0017005438639138876,503770355.942378
2025-09-11,182.2541961669922,0.0,186.0599975585937,0.0,186.2400054931641,183.97000122070312,184.19000244140625,0.0,2607200,0.0017005438639138876,503777664.02696884
2025-09-12,181.1472930908203,0.0,184.92999267578125,0.0,186.08999633789065,184.8500061035156,185.8000030517578,0.0,1910200,0.001622594227297722,502483137.24580795
2025-09-15,180.794677734375,0.0,184.57000732421875,0.0,185.57000732421875,184.3600006103516,185.3999938964844,0.0,4148000,0.0016242588859280507,505633331.8792434
2025-09-16,180.5987548828125,0.0,184.3699951171875,0.0,185.1699981689453,183.9600067138672,184.9199981689453,0.0,2514600,0.0015803161019138593,506648239.42035496
2025-09-17,181.3824005126953,0.0,185.1699981689453,0.0,186.3699951171875,184.1100006103516,184.8000030517578,0.0,4373900,0.0016810888436721342,509680954.9439082
2025-09-18,182.0191192626953,0.0,185.82000732421875,0.0,186.2899932861328,185.0,185.3099975585937,0.0,2988800,0.001855573154565375,508690820.35000515
2025-09-19,181.88198852539065,0.0,185.67999267578125,0.0,186.13999938964844,185.0,186.1300048828125,0.0,2665200,0.0021221401924493752,509040574.5661902
2025-09-22,182.00930786132807,0.0,185.8099975585937,0.0,186.1300048828125,184.8999938964844,185.1600036621093,0.0,2671800,0.0024063936682542017,507355951.2797401
2025-09-23,182.4501037597656,0.0,186.259994506836,0.0,187.19000244140625,185.8699951171875,185.8699951171875,0.0,2667200,0.0021244307622263993,508831776.77112156
2025-09-24,182.09747314453125,0.0,185.8999938964844,0.0,186.63999938964844,185.69000244140625,186.259994506836,0.0,2400900,0.002206411006468412,509194556.4390273
2025-09-25,181.25506591796875,0.0,185.0399932861328,0.0,185.7899932861328,184.4900054931641,185.6199951171875,0.0,2839400,0.002206411006468412,510010851.03914773
2025-09-26,182.7537841796875,0.0,186.57000732421875,0.0,186.7700042724609,185.5200042724609,185.6699981689453,0.0,2483200,0.002010123388145574,511561294.27507186
2025-09-29,182.8847045898437,0.0,185.759994506836,0.943,186.1999969482422,185.07000732421875,186.1699981689453,0.0,3944900,0.002129332031168635,512903762.618631
2025-09-30,183.6034240722656,0.0,186.4900054931641,0.0,186.6000061035156,185.1199951171875,185.6499938964844,0.0,4248600,0.0023454092418444044,514248510.64665055
2025-10-01,183.9775238037109,0.0,186.8699951171875,0.0,187.1100006103516,185.75,186.13999938964844,0.0,2818400,0.0019414882324309637,511884880.62885827
2025-10-02,183.642807006836,0.0,186.52999877929688,0.0,187.0599975585937,185.8999938964844,186.57000732421875,0.0,2323000,0.0022181668163523604,510184577.7060494
2025-10-03,184.6273193359375,0.0,187.52999877929688,0.0,188.42999267578125,186.8500061035156,186.8800048828125,0.0,2008000,0.0019817360294957773,505495333.28369385
2025-10-06,184.430404663086,0.0,187.3300018310547,0.0,188.1499938964844,187.009994506836,188.08999633789065,0.0,2135200,0.002218826495839065,500108133.5307409
2025-10-07,184.26304626464844,0.0,187.1600036621093,0.0,187.8800048828125,186.6300048828125,187.6600036621093,0.0,2726900,0.002329411212247571,491654963.5697985
2025-10-08,184.1744384765625,0.0,187.07000732421875,0.0,187.6699981689453,186.4499969482422,187.47000122070312,0.0,2192300,0.0025336793831008276,487711003.6163451
2025-10-09,183.17022705078125,0.0,186.0500030517578,0.0,187.6699981689453,185.7400054931641,187.3300018310547,0.0,2215000,0.0027612777414233697,483413581.9351802
2025-10-10,180.03944396972656,0.0,182.8699951171875,0.0,186.9100036621093,182.8300018310547,186.7100067138672,0.0,4942300,0.0025555832902580513,480462119.56328136
2025-10-13,181.68359375,0.0,184.5399932861328,0.0,185.009994506836,183.6999969482422,183.8000030517578,0.0,2681600,0.0026897883142701848,479472279.094914
2025-10-14,183.24899291992188,0.0,186.1300048828125,0.0,186.9100036621093,183.2700042724609,183.5599975585937,0.0,3945400,0.002773882690952182,480127183.2105727
2025-10-15,183.7609405517578,0.0,186.6499938964844,0.0,187.9900054931641,185.1999969482422,186.9199981689453,0.0,3002600,0.002673109949193907,480902475.4460774
2025-10-16,181.8608245849609,0.0,184.72000122070312,0.0,187.08999633789065,184.1999969482422,186.97999572753903,0.0,5628500,0.0025981059546403536,485531694.47037226
2025-10-17,182.76657104492188,0.0,185.63999938964844,0.0,186.009994506836,184.6199951171875,184.88999938964844,0.0,3981200,0.0025240601694251864,487565799.7240581
2025-10-20,184.12521362304688,0.0,187.0200042724609,0.0,187.22999572753903,186.33999633789065,186.33999633789065,0.0,2164200,0.00223980669362036,485943649.4720459
2025-10-21,184.3221130371093,0.0,187.22000122070312,0.0,187.9900054931641,186.8500061035156,187.22000122070312,0.0,2139300,0.00223980669362036,485538234.261867
2025-10-22,183.7609405517578,0.0,186.6499938964844,0.0,187.4199981689453,185.92999267578125,187.4100036621093,0.0,3543300,0.0021578264493783473,486324661.78063285
2025-10-23,184.30242919921875,0.0,187.1999969482422,0.0,187.47000122070312,186.3500061035156,186.8800048828125,0.0,2512600,0.0023669183372405198,487546486.1681136
2025-10-24,185.2180328369141,0.0,188.1300048828125,0.0,188.63999938964844,188.0200042724609,188.3800048828125,0.0,2224100,0.002364672507590469,488109547.42890614
2025-10-27,185.8382568359375,0.0,188.759994506836,0.0,188.8500061035156,188.1499938964844,188.67999267578125,0.0,2383800,0.0022144101707675785,489435517.67808217
2025-10-28,184.58795166015625,0.0,187.4900054931641,0.0,188.58999633789065,187.3999938964844,188.58999633789065,0.0,4464800,0.00206266708106566,492759157.39512366
2025-10-29,183.1210021972656,0.0,186.0,0.0,187.4900054931641,185.4100036621093,187.07000732421875,0.0,5397800,0.0020497527418721464,496178734.9086822
2025-10-30,182.72720336914065,0.0,185.6000061035156,0.0,187.32000732421875,185.32000732421875,185.32000732421875,0.0,4441800,0.002236621343553679,499880686.3306197
2025-10-31,182.8847045898437,0.0,185.759994506836,0.0,186.22999572753903,184.72999572753903,185.0,0.0,3812200,0.002236621343553679,502580762.4766274
2025-11-03,182.0183258056641,0.0,184.8800048828125,0.0,185.75,183.47000122070312,185.5500030517578,0.0,4206900,0.0019995308772103914,505657410.6580704
2025-11-04,181.46701049804688,0.0,184.32000732421875,0.0,184.6600036621093,183.47999572753903,183.77999877929688,0.0,3065400,0.0020773909630004443,505569042.02408564
2025-11-05,182.34323120117188,0.0,185.2100067138672,0.0,185.82000732421875,184.2400054931641,184.4600067138672,0.0,2485800,0.0018731227921471878,505397871.2140401
2025-11-06,182.10693359375,0.0,184.97000122070312,0.0,185.7700042724609,184.52999877929688,185.0,0.0,3909300,0.0019247375310534709,507561133.31171674
2025-11-07,183.2785186767578,0.0,186.1600036621093,0.0,186.19000244140625,184.3500061035156,184.8000030517578,0.0,4826100,0.0021718537912873647,512035963.9236571
2025-11-10,184.0858154296875,0.0,186.97999572753903,0.0,187.27999877929688,185.58999633789065,186.5500030517578,0.0,4209800,0.002035984108644903,515074830.89060706
2025-11-11,185.6020050048828,0.0,188.5200042724609,0.0,188.759994506836,187.1300048828125,187.32000732421875,0.0,3207800,0.001885776725927653,516498650.6311568
2025-11-12,186.4978942871093,0.0,189.42999267578125,0.0,189.97000122070312,188.6100006103516,188.6999969482422,0.0,3236200,0.001885776725927653,517583826.0393052
2025-11-13,184.6273193359375,0.0,187.52999877929688,0.0,189.6000061035156,187.3300018310547,189.27999877929688,0.0,4890500,0.001742355843673177,521127713.3117555
2025-11-14,184.25320434570312,0.0,187.1499938964844,0.0,187.8999938964844,186.08999633789065,186.92999267578125,0.0,5027100,0.001535605125526596,526366920.25159806
2025-11-17,182.195541381836,0.0,185.0599975585937,0.0,187.4499969482422,184.5800018310547,186.9600067138672,0.0,6068000,0.0015823358084976445,532845816.85659015
2025-11-18,182.1758575439453,0.0,185.0399932861328,0.0,186.1000061035156,184.17999267578125,184.5599975585937,0.0,8845200,0.0017020755591608053,542215537.4746898
2025-11-19,181.7525177001953,0.0,184.6100006103516,0.0,185.3099975585937,183.88999938964844,184.8999938964844,0.0,4889500,0.001818644980631032,546188383.5257031
2025-11-20,180.05914306640625,0.0,182.88999938964844,0.0,186.72999572753903,182.8099975585937,186.0,0.0,8354600,0.0017726872221809926,555164510.0025843
2025-11-21,182.5401306152344,0.0,185.4100036621093,0.0,186.32000732421875,183.3099975585937,183.6499938964844,0.0,10862300,0.0024430074531485166,567634317.3388163
2025-11-24,182.4318389892578,0.0,185.3000030517578,0.0,186.22999572753903,184.6300048828125,185.67999267578125,0.0,6141000,0.002621698649860476,574257898.9666772
2025-11-25,185.1097412109375,0.0,188.0200042724609,0.0,188.27999877929688,186.0,186.1199951171875,0.0,4515200,0.002557364528886625,577165636.3644675
2025-11-26,186.30099487304688,0.0,189.22999572753903,0.0,189.8600006103516,188.0399932861328,188.2100067138672,0.0,2752000,0.002557364528886625,576983855.5053833
2025-11-28,187.5316467285156,0.0,190.47999572753903,0.0,190.72999572753903,189.3500061035156,189.42999267578125,0.0,1434100,0.0020938173432836953,575378822.0257472
2025-12-01,186.22222900390625,0.0,189.1499938964844,0.0,190.5500030517578,189.0399932861328,189.75,0.0,3074900,0.0023197279370662364,576536635.731143
2025-12-02,185.9268951416016,0.0,188.8500061035156,0.0,189.4100036621093,188.2700042724609,189.27999877929688,0.0,3097800,0.0023197279370662364,577489586.2547497
2025-12-03,187.63995361328125,0.0,190.58999633789065,0.0,190.72999572753903,189.0500030517578,189.22999572753903,0.0,3254200,0.0021312831348676772,578908929.9674988
2025-12-04,187.6202545166016,0.0,190.57000732421875,0.0,190.94000244140625,190.0200042724609,190.5,0.0,3497100,0.002147224151329599,581534944.8426383
2025-12-05,187.4135284423828,0.0,190.3600006103516,0.0,191.3800048828125,190.22000122070312,190.6199951171875,0.0,3212000,0.0019444278905183792,583204732.5732518
2025-12-08,186.5077667236328,0.0,189.44000244140625,0.0,190.5500030517578,189.1600036621093,190.4900054931641,0.0,2576400,0.0016973116302844854,584050315.8973572
2025-12-09,186.00564575195312,0.0,188.92999267578125,0.0,190.5,188.8699951171875,189.5399932861328,0.0,2601700,0.001991064513645489,585492217.2047086
2025-12-10,188.5949249267578,0.0,191.5599975585937,0.0,191.9199981689453,188.97999572753903,189.1600036621093,0.0,4802500,0.0022219174017119965,589823586.0735818
2025-12-11,190.1504821777344,0.0,193.13999938964844,0.0,193.259994506836,191.3800048828125,191.4199981689453,0.0,4244700,0.0022219174017119965,593108463.6958773
2025-12-12,189.5203857421875,0.0,192.5,0.0,193.77999877929688,192.0399932861328,193.6499938964844,0.0,5090600,0.002319443494275208,597855196.8486241
2025-12-15,190.2390899658203,0.0,193.22999572753903,0.0,193.72999572753903,192.509994506836,193.2400054931641,0.0,3627000,0.0025599526833181055,600032614.5590646
2025-12-16,188.3980255126953,0.0,191.3600006103516,0.0,193.2899932861328,190.8800048828125,193.19000244140625,0.0,4391900,0.0025132220003470573,604132554.5191326
2025-12-17,188.0140838623047,0.0,190.97000122070312,0.0,192.2100067138672,190.6600036621093,191.6100006103516,0.0,6098400,0.0025422613753147113,610913390.6737434
2025-12-18,187.90576171875,0.0,190.8600006103516,0.0,192.3699951171875,190.5,191.69000244140625,0.0,3957100,0.002778091818200836,614629134.6458071
2025-12-19,188.33897399902344,0.0,191.3000030517578,0.0,192.1100006103516,190.82000732421875,190.8500061035156,0.0,3546000,0.0028682303555335816,616523235.1467314
2025-12-22,189.7897491455078,0.0,191.77999877929688,0.986,191.94000244140625,190.6600036621093,190.88999938964844,0.0,2932900,0.002429569788223624,617688515.93043
2025-12-23,189.90850830078125,0.0,191.8999938964844,0.0,192.17999267578125,191.6100006103516,191.6100006103516,0.0,3045900,0.0021707096035270446,619122880.3716387
2025-12-24,190.86843872070312,0.0,192.8699951171875,0.0,193.1300048828125,191.9600067138672,192.1199951171875,0.0,2062800,0.0021707096035270446,617706609.3548608
2025-12-26,190.7793731689453,0.0,192.77999877929688,0.0,193.0,192.17999267578125,192.7899932861328,0.0,2264900,0.002332853631403051,617384297.872174
2025-12-29,190.59133911132807,0.0,192.58999633789065,0.0,193.02999877929688,192.27999877929688,192.6600036621093,0.0,3819100,0.002496539301873573,619391553.3960978
2025-12-30,190.3736267089844,0.0,192.3699951171875,0.0,192.759994506836,192.1999969482422,192.6199951171875,0.0,2172300,0.00233712649120054,617305955.2191113
2025-12-31,189.0079498291016,0.0,190.9900054931641,0.0,192.47999572753903,190.97999572753903,192.3600006103516,0.0,1976300,0.0023371264912005396,614921489.2317636
2026-01-02,190.80905151367188,0.0,192.8099975585937,0.0,193.02999877929688,190.47000122070312,191.509994506836,0.0,4845900,0.0025934444135247876,619955916.9779097
2026-01-05,192.6299591064453,0.0,194.6499938964844,0.0,195.13999938964844,193.0800018310547,193.2400054931641,0.0,5374000,0.002577503397062866,624486418.0520194
2026-01-06,194.25294494628903,0.0,196.2899932861328,0.0,196.5800018310547,194.5,194.5,0.0,3128400,0.0025010865606452607,626050282.0168389
2026-01-07,192.0065155029297,0.0,194.0200042724609,0.0,196.5200042724609,193.82000732421875,196.33999633789065,0.0,3568800,0.002900821888826169,628929919.6457878
2026-01-08,193.530517578125,0.0,195.5599975585937,0.0,196.009994506836,193.6199951171875,193.8000030517578,0.0,3561900,0.003044481336023373,631667263.1955343
2026-01-09,194.77745056152344,0.0,196.82000732421875,0.0,197.19000244140625,195.9900054931641,196.02999877929688,0.0,3306400,0.0028136284479568655,633688044.8338221
2026-01-12,194.8566131591797,0.0,196.8999938964844,0.0,197.0599975585937,195.5500030517578,196.0800018310547,0.0,4079300,0.0029908526614789784,637361376.9008455
2026-01-13,194.54981994628903,0.0,196.58999633789065,0.0,197.5,196.009994506836,197.3000030517578,0.0,10943400,0.0029948836846627374,650085424.7208731
2026-01-14,195.6285095214844,0.0,197.67999267578125,0.0,197.69000244140625,196.0800018310547,196.3000030517578,0.0,5011700,0.0030695328093267504,654454752.778468
2026-01-15,196.3509521484375,0.0,198.4100036621093,0.0,198.97999572753903,197.8699951171875,198.22999572753903,0.0,3806400,0.0030695328093267504,657456239.9562896
2026-01-16,196.3113555908203,0.0,198.3699951171875,0.0,198.97000122070312,198.0500030517578,198.4600067138672,0.0,3215600,0.0031223879050923,657874228.0851455
2026-01-20,193.69874572753903,0.0,195.72999572753903,0.0,197.3999938964844,195.3600006103516,196.47000122070312,0.0,4003800,0.002769988040735948,661140417.237963
2026-01-21,196.4004364013672,0.0,198.4600067138672,0.0,199.0200042724609,196.32000732421875,196.47000122070312,0.0,5389600,0.0027099632443631375,665797104.6456352
2026-01-22,196.71710205078125,0.0,198.77999877929688,0.0,199.6699981689453,198.3999938964844,198.9100036621093,0.0,3128800,0.0024783035807055707,666798022.7176121
2026-01-23,195.5394592285156,0.0,197.58999633789065,0.0,198.3300018310547,196.8600006103516,198.25,0.0,3054600,0.0024783035807055707,667104481.9218227
2026-01-26,196.2024841308593,0.0,198.259994506836,0.0,198.57000732421875,197.77999877929688,197.92999267578125,0.0,2590200,0.0025688925717173663,668065619.8410034
2026-01-27,196.15301513671875,0.0,198.2100067138672,0.0,198.3999938964844,197.42999267578125,197.8500061035156,0.0,2576800,0.0024743422803648494,668438210.5959696
2026-01-28,196.2321929931641,0.0,198.2899932861328,0.0,199.0800018310547,197.7899932861328,198.3500061035156,0.0,4272100,0.002310656609894328,670809551.5213134
2026-01-29,197.51870727539065,0.0,199.58999633789065,0.0,200.63999938964844,198.509994506836,199.5500030517578,0.0,6508200,0.00224415882678482,676522457.0404295
2026-01-30,197.67703247070312,0.0,199.75,0.0,199.9600067138672,197.9100036621093,199.1100006103516,0.0,3422000,0.0023812812620176774,674466209.1019161
2026-02-02,199.35939025878903,0.0,201.4499969482422,0.0,201.6199951171875,199.1000061035156,199.32000732421875,0.0,3497600,0.0021249633396934293,674709468.4782604
2026-02-03,200.36880493164065,0.0,202.47000122070312,0.0,203.1699981689453,200.9499969482422,201.3099975585937,0.0,4159900,0.0021249633396934293,677125400.0045413
2026-02-04,201.48709106445312,0.0,203.6000061035156,0.0,204.22999572753903,202.8699951171875,202.88999938964844,0.0,5395100,0.0021249633396934293,681290281.9315956
2026-02-05,200.34901428222656,0.0,202.4499969482422,0.0,203.58999633789065,202.0200042724609,202.94000244140625,0.0,6084400,0.0017252280115125213,686387998.3720447
2026-02-06,204.2481384277344,0.0,206.38999938964844,0.0,206.67999267578125,203.5200042724609,203.72000122070312,0.0,4101000,0.0012878156809543134,686353738.975319
2026-02-09,203.8819732666016,0.0,206.0200042724609,0.0,206.47999572753903,205.1000061035156,205.8000030517578,0.0,3665000,0.0014563351864420873,688225412.5597152
2026-02-10,203.6939392089844,0.0,205.8300018310547,0.0,206.67999267578125,205.6300048828125,205.9499969482422,0.0,3566400,0.0013692549930963093,690105458.0745031
2026-02-11,204.68356323242188,0.0,206.8300018310547,0.0,207.3300018310547,206.08999633789065,206.7899932861328,0.0,3929000,0.00137223896294993,693383304.0864612
2026-02-12,202.48660278320312,0.0,204.6100006103516,0.0,208.1999969482422,204.4900054931641,207.2400054931641,0.0,6175700,0.00117468988837637,699168229.2847891
2026-02-13,203.99082946777344,0.0,206.1300048828125,0.0,206.9900054931641,203.92999267578125,204.4900054931641,0.0,5513500,0.0014915683747334047,704870412.7617246
2026-02-17,203.71372985839844,0.0,205.8500061035156,0.0,207.3099975585937,204.72000122070312,206.2899932861328,0.0,5306300,0.0016583450176126083,710835582.3044792
2026-02-18,204.3965606689453,0.0,206.5399932861328,0.0,207.1100006103516,205.67999267578125,206.38999938964844,0.0,4134000,0.0018735444858407242,714875954.4519334
2026-02-19,203.9809112548828,0.0,206.1199951171875,0.0,206.6199951171875,205.2400054931641,206.13999938964844,0.0,4193700,0.0017489890800130186,717996699.1251143
2026-02-20,204.7330474853516,0.0,206.8800048828125,0.0,207.0,205.1699981689453,205.7400054931641,0.0,5302000,0.0020199643446401844,721120396.5239389
2026-02-23,203.1100616455078,0.0,205.2400054931641,0.0,207.6199951171875,204.6300048828125,206.3099975585937,0.0,4214400,0.0023219983196704603,724333155.5470421
2026-02-24,204.02052307128903,0.0,206.1600036621093,0.0,206.5200042724609,205.0200042724609,205.2100067138672,0.0,2972400,0.0024400769120697975,725269813.8397822
2026-02-25,204.5054168701172,0.0,206.6499938964844,0.0,207.0500030517578,205.3500061035156,206.6999969482422,0.0,3938700,0.002511575705674638,728689259.8598541
2026-02-26,204.7825164794922,0.0,206.92999267578125,0.0,207.8000030517578,205.8699951171875,206.7400054931641,0.0,4142800,0.002582962498156395,732707376.0424296
2026-02-27,205.10910034179688,0.0,207.259994506836,0.0,207.4499969482422,205.3099975585937,205.8999938964844,0.0,4492300,0.002811664136943191,737332786.2915523
2026-03-02,204.6637725830078,0.0,206.8099975585937,0.0,207.44000244140625,205.69000244140625,206.08999633789065,0.0,6601600,0.0030391902991601487,745351005.0353035
2026-03-03,202.150131225586,0.0,204.2700042724609,0.0,205.0800018310547,201.3999938964844,203.32000732421875,0.0,7609900,0.0030391902991601487,754478262.7719576
2026-03-04,202.8626708984375,0.0,204.9900054931641,0.0,205.4100036621093,203.3600006103516,204.7400054931641,0.0,4336700,0.0031580422792786673,753548678.5115802
2026-03-05,200.23025512695312,0.0,202.3300018310547,0.0,204.2700042724609,200.9900054931641,203.6699981689453,0.0,7300200,0.00325671729119444,759813842.4065242
2026-03-06,197.95413208007807,0.0,200.02999877929688,0.0,200.44000244140625,198.3600006103516,200.27999877929688,0.0,7044800,0.00325671729119444,767031888.8118078
2026-03-09,198.3895721435547,0.0,200.47000122070312,0.0,200.92999267578125,196.4199981689453,198.2899932861328,0.0,7184100,0.0035321726254889233,773452326.3928974
2026-03-10,197.8452606201172,0.0,199.9199981689453,0.0,202.07000732421875,199.3800048828125,200.19000244140625,0.0,5178400,0.003363653120001149,777599156.7054749
2026-03-11,197.32077026367188,0.0,199.38999938964844,0.0,199.97000122070312,198.47000122070312,199.4600067138672,0.0,5402300,0.0032735090998248146,781807033.8328043
2026-03-12,194.95556640625,0.0,197.0,0.0,198.6600036621093,196.94000244140625,197.8300018310547,0.0,5883300,0.0031652792307824786,785830837.6158215
2026-03-13,195.2227783203125,0.0,197.2700042724609,0.0,199.2100067138672,197.0399932861328,198.1000061035156,0.0,4442200,0.003376855342851789,788935735.9280783
2026-03-16,196.70721435546875,0.0,198.7700042724609,0.0,199.8300018310547,198.3699951171875,198.8699951171875,0.0,4327600,0.0033316786493399328,792959099.4080801
2026-03-17,197.2613983154297,0.0,199.3300018310547,0.0,200.47000122070312,199.22999572753903,200.0,0.0,3295600,0.0031300447654442135,792096524.5164417
2026-03-18,194.7081756591797,0.0,196.75,0.0,198.94000244140625,196.6699981689453,198.7700042724609,0.0,3862000,0.0029148452972160973,794447569.836111
2026-03-19,194.4310760498047,0.0,196.47000122070312,0.0,197.47999572753903,195.259994506836,195.509994506836,0.0,4146100,0.002846152832671735,794484627.1144443
2026-03-20,192.5013122558593,0.0,194.5200042724609,0.0,197.02999877929688,193.7100067138672,196.4900054931641,0.0,5144900,0.002712265737846638,798019604.3532598
2026-03-23,193.85708618164065,0.0,195.88999938964844,0.0,197.8800048828125,195.5500030517578,197.0399932861328,0.0,7200900,0.002863655549745698,805287143.8780649
2026-03-24,194.91598510742188,0.0,196.9600067138672,0.0,197.94000244140625,194.5200042724609,194.6600036621093,0.0,8978500,0.003094842782607965,815382050.77333
2026-03-25,195.5790405273437,0.0,197.6300048828125,0.0,198.6300048828125,196.72999572753903,198.2400054931641,0.0,6667900,0.0029557502524796345,821897800.3940401
2026-03-26,194.233154296875,0.0,196.2700042724609,0.0,198.02999877929688,196.1100006103516,196.8600006103516,0.0,3757500,0.002995158658381975,824208572.185371
2026-03-27,192.40118408203125,0.0,193.3500061035156,1.079,195.4600067138672,192.97000122070312,194.83999633789065,0.0,5907600,0.002766457019595179,829104063.7656924
2026-03-30,192.082748413086,0.0,193.02999877929688,0.0,195.259994506836,192.4100036621093,195.0,0.0,6393900,0.0028582073100807894,835222507.1546403
2026-03-31,195.23719787597656,0.0,196.1999969482422,0.0,196.5599975585937,193.6999969482422,194.6999969482422,0.0,8335900,0.003204893134321007,842386784.5532978
2026-04-01,195.70489501953125,0.0,196.6699981689453,0.0,197.4199981689453,196.44000244140625,196.67999267578125,0.0,6731300,0.0030860411542024888,846605223.6115229
2026-04-02,196.02333068847656,0.0,196.9900054931641,0.0,197.7899932861328,194.9600067138672,195.1100006103516,0.0,4437800,0.0030881598521791233,849363381.1681838
2026-04-06,196.869140625,0.0,197.83999633789065,0.0,197.8500061035156,196.52999877929688,196.8699951171875,0.0,3373800,0.003230051152600468,851221820.7910447
2026-04-07,196.6104278564453,0.0,197.5800018310547,0.0,197.83999633789065,196.5399932861328,197.44000244140625,0.0,3540400,0.0032806743030314176,853784931.9095672
2026-04-08,200.98883056640625,0.0,201.97999572753903,0.0,202.0500030517578,199.97000122070312,200.3500061035156,0.0,2777000,0.0032806743030314176,855062006.7367554
2026-04-09,201.95407104492188,0.0,202.9499969482422,0.0,203.47000122070312,201.17999267578125,201.17999267578125,0.0,1948700,0.0032806743030314176,854150276.9356985
2026-04-10,200.3221130371093,0.0,201.3099975585937,0.0,203.02999877929688,201.0399932861328,203.0200042724609,0.0,4634600,0.003641553511599743,858300100.2502078
2026-04-13,201.61573791503903,0.0,202.6100006103516,0.0,202.6499938964844,200.42999267578125,200.7400054931641,0.0,2845600,0.00354029218295551,859605229.3055822
2026-04-14,201.9640350341797,0.0,202.9600067138672,0.0,203.19000244140625,201.3000030517578,202.1199951171875,0.0,2026700,0.003361403289920052,855696821.9146245
2026-04-15,201.0485382080078,0.0,202.0399932861328,0.0,203.02999877929688,201.33999633789065,202.9100036621093,0.0,2166700,0.0035800299717576416,855243628.3230131
2026-04-16,201.5858917236328,0.0,202.5800018310547,0.0,202.8600006103516,201.72000122070312,201.72000122070312,0.0,2380300,0.003787928824165911,853242389.0935988
2026-04-17,203.2377471923828,0.0,204.2400054931641,0.0,205.0500030517578,202.8999938964844,203.009994506836,0.0,2224100,0.003787928824165911,852399650.3995017
2026-04-20,203.2476959228516,0.0,204.25,0.0,204.9499969482422,203.9199981689453,204.1499938964844,0.0,2603000,0.0037887193697217847,848367636.2973531
2026-04-21,201.97398376464844,0.0,202.97000122070312,0.0,205.1999969482422,202.6600036621093,204.8800048828125,0.0,2520300,0.0034536428697064248,846561884.9362934
2026-04-22,201.8744659423828,0.0,202.8699951171875,0.0,204.4100036621093,202.5200042724609,203.9199981689453,0.0,2108000,0.003302456037220268,846743640.9399487
2026-04-23,203.0984344482422,0.0,204.1000061035156,0.0,204.3600006103516,202.57000732421875,202.9900054931641,0.0,2671200,0.0037255257207376526,847891832.9057603
2026-04-24,202.53121948242188,0.0,203.52999877929688,0.0,204.7400054931641,203.25,204.4600067138672,0.0,1956500,0.00370878459362346,845803337.026699
2026-04-27,202.46157836914065,0.0,203.4600067138672,0.0,204.77999877929688,203.27999877929688,203.44000244140625,0.0,2003700,0.004054495184708324,845305829.9086071
2026-04-28,202.5013732910156,0.0,203.5,0.0,204.4900054931641,202.9600067138672,204.19000244140625,0.0,1975200,0.003789105218679219,845175141.4652749
2026-04-29,202.59092712402344,0.0,203.58999633789065,0.0,203.94000244140625,202.8800048828125,203.47999572753903,0.0,1829700,0.0035916933195306137,844560399.730307
2026-04-30,205.7652740478516,0.0,206.77999877929688,0.0,207.0200042724609,203.52999877929688,203.5500030517578,0.0,2816400,0.0035916933195306137,842538731.5718635
2026-05-01,204.93934631347656,0.0,205.9499969482422,0.0,207.5599975585937,205.9199981689453,207.0800018310547,0.0,2903300,0.0034908996096382067,839316063.5253543
2026-05-04,203.64572143554688,0.0,204.6499938964844,0.0,206.4600067138672,204.3999938964844,205.3999938964844,0.0,2761600,0.003349008309216861,837258629.5256237
2026-05-05,205.50656127929688,0.0,206.5200042724609,0.0,207.0200042724609,205.2899932861328,205.6999969482422,0.0,1955600,0.0033928933725890925,834843679.2819432
2026-05-06,206.91958618164065,0.0,207.94000244140625,0.0,208.3500061035156,207.1000061035156,207.6199951171875,0.0,2654600,0.0033928933725890925,833051820.8528912
2026-05-07,204.8995513916016,0.0,205.9100036621093,0.0,207.63999938964844,205.5,207.3500061035156,0.0,2620400,0.0033928933725890925,832849852.7826097
2026-05-08,206.0240020751953,0.0,207.0399932861328,0.0,207.47999572753903,206.4600067138672,206.8800048828125,0.0,2107300,0.0031669814905177485,832658585.664852
2026-05-11,207.22805786132807,0.0,208.25,0.0,208.5500030517578,207.6300048828125,208.2400054931641,0.0,2627200,0.002939057467959321,831261848.9523752
2026-05-12,207.48678588867188,0.0,208.509994506836,0.0,208.8699951171875,206.72999572753903,208.0399932861328,0.0,2439300,0.002955958729040455,828168131.7771912
2026-05-13,207.34747314453125,0.0,208.3699951171875,0.0,208.67999267578125,207.6199951171875,208.3300018310547,0.0,1928700,0.002714237159120613,825110471.6467842
2026-05-14,207.9843292236328,0.0,209.009994506836,0.0,209.72000122070312,208.7899932861328,208.9900054931641,0.0,2162700,0.002506338306712343,823898498.9913456
2026-05-15,205.65582275390625,0.0,206.6699981689453,0.0,208.3600006103516,206.57000732421875,208.0200042724609,0.0,2480100,0.002506338306712343,823101109.4688174
2026-05-18,206.36233520507807,0.0,207.3800048828125,0.0,207.6600036621093,206.2700042724609,207.0800018310547,0.0,2523300,0.0024713630107238197,819975446.828267
2026-05-19,206.0638122558593,0.0,207.0800018310547,0.0,208.1300048828125,205.9600067138672,206.6000061035156,0.0,2317300,0.002590479849307682,816317071.8594264
2026-05-20,207.35743713378903,0.0,208.3800048828125,0.0,208.63999938964844,206.9600067138672,207.6199951171875,0.0,2472400,0.002339049753422142,811493696.1363051
2026-05-21,207.99429321289065,0.0,209.0200042724609,0.0,209.1100006103516,206.5500030517578,207.6499938964844,0.0,1959000,0.002207637938463556,801753652.0073785
2026-05-22,209.86505126953125,0.0,210.8999938964844,0.0,211.4900054931641,209.8500061035156,209.9199981689453,0.0,1829600,0.0021135838671936507,797652160.1887174
2026-05-26,211.0890350341797,0.0,212.1300048828125,0.0,212.6499938964844,211.63999938964844,211.94000244140625,0.0,2675000,0.0017678732761087861,790028945.6979297
2026-05-27,210.83029174804688,0.0,211.8699951171875,0.0,212.8099975585937,211.4199981689453,212.8099975585937,0.0,2234900,0.0017635853097812248,777802986.7241875
2026-05-28,210.60142517089844,0.0,211.63999938964844,0.0,212.42999267578125,210.97000122070312,211.8300018310547,0.0,2082200,0.0017144555470274016,772269252.5018722
2026-05-29,210.81040954589844,0.0,211.8500061035156,0.0,212.5399932861328,211.6699981689453,212.259994506836,0.0,2211800,0.001805150129932452,769250378.8527353
2026-06-01,210.38250732421875,0.0,211.4199981689453,0.0,211.83999633789065,210.6000061035156,210.88999938964844,0.0,3162800,0.001805150129932452,770424332.9953269
2026-06-02,212.2234344482422,0.0,213.2700042724609,0.0,213.4900054931641,211.3999938964844,211.47000122070312,0.0,2321500,0.001805150129932452,772185753.257594
2026-06-03,212.25328063964844,0.0,213.3000030517578,0.0,213.97000122070312,212.7100067138672,213.0,0.0,2306700,0.0014351865818347893,771474656.4386035
2026-06-04,213.8852386474609,0.0,214.94000244140625,0.0,215.25,213.77999877929688,214.19000244140625,0.0,3147300,0.0014351865818347893,772200538.349527
2026-06-05,210.9795684814453,0.0,212.0200042724609,0.0,214.44000244140625,211.8099975585937,214.3000030517578,0.0,4028600,0.0014759201962903177,774057092.5013467
2026-06-08,211.51690673828125,0.0,212.5599975585937,0.0,214.08999633789065,212.3699951171875,213.4100036621093,0.0,2319100,0.001631837133394523,772680152.1658276
2026-06-09,212.6413726806641,0.0,213.69000244140625,0.0,214.3800048828125,210.72999572753903,213.759994506836,0.0,4498500,0.0018491375078432855,775456724.8167976
2026-06-10,210.5019073486328,0.0,211.5399932861328,0.0,214.4600067138672,211.4600067138672,213.6100006103516,0.0,2549600,0.0023026363802584374,775863622.7897522
2026-06-11,214.0245513916016,0.0,215.0800018310547,0.0,215.8999938964844,212.6100006103516,212.92999267578125,0.0,3420700,0.0027727100369255055,777801598.9827595
2026-06-12,216.02468872070312,0.0,217.08999633789065,0.0,217.6199951171875,215.2899932861328,215.759994506836,0.0,2952400,0.0027727100369255055,775587072.1328614
2026-06-15,217.16905212402344,0.0,218.2400054931641,0.0,219.0399932861328,217.92999267578125,218.5399932861328,0.0,3129600,0.0027727100369255055,774501219.4803389
2026-06-16,216.96006774902344,0.0,218.02999877929688,0.0,219.92999267578125,217.9100036621093,219.0599975585937,0.0,2462800,0.0028274782083530345,770985535.2025107
2026-06-17,215.0295867919922,0.0,216.08999633789065,0.0,218.97000122070312,215.5800018310547,218.1100006103516,0.0,5301400,0.0025900140828551952,774515172.5999862
2026-06-18,215.4375762939453,0.0,216.5,0.0,218.4100036621093,216.32000732421875,218.02999877929688,0.0,2165800,0.00288233165355905,771566456.0390291
2026-06-22,217.5770263671875,0.0,218.6499938964844,0.0,218.9199981689453,217.27999877929688,217.44000244140625,0.0,2185600,0.002905462162449018,766116217.7153451
2026-06-23,216.36300659179688,0.0,217.42999267578125,0.0,218.1499938964844,215.8500061035156,216.9199981689453,0.0,2421900,0.003046310925762387,764301468.4363471
2026-06-24,216.5222320556641,0.0,217.58999633789065,0.0,218.4199981689453,216.6499938964844,217.77999877929688,0.0,2621400,0.00323052647867925,763444647.8457012
2026-06-25,219.4080047607422,0.0,220.4900054931641,0.0,222.1600036621093,219.8699951171875,220.27999877929688,0.0,3180300,0.003043805523100492,764545860.5921307
2026-06-26,218.38999938964844,0.0,218.38999938964844,1.082,219.6999969482422,218.1000061035156,218.67999267578125,0.0,2367500,0.002943661360762702,764010385.4504298
2026-06-29,218.6300048828125,0.0,218.6300048828125,0.0,218.8300018310547,216.9900054931641,218.8300018310547,0.0,3764300,0.0028529667778576513,767384486.2556094
2026-06-30,217.92999267578125,0.0,217.92999267578125,0.0,218.7899932861328,217.72000122070312,218.6699981689453,0.0,4504900,0.0030123060089151475,771710878.3569578
2026-07-01,217.3800048828125,0.0,217.3800048828125,0.0,218.67999267578125,216.69000244140625,217.1600036621093,0.0,3459500,0.003100267763637281,771841875.7528154
2026-07-02,219.1699981689453,0.0,219.1699981689453,0.0,219.6000061035156,217.4199981689453,218.92999267578125,0.0,4787800,0.0031455573720507737,776853437.4737694
2026-07-06,219.44000244140625,0.0,219.44000244140625,0.0,220.13999938964844,218.7700042724609,219.69000244140625,0.0,2619100,0.0031455573720507737,778419165.7478817
2026-07-07,219.57000732421875,0.0,219.57000732421875,0.0,220.6999969482422,219.0399932861328,220.22999572753903,0.0,2162100,0.0032271386491055606,774771501.8246
2026-07-08,217.63999938964844,0.0,217.63999938964844,0.0,218.9600067138672,217.42999267578125,218.5399932861328,0.0,3329200,0.0029362543855043733,772220057.5291104
2026-07-09,218.5599975585937,0.0,218.5599975585937,0.0,219.4900054931641,218.1100006103516,218.1100006103516,0.0,3110800,0.0029790032268879846,772742460.9053718
2026-07-10,219.1999969482422,0.0,219.1999969482422,0.0,219.47999572753903,218.13999938964844,218.8699951171875,0.0,3070200,0.0027156314496751027,772588248.5195221
2026-07-13,219.3600006103516,0.0,219.3600006103516,0.0,220.07000732421875,218.75,219.2899932861328,0.0,3796500,0.0021018757007104385,773669479.3688335
2026-07-14,218.6000061035156,0.0,218.6000061035156,0.0,220.25,218.4199981689453,219.42999267578125,0.0,3256700,0.0023363959386814037,774154788.6359805
2026-07-15,217.4900054931641,0.0,217.4900054931641,0.0,219.0500030517578,216.8999938964844,218.7400054931641,0.0,3224300,0.0023363959386814037,773345573.3947875
2026-07-16,218.8600006103516,0.0,218.8600006103516,0.0,218.9100036621093,217.5,217.69000244140625,0.0,2308000,0.002411495015803305,760280223.5176814
2026-07-17,217.9199981689453,0.0,217.9199981689453,0.0,220.44000244140625,217.8800048828125,218.2700042724609,0.0,2970700,0.002411495015803305,757555319.7023422
2026-07-20,216.9499969482422,0.0,216.9499969482422,0.0,218.83999633789065,216.6100006103516,218.47999572753903,0.0,4635900,0.0020819395571977485,759543658.2175239
2026-07-21,218.6300048828125,0.0,218.6300048828125,0.0,218.92999267578125,216.8699951171875,217.57000732421875,0.0,2744000,0.0021636865881210442,759242405.6548225
2026-07-22,219.33999633789065,0.0,219.33999633789065,0.0,220.1999969482422,218.9100036621093,219.25,0.0,1936000,0.0020228378248076757,756393028.4803481
2026-07-23,219.8600006103516,0.0,219.8600006103516,0.0,220.3600006103516,218.8000030517578,218.9600067138672,0.0,2376300,0.002093900998848217,752050435.3634062
2026-07-24,221.0200042724609,0.0,221.0200042724609,0.0,221.6600036621093,219.8000030517578,219.8000030517578,0.0,2673300,0.002093900998848217,751803688.674842
2026-07-27,221.72000122070312,0.0,221.72000122070312,0.0,222.6600036621093,220.83999633789065,221.77999877929688,0.0,4116200,0.002093900998848217,754256747.9304843
2026-07-28,222.9900054931641,0.0,222.9900054931641,0.0,223.5800018310547,222.1300048828125,222.3699951171875,0.0,3608600,0.002093900998848217,756567451.8673972
2026-07-29,219.8000030517578,0.0,219.8000030517578,0.0,223.3000030517578,219.75,222.75,0.0,4348700,0.001936655310239199,760099965.5814519
2026-07-30,220.5399932861328,0.0,220.5399932861328,0.0,220.6999969482422,218.1499938964844,219.57000732421875,0.0,2545500,0.0018486935555170655,757832266.1575801
2026-07-31,219.9499969482422,0.0,219.9499969482422,0.0,221.1600036621093,218.72999572753903,220.7899932861328,0.0,2280200,0.002084842409621596,751503364.3232558
2026-08-03,221.0,0.0,221.0,0.0,221.22000122070312,219.9900054931641,220.42999267578125,0.0,3074900,0.002234188792571117,751471684.9581764
2026-08-04,223.8699951171875,0.0,223.8699951171875,0.0,224.1999969482422,220.82000732421875,221.4900054931641,0.0,3248700,0.002111873901060802,751651803.5598513
2026-08-05,223.9900054931641,0.0,223.9900054931641,0.0,225.0,223.42999267578125,224.5200042724609,0.0,2272300,0.002111873901060802,749006704.602741
2026-08-06,223.3699951171875,0.0,223.3699951171875,0.0,225.0599975585937,222.94000244140625,225.0599975585937,0.0,2721000,0.0021305141320822063,745112636.0613505
2026-08-07,224.3099975585937,0.0,224.3099975585937,0.0,224.4199981689453,222.6000061035156,223.25,0.0,1735800,0.0020110871022652205,738426687.905242
2026-08-10,225.0200042724609,0.0,225.0200042724609,0.0,225.3099975585937,223.9100036621093,223.9199981689453,0.0,2840200,0.0020110871022652205,736781421.4658586
2026-08-11,225.3500061035156,0.0,225.3500061035156,0.0,226.0500030517578,224.75,224.77999877929688,0.0,2389400,0.0017765668642942556,735062278.5208203
2026-08-12,226.2899932861328,0.0,226.2899932861328,0.0,226.6199951171875,225.22000122070312,225.8300018310547,0.0,3167600,0.0017982542123397885,734925167.9192559
2026-08-13,227.0500030517578,0.0,227.0500030517578,0.0,227.5399932861328,226.4499969482422,226.72000122070312,0.0,2239100,0.0015654835444209396,732510505.892581
2026-08-14,227.509994506836,0.0,227.509994506836,0.0,227.69000244140625,227.0,227.4100036621093,0.0,2027800,0.0015920044081331793,726143321.6552129
2026-08-17,226.69000244140625,0.0,226.69000244140625,0.0,227.8600006103516,226.6100006103516,227.1000061035156,0.0,2460700,0.0016863669111173356,721550609.8066906
2026-08-18,226.32000732421875,0.0,226.32000732421875,0.0,227.4199981689453,226.2899932861328,226.9600067138672,0.0,2187300,0.0013510323722946275,716810354.7640967
2026-08-19,226.9499969482422,0.0,226.9499969482422,0.0,228.57000732421875,226.75,227.7100067138672,0.0,7409500,0.0015067431209719857,723379796.5906295
2026-08-20,225.19000244140625,0.0,225.19000244140625,0.0,227.17999267578125,225.08999633789065,225.9199981689453,0.0,1907800,0.001251464394014581,719929098.6790006
2026-08-21,226.3999938964844,0.0,226.3999938964844,0.0,226.8300018310547,226.07000732421875,226.2700042724609,0.0,1935200,0.001323282754821674,714700935.8401102
2026-08-24,226.6999969482422,0.0,226.6999969482422,0.0,226.8300018310547,225.8699951171875,226.3000030517578,0.0,1771500,0.0014641812234203113,711023440.3277564
2026-08-25,226.7899932861328,0.0,226.7899932861328,0.0,227.02999877929688,225.9199981689453,227.02999877929688,0.0,2258300,0.00162822130095829,710224788.3194454
2026-08-26,226.8300018310547,0.0,226.8300018310547,0.0,227.33999633789065,226.1499938964844,226.27999877929688,0.0,2071900,0.0017366007162146094,707494921.2546333
2026-08-27,225.4499969482422,0.0,225.4499969482422,0.0,226.13999938964844,224.9100036621093,226.13999938964844,0.0,1769400,0.0017366007162146094,703857156.5795777
2026-08-28,225.2899932861328,0.0,225.2899932861328,0.0,226.0599975585937,224.8000030517578,225.8000030517578,0.0,1868400,0.0016804317765032589,699808408.5647583
2026-08-31,224.8500061035156,0.0,224.8500061035156,0.0,225.1199951171875,224.33999633789065,224.75,0.0,2073000,0.001531085393553738,692672195.7295978
2026-09-01,223.9600067138672,0.0,223.9600067138672,0.0,225.4499969482422,223.5200042724609,224.8000030517578,0.0,2382900,0.0016124638027636556,684570608.3842444
2026-09-02,225.4100036621093,0.0,225.4100036621093,0.0,225.69000244140625,224.32000732421875,224.47999572753903,0.0,1846900,0.0018470429089877353,680819255.8361598
2026-09-03,227.0200042724609,0.0,227.0200042724609,0.0,227.0599975585937,225.22000122070312,226.13999938964844,0.0,2020300,0.0015683534621339576,672736708.4969898
2026-09-04,226.4600067138672,0.0,226.4600067138672,0.0,226.9600067138672,225.6999969482422,225.8000030517578,0.0,1756500,0.0015957357544187016,664709769.341375
2026-09-08,224.63999938964844,0.0,224.63999938964844,0.0,226.1000061035156,224.5,225.72000122070312,0.0,2026200,0.0015957357544187016,656892063.23815
2026-09-09,223.9199981689453,0.0,223.9199981689453,0.0,224.6600036621093,223.7100067138672,224.3600006103516,0.0,2067200,0.0015957357544187016,652349378.3309815
2026-09-10,222.3600006103516,0.0,222.3600006103516,0.0,223.6000061035156,222.13999938964844,223.22000122070312,0.0,1812100,0.0015740484063731686,646998378.0405318
2026-09-11,223.97000122070312,0.0,223.97000122070312,0.0,224.52999877929688,223.2899932861328,224.22999572753903,0.0,2420500,0.0018205509727616184,642102420.0084262
2026-09-14,222.88999938964844,0.0,222.88999938964844,0.0,223.8099975585937,222.4900054931641,223.4100036621093,0.0,2370800,0.0017940301090493787,639341426.3383775
2026-09-15,222.6999969482422,0.0,222.6999969482422,0.0,223.0500030517578,221.97999572753903,222.88999938964844,0.0,1891200,0.001699667606065223,635857086.3680521
2026-09-16,220.63999938964844,0.0,220.63999938964844,0.0,222.88999938964844,219.47000122070312,222.759994506836,0.0,2834800,0.0016400194113108436,635607549.1953169
2026-09-17,221.77999877929688,0.0,221.77999877929688,0.0,222.509994506836,221.1300048828125,222.259994506836,0.0,1966900,0.001630336594566741,633039061.7318169
2026-09-18,221.25,0.0,221.25,0.0,221.44000244140625,220.509994506836,221.1000061035156,0.0,2475200,0.0016326486866357348,630920440.5249822
2026-09-21,221.94000244140625,0.0,221.94000244140625,0.0,222.58999633789065,221.13999938964844,222.0200042724609,0.0,2854600,0.0015608303258286419,628005868.7867906
2026-09-23,220.6100006103516,0.0,220.6100006103516,0.0,222.134994506836,220.42999267578125,221.2899932861328,0.0,2519321,0.001462448089701801,621221766.4910982
