Date,Adj Close,Capital Gains,Close,Dividends,High,Low,Open,Stock Splits,Volume
2006-12-19,23.48567771911621,0.0,60.63999938964844,0.0,60.63999938964844,60.099998474121094,60.099998474121094,0.0,51100
2006-12-20,23.53215980529785,0.0,60.7599983215332,0.0,60.970001220703125,60.7400016784668,60.900001525878906,0.0,110100
2006-12-21,23.559268951416016,0.0,60.83000183105469,0.0,61.029998779296875,60.77000045776367,60.95000076293945,0.0,353800
2006-12-22,23.7800350189209,0.0,61.400001525878906,0.0,61.720001220703125,61.20000076293945,61.68000030517578,0.0,169800
2006-12-26,23.85747528076172,0.0,61.599998474121094,0.0,61.61000061035156,61.349998474121094,61.349998474121094,0.0,182700
2006-12-27,24.03176498413086,0.0,62.04999923706055,0.0,62.349998474121094,62.04999923706055,62.06999969482422,0.0,119400
2006-12-28,24.376466751098633,0.0,62.939998626708984,0.0,63.02000045776367,62.75,63.0,0.0,196200
2006-12-29,24.500394821166992,0.0,63.2599983215332,0.0,63.2599983215332,63.15999984741211,63.20000076293945,0.0,102900
2007-01-03,24.477170944213867,0.0,63.20000076293945,0.0,64.0,63.13999938964844,64.0,0.0,264900
2007-01-04,24.29513931274414,0.0,62.72999954223633,0.0,63.0,62.61000061035156,63.0,0.0,235100
2007-01-05,23.9930477142334,0.0,61.95000076293945,0.0,62.25,61.70000076293945,62.25,0.0,165300
2007-01-08,23.911712646484375,0.0,61.7400016784668,0.0,61.75,61.38999938964844,61.45000076293945,0.0,149500
2007-01-09,23.950441360473633,0.0,61.84000015258789,0.0,62.13999938964844,61.459999084472656,62.060001373291016,0.0,148900
2007-01-10,23.814882278442383,0.0,61.4900016784668,0.0,61.70000076293945,61.099998474121094,61.29999923706055,0.0,167900
2007-01-11,23.892351150512695,0.0,61.689998626708984,0.0,62.599998474121094,61.20000076293945,61.439998626708984,0.0,108800
2007-01-12,24.05113983154297,0.0,62.099998474121094,0.0,62.130001068115234,61.65999984741211,61.75,0.0,37400
2007-01-16,24.11310386657715,0.0,62.2599983215332,0.0,62.29999923706055,62.099998474121094,62.29999923706055,0.0,131800
2007-01-17,24.283510208129883,0.0,62.70000076293945,0.0,62.720001220703125,62.54999923706055,62.61000061035156,0.0,222700
2007-01-18,24.25640296936035,0.0,62.630001068115234,0.0,62.95000076293945,62.5,62.95000076293945,0.0,201900
2007-01-19,24.492656707763672,0.0,63.2400016784668,0.0,63.31999969482422,62.84000015258789,62.939998626708984,0.0,193500
2007-01-22,24.744400024414062,0.0,63.88999938964844,0.0,64.0,63.86000061035156,63.95000076293945,0.0,89200
2007-01-23,24.930295944213867,0.0,64.37000274658203,0.0,64.4800033569336,64.08999633789062,64.18000030517578,0.0,368500
2007-01-24,24.953529357910156,0.0,64.43000030517578,0.0,64.43000030517578,64.29000091552734,64.4000015258789,0.0,299400
2007-01-25,24.806365966796875,0.0,64.05000305175781,0.0,64.3499984741211,64.05000305175781,64.3499984741211,0.0,280900
2007-01-26,24.651447296142578,0.0,63.650001525878906,0.0,63.65999984741211,62.68000030517578,63.65999984741211,0.0,128100
2007-01-29,24.802490234375,0.0,64.04000091552734,0.0,64.3499984741211,63.900001525878906,64.30000305175781,0.0,125900
2007-01-30,24.903186798095703,0.0,64.30000305175781,0.0,64.30000305175781,63.900001525878906,64.1500015258789,0.0,246600
2007-01-31,24.903186798095703,0.0,64.30000305175781,0.0,64.30000305175781,63.79999923706055,63.84000015258789,0.0,152600
2007-02-01,25.1859188079834,0.0,65.02999877929688,0.0,65.0999984741211,64.88999938964844,65.05000305175781,0.0,178600
2007-02-02,25.464765548706055,0.0,65.75,0.0,65.83999633789062,65.4000015258789,65.5,0.0,270900
2007-02-05,25.5422306060791,0.0,65.94999694824219,0.0,65.9800033569336,65.55999755859375,65.55999755859375,0.0,380700
2007-02-06,25.80557632446289,0.0,66.62999725341797,0.0,66.66000366210938,66.3499984741211,66.4000015258789,0.0,242100
2007-02-07,25.9101619720459,0.0,66.9000015258789,0.0,67.01000213623047,66.80000305175781,66.8499984741211,0.0,297400
2007-02-08,25.894681930541992,0.0,66.86000061035156,0.0,66.9000015258789,66.54000091552734,66.69000244140625,0.0,162600
2007-02-09,25.9101619720459,0.0,66.9000015258789,0.0,67.05000305175781,66.5,66.5199966430664,0.0,243600
2007-02-12,25.6971492767334,0.0,66.3499984741211,0.0,66.61000061035156,66.05999755859375,66.5999984741211,0.0,190000
2007-02-13,25.906286239624023,0.0,66.88999938964844,0.0,68.5,66.19999694824219,66.19999694824219,0.0,115100
2007-02-14,26.3361873626709,0.0,68.0,0.0,68.1500015258789,67.29000091552734,67.29000091552734,0.0,258700
2007-02-15,26.41364288330078,0.0,68.19999694824219,0.0,68.19999694824219,68.0,68.19000244140625,0.0,132800
2007-02-16,26.39427947998047,0.0,68.1500015258789,0.0,68.26000213623047,68.02999877929688,68.25,0.0,397400
2007-02-20,26.444631576538086,0.0,68.27999877929688,0.0,68.55000305175781,68.0,68.1500015258789,0.0,168800
2007-02-21,26.52984046936035,0.0,68.5,0.0,68.5999984741211,66.37999725341797,66.61000061035156,0.0,181700
2007-02-22,26.696369171142578,0.0,68.93000030517578,0.0,68.94999694824219,68.5999984741211,68.9000015258789,0.0,156800
2007-02-23,26.8784122467041,0.0,69.4000015258789,0.0,69.4000015258789,69.0,69.26000213623047,0.0,194700
2007-02-26,26.661523818969727,0.0,68.83999633789062,0.0,69.0999984741211,68.69999694824219,69.0,0.0,180900
2007-02-27,25.67778968811035,0.0,66.30000305175781,0.0,68.69999694824219,64.9800033569336,67.9000015258789,0.0,293600
2007-02-28,25.53449058532715,0.0,65.93000030517578,0.0,66.1500015258789,65.5999984741211,65.8499984741211,0.0,108300
2007-03-01,25.224632263183594,0.0,65.12999725341797,0.0,65.69999694824219,63.0,64.54000091552734,0.0,178700
2007-03-02,24.748268127441406,0.0,63.900001525878906,0.0,64.94999694824219,63.5,64.58999633789062,0.0,168500
2007-03-05,24.18281364440918,0.0,62.439998626708984,0.0,62.939998626708984,60.79999923706055,61.5099983215332,0.0,216600
2007-03-06,24.864459991455078,0.0,64.19999694824219,0.0,64.25,63.45000076293945,63.79999923706055,0.0,167600
2007-03-07,25.158803939819336,0.0,64.95999908447266,0.0,65.19999694824219,63.11000061035156,64.44999694824219,0.0,115800
2007-03-08,25.251752853393555,0.0,65.19999694824219,0.0,65.30000305175781,64.94999694824219,65.0999984741211,0.0,146000
2007-03-09,25.53449058532715,0.0,65.93000030517578,0.0,65.94999694824219,65.55000305175781,65.83999633789062,0.0,98700
2007-03-12,25.71651268005371,0.0,66.4000015258789,0.0,66.43000030517578,66.11000061035156,66.30000305175781,0.0,94100
2007-03-13,25.224632263183594,0.0,65.12999725341797,0.0,66.3499984741211,65.0,66.23999786376953,0.0,110500
2007-03-14,24.728904724121094,0.0,63.849998474121094,0.0,65.0,63.099998474121094,63.5,0.0,140900
2007-03-15,25.01938247680664,0.0,64.5999984741211,0.0,65.0,64.25,64.4000015258789,0.0,69700
2007-03-16,24.93269920349121,0.0,64.1500015258789,0.227,64.5,63.900001525878906,64.30000305175781,0.0,72500
2007-03-19,25.418540954589844,0.0,65.4000015258789,0.0,65.5199966430664,65.0,65.51000213623047,0.0,86000
2007-03-20,25.803306579589844,0.0,66.38999938964844,0.0,66.4000015258789,65.94999694824219,66.0999984741211,0.0,104200
2007-03-21,26.39020347595215,0.0,67.9000015258789,0.0,67.9000015258789,66.3499984741211,66.6500015258789,0.0,294400
2007-03-22,26.234724044799805,0.0,67.5,0.0,67.80000305175781,67.23999786376953,67.75,0.0,101400
2007-03-23,26.22306251525879,0.0,67.47000122070312,0.0,67.5999984741211,67.0,67.25,0.0,321000
2007-03-26,26.1336727142334,0.0,67.23999786376953,0.0,67.2699966430664,66.80000305175781,67.25,0.0,86300
2007-03-27,25.962661743164062,0.0,66.80000305175781,0.0,66.80000305175781,66.44999694824219,66.69000244140625,0.0,102500
2007-03-28,25.768341064453125,0.0,66.30000305175781,0.0,66.4000015258789,66.0,66.0,0.0,97800
2007-03-29,25.982099533081055,0.0,66.8499984741211,0.0,67.05000305175781,66.5,67.0,0.0,231000
2007-03-30,26.312469482421875,0.0,67.69999694824219,0.0,67.75,67.0,67.0,0.0,139700
2007-04-02,26.45237159729004,0.0,68.05999755859375,0.0,68.05999755859375,67.4000015258789,67.75,0.0,62800
2007-04-03,26.603954315185547,0.0,68.44999694824219,0.0,68.5,67.9000015258789,68.05999755859375,0.0,153000
2007-04-04,26.58064079284668,0.0,68.38999938964844,0.0,69.0,68.0,68.4000015258789,0.0,80700
2007-04-05,26.697235107421875,0.0,68.69000244140625,0.0,68.69999694824219,68.0999984741211,68.19000244140625,0.0,98800
2007-04-09,26.701112747192383,0.0,68.69999694824219,0.0,68.94999694824219,68.69999694824219,68.9000015258789,0.0,120400
2007-04-10,26.864347457885742,0.0,69.12000274658203,0.0,69.25,68.7699966430664,68.7699966430664,0.0,124300
2007-04-11,26.565080642700195,0.0,68.3499984741211,0.0,69.12999725341797,68.2300033569336,69.12000274658203,0.0,294700
2007-04-12,26.712778091430664,0.0,68.7300033569336,0.0,68.80000305175781,68.0,68.11000061035156,0.0,203600
2007-04-13,26.623382568359375,0.0,68.5,0.0,69.41000366210938,67.94999694824219,68.27999877929688,0.0,210000
2007-04-16,27.043136596679688,0.0,69.58000183105469,0.0,69.66000366210938,69.12999725341797,69.25,0.0,196000
2007-04-17,26.895442962646484,0.0,69.19999694824219,0.0,69.3499984741211,69.0,69.19999694824219,0.0,106000
2007-04-18,26.84880828857422,0.0,69.08000183105469,0.0,69.1500015258789,68.77999877929688,68.81999969482422,0.0,371300
2007-04-19,26.747756958007812,0.0,68.81999969482422,0.0,68.83000183105469,68.30000305175781,68.48999786376953,0.0,279100
2007-04-20,26.914892196655273,0.0,69.25,0.0,69.25,68.98999786376953,68.98999786376953,0.0,416900
2007-04-23,26.856584548950195,0.0,69.0999984741211,0.0,69.19999694824219,68.9000015258789,69.19000244140625,0.0,100400
2007-04-24,26.662256240844727,0.0,68.5999984741211,0.0,68.75,68.30000305175781,68.73999786376953,0.0,324500
2007-04-25,26.907119750976562,0.0,69.2300033569336,0.0,69.31999969482422,68.5999984741211,68.5999984741211,0.0,133200
2007-04-26,26.75941276550293,0.0,68.8499984741211,0.0,69.19999694824219,68.5999984741211,69.19999694824219,0.0,99000
2007-04-27,26.739980697631836,0.0,68.80000305175781,0.0,68.8499984741211,68.5,68.75,0.0,99500
2007-04-30,26.681692123413086,0.0,68.6500015258789,0.0,69.0,68.5,68.80000305175781,0.0,126100
2007-05-01,26.59229850769043,0.0,68.41999816894531,0.0,68.75,67.75,68.75,0.0,82000
2007-05-02,27.128658294677734,0.0,69.80000305175781,0.0,69.80000305175781,68.80000305175781,68.80000305175781,0.0,208200
2007-05-03,27.20638656616211,0.0,70.0,0.0,70.0999984741211,69.62000274658203,69.80000305175781,0.0,266400
2007-05-04,27.377389907836914,0.0,70.44000244140625,0.0,70.69000244140625,70.0999984741211,70.25,0.0,210000
2007-05-07,27.521196365356445,0.0,70.80999755859375,0.0,71.12000274658203,70.44999694824219,70.9000015258789,0.0,277100
2007-05-08,27.18695640563965,0.0,69.94999694824219,0.0,70.55000305175781,69.80000305175781,70.5,0.0,160900
2007-05-09,27.218046188354492,0.0,70.02999877929688,0.0,70.19999694824219,69.86000061035156,70.1500015258789,0.0,425900
2007-05-10,27.012054443359375,0.0,69.5,0.0,70.6500015258789,69.5,70.5999984741211,0.0,145000
2007-05-11,27.392929077148438,0.0,70.4800033569336,0.0,70.88999938964844,69.51000213623047,69.51000213623047,0.0,149800
2007-05-14,27.28411293029785,0.0,70.19999694824219,0.0,70.4000015258789,69.69999694824219,70.4000015258789,0.0,138000
2007-05-15,27.361841201782227,0.0,70.4000015258789,0.0,70.5,69.93000030517578,70.19999694824219,0.0,123200
2007-05-16,27.163625717163086,0.0,69.88999938964844,0.0,70.05000305175781,69.23999786376953,70.0,0.0,145500
2007-05-17,26.922658920288086,0.0,69.2699966430664,0.0,69.43000030517578,68.98999786376953,69.23999786376953,0.0,128100
2007-05-18,26.817707061767578,0.0,69.0,0.0,69.30000305175781,69.0,69.25,0.0,131900
2007-05-21,26.78273582458496,0.0,68.91000366210938,0.0,69.0,68.75,68.98999786376953,0.0,322500
2007-05-22,26.79827880859375,0.0,68.94999694824219,0.0,69.0999984741211,68.75,68.98999786376953,0.0,288700
2007-05-23,26.852703094482422,0.0,69.08999633789062,0.0,69.44999694824219,68.8499984741211,69.38999938964844,0.0,146900
2007-05-24,26.522335052490234,0.0,68.23999786376953,0.0,69.0999984741211,67.95999908447266,69.0999984741211,0.0,82700
2007-05-25,26.530107498168945,0.0,68.26000213623047,0.0,68.3499984741211,67.80000305175781,68.30000305175781,0.0,103500
2007-05-29,26.514556884765625,0.0,68.22000122070312,0.0,68.44999694824219,68.01000213623047,68.4000015258789,0.0,150400
2007-05-30,26.681692123413086,0.0,68.6500015258789,0.0,68.6500015258789,67.69999694824219,68.19999694824219,0.0,131700
2007-05-31,27.163625717163086,0.0,69.88999938964844,0.0,70.13999938964844,69.69999694824219,69.9000015258789,0.0,218100
2007-06-01,27.2452449798584,0.0,70.0999984741211,0.0,70.2699966430664,69.8499984741211,70.25,0.0,166700
2007-06-04,27.435686111450195,0.0,70.58999633789062,0.0,70.80000305175781,70.13999938964844,70.80000305175781,0.0,108700
2007-06-05,27.194732666015625,0.0,69.97000122070312,0.0,70.3499984741211,69.55000305175781,70.30000305175781,0.0,171100
2007-06-06,26.662256240844727,0.0,68.5999984741211,0.0,69.44000244140625,68.5999984741211,69.4000015258789,0.0,238900
2007-06-07,26.032617568969727,0.0,66.9800033569336,0.0,68.0,66.51000213623047,67.76000213623047,0.0,171300
2007-06-08,26.059831619262695,0.0,67.05000305175781,0.0,67.05000305175781,65.0,66.76000213623047,0.0,137000
2007-06-11,25.962661743164062,0.0,66.80000305175781,0.0,66.98999786376953,66.22000122070312,66.94999694824219,0.0,117600
2007-06-12,25.504037857055664,0.0,65.62000274658203,0.0,66.76000213623047,65.37000274658203,66.76000213623047,0.0,396200
2007-06-13,25.80718994140625,0.0,66.4000015258789,0.0,66.51000213623047,65.4000015258789,65.91000366210938,0.0,165500
2007-06-14,25.842180252075195,0.0,66.48999786376953,0.0,66.5,65.83000183105469,66.0,0.0,328000
2007-06-15,26.05181884765625,0.0,66.4800033569336,0.545,66.7300033569336,65.86000061035156,66.26000213623047,0.0,139400
2007-06-18,25.96561622619629,0.0,66.26000213623047,0.0,66.5999984741211,66.0,66.55000305175781,0.0,143800
2007-06-19,26.15763282775879,0.0,66.75,0.0,66.80000305175781,66.01000213623047,66.01000213623047,0.0,712300
2007-06-20,25.86373519897461,0.0,66.0,0.0,67.01000213623047,66.0,67.0,0.0,143400
2007-06-21,25.96170997619629,0.0,66.25,0.0,66.44999694824219,65.55000305175781,65.98999786376953,0.0,145900
2007-06-22,25.706979751586914,0.0,65.5999984741211,0.0,65.9000015258789,65.11000061035156,65.80000305175781,0.0,203500
2007-06-25,25.15835952758789,0.0,64.19999694824219,0.0,65.55000305175781,64.0999984741211,65.01000213623047,0.0,244700
2007-06-26,25.217132568359375,0.0,64.3499984741211,0.0,65.08999633789062,64.3499984741211,65.0,0.0,178100
2007-06-27,25.295516967773438,0.0,64.55000305175781,0.0,64.55000305175781,63.54999923706055,64.01000213623047,0.0,151700
2007-06-28,25.52280044555664,0.0,65.12999725341797,0.0,65.4000015258789,64.66000366210938,64.94999694824219,0.0,67400
2007-06-29,25.46401596069336,0.0,64.9800033569336,0.0,65.44999694824219,64.5,65.25,0.0,242200
2007-07-02,25.74616813659668,0.0,65.69999694824219,0.0,65.8499984741211,64.80999755859375,64.80999755859375,0.0,205800
2007-07-03,25.75792694091797,0.0,65.7300033569336,0.0,65.77999877929688,65.30000305175781,65.69999694824219,0.0,93500
2007-07-05,25.58940887451172,0.0,65.30000305175781,0.0,66.0999984741211,65.30000305175781,66.08999633789062,0.0,345200
2007-07-06,25.906841278076172,0.0,66.11000061035156,0.0,66.12999725341797,65.55000305175781,65.69999694824219,0.0,191500
2007-07-09,25.68345832824707,0.0,65.54000091552734,0.0,65.80000305175781,65.25,65.76000213623047,0.0,166900
2007-07-10,25.369964599609375,0.0,64.73999786376953,0.0,65.26000213623047,64.55000305175781,65.26000213623047,0.0,192900
2007-07-11,25.483604431152344,0.0,65.02999877929688,0.0,65.25,64.62999725341797,64.80000305175781,0.0,126400
2007-07-12,25.695220947265625,0.0,65.56999969482422,0.0,65.76000213623047,64.8499984741211,64.8499984741211,0.0,71600
2007-07-13,25.88332748413086,0.0,66.05000305175781,0.0,66.06999969482422,65.5199966430664,65.5999984741211,0.0,86400
2007-07-16,25.77751922607422,0.0,65.77999877929688,0.0,66.0999984741211,65.58000183105469,65.69999694824219,0.0,106100
2007-07-17,25.550222396850586,0.0,65.19999694824219,0.0,65.52999877929688,65.05999755859375,65.51000213623047,0.0,84800
2007-07-18,25.511035919189453,0.0,65.0999984741211,0.0,65.44999694824219,64.69000244140625,65.01000213623047,0.0,144100
2007-07-19,25.550222396850586,0.0,65.19999694824219,0.0,65.4800033569336,65.05000305175781,65.30000305175781,0.0,90000
2007-07-20,25.5698184967041,0.0,65.25,0.0,65.69999694824219,65.08000183105469,65.1500015258789,0.0,108600
2007-07-23,25.373889923095703,0.0,64.75,0.0,65.01000213623047,64.5999984741211,65.01000213623047,0.0,72400
2007-07-24,24.86444854736328,0.0,63.45000076293945,0.0,64.52999877929688,63.41999816894531,64.5,0.0,161900
2007-07-25,24.942827224731445,0.0,63.650001525878906,0.0,66.94000244140625,63.04999923706055,66.94000244140625,0.0,214400
2007-07-26,23.904346466064453,0.0,61.0,0.0,63.0099983215332,60.099998474121094,63.0099983215332,0.0,321000
2007-07-27,23.457618713378906,0.0,59.86000061035156,0.0,61.20000076293945,59.400001525878906,61.20000076293945,0.0,388000
2007-07-30,23.649635314941406,0.0,60.349998474121094,0.0,60.90999984741211,59.709999084472656,60.90999984741211,0.0,151700
2007-07-31,23.93962860107422,0.0,61.09000015258789,0.0,62.08000183105469,60.79999923706055,62.04999923706055,0.0,116400
2007-08-01,23.708415985107422,0.0,60.5,0.0,60.95000076293945,59.54999923706055,60.0099983215332,0.0,255400
2007-08-02,23.825977325439453,0.0,60.79999923706055,0.0,61.0,60.20000076293945,60.5099983215332,0.0,100200
2007-08-03,23.469371795654297,0.0,59.88999938964844,0.0,61.040000915527344,59.61000061035156,60.97999954223633,0.0,234000
2007-08-06,23.49288558959961,0.0,59.95000076293945,0.0,61.790000915527344,58.5,61.61000061035156,0.0,272600
2007-08-07,23.865161895751953,0.0,60.900001525878906,0.0,61.04999923706055,59.81999969482422,60.0,0.0,133000
2007-08-08,24.531356811523438,0.0,62.599998474121094,0.0,63.790000915527344,61.52000045776367,62.790000915527344,0.0,153500
2007-08-09,24.065031051635742,0.0,61.40999984741211,0.0,62.150001525878906,60.709999084472656,60.709999084472656,0.0,146900
2007-08-10,23.88475799560547,0.0,60.95000076293945,0.0,61.209999084472656,60.0,60.5,0.0,132700
2007-08-13,23.775039672851562,0.0,60.66999816894531,0.0,61.349998474121094,60.459999084472656,61.349998474121094,0.0,225900
2007-08-14,23.26559066772461,0.0,59.369998931884766,0.0,60.33000183105469,59.06999969482422,60.15999984741211,0.0,130700
2007-08-15,22.57590675354004,0.0,57.61000061035156,0.0,59.09000015258789,57.25,58.7599983215332,0.0,223000
2007-08-16,22.08214569091797,0.0,56.349998474121094,0.0,56.56999969482422,54.599998474121094,56.20000076293945,0.0,272700
2007-08-17,22.560226440429688,0.0,57.56999969482422,0.0,68.0,56.349998474121094,63.849998474121094,0.0,195500
2007-08-20,22.57198143005371,0.0,57.599998474121094,0.0,57.939998626708984,56.380001068115234,57.900001525878906,0.0,108900
2007-08-21,22.82278060913086,0.0,58.2400016784668,0.0,58.2400016784668,57.38999938964844,57.59000015258789,0.0,169700
2007-08-22,23.54775047302246,0.0,60.09000015258789,0.0,60.25,59.54999923706055,59.900001525878906,0.0,113400
2007-08-23,23.767196655273438,0.0,60.650001525878906,0.0,61.41999816894531,59.79999923706055,61.41999816894531,0.0,186100
2007-08-24,24.21786117553711,0.0,61.79999923706055,0.0,61.79999923706055,60.029998779296875,60.68000030517578,0.0,160600
2007-08-27,24.041507720947266,0.0,61.349998474121094,0.0,61.849998474121094,61.18000030517578,61.849998474121094,0.0,62700
2007-08-28,23.508567810058594,0.0,59.9900016784668,0.0,61.0,59.70000076293945,61.0,0.0,112200
2007-08-29,24.02191734313965,0.0,61.29999923706055,0.0,61.29999923706055,59.93000030517578,60.349998474121094,0.0,86300
2007-08-30,23.806386947631836,0.0,60.75,0.0,61.20000076293945,60.279998779296875,60.349998474121094,0.0,66900
2007-08-31,24.139488220214844,0.0,61.599998474121094,0.0,62.25,61.20000076293945,61.5,0.0,75200
2007-09-04,24.523521423339844,0.0,62.58000183105469,0.0,62.630001068115234,61.59000015258789,61.72999954223633,0.0,99800
2007-09-05,24.010154724121094,0.0,61.27000045776367,0.0,61.5,60.599998474121094,61.47999954223633,0.0,77400
2007-09-06,23.88475799560547,0.0,60.95000076293945,0.0,61.349998474121094,60.52000045776367,61.04999923706055,0.0,82500
2007-09-07,23.49288558959961,0.0,59.95000076293945,0.0,60.689998626708984,59.0,60.689998626708984,0.0,101700
2007-09-10,23.151948928833008,0.0,59.08000183105469,0.0,59.45000076293945,58.25,59.400001525878906,0.0,90000
2007-09-11,23.590848922729492,0.0,60.20000076293945,0.0,60.25,59.310001373291016,59.349998474121094,0.0,303000
2007-09-12,23.829906463623047,0.0,60.810001373291016,0.0,61.060001373291016,60.36000061035156,60.54999923706055,0.0,177300
2007-09-13,24.06110382080078,0.0,61.400001525878906,0.0,61.400001525878906,60.79999923706055,60.810001373291016,0.0,79800
2007-09-14,23.888681411743164,0.0,60.959999084472656,0.0,61.400001525878906,59.5099983215332,61.400001525878906,0.0,297500
2007-09-17,23.296951293945312,0.0,59.45000076293945,0.0,60.04999923706055,59.119998931884766,59.9900016784668,0.0,94600
2007-09-18,23.943538665771484,0.0,61.099998474121094,0.0,61.099998474121094,58.9900016784668,59.189998626708984,0.0,93900
2007-09-19,24.40595245361328,0.0,62.279998779296875,0.0,62.900001525878906,62.0099983215332,62.290000915527344,0.0,141700
2007-09-20,24.19826316833496,0.0,61.75,0.0,62.599998474121094,60.45000076293945,60.45000076293945,0.0,164800
2007-09-21,24.51664161682129,0.0,61.9900016784668,0.565,62.119998931884766,61.54999923706055,61.54999923706055,0.0,118200
2007-09-24,24.481042861938477,0.0,61.900001525878906,0.0,62.060001373291016,61.34000015258789,61.75,0.0,78400
2007-09-25,24.536407470703125,0.0,62.040000915527344,0.0,62.279998779296875,61.66999816894531,62.0,0.0,116700
2007-09-26,24.951679229736328,0.0,63.09000015258789,0.0,63.189998626708984,62.04999923706055,62.04999923706055,0.0,130800
2007-09-27,25.23247528076172,0.0,63.79999923706055,0.0,64.25,63.54999923706055,63.84000015258789,0.0,158200
2007-09-28,25.410446166992188,0.0,64.25,0.0,64.4800033569336,61.97999954223633,61.97999954223633,0.0,173000
2007-10-01,25.53700828552246,0.0,64.56999969482422,0.0,64.56999969482422,63.54999923706055,64.13999938964844,0.0,257400
2007-10-02,25.469776153564453,0.0,64.4000015258789,0.0,64.7699966430664,64.19999694824219,64.69999694824219,0.0,108000
2007-10-03,25.50931167602539,0.0,64.5,0.0,64.83999633789062,64.16999816894531,64.5999984741211,0.0,65800
2007-10-04,25.39067268371582,0.0,64.19999694824219,0.0,64.27999877929688,63.95000076293945,64.19999694824219,0.0,81500
2007-10-05,25.627975463867188,0.0,64.80000305175781,0.0,64.83000183105469,63.939998626708984,63.939998626708984,0.0,135800
2007-10-08,25.39067268371582,0.0,64.19999694824219,0.0,64.30000305175781,63.95000076293945,64.30000305175781,0.0,46800
2007-10-09,25.825716018676758,0.0,65.30000305175781,0.0,65.30000305175781,64.12999725341797,64.12999725341797,0.0,192700
2007-10-10,25.790130615234375,0.0,65.20999908447266,0.0,65.37999725341797,64.7699966430664,64.7699966430664,0.0,153000
2007-10-11,25.687292098999023,0.0,64.94999694824219,0.0,65.70999908447266,64.70999908447266,65.48999786376953,0.0,72500
2007-10-12,25.70707130432129,0.0,65.0,0.0,65.05000305175781,64.4000015258789,64.4000015258789,0.0,52100
2007-10-15,25.48955535888672,0.0,64.44999694824219,0.0,64.88999938964844,63.75,64.88999938964844,0.0,67500
2007-10-16,24.935869216918945,0.0,63.04999923706055,0.0,63.61000061035156,62.75,63.61000061035156,0.0,81900
2007-10-17,25.054500579833984,0.0,63.349998474121094,0.0,64.94000244140625,62.529998779296875,64.94000244140625,0.0,59300
2007-10-18,24.91608238220215,0.0,63.0,0.0,63.099998474121094,62.400001525878906,63.0,0.0,73600
2007-10-19,24.235849380493164,0.0,61.279998779296875,0.0,62.540000915527344,61.20000076293945,62.5,0.0,69700
2007-10-22,24.223981857299805,0.0,61.25,0.0,61.29999923706055,60.08000183105469,60.15999984741211,0.0,109600
2007-10-23,24.659019470214844,0.0,62.349998474121094,0.0,62.75,61.75,62.75,0.0,180200
2007-10-24,24.655061721801758,0.0,62.34000015258789,0.0,62.63999938964844,61.599998474121094,61.95000076293945,0.0,122500
2007-10-25,24.9793701171875,0.0,63.15999984741211,0.0,63.20000076293945,62.59000015258789,63.18000030517578,0.0,45700
2007-10-26,25.446046829223633,0.0,64.33999633789062,0.0,64.33999633789062,63.2599983215332,63.95000076293945,0.0,69600
2007-10-29,25.529094696044922,0.0,64.55000305175781,0.0,65.0,63.79999923706055,65.0,0.0,101000
2007-10-30,25.446046829223633,0.0,64.33999633789062,0.0,64.5,64.13999938964844,64.1500015258789,0.0,150600
2007-10-31,26.003684997558594,0.0,65.75,0.0,66.06999969482422,64.63999938964844,65.0,0.0,116100
2007-11-01,25.307626724243164,0.0,63.9900016784668,0.0,64.75,63.709999084472656,64.75,0.0,109500
2007-11-02,25.109874725341797,0.0,63.4900016784668,0.0,63.650001525878906,62.5099983215332,63.619998931884766,0.0,63000
2007-11-05,24.619461059570312,0.0,62.25,0.0,65.31999969482422,61.70000076293945,65.31999969482422,0.0,106200
2007-11-06,24.836984634399414,0.0,62.79999923706055,0.0,62.97999954223633,62.02000045776367,62.97999954223633,0.0,56800
2007-11-07,24.350521087646484,0.0,61.56999969482422,0.0,62.88999938964844,60.72999954223633,62.88999938964844,0.0,188000
2007-11-08,24.263517379760742,0.0,61.349998474121094,0.0,61.689998626708984,59.77000045776367,61.27000045776367,0.0,119200
2007-11-09,23.76915740966797,0.0,60.099998474121094,0.0,60.70000076293945,59.40999984741211,60.70000076293945,0.0,130600
2007-11-12,23.1561336517334,0.0,58.54999923706055,0.0,60.88999938964844,58.54999923706055,60.88999938964844,0.0,235100
2007-11-13,24.085546493530273,0.0,60.900001525878906,0.0,60.90999984741211,59.18000030517578,59.9900016784668,0.0,78400
2007-11-14,23.82847023010254,0.0,60.25,0.0,60.95000076293945,60.040000915527344,60.81999969482422,0.0,214900
2007-11-15,23.393430709838867,0.0,59.150001525878906,0.0,59.54999923706055,58.459999084472656,59.54999923706055,0.0,95800
2007-11-16,23.294559478759766,0.0,58.900001525878906,0.0,61.84000015258789,57.90999984741211,59.08000183105469,0.0,104700
2007-11-19,22.642004013061523,0.0,57.25,0.0,58.7400016784668,56.84000015258789,58.119998931884766,0.0,108800
2007-11-20,22.993972778320312,0.0,58.13999938964844,0.0,58.61000061035156,56.900001525878906,56.900001525878906,0.0,113300
2007-11-21,22.47984504699707,0.0,56.84000015258789,0.0,57.439998626708984,56.220001220703125,57.220001220703125,0.0,172500
2007-11-23,23.294559478759766,0.0,58.900001525878906,0.0,59.0,57.400001525878906,57.68000030517578,0.0,47700
2007-11-26,22.61825942993164,0.0,57.189998626708984,0.0,58.959999084472656,57.189998626708984,58.52000045776367,0.0,129200
2007-11-27,23.3143367767334,0.0,58.95000076293945,0.0,58.95000076293945,57.56999969482422,57.9900016784668,0.0,223900
2007-11-28,23.674238204956055,0.0,59.86000061035156,0.0,60.33000183105469,57.2599983215332,57.2599983215332,0.0,274700
2007-11-29,23.705875396728516,0.0,59.939998626708984,0.0,60.08000183105469,59.099998474121094,60.08000183105469,0.0,875100
2007-11-30,23.84824562072754,0.0,60.29999923706055,0.0,62.84000015258789,60.0,61.7400016784668,0.0,447400
2007-12-03,23.935253143310547,0.0,60.52000045776367,0.0,60.75,60.20000076293945,60.20000076293945,0.0,101900
2007-12-04,23.614906311035156,0.0,59.709999084472656,0.0,59.880001068115234,59.36000061035156,59.880001068115234,0.0,74000
2007-12-05,24.129051208496094,0.0,61.0099983215332,0.0,61.0099983215332,59.75,60.27000045776367,0.0,317900
2007-12-06,24.457307815551758,0.0,61.84000015258789,0.0,61.84000015258789,60.5,61.13999938964844,0.0,138000
2007-12-07,24.52058219909668,0.0,62.0,0.0,62.08000183105469,61.459999084472656,62.0,0.0,98600
2007-12-10,24.619461059570312,0.0,62.25,0.0,62.2599983215332,61.40999984741211,62.02000045776367,0.0,134300
2007-12-11,24.065767288208008,0.0,60.849998474121094,0.0,62.45000076293945,60.439998626708984,62.45000076293945,0.0,133000
2007-12-12,24.065767288208008,0.0,60.849998474121094,0.0,62.5,60.220001220703125,61.88999938964844,0.0,236800
2007-12-13,23.670272827148438,0.0,59.849998474121094,0.0,60.79999923706055,58.720001220703125,60.79999923706055,0.0,182300
2007-12-14,22.85952377319336,0.0,57.79999923706055,0.0,58.54999923706055,57.290000915527344,58.54999923706055,0.0,213100
2007-12-17,21.71259117126465,0.0,54.900001525878906,0.0,57.349998474121094,54.29999923706055,56.0,0.0,639000
2007-12-18,21.771900177001953,0.0,55.04999923706055,0.0,55.83000183105469,54.380001068115234,55.11000061035156,0.0,424000
2007-12-19,21.98942756652832,0.0,55.599998474121094,0.0,55.75,54.630001068115234,55.5099983215332,0.0,411600
2007-12-20,21.85100746154785,0.0,55.25,0.0,55.91999816894531,54.630001068115234,55.0,0.0,602400
2007-12-21,22.135784149169922,0.0,55.5,0.464,56.0,54.68000030517578,55.9900016784668,0.0,593100
2007-12-24,22.554567337036133,0.0,56.54999923706055,0.0,57.66999816894531,54.2400016784668,54.56999969482422,0.0,355600
2007-12-26,22.893587112426758,0.0,57.400001525878906,0.0,58.25,56.150001525878906,57.75,0.0,323800
2007-12-27,22.3351993560791,0.0,56.0,0.0,56.810001373291016,55.97999954223633,56.810001373291016,0.0,272500
2007-12-28,22.686193466186523,0.0,56.880001068115234,0.0,56.9900016784668,55.90999984741211,55.90999984741211,0.0,503400
2007-12-31,22.71409797668457,0.0,56.95000076293945,0.0,57.33000183105469,56.0,56.2400016784668,0.0,430900
2008-01-02,22.614395141601562,0.0,56.70000076293945,0.0,57.43000030517578,56.130001068115234,57.43000030517578,0.0,96300
2008-01-03,22.530635833740234,0.0,56.4900016784668,0.0,56.650001525878906,56.0,56.349998474121094,0.0,197800
2008-01-04,22.036069869995117,0.0,55.25,0.0,56.20000076293945,54.59000015258789,56.20000076293945,0.0,280100
2008-01-07,21.677112579345703,0.0,54.349998474121094,0.0,55.099998474121094,53.709999084472656,55.099998474121094,0.0,235700
2008-01-08,21.198501586914062,0.0,53.150001525878906,0.0,54.75,53.099998474121094,54.75,0.0,209600
2008-01-09,21.318151473999023,0.0,53.45000076293945,0.0,54.66999816894531,52.59000015258789,53.540000915527344,0.0,235200
2008-01-10,21.358036041259766,0.0,53.54999923706055,0.0,53.709999084472656,52.599998474121094,53.369998931884766,0.0,157800
2008-01-11,20.819591522216797,0.0,52.20000076293945,0.0,53.400001525878906,51.79999923706055,53.400001525878906,0.0,236000
2008-01-14,21.138668060302734,0.0,53.0,0.0,53.41999816894531,52.20000076293945,52.20000076293945,0.0,195800
2008-01-15,20.48457145690918,0.0,51.36000061035156,0.0,52.189998626708984,51.15999984741211,52.06999969482422,0.0,206300
2008-01-16,20.540407180786133,0.0,51.5,0.0,51.68000030517578,50.66999816894531,50.86000061035156,0.0,415300
2008-01-17,20.31705665588379,0.0,50.939998626708984,0.0,52.13999938964844,50.41999816894531,52.09000015258789,0.0,735800
2008-01-18,20.460643768310547,0.0,51.29999923706055,0.0,52.27000045776367,50.65999984741211,51.0099983215332,0.0,695900
2008-01-22,20.08573341369629,0.0,50.36000061035156,0.0,50.65999984741211,45.0,49.900001525878906,0.0,533900
2008-01-23,20.34099006652832,0.0,51.0,0.0,51.20000076293945,48.209999084472656,49.20000076293945,0.0,397500
2008-01-24,20.9193115234375,0.0,52.45000076293945,0.0,52.75,51.099998474121094,51.099998474121094,0.0,241000
2008-01-25,21.517576217651367,0.0,53.95000076293945,0.0,54.25,52.54999923706055,53.2599983215332,0.0,224600
2008-01-28,21.477689743041992,0.0,53.849998474121094,0.0,53.849998474121094,52.18000030517578,53.849998474121094,0.0,170700
2008-01-29,21.517576217651367,0.0,53.95000076293945,0.0,53.95000076293945,53.11000061035156,53.86000061035156,0.0,179400
2008-01-30,21.178560256958008,0.0,53.099998474121094,0.0,53.66999816894531,52.470001220703125,53.470001220703125,0.0,197300
2008-01-31,21.53751564025879,0.0,54.0,0.0,54.189998626708984,52.27000045776367,52.349998474121094,0.0,651200
2008-02-01,21.97624397277832,0.0,55.099998474121094,0.0,55.150001525878906,53.79999923706055,54.47999954223633,0.0,231000
2008-02-04,21.892492294311523,0.0,54.88999938964844,0.0,55.349998474121094,54.59000015258789,55.0,0.0,145900
2008-02-05,20.93926429748535,0.0,52.5,0.0,53.459999084472656,52.20000076293945,53.290000915527344,0.0,177000
2008-02-06,20.93926429748535,0.0,52.5,0.0,53.2400016784668,51.70000076293945,52.4900016784668,0.0,151300
2008-02-07,20.75977325439453,0.0,52.04999923706055,0.0,52.04999923706055,51.02000045776367,51.2599983215332,0.0,131200
2008-02-08,20.799659729003906,0.0,52.150001525878906,0.0,52.150001525878906,51.22999954223633,51.939998626708984,0.0,106400
2008-02-11,20.799659729003906,0.0,52.150001525878906,0.0,52.20000076293945,51.08000183105469,52.20000076293945,0.0,144100
2008-02-12,21.0788516998291,0.0,52.849998474121094,0.0,53.5,52.2599983215332,52.2599983215332,0.0,94800
2008-02-13,21.25833511352539,0.0,53.29999923706055,0.0,53.95000076293945,52.380001068115234,53.310001373291016,0.0,305600
2008-02-14,21.238386154174805,0.0,53.25,0.0,53.689998626708984,52.5099983215332,53.689998626708984,0.0,214200
2008-02-15,21.198501586914062,0.0,53.150001525878906,0.0,53.15999984741211,52.619998931884766,53.0,0.0,536000
2008-02-19,21.557464599609375,0.0,54.04999923706055,0.0,54.459999084472656,53.459999084472656,54.0,0.0,250900
2008-02-20,21.278278350830078,0.0,53.349998474121094,0.0,53.52000045776367,51.95000076293945,53.43000030517578,0.0,156400
2008-02-21,21.134687423706055,0.0,52.9900016784668,0.0,53.79999923706055,52.630001068115234,53.79999923706055,0.0,85000
2008-02-22,21.238386154174805,0.0,53.25,0.0,53.439998626708984,51.79999923706055,53.439998626708984,0.0,218700
2008-02-25,21.53751564025879,0.0,54.0,0.0,54.0,52.70000076293945,53.220001220703125,0.0,95800
2008-02-26,21.83665657043457,0.0,54.75,0.0,54.86000061035156,53.20000076293945,54.2400016784668,0.0,199700
2008-02-27,22.056011199951172,0.0,55.29999923706055,0.0,55.439998626708984,54.68000030517578,54.7599983215332,0.0,104500
2008-02-28,21.936363220214844,0.0,55.0,0.0,55.220001220703125,54.59000015258789,54.59000015258789,0.0,114600
2008-02-29,21.202491760253906,0.0,53.15999984741211,0.0,54.099998474121094,52.83000183105469,54.099998474121094,0.0,233800
2008-03-03,21.238386154174805,0.0,53.25,0.0,54.150001525878906,52.52000045776367,53.0,0.0,116100
2008-03-04,20.899368286132812,0.0,52.400001525878906,0.0,52.90999984741211,51.599998474121094,52.90999984741211,0.0,102100
2008-03-05,21.23438835144043,0.0,53.2400016784668,0.0,53.5,52.70000076293945,53.04999923706055,0.0,88000
2008-03-06,20.8953800201416,0.0,52.38999938964844,0.0,53.310001373291016,52.16999816894531,53.0,0.0,108500
2008-03-07,20.660058975219727,0.0,51.79999923706055,0.0,52.099998474121094,50.709999084472656,50.790000915527344,0.0,214300
2008-03-10,20.301095962524414,0.0,50.900001525878906,0.0,51.7599983215332,50.25,51.7599983215332,0.0,98300
2008-03-11,21.218441009521484,0.0,53.20000076293945,0.0,53.20000076293945,51.310001373291016,51.66999816894531,0.0,113600
2008-03-12,20.78769874572754,0.0,52.119998931884766,0.0,52.75,51.90999984741211,52.75,0.0,156300
2008-03-13,20.73983383178711,0.0,52.0,0.0,52.150001525878906,50.81999969482422,51.68000030517578,0.0,113400
2008-03-14,20.620187759399414,0.0,51.70000076293945,0.0,53.0,50.099998474121094,52.09000015258789,0.0,106800
2008-03-17,19.902267456054688,0.0,49.900001525878906,0.0,50.900001525878906,48.5,50.900001525878906,0.0,218400
2008-03-18,20.540407180786133,0.0,51.5,0.0,51.709999084472656,50.36000061035156,50.529998779296875,0.0,133300
2008-03-19,20.141571044921875,0.0,50.5,0.0,51.59000015258789,49.75,50.16999816894531,0.0,109400
2008-03-20,20.223388671875,0.0,50.41999816894531,0.284,50.41999816894531,48.77000045776367,50.13999938964844,0.0,102300
2008-03-24,21.0175724029541,0.0,52.400001525878906,0.0,52.72999954223633,47.95000076293945,50.900001525878906,0.0,173000
2008-03-25,21.218114852905273,0.0,52.900001525878906,0.0,52.900001525878906,51.560001373291016,52.38999938964844,0.0,297600
2008-03-26,21.137903213500977,0.0,52.70000076293945,0.0,52.9900016784668,52.0,52.9900016784668,0.0,120500
2008-03-27,21.137903213500977,0.0,52.70000076293945,0.0,53.47999954223633,52.0,53.47999954223633,0.0,151900
2008-03-28,20.81300926208496,0.0,51.88999938964844,0.0,52.900001525878906,51.650001525878906,52.900001525878906,0.0,65500
2008-03-31,21.19805908203125,0.0,52.849998474121094,0.0,53.29999923706055,52.41999816894531,52.470001220703125,0.0,118700
2008-04-01,22.160690307617188,0.0,55.25,0.0,55.25,53.130001068115234,53.130001068115234,0.0,293300
2008-04-02,22.100536346435547,0.0,55.099998474121094,0.0,55.45000076293945,54.65999984741211,54.900001525878906,0.0,222400
2008-04-03,22.0604248046875,0.0,55.0,0.0,55.349998474121094,54.36000061035156,55.349998474121094,0.0,153900
2008-04-04,22.080486297607422,0.0,55.04999923706055,0.0,55.189998626708984,54.5,54.7400016784668,0.0,91300
2008-04-07,22.30108070373535,0.0,55.599998474121094,0.0,55.599998474121094,54.95000076293945,55.40999984741211,0.0,106100
2008-04-08,21.964155197143555,0.0,54.7599983215332,0.0,55.0,54.58000183105469,54.77000045776367,0.0,186200
2008-04-09,21.54701805114746,0.0,53.720001220703125,0.0,54.900001525878906,53.560001373291016,54.900001525878906,0.0,278100
2008-04-10,21.358501434326172,0.0,53.25,0.0,53.54999923706055,52.77000045776367,53.4900016784668,0.0,100600
2008-04-11,21.141910552978516,0.0,52.709999084472656,0.0,53.349998474121094,52.70000076293945,53.11000061035156,0.0,222200
2008-04-14,20.933330535888672,0.0,52.189998626708984,0.0,52.83000183105469,52.13999938964844,52.83000183105469,0.0,231700
2008-04-15,21.218114852905273,0.0,52.900001525878906,0.0,53.560001373291016,52.61000061035156,53.560001373291016,0.0,145200
2008-04-16,21.8598690032959,0.0,54.5,0.0,54.599998474121094,53.11000061035156,53.11000061035156,0.0,216700
2008-04-17,21.76761245727539,0.0,54.27000045776367,0.0,55.95000076293945,53.70000076293945,55.22999954223633,0.0,127400
2008-04-18,21.916027069091797,0.0,54.63999938964844,0.0,55.029998779296875,54.11000061035156,55.029998779296875,0.0,160000
2008-04-21,21.984216690063477,0.0,54.810001373291016,0.0,54.810001373291016,54.2400016784668,54.77000045776367,0.0,115100
2008-04-22,21.887950897216797,0.0,54.56999969482422,0.0,54.84000015258789,54.150001525878906,54.5,0.0,172600
2008-04-23,21.952131271362305,0.0,54.72999954223633,0.0,54.970001220703125,54.20000076293945,54.439998626708984,0.0,107200
2008-04-24,21.759592056274414,0.0,54.25,0.0,54.66999816894531,53.599998474121094,54.66999816894531,0.0,178600
2008-04-25,21.8598690032959,0.0,54.5,0.0,54.79999923706055,54.060001373291016,54.79999923706055,0.0,70000
2008-04-28,22.000253677368164,0.0,54.849998474121094,0.0,55.43000030517578,54.81999969482422,55.33000183105469,0.0,153800
2008-04-29,22.040376663208008,0.0,54.95000076293945,0.0,55.38999938964844,54.68000030517578,55.38999938964844,0.0,103100
2008-04-30,22.232894897460938,0.0,55.43000030517578,0.0,55.84000015258789,54.75,54.75,0.0,97300
2008-05-01,22.397342681884766,0.0,55.84000015258789,0.0,55.849998474121094,54.90999984741211,55.310001373291016,0.0,74600
2008-05-02,22.642011642456055,0.0,56.45000076293945,0.0,56.70000076293945,55.970001220703125,56.25,0.0,123400
2008-05-05,22.69015121459961,0.0,56.56999969482422,0.0,57.150001525878906,55.959999084472656,55.959999084472656,0.0,114500
2008-05-06,22.73827362060547,0.0,56.689998626708984,0.0,56.79999923706055,56.02000045776367,56.540000915527344,0.0,117900
2008-05-07,22.22486686706543,0.0,55.40999984741211,0.0,56.29999923706055,55.119998931884766,56.130001068115234,0.0,121400
2008-05-08,22.38530731201172,0.0,55.810001373291016,0.0,56.34000015258789,55.599998474121094,55.939998626708984,0.0,169600
2008-05-09,22.236907958984375,0.0,55.439998626708984,0.0,55.59000015258789,55.0,55.59000015258789,0.0,86600
2008-05-12,22.29707145690918,0.0,55.59000015258789,0.0,55.689998626708984,55.2400016784668,55.59000015258789,0.0,93400
2008-05-13,22.108556747436523,0.0,55.119998931884766,0.0,55.5,54.81999969482422,55.25,0.0,91900
2008-05-14,22.240924835205078,0.0,55.45000076293945,0.0,55.779998779296875,55.400001525878906,55.68000030517578,0.0,90900
2008-05-15,22.52168846130371,0.0,56.150001525878906,0.0,56.15999984741211,55.630001068115234,55.97999954223633,0.0,123000
2008-05-16,22.565799713134766,0.0,56.2599983215332,0.0,56.540000915527344,56.0,56.540000915527344,0.0,178300
2008-05-19,22.293052673339844,0.0,55.58000183105469,0.0,56.20000076293945,55.52000045776367,56.20000076293945,0.0,142000
2008-05-20,22.1165771484375,0.0,55.13999938964844,0.0,55.779998779296875,54.93000030517578,55.779998779296875,0.0,81400
2008-05-21,21.83580207824707,0.0,54.439998626708984,0.0,55.439998626708984,54.34000015258789,55.0,0.0,96700
2008-05-22,22.100536346435547,0.0,55.099998474121094,0.0,55.099998474121094,54.41999816894531,54.810001373291016,0.0,215100
2008-05-23,21.883941650390625,0.0,54.560001373291016,0.0,55.06999969482422,54.2400016784668,54.650001525878906,0.0,72700
2008-05-27,21.719491958618164,0.0,54.150001525878906,0.0,55.0,53.66999816894531,55.0,0.0,100500
2008-05-28,21.883941650390625,0.0,54.560001373291016,0.0,54.560001373291016,53.91999816894531,53.91999816894531,0.0,181100
2008-05-29,21.7756404876709,0.0,54.290000915527344,0.0,54.5,53.93000030517578,54.29999923706055,0.0,106600
2008-05-30,21.819761276245117,0.0,54.400001525878906,0.0,55.599998474121094,54.06999969482422,55.599998474121094,0.0,87700
2008-06-02,21.635257720947266,0.0,53.939998626708984,0.0,54.599998474121094,53.400001525878906,54.599998474121094,0.0,140100
2008-06-03,21.3264102935791,0.0,53.16999816894531,0.0,53.939998626708984,53.13999938964844,53.90999984741211,0.0,107500
2008-06-04,21.522945404052734,0.0,53.65999984741211,0.0,53.900001525878906,53.20000076293945,53.20000076293945,0.0,113600
2008-06-05,21.719491958618164,0.0,54.150001525878906,0.0,54.95000076293945,53.380001068115234,54.95000076293945,0.0,72800
2008-06-06,21.214109420776367,0.0,52.88999938964844,0.0,53.9900016784668,52.650001525878906,53.7400016784668,0.0,110200
2008-06-09,20.921302795410156,0.0,52.15999984741211,0.0,53.25,51.79999923706055,52.77000045776367,0.0,155500
2008-06-10,20.33570671081543,0.0,50.70000076293945,0.0,52.209999084472656,50.70000076293945,52.209999084472656,0.0,170700
2008-06-11,20.255477905273438,0.0,50.5,0.0,51.83000183105469,50.15999984741211,51.83000183105469,0.0,122000
2008-06-12,19.994766235351562,0.0,49.849998474121094,0.0,50.5,49.77000045776367,50.5,0.0,188800
2008-06-13,20.17526626586914,0.0,50.29999923706055,0.0,50.369998931884766,49.70000076293945,50.36000061035156,0.0,82500
2008-06-16,20.315650939941406,0.0,50.650001525878906,0.0,51.060001373291016,50.279998779296875,50.54999923706055,0.0,224600
2008-06-17,20.43596649169922,0.0,50.95000076293945,0.0,51.560001373291016,50.61000061035156,51.560001373291016,0.0,132100
2008-06-18,20.215370178222656,0.0,50.400001525878906,0.0,50.95000076293945,50.29999923706055,50.900001525878906,0.0,143700
2008-06-19,20.15520477294922,0.0,50.25,0.0,50.61000061035156,50.0,50.29999923706055,0.0,193100
2008-06-20,19.939287185668945,0.0,49.130001068115234,0.588,50.31999969482422,48.90999984741211,49.79999923706055,0.0,98100
2008-06-23,19.52533721923828,0.0,48.11000061035156,0.0,48.79999923706055,48.08000183105469,48.79999923706055,0.0,106400
2008-06-24,19.480690002441406,0.0,48.0,0.0,48.630001068115234,47.810001373291016,48.59000015258789,0.0,140400
2008-06-25,19.825658798217773,0.0,48.849998474121094,0.0,49.150001525878906,47.97999954223633,47.97999954223633,0.0,146000
2008-06-26,19.37516975402832,0.0,47.7400016784668,0.0,49.099998474121094,47.47999954223633,49.099998474121094,0.0,155100
2008-06-27,19.241230010986328,0.0,47.40999984741211,0.0,47.97999954223633,47.25,47.97999954223633,0.0,190100
2008-06-30,19.046428680419922,0.0,46.93000030517578,0.0,48.599998474121094,46.81999969482422,48.599998474121094,0.0,168600
2008-07-01,18.855682373046875,0.0,46.459999084472656,0.0,47.0,45.540000915527344,45.58000183105469,0.0,355100
2008-07-02,18.705520629882812,0.0,46.09000015258789,0.0,46.90999984741211,45.68000030517578,46.83000183105469,0.0,202800
2008-07-03,18.65276527404785,0.0,45.959999084472656,0.0,46.7599983215332,45.79999923706055,46.7599983215332,0.0,202000
2008-07-07,18.648704528808594,0.0,45.95000076293945,0.0,46.86000061035156,45.0099983215332,46.5,0.0,268000
2008-07-08,18.608116149902344,0.0,45.849998474121094,0.0,46.29999923706055,45.13999938964844,46.09000015258789,0.0,246600
2008-07-09,18.474180221557617,0.0,45.52000045776367,0.0,46.970001220703125,45.33000183105469,46.959999084472656,0.0,222800
2008-07-10,18.547237396240234,0.0,45.70000076293945,0.0,45.939998626708984,45.189998626708984,45.2400016784668,0.0,224600
2008-07-11,18.165742874145508,0.0,44.7599983215332,0.0,45.25,44.209999084472656,45.060001373291016,0.0,276800
2008-07-14,18.096752166748047,0.0,44.59000015258789,0.0,45.7400016784668,44.13999938964844,45.7400016784668,0.0,418000
2008-07-15,17.694955825805664,0.0,43.599998474121094,0.0,44.18000030517578,42.810001373291016,43.880001068115234,0.0,397300
2008-07-16,17.970935821533203,0.0,44.279998779296875,0.0,44.47999954223633,43.060001373291016,43.91999816894531,0.0,258800
2008-07-17,18.364606857299805,0.0,45.25,0.0,45.709999084472656,44.290000915527344,44.290000915527344,0.0,160800
2008-07-18,18.50665283203125,0.0,45.599998474121094,0.0,45.93000030517578,45.0099983215332,45.93000030517578,0.0,177200
2008-07-21,18.811031341552734,0.0,46.349998474121094,0.0,46.91999816894531,46.0,46.0,0.0,117000
2008-07-22,18.912498474121094,0.0,46.599998474121094,0.0,46.79999923706055,46.13999938964844,46.7599983215332,0.0,158600
2008-07-23,19.505046844482422,0.0,48.060001373291016,0.0,48.060001373291016,46.939998626708984,47.279998779296875,0.0,137400
2008-07-24,19.362993240356445,0.0,47.709999084472656,0.0,49.02000045776367,47.150001525878906,49.02000045776367,0.0,109800
2008-07-25,18.871912002563477,0.0,46.5,0.0,47.59000015258789,46.5,47.59000015258789,0.0,131800
2008-07-28,18.664928436279297,0.0,45.9900016784668,0.0,47.04999923706055,45.939998626708984,46.68000030517578,0.0,85900
2008-07-29,18.705520629882812,0.0,46.09000015258789,0.0,46.4900016784668,45.5099983215332,45.84000015258789,0.0,84600
2008-07-30,19.074838638305664,0.0,47.0,0.0,47.470001220703125,46.59000015258789,47.470001220703125,0.0,129400
2008-07-31,18.973371505737305,0.0,46.75,0.0,47.0,46.40999984741211,46.88999938964844,0.0,114600
2008-08-01,18.90843963623047,0.0,46.59000015258789,0.0,46.790000915527344,46.209999084472656,46.61000061035156,0.0,165700
2008-08-04,18.48635482788086,0.0,45.54999923706055,0.0,46.40999984741211,45.54999923706055,46.369998931884766,0.0,113500
2008-08-05,18.871912002563477,0.0,46.5,0.0,46.91999816894531,45.52000045776367,45.529998779296875,0.0,107500
2008-08-06,18.977434158325195,0.0,46.7599983215332,0.0,47.25,46.2599983215332,46.599998474121094,0.0,102600
2008-08-07,18.50665283203125,0.0,45.599998474121094,0.0,46.16999816894531,45.5,46.09000015258789,0.0,94500
2008-08-08,18.54317855834961,0.0,45.689998626708984,0.0,45.9900016784668,44.9900016784668,45.599998474121094,0.0,114200
2008-08-11,18.664928436279297,0.0,45.9900016784668,0.0,47.02000045776367,45.75,47.02000045776367,0.0,115100
2008-08-12,18.575645446777344,0.0,45.77000045776367,0.0,46.650001525878906,45.720001220703125,45.720001220703125,0.0,130100
2008-08-13,18.222557067871094,0.0,44.900001525878906,0.0,45.75,44.5,45.75,0.0,103900
2008-08-14,17.95875358581543,0.0,44.25,0.0,45.630001068115234,43.81999969482422,45.630001068115234,0.0,136800
2008-08-15,17.89787483215332,0.0,44.099998474121094,0.0,44.38999938964844,43.75,44.09000015258789,0.0,118800
2008-08-18,17.7761287689209,0.0,43.79999923706055,0.0,45.529998779296875,43.7599983215332,44.63999938964844,0.0,109900
2008-08-19,17.370277404785156,0.0,42.79999923706055,0.0,43.38999938964844,42.599998474121094,43.38999938964844,0.0,134800
2008-08-20,17.654361724853516,0.0,43.5,0.0,43.54999923706055,42.709999084472656,42.709999084472656,0.0,53200
2008-08-21,17.451446533203125,0.0,43.0,0.0,43.52000045776367,42.939998626708984,43.45000076293945,0.0,123600
2008-08-22,17.609722137451172,0.0,43.38999938964844,0.0,43.93000030517578,43.29999923706055,43.29999923706055,0.0,139600
2008-08-25,17.650312423706055,0.0,43.4900016784668,0.0,44.869998931884766,43.310001373291016,44.869998931884766,0.0,90600
2008-08-26,17.573198318481445,0.0,43.29999923706055,0.0,43.70000076293945,43.29999923706055,43.310001373291016,0.0,206700
2008-08-27,17.715242385864258,0.0,43.650001525878906,0.0,44.5,43.18000030517578,44.470001220703125,0.0,82700
2008-08-28,17.926286697387695,0.0,44.16999816894531,0.0,44.16999816894531,43.29999923706055,43.47999954223633,0.0,101100
2008-08-29,17.97498893737793,0.0,44.290000915527344,0.0,44.900001525878906,44.209999084472656,44.220001220703125,0.0,76200
2008-09-02,17.87758445739746,0.0,44.04999923706055,0.0,44.709999084472656,43.849998474121094,43.95000076293945,0.0,142200
2008-09-03,17.74771499633789,0.0,43.72999954223633,0.0,44.06999969482422,43.369998931884766,43.70000076293945,0.0,143700
2008-09-04,17.000953674316406,0.0,41.88999938964844,0.0,43.689998626708984,41.790000915527344,43.36000061035156,0.0,123600
2008-09-05,17.086185455322266,0.0,42.099998474121094,0.0,42.279998779296875,41.25,42.0,0.0,162800
2008-09-08,17.532623291015625,0.0,43.20000076293945,0.0,44.5,42.72999954223633,44.5,0.0,281300
2008-09-09,17.18358612060547,0.0,42.34000015258789,0.0,43.470001220703125,42.34000015258789,42.869998931884766,0.0,97600
2008-09-10,17.601606369018555,0.0,43.369998931884766,0.0,44.18000030517578,43.0099983215332,44.18000030517578,0.0,106500
2008-09-11,17.45955467224121,0.0,43.02000045776367,0.0,43.060001373291016,42.150001525878906,42.459999084472656,0.0,131900
2008-09-12,17.751771926879883,0.0,43.7400016784668,0.0,44.439998626708984,42.810001373291016,42.810001373291016,0.0,137400
2008-09-15,16.90355682373047,0.0,41.650001525878906,0.0,43.59000015258789,41.58000183105469,42.0099983215332,0.0,108700
2008-09-16,16.603221893310547,0.0,40.90999984741211,0.0,41.31999969482422,40.0,40.0099983215332,0.0,255500
2008-09-17,15.97010326385498,0.0,39.349998474121094,0.0,41.06999969482422,39.0,40.0099983215332,0.0,293900
2008-09-18,16.290719985961914,0.0,40.13999938964844,0.0,41.459999084472656,38.310001373291016,38.31999969482422,0.0,311900
2008-09-19,17.3544864654541,0.0,42.27000045776367,0.461,42.70000076293945,40.2599983215332,40.2599983215332,0.0,115900
2008-09-22,17.04245948791504,0.0,41.5099983215332,0.0,43.25,41.4900016784668,41.77000045776367,0.0,102100
2008-09-23,16.771482467651367,0.0,40.849998474121094,0.0,41.38999938964844,40.33000183105469,41.2400016784668,0.0,194600
2008-09-24,16.668853759765625,0.0,40.599998474121094,0.0,41.97999954223633,40.20000076293945,41.97999954223633,0.0,148900
2008-09-25,16.980871200561523,0.0,41.36000061035156,0.0,41.599998474121094,40.209999084472656,40.209999084472656,0.0,300900
2008-09-26,17.079410552978516,0.0,41.599998474121094,0.0,41.84000015258789,39.369998931884766,39.380001068115234,0.0,344700
2008-09-29,15.416630744934082,0.0,37.54999923706055,0.0,40.7400016784668,36.650001525878906,40.7400016784668,0.0,282500
2008-09-30,15.66707706451416,0.0,38.15999984741211,0.0,39.27000045776367,37.0099983215332,37.0099983215332,0.0,168400
2008-10-01,15.814884185791016,0.0,38.52000045776367,0.0,39.11000061035156,37.65999984741211,39.11000061035156,0.0,121300
2008-10-02,15.02249526977539,0.0,36.59000015258789,0.0,38.5,36.56999969482422,37.33000183105469,0.0,168600
2008-10-03,14.702255249023438,0.0,35.810001373291016,0.0,38.599998474121094,35.810001373291016,36.0099983215332,0.0,265800
2008-10-06,13.491089820861816,0.0,32.86000061035156,0.0,35.4900016784668,31.399999618530273,32.58000183105469,0.0,230800
2008-10-07,13.466461181640625,0.0,32.79999923706055,0.0,34.790000915527344,32.36000061035156,33.70000076293945,0.0,341900
2008-10-08,12.89577865600586,0.0,31.40999984741211,0.0,32.709999084472656,30.899999618530273,31.110000610351562,0.0,395000
2008-10-09,11.865260124206543,0.0,28.899999618530273,0.0,32.900001525878906,28.739999771118164,31.260000228881836,0.0,435700
2008-10-10,11.49576187133789,0.0,28.0,0.0,28.299999237060547,26.0,26.100000381469727,0.0,566000
2008-10-13,12.727442741394043,0.0,31.0,0.0,31.399999618530273,28.649999618530273,30.09000015258789,0.0,228800
2008-10-14,13.285818099975586,0.0,32.36000061035156,0.0,33.13999938964844,31.459999084472656,32.86000061035156,0.0,645300
2008-10-15,12.078758239746094,0.0,29.420000076293945,0.0,32.0,29.360000610351562,32.0,0.0,415500
2008-10-16,12.64944076538086,0.0,30.809999465942383,0.0,31.139999389648438,28.469999313354492,28.469999313354492,0.0,284400
2008-10-17,12.234773635864258,0.0,29.799999237060547,0.0,31.3700008392334,29.299999237060547,31.3700008392334,0.0,492200
2008-10-20,12.99431037902832,0.0,31.649999618530273,0.0,31.700000762939453,30.3700008392334,31.260000228881836,0.0,207800
2008-10-21,12.444157600402832,0.0,30.309999465942383,0.0,32.619998931884766,30.09000015258789,32.619998931884766,0.0,396700
2008-10-22,11.803680419921875,0.0,28.75,0.0,30.280000686645508,27.299999237060547,30.280000686645508,0.0,438900
2008-10-23,11.467020988464355,0.0,27.93000030517578,0.0,28.75,26.739999771118164,28.75,0.0,282500
2008-10-24,10.6089448928833,0.0,25.84000015258789,0.0,26.270000457763672,25.399999618530273,26.020000457763672,0.0,566800
2008-10-27,10.42829704284668,0.0,25.399999618530273,0.0,25.780000686645508,24.790000915527344,25.239999771118164,0.0,1294600
2008-10-28,10.806013107299805,0.0,26.31999969482422,0.0,26.3700008392334,24.399999618530273,24.8799991607666,0.0,256700
2008-10-29,10.953815460205078,0.0,26.68000030517578,0.0,27.3700008392334,25.860000610351562,26.399999618530273,0.0,295700
2008-10-30,11.467020988464355,0.0,27.93000030517578,0.0,27.989999771118164,27.100000381469727,27.649999618530273,0.0,194200
2008-10-31,11.701038360595703,0.0,28.5,0.0,28.989999771118164,27.59000015258789,27.59000015258789,0.0,186300
2008-11-03,11.98843765258789,0.0,29.200000762939453,0.0,29.65999984741211,28.5,29.65999984741211,0.0,274400
2008-11-04,12.411317825317383,0.0,30.229999542236328,0.0,30.610000610351562,29.239999771118164,29.239999771118164,0.0,368200
2008-11-05,11.951484680175781,0.0,29.110000610351562,0.0,30.739999771118164,29.06999969482422,30.739999771118164,0.0,338700
2008-11-06,11.47523307800293,0.0,27.950000762939453,0.0,29.299999237060547,27.40999984741211,28.510000228881836,0.0,175700
2008-11-07,11.815997123718262,0.0,28.780000686645508,0.0,29.90999984741211,27.809999465942383,29.90999984741211,0.0,190300
2008-11-10,11.183732986450195,0.0,27.239999771118164,0.0,28.979999542236328,27.139999389648438,28.979999542236328,0.0,180800
2008-11-11,10.818331718444824,0.0,26.350000381469727,0.0,27.200000762939453,26.049999237060547,26.6299991607666,0.0,200800
2008-11-12,10.506304740905762,0.0,25.59000015258789,0.0,26.360000610351562,25.219999313354492,25.219999313354492,0.0,127400
2008-11-13,10.970239639282227,0.0,26.719999313354492,0.0,26.719999313354492,24.829999923706055,25.31999969482422,0.0,259900
2008-11-14,10.366711616516113,0.0,25.25,0.0,26.229999542236328,25.139999389648438,25.440000534057617,0.0,156100
2008-11-17,10.14500904083252,0.0,24.709999084472656,0.0,25.440000534057617,24.600000381469727,25.440000534057617,0.0,290300
2008-11-18,10.01362419128418,0.0,24.389999389648438,0.0,24.729999542236328,23.93000030517578,24.389999389648438,0.0,274200
2008-11-19,9.139131546020508,0.0,22.260000228881836,0.0,24.09000015258789,22.229999542236328,23.600000381469727,0.0,332700
2008-11-20,8.831204414367676,0.0,21.510000228881836,0.0,22.34000015258789,20.5,22.280000686645508,0.0,349200
2008-11-21,9.20071029663086,0.0,22.40999984741211,0.0,22.579999923706055,21.399999618530273,22.040000915527344,0.0,295400
2008-11-24,9.607172012329102,0.0,23.399999618530273,0.0,23.450000762939453,21.729999542236328,21.729999542236328,0.0,360800
2008-11-25,9.80834674835205,0.0,23.889999389648438,0.0,24.889999389648438,23.40999984741211,24.889999389648438,0.0,322000
2008-11-26,10.198381423950195,0.0,24.84000015258789,0.0,24.959999084472656,23.549999237060547,23.559999465942383,0.0,272000
2008-11-28,10.567883491516113,0.0,25.739999771118164,0.0,26.219999313354492,25.18000030517578,25.6299991607666,0.0,79100
2008-12-01,9.738548278808594,0.0,23.719999313354492,0.0,25.100000381469727,23.5,24.649999618530273,0.0,183200
2008-12-02,10.13679313659668,0.0,24.690000534057617,0.0,24.75,23.809999465942383,23.809999465942383,0.0,224100
2008-12-03,10.07110595703125,0.0,24.530000686645508,0.0,24.59000015258789,23.610000610351562,23.610000610351562,0.0,252300
2008-12-04,9.726231575012207,0.0,23.690000534057617,0.0,24.030000686645508,23.139999389648438,23.649999618530273,0.0,279800
2008-12-05,9.750868797302246,0.0,23.75,0.0,24.0,22.889999389648438,23.530000686645508,0.0,260800
2008-12-08,10.223016738891602,0.0,24.899999618530273,0.0,25.059999465942383,23.940000534057617,24.709999084472656,0.0,259100
2008-12-09,10.214803695678711,0.0,24.8799991607666,0.0,25.260000228881836,24.579999923706055,24.65999984741211,0.0,282300
2008-12-10,10.703373908996582,0.0,26.06999969482422,0.0,26.25,25.3700008392334,25.3700008392334,0.0,478200
2008-12-11,10.654104232788086,0.0,25.950000762939453,0.0,26.670000076293945,25.59000015258789,26.600000381469727,0.0,199500
2008-12-12,10.691056251525879,0.0,26.040000915527344,0.0,26.299999237060547,24.75,25.219999313354492,0.0,185500
2008-12-15,10.847067832946777,0.0,26.420000076293945,0.0,26.68000030517578,25.8799991607666,26.030000686645508,0.0,408700
2008-12-16,11.134466171264648,0.0,27.1200008392334,0.0,27.219999313354492,25.6299991607666,27.1200008392334,0.0,229300
2008-12-17,11.03182601928711,0.0,26.8700008392334,0.0,27.280000686645508,26.649999618530273,26.979999542236328,0.0,934700
2008-12-18,11.08109188079834,0.0,26.989999771118164,0.0,27.600000381469727,26.65999984741211,27.149999618530273,0.0,267700
2008-12-19,11.063718795776367,0.0,26.75,0.198,27.25,26.450000762939453,27.219999313354492,0.0,192600
2008-12-22,10.69561767578125,0.0,25.860000610351562,0.0,28.139999389648438,25.639999389648438,28.0,0.0,913800
2008-12-23,10.9396390914917,0.0,26.450000762939453,0.0,27.09000015258789,26.200000762939453,26.299999237060547,0.0,404200
2008-12-24,10.91895580291748,0.0,26.399999618530273,0.0,26.700000762939453,26.270000457763672,26.270000457763672,0.0,116000
2008-12-26,10.877599716186523,0.0,26.299999237060547,0.0,26.809999465942383,26.1299991607666,26.139999389648438,0.0,157000
2008-12-29,10.999452590942383,0.0,26.540000915527344,0.054,26.950000762939453,26.31999969482422,26.790000915527344,0.0,171500
2008-12-30,11.123780250549316,0.0,26.84000015258789,0.0,26.940000534057617,26.31999969482422,26.739999771118164,0.0,223300
2008-12-31,11.223248481750488,0.0,27.079999923706055,0.0,27.219999313354492,26.3700008392334,26.600000381469727,0.0,276400
2009-01-02,11.612832069396973,0.0,28.020000457763672,0.0,28.1200008392334,27.1299991607666,27.1299991607666,0.0,181900
2009-01-05,11.529937744140625,0.0,27.81999969482422,0.0,28.1200008392334,27.639999389648438,27.989999771118164,0.0,267100
2009-01-06,11.844926834106445,0.0,28.579999923706055,0.0,28.770000457763672,28.040000915527344,28.25,0.0,336100
2009-01-07,11.691577911376953,0.0,28.209999084472656,0.0,28.75,28.170000076293945,28.389999389648438,0.0,172000
2009-01-08,11.691577911376953,0.0,28.209999084472656,0.0,28.309999465942383,27.790000915527344,28.18000030517578,0.0,118600
2009-01-09,11.442911148071289,0.0,27.610000610351562,0.0,28.280000686645508,27.549999237060547,28.280000686645508,0.0,117800
2009-01-12,11.082343101501465,0.0,26.739999771118164,0.0,27.610000610351562,26.6200008392334,27.610000610351562,0.0,332400
2009-01-13,10.667892456054688,0.0,25.739999771118164,0.0,26.190000534057617,25.59000015258789,25.93000030517578,0.0,190400
2009-01-14,10.166412353515625,0.0,24.530000686645508,0.0,25.5,24.260000228881836,25.190000534057617,0.0,134700
2009-01-15,10.182987213134766,0.0,24.56999969482422,0.0,24.760000228881836,23.809999465942383,24.18000030517578,0.0,151000
2009-01-16,10.232720375061035,0.0,24.690000534057617,0.0,25.010000228881836,24.139999389648438,24.530000686645508,0.0,134900
2009-01-20,9.403820991516113,0.0,22.690000534057617,0.0,23.93000030517578,22.6200008392334,23.549999237060547,0.0,271900
2009-01-21,9.967472076416016,0.0,24.049999237060547,0.0,24.09000015258789,23.049999237060547,23.309999465942383,0.0,438400
2009-01-22,10.079373359680176,0.0,24.31999969482422,0.0,24.350000381469727,23.5,24.1299991607666,0.0,613900
2009-01-23,9.934319496154785,0.0,23.969999313354492,0.0,24.059999465942383,23.31999969482422,23.610000610351562,0.0,195300
2009-01-26,10.00477123260498,0.0,24.139999389648438,0.0,24.3799991607666,23.549999237060547,23.549999237060547,0.0,282200
2009-01-27,10.033784866333008,0.0,24.209999084472656,0.0,24.489999771118164,23.889999389648438,23.889999389648438,0.0,78700
2009-01-28,10.21199893951416,0.0,24.639999389648438,0.0,24.950000762939453,24.34000015258789,24.65999984741211,0.0,375700
2009-01-29,9.905304908752441,0.0,23.899999618530273,0.0,24.450000762939453,23.799999237060547,24.450000762939453,0.0,113900
2009-01-30,9.785117149353027,0.0,23.610000610351562,0.0,24.110000610351562,23.610000610351562,24.110000610351562,0.0,121500
2009-02-02,9.739529609680176,0.0,23.5,0.0,23.760000228881836,23.190000534057617,23.5,0.0,86100
2009-02-03,9.880436897277832,0.0,23.84000015258789,0.0,23.8799991607666,23.34000015258789,23.690000534057617,0.0,127100
2009-02-04,9.73123836517334,0.0,23.479999542236328,0.0,23.989999771118164,23.25,23.56999969482422,0.0,778500
2009-02-05,9.735380172729492,0.0,23.489999771118164,0.0,23.809999465942383,23.100000381469727,23.489999771118164,0.0,225900
2009-02-06,10.124961853027344,0.0,24.43000030517578,0.0,24.639999389648438,23.510000228881836,23.8700008392334,0.0,695800
2009-02-09,10.249299049377441,0.0,24.729999542236328,0.0,24.959999084472656,24.3799991607666,24.549999237060547,0.0,159400
2009-02-10,9.760246276855469,0.0,23.549999237060547,0.0,24.540000915527344,23.3700008392334,24.3799991607666,0.0,320200
2009-02-11,9.772680282592773,0.0,23.579999923706055,0.0,24.0,23.43000030517578,23.90999984741211,0.0,190800
2009-02-12,9.743673324584961,0.0,23.510000228881836,0.0,23.510000228881836,22.850000381469727,23.229999542236328,0.0,273900
2009-02-13,9.63591480255127,0.0,23.25,0.0,23.65999984741211,23.1299991607666,23.65999984741211,0.0,69000
2009-02-17,8.96865177154541,0.0,21.639999389648438,0.0,22.510000228881836,21.530000686645508,22.510000228881836,0.0,263400
2009-02-18,8.79873275756836,0.0,21.229999542236328,0.0,21.520000457763672,21.0,21.3700008392334,0.0,178200
2009-02-19,8.574926376342773,0.0,20.690000534057617,0.0,21.389999389648438,20.670000076293945,21.389999389648438,0.0,104000
2009-02-20,8.574926376342773,0.0,20.690000534057617,0.0,20.950000762939453,20.149999618530273,20.549999237060547,0.0,241200
2009-02-23,8.264090538024902,0.0,19.940000534057617,0.0,20.760000228881836,19.75,20.75,0.0,217100
2009-02-24,8.492036819458008,0.0,20.489999771118164,0.0,20.489999771118164,19.780000686645508,19.780000686645508,0.0,460900
2009-02-25,8.255803108215332,0.0,19.920000076293945,0.0,20.469999313354492,19.739999771118164,20.469999313354492,0.0,307800
2009-02-26,8.351128578186035,0.0,20.149999618530273,0.0,20.690000534057617,20.149999618530273,20.34000015258789,0.0,163600
2009-02-27,8.471322059631348,0.0,20.440000534057617,0.0,20.719999313354492,20.200000762939453,20.479999542236328,0.0,251000
2009-03-02,7.936676979064941,0.0,19.149999618530273,0.0,19.799999237060547,19.079999923706055,19.75,0.0,287800
2009-03-03,7.982267379760742,0.0,19.260000228881836,0.0,19.84000015258789,19.049999237060547,19.84000015258789,0.0,254800
2009-03-04,8.102458000183105,0.0,19.549999237060547,0.0,19.770000457763672,19.229999542236328,19.559999465942383,0.0,160200
2009-03-05,7.7584638595581055,0.0,18.719999313354492,0.0,19.420000076293945,18.59000015258789,19.309999465942383,0.0,115100
2009-03-06,7.613412380218506,0.0,18.3700008392334,0.0,19.030000686645508,18.139999389648438,18.68000030517578,0.0,167700
2009-03-09,7.2735595703125,0.0,17.549999237060547,0.0,18.06999969482422,17.479999542236328,17.6299991607666,0.0,169500
2009-03-10,7.795769214630127,0.0,18.809999465942383,0.0,18.989999771118164,18.059999465942383,18.059999465942383,0.0,113600
2009-03-11,7.920101165771484,0.0,19.110000610351562,0.0,19.5,18.829999923706055,18.93000030517578,0.0,169500
2009-03-12,8.226789474487305,0.0,19.850000381469727,0.0,19.950000762939453,19.010000228881836,19.290000915527344,0.0,94200
2009-03-13,8.467171669006348,0.0,20.43000030517578,0.0,20.479999542236328,20.06999969482422,20.149999618530273,0.0,149300
2009-03-16,8.666107177734375,0.0,20.90999984741211,0.0,21.34000015258789,20.770000457763672,20.979999542236328,0.0,162700
2009-03-17,8.947935104370117,0.0,21.59000015258789,0.0,21.59000015258789,20.940000534057617,21.18000030517578,0.0,78700
2009-03-18,9.22561264038086,0.0,22.260000228881836,0.0,22.459999084472656,21.329999923706055,21.799999237060547,0.0,72200
2009-03-19,9.16758918762207,0.0,22.1200008392334,0.0,22.649999618530273,22.110000610351562,22.389999389648438,0.0,85800
2009-03-20,9.044654846191406,0.0,21.40999984741211,0.419,21.8700008392334,21.209999084472656,21.8700008392334,0.0,77800
2009-03-23,9.416412353515625,0.0,22.290000915527344,0.0,22.760000228881836,20.969999313354492,22.760000228881836,0.0,208600
2009-03-24,9.500901222229004,0.0,22.489999771118164,0.0,23.309999465942383,21.309999465942383,21.65999984741211,0.0,70200
2009-03-25,9.479779243469238,0.0,22.440000534057617,0.0,22.729999542236328,22.049999237060547,22.510000228881836,0.0,94500
2009-03-26,9.63186264038086,0.0,22.799999237060547,0.0,23.850000381469727,22.440000534057617,22.639999389648438,0.0,86300
2009-03-27,9.598062515258789,0.0,22.719999313354492,0.0,22.979999542236328,22.59000015258789,22.979999542236328,0.0,109900
2009-03-30,9.091124534606934,0.0,21.520000457763672,0.0,21.989999771118164,21.31999969482422,21.989999771118164,0.0,57500
2009-03-31,9.319245338439941,0.0,22.059999465942383,0.0,22.110000610351562,21.5,21.979999542236328,0.0,125300
2009-04-01,9.429084777832031,0.0,22.31999969482422,0.0,22.5,21.600000381469727,21.81999969482422,0.0,99800
2009-04-02,10.03318977355957,0.0,23.75,0.0,24.049999237060547,22.110000610351562,22.959999084472656,0.0,109800
2009-04-03,10.083884239196777,0.0,23.8700008392334,0.0,24.0,23.5,23.799999237060547,0.0,194100
2009-04-06,9.93602180480957,0.0,23.520000457763672,0.0,24.799999237060547,23.290000915527344,23.530000686645508,0.0,183400
2009-04-07,9.783944129943848,0.0,23.15999984741211,0.0,23.549999237060547,23.06999969482422,23.489999771118164,0.0,86900
2009-04-08,10.02896499633789,0.0,23.739999771118164,0.0,24.459999084472656,23.149999618530273,23.239999771118164,0.0,92100
2009-04-09,10.451412200927734,0.0,24.739999771118164,0.0,25.3700008392334,24.440000534057617,25.3700008392334,0.0,125300
2009-04-13,10.50633430480957,0.0,24.8700008392334,0.0,25.309999465942383,24.649999618530273,25.309999465942383,0.0,67000
2009-04-14,10.582375526428223,0.0,25.049999237060547,0.0,25.360000610351562,24.770000457763672,24.770000457763672,0.0,159400
2009-04-15,10.63729476928711,0.0,25.18000030517578,0.0,25.18000030517578,24.239999771118164,24.860000610351562,0.0,112800
2009-04-16,10.616166114807129,0.0,25.1299991607666,0.0,25.280000686645508,24.690000534057617,25.200000762939453,0.0,123000
2009-04-17,10.62462043762207,0.0,25.149999618530273,0.0,25.34000015258789,24.920000076293945,25.34000015258789,0.0,99400
2009-04-20,9.99939250946045,0.0,23.670000076293945,0.0,24.489999771118164,23.670000076293945,24.489999771118164,0.0,192200
2009-04-21,10.189495086669922,0.0,24.1200008392334,0.0,24.139999389648438,23.31999969482422,23.3700008392334,0.0,88200
2009-04-22,10.151474952697754,0.0,24.030000686645508,0.0,24.459999084472656,23.65999984741211,24.040000915527344,0.0,209200
2009-04-23,10.383821487426758,0.0,24.579999923706055,0.0,24.639999389648438,23.969999313354492,24.329999923706055,0.0,82800
2009-04-24,10.35002326965332,0.0,24.5,0.0,24.90999984741211,24.420000076293945,24.90999984741211,0.0,207400
2009-04-27,10.151474952697754,0.0,24.030000686645508,0.0,24.34000015258789,23.8799991607666,23.920000076293945,0.0,91300
2009-04-28,10.105010032653809,0.0,23.920000076293945,0.0,24.18000030517578,23.559999465942383,23.729999542236328,0.0,89300
2009-04-29,10.400720596313477,0.0,24.6200008392334,0.0,24.770000457763672,24.420000076293945,24.420000076293945,0.0,70700
2009-04-30,10.531681060791016,0.0,24.93000030517578,0.0,25.18000030517578,24.639999389648438,24.68000030517578,0.0,116000
2009-05-01,10.52745532989502,0.0,24.920000076293945,0.0,25.09000015258789,24.56999969482422,24.729999542236328,0.0,86600
2009-05-04,10.937232971191406,0.0,25.889999389648438,0.0,26.350000381469727,25.1200008392334,25.1200008392334,0.0,103100
2009-05-05,10.962577819824219,0.0,25.950000762939453,0.0,26.110000610351562,25.729999542236328,25.93000030517578,0.0,102400
2009-05-06,11.351235389709473,0.0,26.8700008392334,0.0,27.049999237060547,26.450000762939453,26.59000015258789,0.0,155400
2009-05-07,11.266743659973145,0.0,26.670000076293945,0.0,27.329999923706055,26.549999237060547,27.25,0.0,159700
2009-05-08,11.5962553024292,0.0,27.450000762939453,0.0,27.520000457763672,26.610000610351562,26.8700008392334,0.0,175800
2009-05-11,11.270963668823242,0.0,26.68000030517578,0.0,26.90999984741211,26.530000686645508,26.770000457763672,0.0,123300
2009-05-12,11.270963668823242,0.0,26.68000030517578,0.0,27.010000228881836,26.31999969482422,26.799999237060547,0.0,91900
2009-05-13,10.785149574279785,0.0,25.530000686645508,0.0,26.5,25.399999618530273,26.5,0.0,100600
2009-05-14,10.886541366577148,0.0,25.770000457763672,0.0,25.799999237060547,25.200000762939453,25.200000762939453,0.0,81400
2009-05-15,10.844292640686035,0.0,25.670000076293945,0.0,25.959999084472656,25.420000076293945,25.850000381469727,0.0,108800
2009-05-18,11.135787963867188,0.0,26.360000610351562,0.0,26.940000534057617,25.780000686645508,25.780000686645508,0.0,106400
2009-05-19,11.325884819030762,0.0,26.809999465942383,0.0,27.049999237060547,26.440000534057617,26.440000534057617,0.0,128100
2009-05-20,11.444172859191895,0.0,27.09000015258789,0.0,27.420000076293945,27.020000457763672,27.030000686645508,0.0,91100
2009-05-21,11.325884819030762,0.0,26.809999465942383,0.0,26.809999465942383,26.3700008392334,26.610000610351562,0.0,144700
2009-05-22,11.385026931762695,0.0,26.950000762939453,0.0,27.079999923706055,26.780000686645508,27.06999969482422,0.0,81900
2009-05-26,11.761012077331543,0.0,27.84000015258789,0.0,27.920000076293945,26.969999313354492,26.969999313354492,0.0,91700
2009-05-27,11.625823020935059,0.0,27.520000457763672,0.0,28.1200008392334,27.510000228881836,27.989999771118164,0.0,94900
2009-05-28,11.799028396606445,0.0,27.93000030517578,0.0,27.989999771118164,27.469999313354492,27.93000030517578,0.0,83300
2009-05-29,12.18768310546875,0.0,28.850000381469727,0.0,28.940000534057617,28.530000686645508,28.690000534057617,0.0,105700
2009-06-01,12.41158390045166,0.0,29.3799991607666,0.0,30.0,29.3700008392334,29.489999771118164,0.0,229900
2009-06-02,12.584790229797363,0.0,29.790000915527344,0.0,29.81999969482422,29.260000228881836,29.3700008392334,0.0,181100
2009-06-03,12.352442741394043,0.0,29.239999771118164,0.0,29.6200008392334,28.93000030517578,29.6200008392334,0.0,100100
2009-06-04,12.386238098144531,0.0,29.31999969482422,0.0,29.489999771118164,28.8799991607666,29.489999771118164,0.0,100100
2009-06-05,12.107419967651367,0.0,28.65999984741211,0.0,29.280000686645508,28.65999984741211,29.200000762939453,0.0,192700
2009-06-08,12.103195190429688,0.0,28.649999618530273,0.0,28.829999923706055,28.239999771118164,28.520000457763672,0.0,85300
2009-06-09,12.284849166870117,0.0,29.079999923706055,0.0,29.139999389648438,28.719999313354492,28.969999313354492,0.0,121500
2009-06-10,12.339764595031738,0.0,29.209999084472656,0.0,29.6200008392334,28.790000915527344,29.59000015258789,0.0,142500
2009-06-11,12.41158390045166,0.0,29.3799991607666,0.0,29.700000762939453,29.219999313354492,29.290000915527344,0.0,312900
2009-06-12,12.491847038269043,0.0,29.56999969482422,0.0,29.56999969482422,29.100000381469727,29.100000381469727,0.0,88300
2009-06-15,12.183460235595703,0.0,28.84000015258789,0.0,29.200000762939453,28.610000610351562,29.190000534057617,0.0,169800
2009-06-16,12.001802444458008,0.0,28.40999984741211,0.0,28.920000076293945,28.399999618530273,28.920000076293945,0.0,183100
2009-06-17,12.056727409362793,0.0,28.540000915527344,0.0,28.700000762939453,28.1299991607666,28.510000228881836,0.0,249800
2009-06-18,12.001802444458008,0.0,28.40999984741211,0.0,28.670000076293945,28.299999237060547,28.510000228881836,0.0,319700
2009-06-19,12.121482849121094,0.0,28.360000610351562,0.33,28.459999084472656,28.15999984741211,28.389999389648438,0.0,192800
2009-06-22,11.78382682800293,0.0,27.56999969482422,0.0,28.239999771118164,27.440000534057617,27.690000534057617,0.0,202600
2009-06-23,11.860758781433105,0.0,27.75,0.0,27.860000610351562,27.469999313354492,27.860000610351562,0.0,92100
2009-06-24,11.920598983764648,0.0,27.889999389648438,0.0,28.25,27.75,27.920000076293945,0.0,95400
2009-06-25,12.326641082763672,0.0,28.84000015258789,0.0,28.84000015258789,28.049999237060547,28.190000534057617,0.0,192900
2009-06-26,12.446316719055176,0.0,29.1200008392334,0.0,29.270000457763672,28.850000381469727,29.139999389648438,0.0,88800
2009-06-29,12.518976211547852,0.0,29.290000915527344,0.0,29.3799991607666,29.0,29.15999984741211,0.0,105100
2009-06-30,12.27962875366211,0.0,28.729999542236328,0.0,29.049999237060547,28.520000457763672,29.020000457763672,0.0,139900
2009-07-01,12.47196102142334,0.0,29.18000030517578,0.0,29.34000015258789,29.06999969482422,29.139999389648438,0.0,135000
2009-07-02,12.202688217163086,0.0,28.549999237060547,0.0,28.940000534057617,28.420000076293945,28.780000686645508,0.0,129300
2009-07-06,12.313815116882324,0.0,28.809999465942383,0.0,28.809999465942383,28.450000762939453,28.700000762939453,0.0,116900
2009-07-07,11.873578071594238,0.0,27.780000686645508,0.0,28.389999389648438,27.780000686645508,28.389999389648438,0.0,121500
2009-07-08,11.749629020690918,0.0,27.489999771118164,0.0,27.850000381469727,27.209999084472656,27.739999771118164,0.0,122300
2009-07-09,11.84366226196289,0.0,27.709999084472656,0.0,27.920000076293945,27.520000457763672,27.84000015258789,0.0,149400
2009-07-10,11.886402130126953,0.0,27.809999465942383,0.0,27.81999969482422,27.459999084472656,27.670000076293945,0.0,73600
2009-07-13,11.993256568908691,0.0,28.059999465942383,0.0,28.15999984741211,27.229999542236328,27.469999313354492,0.0,133700
2009-07-14,12.283897399902344,0.0,28.739999771118164,0.0,28.739999771118164,28.170000076293945,28.350000381469727,0.0,118700
2009-07-15,12.540345191955566,0.0,29.34000015258789,0.0,29.549999237060547,28.969999313354492,29.1200008392334,0.0,374900
2009-07-16,12.852362632751465,0.0,30.06999969482422,0.0,30.06999969482422,29.170000076293945,29.350000381469727,0.0,77700
2009-07-17,12.736958503723145,0.0,29.799999237060547,0.0,29.850000381469727,29.549999237060547,29.729999542236328,0.0,127700
2009-07-20,13.014778137207031,0.0,30.450000762939453,0.0,30.450000762939453,30.040000915527344,30.350000381469727,0.0,125800
2009-07-21,12.95921516418457,0.0,30.31999969482422,0.0,30.520000457763672,30.09000015258789,30.5,0.0,315600
2009-07-22,12.90365219116211,0.0,30.190000534057617,0.0,30.459999084472656,30.059999465942383,30.149999618530273,0.0,112800
2009-07-23,13.181474685668945,0.0,30.84000015258789,0.0,30.959999084472656,30.229999542236328,30.270000457763672,0.0,188100
2009-07-24,13.190020561218262,0.0,30.860000610351562,0.0,30.93000030517578,30.469999313354492,30.68000030517578,0.0,117400
2009-07-27,13.036149978637695,0.0,30.5,0.0,30.780000686645508,30.329999923706055,30.43000030517578,0.0,134100
2009-07-28,13.108811378479004,0.0,30.670000076293945,0.0,30.84000015258789,30.450000762939453,30.549999237060547,0.0,318200
2009-07-29,12.98913288116455,0.0,30.389999389648438,0.0,30.649999618530273,30.270000457763672,30.649999618530273,0.0,81300
2009-07-30,13.202840805053711,0.0,30.889999389648438,0.0,31.280000686645508,30.770000457763672,30.790000915527344,0.0,159100
2009-07-31,13.484935760498047,0.0,31.549999237060547,0.0,31.780000686645508,31.190000534057617,31.190000534057617,0.0,362500
2009-08-03,13.873887062072754,0.0,32.459999084472656,0.0,32.540000915527344,32.040000915527344,32.290000915527344,0.0,281600
2009-08-04,13.937997817993164,0.0,32.61000061035156,0.0,32.61000061035156,31.829999923706055,32.29999923706055,0.0,285000
2009-08-05,13.976463317871094,0.0,32.70000076293945,0.0,32.86000061035156,32.20000076293945,32.630001068115234,0.0,463200
2009-08-06,13.997838020324707,0.0,32.75,0.0,33.25,32.59000015258789,33.25,0.0,362900
2009-08-07,14.010651588439941,0.0,32.779998779296875,0.0,32.97999954223633,32.56999969482422,32.97999954223633,0.0,247100
2009-08-10,13.972188949584961,0.0,32.689998626708984,0.0,33.08000183105469,32.5099983215332,33.08000183105469,0.0,145700
2009-08-11,13.732836723327637,0.0,32.130001068115234,0.0,32.40999984741211,32.08000183105469,32.38999938964844,0.0,291900
2009-08-12,14.130332946777344,0.0,33.060001373291016,0.0,33.25,32.470001220703125,32.470001220703125,0.0,197100
2009-08-13,14.211541175842285,0.0,33.25,0.0,33.33000183105469,33.0099983215332,33.279998779296875,0.0,170900
2009-08-14,14.25855827331543,0.0,33.36000061035156,0.0,33.77000045776367,32.970001220703125,33.689998626708984,0.0,241600
2009-08-17,13.767029762268066,0.0,32.209999084472656,0.0,32.290000915527344,32.0,32.27000045776367,0.0,298800
2009-08-18,14.08331298828125,0.0,32.95000076293945,0.0,32.95000076293945,32.099998474121094,32.18000030517578,0.0,164600
2009-08-19,13.87816333770752,0.0,32.470001220703125,0.0,32.7599983215332,32.11000061035156,32.25,0.0,295500
2009-08-20,14.10468578338623,0.0,33.0,0.0,33.0,32.52000045776367,32.599998474121094,0.0,105500
2009-08-21,14.314123153686523,0.0,33.4900016784668,0.0,33.54999923706055,33.0,33.0,0.0,187600
2009-08-24,14.386781692504883,0.0,33.65999984741211,0.0,33.939998626708984,33.540000915527344,33.540000915527344,0.0,170200
2009-08-25,14.523555755615234,0.0,33.97999954223633,0.0,34.279998779296875,33.880001068115234,33.9900016784668,0.0,138000
2009-08-26,14.5491943359375,0.0,34.040000915527344,0.0,34.099998474121094,33.77000045776367,33.91999816894531,0.0,155000
2009-08-27,14.664602279663086,0.0,34.310001373291016,0.0,34.349998474121094,33.650001525878906,33.65999984741211,0.0,259800
2009-08-28,14.656060218811035,0.0,34.290000915527344,0.0,34.709999084472656,34.220001220703125,34.70000076293945,0.0,114900
2009-08-31,14.55774211883545,0.0,34.060001373291016,0.0,34.220001220703125,33.90999984741211,34.209999084472656,0.0,110800
2009-09-01,14.143150329589844,0.0,33.09000015258789,0.0,34.06999969482422,33.0,33.849998474121094,0.0,197500
2009-09-02,14.228639602661133,0.0,33.290000915527344,0.0,33.439998626708984,33.06999969482422,33.08000183105469,0.0,105400
2009-09-03,14.450892448425293,0.0,33.810001373291016,0.0,33.810001373291016,33.43000030517578,33.5,0.0,100700
2009-09-04,14.741539001464844,0.0,34.4900016784668,0.0,34.5099983215332,33.7400016784668,34.0,0.0,94300
2009-09-08,14.99371337890625,0.0,35.08000183105469,0.0,35.310001373291016,34.81999969482422,34.81999969482422,0.0,174200
2009-09-09,15.275806427001953,0.0,35.7400016784668,0.0,35.84000015258789,35.33000183105469,35.54999923706055,0.0,156100
2009-09-10,15.468138694763184,0.0,36.189998626708984,0.0,36.189998626708984,35.470001220703125,35.689998626708984,0.0,199800
2009-09-11,15.399752616882324,0.0,36.029998779296875,0.0,36.189998626708984,35.84000015258789,36.119998931884766,0.0,124600
2009-09-14,15.472417831420898,0.0,36.20000076293945,0.0,36.20000076293945,35.400001525878906,35.650001525878906,0.0,137400
2009-09-15,15.53652572631836,0.0,36.349998474121094,0.0,36.5099983215332,35.86000061035156,36.130001068115234,0.0,136000
2009-09-16,15.844265937805176,0.0,37.06999969482422,0.0,37.06999969482422,36.54999923706055,36.66999816894531,0.0,298200
2009-09-17,15.65192699432373,0.0,36.619998931884766,0.0,36.95000076293945,36.45000076293945,36.91999816894531,0.0,178900
2009-09-18,15.746970176696777,0.0,36.45000076293945,0.39,36.650001525878906,36.09000015258789,36.5099983215332,0.0,251000
2009-09-21,15.513680458068848,0.0,35.90999984741211,0.0,35.97999954223633,35.540000915527344,35.84000015258789,0.0,152500
2009-09-22,15.759934425354004,0.0,36.47999954223633,0.0,36.47999954223633,36.11000061035156,36.41999816894531,0.0,271800
2009-09-23,15.483439445495605,0.0,35.84000015258789,0.0,36.540000915527344,35.75,36.540000915527344,0.0,914300
2009-09-24,15.202635765075684,0.0,35.189998626708984,0.0,36.029998779296875,34.900001525878906,36.029998779296875,0.0,170300
2009-09-25,15.189672470092773,0.0,35.15999984741211,0.0,35.22999954223633,34.88999938964844,35.06999969482422,0.0,205400
2009-09-28,15.409995079040527,0.0,35.66999816894531,0.0,35.7400016784668,35.16999816894531,35.290000915527344,0.0,113900
2009-09-29,15.31495189666748,0.0,35.45000076293945,0.0,35.66999816894531,35.27000045776367,35.66999816894531,0.0,106300
2009-09-30,15.267430305480957,0.0,35.34000015258789,0.0,35.880001068115234,35.16999816894531,35.77000045776367,0.0,302600
2009-10-01,14.96070671081543,0.0,34.630001068115234,0.0,35.439998626708984,34.599998474121094,35.439998626708984,0.0,160200
2009-10-02,15.060065269470215,0.0,34.86000061035156,0.0,34.86000061035156,33.86000061035156,34.25,0.0,259100
2009-10-05,15.077348709106445,0.0,34.900001525878906,0.0,34.95000076293945,34.27000045776367,34.599998474121094,0.0,358700
2009-10-06,15.31495189666748,0.0,35.45000076293945,0.0,35.790000915527344,35.34000015258789,35.58000183105469,0.0,231100
2009-10-07,15.539605140686035,0.0,35.970001220703125,0.0,36.16999816894531,35.68000030517578,35.779998779296875,0.0,194500
2009-10-08,15.682168006896973,0.0,36.29999923706055,0.0,36.630001068115234,36.119998931884766,36.380001068115234,0.0,178300
2009-10-09,15.643289566040039,0.0,36.209999084472656,0.0,36.349998474121094,35.95000076293945,36.290000915527344,0.0,228100
2009-10-12,15.703767776489258,0.0,36.349998474121094,0.0,36.58000183105469,36.189998626708984,36.47999954223633,0.0,149500
2009-10-13,15.5957670211792,0.0,36.099998474121094,0.0,36.56999969482422,35.91999816894531,36.56999969482422,0.0,91100
2009-10-14,16.127147674560547,0.0,37.33000183105469,0.0,37.33000183105469,36.65999984741211,36.72999954223633,0.0,126500
2009-10-15,16.04938316345215,0.0,37.150001525878906,0.0,37.220001220703125,36.66999816894531,36.970001220703125,0.0,326900
2009-10-16,15.798809051513672,0.0,36.56999969482422,0.0,36.849998474121094,36.38999938964844,36.66999816894531,0.0,141100
2009-10-19,16.131467819213867,0.0,37.34000015258789,0.0,37.599998474121094,37.0099983215332,37.0099983215332,0.0,128200
2009-10-20,16.148746490478516,0.0,37.380001068115234,0.0,37.709999084472656,37.130001068115234,37.66999816894531,0.0,203800
2009-10-21,16.045063018798828,0.0,37.13999938964844,0.0,37.70000076293945,37.099998474121094,37.38999938964844,0.0,170800
2009-10-22,16.243793487548828,0.0,37.599998474121094,0.0,37.599998474121094,36.70000076293945,37.060001373291016,0.0,139600
2009-10-23,15.83769416809082,0.0,36.65999984741211,0.0,37.16999816894531,36.52000045776367,37.16999816894531,0.0,132300
2009-10-26,15.591444969177246,0.0,36.09000015258789,0.0,37.08000183105469,36.040000915527344,36.810001373291016,0.0,192800
2009-10-27,15.3797607421875,0.0,35.599998474121094,0.0,36.040000915527344,35.47999954223633,36.02000045776367,0.0,278100
2009-10-28,14.749018669128418,0.0,34.13999938964844,0.0,35.16999816894531,34.11000061035156,35.02000045776367,0.0,398300
2009-10-29,15.237197875976562,0.0,35.27000045776367,0.0,35.47999954223633,34.599998474121094,34.599998474121094,0.0,197900
2009-10-30,14.900222778320312,0.0,34.4900016784668,0.0,35.59000015258789,34.4900016784668,35.2400016784668,0.0,214700
2009-11-02,15.090303421020508,0.0,34.93000030517578,0.0,35.369998931884766,34.52000045776367,34.900001525878906,0.0,161800
2009-11-03,15.042780876159668,0.0,34.81999969482422,0.0,34.849998474121094,34.369998931884766,34.459999084472656,0.0,140700
2009-11-04,15.19831371307373,0.0,35.18000030517578,0.0,35.58000183105469,34.9900016784668,35.220001220703125,0.0,116800
2009-11-05,15.301995277404785,0.0,35.41999816894531,0.0,35.54999923706055,35.0,35.29999923706055,0.0,278800
2009-11-06,15.293356895446777,0.0,35.400001525878906,0.0,35.5099983215332,34.95000076293945,35.290000915527344,0.0,106200
2009-11-09,15.850655555725098,0.0,36.689998626708984,0.0,36.689998626708984,35.79999923706055,35.9900016784668,0.0,183200
2009-11-10,15.608726501464844,0.0,36.130001068115234,0.0,36.22999954223633,35.810001373291016,36.11000061035156,0.0,303100
2009-11-11,15.768572807312012,0.0,36.5,0.0,36.880001068115234,36.5,36.630001068115234,0.0,182400
2009-11-12,15.50504207611084,0.0,35.88999938964844,0.0,36.47999954223633,35.880001068115234,36.45000076293945,0.0,128300
2009-11-13,15.798809051513672,0.0,36.56999969482422,0.0,36.63999938964844,36.11000061035156,36.2599983215332,0.0,156900
2009-11-16,15.945704460144043,0.0,36.90999984741211,0.0,37.290000915527344,36.56999969482422,36.630001068115234,0.0,161000
2009-11-17,15.84634017944336,0.0,36.68000030517578,0.0,36.77000045776367,36.2599983215332,36.599998474121094,0.0,138900
2009-11-18,15.729686737060547,0.0,36.40999984741211,0.0,36.65999984741211,36.2599983215332,36.65999984741211,0.0,162600
2009-11-19,15.427287101745605,0.0,35.709999084472656,0.0,35.9900016784668,35.5099983215332,35.810001373291016,0.0,191100
2009-11-20,15.336554527282715,0.0,35.5,0.0,35.540000915527344,35.08000183105469,35.33000183105469,0.0,87400
2009-11-23,15.483439445495605,0.0,35.84000015258789,0.0,36.16999816894531,35.810001373291016,35.93000030517578,0.0,165700
2009-11-24,15.358156204223633,0.0,35.54999923706055,0.0,35.849998474121094,35.38999938964844,35.849998474121094,0.0,120900
2009-11-25,15.474799156188965,0.0,35.81999969482422,0.0,35.93000030517578,35.599998474121094,35.88999938964844,0.0,169500
2009-11-27,15.003912925720215,0.0,34.72999954223633,0.0,35.09000015258789,34.380001068115234,34.380001068115234,0.0,136900
2009-11-30,15.19831371307373,0.0,35.18000030517578,0.0,35.29999923706055,34.869998931884766,34.869998931884766,0.0,183600
2009-12-01,15.600090026855469,0.0,36.11000061035156,0.0,36.310001373291016,35.720001220703125,35.720001220703125,0.0,276600
2009-12-02,15.621684074401855,0.0,36.15999984741211,0.0,36.279998779296875,35.97999954223633,36.16999816894531,0.0,87600
2009-12-03,15.474799156188965,0.0,35.81999969482422,0.0,36.31999969482422,35.75,36.2400016784668,0.0,152600
2009-12-04,15.457520484924316,0.0,35.779998779296875,0.0,36.290000915527344,35.5099983215332,36.11000061035156,0.0,109000
2009-12-07,15.384078025817871,0.0,35.61000061035156,0.0,35.88999938964844,35.599998474121094,35.72999954223633,0.0,143600
2009-12-08,15.021185874938965,0.0,34.77000045776367,0.0,35.25,34.709999084472656,35.25,0.0,116400
2009-12-09,15.193997383117676,0.0,35.16999816894531,0.0,35.16999816894531,34.77000045776367,34.849998474121094,0.0,159000
2009-12-10,15.098945617675781,0.0,34.95000076293945,0.0,35.34000015258789,34.90999984741211,35.06999969482422,0.0,94300
2009-12-11,15.029826164245605,0.0,34.790000915527344,0.0,35.099998474121094,34.66999816894531,35.099998474121094,0.0,142000
2009-12-14,15.168069839477539,0.0,35.11000061035156,0.0,35.11000061035156,34.79999923706055,34.880001068115234,0.0,120100
2009-12-15,15.03414249420166,0.0,34.79999923706055,0.0,35.0099983215332,34.79999923706055,34.849998474121094,0.0,145900
2009-12-16,15.090303421020508,0.0,34.93000030517578,0.0,35.220001220703125,34.79999923706055,35.06999969482422,0.0,169400
2009-12-17,14.848381996154785,0.0,34.369998931884766,0.0,34.7599983215332,34.290000915527344,34.599998474121094,0.0,272800
2009-12-18,14.816777229309082,0.0,33.7599983215332,0.538,34.09000015258789,33.380001068115234,33.9900016784668,0.0,238100
2009-12-21,14.847497940063477,0.0,33.83000183105469,0.0,33.970001220703125,33.709999084472656,33.93000030517578,0.0,166000
2009-12-22,14.7816743850708,0.0,33.68000030517578,0.0,34.11000061035156,33.68000030517578,34.11000061035156,0.0,201800
2009-12-23,14.992329597473145,0.0,34.15999984741211,0.0,34.18000030517578,33.65999984741211,33.97999954223633,0.0,174600
2009-12-24,15.014277458190918,0.0,34.209999084472656,0.0,34.33000183105469,34.16999816894531,34.33000183105469,0.0,71400
2009-12-28,15.097665786743164,0.0,34.400001525878906,0.0,34.63999938964844,34.2599983215332,34.2599983215332,0.0,118100
2009-12-29,15.216163635253906,0.0,34.66999816894531,0.0,34.95000076293945,34.59000015258789,34.88999938964844,0.0,119400
2009-12-30,15.290773391723633,0.0,34.84000015258789,0.0,34.84000015258789,34.41999816894531,34.59000015258789,0.0,200600
2009-12-31,15.312719345092773,0.0,34.88999938964844,0.0,35.189998626708984,34.20000076293945,34.970001220703125,0.0,186700
2010-01-04,15.641889572143555,0.0,35.63999938964844,0.0,35.81999969482422,35.470001220703125,35.52000045776367,0.0,293200
2010-01-05,15.80427360534668,0.0,36.0099983215332,0.0,36.040000915527344,35.7599983215332,35.81999969482422,0.0,198400
2010-01-06,15.720879554748535,0.0,35.81999969482422,0.0,35.97999954223633,35.63999938964844,35.880001068115234,0.0,187900
2010-01-07,15.615554809570312,0.0,35.58000183105469,0.0,35.66999816894531,35.380001068115234,35.63999938964844,0.0,136300
2010-01-08,15.698938369750977,0.0,35.77000045776367,0.0,35.779998779296875,35.470001220703125,35.619998931884766,0.0,188600
2010-01-11,15.76476764678955,0.0,35.91999816894531,0.0,36.0099983215332,35.779998779296875,35.9900016784668,0.0,298900
2010-01-12,15.597991943359375,0.0,35.540000915527344,0.0,35.779998779296875,35.349998474121094,35.650001525878906,0.0,259800
2010-01-13,15.7252779006958,0.0,35.83000183105469,0.0,35.900001525878906,35.439998626708984,35.70000076293945,0.0,214100
2010-01-14,15.720879554748535,0.0,35.81999969482422,0.0,35.849998474121094,35.59000015258789,35.68000030517578,0.0,150600
2010-01-15,15.536556243896484,0.0,35.400001525878906,0.0,35.810001373291016,35.290000915527344,35.70000076293945,0.0,193300
2010-01-19,15.777935981750488,0.0,35.95000076293945,0.0,35.970001220703125,35.459999084472656,35.459999084472656,0.0,131900
2010-01-20,15.374160766601562,0.0,35.029998779296875,0.0,35.54999923706055,34.90999984741211,35.33000183105469,0.0,203400
2010-01-21,15.080110549926758,0.0,34.36000061035156,0.0,35.060001373291016,34.279998779296875,35.0,0.0,190200
2010-01-22,14.794836044311523,0.0,33.709999084472656,0.0,34.529998779296875,33.70000076293945,34.36000061035156,0.0,411100
2010-01-25,15.093276977539062,0.0,34.38999938964844,0.0,34.400001525878906,34.09000015258789,34.189998626708984,0.0,207700
2010-01-26,14.887001037597656,0.0,33.91999816894531,0.0,34.29999923706055,33.779998779296875,34.0,0.0,203200
2010-01-27,14.834338188171387,0.0,33.79999923706055,0.0,33.849998474121094,33.459999084472656,33.790000915527344,0.0,323100
2010-01-28,14.750943183898926,0.0,33.61000061035156,0.0,34.290000915527344,33.5099983215332,34.08000183105469,0.0,175100
2010-01-29,14.650005340576172,0.0,33.380001068115234,0.0,34.04999923706055,33.36000061035156,33.900001525878906,0.0,406200
2010-02-01,14.887001037597656,0.0,33.91999816894531,0.0,33.93000030517578,33.529998779296875,33.650001525878906,0.0,609000
2010-02-02,15.23373031616211,0.0,34.709999084472656,0.0,34.72999954223633,33.959999084472656,34.25,0.0,365200
2010-02-03,15.005502700805664,0.0,34.189998626708984,0.0,34.400001525878906,34.099998474121094,34.20000076293945,0.0,542600
2010-02-04,14.606114387512207,0.0,33.279998779296875,0.0,34.02000045776367,33.25,33.790000915527344,0.0,478400
2010-02-05,14.623671531677246,0.0,33.31999969482422,0.0,33.34000015258789,32.52000045776367,33.08000183105469,0.0,596500
2010-02-08,14.276948928833008,0.0,32.529998779296875,0.0,33.130001068115234,32.529998779296875,32.88999938964844,0.0,191600
2010-02-09,14.606114387512207,0.0,33.279998779296875,0.0,33.52000045776367,32.779998779296875,33.22999954223633,0.0,137100
2010-02-10,14.588556289672852,0.0,33.2400016784668,0.0,33.45000076293945,32.97999954223633,33.31999969482422,0.0,101400
2010-02-11,14.69389533996582,0.0,33.47999954223633,0.0,33.599998474121094,32.91999816894531,33.060001373291016,0.0,161600
2010-02-12,14.601729393005371,0.0,33.27000045776367,0.0,33.36000061035156,32.779998779296875,33.04999923706055,0.0,146700
2010-02-16,14.799229621887207,0.0,33.720001220703125,0.0,33.869998931884766,33.279998779296875,33.470001220703125,0.0,123100
2010-02-17,14.82995319366455,0.0,33.790000915527344,0.0,33.88999938964844,33.650001525878906,33.88999938964844,0.0,135900
2010-02-18,14.913334846496582,0.0,33.97999954223633,0.0,33.97999954223633,33.529998779296875,33.529998779296875,0.0,152300
2010-02-19,14.768500328063965,0.0,33.650001525878906,0.0,33.7599983215332,33.33000183105469,33.470001220703125,0.0,99800
2010-02-22,14.808003425598145,0.0,33.7400016784668,0.0,33.84000015258789,33.540000915527344,33.790000915527344,0.0,138900
2010-02-23,14.680726051330566,0.0,33.45000076293945,0.0,33.900001525878906,33.310001373291016,33.72999954223633,0.0,125300
2010-02-24,14.82116985321045,0.0,33.77000045776367,0.0,33.88999938964844,33.56999969482422,33.59000015258789,0.0,128200
2010-02-25,14.755332946777344,0.0,33.619998931884766,0.0,33.66999816894531,33.029998779296875,33.27000045776367,0.0,155500
2010-02-26,14.878226280212402,0.0,33.900001525878906,0.0,33.9900016784668,33.4900016784668,33.619998931884766,0.0,166100
2010-03-01,15.005502700805664,0.0,34.189998626708984,0.0,34.290000915527344,34.0,34.060001373291016,0.0,208100
2010-03-02,15.23373031616211,0.0,34.709999084472656,0.0,34.720001220703125,34.439998626708984,34.45000076293945,0.0,117700
2010-03-03,15.185443878173828,0.0,34.599998474121094,0.0,34.880001068115234,34.560001373291016,34.70000076293945,0.0,222500
2010-03-04,15.167882919311523,0.0,34.560001373291016,0.0,34.779998779296875,34.45000076293945,34.70000076293945,0.0,160100
2010-03-05,15.479494094848633,0.0,35.27000045776367,0.0,35.290000915527344,34.810001373291016,34.880001068115234,0.0,163100
2010-03-08,15.404886245727539,0.0,35.099998474121094,0.0,35.38999938964844,35.099998474121094,35.29999923706055,0.0,129300
2010-03-09,15.387331008911133,0.0,35.060001373291016,0.0,35.29999923706055,34.93000030517578,34.93000030517578,0.0,346700
2010-03-10,15.24688720703125,0.0,34.7400016784668,0.0,35.09000015258789,34.689998626708984,34.97999954223633,0.0,474300
2010-03-11,15.352221488952637,0.0,34.97999954223633,0.0,35.04999923706055,34.689998626708984,34.7599983215332,0.0,120200
2010-03-12,15.361002922058105,0.0,35.0,0.0,35.279998779296875,34.959999084472656,35.279998779296875,0.0,184000
2010-03-15,15.387331008911133,0.0,35.060001373291016,0.0,35.06999969482422,34.7599983215332,34.880001068115234,0.0,121100
2010-03-16,15.646269798278809,0.0,35.650001525878906,0.0,35.650001525878906,35.06999969482422,35.25,0.0,358900
2010-03-17,15.628713607788086,0.0,35.61000061035156,0.0,35.7599983215332,35.560001373291016,35.66999816894531,0.0,262200
2010-03-18,15.593606948852539,0.0,35.529998779296875,0.0,35.63999938964844,35.40999984741211,35.630001068115234,0.0,295100
2010-03-19,15.341005325317383,0.0,34.79999923706055,0.157,35.369998931884766,34.79999923706055,34.79999923706055,0.0,144200
2010-03-22,15.442401885986328,0.0,35.029998779296875,0.0,35.060001373291016,34.540000915527344,34.54999923706055,0.0,118300
2010-03-23,15.40272331237793,0.0,34.939998626708984,0.0,34.95000076293945,34.650001525878906,34.86000061035156,0.0,177300
2010-03-24,15.169083595275879,0.0,34.40999984741211,0.0,34.5,34.25,34.47999954223633,0.0,220500
2010-03-25,15.15585994720459,0.0,34.380001068115234,0.0,34.83000183105469,34.349998474121094,34.790000915527344,0.0,96000
2010-03-26,15.332195281982422,0.0,34.779998779296875,0.0,34.939998626708984,34.630001068115234,34.66999816894531,0.0,117600
2010-03-29,15.658411026000977,0.0,35.52000045776367,0.0,35.52000045776367,35.11000061035156,35.11000061035156,0.0,178700
2010-03-30,15.614322662353516,0.0,35.41999816894531,0.0,35.66999816894531,35.34000015258789,35.65999984741211,0.0,82100
2010-03-31,15.46444320678711,0.0,35.08000183105469,0.0,35.380001068115234,35.08000183105469,35.33000183105469,0.0,218600
2010-04-01,15.76421070098877,0.0,35.7599983215332,0.0,35.7599983215332,35.5,35.52000045776367,0.0,392400
2010-04-05,15.847962379455566,0.0,35.95000076293945,0.0,35.970001220703125,35.709999084472656,35.790000915527344,0.0,218100
2010-04-06,15.839152336120605,0.0,35.93000030517578,0.0,35.95000076293945,35.5,35.7599983215332,0.0,133100
2010-04-07,15.587882041931152,0.0,35.36000061035156,0.0,35.75,35.36000061035156,35.75,0.0,123200
2010-04-08,15.702492713928223,0.0,35.619998931884766,0.0,35.63999938964844,35.209999084472656,35.38999938964844,0.0,99300
2010-04-09,15.87000846862793,0.0,36.0,0.0,36.0,35.61000061035156,35.779998779296875,0.0,137100
2010-04-12,15.861191749572754,0.0,35.97999954223633,0.0,36.04999923706055,35.91999816894531,36.0099983215332,0.0,87600
2010-04-13,15.87000846862793,0.0,36.0,0.0,36.11000061035156,35.790000915527344,36.09000015258789,0.0,183800
2010-04-14,16.07279396057129,0.0,36.459999084472656,0.0,36.54999923706055,36.25,36.34000015258789,0.0,206800
2010-04-15,16.081607818603516,0.0,36.47999954223633,0.0,36.54999923706055,36.349998474121094,36.43000030517578,0.0,129500
2010-04-16,15.733349800109863,0.0,35.689998626708984,0.0,36.31999969482422,35.630001068115234,36.310001373291016,0.0,209400
2010-04-19,15.654001235961914,0.0,35.5099983215332,0.0,35.54999923706055,35.15999984741211,35.439998626708984,0.0,108600
2010-04-20,15.781847953796387,0.0,35.79999923706055,0.0,35.86000061035156,35.70000076293945,35.86000061035156,0.0,142400
2010-04-21,15.80388069152832,0.0,35.849998474121094,0.0,35.939998626708984,35.599998474121094,35.939998626708984,0.0,127200
2010-04-22,15.768613815307617,0.0,35.77000045776367,0.0,35.790000915527344,35.2599983215332,35.47999954223633,0.0,105300
2010-04-23,15.878828048706055,0.0,36.02000045776367,0.0,36.029998779296875,35.5,35.63999938964844,0.0,97000
2010-04-26,15.861191749572754,0.0,35.97999954223633,0.0,36.16999816894531,35.95000076293945,36.13999938964844,0.0,96700
2010-04-27,15.336601257324219,0.0,34.790000915527344,0.0,35.75,34.790000915527344,35.56999969482422,0.0,173000
2010-04-28,15.43358325958252,0.0,35.0099983215332,0.0,35.29999923706055,34.630001068115234,35.29999923706055,0.0,176000
2010-04-29,15.680452346801758,0.0,35.56999969482422,0.0,35.720001220703125,35.2599983215332,35.439998626708984,0.0,163600
2010-04-30,15.587882041931152,0.0,35.36000061035156,0.0,35.93000030517578,35.349998474121094,35.7599983215332,0.0,150300
2010-05-03,15.825927734375,0.0,35.900001525878906,0.0,35.959999084472656,35.4900016784668,35.790000915527344,0.0,258100
2010-05-04,15.182304382324219,0.0,34.439998626708984,0.0,35.06999969482422,34.369998931884766,35.04999923706055,0.0,183200
2010-05-05,14.948670387268066,0.0,33.90999984741211,0.0,34.2400016784668,33.630001068115234,33.970001220703125,0.0,241200
2010-05-06,14.124306678771973,0.0,32.040000915527344,0.0,33.7599983215332,27.84000015258789,33.7599983215332,0.0,430200
2010-05-07,14.199249267578125,0.0,32.209999084472656,0.0,32.880001068115234,30.600000381469727,32.880001068115234,0.0,443700
2010-05-10,14.922224998474121,0.0,33.849998474121094,0.0,34.04999923706055,33.209999084472656,33.52000045776367,0.0,279900
2010-05-11,14.710611343383789,0.0,33.369998931884766,0.0,33.849998474121094,33.06999969482422,33.400001525878906,0.0,348900
2010-05-12,14.869318008422852,0.0,33.72999954223633,0.0,33.869998931884766,33.47999954223633,33.869998931884766,0.0,140000
2010-05-13,14.715028762817383,0.0,33.380001068115234,0.0,33.880001068115234,33.380001068115234,33.81999969482422,0.0,138900
2010-05-14,14.46374797821045,0.0,32.810001373291016,0.0,33.290000915527344,32.5099983215332,33.290000915527344,0.0,166300
2010-05-17,14.459343910217285,0.0,32.79999923706055,0.0,33.0,32.209999084472656,33.0,0.0,146900
2010-05-18,14.146353721618652,0.0,32.09000015258789,0.0,33.099998474121094,32.0,33.029998779296875,0.0,132400
2010-05-19,14.11548900604248,0.0,32.02000045776367,0.0,32.150001525878906,31.5,32.08000183105469,0.0,281400
2010-05-20,13.590903282165527,0.0,30.829999923706055,0.0,31.299999237060547,30.600000381469727,31.09000015258789,0.0,158900
2010-05-21,13.868622779846191,0.0,31.459999084472656,0.0,31.469999313354492,30.43000030517578,30.43000030517578,0.0,280100
2010-05-24,13.630574226379395,0.0,30.920000076293945,0.0,31.5,30.90999984741211,31.15999984741211,0.0,96200
2010-05-25,13.515959739685059,0.0,30.65999984741211,0.0,30.690000534057617,29.700000762939453,29.940000534057617,0.0,438400
2010-05-26,13.392521858215332,0.0,30.3799991607666,0.0,30.860000610351562,30.229999542236328,30.700000762939453,0.0,94200
2010-05-27,14.080224990844727,0.0,31.940000534057617,0.0,31.940000534057617,31.170000076293945,31.280000686645508,0.0,180800
2010-05-28,13.855401039123535,0.0,31.43000030517578,0.0,32.04999923706055,31.40999984741211,31.989999771118164,0.0,209600
2010-06-01,13.709928512573242,0.0,31.100000381469727,0.0,31.8700008392334,31.09000015258789,31.31999969482422,0.0,439000
2010-06-02,14.216882705688477,0.0,32.25,0.0,32.25,31.459999084472656,31.610000610351562,0.0,130300
2010-06-03,14.17721176147461,0.0,32.15999984741211,0.0,32.439998626708984,31.8700008392334,32.43000030517578,0.0,88300
2010-06-04,13.599715232849121,0.0,30.850000381469727,0.0,31.6200008392334,30.770000457763672,31.6200008392334,0.0,120400
2010-06-07,13.485101699829102,0.0,30.59000015258789,0.0,31.18000030517578,30.540000915527344,30.979999542236328,0.0,134800
2010-06-08,13.643800735473633,0.0,30.950000762939453,0.0,30.989999771118164,30.450000762939453,30.739999771118164,0.0,156900
2010-06-09,13.696695327758789,0.0,31.06999969482422,0.0,31.600000381469727,30.899999618530273,31.350000381469727,0.0,109500
2010-06-10,14.216882705688477,0.0,32.25,0.0,32.290000915527344,31.8799991607666,31.90999984741211,0.0,93200
2010-06-11,14.243332862854004,0.0,32.310001373291016,0.0,32.31999969482422,31.84000015258789,31.889999389648438,0.0,60900
2010-06-14,14.269787788391113,0.0,32.369998931884766,0.0,32.79999923706055,32.310001373291016,32.77000045776367,0.0,87200
2010-06-15,14.697394371032715,0.0,33.34000015258789,0.0,33.369998931884766,32.709999084472656,32.83000183105469,0.0,98100
2010-06-16,14.63567066192627,0.0,33.20000076293945,0.0,33.27000045776367,32.93000030517578,32.97999954223633,0.0,99700
2010-06-17,14.640088081359863,0.0,33.209999084472656,0.0,33.27000045776367,32.849998474121094,33.27000045776367,0.0,113600
2010-06-18,14.541805267333984,0.0,32.70000076293945,0.289,32.810001373291016,32.529998779296875,32.79999923706055,0.0,143500
2010-06-21,14.572933197021484,0.0,32.77000045776367,0.0,33.290000915527344,32.540000915527344,33.16999816894531,0.0,113300
2010-06-22,14.461758613586426,0.0,32.52000045776367,0.0,33.20000076293945,32.5,33.029998779296875,0.0,108900
2010-06-23,14.532912254333496,0.0,32.68000030517578,0.0,32.959999084472656,32.36000061035156,32.83000183105469,0.0,75400
2010-06-24,14.328347206115723,0.0,32.220001220703125,0.0,32.72999954223633,32.15999984741211,32.72999954223633,0.0,94900
2010-06-25,14.497335433959961,0.0,32.599998474121094,0.0,32.720001220703125,32.150001525878906,32.40999984741211,0.0,61900
2010-06-28,14.3817138671875,0.0,32.34000015258789,0.0,32.58000183105469,32.279998779296875,32.54999923706055,0.0,93400
2010-06-29,13.977031707763672,0.0,31.43000030517578,0.0,31.950000762939453,31.360000610351562,31.84000015258789,0.0,248300
2010-06-30,13.861405372619629,0.0,31.170000076293945,0.0,31.6299991607666,31.1299991607666,31.549999237060547,0.0,115200
2010-07-01,14.04818058013916,0.0,31.59000015258789,0.0,31.639999389648438,31.079999923706055,31.450000762939453,0.0,151500
2010-07-02,14.025955200195312,0.0,31.540000915527344,0.0,31.790000915527344,31.399999618530273,31.729999542236328,0.0,237700
2010-07-06,14.190488815307617,0.0,31.90999984741211,0.0,32.38999938964844,31.729999542236328,32.13999938964844,0.0,184400
2010-07-07,14.706341743469238,0.0,33.06999969482422,0.0,33.08000183105469,32.18000030517578,32.189998626708984,0.0,117800
2010-07-08,14.710792541503906,0.0,33.08000183105469,0.0,33.220001220703125,32.7400016784668,33.13999938964844,0.0,102800
2010-07-09,14.715237617492676,0.0,33.09000015258789,0.0,33.150001525878906,32.900001525878906,33.029998779296875,0.0,98800
2010-07-12,14.728580474853516,0.0,33.119998931884766,0.0,33.16999816894531,32.880001068115234,33.040000915527344,0.0,207900
2010-07-13,14.924251556396484,0.0,33.560001373291016,0.0,33.720001220703125,33.2400016784668,33.4900016784668,0.0,91300
2010-07-14,14.973161697387695,0.0,33.66999816894531,0.0,33.720001220703125,33.369998931884766,33.560001373291016,0.0,68300
2010-07-15,15.004293441772461,0.0,33.7400016784668,0.0,33.849998474121094,33.2599983215332,33.790000915527344,0.0,67100
2010-07-16,14.670770645141602,0.0,32.9900016784668,0.0,33.56999969482422,32.849998474121094,33.56999969482422,0.0,72400
2010-07-19,14.879778861999512,0.0,33.459999084472656,0.0,33.5099983215332,33.060001373291016,33.34000015258789,0.0,165000
2010-07-20,15.088794708251953,0.0,33.93000030517578,0.0,33.959999084472656,33.220001220703125,33.22999954223633,0.0,78600
2010-07-21,14.888676643371582,0.0,33.47999954223633,0.0,34.290000915527344,33.290000915527344,34.290000915527344,0.0,177600
2010-07-22,15.306696891784668,0.0,34.41999816894531,0.0,34.599998474121094,34.11000061035156,34.150001525878906,0.0,79900
2010-07-23,15.515705108642578,0.0,34.88999938964844,0.0,34.93000030517578,34.38999938964844,34.5,0.0,127400
2010-07-26,15.658008575439453,0.0,35.209999084472656,0.0,35.22999954223633,34.72999954223633,34.72999954223633,0.0,254600
2010-07-27,15.689140319824219,0.0,35.279998779296875,0.0,35.58000183105469,35.060001373291016,35.58000183105469,0.0,115500
2010-07-28,15.542389869689941,0.0,34.95000076293945,0.0,35.18000030517578,34.86000061035156,35.119998931884766,0.0,122800
2010-07-29,15.613542556762695,0.0,35.11000061035156,0.0,35.41999816894531,34.790000915527344,35.349998474121094,0.0,76100
2010-07-30,15.631327629089355,0.0,35.150001525878906,0.0,35.290000915527344,34.70000076293945,34.720001220703125,0.0,322400
2010-08-02,16.102710723876953,0.0,36.209999084472656,0.0,36.279998779296875,35.7400016784668,35.7400016784668,0.0,445400
2010-08-03,15.964852333068848,0.0,35.900001525878906,0.0,36.06999969482422,35.689998626708984,35.939998626708984,0.0,392600
2010-08-04,16.018220901489258,0.0,36.02000045776367,0.0,36.130001068115234,35.84000015258789,36.09000015258789,0.0,445800
2010-08-05,16.01377296447754,0.0,36.0099983215332,0.0,36.060001373291016,35.790000915527344,36.0,0.0,144800
2010-08-06,16.004886627197266,0.0,35.9900016784668,0.0,36.11000061035156,35.68000030517578,35.900001525878906,0.0,129600
2010-08-09,16.102710723876953,0.0,36.209999084472656,0.0,36.25,35.9900016784668,36.0099983215332,0.0,354900
2010-08-10,15.92927074432373,0.0,35.81999969482422,0.0,35.90999984741211,35.310001373291016,35.65999984741211,0.0,177300
2010-08-11,15.391186714172363,0.0,34.61000061035156,0.0,35.02000045776367,34.529998779296875,34.970001220703125,0.0,103200
2010-08-12,15.37339973449707,0.0,34.56999969482422,0.0,34.599998474121094,34.209999084472656,34.38999938964844,0.0,101900
2010-08-13,15.386741638183594,0.0,34.599998474121094,0.0,34.75,34.5,34.5,0.0,55300
2010-08-16,15.431211471557617,0.0,34.70000076293945,0.0,34.900001525878906,34.5,34.65999984741211,0.0,150600
2010-08-17,15.729165077209473,0.0,35.369998931884766,0.0,35.58000183105469,35.13999938964844,35.22999954223633,0.0,129100
2010-08-18,15.80031681060791,0.0,35.529998779296875,0.0,35.66999816894531,35.29999923706055,35.54999923706055,0.0,58900
2010-08-19,15.617989540100098,0.0,35.119998931884766,0.0,35.54999923706055,34.90999984741211,35.54999923706055,0.0,120700
2010-08-20,15.502365112304688,0.0,34.86000061035156,0.0,34.970001220703125,34.650001525878906,34.75,0.0,85600
2010-08-23,15.524596214294434,0.0,34.90999984741211,0.0,35.2400016784668,34.869998931884766,35.0,0.0,130100
2010-08-24,15.386741638183594,0.0,34.599998474121094,0.0,34.7599983215332,34.38999938964844,34.709999084472656,0.0,111600
2010-08-25,15.50680923461914,0.0,34.869998931884766,0.0,34.970001220703125,34.40999984741211,34.47999954223633,0.0,68300
2010-08-26,15.4623441696167,0.0,34.77000045776367,0.0,35.099998474121094,34.66999816894531,35.04999923706055,0.0,86600
2010-08-27,15.760292053222656,0.0,35.439998626708984,0.0,35.56999969482422,34.84000015258789,35.119998931884766,0.0,181200
2010-08-30,15.626875877380371,0.0,35.13999938964844,0.0,35.40999984741211,35.09000015258789,35.400001525878906,0.0,90900
2010-08-31,15.755842208862305,0.0,35.43000030517578,0.0,35.5,35.02000045776367,35.25,0.0,157600
2010-09-01,16.187206268310547,0.0,36.400001525878906,0.0,36.52000045776367,36.060001373291016,36.119998931884766,0.0,251700
2010-09-02,16.280593872070312,0.0,36.61000061035156,0.0,36.61000061035156,36.290000915527344,36.5,0.0,97800
2010-09-03,16.454029083251953,0.0,37.0,0.0,37.02000045776367,36.709999084472656,36.79999923706055,0.0,165600
2010-09-07,16.236127853393555,0.0,36.5099983215332,0.0,36.849998474121094,36.45000076293945,36.84000015258789,0.0,285700
2010-09-08,16.320619583129883,0.0,36.70000076293945,0.0,37.0,36.5,36.7400016784668,0.0,196000
2010-09-09,16.458478927612305,0.0,37.0099983215332,0.0,37.220001220703125,36.84000015258789,37.13999938964844,0.0,105900
2010-09-10,16.485158920288086,0.0,37.06999969482422,0.0,37.099998474121094,36.88999938964844,37.0099983215332,0.0,101600
2010-09-13,16.729751586914062,0.0,37.619998931884766,0.0,37.65999984741211,37.439998626708984,37.5,0.0,308800
2010-09-14,16.73863983154297,0.0,37.63999938964844,0.0,37.849998474121094,37.220001220703125,37.22999954223633,0.0,167600
2010-09-15,16.756425857543945,0.0,37.68000030517578,0.0,37.75,37.33000183105469,37.47999954223633,0.0,120700
2010-09-16,16.69417381286621,0.0,37.540000915527344,0.0,37.58000183105469,37.220001220703125,37.369998931884766,0.0,197000
2010-09-17,16.596834182739258,0.0,37.0,0.323,37.20000076293945,36.849998474121094,37.20000076293945,0.0,261300
2010-09-20,16.883914947509766,0.0,37.63999938964844,0.0,37.72999954223633,37.15999984741211,37.2400016784668,0.0,107800
2010-09-21,16.924285888671875,0.0,37.72999954223633,0.0,37.9900016784668,37.36000061035156,37.70000076293945,0.0,103600
2010-09-22,16.924285888671875,0.0,37.72999954223633,0.0,38.0,37.54999923706055,37.7599983215332,0.0,114700
2010-09-23,16.74037742614746,0.0,37.31999969482422,0.0,37.630001068115234,37.16999816894531,37.369998931884766,0.0,273000
2010-09-24,17.179960250854492,0.0,38.29999923706055,0.0,38.310001373291016,37.88999938964844,37.97999954223633,0.0,110400
2010-09-27,17.07230567932129,0.0,38.060001373291016,0.0,38.279998779296875,37.97999954223633,38.189998626708984,0.0,144200
2010-09-28,17.251737594604492,0.0,38.459999084472656,0.0,38.59000015258789,37.83000183105469,38.150001525878906,0.0,138200
2010-09-29,17.260704040527344,0.0,38.47999954223633,0.0,38.599998474121094,38.29999923706055,38.540000915527344,0.0,146400
2010-09-30,17.265193939208984,0.0,38.4900016784668,0.0,38.869998931884766,38.2400016784668,38.66999816894531,0.0,369000
2010-10-01,17.54330062866211,0.0,39.11000061035156,0.0,39.119998931884766,38.790000915527344,39.099998474121094,0.0,341300
2010-10-04,17.377328872680664,0.0,38.7400016784668,0.0,39.060001373291016,38.599998474121094,39.02000045776367,0.0,674200
2010-10-05,17.754127502441406,0.0,39.58000183105469,0.0,39.72999954223633,39.18000030517578,39.18000030517578,0.0,289000
2010-10-06,17.888689041137695,0.0,39.880001068115234,0.0,39.9900016784668,39.72999954223633,39.869998931884766,0.0,762400
2010-10-07,17.90215492248535,0.0,39.90999984741211,0.0,40.31999969482422,39.70000076293945,40.18000030517578,0.0,198800
2010-10-08,18.018770217895508,0.0,40.16999816894531,0.0,40.209999084472656,39.72999954223633,39.9900016784668,0.0,223600
2010-10-11,17.987377166748047,0.0,40.099998474121094,0.0,40.2599983215332,40.0099983215332,40.2599983215332,0.0,166600
2010-10-12,18.045692443847656,0.0,40.22999954223633,0.0,40.31999969482422,39.720001220703125,40.02000045776367,0.0,186100
2010-10-13,18.202686309814453,0.0,40.58000183105469,0.0,40.810001373291016,40.349998474121094,40.54999923706055,0.0,262900
2010-10-14,18.328289031982422,0.0,40.86000061035156,0.0,40.91999816894531,40.599998474121094,40.83000183105469,0.0,143200
2010-10-15,18.220630645751953,0.0,40.619998931884766,0.0,41.04999923706055,40.529998779296875,41.04999923706055,0.0,189300
2010-10-18,18.36417007446289,0.0,40.939998626708984,0.0,40.939998626708984,40.34000015258789,40.52000045776367,0.0,539200
2010-10-19,17.7855281829834,0.0,39.650001525878906,0.0,40.09000015258789,39.470001220703125,40.04999923706055,0.0,266600
2010-10-20,18.16680335998535,0.0,40.5,0.0,40.599998474121094,39.900001525878906,39.9900016784668,0.0,155800
2010-10-21,18.00980567932129,0.0,40.150001525878906,0.0,40.650001525878906,39.91999816894531,40.4900016784668,0.0,107600
2010-10-22,18.09951400756836,0.0,40.349998474121094,0.0,40.439998626708984,40.20000076293945,40.20000076293945,0.0,99100
2010-10-25,18.14886474609375,0.0,40.459999084472656,0.0,40.720001220703125,40.369998931884766,40.720001220703125,0.0,161200
2010-10-26,18.14886474609375,0.0,40.459999084472656,0.0,40.47999954223633,40.220001220703125,40.310001373291016,0.0,170600
2010-10-27,18.0501766204834,0.0,40.2400016784668,0.0,40.33000183105469,39.81999969482422,40.33000183105469,0.0,131500
2010-10-28,18.130918502807617,0.0,40.41999816894531,0.0,40.54999923706055,40.18000030517578,40.54999923706055,0.0,175300
2010-10-29,18.11745262145996,0.0,40.38999938964844,0.0,40.400001525878906,40.16999816894531,40.279998779296875,0.0,165900
2010-11-01,18.189237594604492,0.0,40.54999923706055,0.0,40.810001373291016,40.290000915527344,40.75,0.0,139600
2010-11-02,18.43144989013672,0.0,41.09000015258789,0.0,41.18000030517578,40.95000076293945,41.18000030517578,0.0,131200
2010-11-03,18.47182846069336,0.0,41.18000030517578,0.0,41.20000076293945,40.619998931884766,41.06999969482422,0.0,563900
2010-11-04,18.80824851989746,0.0,41.93000030517578,0.0,41.9900016784668,41.68000030517578,41.68000030517578,0.0,283600
2010-11-05,18.74992561340332,0.0,41.79999923706055,0.0,41.86000061035156,41.58000183105469,41.810001373291016,0.0,133900
2010-11-08,18.570514678955078,0.0,41.400001525878906,0.0,41.5,41.18000030517578,41.470001220703125,0.0,156500
2010-11-09,18.265485763549805,0.0,40.720001220703125,0.0,41.59000015258789,40.59000015258789,41.59000015258789,0.0,202500
2010-11-10,18.296884536743164,0.0,40.790000915527344,0.0,40.869998931884766,40.22999954223633,40.869998931884766,0.0,228000
2010-11-11,18.054658889770508,0.0,40.25,0.0,40.33000183105469,40.029998779296875,40.31999969482422,0.0,246000
2010-11-12,17.812437057495117,0.0,39.709999084472656,0.0,40.290000915527344,39.529998779296875,40.099998474121094,0.0,221600
2010-11-15,17.812437057495117,0.0,39.709999084472656,0.0,40.06999969482422,39.689998626708984,40.029998779296875,0.0,128700
2010-11-16,17.45807647705078,0.0,38.91999816894531,0.0,39.54999923706055,38.70000076293945,39.5099983215332,0.0,244200
2010-11-17,17.489473342895508,0.0,38.9900016784668,0.0,39.27000045776367,38.84000015258789,39.11000061035156,0.0,575500
2010-11-18,17.767581939697266,0.0,39.61000061035156,0.0,39.720001220703125,39.439998626708984,39.439998626708984,0.0,180400
2010-11-19,17.673383712768555,0.0,39.400001525878906,0.0,39.45000076293945,38.95000076293945,39.33000183105469,0.0,177900
2010-11-22,17.606096267700195,0.0,39.25,0.0,39.310001373291016,38.709999084472656,39.040000915527344,0.0,203700
2010-11-23,17.18893814086914,0.0,38.31999969482422,0.0,38.560001373291016,38.11000061035156,38.54999923706055,0.0,180300
2010-11-24,17.395273208618164,0.0,38.779998779296875,0.0,38.869998931884766,38.599998474121094,38.810001373291016,0.0,169200
2010-11-26,17.170991897583008,0.0,38.279998779296875,0.0,38.5,38.25,38.47999954223633,0.0,108800
2010-11-29,17.215850830078125,0.0,38.380001068115234,0.0,38.45000076293945,37.86000061035156,38.060001373291016,0.0,267300
2010-11-30,17.005027770996094,0.0,37.90999984741211,0.0,38.08000183105469,37.65999984741211,37.81999969482422,0.0,245400
2010-12-01,17.46255874633789,0.0,38.93000030517578,0.0,38.970001220703125,38.5099983215332,38.5099983215332,0.0,260200
2010-12-02,17.839353561401367,0.0,39.77000045776367,0.0,39.83000183105469,38.970001220703125,38.970001220703125,0.0,324200
2010-12-03,17.942516326904297,0.0,40.0,0.0,40.099998474121094,39.61000061035156,39.63999938964844,0.0,188100
2010-12-06,17.870750427246094,0.0,39.84000015258789,0.0,39.95000076293945,39.599998474121094,39.72999954223633,0.0,151800
2010-12-07,17.875232696533203,0.0,39.849998474121094,0.0,40.349998474121094,39.84000015258789,40.349998474121094,0.0,312300
2010-12-08,17.920095443725586,0.0,39.95000076293945,0.0,39.9900016784668,39.65999984741211,39.91999816894531,0.0,166700
2010-12-09,17.893173217773438,0.0,39.88999938964844,0.0,40.029998779296875,39.709999084472656,40.029998779296875,0.0,138500
2010-12-10,17.955965042114258,0.0,40.029998779296875,0.0,40.060001373291016,39.79999923706055,39.939998626708984,0.0,191100
2010-12-13,18.126434326171875,0.0,40.40999984741211,0.0,40.58000183105469,40.189998626708984,40.36000061035156,0.0,150100
2010-12-14,18.207172393798828,0.0,40.59000015258789,0.0,40.75,40.459999084472656,40.619998931884766,0.0,208000
2010-12-15,18.023263931274414,0.0,40.18000030517578,0.0,40.5099983215332,40.040000915527344,40.45000076293945,0.0,146400
2010-12-16,18.023263931274414,0.0,40.18000030517578,0.0,40.22999954223633,39.95000076293945,40.209999084472656,0.0,108800
2010-12-17,17.848140716552734,0.0,37.20000076293945,2.615,37.34000015258789,37.0,37.34000015258789,0.0,127700
2010-12-20,17.93929100036621,0.0,37.38999938964844,0.0,37.4900016784668,37.20000076293945,37.400001525878906,0.0,350200
2010-12-21,18.102426528930664,0.0,37.72999954223633,0.0,37.72999954223633,37.56999969482422,37.61000061035156,0.0,261100
2010-12-22,18.231971740722656,0.0,38.0,0.0,38.0099983215332,37.86000061035156,37.939998626708984,0.0,241300
2010-12-23,18.255962371826172,0.0,38.04999923706055,0.0,38.099998474121094,37.95000076293945,38.06999969482422,0.0,202000
2010-12-27,18.371112823486328,0.0,38.290000915527344,0.0,38.310001373291016,37.97999954223633,38.09000015258789,0.0,1217300
2010-12-28,18.36151885986328,0.0,38.27000045776367,0.0,38.52000045776367,38.150001525878906,38.400001525878906,0.0,240200
2010-12-29,18.539037704467773,0.0,38.63999938964844,0.0,38.72999954223633,38.4900016784668,38.630001068115234,0.0,165500
2010-12-30,18.553424835205078,0.0,38.66999816894531,0.0,38.720001220703125,38.52000045776367,38.720001220703125,0.0,188700
2010-12-31,18.678173065185547,0.0,38.93000030517578,0.0,39.029998779296875,38.650001525878906,38.7400016784668,0.0,218900
2011-01-03,18.84610366821289,0.0,39.279998779296875,0.0,39.43000030517578,39.060001373291016,39.060001373291016,0.0,431100
2011-01-04,18.75013542175293,0.0,39.08000183105469,0.0,39.380001068115234,38.79999923706055,39.380001068115234,0.0,343000
2011-01-05,18.706954956054688,0.0,38.9900016784668,0.0,39.099998474121094,38.790000915527344,38.93000030517578,0.0,405300
2011-01-06,18.438282012939453,0.0,38.43000030517578,0.0,38.97999954223633,38.38999938964844,38.939998626708984,0.0,241600
2011-01-07,18.38070297241211,0.0,38.310001373291016,0.0,38.540000915527344,38.04999923706055,38.540000915527344,0.0,576500
2011-01-10,18.32313346862793,0.0,38.189998626708984,0.0,38.20000076293945,37.77000045776367,38.06999969482422,0.0,196700
2011-01-11,18.399890899658203,0.0,38.349998474121094,0.0,38.38999938964844,38.18000030517578,38.33000183105469,0.0,193200
2011-01-12,18.678173065185547,0.0,38.93000030517578,0.0,38.959999084472656,38.560001373291016,38.75,0.0,249200
2011-01-13,18.706954956054688,0.0,38.9900016784668,0.0,39.2599983215332,38.9900016784668,39.099998474121094,0.0,233900
2011-01-14,18.826904296875,0.0,39.2400016784668,0.0,39.2599983215332,38.7599983215332,38.93000030517578,0.0,200700
2011-01-18,18.826904296875,0.0,39.2400016784668,0.0,39.29999923706055,39.08000183105469,39.22999954223633,0.0,141300
2011-01-19,18.726152420043945,0.0,39.029998779296875,0.0,39.38999938964844,38.91999816894531,39.38999938964844,0.0,248300
2011-01-20,18.534236907958984,0.0,38.630001068115234,0.0,38.7599983215332,38.29999923706055,38.7400016784668,0.0,158300
2011-01-21,18.529438018798828,0.0,38.619998931884766,0.0,38.849998474121094,38.5099983215332,38.849998474121094,0.0,196000
2011-01-24,18.65898323059082,0.0,38.88999938964844,0.0,38.970001220703125,38.61000061035156,38.68000030517578,0.0,197000
2011-01-25,18.759733200073242,0.0,39.099998474121094,0.0,39.099998474121094,38.650001525878906,38.810001373291016,0.0,851300
2011-01-26,18.822111129760742,0.0,39.22999954223633,0.0,39.279998779296875,39.04999923706055,39.220001220703125,0.0,375100
2011-01-27,18.77412986755371,0.0,39.130001068115234,0.0,39.20000076293945,38.939998626708984,39.16999816894531,0.0,217800
2011-01-28,18.45267105102539,0.0,38.459999084472656,0.0,39.150001525878906,38.400001525878906,39.130001068115234,0.0,251100
2011-01-31,18.606204986572266,0.0,38.779998779296875,0.0,38.849998474121094,38.619998931884766,38.779998779296875,0.0,346000
2011-02-01,18.94206428527832,0.0,39.47999954223633,0.0,39.56999969482422,39.08000183105469,39.16999816894531,0.0,372100
2011-02-02,18.88448143005371,0.0,39.36000061035156,0.0,39.41999816894531,39.20000076293945,39.27000045776367,0.0,986100
2011-02-03,18.913270950317383,0.0,39.41999816894531,0.0,39.41999816894531,39.02000045776367,39.400001525878906,0.0,240300
2011-02-04,18.798118591308594,0.0,39.18000030517578,0.0,39.349998474121094,39.040000915527344,39.34000015258789,0.0,523300
2011-02-07,18.850900650024414,0.0,39.290000915527344,0.0,39.349998474121094,39.15999984741211,39.22999954223633,0.0,396100
2011-02-08,18.86529541015625,0.0,39.31999969482422,0.0,39.349998474121094,39.099998474121094,39.25,0.0,264900
2011-02-09,18.687768936157227,0.0,38.95000076293945,0.0,39.04999923706055,38.77000045776367,39.0,0.0,272600
2011-02-10,18.548633575439453,0.0,38.65999984741211,0.0,38.689998626708984,38.349998474121094,38.5,0.0,189400
2011-02-11,18.553424835205078,0.0,38.66999816894531,0.0,38.72999954223633,38.310001373291016,38.369998931884766,0.0,317800
2011-02-14,18.59181022644043,0.0,38.75,0.0,38.77000045776367,38.5,38.5,0.0,231700
2011-02-15,18.486257553100586,0.0,38.529998779296875,0.0,38.68000030517578,38.45000076293945,38.630001068115234,0.0,429700
2011-02-16,18.716564178466797,0.0,39.0099983215332,0.0,39.02000045776367,38.65999984741211,38.65999984741211,0.0,332400
2011-02-17,18.874889373779297,0.0,39.34000015258789,0.0,39.380001068115234,39.0099983215332,39.119998931884766,0.0,244000
2011-02-18,18.92766571044922,0.0,39.45000076293945,0.0,39.54999923706055,39.36000061035156,39.439998626708984,0.0,382500
2011-02-22,18.47187042236328,0.0,38.5,0.0,39.0099983215332,38.400001525878906,38.88999938964844,0.0,578600
2011-02-23,18.57261848449707,0.0,38.709999084472656,0.0,38.86000061035156,38.34000015258789,38.7400016784668,0.0,293500
2011-02-24,18.57741928100586,0.0,38.720001220703125,0.0,38.86000061035156,38.40999984741211,38.84000015258789,0.0,319100
2011-02-25,18.908479690551758,0.0,39.40999984741211,0.0,39.41999816894531,39.06999969482422,39.09000015258789,0.0,661300
2011-02-28,19.162761688232422,0.0,39.939998626708984,0.0,40.0099983215332,39.709999084472656,39.880001068115234,0.0,680300
2011-03-01,18.855701446533203,0.0,39.29999923706055,0.0,40.0099983215332,39.189998626708984,39.97999954223633,0.0,502900
2011-03-02,18.951656341552734,0.0,39.5,0.0,39.619998931884766,39.38999938964844,39.43000030517578,0.0,302200
2011-03-03,19.114784240722656,0.0,39.84000015258789,0.0,39.91999816894531,39.52000045776367,39.68000030517578,0.0,289800
2011-03-04,19.124380111694336,0.0,39.86000061035156,0.0,40.02000045776367,39.58000183105469,39.97999954223633,0.0,328800
2011-03-07,18.975645065307617,0.0,39.54999923706055,0.0,40.11000061035156,39.459999084472656,40.04999923706055,0.0,274600
2011-03-08,19.018831253051758,0.0,39.63999938964844,0.0,39.849998474121094,39.38999938964844,39.470001220703125,0.0,625200
2011-03-09,19.081201553344727,0.0,39.77000045776367,0.0,39.869998931884766,39.61000061035156,39.68000030517578,0.0,621200
2011-03-10,18.649385452270508,0.0,38.869998931884766,0.0,39.22999954223633,38.79999923706055,39.20000076293945,0.0,230900
2011-03-11,18.668581008911133,0.0,38.90999984741211,0.0,38.9900016784668,38.560001373291016,38.58000183105469,0.0,210700
2011-03-14,18.318334579467773,0.0,38.18000030517578,0.0,38.220001220703125,37.79999923706055,37.93000030517578,0.0,566900
2011-03-15,17.81456184387207,0.0,37.130001068115234,0.0,37.349998474121094,36.0,36.2599983215332,0.0,1356500
2011-03-16,17.36835479736328,0.0,36.20000076293945,0.0,37.060001373291016,35.7400016784668,36.91999816894531,0.0,1026500
2011-03-17,17.81456184387207,0.0,37.130001068115234,0.0,37.34000015258789,36.970001220703125,37.150001525878906,0.0,441700
2011-03-18,18.23746109008789,0.0,37.81999969482422,0.187,37.95000076293945,37.599998474121094,37.66999816894531,0.0,404600
2011-03-21,18.67146110534668,0.0,38.720001220703125,0.0,38.72999954223633,38.31999969482422,38.45000076293945,0.0,200600
2011-03-22,18.53643798828125,0.0,38.439998626708984,0.0,38.59000015258789,38.31999969482422,38.540000915527344,0.0,214800
2011-03-23,18.700382232666016,0.0,38.779998779296875,0.0,38.880001068115234,38.34000015258789,38.439998626708984,0.0,174600
2011-03-24,18.898101806640625,0.0,39.189998626708984,0.0,39.2400016784668,38.84000015258789,38.95000076293945,0.0,316300
2011-03-25,18.690746307373047,0.0,38.7599983215332,0.0,39.029998779296875,38.7599983215332,38.959999084472656,0.0,186300
2011-03-28,18.608768463134766,0.0,38.59000015258789,0.0,38.84000015258789,38.47999954223633,38.7599983215332,0.0,333200
2011-03-29,18.628049850463867,0.0,38.630001068115234,0.0,38.7599983215332,38.310001373291016,38.459999084472656,0.0,357300
2011-03-30,18.835403442382812,0.0,39.060001373291016,0.0,39.189998626708984,38.79999923706055,38.88999938964844,0.0,170300
2011-03-31,18.820940017700195,0.0,39.029998779296875,0.0,39.099998474121094,38.880001068115234,39.0099983215332,0.0,1139400
2011-04-01,18.994544982910156,0.0,39.38999938964844,0.0,39.43000030517578,39.0099983215332,39.209999084472656,0.0,605200
2011-04-04,18.989709854125977,0.0,39.380001068115234,0.0,39.43000030517578,39.20000076293945,39.43000030517578,0.0,297300
2011-04-05,18.999364852905273,0.0,39.400001525878906,0.0,39.47999954223633,39.20000076293945,39.27000045776367,0.0,451000
2011-04-06,19.13920021057129,0.0,39.689998626708984,0.0,39.709999084472656,39.52000045776367,39.599998474121094,0.0,172600
2011-04-07,18.878807067871094,0.0,39.150001525878906,0.0,39.4900016784668,39.02000045776367,39.40999984741211,0.0,268600
2011-04-08,19.081336975097656,0.0,39.56999969482422,0.0,39.68000030517578,39.349998474121094,39.650001525878906,0.0,583100
2011-04-11,18.941495895385742,0.0,39.279998779296875,0.0,39.619998931884766,39.209999084472656,39.540000915527344,0.0,738100
2011-04-12,18.792007446289062,0.0,38.970001220703125,0.0,39.220001220703125,38.90999984741211,39.130001068115234,0.0,595400
2011-04-13,18.849878311157227,0.0,39.09000015258789,0.0,39.41999816894531,39.029998779296875,39.369998931884766,0.0,203000
2011-04-14,19.00419044494629,0.0,39.40999984741211,0.0,39.459999084472656,39.0,39.130001068115234,0.0,364200
2011-04-15,19.06204605102539,0.0,39.529998779296875,0.0,39.650001525878906,39.369998931884766,39.4900016784668,0.0,193300
2011-04-18,18.782358169555664,0.0,38.95000076293945,0.0,39.02000045776367,38.54999923706055,38.939998626708984,0.0,302700
2011-04-19,18.927030563354492,0.0,39.25,0.0,39.290000915527344,39.040000915527344,39.130001068115234,0.0,188600
2011-04-20,19.24529266357422,0.0,39.90999984741211,0.0,39.93000030517578,39.7599983215332,39.83000183105469,0.0,232500
2011-04-21,19.45264434814453,0.0,40.34000015258789,0.0,40.36000061035156,40.130001068115234,40.279998779296875,0.0,540200
2011-04-25,19.45264434814453,0.0,40.34000015258789,0.0,40.40999984741211,40.11000061035156,40.36000061035156,0.0,263100
2011-04-26,19.606958389282227,0.0,40.65999984741211,0.0,40.7400016784668,40.400001525878906,40.52000045776367,0.0,592300
2011-04-27,19.81912612915039,0.0,41.099998474121094,0.0,41.130001068115234,40.4900016784668,40.779998779296875,0.0,1037900
2011-04-28,19.896289825439453,0.0,41.2599983215332,0.0,41.27000045776367,41.04999923706055,41.06999969482422,0.0,724600
2011-04-29,19.99272918701172,0.0,41.459999084472656,0.0,41.54999923706055,41.22999954223633,41.22999954223633,0.0,763000
2011-05-02,20.021665573120117,0.0,41.52000045776367,0.0,41.72999954223633,41.470001220703125,41.70000076293945,0.0,793800
2011-05-03,19.83360481262207,0.0,41.130001068115234,0.0,41.43000030517578,40.900001525878906,41.33000183105469,0.0,300000
2011-05-04,19.611783981323242,0.0,40.66999816894531,0.0,41.29999923706055,40.56999969482422,41.29999923706055,0.0,393200
2011-05-05,19.380313873291016,0.0,40.189998626708984,0.0,40.56999969482422,40.0,40.43000030517578,0.0,637100
2011-05-06,19.549089431762695,0.0,40.540000915527344,0.0,41.04999923706055,40.290000915527344,40.84000015258789,0.0,307300
2011-05-09,19.63106918334961,0.0,40.709999084472656,0.0,40.810001373291016,40.36000061035156,40.540000915527344,0.0,271000
2011-05-10,19.679290771484375,0.0,40.810001373291016,0.0,40.95000076293945,40.72999954223633,40.849998474121094,0.0,702200
2011-05-11,19.36102867126465,0.0,40.150001525878906,0.0,40.66999816894531,39.93000030517578,40.66999816894531,0.0,298400
2011-05-12,19.467117309570312,0.0,40.369998931884766,0.0,40.43000030517578,39.84000015258789,40.09000015258789,0.0,477000
2011-05-13,19.23563575744629,0.0,39.88999938964844,0.0,40.380001068115234,39.61000061035156,40.380001068115234,0.0,297000
2011-05-16,19.197063446044922,0.0,39.810001373291016,0.0,40.150001525878906,39.709999084472656,39.81999969482422,0.0,262900
2011-05-17,19.3369083404541,0.0,40.099998474121094,0.0,40.099998474121094,39.54999923706055,39.619998931884766,0.0,718000
2011-05-18,19.491222381591797,0.0,40.41999816894531,0.0,40.560001373291016,40.09000015258789,40.16999816894531,0.0,205100
2011-05-19,19.602128982543945,0.0,40.650001525878906,0.0,40.66999816894531,40.369998931884766,40.619998931884766,0.0,162700
2011-05-20,19.447826385498047,0.0,40.33000183105469,0.0,40.59000015258789,40.150001525878906,40.470001220703125,0.0,222900
2011-05-23,19.105449676513672,0.0,39.619998931884766,0.0,39.7400016784668,39.40999984741211,39.4900016784668,0.0,873300
2011-05-24,19.2115478515625,0.0,39.84000015258789,0.0,39.97999954223633,39.689998626708984,39.90999984741211,0.0,671700
2011-05-25,19.26940155029297,0.0,39.959999084472656,0.0,40.08000183105469,39.63999938964844,39.70000076293945,0.0,259500
2011-05-26,19.40924644470215,0.0,40.25,0.0,40.36000061035156,39.93000030517578,40.040000915527344,0.0,177700
2011-05-27,19.626245498657227,0.0,40.70000076293945,0.0,40.83000183105469,40.5099983215332,40.54999923706055,0.0,204500
2011-05-31,19.867355346679688,0.0,41.20000076293945,0.0,41.20000076293945,40.849998474121094,41.189998626708984,0.0,773500
2011-06-01,19.515331268310547,0.0,40.470001220703125,0.0,41.130001068115234,40.380001068115234,41.130001068115234,0.0,463700
2011-06-02,19.655176162719727,0.0,40.7599983215332,0.0,40.83000183105469,40.36000061035156,40.70000076293945,0.0,248400
2011-06-03,19.684112548828125,0.0,40.81999969482422,0.0,41.0099983215332,40.40999984741211,40.459999084472656,0.0,548600
2011-06-06,19.48640251159668,0.0,40.40999984741211,0.0,40.810001373291016,40.33000183105469,40.72999954223633,0.0,238800
2011-06-07,19.544269561767578,0.0,40.529998779296875,0.0,40.84000015258789,40.529998779296875,40.810001373291016,0.0,259000
2011-06-08,19.394777297973633,0.0,40.220001220703125,0.0,40.5099983215332,40.150001525878906,40.369998931884766,0.0,366400
2011-06-09,19.467117309570312,0.0,40.369998931884766,0.0,40.45000076293945,40.22999954223633,40.369998931884766,0.0,703900
2011-06-10,19.12955665588379,0.0,39.66999816894531,0.0,40.150001525878906,39.540000915527344,40.119998931884766,0.0,243500
2011-06-13,19.17778968811035,0.0,39.77000045776367,0.0,39.939998626708984,39.5099983215332,39.75,0.0,232600
2011-06-14,19.45746421813965,0.0,40.349998474121094,0.0,40.529998779296875,40.130001068115234,40.2400016784668,0.0,203900
2011-06-15,19.076515197753906,0.0,39.560001373291016,0.0,40.06999969482422,39.43000030517578,40.0,0.0,195400
2011-06-16,19.086158752441406,0.0,39.58000183105469,0.0,39.7400016784668,39.13999938964844,39.43000030517578,0.0,428500
2011-06-17,19.147079467773438,0.0,39.290000915527344,0.415,39.45000076293945,39.099998474121094,39.38999938964844,0.0,377800
2011-06-20,19.09834861755371,0.0,39.189998626708984,0.0,39.310001373291016,39.0,39.11000061035156,0.0,189700
2011-06-21,19.346879959106445,0.0,39.70000076293945,0.0,39.79999923706055,39.36000061035156,39.40999984741211,0.0,258600
2011-06-22,19.176313400268555,0.0,39.349998474121094,0.0,39.709999084472656,39.33000183105469,39.58000183105469,0.0,298800
2011-06-23,19.117835998535156,0.0,39.22999954223633,0.0,39.22999954223633,38.56999969482422,38.869998931884766,0.0,243000
2011-06-24,18.92778205871582,0.0,38.84000015258789,0.0,39.29999923706055,38.75,39.29999923706055,0.0,237500
2011-06-27,19.01062774658203,0.0,39.0099983215332,0.0,39.15999984741211,38.70000076293945,38.810001373291016,0.0,286100
2011-06-28,19.249414443969727,0.0,39.5,0.0,39.5099983215332,39.060001373291016,39.08000183105469,0.0,234300
2011-06-29,19.42486000061035,0.0,39.86000061035156,0.0,39.93000030517578,39.529998779296875,39.709999084472656,0.0,242300
2011-06-30,19.67826271057129,0.0,40.380001068115234,0.0,40.43000030517578,39.9900016784668,40.119998931884766,0.0,372100
2011-07-01,19.843957901000977,0.0,40.720001220703125,0.0,40.75,40.16999816894531,40.310001373291016,0.0,280900
2011-07-05,19.697757720947266,0.0,40.41999816894531,0.0,40.650001525878906,40.380001068115234,40.630001068115234,0.0,323800
2011-07-06,19.619779586791992,0.0,40.2599983215332,0.0,40.439998626708984,40.18000030517578,40.349998474121094,0.0,382800
2011-07-07,19.736743927001953,0.0,40.5,0.0,40.630001068115234,40.369998931884766,40.52000045776367,0.0,336400
2011-07-08,19.60029411315918,0.0,40.220001220703125,0.0,40.29999923706055,39.970001220703125,40.220001220703125,0.0,744200
2011-07-11,19.137332916259766,0.0,39.27000045776367,0.0,39.619998931884766,39.16999816894531,39.4900016784668,0.0,623400
2011-07-12,19.112964630126953,0.0,39.220001220703125,0.0,39.54999923706055,39.11000061035156,39.22999954223633,0.0,248000
2011-07-13,19.312776565551758,0.0,39.630001068115234,0.0,40.0099983215332,39.470001220703125,39.4900016784668,0.0,484700
2011-07-14,19.16170310974121,0.0,39.31999969482422,0.0,39.81999969482422,39.25,39.779998779296875,0.0,402900
2011-07-15,19.25916290283203,0.0,39.52000045776367,0.0,39.619998931884766,39.290000915527344,39.4900016784668,0.0,367900
2011-07-18,19.01062774658203,0.0,39.0099983215332,0.0,39.16999816894531,38.70000076293945,39.06999969482422,0.0,239300
2011-07-19,19.22991943359375,0.0,39.459999084472656,0.0,39.470001220703125,39.18000030517578,39.27000045776367,0.0,171700
2011-07-20,19.346879959106445,0.0,39.70000076293945,0.0,39.7599983215332,39.54999923706055,39.7400016784668,0.0,172200
2011-07-21,19.575916290283203,0.0,40.16999816894531,0.0,40.189998626708984,39.72999954223633,39.900001525878906,0.0,503100
2011-07-22,19.556432723999023,0.0,40.130001068115234,0.0,40.18000030517578,39.900001525878906,40.18000030517578,0.0,685100
2011-07-25,19.42972183227539,0.0,39.869998931884766,0.0,40.11000061035156,39.72999954223633,39.810001373291016,0.0,919500
2011-07-26,19.522314071655273,0.0,40.060001373291016,0.0,40.189998626708984,39.88999938964844,40.09000015258789,0.0,131400
2011-07-27,19.22017478942871,0.0,39.439998626708984,0.0,39.959999084472656,39.290000915527344,39.959999084472656,0.0,356900
2011-07-28,19.22017478942871,0.0,39.439998626708984,0.0,39.779998779296875,39.38999938964844,39.47999954223633,0.0,205000
2011-07-29,19.22505760192871,0.0,39.45000076293945,0.0,39.779998779296875,39.20000076293945,39.29999923706055,0.0,492500
2011-08-01,19.13245964050293,0.0,39.2599983215332,0.0,39.9900016784668,38.84000015258789,39.9900016784668,0.0,749000
2011-08-02,18.7669620513916,0.0,38.5099983215332,0.0,39.380001068115234,38.4900016784668,39.130001068115234,0.0,392300
2011-08-03,18.976516723632812,0.0,38.939998626708984,0.0,39.0099983215332,38.209999084472656,38.709999084472656,0.0,858900
2011-08-04,17.826419830322266,0.0,36.58000183105469,0.0,37.900001525878906,36.58000183105469,37.88999938964844,0.0,680300
2011-08-05,17.7679443359375,0.0,36.459999084472656,0.0,37.040000915527344,35.31999969482422,36.790000915527344,0.0,752900
2011-08-08,16.325454711914062,0.0,33.5,0.0,35.25,33.43000030517578,34.90999984741211,0.0,691300
2011-08-09,17.631484985351562,0.0,36.18000030517578,0.0,36.18000030517578,34.08000183105469,34.880001068115234,0.0,926500
2011-08-10,16.700700759887695,0.0,34.27000045776367,0.0,35.25,34.20000076293945,35.06999969482422,0.0,779100
2011-08-11,17.485292434692383,0.0,35.880001068115234,0.0,36.209999084472656,34.54999923706055,34.54999923706055,0.0,577700
2011-08-12,17.62174415588379,0.0,36.15999984741211,0.0,36.400001525878906,35.779998779296875,36.279998779296875,0.0,264000
2011-08-15,17.992109298706055,0.0,36.91999816894531,0.0,37.0099983215332,36.56999969482422,36.63999938964844,0.0,286000
2011-08-16,17.84103775024414,0.0,36.61000061035156,0.0,36.880001068115234,36.290000915527344,36.36000061035156,0.0,208500
2011-08-17,17.95800018310547,0.0,36.849998474121094,0.0,37.349998474121094,36.720001220703125,37.04999923706055,0.0,330300
2011-08-18,17.363454818725586,0.0,35.630001068115234,0.0,35.84000015258789,35.18000030517578,35.75,0.0,593700
2011-08-19,17.158782958984375,0.0,35.209999084472656,0.0,36.099998474121094,35.209999084472656,35.33000183105469,0.0,276000
2011-08-22,17.22213363647461,0.0,35.34000015258789,0.0,36.11000061035156,35.29999923706055,35.88999938964844,0.0,189900
2011-08-23,17.68997573852539,0.0,36.29999923706055,0.0,36.349998474121094,35.4900016784668,35.68000030517578,0.0,267200
2011-08-24,17.67047119140625,0.0,36.2599983215332,0.0,36.43000030517578,35.810001373291016,36.099998474121094,0.0,565800
2011-08-25,17.36833381652832,0.0,35.63999938964844,0.0,36.33000183105469,35.5099983215332,36.15999984741211,0.0,251600
2011-08-26,17.60225486755371,0.0,36.119998931884766,0.0,36.29999923706055,35.220001220703125,35.619998931884766,0.0,431100
2011-08-29,18.079832077026367,0.0,37.099998474121094,0.0,37.16999816894531,36.72999954223633,36.77000045776367,0.0,396600
2011-08-30,18.079832077026367,0.0,37.099998474121094,0.0,37.29999923706055,36.630001068115234,36.810001373291016,0.0,281000
2011-08-31,18.352739334106445,0.0,37.65999984741211,0.0,37.810001373291016,37.43000030517578,37.5099983215332,0.0,393500
2011-09-01,18.182172775268555,0.0,37.310001373291016,0.0,37.709999084472656,37.220001220703125,37.47999954223633,0.0,406700
2011-09-02,17.91901397705078,0.0,36.77000045776367,0.0,37.0,36.61000061035156,36.7400016784668,0.0,292200
2011-09-06,17.5778865814209,0.0,36.06999969482422,0.0,36.189998626708984,35.310001373291016,35.400001525878906,0.0,665200
2011-09-07,17.933635711669922,0.0,36.79999923706055,0.0,36.79999923706055,36.27000045776367,36.41999816894531,0.0,307300
2011-09-08,17.59737777709961,0.0,36.11000061035156,0.0,36.7400016784668,36.060001373291016,36.380001068115234,0.0,199300
2011-09-09,17.090547561645508,0.0,35.06999969482422,0.0,35.619998931884766,34.939998626708984,35.560001373291016,0.0,306200
2011-09-12,17.051570892333984,0.0,34.9900016784668,0.0,35.029998779296875,34.31999969482422,34.650001525878906,0.0,987300
2011-09-13,16.993093490600586,0.0,34.869998931884766,0.0,34.95000076293945,34.52000045776367,34.7599983215332,0.0,387300
2011-09-14,16.92974281311035,0.0,34.7400016784668,0.0,35.0099983215332,34.029998779296875,34.59000015258789,0.0,354500
2011-09-15,17.17827796936035,0.0,35.25,0.0,35.25,34.790000915527344,35.0,0.0,235100
2011-09-16,17.17974853515625,0.0,34.939998626708984,0.313,35.09000015258789,34.63999938964844,35.029998779296875,0.0,251600
2011-09-19,16.776561737060547,0.0,34.119998931884766,0.0,34.310001373291016,33.7599983215332,34.0099983215332,0.0,216000
2011-09-20,16.74706268310547,0.0,34.060001373291016,0.0,34.470001220703125,34.0,34.20000076293945,0.0,312400
2011-09-21,16.314373016357422,0.0,33.18000030517578,0.0,34.279998779296875,33.18000030517578,34.029998779296875,0.0,721500
2011-09-22,15.76859188079834,0.0,32.06999969482422,0.0,32.31999969482422,31.600000381469727,32.20000076293945,0.0,872700
2011-09-23,15.911186218261719,0.0,32.36000061035156,0.0,32.5099983215332,31.93000030517578,32.099998474121094,0.0,288300
2011-09-26,16.09803009033203,0.0,32.7400016784668,0.0,32.810001373291016,32.029998779296875,32.45000076293945,0.0,222100
2011-09-27,16.397964477539062,0.0,33.349998474121094,0.0,33.84000015258789,33.209999084472656,33.459999084472656,0.0,237400
2011-09-28,16.078367233276367,0.0,32.70000076293945,0.0,33.65999984741211,32.70000076293945,33.540000915527344,0.0,319500
2011-09-29,16.319292068481445,0.0,33.189998626708984,0.0,33.650001525878906,32.68000030517578,33.33000183105469,0.0,287100
2011-09-30,15.75876235961914,0.0,32.04999923706055,0.0,32.720001220703125,32.0,32.599998474121094,0.0,999300
2011-10-03,15.458822250366211,0.0,31.440000534057617,0.0,32.36000061035156,31.389999389648438,31.889999389648438,0.0,459600
2011-10-04,15.621087074279785,0.0,31.770000457763672,0.0,31.790000915527344,30.579999923706055,31.06999969482422,0.0,471500
2011-10-05,15.719425201416016,0.0,31.969999313354492,0.0,32.099998474121094,31.299999237060547,31.56999969482422,0.0,1312100
2011-10-06,16.14719581604004,0.0,32.84000015258789,0.0,32.86000061035156,32.060001373291016,32.099998474121094,0.0,431900
2011-10-07,16.10785484313965,0.0,32.7599983215332,0.0,33.34000015258789,32.72999954223633,33.25,0.0,1002800
2011-10-10,16.64872169494629,0.0,33.86000061035156,0.0,33.88999938964844,33.47999954223633,33.5099983215332,0.0,267600
2011-10-11,16.515962600708008,0.0,33.59000015258789,0.0,33.720001220703125,33.2599983215332,33.41999816894531,0.0,473100
2011-10-12,16.869977951049805,0.0,34.310001373291016,0.0,34.70000076293945,34.119998931884766,34.27000045776367,0.0,795100
2011-10-13,16.94866371154785,0.0,34.470001220703125,0.0,34.560001373291016,33.970001220703125,34.15999984741211,0.0,293400
2011-10-14,17.228923797607422,0.0,35.040000915527344,0.0,35.06999969482422,34.70000076293945,34.83000183105469,0.0,355800
2011-10-17,16.830650329589844,0.0,34.22999954223633,0.0,34.810001373291016,34.189998626708984,34.77000045776367,0.0,208200
2011-10-18,16.992908477783203,0.0,34.560001373291016,0.0,34.83000183105469,33.77000045776367,34.11000061035156,0.0,217300
2011-10-19,16.74706268310547,0.0,34.060001373291016,0.0,34.540000915527344,33.95000076293945,34.40999984741211,0.0,313300
2011-10-20,16.678218841552734,0.0,33.91999816894531,0.0,34.040000915527344,33.470001220703125,34.040000915527344,0.0,449900
2011-10-21,17.096160888671875,0.0,34.77000045776367,0.0,34.77000045776367,34.40999984741211,34.459999084472656,0.0,482200
2011-10-24,17.32234764099121,0.0,35.22999954223633,0.0,35.31999969482422,34.689998626708984,34.7400016784668,0.0,225900
2011-10-25,16.943742752075195,0.0,34.459999084472656,0.0,35.0,34.38999938964844,34.95000076293945,0.0,318000
2011-10-26,17.076496124267578,0.0,34.72999954223633,0.0,34.849998474121094,34.04999923706055,34.810001373291016,0.0,209400
2011-10-27,17.858291625976562,0.0,36.31999969482422,0.0,36.54999923706055,35.810001373291016,36.040000915527344,0.0,623000
2011-10-28,17.843528747558594,0.0,36.290000915527344,0.0,36.43000030517578,35.97999954223633,35.97999954223633,0.0,353600
2011-10-31,17.238752365112305,0.0,35.060001373291016,0.0,35.54999923706055,35.02000045776367,35.40999984741211,0.0,466000
2011-11-01,16.894567489624023,0.0,34.36000061035156,0.0,34.58000183105469,33.66999816894531,33.88999938964844,0.0,430800
2011-11-02,16.96341323852539,0.0,34.5,0.0,34.599998474121094,34.099998474121094,34.56999969482422,0.0,463800
2011-11-03,17.189577102661133,0.0,34.959999084472656,0.0,35.22999954223633,34.36000061035156,34.93000030517578,0.0,742100
2011-11-04,17.101076126098633,0.0,34.779998779296875,0.0,34.88999938964844,34.34000015258789,34.63999938964844,0.0,388600
2011-11-07,17.164997100830078,0.0,34.90999984741211,0.0,34.93000030517578,34.36000061035156,34.709999084472656,0.0,247100
2011-11-08,17.366594314575195,0.0,35.31999969482422,0.0,35.41999816894531,34.65999984741211,34.9900016784668,0.0,353700
2011-11-09,16.584800720214844,0.0,33.72999954223633,0.0,34.22999954223633,33.56999969482422,34.11000061035156,0.0,452500
2011-11-10,16.638885498046875,0.0,33.84000015258789,0.0,34.27000045776367,33.630001068115234,34.189998626708984,0.0,264600
2011-11-11,17.071577072143555,0.0,34.720001220703125,0.0,34.790000915527344,34.33000183105469,34.33000183105469,0.0,222800
2011-11-14,16.717565536499023,0.0,34.0,0.0,34.27000045776367,33.810001373291016,34.209999084472656,0.0,396700
2011-11-15,16.717565536499023,0.0,34.0,0.0,34.119998931884766,33.630001068115234,33.84000015258789,0.0,403100
2011-11-16,16.270116806030273,0.0,33.09000015258789,0.0,33.7400016784668,33.06999969482422,33.5099983215332,0.0,536200
2011-11-17,16.004606246948242,0.0,32.54999923706055,0.0,33.13999938964844,32.31999969482422,33.11000061035156,0.0,415700
2011-11-18,16.10293960571289,0.0,32.75,0.0,32.97999954223633,32.650001525878906,32.97999954223633,0.0,540300
2011-11-21,15.680083274841309,0.0,31.889999389648438,0.0,32.08000183105469,31.6299991607666,32.029998779296875,0.0,310300
2011-11-22,15.788259506225586,0.0,32.11000061035156,0.0,32.22999954223633,31.8799991607666,31.969999313354492,0.0,303400
2011-11-23,15.350654602050781,0.0,31.219999313354492,0.0,31.719999313354492,31.15999984741211,31.719999313354492,0.0,273700
2011-11-25,15.340821266174316,0.0,31.200000762939453,0.0,31.6200008392334,31.200000762939453,31.260000228881836,0.0,128800
2011-11-28,15.842348098754883,0.0,32.220001220703125,0.0,32.470001220703125,31.979999542236328,32.400001525878906,0.0,449300
2011-11-29,15.950518608093262,0.0,32.439998626708984,0.0,32.68000030517578,32.33000183105469,32.5,0.0,689000
2011-11-30,16.835567474365234,0.0,34.2400016784668,0.0,34.290000915527344,33.68000030517578,33.7599983215332,0.0,264700
2011-12-01,16.540544509887695,0.0,33.63999938964844,0.0,33.83000183105469,33.5099983215332,33.72999954223633,0.0,220300
2011-12-02,16.481544494628906,0.0,33.52000045776367,0.0,33.970001220703125,33.52000045776367,33.880001068115234,0.0,194100
2011-12-05,16.70772361755371,0.0,33.97999954223633,0.0,34.15999984741211,33.709999084472656,34.08000183105469,0.0,2266400
2011-12-06,16.589723587036133,0.0,33.7400016784668,0.0,33.93000030517578,33.58000183105469,33.66999816894531,0.0,275500
2011-12-07,16.678218841552734,0.0,33.91999816894531,0.0,34.02000045776367,33.400001525878906,33.52000045776367,0.0,297200
2011-12-08,16.10785484313965,0.0,32.7599983215332,0.0,33.369998931884766,32.70000076293945,33.34000015258789,0.0,283800
2011-12-09,16.348791122436523,0.0,33.25,0.0,33.380001068115234,32.83000183105469,32.90999984741211,0.0,310400
2011-12-12,15.832510948181152,0.0,32.20000076293945,0.0,32.52000045776367,32.0,32.5,0.0,441900
2011-12-13,15.67025375366211,0.0,31.8700008392334,0.0,32.59000015258789,31.739999771118164,32.38999938964844,0.0,381600
2011-12-14,15.468659400939941,0.0,31.459999084472656,0.0,31.770000457763672,31.3799991607666,31.68000030517578,0.0,328800
2011-12-15,15.621087074279785,0.0,31.770000457763672,0.0,31.989999771118164,31.639999389648438,31.899999618530273,0.0,418800
2011-12-16,15.569236755371094,0.0,31.229999542236328,0.436,31.530000686645508,31.059999465942383,31.420000076293945,0.0,261300
2011-12-19,15.33492374420166,0.0,30.760000228881836,0.0,31.31999969482422,30.709999084472656,31.25,0.0,475700
2011-12-20,15.898270606994629,0.0,31.889999389648438,0.0,31.93000030517578,31.559999465942383,31.649999618530273,0.0,667700
2011-12-21,15.708833694458008,0.0,31.510000228881836,0.0,31.639999389648438,31.15999984741211,31.610000610351562,0.0,3227800
2011-12-22,15.88331413269043,0.0,31.860000610351562,0.0,31.899999618530273,31.549999237060547,31.65999984741211,0.0,699300
2011-12-23,16.007946014404297,0.0,32.11000061035156,0.0,32.11000061035156,31.809999465942383,32.0,0.0,548200
2011-12-27,15.903252601623535,0.0,31.899999618530273,0.0,32.04999923706055,31.860000610351562,31.920000076293945,0.0,562900
2011-12-28,15.644010543823242,0.0,31.3799991607666,0.0,31.860000610351562,31.280000686645508,31.860000610351562,0.0,584900
2011-12-29,15.823486328125,0.0,31.739999771118164,0.0,31.75,31.360000610351562,31.450000762939453,0.0,759700
2011-12-30,15.868351936340332,0.0,31.829999923706055,0.0,32.04999923706055,31.700000762939453,31.75,0.0,535600
2012-01-03,16.26219940185547,0.0,32.619998931884766,0.0,32.68000030517578,32.380001068115234,32.43000030517578,0.0,269100
2012-01-04,16.202375411987305,0.0,32.5,0.0,32.59000015258789,32.349998474121094,32.47999954223633,0.0,281400
2012-01-05,16.03785514831543,0.0,32.16999816894531,0.0,32.38999938964844,32.04999923706055,32.15999984741211,0.0,1103900
2012-01-06,15.943132400512695,0.0,31.979999542236328,0.0,32.16999816894531,31.799999237060547,32.16999816894531,0.0,284400
2012-01-09,15.98301887512207,0.0,32.060001373291016,0.0,32.13999938964844,31.829999923706055,32.13999938964844,0.0,244200
2012-01-10,16.232290267944336,0.0,32.560001373291016,0.0,32.709999084472656,32.54999923706055,32.599998474121094,0.0,245000
2012-01-11,16.22231674194336,0.0,32.540000915527344,0.0,32.59000015258789,32.22999954223633,32.349998474121094,0.0,202600
2012-01-12,16.431699752807617,0.0,32.959999084472656,0.0,33.0,32.63999938964844,32.720001220703125,0.0,1516800
2012-01-13,16.31704330444336,0.0,32.72999954223633,0.0,32.7599983215332,32.36000061035156,32.709999084472656,0.0,259700
2012-01-17,16.45164680480957,0.0,33.0,0.0,33.20000076293945,32.939998626708984,33.16999816894531,0.0,228800
2012-01-18,16.680965423583984,0.0,33.459999084472656,0.0,33.52000045776367,33.0,33.08000183105469,0.0,605500
2012-01-19,17.009998321533203,0.0,34.119998931884766,0.0,34.15999984741211,33.79999923706055,33.849998474121094,0.0,509600
2012-01-20,17.149593353271484,0.0,34.400001525878906,0.0,34.439998626708984,34.16999816894531,34.16999816894531,0.0,282000
2012-01-23,17.264251708984375,0.0,34.630001068115234,0.0,34.7599983215332,34.4900016784668,34.540000915527344,0.0,233100
2012-01-24,17.129657745361328,0.0,34.36000061035156,0.0,34.459999084472656,34.13999938964844,34.20000076293945,0.0,374100
2012-01-25,17.353988647460938,0.0,34.810001373291016,0.0,34.880001068115234,34.189998626708984,34.290000915527344,0.0,420400
2012-01-26,17.314109802246094,0.0,34.72999954223633,0.0,35.20000076293945,34.70000076293945,35.060001373291016,0.0,276100
2012-01-27,17.403844833374023,0.0,34.90999984741211,0.0,35.0099983215332,34.72999954223633,34.72999954223633,0.0,317600
2012-01-30,17.269237518310547,0.0,34.63999938964844,0.0,34.709999084472656,34.380001068115234,34.470001220703125,0.0,384600
2012-01-31,17.329065322875977,0.0,34.7599983215332,0.0,34.939998626708984,34.470001220703125,34.900001525878906,0.0,497700
2012-02-01,17.608243942260742,0.0,35.31999969482422,0.0,35.43000030517578,35.130001068115234,35.130001068115234,0.0,356800
2012-02-02,17.583322525024414,0.0,35.27000045776367,0.0,35.4900016784668,35.22999954223633,35.25,0.0,713200
2012-02-03,17.837570190429688,0.0,35.779998779296875,0.0,35.779998779296875,35.439998626708984,35.439998626708984,0.0,2537300
2012-02-06,17.727895736694336,0.0,35.560001373291016,0.0,35.599998474121094,35.400001525878906,35.41999816894531,0.0,574800
2012-02-07,17.78771209716797,0.0,35.68000030517578,0.0,35.77000045776367,35.369998931884766,35.59000015258789,0.0,441700
2012-02-08,17.88243865966797,0.0,35.869998931884766,0.0,35.88999938964844,35.630001068115234,35.810001373291016,0.0,400600
2012-02-09,17.907360076904297,0.0,35.91999816894531,0.0,36.220001220703125,35.790000915527344,36.0099983215332,0.0,994800
2012-02-10,17.63316535949707,0.0,35.369998931884766,0.0,35.45000076293945,35.2400016784668,35.27000045776367,0.0,917800
2012-02-13,17.7578067779541,0.0,35.619998931884766,0.0,35.779998779296875,35.529998779296875,35.65999984741211,0.0,324700
2012-02-14,17.658098220825195,0.0,35.41999816894531,0.0,35.58000183105469,35.189998626708984,35.470001220703125,0.0,310000
2012-02-15,17.80765151977539,0.0,35.720001220703125,0.0,35.97999954223633,35.630001068115234,35.880001068115234,0.0,447100
2012-02-16,17.967187881469727,0.0,36.040000915527344,0.0,36.08000183105469,35.5,35.61000061035156,0.0,209700
2012-02-17,18.096803665161133,0.0,36.29999923706055,0.0,36.40999984741211,36.13999938964844,36.27000045776367,0.0,843200
2012-02-21,17.972183227539062,0.0,36.04999923706055,0.0,36.220001220703125,35.939998626708984,36.15999984741211,0.0,424200
2012-02-22,17.847537994384766,0.0,35.79999923706055,0.0,35.91999816894531,35.70000076293945,35.91999816894531,0.0,360900
2012-02-23,17.992111206054688,0.0,36.09000015258789,0.0,36.119998931884766,35.7599983215332,35.880001068115234,0.0,317200
2012-02-24,18.20648956298828,0.0,36.52000045776367,0.0,36.61000061035156,36.34000015258789,36.34000015258789,0.0,428200
2012-02-27,18.116748809814453,0.0,36.34000015258789,0.0,36.47999954223633,35.9900016784668,36.119998931884766,0.0,332000
2012-02-28,18.291236877441406,0.0,36.689998626708984,0.0,36.77000045776367,36.4900016784668,36.599998474121094,0.0,547800
2012-02-29,18.186548233032227,0.0,36.47999954223633,0.0,36.95000076293945,36.43000030517578,36.900001525878906,0.0,881200
2012-03-01,18.366012573242188,0.0,36.84000015258789,0.0,36.880001068115234,36.61000061035156,36.709999084472656,0.0,881000
2012-03-02,18.276273727416992,0.0,36.65999984741211,0.0,36.7599983215332,36.58000183105469,36.68000030517578,0.0,382300
2012-03-05,18.19651222229004,0.0,36.5,0.0,36.709999084472656,36.459999084472656,36.709999084472656,0.0,1023900
2012-03-06,17.717926025390625,0.0,35.540000915527344,0.0,35.790000915527344,35.38999938964844,35.75,0.0,598700
2012-03-07,17.937278747558594,0.0,35.97999954223633,0.0,36.040000915527344,35.689998626708984,35.83000183105469,0.0,420700
2012-03-08,18.326139450073242,0.0,36.7599983215332,0.0,36.84000015258789,36.47999954223633,36.59000015258789,0.0,300000
2012-03-09,18.231412887573242,0.0,36.56999969482422,0.0,36.83000183105469,36.54999923706055,36.720001220703125,0.0,231500
2012-03-12,18.241384506225586,0.0,36.59000015258789,0.0,36.63999938964844,36.380001068115234,36.63999938964844,0.0,320500
2012-03-13,18.56543731689453,0.0,37.2400016784668,0.0,37.2599983215332,36.790000915527344,36.81999969482422,0.0,344900
2012-03-14,18.39094352722168,0.0,36.88999938964844,0.0,37.20000076293945,36.7599983215332,37.11000061035156,0.0,693100
2012-03-15,18.560447692871094,0.0,37.22999954223633,0.0,37.25,36.91999816894531,37.04999923706055,0.0,359900
2012-03-16,18.678848266601562,0.0,37.22999954223633,0.236,37.27000045776367,37.130001068115234,37.130001068115234,0.0,282600
2012-03-19,18.653766632080078,0.0,37.18000030517578,0.0,37.33000183105469,37.0,37.099998474121094,0.0,728700
2012-03-20,18.46812629699707,0.0,36.810001373291016,0.0,36.900001525878906,36.650001525878906,36.79999923706055,0.0,619200
2012-03-21,18.402910232543945,0.0,36.68000030517578,0.0,36.81999969482422,36.5099983215332,36.7599983215332,0.0,241800
2012-03-22,18.202211380004883,0.0,36.279998779296875,0.0,36.31999969482422,36.060001373291016,36.13999938964844,0.0,423300
2012-03-23,18.25740623474121,0.0,36.38999938964844,0.0,36.43000030517578,36.02000045776367,36.25,0.0,397700
2012-03-26,18.49321937561035,0.0,36.86000061035156,0.0,36.88999938964844,36.65999984741211,36.7400016784668,0.0,271600
2012-03-27,18.458099365234375,0.0,36.790000915527344,0.0,37.06999969482422,36.790000915527344,36.939998626708984,0.0,354400
2012-03-28,18.332664489746094,0.0,36.540000915527344,0.0,36.75,36.33000183105469,36.75,0.0,362100
2012-03-29,18.297542572021484,0.0,36.470001220703125,0.0,36.540000915527344,36.13999938964844,36.43000030517578,0.0,471400
2012-03-30,18.473142623901367,0.0,36.81999969482422,0.0,36.84000015258789,36.560001373291016,36.72999954223633,0.0,319800
2012-04-02,18.663793563842773,0.0,37.20000076293945,0.0,37.310001373291016,36.66999816894531,36.66999816894531,0.0,523800
2012-04-03,18.4229736328125,0.0,36.720001220703125,0.0,37.04999923706055,36.5099983215332,37.02000045776367,0.0,379200
2012-04-04,18.142019271850586,0.0,36.15999984741211,0.0,36.2400016784668,35.95000076293945,36.11000061035156,0.0,996000
2012-04-05,18.07678985595703,0.0,36.029998779296875,0.0,36.22999954223633,35.9900016784668,36.099998474121094,0.0,251000
2012-04-09,17.98648452758789,0.0,35.849998474121094,0.0,36.060001373291016,35.63999938964844,35.779998779296875,0.0,277000
2012-04-10,17.790815353393555,0.0,35.459999084472656,0.0,36.06999969482422,35.380001068115234,35.95000076293945,0.0,501800
2012-04-11,18.001537322998047,0.0,35.880001068115234,0.0,36.099998474121094,35.84000015258789,36.099998474121094,0.0,278700
2012-04-12,18.25238609313965,0.0,36.380001068115234,0.0,36.459999084472656,35.93000030517578,36.0099983215332,0.0,1267800
2012-04-13,18.111907958984375,0.0,36.099998474121094,0.0,36.43000030517578,36.04999923706055,36.43000030517578,0.0,296800
2012-04-16,18.172121047973633,0.0,36.220001220703125,0.0,36.400001525878906,36.040000915527344,36.29999923706055,0.0,821000
2012-04-17,18.397891998291016,0.0,36.66999816894531,0.0,36.75,36.369998931884766,36.540000915527344,0.0,235800
2012-04-18,18.443044662475586,0.0,36.7599983215332,0.0,36.83000183105469,36.52000045776367,36.540000915527344,0.0,169900
2012-04-19,18.362764358520508,0.0,36.599998474121094,0.0,36.869998931884766,36.380001068115234,36.709999084472656,0.0,296900
2012-04-20,18.53335189819336,0.0,36.939998626708984,0.0,37.0099983215332,36.84000015258789,36.880001068115234,0.0,241700
2012-04-23,18.267436981201172,0.0,36.40999984741211,0.0,36.41999816894531,36.11000061035156,36.310001373291016,0.0,341100
2012-04-24,18.488195419311523,0.0,36.849998474121094,0.0,36.9900016784668,36.7599983215332,36.7599983215332,0.0,406600
2012-04-25,18.688888549804688,0.0,37.25,0.0,37.279998779296875,37.04999923706055,37.25,0.0,162000
2012-04-26,18.75912094116211,0.0,37.38999938964844,0.0,37.41999816894531,37.04999923706055,37.099998474121094,0.0,314800
2012-04-27,18.834386825561523,0.0,37.540000915527344,0.0,37.599998474121094,37.31999969482422,37.5,0.0,333600
2012-04-30,18.76413917541504,0.0,37.400001525878906,0.0,37.459999084472656,37.209999084472656,37.459999084472656,0.0,578500
2012-05-01,18.814315795898438,0.0,37.5,0.0,37.77000045776367,37.22999954223633,37.29999923706055,0.0,1046400
2012-05-02,18.7691593170166,0.0,37.40999984741211,0.0,37.439998626708984,37.130001068115234,37.290000915527344,0.0,628100
2012-05-03,18.59857177734375,0.0,37.06999969482422,0.0,37.400001525878906,36.9900016784668,37.369998931884766,0.0,729800
2012-05-04,18.357757568359375,0.0,36.59000015258789,0.0,36.9900016784668,36.5099983215332,36.959999084472656,0.0,423900
2012-05-07,18.50826644897461,0.0,36.88999938964844,0.0,36.959999084472656,36.630001068115234,36.70000076293945,0.0,746000
2012-05-08,18.317617416381836,0.0,36.5099983215332,0.0,36.77000045776367,36.18000030517578,36.72999954223633,0.0,646600
2012-05-09,18.121944427490234,0.0,36.119998931884766,0.0,36.36000061035156,35.880001068115234,36.0,0.0,1055400
2012-05-10,18.116931915283203,0.0,36.11000061035156,0.0,36.439998626708984,36.099998474121094,36.40999984741211,0.0,1545800
2012-05-11,18.026620864868164,0.0,35.93000030517578,0.0,36.20000076293945,35.709999084472656,35.849998474121094,0.0,265000
2012-05-14,17.800846099853516,0.0,35.47999954223633,0.0,35.720001220703125,35.459999084472656,35.54999923706055,0.0,455800
2012-05-15,17.635286331176758,0.0,35.150001525878906,0.0,35.5,35.08000183105469,35.40999984741211,0.0,389600
2012-05-16,17.489782333374023,0.0,34.86000061035156,0.0,35.25,34.79999923706055,35.099998474121094,0.0,429700
2012-05-17,17.284086227416992,0.0,34.45000076293945,0.0,34.93000030517578,34.41999816894531,34.900001525878906,0.0,529300
2012-05-18,17.15865135192871,0.0,34.20000076293945,0.0,34.560001373291016,34.130001068115234,34.560001373291016,0.0,364600
2012-05-21,17.565040588378906,0.0,35.0099983215332,0.0,35.0099983215332,34.439998626708984,34.4900016784668,0.0,581200
2012-05-22,17.454668045043945,0.0,34.790000915527344,0.0,35.099998474121094,34.599998474121094,34.97999954223633,0.0,549500
2012-05-23,17.35933494567871,0.0,34.599998474121094,0.0,34.61000061035156,34.02000045776367,34.540000915527344,0.0,389000
2012-05-24,17.344282150268555,0.0,34.56999969482422,0.0,34.720001220703125,34.290000915527344,34.689998626708984,0.0,262100
2012-05-25,17.344282150268555,0.0,34.56999969482422,0.0,34.619998931884766,34.459999084472656,34.529998779296875,0.0,234400
2012-05-29,17.58510971069336,0.0,35.04999923706055,0.0,35.220001220703125,34.81999969482422,35.04999923706055,0.0,383600
2012-05-30,17.233905792236328,0.0,34.349998474121094,0.0,34.59000015258789,34.279998779296875,34.59000015258789,0.0,298800
2012-05-31,17.299137115478516,0.0,34.47999954223633,0.0,34.709999084472656,34.18000030517578,34.540000915527344,0.0,642100
2012-06-01,16.98806381225586,0.0,33.86000061035156,0.0,34.22999954223633,33.84000015258789,34.150001525878906,0.0,1118900
2012-06-04,17.053295135498047,0.0,33.9900016784668,0.0,34.16999816894531,33.7400016784668,34.060001373291016,0.0,552000
2012-06-05,17.15865135192871,0.0,34.20000076293945,0.0,34.2400016784668,33.939998626708984,34.02000045776367,0.0,705600
2012-06-06,17.78077507019043,0.0,35.439998626708984,0.0,35.439998626708984,34.83000183105469,34.849998474121094,0.0,617700
2012-06-07,17.705528259277344,0.0,35.290000915527344,0.0,35.779998779296875,35.22999954223633,35.689998626708984,0.0,456800
2012-06-08,17.615219116210938,0.0,35.11000061035156,0.0,35.189998626708984,34.72999954223633,34.810001373291016,0.0,277100
2012-06-11,17.349306106567383,0.0,34.58000183105469,0.0,35.290000915527344,34.5099983215332,35.209999084472656,0.0,250200
2012-06-12,17.555011749267578,0.0,34.9900016784668,0.0,35.06999969482422,34.68000030517578,34.90999984741211,0.0,194500
2012-06-13,17.449649810791016,0.0,34.779998779296875,0.0,35.040000915527344,34.61000061035156,34.779998779296875,0.0,204100
2012-06-14,17.645313262939453,0.0,35.16999816894531,0.0,35.2599983215332,34.810001373291016,34.810001373291016,0.0,228800
2012-06-15,17.85771369934082,0.0,35.060001373291016,0.527,35.09000015258789,34.72999954223633,34.7400016784668,0.0,169400
2012-06-18,17.87299156188965,0.0,35.09000015258789,0.0,35.16999816894531,34.83000183105469,34.91999816894531,0.0,420700
2012-06-19,18.178600311279297,0.0,35.689998626708984,0.0,35.86000061035156,35.470001220703125,35.470001220703125,0.0,491200
2012-06-20,18.214256286621094,0.0,35.7599983215332,0.0,36.02000045776367,35.560001373291016,35.720001220703125,0.0,239300
2012-06-21,17.832244873046875,0.0,35.0099983215332,0.0,35.7400016784668,34.970001220703125,35.66999816894531,0.0,1329200
2012-06-22,18.00033187866211,0.0,35.34000015258789,0.0,35.38999938964844,35.130001068115234,35.36000061035156,0.0,474500
2012-06-25,17.791501998901367,0.0,34.93000030517578,0.0,35.150001525878906,34.849998474121094,35.119998931884766,0.0,233100
2012-06-26,17.964679718017578,0.0,35.27000045776367,0.0,35.38999938964844,35.0,35.209999084472656,0.0,604700
2012-06-27,18.16332244873047,0.0,35.65999984741211,0.0,35.779998779296875,35.54999923706055,35.65999984741211,0.0,536700
2012-06-28,18.193880081176758,0.0,35.720001220703125,0.0,35.7400016784668,35.27000045776367,35.529998779296875,0.0,278100
2012-06-29,18.733793258666992,0.0,36.779998779296875,0.0,36.79999923706055,36.41999816894531,36.619998931884766,0.0,386400
2012-07-02,18.927339553833008,0.0,37.15999984741211,0.0,37.189998626708984,36.7599983215332,36.93000030517578,0.0,1005800
2012-07-03,19.00883674621582,0.0,37.31999969482422,0.0,37.599998474121094,37.040000915527344,37.13999938964844,0.0,743100
2012-07-05,18.835660934448242,0.0,36.97999954223633,0.0,37.060001373291016,36.7599983215332,37.060001373291016,0.0,1655900
2012-07-06,18.75416374206543,0.0,36.81999969482422,0.0,36.869998931884766,36.61000061035156,36.84000015258789,0.0,355300
2012-07-09,18.73888397216797,0.0,36.790000915527344,0.0,36.790000915527344,36.47999954223633,36.599998474121094,0.0,1009100
2012-07-10,18.545324325561523,0.0,36.40999984741211,0.0,36.97999954223633,36.31999969482422,36.939998626708984,0.0,278700
2012-07-11,18.74398422241211,0.0,36.79999923706055,0.0,36.95000076293945,36.599998474121094,36.79999923706055,0.0,618600
2012-07-12,18.626832962036133,0.0,36.56999969482422,0.0,36.66999816894531,36.27000045776367,36.400001525878906,0.0,1732300
2012-07-13,18.906970977783203,0.0,37.119998931884766,0.0,37.16999816894531,36.77000045776367,36.790000915527344,0.0,183500
2012-07-16,18.906970977783203,0.0,37.119998931884766,0.0,37.20000076293945,36.90999984741211,36.97999954223633,0.0,200100
2012-07-17,19.08523941040039,0.0,37.470001220703125,0.0,37.56999969482422,37.029998779296875,37.38999938964844,0.0,489000
2012-07-18,19.161640167236328,0.0,37.619998931884766,0.0,37.689998626708984,37.33000183105469,37.40999984741211,0.0,318600
2012-07-19,19.222759246826172,0.0,37.7400016784668,0.0,37.84000015258789,37.54999923706055,37.689998626708984,0.0,236300
2012-07-20,18.9986572265625,0.0,37.29999923706055,0.0,37.43000030517578,37.22999954223633,37.41999816894531,0.0,257300
2012-07-23,18.74907112121582,0.0,36.810001373291016,0.0,36.869998931884766,36.5,36.65999984741211,0.0,214400
2012-07-24,18.586078643798828,0.0,36.4900016784668,0.0,36.91999816894531,36.22999954223633,36.91999816894531,0.0,897300
2012-07-25,18.794919967651367,0.0,36.900001525878906,0.0,37.0,36.650001525878906,36.959999084472656,0.0,1083900
2012-07-26,19.136173248291016,0.0,37.56999969482422,0.0,37.689998626708984,37.40999984741211,37.56999969482422,0.0,307700
2012-07-27,19.441783905029297,0.0,38.16999816894531,0.0,38.279998779296875,37.63999938964844,37.70000076293945,0.0,329000
2012-07-30,19.380666732788086,0.0,38.04999923706055,0.0,38.15999984741211,37.95000076293945,37.97999954223633,0.0,669400
2012-07-31,19.33991241455078,0.0,37.970001220703125,0.0,38.189998626708984,37.95000076293945,38.099998474121094,0.0,324500
2012-08-01,19.385753631591797,0.0,38.060001373291016,0.0,38.380001068115234,38.04999923706055,38.369998931884766,0.0,339600
2012-08-02,19.33991241455078,0.0,37.970001220703125,0.0,38.119998931884766,37.66999816894531,37.90999984741211,0.0,640800
2012-08-03,19.854352951049805,0.0,38.97999954223633,0.0,38.97999954223633,38.47999954223633,38.47999954223633,0.0,492300
2012-08-06,19.793237686157227,0.0,38.86000061035156,0.0,39.04999923706055,38.86000061035156,39.0,0.0,408600
2012-08-07,19.869630813598633,0.0,39.0099983215332,0.0,39.099998474121094,38.970001220703125,39.09000015258789,0.0,422000
2012-08-08,19.752479553222656,0.0,38.779998779296875,0.0,38.93000030517578,38.70000076293945,38.720001220703125,0.0,617400
2012-08-09,19.640426635742188,0.0,38.560001373291016,0.0,38.70000076293945,38.470001220703125,38.619998931884766,0.0,385000
2012-08-10,19.68117904663086,0.0,38.63999938964844,0.0,38.720001220703125,38.310001373291016,38.45000076293945,0.0,255000
2012-08-13,19.6658992767334,0.0,38.61000061035156,0.0,38.70000076293945,38.40999984741211,38.630001068115234,0.0,243300
2012-08-14,19.68117904663086,0.0,38.63999938964844,0.0,38.72999954223633,38.52000045776367,38.54999923706055,0.0,585400
2012-08-15,19.69646453857422,0.0,38.66999816894531,0.0,38.72999954223633,38.45000076293945,38.58000183105469,0.0,631100
2012-08-16,19.79833221435547,0.0,38.869998931884766,0.0,38.939998626708984,38.54999923706055,38.66999816894531,0.0,243700
2012-08-17,19.76776885986328,0.0,38.810001373291016,0.0,38.97999954223633,38.72999954223633,38.90999984741211,0.0,229600
2012-08-20,19.727020263671875,0.0,38.72999954223633,0.0,38.790000915527344,38.61000061035156,38.66999816894531,0.0,195000
2012-08-21,19.76267433166504,0.0,38.79999923706055,0.0,39.09000015258789,38.709999084472656,38.869998931884766,0.0,282900
2012-08-22,19.79833221435547,0.0,38.869998931884766,0.0,38.939998626708984,38.54999923706055,38.630001068115234,0.0,1919700
2012-08-23,19.6862735748291,0.0,38.650001525878906,0.0,38.81999969482422,38.59000015258789,38.81999969482422,0.0,388500
2012-08-24,19.71174430847168,0.0,38.70000076293945,0.0,38.779998779296875,38.459999084472656,38.459999084472656,0.0,563400
2012-08-27,19.65060806274414,0.0,38.58000183105469,0.0,38.810001373291016,38.58000183105469,38.810001373291016,0.0,256300
2012-08-28,19.66080665588379,0.0,38.599998474121094,0.0,38.70000076293945,38.5,38.58000183105469,0.0,469000
2012-08-29,19.71174430847168,0.0,38.70000076293945,0.0,38.81999969482422,38.61000061035156,38.72999954223633,0.0,296700
2012-08-30,19.497802734375,0.0,38.279998779296875,0.0,38.5,38.209999084472656,38.439998626708984,0.0,280800
2012-08-31,19.65060806274414,0.0,38.58000183105469,0.0,38.77000045776367,38.380001068115234,38.619998931884766,0.0,320000
2012-09-04,19.533464431762695,0.0,38.349998474121094,0.0,38.5099983215332,38.18000030517578,38.310001373291016,0.0,1019100
2012-09-05,19.58949851989746,0.0,38.459999084472656,0.0,38.4900016784668,38.279998779296875,38.40999984741211,0.0,350600
2012-09-06,19.935855865478516,0.0,39.13999938964844,0.0,39.279998779296875,38.63999938964844,38.709999084472656,0.0,644100
2012-09-07,20.1497802734375,0.0,39.560001373291016,0.0,39.58000183105469,39.36000061035156,39.400001525878906,0.0,210200
2012-09-10,19.900192260742188,0.0,39.06999969482422,0.0,39.33000183105469,39.0,39.290000915527344,0.0,278400
2012-09-11,20.109025955200195,0.0,39.47999954223633,0.0,39.52000045776367,39.189998626708984,39.22999954223633,0.0,2375000
2012-09-12,20.215991973876953,0.0,39.689998626708984,0.0,39.79999923706055,39.59000015258789,39.72999954223633,0.0,701700
2012-09-13,20.60309410095215,0.0,40.45000076293945,0.0,40.4900016784668,39.650001525878906,39.720001220703125,0.0,646900
2012-09-14,20.669307708740234,0.0,40.58000183105469,0.0,40.880001068115234,40.4900016784668,40.63999938964844,0.0,430700
2012-09-17,20.475765228271484,0.0,40.20000076293945,0.0,40.41999816894531,40.130001068115234,40.41999816894531,0.0,328800
2012-09-18,20.41973114013672,0.0,40.09000015258789,0.0,40.18000030517578,40.0,40.040000915527344,0.0,206900
2012-09-19,20.429916381835938,0.0,40.11000061035156,0.0,40.22999954223633,40.02000045776367,40.02000045776367,0.0,204700
2012-09-20,20.368804931640625,0.0,39.9900016784668,0.0,40.0,39.72999954223633,39.880001068115234,0.0,434800
2012-09-21,20.304048538208008,0.0,39.5099983215332,0.354,39.95000076293945,39.5099983215332,39.790000915527344,0.0,278100
2012-09-24,20.319469451904297,0.0,39.540000915527344,0.0,39.63999938964844,39.31999969482422,39.38999938964844,0.0,276700
2012-09-25,20.165294647216797,0.0,39.2400016784668,0.0,39.84000015258789,39.22999954223633,39.7400016784668,0.0,302500
2012-09-26,20.232093811035156,0.0,39.369998931884766,0.0,39.47999954223633,39.150001525878906,39.380001068115234,0.0,247500
2012-09-27,20.432518005371094,0.0,39.7599983215332,0.0,39.86000061035156,39.41999816894531,39.47999954223633,0.0,206600
2012-09-28,20.170425415039062,0.0,39.25,0.0,39.5,39.150001525878906,39.47999954223633,0.0,492400
2012-10-01,20.185850143432617,0.0,39.279998779296875,0.0,39.66999816894531,39.25,39.369998931884766,0.0,1318000
2012-10-02,20.232093811035156,0.0,39.369998931884766,0.0,39.59000015258789,39.27000045776367,39.560001373291016,0.0,391400
2012-10-03,20.25265121459961,0.0,39.40999984741211,0.0,39.560001373291016,39.34000015258789,39.5,0.0,713600
2012-10-04,20.432518005371094,0.0,39.7599983215332,0.0,39.83000183105469,39.58000183105469,39.65999984741211,0.0,277700
2012-10-05,20.417104721069336,0.0,39.72999954223633,0.0,40.06999969482422,39.630001068115234,39.97999954223633,0.0,296500
2012-10-08,20.33487892150879,0.0,39.56999969482422,0.0,39.619998931884766,39.470001220703125,39.619998931884766,0.0,118700
2012-10-09,20.20126724243164,0.0,39.310001373291016,0.0,39.599998474121094,39.279998779296875,39.59000015258789,0.0,217200
2012-10-10,20.196121215820312,0.0,39.29999923706055,0.0,39.540000915527344,39.15999984741211,39.47999954223633,0.0,810000
2012-10-11,20.319469451904297,0.0,39.540000915527344,0.0,39.650001525878906,39.5099983215332,39.650001525878906,0.0,328100
2012-10-12,20.345155715942383,0.0,39.59000015258789,0.0,39.790000915527344,39.4900016784668,39.65999984741211,0.0,605200
2012-10-15,20.550722122192383,0.0,39.9900016784668,0.0,40.04999923706055,39.689998626708984,39.88999938964844,0.0,756100
2012-10-16,20.75113296508789,0.0,40.380001068115234,0.0,40.47999954223633,40.20000076293945,40.2599983215332,0.0,476700
2012-10-17,20.95669174194336,0.0,40.779998779296875,0.0,40.810001373291016,40.540000915527344,40.540000915527344,0.0,747200
2012-10-18,20.81794548034668,0.0,40.5099983215332,0.0,40.65999984741211,40.38999938964844,40.470001220703125,0.0,829000
2012-10-19,20.612382888793945,0.0,40.11000061035156,0.0,40.47999954223633,40.09000015258789,40.47999954223633,0.0,221000
2012-10-22,20.771686553955078,0.0,40.41999816894531,0.0,40.47999954223633,40.11000061035156,40.45000076293945,0.0,365600
2012-10-23,20.53529167175293,0.0,39.959999084472656,0.0,40.04999923706055,39.689998626708984,39.970001220703125,0.0,786600
2012-10-24,20.617521286010742,0.0,40.119998931884766,0.0,40.36000061035156,40.11000061035156,40.31999969482422,0.0,536800
2012-10-25,20.787109375,0.0,40.45000076293945,0.0,40.689998626708984,40.33000183105469,40.540000915527344,0.0,399700
2012-10-26,20.77682113647461,0.0,40.43000030517578,0.0,40.529998779296875,40.2599983215332,40.34000015258789,0.0,239300
2012-10-31,20.936138153076172,0.0,40.7400016784668,0.0,40.849998474121094,40.52000045776367,40.650001525878906,0.0,1053700
2012-11-01,21.16225242614746,0.0,41.18000030517578,0.0,41.220001220703125,40.7599983215332,40.939998626708984,0.0,1602500
2012-11-02,20.925865173339844,0.0,40.720001220703125,0.0,41.220001220703125,40.68000030517578,41.20000076293945,0.0,536900
2012-11-05,20.905305862426758,0.0,40.68000030517578,0.0,40.790000915527344,40.54999923706055,40.72999954223633,0.0,826600
2012-11-06,21.105724334716797,0.0,41.06999969482422,0.0,41.130001068115234,40.810001373291016,40.88999938964844,0.0,336900
2012-11-07,20.838497161865234,0.0,40.54999923706055,0.0,40.79999923706055,40.33000183105469,40.77000045776367,0.0,434000
2012-11-08,20.66377067565918,0.0,40.209999084472656,0.0,40.630001068115234,40.16999816894531,40.459999084472656,0.0,290300
2012-11-09,20.62778663635254,0.0,40.13999938964844,0.0,40.36000061035156,39.95000076293945,40.099998474121094,0.0,399600
2012-11-12,20.632938385009766,0.0,40.150001525878906,0.0,40.290000915527344,40.119998931884766,40.2599983215332,0.0,298000
2012-11-13,20.545576095581055,0.0,39.97999954223633,0.0,40.18000030517578,39.79999923706055,39.849998474121094,0.0,621900
2012-11-14,20.298904418945312,0.0,39.5,0.0,40.150001525878906,39.439998626708984,40.150001525878906,0.0,831600
2012-11-15,20.45306968688965,0.0,39.79999923706055,0.0,39.84000015258789,39.560001373291016,39.70000076293945,0.0,1677500
2012-11-16,20.417104721069336,0.0,39.72999954223633,0.0,39.810001373291016,39.33000183105469,39.77000045776367,0.0,542600
2012-11-19,20.720300674438477,0.0,40.31999969482422,0.0,40.380001068115234,40.0099983215332,40.11000061035156,0.0,679700
2012-11-20,20.66891860961914,0.0,40.220001220703125,0.0,40.2400016784668,39.88999938964844,40.130001068115234,0.0,812200
2012-11-21,20.694608688354492,0.0,40.27000045776367,0.0,40.290000915527344,40.09000015258789,40.209999084472656,0.0,214800
2012-11-23,20.992658615112305,0.0,40.849998474121094,0.0,40.900001525878906,40.59000015258789,40.630001068115234,0.0,204000
2012-11-26,20.95155906677246,0.0,40.77000045776367,0.0,40.779998779296875,40.459999084472656,40.619998931884766,0.0,493200
2012-11-27,20.905305862426758,0.0,40.68000030517578,0.0,40.810001373291016,40.560001373291016,40.65999984741211,0.0,674600
2012-11-28,21.01836395263672,0.0,40.900001525878906,0.0,40.900001525878906,40.369998931884766,40.5099983215332,0.0,778300
2012-11-29,21.193082809448242,0.0,41.2400016784668,0.0,41.290000915527344,40.959999084472656,40.959999084472656,0.0,1014900
2012-11-30,21.234189987182617,0.0,41.31999969482422,0.0,41.349998474121094,41.16999816894531,41.290000915527344,0.0,393800
2012-12-03,21.244482040405273,0.0,41.34000015258789,0.0,41.630001068115234,41.31999969482422,41.560001373291016,0.0,551400
2012-12-04,21.29073143005371,0.0,41.43000030517578,0.0,41.560001373291016,41.380001068115234,41.400001525878906,0.0,408300
2012-12-05,21.28044891357422,0.0,41.40999984741211,0.0,41.59000015258789,41.22999954223633,41.400001525878906,0.0,527100
2012-12-06,21.275300979614258,0.0,41.400001525878906,0.0,41.40999984741211,41.209999084472656,41.36000061035156,0.0,476300
2012-12-07,21.475719451904297,0.0,41.790000915527344,0.0,41.79999923706055,41.58000183105469,41.70000076293945,0.0,385100
2012-12-10,21.480863571166992,0.0,41.79999923706055,0.0,41.91999816894531,41.689998626708984,41.689998626708984,0.0,711300
2012-12-11,21.547677993774414,0.0,41.93000030517578,0.0,41.970001220703125,41.77000045776367,41.810001373291016,0.0,490300
2012-12-12,21.532257080078125,0.0,41.900001525878906,0.0,42.06999969482422,41.7599983215332,41.880001068115234,0.0,451500
2012-12-13,21.4140625,0.0,41.66999816894531,0.0,41.90999984741211,41.540000915527344,41.849998474121094,0.0,681100
2012-12-14,21.532257080078125,0.0,41.900001525878906,0.0,41.9900016784668,41.81999969482422,41.939998626708984,0.0,971700
2012-12-17,21.706981658935547,0.0,42.2400016784668,0.0,42.2400016784668,41.90999984741211,41.90999984741211,0.0,1109200
2012-12-18,21.845733642578125,0.0,42.5099983215332,0.0,42.5099983215332,42.11000061035156,42.22999954223633,0.0,688600
2012-12-19,21.768651962280273,0.0,42.36000061035156,0.0,42.5099983215332,42.349998474121094,42.470001220703125,0.0,502000
2012-12-20,22.08212661743164,0.0,42.970001220703125,0.0,42.970001220703125,42.689998626708984,42.70000076293945,0.0,505700
2012-12-21,21.93478775024414,0.0,41.09000015258789,1.604,41.15999984741211,40.84000015258789,41.040000915527344,0.0,848900
2012-12-24,21.92411231994629,0.0,41.06999969482422,0.0,41.220001220703125,40.90999984741211,41.0,0.0,139700
2012-12-26,21.902755737304688,0.0,41.029998779296875,0.0,41.36000061035156,40.91999816894531,41.11000061035156,0.0,356700
2012-12-27,21.972156524658203,0.0,41.15999984741211,0.0,41.29999923706055,40.869998931884766,41.290000915527344,0.0,418300
2012-12-28,21.80666732788086,0.0,40.849998474121094,0.0,41.0,40.810001373291016,40.900001525878906,0.0,535300
2012-12-31,22.073583602905273,0.0,41.349998474121094,0.0,41.36000061035156,40.810001373291016,40.93000030517578,0.0,691100
2013-01-02,22.367185592651367,0.0,41.900001525878906,0.0,42.0099983215332,41.61000061035156,41.90999984741211,0.0,682500
2013-01-03,22.025535583496094,0.0,41.2599983215332,0.0,41.52000045776367,41.18000030517578,41.5,0.0,749400
2013-01-04,21.988174438476562,0.0,41.189998626708984,0.0,41.369998931884766,41.06999969482422,41.15999984741211,0.0,1112300
2013-01-07,22.057565689086914,0.0,41.31999969482422,0.0,41.34000015258789,41.0,41.09000015258789,0.0,581200
2013-01-08,21.870729446411133,0.0,40.970001220703125,0.0,41.09000015258789,40.83000183105469,41.040000915527344,0.0,440100
2013-01-09,21.97749137878418,0.0,41.16999816894531,0.0,41.27000045776367,41.13999938964844,41.13999938964844,0.0,638300
2013-01-10,22.14832305908203,0.0,41.4900016784668,0.0,41.4900016784668,41.22999954223633,41.400001525878906,0.0,821300
2013-01-11,22.062904357910156,0.0,41.33000183105469,0.0,41.400001525878906,41.2599983215332,41.380001068115234,0.0,305500
2013-01-14,22.158994674682617,0.0,41.5099983215332,0.0,41.5099983215332,41.279998779296875,41.439998626708984,0.0,464700
2013-01-15,22.116294860839844,0.0,41.43000030517578,0.0,41.529998779296875,41.31999969482422,41.38999938964844,0.0,639000
2013-01-16,22.105613708496094,0.0,41.40999984741211,0.0,41.45000076293945,41.22999954223633,41.369998931884766,0.0,378100
2013-01-17,22.057565689086914,0.0,41.31999969482422,0.0,41.470001220703125,41.2599983215332,41.34000015258789,0.0,430900
2013-01-18,22.078922271728516,0.0,41.36000061035156,0.0,41.380001068115234,41.150001525878906,41.2400016784668,0.0,402400
2013-01-22,22.004188537597656,0.0,41.220001220703125,0.0,41.29999923706055,41.099998474121094,41.119998931884766,0.0,1524300
2013-01-23,21.918779373168945,0.0,41.060001373291016,0.0,41.15999984741211,41.0,41.150001525878906,0.0,670900
2013-01-24,22.025535583496094,0.0,41.2599983215332,0.0,41.380001068115234,41.11000061035156,41.11000061035156,0.0,433500
2013-01-25,22.15365982055664,0.0,41.5,0.0,41.5,41.27000045776367,41.40999984741211,0.0,482000
2013-01-28,22.025535583496094,0.0,41.2599983215332,0.0,41.400001525878906,41.15999984741211,41.290000915527344,0.0,419500
2013-01-29,22.089595794677734,0.0,41.380001068115234,0.0,41.43000030517578,41.2599983215332,41.27000045776367,0.0,614800
2013-01-30,22.16433334350586,0.0,41.52000045776367,0.0,41.66999816894531,41.5,41.560001373291016,0.0,920600
2013-01-31,22.19102668762207,0.0,41.56999969482422,0.0,41.66999816894531,41.52000045776367,41.529998779296875,0.0,550100
2013-02-01,22.276437759399414,0.0,41.72999954223633,0.0,41.900001525878906,41.630001068115234,41.79999923706055,0.0,608600
2013-02-04,21.97749137878418,0.0,41.16999816894531,0.0,41.43000030517578,41.16999816894531,41.369998931884766,0.0,755100
2013-02-05,22.11095428466797,0.0,41.41999816894531,0.0,41.5,41.290000915527344,41.41999816894531,0.0,608900
2013-02-06,22.121625900268555,0.0,41.439998626708984,0.0,41.45000076293945,41.189998626708984,41.20000076293945,0.0,454000
2013-02-07,21.982831954956055,0.0,41.18000030517578,0.0,41.540000915527344,41.0,41.540000915527344,0.0,1320700
2013-02-08,22.217721939086914,0.0,41.619998931884766,0.0,41.619998931884766,41.220001220703125,41.33000183105469,0.0,1119800
2013-02-11,22.142980575561523,0.0,41.47999954223633,0.0,41.58000183105469,41.41999816894531,41.56999969482422,0.0,600400
2013-02-12,22.18035125732422,0.0,41.54999923706055,0.0,41.720001220703125,41.43000030517578,41.5,0.0,453400
2013-02-13,22.303129196166992,0.0,41.779998779296875,0.0,41.849998474121094,41.689998626708984,41.779998779296875,0.0,451800
2013-02-14,22.18568992614746,0.0,41.560001373291016,0.0,41.59000015258789,41.43000030517578,41.470001220703125,0.0,378200
2013-02-15,22.089595794677734,0.0,41.380001068115234,0.0,41.619998931884766,41.279998779296875,41.599998474121094,0.0,519600
2013-02-19,22.34050178527832,0.0,41.849998474121094,0.0,41.880001068115234,41.650001525878906,41.70000076293945,0.0,462500
2013-02-20,22.17501449584961,0.0,41.540000915527344,0.0,41.939998626708984,41.529998779296875,41.939998626708984,0.0,1083300
2013-02-21,22.02019500732422,0.0,41.25,0.0,41.400001525878906,41.040000915527344,41.400001525878906,0.0,355700
2013-02-22,22.132305145263672,0.0,41.459999084472656,0.0,41.59000015258789,41.25,41.529998779296875,0.0,679300
2013-02-25,21.779985427856445,0.0,40.79999923706055,0.0,41.75,40.79999923706055,41.63999938964844,0.0,559200
2013-02-26,22.078922271728516,0.0,41.36000061035156,0.0,41.400001525878906,41.11000061035156,41.31999969482422,0.0,553300
2013-02-27,22.319137573242188,0.0,41.810001373291016,0.0,41.88999938964844,41.41999816894531,41.4900016784668,0.0,623600
2013-02-28,22.303129196166992,0.0,41.779998779296875,0.0,42.02000045776367,41.779998779296875,41.86000061035156,0.0,680900
2013-03-01,22.457937240600586,0.0,42.06999969482422,0.0,42.099998474121094,41.720001220703125,41.90999984741211,0.0,301400
2013-03-04,22.570039749145508,0.0,42.279998779296875,0.0,42.33000183105469,42.0,42.09000015258789,0.0,378700
2013-03-05,22.66078758239746,0.0,42.45000076293945,0.0,42.56999969482422,42.36000061035156,42.36000061035156,0.0,458200
2013-03-06,22.714174270629883,0.0,42.54999923706055,0.0,42.70000076293945,42.400001525878906,42.630001068115234,0.0,833900
2013-03-07,22.751543045043945,0.0,42.619998931884766,0.0,42.720001220703125,42.54999923706055,42.63999938964844,0.0,315800
2013-03-08,22.671470642089844,0.0,42.470001220703125,0.0,42.5099983215332,42.310001373291016,42.459999084472656,0.0,580400
2013-03-11,22.639434814453125,0.0,42.40999984741211,0.0,42.4900016784668,42.310001373291016,42.36000061035156,0.0,388100
2013-03-12,22.505983352661133,0.0,42.15999984741211,0.0,42.54999923706055,42.119998931884766,42.45000076293945,0.0,427600
2013-03-13,22.495309829711914,0.0,42.13999938964844,0.0,42.279998779296875,42.02000045776367,42.2400016784668,0.0,349300
2013-03-14,22.863637924194336,0.0,42.83000183105469,0.0,42.84000015258789,42.540000915527344,42.560001373291016,0.0,295500
2013-03-15,22.87007713317871,0.0,42.66999816894531,0.172,42.81999969482422,42.54999923706055,42.68000030517578,0.0,578800
2013-03-18,22.70392417907715,0.0,42.36000061035156,0.0,42.54999923706055,42.25,42.349998474121094,0.0,598300
2013-03-19,22.564571380615234,0.0,42.099998474121094,0.0,42.36000061035156,41.86000061035156,42.220001220703125,0.0,706900
2013-03-20,22.644960403442383,0.0,42.25,0.0,42.41999816894531,42.189998626708984,42.290000915527344,0.0,636000
2013-03-21,22.51097297668457,0.0,42.0,0.0,42.20000076293945,41.95000076293945,42.040000915527344,0.0,357800
2013-03-22,22.800397872924805,0.0,42.540000915527344,0.0,42.599998474121094,42.380001068115234,42.5,0.0,330700
2013-03-25,22.757522583007812,0.0,42.459999084472656,0.0,42.79999923706055,42.33000183105469,42.72999954223633,0.0,568800
2013-03-26,22.9611873626709,0.0,42.84000015258789,0.0,42.88999938964844,42.68000030517578,42.68000030517578,0.0,446000
2013-03-27,23.052309036254883,0.0,43.0099983215332,0.0,43.04999923706055,42.720001220703125,42.849998474121094,0.0,438800
2013-03-28,23.052309036254883,0.0,43.0099983215332,0.0,43.099998474121094,42.779998779296875,42.91999816894531,0.0,515600
2013-04-01,22.639604568481445,0.0,42.2400016784668,0.0,42.5099983215332,42.18000030517578,42.47999954223633,0.0,480800
2013-04-02,23.06302261352539,0.0,43.029998779296875,0.0,43.189998626708984,42.939998626708984,43.150001525878906,0.0,597800
2013-04-03,22.896875381469727,0.0,42.720001220703125,0.0,43.220001220703125,42.709999084472656,43.209999084472656,0.0,528100
2013-04-04,23.363176345825195,0.0,43.59000015258789,0.0,43.650001525878906,43.27000045776367,43.290000915527344,0.0,435800
2013-04-05,23.695472717285156,0.0,44.209999084472656,0.0,44.279998779296875,43.63999938964844,43.86000061035156,0.0,829900
2013-04-08,23.749080657958984,0.0,44.310001373291016,0.0,44.33000183105469,44.040000915527344,44.2400016784668,0.0,912500
2013-04-09,23.72228240966797,0.0,44.2599983215332,0.0,44.36000061035156,43.880001068115234,44.119998931884766,0.0,797400
2013-04-10,23.866987228393555,0.0,44.529998779296875,0.0,44.63999938964844,44.369998931884766,44.45000076293945,0.0,711600
2013-04-11,23.958105087280273,0.0,44.70000076293945,0.0,44.88999938964844,44.61000061035156,44.689998626708984,0.0,376700
2013-04-12,24.25288963317871,0.0,45.25,0.0,45.33000183105469,44.97999954223633,44.97999954223633,0.0,601900
2013-04-15,23.700841903686523,0.0,44.220001220703125,0.0,44.939998626708984,44.16999816894531,44.79999923706055,0.0,759900
2013-04-16,24.113536834716797,0.0,44.9900016784668,0.0,45.0,44.599998474121094,44.70000076293945,0.0,699200
2013-04-17,23.845542907714844,0.0,44.4900016784668,0.0,44.81999969482422,44.29999923706055,44.7599983215332,0.0,375800
2013-04-18,23.856271743774414,0.0,44.5099983215332,0.0,44.68000030517578,44.38999938964844,44.66999816894531,0.0,459200
2013-04-19,24.20465660095215,0.0,45.15999984741211,0.0,45.20000076293945,44.880001068115234,44.91999816894531,0.0,862800
2013-04-22,24.151052474975586,0.0,45.060001373291016,0.0,45.099998474121094,44.689998626708984,44.88999938964844,0.0,319200
2013-04-23,24.19929313659668,0.0,45.150001525878906,0.0,45.18000030517578,44.849998474121094,44.900001525878906,0.0,545700
2013-04-24,24.30649185180664,0.0,45.349998474121094,0.0,45.5099983215332,45.150001525878906,45.189998626708984,0.0,487000
2013-04-25,24.381528854370117,0.0,45.4900016784668,0.0,45.720001220703125,45.40999984741211,45.5,0.0,446600
2013-04-26,24.285036087036133,0.0,45.310001373291016,0.0,45.349998474121094,45.15999984741211,45.34000015258789,0.0,396300
2013-04-29,24.611988067626953,0.0,45.91999816894531,0.0,45.95000076293945,45.5099983215332,45.560001373291016,0.0,542900
2013-04-30,24.713829040527344,0.0,46.11000061035156,0.0,46.119998931884766,45.720001220703125,45.869998931884766,0.0,952600
2013-05-01,24.6387882232666,0.0,45.970001220703125,0.0,46.290000915527344,45.90999984741211,46.22999954223633,0.0,772000
2013-05-02,24.756704330444336,0.0,46.189998626708984,0.0,46.2599983215332,45.939998626708984,46.0099983215332,0.0,304500
2013-05-03,24.997888565063477,0.0,46.63999938964844,0.0,46.7599983215332,46.31999969482422,46.38999938964844,0.0,887600
2013-05-06,24.955015182495117,0.0,46.560001373291016,0.0,46.7599983215332,46.470001220703125,46.58000183105469,0.0,737900
2013-05-07,24.82102394104004,0.0,46.310001373291016,0.0,46.40999984741211,46.209999084472656,46.34000015258789,0.0,1090900
2013-05-08,24.955015182495117,0.0,46.560001373291016,0.0,46.560001373291016,46.29999923706055,46.38999938964844,0.0,671900
2013-05-09,24.644142150878906,0.0,45.97999954223633,0.0,46.31999969482422,45.810001373291016,46.20000076293945,0.0,504000
2013-05-10,24.574478149414062,0.0,45.849998474121094,0.0,45.849998474121094,45.54999923706055,45.810001373291016,0.0,425100
2013-05-13,24.344009399414062,0.0,45.41999816894531,0.0,45.47999954223633,45.310001373291016,45.369998931884766,0.0,387700
2013-05-14,24.2368106842041,0.0,45.220001220703125,0.0,45.34000015258789,45.0099983215332,45.099998474121094,0.0,494500
2013-05-15,24.161775588989258,0.0,45.08000183105469,0.0,45.119998931884766,44.90999984741211,44.93000030517578,0.0,618100
2013-05-16,24.12425994873047,0.0,45.0099983215332,0.0,45.279998779296875,44.939998626708984,45.13999938964844,0.0,358500
2013-05-17,24.451200485229492,0.0,45.619998931884766,0.0,45.650001525878906,45.290000915527344,45.290000915527344,0.0,332700
2013-05-20,24.5851993560791,0.0,45.869998931884766,0.0,45.869998931884766,45.619998931884766,45.619998931884766,0.0,408700
2013-05-21,24.365440368652344,0.0,45.459999084472656,0.0,45.619998931884766,45.209999084472656,45.369998931884766,0.0,463800
2013-05-22,23.834835052490234,0.0,44.470001220703125,0.0,45.38999938964844,44.310001373291016,45.13999938964844,0.0,1032900
2013-05-23,23.40605354309082,0.0,43.66999816894531,0.0,43.66999816894531,42.880001068115234,43.41999816894531,0.0,642800
2013-05-24,23.084461212158203,0.0,43.06999969482422,0.0,43.06999969482422,42.779998779296875,42.95000076293945,0.0,432000
2013-05-28,23.17021942138672,0.0,43.22999954223633,0.0,43.720001220703125,43.15999984741211,43.599998474121094,0.0,674300
2013-05-29,22.77895736694336,0.0,42.5,0.0,42.72999954223633,42.38999938964844,42.650001525878906,0.0,1101200
2013-05-30,22.516321182250977,0.0,42.0099983215332,0.0,42.209999084472656,42.0099983215332,42.099998474121094,0.0,612800
2013-05-31,22.039310455322266,0.0,41.119998931884766,0.0,41.90999984741211,40.209999084472656,41.529998779296875,0.0,1873200
2013-06-03,22.135791778564453,0.0,41.29999923706055,0.0,41.33000183105469,40.959999084472656,41.11000061035156,0.0,3209900
2013-06-04,22.301952362060547,0.0,41.61000061035156,0.0,41.93000030517578,41.43000030517578,41.88999938964844,0.0,581600
2013-06-05,21.84100341796875,0.0,40.75,0.0,41.2400016784668,40.709999084472656,41.150001525878906,0.0,728400
2013-06-06,21.948192596435547,0.0,40.95000076293945,0.0,40.95000076293945,40.369998931884766,40.47999954223633,0.0,788600
2013-06-07,22.264419555664062,0.0,41.540000915527344,0.0,41.54999923706055,41.130001068115234,41.2400016784668,0.0,492500
2013-06-10,21.99107551574707,0.0,41.029998779296875,0.0,41.2400016784668,40.93000030517578,41.2400016784668,0.0,523400
2013-06-11,21.51405143737793,0.0,40.13999938964844,0.0,40.439998626708984,39.90999984741211,40.18000030517578,0.0,1160100
2013-06-12,21.353267669677734,0.0,39.84000015258789,0.0,40.459999084472656,39.70000076293945,40.40999984741211,0.0,563100
2013-06-13,21.89996910095215,0.0,40.86000061035156,0.0,40.93000030517578,40.209999084472656,40.209999084472656,0.0,357400
2013-06-14,21.953554153442383,0.0,40.959999084472656,0.0,41.31999969482422,40.79999923706055,40.9900016784668,0.0,391300
2013-06-17,22.033950805664062,0.0,41.11000061035156,0.0,41.380001068115234,40.900001525878906,41.2400016784668,0.0,486000
2013-06-18,22.253698348999023,0.0,41.52000045776367,0.0,41.65999984741211,41.31999969482422,41.349998474121094,0.0,354600
2013-06-19,21.728445053100586,0.0,40.540000915527344,0.0,41.529998779296875,40.5099983215332,41.439998626708984,0.0,369000
2013-06-20,20.785125732421875,0.0,38.779998779296875,0.0,39.599998474121094,38.630001068115234,39.59000015258789,0.0,611700
2013-06-21,20.88681411743164,0.0,38.40999984741211,0.557,38.72999954223633,38.0,38.61000061035156,0.0,667700
2013-06-24,20.48984718322754,0.0,37.68000030517578,0.0,37.93000030517578,37.31999969482422,37.66999816894531,0.0,1209400
2013-06-25,20.854185104370117,0.0,38.349998474121094,0.0,38.45000076293945,37.93000030517578,38.060001373291016,0.0,442400
2013-06-26,21.07170295715332,0.0,38.75,0.0,38.91999816894531,38.619998931884766,38.849998474121094,0.0,559700
2013-06-27,21.49042510986328,0.0,39.52000045776367,0.0,39.599998474121094,39.279998779296875,39.33000183105469,0.0,405700
2013-06-28,21.69705581665039,0.0,39.900001525878906,0.0,40.060001373291016,39.529998779296875,39.68000030517578,0.0,579300
2013-07-01,21.599180221557617,0.0,39.720001220703125,0.0,40.04999923706055,39.630001068115234,39.849998474121094,0.0,604300
2013-07-02,21.789501190185547,0.0,40.06999969482422,0.0,40.279998779296875,39.880001068115234,39.939998626708984,0.0,424200
2013-07-03,21.713369369506836,0.0,39.93000030517578,0.0,40.02000045776367,39.68000030517578,39.720001220703125,0.0,300200
2013-07-05,21.88195037841797,0.0,40.2400016784668,0.0,40.369998931884766,39.709999084472656,40.279998779296875,0.0,376300
2013-07-08,21.789501190185547,0.0,40.06999969482422,0.0,40.2599983215332,40.0,40.08000183105469,0.0,285900
2013-07-09,21.963512420654297,0.0,40.38999938964844,0.0,40.5099983215332,40.18000030517578,40.380001068115234,0.0,227200
2013-07-10,21.8330078125,0.0,40.150001525878906,0.0,40.52000045776367,40.029998779296875,40.150001525878906,0.0,547000
2013-07-11,22.550806045532227,0.0,41.470001220703125,0.0,41.540000915527344,40.9900016784668,41.099998474121094,0.0,888000
2013-07-12,22.371349334716797,0.0,41.13999938964844,0.0,41.2599983215332,41.0099983215332,41.150001525878906,0.0,289500
2013-07-15,22.50730323791504,0.0,41.38999938964844,0.0,41.459999084472656,41.189998626708984,41.25,0.0,803100
2013-07-16,22.44747543334961,0.0,41.279998779296875,0.0,41.29999923706055,41.119998931884766,41.279998779296875,0.0,331500
2013-07-17,22.376787185668945,0.0,41.150001525878906,0.0,41.36000061035156,41.02000045776367,41.36000061035156,0.0,394600
2013-07-18,22.43660545349121,0.0,41.2599983215332,0.0,41.290000915527344,41.11000061035156,41.119998931884766,0.0,299000
2013-07-19,22.458362579345703,0.0,41.29999923706055,0.0,41.349998474121094,41.18000030517578,41.2599983215332,0.0,274300
2013-07-22,22.57255744934082,0.0,41.5099983215332,0.0,41.560001373291016,41.279998779296875,41.41999816894531,0.0,399800
2013-07-23,22.58342933654785,0.0,41.529998779296875,0.0,41.68000030517578,41.41999816894531,41.54999923706055,0.0,318800
2013-07-24,22.387659072875977,0.0,41.16999816894531,0.0,41.45000076293945,41.0099983215332,41.439998626708984,0.0,580400
2013-07-25,22.46923065185547,0.0,41.31999969482422,0.0,41.36000061035156,40.869998931884766,40.869998931884766,0.0,176000
2013-07-26,22.44747543334961,0.0,41.279998779296875,0.0,41.29999923706055,40.91999816894531,41.119998931884766,0.0,434200
2013-07-29,22.26259994506836,0.0,40.939998626708984,0.0,41.029998779296875,40.869998931884766,40.970001220703125,0.0,202500
2013-07-30,22.126651763916016,0.0,40.689998626708984,0.0,40.939998626708984,40.54999923706055,40.86000061035156,0.0,256700
2013-07-31,22.028766632080078,0.0,40.5099983215332,0.0,40.7599983215332,40.220001220703125,40.220001220703125,0.0,668800
2013-08-01,22.289785385131836,0.0,40.9900016784668,0.0,41.09000015258789,40.880001068115234,40.91999816894531,0.0,601400
2013-08-02,22.322410583496094,0.0,41.04999923706055,0.0,41.08000183105469,40.779998779296875,40.810001373291016,0.0,312300
2013-08-05,22.33329200744629,0.0,41.06999969482422,0.0,41.119998931884766,40.97999954223633,41.0,0.0,337000
2013-08-06,22.300662994384766,0.0,41.0099983215332,0.0,41.25,40.91999816894531,41.220001220703125,0.0,1026400
2013-08-07,22.153841018676758,0.0,40.7400016784668,0.0,40.81999969482422,40.630001068115234,40.70000076293945,0.0,283900
2013-08-08,22.403982162475586,0.0,41.20000076293945,0.0,41.380001068115234,40.91999816894531,41.150001525878906,0.0,534800
2013-08-09,22.365915298461914,0.0,41.130001068115234,0.0,41.369998931884766,41.060001373291016,41.25,0.0,1515400
2013-08-12,22.208215713500977,0.0,40.84000015258789,0.0,40.91999816894531,40.70000076293945,40.81999969482422,0.0,235400
2013-08-13,22.246278762817383,0.0,40.90999984741211,0.0,40.970001220703125,40.630001068115234,40.869998931884766,0.0,275900
2013-08-14,22.224533081054688,0.0,40.869998931884766,0.0,41.0,40.75,40.939998626708984,0.0,350400
2013-08-15,22.023330688476562,0.0,40.5,0.0,40.58000183105469,40.18000030517578,40.529998779296875,0.0,272000
2013-08-16,22.007017135620117,0.0,40.470001220703125,0.0,40.63999938964844,40.41999816894531,40.59000015258789,0.0,472800
2013-08-19,21.756874084472656,0.0,40.0099983215332,0.0,40.43000030517578,39.95000076293945,40.31999969482422,0.0,283000
2013-08-20,21.82756805419922,0.0,40.13999938964844,0.0,40.2599983215332,39.91999816894531,40.029998779296875,0.0,292000
2013-08-21,21.44691276550293,0.0,39.439998626708984,0.0,39.91999816894531,39.380001068115234,39.7400016784668,0.0,460100
2013-08-22,21.45779037475586,0.0,39.459999084472656,0.0,39.630001068115234,39.400001525878906,39.41999816894531,0.0,250800
2013-08-23,21.61548614501953,0.0,39.75,0.0,39.779998779296875,39.5099983215332,39.650001525878906,0.0,233900
2013-08-26,21.474109649658203,0.0,39.4900016784668,0.0,39.779998779296875,39.4900016784668,39.75,0.0,208100
2013-08-27,21.136964797973633,0.0,38.869998931884766,0.0,39.20000076293945,38.81999969482422,39.09000015258789,0.0,408500
2013-08-28,21.153268814086914,0.0,38.900001525878906,0.0,39.150001525878906,38.79999923706055,38.900001525878906,0.0,296800
2013-08-29,21.126083374023438,0.0,38.849998474121094,0.0,39.11000061035156,38.810001373291016,38.900001525878906,0.0,395700
2013-08-30,21.136964797973633,0.0,38.869998931884766,0.0,39.0099983215332,38.7599983215332,38.959999084472656,0.0,303100
2013-09-03,21.40885353088379,0.0,39.369998931884766,0.0,39.70000076293945,39.150001525878906,39.5,0.0,277900
2013-09-04,21.50674057006836,0.0,39.54999923706055,0.0,39.70000076293945,39.25,39.33000183105469,0.0,391000
2013-09-05,21.468669891357422,0.0,39.47999954223633,0.0,39.560001373291016,39.290000915527344,39.290000915527344,0.0,537300
2013-09-06,21.539365768432617,0.0,39.61000061035156,0.0,39.75,39.31999969482422,39.529998779296875,0.0,492200
2013-09-09,22.007017135620117,0.0,40.470001220703125,0.0,40.5099983215332,40.0099983215332,40.18000030517578,0.0,470600
2013-09-10,22.25715446472168,0.0,40.93000030517578,0.0,40.970001220703125,40.7400016784668,40.75,0.0,466600
2013-09-11,22.360475540161133,0.0,41.119998931884766,0.0,41.13999938964844,40.79999923706055,40.869998931884766,0.0,358400
2013-09-12,22.2299747467041,0.0,40.880001068115234,0.0,41.040000915527344,40.83000183105469,40.959999084472656,0.0,191200
2013-09-13,22.376787185668945,0.0,41.150001525878906,0.0,41.150001525878906,40.95000076293945,40.97999954223633,0.0,295800
2013-09-16,22.55624008178711,0.0,41.47999954223633,0.0,41.79999923706055,41.439998626708984,41.599998474121094,0.0,315000
2013-09-17,22.71393585205078,0.0,41.77000045776367,0.0,41.77000045776367,41.560001373291016,41.599998474121094,0.0,263700
2013-09-18,23.344728469848633,0.0,42.93000030517578,0.0,42.93000030517578,41.59000015258789,41.720001220703125,0.0,353100
2013-09-19,23.344728469848633,0.0,42.93000030517578,0.0,43.29999923706055,42.93000030517578,43.150001525878906,0.0,421300
2013-09-20,23.082000732421875,0.0,42.16999816894531,0.28,42.54999923706055,42.130001068115234,42.54999923706055,0.0,371200
2013-09-23,23.08746337890625,0.0,42.18000030517578,0.0,42.29999923706055,42.0099983215332,42.15999984741211,0.0,269000
2013-09-24,23.043678283691406,0.0,42.099998474121094,0.0,42.290000915527344,41.97999954223633,42.06999969482422,0.0,406400
2013-09-25,22.988954544067383,0.0,42.0,0.0,42.16999816894531,41.88999938964844,42.040000915527344,0.0,435300
2013-09-26,23.103891372680664,0.0,42.209999084472656,0.0,42.2599983215332,42.0,42.02000045776367,0.0,264700
2013-09-27,23.1093692779541,0.0,42.220001220703125,0.0,42.279998779296875,42.0,42.130001068115234,0.0,346900
2013-09-30,23.060100555419922,0.0,42.130001068115234,0.0,42.34000015258789,41.959999084472656,42.34000015258789,0.0,550600
2013-10-01,23.218830108642578,0.0,42.41999816894531,0.0,42.5,42.130001068115234,42.15999984741211,0.0,707600
2013-10-02,23.191465377807617,0.0,42.369998931884766,0.0,42.369998931884766,41.88999938964844,42.16999816894531,0.0,294100
2013-10-03,22.988954544067383,0.0,42.0,0.0,42.209999084472656,41.779998779296875,42.209999084472656,0.0,317800
2013-10-04,23.060100555419922,0.0,42.130001068115234,0.0,42.150001525878906,41.849998474121094,41.900001525878906,0.0,252300
2013-10-07,22.797372817993164,0.0,41.650001525878906,0.0,41.79999923706055,41.40999984741211,41.58000183105469,0.0,364900
2013-10-08,22.709802627563477,0.0,41.4900016784668,0.0,41.869998931884766,41.400001525878906,41.81999969482422,0.0,661600
2013-10-09,22.92874526977539,0.0,41.88999938964844,0.0,42.099998474121094,41.66999816894531,41.81999969482422,0.0,1086800
2013-10-10,23.344728469848633,0.0,42.650001525878906,0.0,42.709999084472656,42.310001373291016,42.310001373291016,0.0,352500
2013-10-11,23.410415649414062,0.0,42.77000045776367,0.0,42.779998779296875,42.529998779296875,42.619998931884766,0.0,286900
2013-10-14,23.487037658691406,0.0,42.90999984741211,0.0,43.0099983215332,42.5099983215332,42.63999938964844,0.0,226900
2013-10-15,23.289987564086914,0.0,42.54999923706055,0.0,42.70000076293945,42.459999084472656,42.52000045776367,0.0,219000
2013-10-16,23.487037658691406,0.0,42.90999984741211,0.0,42.970001220703125,42.630001068115234,42.709999084472656,0.0,224900
2013-10-17,23.815448760986328,0.0,43.5099983215332,0.0,43.560001373291016,43.099998474121094,43.189998626708984,0.0,316800
2013-10-18,24.023448944091797,0.0,43.88999938964844,0.0,43.90999984741211,43.63999938964844,43.77000045776367,0.0,383600
2013-10-21,23.957773208618164,0.0,43.77000045776367,0.0,43.81999969482422,43.65999984741211,43.810001373291016,0.0,383800
2013-10-22,24.08365249633789,0.0,44.0,0.0,44.08000183105469,43.720001220703125,43.83000183105469,0.0,340200
2013-10-23,23.924928665161133,0.0,43.709999084472656,0.0,43.7400016784668,43.5,43.58000183105469,0.0,289000
2013-10-24,23.974184036254883,0.0,43.79999923706055,0.0,43.95000076293945,43.65999984741211,43.95000076293945,0.0,300300
2013-10-25,23.968719482421875,0.0,43.790000915527344,0.0,43.86000061035156,43.689998626708984,43.83000183105469,0.0,268900
2013-10-28,23.870195388793945,0.0,43.61000061035156,0.0,43.75,43.59000015258789,43.709999084472656,0.0,404400
2013-10-29,23.89754867553711,0.0,43.65999984741211,0.0,43.77000045776367,43.58000183105469,43.61000061035156,0.0,223900
2013-10-30,23.695035934448242,0.0,43.290000915527344,0.0,43.66999816894531,43.150001525878906,43.66999816894531,0.0,212200
2013-10-31,23.61841583251953,0.0,43.150001525878906,0.0,43.40999984741211,43.150001525878906,43.34000015258789,0.0,316800
2013-11-01,23.541778564453125,0.0,43.0099983215332,0.0,43.06999969482422,42.81999969482422,43.060001373291016,0.0,298400
2013-11-04,23.607458114624023,0.0,43.130001068115234,0.0,43.15999984741211,42.95000076293945,43.15999984741211,0.0,419800
2013-11-05,23.426830291748047,0.0,42.79999923706055,0.0,42.939998626708984,42.720001220703125,42.869998931884766,0.0,479600
2013-11-06,23.426830291748047,0.0,42.79999923706055,0.0,42.939998626708984,42.75,42.869998931884766,0.0,357000
2013-11-07,23.1093692779541,0.0,42.220001220703125,0.0,42.77000045776367,42.189998626708984,42.75,0.0,612400
2013-11-08,23.213367462158203,0.0,42.40999984741211,0.0,42.41999816894531,42.18000030517578,42.25,0.0,225100
2013-11-11,23.207889556884766,0.0,42.400001525878906,0.0,42.43000030517578,42.29999923706055,42.400001525878906,0.0,211100
2013-11-12,23.16957664489746,0.0,42.33000183105469,0.0,42.439998626708984,42.189998626708984,42.43000030517578,0.0,276000
2013-11-13,23.196950912475586,0.0,42.380001068115234,0.0,42.43000030517578,42.150001525878906,42.25,0.0,1193700
2013-11-14,23.38304328918457,0.0,42.720001220703125,0.0,42.790000915527344,42.400001525878906,42.560001373291016,0.0,284400
2013-11-15,23.67314910888672,0.0,43.25,0.0,43.29999923706055,43.02000045776367,43.16999816894531,0.0,411700
2013-11-18,23.591035842895508,0.0,43.099998474121094,0.0,43.29999923706055,42.970001220703125,43.2599983215332,0.0,213600
2013-11-19,23.421363830566406,0.0,42.790000915527344,0.0,42.880001068115234,42.63999938964844,42.7400016784668,0.0,381700
2013-11-20,23.185997009277344,0.0,42.36000061035156,0.0,42.77000045776367,42.27000045776367,42.7400016784668,0.0,351900
2013-11-21,23.14768409729004,0.0,42.290000915527344,0.0,42.310001373291016,42.130001068115234,42.27000045776367,0.0,220600
2013-11-22,23.175050735473633,0.0,42.34000015258789,0.0,42.380001068115234,42.119998931884766,42.27000045776367,0.0,367100
2013-11-25,23.021785736083984,0.0,42.060001373291016,0.0,42.22999954223633,41.959999084472656,42.220001220703125,0.0,354000
2013-11-26,23.005374908447266,0.0,42.029998779296875,0.0,42.099998474121094,41.849998474121094,41.849998474121094,0.0,376300
2013-11-27,23.120319366455078,0.0,42.2400016784668,0.0,42.29999923706055,42.060001373291016,42.2400016784668,0.0,239900
2013-11-29,23.131254196166992,0.0,42.2599983215332,0.0,42.380001068115234,42.189998626708984,42.189998626708984,0.0,311700
2013-12-02,22.819265365600586,0.0,41.689998626708984,0.0,42.029998779296875,41.66999816894531,41.97999954223633,0.0,387600
2013-12-03,22.726219177246094,0.0,41.52000045776367,0.0,41.630001068115234,41.369998931884766,41.459999084472656,0.0,634900
2013-12-04,22.68242835998535,0.0,41.439998626708984,0.0,41.529998779296875,41.16999816894531,41.36000061035156,0.0,378400
2013-12-05,22.56748390197754,0.0,41.22999954223633,0.0,41.369998931884766,41.150001525878906,41.349998474121094,0.0,217400
2013-12-06,22.71526527404785,0.0,41.5,0.0,41.619998931884766,41.349998474121094,41.58000183105469,0.0,334100
2013-12-09,22.693378448486328,0.0,41.459999084472656,0.0,41.47999954223633,41.279998779296875,41.279998779296875,0.0,350500
2013-12-10,22.63863754272461,0.0,41.36000061035156,0.0,41.400001525878906,41.220001220703125,41.36000061035156,0.0,354000
2013-12-11,22.277387619018555,0.0,40.70000076293945,0.0,41.310001373291016,40.650001525878906,41.15999984741211,0.0,637200
2013-12-12,22.16792106628418,0.0,40.5,0.0,40.709999084472656,40.45000076293945,40.70000076293945,0.0,522100
2013-12-13,22.211700439453125,0.0,40.58000183105469,0.0,40.689998626708984,40.43000030517578,40.63999938964844,0.0,422200
2013-12-16,22.217174530029297,0.0,40.59000015258789,0.0,40.79999923706055,40.5,40.79999923706055,0.0,515400
2013-12-17,22.03654670715332,0.0,40.2599983215332,0.0,40.41999816894531,40.130001068115234,40.34000015258789,0.0,671400
2013-12-18,22.29380226135254,0.0,40.72999954223633,0.0,40.90999984741211,40.220001220703125,40.43000030517578,0.0,523900
2013-12-19,22.282855987548828,0.0,40.709999084472656,0.0,40.7400016784668,40.5,40.650001525878906,0.0,485200
2013-12-20,22.35555076599121,0.0,39.97999954223633,0.86,40.09000015258789,39.81999969482422,39.9900016784668,0.0,576500
2013-12-23,22.54007339477539,0.0,40.310001373291016,0.0,40.380001068115234,40.16999816894531,40.18000030517578,0.0,785300
2013-12-24,22.500932693481445,0.0,40.2400016784668,0.0,40.33000183105469,40.040000915527344,40.040000915527344,0.0,312800
2013-12-26,22.584802627563477,0.0,40.38999938964844,0.0,40.529998779296875,40.349998474121094,40.5,0.0,482500
2013-12-27,22.584802627563477,0.0,40.38999938964844,0.0,40.65999984741211,40.33000183105469,40.560001373291016,0.0,419300
2013-12-30,22.797290802001953,0.0,40.77000045776367,0.0,40.86000061035156,40.5,40.619998931884766,0.0,942200
2013-12-31,23.037731170654297,0.0,41.20000076293945,0.0,41.209999084472656,40.869998931884766,41.06999969482422,0.0,740800
2014-01-02,22.60158920288086,0.0,40.41999816894531,0.0,40.86000061035156,40.380001068115234,40.70000076293945,0.0,691100
2014-01-03,22.72459602355957,0.0,40.63999938964844,0.0,40.779998779296875,40.5099983215332,40.689998626708984,0.0,332100
2014-01-06,22.646326065063477,0.0,40.5,0.0,40.75,40.4900016784668,40.70000076293945,0.0,510700
2014-01-07,22.685457229614258,0.0,40.56999969482422,0.0,40.790000915527344,40.5099983215332,40.7599983215332,0.0,417000
2014-01-08,22.590402603149414,0.0,40.400001525878906,0.0,40.59000015258789,40.349998474121094,40.45000076293945,0.0,612200
2014-01-09,22.62954330444336,0.0,40.470001220703125,0.0,40.599998474121094,40.2599983215332,40.54999923706055,0.0,268600
2014-01-10,22.791702270507812,0.0,40.7599983215332,0.0,40.810001373291016,40.5,40.529998779296875,0.0,311900
2014-01-13,22.640718460083008,0.0,40.4900016784668,0.0,40.95000076293945,40.45000076293945,40.61000061035156,0.0,561100
2014-01-14,22.73578453063965,0.0,40.65999984741211,0.0,40.70000076293945,40.41999816894531,40.61000061035156,0.0,383900
2014-01-15,22.74137306213379,0.0,40.66999816894531,0.0,40.7599983215332,40.529998779296875,40.68000030517578,0.0,348800
2014-01-16,22.71341896057129,0.0,40.619998931884766,0.0,40.650001525878906,40.47999954223633,40.4900016784668,0.0,269400
2014-01-17,22.76373863220215,0.0,40.709999084472656,0.0,40.9900016784668,40.70000076293945,40.810001373291016,0.0,247400
2014-01-21,22.842029571533203,0.0,40.849998474121094,0.0,41.02000045776367,40.720001220703125,41.02000045776367,0.0,652900
2014-01-22,22.937084197998047,0.0,41.02000045776367,0.0,41.04999923706055,40.869998931884766,41.04999923706055,0.0,736000
2014-01-23,22.691051483154297,0.0,40.58000183105469,0.0,40.849998474121094,40.43000030517578,40.72999954223633,0.0,488700
2014-01-24,22.24371337890625,0.0,39.779998779296875,0.0,40.29999923706055,39.77000045776367,40.2599983215332,0.0,558200
2014-01-27,22.16542625427246,0.0,39.63999938964844,0.0,40.04999923706055,39.5099983215332,39.810001373291016,0.0,457300
2014-01-28,22.38351058959961,0.0,40.029998779296875,0.0,40.130001068115234,39.81999969482422,39.900001525878906,0.0,398000
2014-01-29,22.154245376586914,0.0,39.619998931884766,0.0,39.849998474121094,39.52000045776367,39.529998779296875,0.0,560600
2014-01-30,22.31081771850586,0.0,39.900001525878906,0.0,39.959999084472656,39.72999954223633,39.90999984741211,0.0,354400
2014-01-31,22.075969696044922,0.0,39.47999954223633,0.0,39.66999816894531,39.13999938964844,39.290000915527344,0.0,646700
2014-02-03,21.706918716430664,0.0,38.81999969482422,0.0,39.4900016784668,38.779998779296875,39.40999984741211,0.0,813400
2014-02-04,21.964134216308594,0.0,39.279998779296875,0.0,39.58000183105469,39.22999954223633,39.310001373291016,0.0,2890700
2014-02-05,21.930583953857422,0.0,39.220001220703125,0.0,39.34000015258789,39.060001373291016,39.290000915527344,0.0,1729800
2014-02-06,22.232534408569336,0.0,39.7599983215332,0.0,39.779998779296875,39.40999984741211,39.47999954223633,0.0,505100
2014-02-07,22.512115478515625,0.0,40.2599983215332,0.0,40.27000045776367,39.849998474121094,40.06999969482422,0.0,448500
2014-02-10,22.38351058959961,0.0,40.029998779296875,0.0,40.15999984741211,40.0,40.060001373291016,0.0,274000
2014-02-11,22.77492332458496,0.0,40.72999954223633,0.0,40.810001373291016,40.2599983215332,40.380001068115234,0.0,506300
2014-02-12,22.74137306213379,0.0,40.66999816894531,0.0,40.779998779296875,40.54999923706055,40.709999084472656,0.0,395400
2014-02-13,22.730194091796875,0.0,40.650001525878906,0.0,40.72999954223633,40.130001068115234,40.36000061035156,0.0,284000
2014-02-14,22.814064025878906,0.0,40.79999923706055,0.0,40.95000076293945,40.599998474121094,40.77000045776367,0.0,548700
2014-02-18,23.032142639160156,0.0,41.189998626708984,0.0,41.2599983215332,41.09000015258789,41.11000061035156,0.0,439900
2014-02-19,22.976221084594727,0.0,41.09000015258789,0.0,41.439998626708984,41.060001373291016,41.2400016784668,0.0,451400
2014-02-20,23.16074562072754,0.0,41.41999816894531,0.0,41.4900016784668,41.09000015258789,41.2599983215332,0.0,194500
2014-02-21,23.116012573242188,0.0,41.34000015258789,0.0,41.47999954223633,41.189998626708984,41.2400016784668,0.0,425100
2014-02-24,23.171937942504883,0.0,41.439998626708984,0.0,41.689998626708984,41.2599983215332,41.38999938964844,0.0,350300
2014-02-25,23.116012573242188,0.0,41.34000015258789,0.0,41.619998931884766,41.31999969482422,41.47999954223633,0.0,263000
2014-02-26,23.032142639160156,0.0,41.189998626708984,0.0,41.439998626708984,41.06999969482422,41.33000183105469,0.0,234900
2014-02-27,23.076873779296875,0.0,41.27000045776367,0.0,41.34000015258789,41.04999923706055,41.150001525878906,0.0,275100
2014-02-28,23.19430160522461,0.0,41.47999954223633,0.0,41.630001068115234,41.2599983215332,41.290000915527344,0.0,461900
2014-03-03,22.948272705078125,0.0,41.040000915527344,0.0,41.27000045776367,40.900001525878906,41.150001525878906,0.0,494200
2014-03-04,23.317317962646484,0.0,41.70000076293945,0.0,41.7599983215332,41.560001373291016,41.709999084472656,0.0,258800
2014-03-05,23.2446346282959,0.0,41.56999969482422,0.0,41.70000076293945,41.5099983215332,41.650001525878906,0.0,376700
2014-03-06,23.42915153503418,0.0,41.900001525878906,0.0,42.040000915527344,41.849998474121094,41.88999938964844,0.0,382100
2014-03-07,23.401195526123047,0.0,41.849998474121094,0.0,41.9900016784668,41.599998474121094,41.81999969482422,0.0,352700
2014-03-10,23.18311882019043,0.0,41.459999084472656,0.0,41.540000915527344,41.279998779296875,41.5099983215332,0.0,267100
2014-03-11,23.032142639160156,0.0,41.189998626708984,0.0,41.5,41.119998931884766,41.40999984741211,0.0,439000
2014-03-12,22.909128189086914,0.0,40.970001220703125,0.0,41.029998779296875,40.7599983215332,40.91999816894531,0.0,311500
2014-03-13,22.61835479736328,0.0,40.45000076293945,0.0,41.15999984741211,40.369998931884766,41.0,0.0,639700
2014-03-14,22.635133743286133,0.0,40.47999954223633,0.0,40.58000183105469,40.33000183105469,40.400001525878906,0.0,346100
2014-03-17,22.842029571533203,0.0,40.849998474121094,0.0,40.93000030517578,40.70000076293945,40.7400016784668,0.0,290100
2014-03-18,22.96504020690918,0.0,41.06999969482422,0.0,41.18000030517578,40.790000915527344,40.790000915527344,0.0,184600
2014-03-19,22.70783042907715,0.0,40.61000061035156,0.0,41.0,40.45000076293945,40.9900016784668,0.0,373900
2014-03-20,22.42824363708496,0.0,40.11000061035156,0.0,40.16999816894531,39.849998474121094,40.06999969482422,0.0,361800
2014-03-21,22.466508865356445,0.0,39.91999816894531,0.258,40.36000061035156,39.869998931884766,40.22999954223633,0.0,206200
2014-03-24,22.5396728515625,0.0,40.04999923706055,0.0,40.31999969482422,39.86000061035156,40.220001220703125,0.0,326100
2014-03-25,22.764781951904297,0.0,40.45000076293945,0.0,40.529998779296875,40.25,40.470001220703125,0.0,327000
2014-03-26,22.65223503112793,0.0,40.25,0.0,40.58000183105469,40.22999954223633,40.560001373291016,0.0,345700
2014-03-27,22.877344131469727,0.0,40.650001525878906,0.0,40.7400016784668,40.5,40.540000915527344,0.0,339100
2014-03-28,23.102460861206055,0.0,41.04999923706055,0.0,41.150001525878906,40.88999938964844,40.970001220703125,0.0,271300
2014-03-31,23.169994354248047,0.0,41.16999816894531,0.0,41.31999969482422,41.150001525878906,41.20000076293945,0.0,439900
2014-04-01,23.22064971923828,0.0,41.2599983215332,0.0,41.33000183105469,41.13999938964844,41.27000045776367,0.0,386300
2014-04-02,23.406373977661133,0.0,41.59000015258789,0.0,41.630001068115234,41.459999084472656,41.52000045776367,0.0,321000
2014-04-03,23.316322326660156,0.0,41.43000030517578,0.0,41.560001373291016,41.279998779296875,41.540000915527344,0.0,315800
2014-04-04,23.299440383911133,0.0,41.400001525878906,0.0,41.810001373291016,41.349998474121094,41.70000076293945,0.0,175800
2014-04-07,23.406373977661133,0.0,41.59000015258789,0.0,41.77000045776367,41.5,41.70000076293945,0.0,224300
2014-04-08,23.468276977539062,0.0,41.70000076293945,0.0,41.779998779296875,41.47999954223633,41.650001525878906,0.0,297000
2014-04-09,23.7384033203125,0.0,42.18000030517578,0.0,42.220001220703125,41.7400016784668,41.939998626708984,0.0,1638800
2014-04-10,23.468276977539062,0.0,41.70000076293945,0.0,42.220001220703125,41.66999816894531,42.150001525878906,0.0,638700
2014-04-11,23.42888069152832,0.0,41.630001068115234,0.0,41.83000183105469,41.4900016784668,41.4900016784668,0.0,437900
2014-04-14,23.518930435180664,0.0,41.790000915527344,0.0,41.90999984741211,41.619998931884766,41.90999984741211,0.0,287500
2014-04-15,23.518930435180664,0.0,41.790000915527344,0.0,41.849998474121094,41.439998626708984,41.779998779296875,0.0,365400
2014-04-16,23.727155685424805,0.0,42.15999984741211,0.0,42.22999954223633,41.88999938964844,42.04999923706055,0.0,710300
2014-04-17,23.834075927734375,0.0,42.349998474121094,0.0,42.41999816894531,42.220001220703125,42.2599983215332,0.0,259900
2014-04-21,23.76654815673828,0.0,42.22999954223633,0.0,42.45000076293945,42.11000061035156,42.369998931884766,0.0,385600
2014-04-22,23.884740829467773,0.0,42.439998626708984,0.0,42.56999969482422,42.27000045776367,42.27000045776367,0.0,1119000
2014-04-23,23.817209243774414,0.0,42.31999969482422,0.0,42.529998779296875,42.27000045776367,42.380001068115234,0.0,346600
2014-04-24,23.89035987854004,0.0,42.45000076293945,0.0,42.54999923706055,42.2400016784668,42.47999954223633,0.0,267200
2014-04-25,23.772188186645508,0.0,42.2400016784668,0.0,42.439998626708984,42.09000015258789,42.400001525878906,0.0,242500
2014-04-28,23.862226486206055,0.0,42.400001525878906,0.0,42.459999084472656,42.13999938964844,42.45000076293945,0.0,254800
2014-04-29,24.002925872802734,0.0,42.650001525878906,0.0,42.720001220703125,42.5,42.54999923706055,0.0,252300
2014-04-30,24.036693572998047,0.0,42.709999084472656,0.0,42.709999084472656,42.41999816894531,42.4900016784668,0.0,302600
2014-05-01,24.036693572998047,0.0,42.709999084472656,0.0,42.779998779296875,42.630001068115234,42.77000045776367,0.0,288700
2014-05-02,24.03105926513672,0.0,42.70000076293945,0.0,42.77000045776367,42.59000015258789,42.72999954223633,0.0,213600
2014-05-05,24.002925872802734,0.0,42.650001525878906,0.0,42.70000076293945,42.43000030517578,42.540000915527344,0.0,487100
2014-05-06,24.10422706604004,0.0,42.83000183105469,0.0,42.91999816894531,42.689998626708984,42.869998931884766,0.0,274600
2014-05-07,24.301206588745117,0.0,43.18000030517578,0.0,43.20000076293945,42.84000015258789,42.880001068115234,0.0,279000
2014-05-08,24.329334259033203,0.0,43.22999954223633,0.0,43.369998931884766,43.130001068115234,43.2400016784668,0.0,626700
2014-05-09,24.396881103515625,0.0,43.349998474121094,0.0,43.400001525878906,43.150001525878906,43.20000076293945,0.0,472300
2014-05-12,24.53194236755371,0.0,43.59000015258789,0.0,43.59000015258789,43.40999984741211,43.5099983215332,0.0,1278300
2014-05-13,24.582595825195312,0.0,43.68000030517578,0.0,43.7400016784668,43.58000183105469,43.59000015258789,0.0,214500
2014-05-14,24.644506454467773,0.0,43.790000915527344,0.0,43.9900016784668,43.72999954223633,43.7400016784668,0.0,390600
2014-05-15,24.60511589050293,0.0,43.720001220703125,0.0,43.939998626708984,43.560001373291016,43.79999923706055,0.0,369200
2014-05-16,24.695159912109375,0.0,43.880001068115234,0.0,43.939998626708984,43.689998626708984,43.869998931884766,0.0,298800
2014-05-19,24.68951416015625,0.0,43.869998931884766,0.0,43.880001068115234,43.70000076293945,43.790000915527344,0.0,412600
2014-05-20,24.45878028869629,0.0,43.459999084472656,0.0,43.650001525878906,43.33000183105469,43.529998779296875,0.0,219900
2014-05-21,24.56571388244629,0.0,43.650001525878906,0.0,43.70000076293945,43.540000915527344,43.619998931884766,0.0,246400
2014-05-22,24.588218688964844,0.0,43.689998626708984,0.0,43.72999954223633,43.54999923706055,43.56999969482422,0.0,769000
2014-05-23,24.734546661376953,0.0,43.95000076293945,0.0,43.97999954223633,43.77000045776367,43.86000061035156,0.0,202200
2014-05-27,24.79082489013672,0.0,44.04999923706055,0.0,44.06999969482422,43.91999816894531,43.97999954223633,0.0,305500
2014-05-28,24.650129318237305,0.0,43.79999923706055,0.0,43.86000061035156,43.70000076293945,43.86000061035156,0.0,303900
2014-05-29,24.779573440551758,0.0,44.029998779296875,0.0,44.060001373291016,43.86000061035156,43.869998931884766,0.0,221100
2014-05-30,24.847105026245117,0.0,44.150001525878906,0.0,44.20000076293945,44.04999923706055,44.16999816894531,0.0,693600
2014-06-02,24.942785263061523,0.0,44.31999969482422,0.0,44.349998474121094,44.15999984741211,44.290000915527344,0.0,795000
2014-06-03,24.9259033203125,0.0,44.290000915527344,0.0,44.34000015258789,44.11000061035156,44.189998626708984,0.0,535000
2014-06-04,24.852737426757812,0.0,44.15999984741211,0.0,44.2400016784668,44.0099983215332,44.09000015258789,0.0,487700
2014-06-05,24.95403289794922,0.0,44.34000015258789,0.0,44.36000061035156,44.040000915527344,44.2400016784668,0.0,413700
2014-06-06,25.179155349731445,0.0,44.7400016784668,0.0,44.75,44.5,44.540000915527344,0.0,519600
2014-06-09,25.06659698486328,0.0,44.540000915527344,0.0,44.7599983215332,44.5099983215332,44.7400016784668,0.0,903300
2014-06-10,25.01593780517578,0.0,44.45000076293945,0.0,44.540000915527344,44.27000045776367,44.43000030517578,0.0,749400
2014-06-11,24.886507034301758,0.0,44.220001220703125,0.0,44.290000915527344,44.06999969482422,44.279998779296875,0.0,464200
2014-06-12,24.8189697265625,0.0,44.099998474121094,0.0,44.41999816894531,44.0099983215332,44.349998474121094,0.0,193400
2014-06-13,24.72328758239746,0.0,43.93000030517578,0.0,44.060001373291016,43.84000015258789,44.060001373291016,0.0,412100
2014-06-16,24.610733032226562,0.0,43.72999954223633,0.0,43.880001068115234,43.709999084472656,43.779998779296875,0.0,331400
2014-06-17,24.638877868652344,0.0,43.779998779296875,0.0,43.849998474121094,43.630001068115234,43.709999084472656,0.0,370100
2014-06-18,24.83021354675293,0.0,44.119998931884766,0.0,44.189998626708984,43.619998931884766,43.970001220703125,0.0,663200
2014-06-19,24.90901756286621,0.0,44.2599983215332,0.0,44.45000076293945,44.099998474121094,44.34000015258789,0.0,367900
2014-06-20,24.97054100036621,0.0,43.83000183105469,0.538,44.02000045776367,43.720001220703125,43.959999084472656,0.0,441700
2014-06-23,24.833805084228516,0.0,43.59000015258789,0.0,43.810001373291016,43.5099983215332,43.66999816894531,0.0,712700
2014-06-24,24.788240432739258,0.0,43.5099983215332,0.0,43.75,43.45000076293945,43.5099983215332,0.0,271800
2014-06-25,24.95345115661621,0.0,43.79999923706055,0.0,43.83000183105469,43.5,43.5,0.0,320900
2014-06-26,25.107276916503906,0.0,44.06999969482422,0.0,44.16999816894531,43.86000061035156,43.95000076293945,0.0,295700
2014-06-27,25.226917266845703,0.0,44.279998779296875,0.0,44.29999923706055,43.970001220703125,44.09000015258789,0.0,228500
2014-06-30,25.20411491394043,0.0,44.2400016784668,0.0,44.279998779296875,44.11000061035156,44.11000061035156,0.0,500600
2014-07-01,25.346548080444336,0.0,44.4900016784668,0.0,44.56999969482422,44.349998474121094,44.40999984741211,0.0,411400
2014-07-02,25.346548080444336,0.0,44.4900016784668,0.0,44.560001373291016,44.380001068115234,44.5,0.0,315800
2014-07-03,25.3123722076416,0.0,44.43000030517578,0.0,44.52000045776367,44.29999923706055,44.459999084472656,0.0,395200
2014-07-07,25.192726135253906,0.0,44.220001220703125,0.0,44.220001220703125,44.040000915527344,44.189998626708984,0.0,350800
2014-07-08,24.964847564697266,0.0,43.81999969482422,0.0,44.15999984741211,43.7599983215332,44.08000183105469,0.0,621100
2014-07-09,25.187034606933594,0.0,44.209999084472656,0.0,44.29999923706055,43.97999954223633,44.04999923706055,0.0,359400
2014-07-10,25.20411491394043,0.0,44.2400016784668,0.0,44.290000915527344,43.84000015258789,43.84000015258789,0.0,1342000
2014-07-11,25.192726135253906,0.0,44.220001220703125,0.0,44.279998779296875,44.08000183105469,44.15999984741211,0.0,260900
2014-07-14,25.295286178588867,0.0,44.400001525878906,0.0,44.4900016784668,44.33000183105469,44.4900016784668,0.0,201600
2014-07-15,25.283889770507812,0.0,44.380001068115234,0.0,44.560001373291016,44.22999954223633,44.52000045776367,0.0,289800
2014-07-16,25.471891403198242,0.0,44.709999084472656,0.0,44.790000915527344,44.619998931884766,44.689998626708984,0.0,275900
2014-07-17,25.25539779663086,0.0,44.33000183105469,0.0,44.619998931884766,44.220001220703125,44.56999969482422,0.0,454200
2014-07-18,25.488981246948242,0.0,44.7400016784668,0.0,44.7599983215332,44.439998626708984,44.5099983215332,0.0,158200
2014-07-21,25.432004928588867,0.0,44.63999938964844,0.0,44.650001525878906,44.41999816894531,44.4900016784668,0.0,192300
2014-07-22,25.534555435180664,0.0,44.81999969482422,0.0,44.88999938964844,44.709999084472656,44.86000061035156,0.0,293200
2014-07-23,25.63711166381836,0.0,45.0,0.0,45.0,44.88999938964844,44.939998626708984,0.0,242600
2014-07-24,25.59153175354004,0.0,44.91999816894531,0.0,44.959999084472656,44.7599983215332,44.900001525878906,0.0,575900
2014-07-25,25.380739212036133,0.0,44.54999923706055,0.0,44.709999084472656,44.40999984741211,44.65999984741211,0.0,615000
2014-07-28,25.420608520507812,0.0,44.619998931884766,0.0,44.630001068115234,44.349998474121094,44.47999954223633,0.0,198200
2014-07-29,25.392135620117188,0.0,44.56999969482422,0.0,44.84000015258789,44.540000915527344,44.720001220703125,0.0,181000
2014-07-30,25.38643455505371,0.0,44.560001373291016,0.0,44.65999984741211,44.400001525878906,44.630001068115234,0.0,315800
2014-07-31,25.055999755859375,0.0,43.97999954223633,0.0,44.459999084472656,43.97999954223633,44.349998474121094,0.0,815800
2014-08-01,24.993330001831055,0.0,43.869998931884766,0.0,44.04999923706055,43.75,43.95000076293945,0.0,563800
2014-08-04,25.084484100341797,0.0,44.029998779296875,0.0,44.11000061035156,43.77000045776367,43.869998931884766,0.0,301400
2014-08-05,24.862295150756836,0.0,43.63999938964844,0.0,43.83000183105469,43.459999084472656,43.810001373291016,0.0,504200
2014-08-06,24.668596267700195,0.0,43.29999923706055,0.0,43.45000076293945,43.20000076293945,43.27000045776367,0.0,1578900
2014-08-07,24.554649353027344,0.0,43.099998474121094,0.0,43.459999084472656,43.0,43.38999938964844,0.0,508700
2014-08-08,24.691383361816406,0.0,43.34000015258789,0.0,43.369998931884766,43.029998779296875,43.09000015258789,0.0,523200
2014-08-11,24.959144592285156,0.0,43.810001373291016,0.0,43.84000015258789,43.529998779296875,43.630001068115234,0.0,226200
2014-08-12,24.94205665588379,0.0,43.779998779296875,0.0,43.81999969482422,43.619998931884766,43.720001220703125,0.0,337700
2014-08-13,25.141460418701172,0.0,44.130001068115234,0.0,44.189998626708984,44.0099983215332,44.189998626708984,0.0,206900
2014-08-14,25.318065643310547,0.0,44.439998626708984,0.0,44.459999084472656,44.119998931884766,44.220001220703125,0.0,2069800
2014-08-15,25.40921974182129,0.0,44.599998474121094,0.0,44.689998626708984,44.310001373291016,44.560001373291016,0.0,1696400
2014-08-18,25.52885627746582,0.0,44.810001373291016,0.0,44.91999816894531,44.65999984741211,44.7599983215332,0.0,1585400
2014-08-19,25.654191970825195,0.0,45.029998779296875,0.0,45.040000915527344,44.93000030517578,44.95000076293945,0.0,2363400
2014-08-20,25.49468421936035,0.0,44.75,0.0,44.83000183105469,44.66999816894531,44.779998779296875,0.0,312100
2014-08-21,25.580135345458984,0.0,44.900001525878906,0.0,44.959999084472656,44.790000915527344,44.810001373291016,0.0,371600
2014-08-22,25.534555435180664,0.0,44.81999969482422,0.0,44.97999954223633,44.75,44.95000076293945,0.0,221200
2014-08-25,25.63711166381836,0.0,45.0,0.0,45.04999923706055,44.68000030517578,44.939998626708984,0.0,1200200
2014-08-26,25.60292625427246,0.0,44.939998626708984,0.0,45.099998474121094,44.90999984741211,45.0099983215332,0.0,264600
2014-08-27,25.68267822265625,0.0,45.08000183105469,0.0,45.08000183105469,44.84000015258789,45.02000045776367,0.0,217100
2014-08-28,25.55164337158203,0.0,44.849998474121094,0.0,44.869998931884766,44.720001220703125,44.83000183105469,0.0,406000
2014-08-29,25.483285903930664,0.0,44.72999954223633,0.0,44.84000015258789,44.65999984741211,44.81999969482422,0.0,156500
2014-09-02,25.41492462158203,0.0,44.61000061035156,0.0,44.90999984741211,44.58000183105469,44.810001373291016,0.0,1065400
2014-09-03,25.67129898071289,0.0,45.060001373291016,0.0,45.13999938964844,44.91999816894531,44.97999954223633,0.0,256500
2014-09-04,25.477588653564453,0.0,44.720001220703125,0.0,45.02000045776367,44.65999984741211,44.970001220703125,0.0,438400
2014-09-05,25.523164749145508,0.0,44.79999923706055,0.0,44.79999923706055,44.529998779296875,44.630001068115234,0.0,277000
2014-09-08,25.238311767578125,0.0,44.29999923706055,0.0,44.5,44.150001525878906,44.47999954223633,0.0,546500
2014-09-09,25.027507781982422,0.0,43.93000030517578,0.0,44.040000915527344,43.810001373291016,44.0,0.0,208700
2014-09-10,25.038911819458008,0.0,43.95000076293945,0.0,43.9900016784668,43.720001220703125,43.869998931884766,0.0,479400
2014-09-11,24.850910186767578,0.0,43.619998931884766,0.0,43.65999984741211,43.470001220703125,43.599998474121094,0.0,194200
2014-09-12,24.771137237548828,0.0,43.47999954223633,0.0,43.630001068115234,43.380001068115234,43.58000183105469,0.0,284600
2014-09-15,24.560352325439453,0.0,43.11000061035156,0.0,43.31999969482422,42.9900016784668,43.209999084472656,0.0,512600
2014-09-16,24.526165008544922,0.0,43.04999923706055,0.0,43.18000030517578,42.58000183105469,42.72999954223633,0.0,429900
2014-09-17,24.372343063354492,0.0,42.779998779296875,0.0,43.040000915527344,42.720001220703125,42.95000076293945,0.0,226200
2014-09-18,24.48628044128418,0.0,42.97999954223633,0.0,43.06999969482422,42.90999984741211,42.970001220703125,0.0,280100
2014-09-19,24.362943649291992,0.0,42.470001220703125,0.295,42.88999938964844,42.41999816894531,42.75,0.0,291900
2014-09-22,24.28264045715332,0.0,42.33000183105469,0.0,42.540000915527344,42.25,42.470001220703125,0.0,255400
2014-09-23,24.11628532409668,0.0,42.040000915527344,0.0,42.279998779296875,42.029998779296875,42.150001525878906,0.0,411200
2014-09-24,24.213796615600586,0.0,42.209999084472656,0.0,42.310001373291016,42.0,42.130001068115234,0.0,331700
2014-09-25,23.83519172668457,0.0,41.54999923706055,0.0,41.970001220703125,41.5099983215332,41.95000076293945,0.0,474500
2014-09-26,24.047439575195312,0.0,41.91999816894531,0.0,42.0,41.75,41.779998779296875,0.0,326700
2014-09-29,23.800771713256836,0.0,41.4900016784668,0.0,41.630001068115234,41.34000015258789,41.5,0.0,251400
2014-09-30,23.7548828125,0.0,41.40999984741211,0.0,41.56999969482422,41.290000915527344,41.38999938964844,0.0,610600
2014-10-01,23.577056884765625,0.0,41.099998474121094,0.0,41.400001525878906,41.060001373291016,41.209999084472656,0.0,682700
2014-10-02,23.422170639038086,0.0,40.83000183105469,0.0,41.029998779296875,40.47999954223633,40.95000076293945,0.0,475700
2014-10-03,23.404951095581055,0.0,40.79999923706055,0.0,40.83000183105469,40.619998931884766,40.72999954223633,0.0,544300
2014-10-06,23.445104598999023,0.0,40.869998931884766,0.0,41.0099983215332,40.75,40.97999954223633,0.0,317300
2014-10-07,23.25006675720215,0.0,40.529998779296875,0.0,40.86000061035156,40.529998779296875,40.849998474121094,0.0,467100
2014-10-08,23.59425926208496,0.0,41.130001068115234,0.0,41.25,40.5,40.66999816894531,0.0,1157600
2014-10-09,23.278751373291016,0.0,40.58000183105469,0.0,41.15999984741211,40.529998779296875,41.040000915527344,0.0,764400
2014-10-10,23.146808624267578,0.0,40.349998474121094,0.0,40.83000183105469,40.279998779296875,40.70000076293945,0.0,435600
2014-10-13,23.072235107421875,0.0,40.220001220703125,0.0,40.7599983215332,40.209999084472656,40.650001525878906,0.0,189700
2014-10-14,23.135337829589844,0.0,40.33000183105469,0.0,40.66999816894531,40.25,40.4900016784668,0.0,441200
2014-10-15,23.083711624145508,0.0,40.2400016784668,0.0,40.90999984741211,39.61000061035156,40.189998626708984,0.0,712800
2014-10-16,23.18696403503418,0.0,40.41999816894531,0.0,40.66999816894531,39.72999954223633,39.72999954223633,0.0,478900
2014-10-17,23.393484115600586,0.0,40.779998779296875,0.0,40.869998931884766,40.59000015258789,40.72999954223633,0.0,538400
2014-10-20,23.599985122680664,0.0,41.13999938964844,0.0,41.15999984741211,40.709999084472656,40.7599983215332,0.0,410000
2014-10-21,23.858131408691406,0.0,41.59000015258789,0.0,41.619998931884766,41.209999084472656,41.36000061035156,0.0,552500
2014-10-22,23.674571990966797,0.0,41.27000045776367,0.0,41.619998931884766,41.209999084472656,41.54999923706055,0.0,499100
2014-10-23,23.909770965576172,0.0,41.68000030517578,0.0,41.86000061035156,41.619998931884766,41.689998626708984,0.0,529700
2014-10-24,23.96712875366211,0.0,41.779998779296875,0.0,41.849998474121094,41.619998931884766,41.779998779296875,0.0,487400
2014-10-27,24.01302146911621,0.0,41.86000061035156,0.0,41.86000061035156,41.58000183105469,41.709999084472656,0.0,213300
2014-10-28,24.25969696044922,0.0,42.290000915527344,0.0,42.29999923706055,42.02000045776367,42.189998626708984,0.0,197400
2014-10-29,24.104808807373047,0.0,42.02000045776367,0.0,42.41999816894531,41.83000183105469,42.34000015258789,0.0,305000
2014-10-30,24.34001350402832,0.0,42.43000030517578,0.0,42.56999969482422,42.08000183105469,42.08000183105469,0.0,286700
2014-10-31,24.959548950195312,0.0,43.5099983215332,0.0,43.52000045776367,43.13999938964844,43.189998626708984,0.0,893000
2014-11-03,24.936601638793945,0.0,43.470001220703125,0.0,43.4900016784668,43.22999954223633,43.36000061035156,0.0,839800
2014-11-04,24.712881088256836,0.0,43.08000183105469,0.0,43.189998626708984,42.849998474121094,43.09000015258789,0.0,427900
2014-11-05,24.51784324645996,0.0,42.7400016784668,0.0,42.81999969482422,42.56999969482422,42.709999084472656,0.0,582000
2014-11-06,24.17938232421875,0.0,42.150001525878906,0.0,42.290000915527344,42.06999969482422,42.22999954223633,0.0,1090400
2014-11-07,24.07038688659668,0.0,41.959999084472656,0.0,42.02000045776367,41.70000076293945,41.88999938964844,0.0,326600
2014-11-10,24.253957748413086,0.0,42.279998779296875,0.0,42.40999984741211,42.220001220703125,42.220001220703125,0.0,357800
2014-11-11,24.403114318847656,0.0,42.540000915527344,0.0,42.63999938964844,42.459999084472656,42.560001373291016,0.0,569700
2014-11-12,24.31132698059082,0.0,42.380001068115234,0.0,42.4900016784668,42.290000915527344,42.36000061035156,0.0,814700
2014-11-13,24.380163192749023,0.0,42.5,0.0,42.65999984741211,42.380001068115234,42.41999816894531,0.0,204900
2014-11-14,24.552255630493164,0.0,42.79999923706055,0.0,42.810001373291016,42.439998626708984,42.52000045776367,0.0,303500
2014-11-17,24.448997497558594,0.0,42.619998931884766,0.0,42.70000076293945,42.439998626708984,42.5099983215332,0.0,209800
2014-11-18,24.54078483581543,0.0,42.779998779296875,0.0,42.849998474121094,42.560001373291016,42.630001068115234,0.0,412400
2014-11-19,24.489151000976562,0.0,42.689998626708984,0.0,42.72999954223633,42.459999084472656,42.560001373291016,0.0,740100
2014-11-20,24.253957748413086,0.0,42.279998779296875,0.0,42.41999816894531,42.220001220703125,42.290000915527344,0.0,770100
2014-11-21,24.48341941833496,0.0,42.68000030517578,0.0,42.880001068115234,42.59000015258789,42.869998931884766,0.0,346900
2014-11-24,24.5235652923584,0.0,42.75,0.0,42.83000183105469,42.63999938964844,42.77000045776367,0.0,345500
2014-11-25,24.580942153930664,0.0,42.849998474121094,0.0,42.900001525878906,42.75,42.790000915527344,0.0,365900
2014-11-26,24.6325626373291,0.0,42.939998626708984,0.0,42.9900016784668,42.81999969482422,42.84000015258789,0.0,342500
2014-11-28,24.64404296875,0.0,42.959999084472656,0.0,43.06999969482422,42.869998931884766,43.060001373291016,0.0,137300
2014-12-01,24.638307571411133,0.0,42.95000076293945,0.0,43.06999969482422,42.869998931884766,43.02000045776367,0.0,308700
2014-12-02,24.798921585083008,0.0,43.22999954223633,0.0,43.2599983215332,43.06999969482422,43.09000015258789,0.0,364500
2014-12-03,24.793188095092773,0.0,43.220001220703125,0.0,43.22999954223633,43.08000183105469,43.20000076293945,0.0,349800
2014-12-04,24.50636863708496,0.0,42.720001220703125,0.0,42.91999816894531,42.61000061035156,42.88999938964844,0.0,386700
2014-12-05,24.43178939819336,0.0,42.59000015258789,0.0,42.66999816894531,42.470001220703125,42.630001068115234,0.0,238700
2014-12-08,24.064655303955078,0.0,41.95000076293945,0.0,42.22999954223633,41.939998626708984,42.11000061035156,0.0,632700
2014-12-09,24.03022575378418,0.0,41.88999938964844,0.0,41.95000076293945,41.58000183105469,41.880001068115234,0.0,2648200
2014-12-10,23.892560958862305,0.0,41.650001525878906,0.0,42.029998779296875,41.529998779296875,42.0,0.0,912600
2014-12-11,23.995820999145508,0.0,41.83000183105469,0.0,42.099998474121094,41.790000915527344,41.849998474121094,0.0,1387900
2014-12-12,23.800771713256836,0.0,41.4900016784668,0.0,42.0099983215332,41.470001220703125,41.869998931884766,0.0,792600
2014-12-15,23.536888122558594,0.0,41.029998779296875,0.0,41.61000061035156,40.88999938964844,41.47999954223633,0.0,647200
2014-12-16,23.55984115600586,0.0,41.06999969482422,0.0,41.52000045776367,40.97999954223633,41.04999923706055,0.0,823000
2014-12-17,23.79503631591797,0.0,41.47999954223633,0.0,41.790000915527344,41.06999969482422,41.29999923706055,0.0,938900
2014-12-18,24.001554489135742,0.0,41.84000015258789,0.0,41.84000015258789,41.470001220703125,41.58000183105469,0.0,482900
2014-12-19,24.078462600708008,0.0,41.63999938964844,0.333,41.790000915527344,41.40999984741211,41.619998931884766,0.0,705900
2014-12-22,24.275060653686523,0.0,41.97999954223633,0.0,42.0099983215332,41.84000015258789,41.84000015258789,0.0,1126900
2014-12-23,24.246156692504883,0.0,41.93000030517578,0.0,42.0,41.7400016784668,41.86000061035156,0.0,400500
2014-12-24,24.2866268157959,0.0,42.0,0.0,42.029998779296875,41.75,41.95000076293945,0.0,269600
2014-12-26,24.390710830688477,0.0,42.18000030517578,0.0,42.369998931884766,42.029998779296875,42.150001525878906,0.0,259100
2014-12-29,24.29819679260254,0.0,42.02000045776367,0.0,42.15999984741211,41.95000076293945,42.02000045776367,0.0,1159900
2014-12-30,24.2230167388916,0.0,41.88999938964844,0.0,41.97999954223633,41.810001373291016,41.88999938964844,0.0,473300
2014-12-31,24.037982940673828,0.0,41.56999969482422,0.0,41.88999938964844,41.529998779296875,41.77000045776367,0.0,447400
2015-01-02,23.99172019958496,0.0,41.4900016784668,0.0,41.83000183105469,41.380001068115234,41.709999084472656,0.0,663700
2015-01-05,23.8471622467041,0.0,41.2400016784668,0.0,41.459999084472656,41.11000061035156,41.33000183105469,0.0,549300
2015-01-06,23.766210556030273,0.0,41.099998474121094,0.0,41.400001525878906,40.849998474121094,41.349998474121094,0.0,567200
2015-01-07,24.16520118713379,0.0,41.790000915527344,0.0,41.84000015258789,41.439998626708984,41.54999923706055,0.0,804700
2015-01-08,24.42540740966797,0.0,42.2400016784668,0.0,42.27000045776367,41.869998931884766,41.970001220703125,0.0,1288200
2015-01-09,24.41963005065918,0.0,42.22999954223633,0.0,42.380001068115234,42.060001373291016,42.22999954223633,0.0,555800
2015-01-12,24.442764282226562,0.0,42.27000045776367,0.0,42.33000183105469,42.11000061035156,42.29999923706055,0.0,1344500
2015-01-13,24.645145416259766,0.0,42.619998931884766,0.0,42.95000076293945,42.34000015258789,42.81999969482422,0.0,560800
2015-01-14,24.737668991088867,0.0,42.779998779296875,0.0,42.84000015258789,42.47999954223633,42.720001220703125,0.0,603800
2015-01-15,24.78392219543457,0.0,42.86000061035156,0.0,43.150001525878906,42.84000015258789,43.119998931884766,0.0,1193800
2015-01-16,25.223403930664062,0.0,43.619998931884766,0.0,43.630001068115234,43.060001373291016,43.060001373291016,0.0,524200
2015-01-20,25.021011352539062,0.0,43.27000045776367,0.0,43.4900016784668,43.119998931884766,43.4900016784668,0.0,763800
2015-01-21,25.211833953857422,0.0,43.599998474121094,0.0,43.61000061035156,43.36000061035156,43.43000030517578,0.0,828300
2015-01-22,25.304346084594727,0.0,43.7599983215332,0.0,43.83000183105469,43.2400016784668,43.41999816894531,0.0,1046600
2015-01-23,25.298568725585938,0.0,43.75,0.0,43.9900016784668,43.7400016784668,43.900001525878906,0.0,691500
2015-01-26,25.454700469970703,0.0,44.02000045776367,0.0,44.09000015258789,43.7599983215332,43.86000061035156,0.0,656700
2015-01-27,25.333267211914062,0.0,43.810001373291016,0.0,43.90999984741211,43.70000076293945,43.81999969482422,0.0,392300
2015-01-28,25.107757568359375,0.0,43.41999816894531,0.0,43.9900016784668,43.38999938964844,43.810001373291016,0.0,306000
2015-01-29,25.350610733032227,0.0,43.84000015258789,0.0,43.849998474121094,43.439998626708984,43.54999923706055,0.0,543700
2015-01-30,24.899580001831055,0.0,43.060001373291016,0.0,43.540000915527344,43.040000915527344,43.400001525878906,0.0,606700
2015-02-02,25.367963790893555,0.0,43.869998931884766,0.0,43.939998626708984,43.459999084472656,43.66999816894531,0.0,751900
2015-02-03,25.58769416809082,0.0,44.25,0.0,44.29999923706055,43.790000915527344,43.83000183105469,0.0,526800
2015-02-04,25.344837188720703,0.0,43.83000183105469,0.0,44.09000015258789,43.7599983215332,44.02000045776367,0.0,1353100
2015-02-05,25.80743408203125,0.0,44.630001068115234,0.0,44.689998626708984,44.369998931884766,44.45000076293945,0.0,750900
2015-02-06,25.547222137451172,0.0,44.18000030517578,0.0,44.5,43.9900016784668,44.40999984741211,0.0,1109100
2015-02-09,25.188701629638672,0.0,43.560001373291016,0.0,43.7400016784668,43.5,43.56999969482422,0.0,498700
2015-02-10,25.28122901916504,0.0,43.720001220703125,0.0,43.79999923706055,43.540000915527344,43.77000045776367,0.0,634100
2015-02-11,25.217613220214844,0.0,43.61000061035156,0.0,43.75,43.45000076293945,43.5,0.0,399100
2015-02-12,25.466264724731445,0.0,44.040000915527344,0.0,44.040000915527344,43.7400016784668,43.900001525878906,0.0,1013300
2015-02-13,25.639738082885742,0.0,44.34000015258789,0.0,44.38999938964844,44.189998626708984,44.220001220703125,0.0,396900
2015-02-17,25.570356369018555,0.0,44.220001220703125,0.0,44.33000183105469,44.02000045776367,44.150001525878906,0.0,376200
2015-02-18,25.63395881652832,0.0,44.33000183105469,0.0,44.439998626708984,44.09000015258789,44.27000045776367,0.0,330900
2015-02-19,25.535648345947266,0.0,44.15999984741211,0.0,44.33000183105469,44.029998779296875,44.130001068115234,0.0,398900
2015-02-20,25.674442291259766,0.0,44.400001525878906,0.0,44.439998626708984,43.88999938964844,43.939998626708984,0.0,432200
2015-02-23,25.628171920776367,0.0,44.31999969482422,0.0,44.43000030517578,44.20000076293945,44.25,0.0,555200
2015-02-24,25.76118278503418,0.0,44.54999923706055,0.0,44.59000015258789,44.130001068115234,44.34000015258789,0.0,445700
2015-02-25,25.82478904724121,0.0,44.65999984741211,0.0,44.720001220703125,44.54999923706055,44.54999923706055,0.0,366400
2015-02-26,25.738040924072266,0.0,44.5099983215332,0.0,44.7400016784668,44.43000030517578,44.61000061035156,0.0,875100
2015-02-27,25.662874221801758,0.0,44.380001068115234,0.0,44.529998779296875,44.31999969482422,44.41999816894531,0.0,580200
2015-03-02,25.882606506347656,0.0,44.7599983215332,0.0,44.77000045776367,44.4900016784668,44.61000061035156,0.0,625900
2015-03-03,25.749616622924805,0.0,44.529998779296875,0.0,44.84000015258789,44.439998626708984,44.79999923706055,0.0,553600
2015-03-04,25.55299949645996,0.0,44.189998626708984,0.0,44.380001068115234,44.0099983215332,44.22999954223633,0.0,468800
2015-03-05,25.541439056396484,0.0,44.16999816894531,0.0,44.34000015258789,44.09000015258789,44.2599983215332,0.0,840400
2015-03-06,25.0672664642334,0.0,43.349998474121094,0.0,43.79999923706055,43.25,43.63999938964844,0.0,564200
2015-03-09,24.743452072143555,0.0,42.790000915527344,0.0,42.900001525878906,42.7400016784668,42.84000015258789,0.0,360600
2015-03-10,24.321334838867188,0.0,42.060001373291016,0.0,42.470001220703125,42.060001373291016,42.31999969482422,0.0,409000
2015-03-11,24.390710830688477,0.0,42.18000030517578,0.0,42.36000061035156,42.119998931884766,42.279998779296875,0.0,480400
2015-03-12,24.656705856323242,0.0,42.63999938964844,0.0,42.720001220703125,42.4900016784668,42.61000061035156,0.0,457400
2015-03-13,24.593103408813477,0.0,42.529998779296875,0.0,42.689998626708984,42.380001068115234,42.599998474121094,0.0,635700
2015-03-16,24.824399948120117,0.0,42.93000030517578,0.0,43.02000045776367,42.720001220703125,42.720001220703125,0.0,346800
2015-03-17,24.66249656677246,0.0,42.650001525878906,0.0,42.65999984741211,42.41999816894531,42.5,0.0,319100
2015-03-18,25.13666343688965,0.0,43.470001220703125,0.0,43.540000915527344,42.5,42.599998474121094,0.0,456700
2015-03-19,25.073055267333984,0.0,43.36000061035156,0.0,43.5,43.22999954223633,43.45000076293945,0.0,303800
2015-03-20,25.567575454711914,0.0,44.04999923706055,0.162,44.15999984741211,43.58000183105469,43.77000045776367,0.0,450600
2015-03-23,25.602380752563477,0.0,44.11000061035156,0.0,44.25,43.91999816894531,44.15999984741211,0.0,387500
2015-03-24,25.782325744628906,0.0,44.41999816894531,0.0,44.52000045776367,44.34000015258789,44.52000045776367,0.0,270900
2015-03-25,25.63722801208496,0.0,44.16999816894531,0.0,44.689998626708984,44.119998931884766,44.689998626708984,0.0,259700
2015-03-26,25.393447875976562,0.0,43.75,0.0,44.0099983215332,43.599998474121094,44.0099983215332,0.0,280400
2015-03-27,25.53856086730957,0.0,44.0,0.0,44.06999969482422,43.84000015258789,43.84000015258789,0.0,467700
2015-03-30,25.42246437072754,0.0,43.79999923706055,0.0,43.900001525878906,43.65999984741211,43.75,0.0,482400
2015-03-31,25.14386558532715,0.0,43.31999969482422,0.0,43.52000045776367,43.2400016784668,43.279998779296875,0.0,503000
2015-04-01,25.32959747314453,0.0,43.63999938964844,0.0,43.689998626708984,43.33000183105469,43.630001068115234,0.0,469700
2015-04-02,25.532751083374023,0.0,43.9900016784668,0.0,44.029998779296875,43.68000030517578,43.86000061035156,0.0,222400
2015-04-06,25.71848487854004,0.0,44.310001373291016,0.0,44.63999938964844,44.220001220703125,44.22999954223633,0.0,354900
2015-04-07,25.759117126464844,0.0,44.380001068115234,0.0,44.61000061035156,44.36000061035156,44.54999923706055,0.0,227100
2015-04-08,26.00869369506836,0.0,44.810001373291016,0.0,44.90999984741211,44.619998931884766,44.709999084472656,0.0,483600
2015-04-09,26.084152221679688,0.0,44.939998626708984,0.0,44.9900016784668,44.7400016784668,44.95000076293945,0.0,645400
2015-04-10,26.07254409790039,0.0,44.91999816894531,0.0,44.95000076293945,44.77000045776367,44.86000061035156,0.0,1409900
2015-04-13,25.73008918762207,0.0,44.33000183105469,0.0,44.63999938964844,44.25,44.54999923706055,0.0,645800
2015-04-14,25.96225929260254,0.0,44.72999954223633,0.0,44.810001373291016,44.599998474121094,44.619998931884766,0.0,346200
2015-04-15,26.03190803527832,0.0,44.849998474121094,0.0,44.93000030517578,44.61000061035156,44.650001525878906,0.0,741400
2015-04-16,26.113168716430664,0.0,44.9900016784668,0.0,45.060001373291016,44.709999084472656,44.79999923706055,0.0,265500
2015-04-17,25.811342239379883,0.0,44.470001220703125,0.0,44.709999084472656,44.36000061035156,44.599998474121094,0.0,314900
2015-04-20,25.7939395904541,0.0,44.439998626708984,0.0,44.4900016784668,44.29999923706055,44.459999084472656,0.0,579000
2015-04-21,25.73589324951172,0.0,44.34000015258789,0.0,44.439998626708984,44.279998779296875,44.43000030517578,0.0,460800
2015-04-22,25.8055419921875,0.0,44.459999084472656,0.0,44.529998779296875,44.29999923706055,44.43000030517578,0.0,508200
2015-04-23,25.857784271240234,0.0,44.54999923706055,0.0,44.63999938964844,44.15999984741211,44.18000030517578,0.0,339700
2015-04-24,26.014490127563477,0.0,44.81999969482422,0.0,44.84000015258789,44.54999923706055,44.619998931884766,0.0,640800
2015-04-27,26.060930252075195,0.0,44.900001525878906,0.0,45.099998474121094,44.86000061035156,45.0,0.0,243200
2015-04-28,26.13638687133789,0.0,45.029998779296875,0.0,45.060001373291016,44.77000045776367,44.86000061035156,0.0,180200
2015-04-29,25.968061447143555,0.0,44.7400016784668,0.0,44.959999084472656,44.59000015258789,44.810001373291016,0.0,274200
2015-04-30,25.73008918762207,0.0,44.33000183105469,0.0,44.599998474121094,44.27000045776367,44.54999923706055,0.0,412600
2015-05-01,25.7939395904541,0.0,44.439998626708984,0.0,44.4900016784668,44.16999816894531,44.369998931884766,0.0,424500
2015-05-04,25.950653076171875,0.0,44.709999084472656,0.0,44.75,44.5099983215332,44.560001373291016,0.0,339700
2015-05-05,25.59659767150879,0.0,44.099998474121094,0.0,44.70000076293945,44.09000015258789,44.66999816894531,0.0,657100
2015-05-06,25.42246437072754,0.0,43.79999923706055,0.0,44.15999984741211,43.66999816894531,44.15999984741211,0.0,322600
2015-05-07,25.259946823120117,0.0,43.52000045776367,0.0,43.529998779296875,43.2400016784668,43.439998626708984,0.0,436900
2015-05-08,25.86359214782715,0.0,44.560001373291016,0.0,44.61000061035156,44.279998779296875,44.290000915527344,0.0,262000
2015-05-11,25.63141632080078,0.0,44.15999984741211,0.0,44.439998626708984,44.13999938964844,44.34000015258789,0.0,478800
2015-05-12,25.584976196289062,0.0,44.08000183105469,0.0,44.150001525878906,43.81999969482422,44.08000183105469,0.0,325500
2015-05-13,25.869388580322266,0.0,44.56999969482422,0.0,44.779998779296875,44.5099983215332,44.61000061035156,0.0,276600
2015-05-14,26.11897087097168,0.0,45.0,0.0,45.0,44.849998474121094,44.97999954223633,0.0,227600
2015-05-15,26.3453311920166,0.0,45.38999938964844,0.0,45.400001525878906,45.060001373291016,45.130001068115234,0.0,644900
2015-05-18,26.124774932861328,0.0,45.0099983215332,0.0,45.15999984741211,44.900001525878906,45.08000183105469,0.0,250200
2015-05-19,26.101564407348633,0.0,44.970001220703125,0.0,45.06999969482422,44.880001068115234,44.95000076293945,0.0,344000
2015-05-20,26.089950561523438,0.0,44.95000076293945,0.0,45.16999816894531,44.880001068115234,44.970001220703125,0.0,665200
2015-05-21,26.095760345458984,0.0,44.959999084472656,0.0,44.9900016784668,44.7599983215332,44.869998931884766,0.0,238100
2015-05-22,25.950653076171875,0.0,44.709999084472656,0.0,44.81999969482422,44.63999938964844,44.77000045776367,0.0,147300
2015-05-26,25.590787887573242,0.0,44.09000015258789,0.0,44.459999084472656,44.0099983215332,44.459999084472656,0.0,377500
2015-05-27,25.65464210510254,0.0,44.20000076293945,0.0,44.27000045776367,44.029998779296875,44.13999938964844,0.0,490700
2015-05-28,25.497915267944336,0.0,43.93000030517578,0.0,43.970001220703125,43.619998931884766,43.79999923706055,0.0,234500
2015-05-29,25.236726760864258,0.0,43.47999954223633,0.0,43.900001525878906,43.38999938964844,43.689998626708984,0.0,455100
2015-06-01,25.283164978027344,0.0,43.560001373291016,0.0,43.77000045776367,43.400001525878906,43.68000030517578,0.0,489000
2015-06-02,25.2541446685791,0.0,43.5099983215332,0.0,43.66999816894531,43.38999938964844,43.41999816894531,0.0,269400
2015-06-03,25.138059616088867,0.0,43.310001373291016,0.0,43.5099983215332,43.209999084472656,43.459999084472656,0.0,363700
2015-06-04,24.905893325805664,0.0,42.90999984741211,0.0,43.16999816894531,42.7400016784668,42.9900016784668,0.0,368300
2015-06-05,24.54022216796875,0.0,42.279998779296875,0.0,42.43000030517578,42.099998474121094,42.279998779296875,0.0,596100
2015-06-08,24.44155502319336,0.0,42.11000061035156,0.0,42.27000045776367,42.04999923706055,42.2400016784668,0.0,613700
2015-06-09,24.56924819946289,0.0,42.33000183105469,0.0,42.43000030517578,42.08000183105469,42.22999954223633,0.0,431700
2015-06-10,25.01616668701172,0.0,43.099998474121094,0.0,43.150001525878906,42.81999969482422,42.86000061035156,0.0,283200
2015-06-11,25.08001708984375,0.0,43.209999084472656,0.0,43.33000183105469,43.0,43.150001525878906,0.0,411600
2015-06-12,24.958131790161133,0.0,43.0,0.0,43.040000915527344,42.779998779296875,42.869998931884766,0.0,404100
2015-06-15,24.94072151184082,0.0,42.970001220703125,0.0,42.970001220703125,42.66999816894531,42.75,0.0,378600
2015-06-16,24.94652557373047,0.0,42.97999954223633,0.0,43.02000045776367,42.810001373291016,42.900001525878906,0.0,498700
2015-06-17,24.871068954467773,0.0,42.849998474121094,0.0,42.88999938964844,42.380001068115234,42.720001220703125,0.0,464900
2015-06-18,25.01036834716797,0.0,43.09000015258789,0.0,43.290000915527344,42.84000015258789,42.869998931884766,0.0,318600
2015-06-19,24.920570373535156,0.0,42.459999084472656,0.477,42.63999938964844,42.43000030517578,42.52000045776367,0.0,184800
2015-06-22,25.17293930053711,0.0,42.88999938964844,0.0,43.150001525878906,42.869998931884766,43.099998474121094,0.0,767100
2015-06-23,25.2668514251709,0.0,43.04999923706055,0.0,43.119998931884766,42.84000015258789,42.9900016784668,0.0,331800
2015-06-24,25.073169708251953,0.0,42.720001220703125,0.0,42.9900016784668,42.720001220703125,42.84000015258789,0.0,228500
2015-06-25,25.09076690673828,0.0,42.75,0.0,42.869998931884766,42.65999984741211,42.810001373291016,0.0,378700
2015-06-26,25.096633911132812,0.0,42.7599983215332,0.0,42.77000045776367,42.47999954223633,42.630001068115234,0.0,223200
2015-06-29,24.49211311340332,0.0,41.72999954223633,0.0,42.2400016784668,41.65999984741211,42.099998474121094,0.0,275500
2015-06-30,24.568410873413086,0.0,41.86000061035156,0.0,42.15999984741211,41.63999938964844,42.130001068115234,0.0,904100
2015-07-01,24.650588989257812,0.0,42.0,0.0,42.20000076293945,41.869998931884766,42.130001068115234,0.0,582400
2015-07-02,24.597759246826172,0.0,41.90999984741211,0.0,41.97999954223633,41.810001373291016,41.81999969482422,0.0,345300
2015-07-06,24.35712432861328,0.0,41.5,0.0,41.689998626708984,41.31999969482422,41.369998931884766,0.0,763900
2015-07-07,24.404083251953125,0.0,41.58000183105469,0.0,41.58000183105469,40.849998474121094,41.25,0.0,604800
2015-07-08,23.758466720581055,0.0,40.47999954223633,0.0,41.040000915527344,40.45000076293945,41.0099983215332,0.0,1060800
2015-07-09,23.98736000061035,0.0,40.869998931884766,0.0,41.22999954223633,40.7599983215332,41.15999984741211,0.0,537200
2015-07-10,24.46864128112793,0.0,41.689998626708984,0.0,41.72999954223633,41.43000030517578,41.47999954223633,0.0,1523100
2015-07-13,24.75035858154297,0.0,42.16999816894531,0.0,42.25,42.0,42.0099983215332,0.0,367400
2015-07-14,24.938175201416016,0.0,42.4900016784668,0.0,42.5099983215332,42.20000076293945,42.22999954223633,0.0,311800
2015-07-15,24.867748260498047,0.0,42.369998931884766,0.0,42.5,42.2599983215332,42.439998626708984,0.0,232800
2015-07-16,25.114253997802734,0.0,42.790000915527344,0.0,42.900001525878906,42.720001220703125,42.779998779296875,0.0,247900
2015-07-17,25.125995635986328,0.0,42.810001373291016,0.0,42.90999984741211,42.7400016784668,42.83000183105469,0.0,221800
2015-07-20,25.079036712646484,0.0,42.72999954223633,0.0,42.849998474121094,42.689998626708984,42.83000183105469,0.0,201400
2015-07-21,24.97926139831543,0.0,42.560001373291016,0.0,42.72999954223633,42.5,42.59000015258789,0.0,867200
2015-07-22,24.914697647094727,0.0,42.45000076293945,0.0,42.599998474121094,42.369998931884766,42.459999084472656,0.0,1433200
2015-07-23,24.638843536376953,0.0,41.97999954223633,0.0,42.36000061035156,41.95000076293945,42.25,0.0,290300
2015-07-24,24.574281692504883,0.0,41.869998931884766,0.0,42.220001220703125,41.79999923706055,42.119998931884766,0.0,507700
2015-07-27,24.503856658935547,0.0,41.75,0.0,41.939998626708984,41.650001525878906,41.880001068115234,0.0,289900
2015-07-28,24.809059143066406,0.0,42.27000045776367,0.0,42.290000915527344,41.86000061035156,42.02000045776367,0.0,308900
2015-07-29,24.809059143066406,0.0,42.27000045776367,0.0,42.5,42.04999923706055,42.04999923706055,0.0,148900
2015-07-30,24.74449348449707,0.0,42.15999984741211,0.0,42.16999816894531,41.900001525878906,42.09000015258789,0.0,271200
2015-07-31,24.820796966552734,0.0,42.290000915527344,0.0,42.560001373291016,42.20000076293945,42.4900016784668,0.0,326500
2015-08-03,24.71514129638672,0.0,42.11000061035156,0.0,42.349998474121094,41.939998626708984,42.2400016784668,0.0,448100
2015-08-04,24.814918518066406,0.0,42.279998779296875,0.0,42.5,42.209999084472656,42.290000915527344,0.0,458800
2015-08-05,24.938175201416016,0.0,42.4900016784668,0.0,42.689998626708984,42.47999954223633,42.56999969482422,0.0,381700
2015-08-06,24.908823013305664,0.0,42.439998626708984,0.0,42.47999954223633,42.16999816894531,42.38999938964844,0.0,1539100
2015-08-07,24.88535499572754,0.0,42.400001525878906,0.0,42.40999984741211,42.150001525878906,42.2599983215332,0.0,214300
2015-08-10,25.079036712646484,0.0,42.72999954223633,0.0,42.790000915527344,42.369998931884766,42.5,0.0,809200
2015-08-11,24.72101593017578,0.0,42.119998931884766,0.0,42.2400016784668,41.86000061035156,42.18000030517578,0.0,1445100
2015-08-12,24.656450271606445,0.0,42.0099983215332,0.0,42.040000915527344,41.619998931884766,41.86000061035156,0.0,555100
2015-08-13,24.697540283203125,0.0,42.08000183105469,0.0,42.2400016784668,41.83000183105469,41.95000076293945,0.0,188400
2015-08-14,24.850135803222656,0.0,42.34000015258789,0.0,42.38999938964844,42.18000030517578,42.220001220703125,0.0,292400
2015-08-17,24.844270706176758,0.0,42.33000183105469,0.0,42.33000183105469,41.9900016784668,42.04999923706055,0.0,289700
2015-08-18,24.71514129638672,0.0,42.11000061035156,0.0,42.2400016784668,42.060001373291016,42.16999816894531,0.0,273600
2015-08-19,24.597759246826172,0.0,41.90999984741211,0.0,42.150001525878906,41.66999816894531,41.97999954223633,0.0,314400
2015-08-20,24.1693115234375,0.0,41.18000030517578,0.0,41.66999816894531,41.18000030517578,41.54999923706055,0.0,1047600
2015-08-21,23.670429229736328,0.0,40.33000183105469,0.0,41.189998626708984,40.29999923706055,41.130001068115234,0.0,865700
2015-08-24,22.59636878967285,0.0,38.5,0.0,39.369998931884766,37.47999954223633,38.220001220703125,0.0,1316800
2015-08-25,22.754833221435547,0.0,38.77000045776367,0.0,40.16999816894531,38.77000045776367,39.27000045776367,0.0,1244000
2015-08-26,23.21263885498047,0.0,39.54999923706055,0.0,39.58000183105469,38.720001220703125,39.459999084472656,0.0,717600
2015-08-27,23.676301956176758,0.0,40.34000015258789,0.0,40.400001525878906,39.83000183105469,39.91999816894531,0.0,904200
2015-08-28,23.43566131591797,0.0,39.93000030517578,0.0,39.9900016784668,39.72999954223633,39.86000061035156,0.0,554100
2015-08-31,23.15394401550293,0.0,39.45000076293945,0.0,39.72999954223633,39.400001525878906,39.709999084472656,0.0,581700
2015-09-01,22.543554306030273,0.0,38.40999984741211,0.0,38.810001373291016,38.279998779296875,38.66999816894531,0.0,761500
2015-09-02,22.948516845703125,0.0,39.099998474121094,0.0,39.099998474121094,38.66999816894531,38.970001220703125,0.0,414100
2015-09-03,22.878087997436523,0.0,38.97999954223633,0.0,39.27000045776367,38.91999816894531,38.970001220703125,0.0,746900
2015-09-04,22.37921142578125,0.0,38.130001068115234,0.0,38.4900016784668,38.029998779296875,38.369998931884766,0.0,409600
2015-09-08,22.942649841308594,0.0,39.09000015258789,0.0,39.16999816894531,38.869998931884766,38.97999954223633,0.0,858100
2015-09-09,22.625717163085938,0.0,38.54999923706055,0.0,39.400001525878906,38.54999923706055,39.34000015258789,0.0,994200
2015-09-10,22.84874725341797,0.0,38.93000030517578,0.0,39.08000183105469,38.650001525878906,38.650001525878906,0.0,434100
2015-09-11,22.895702362060547,0.0,39.0099983215332,0.0,39.0099983215332,38.720001220703125,38.79999923706055,0.0,227000
2015-09-14,22.83113670349121,0.0,38.900001525878906,0.0,39.0,38.84000015258789,38.95000076293945,0.0,295600
2015-09-15,22.919179916381836,0.0,39.04999923706055,0.0,39.08000183105469,38.7400016784668,38.810001373291016,0.0,463600
2015-09-16,23.08351707458496,0.0,39.33000183105469,0.0,39.38999938964844,39.02000045776367,39.09000015258789,0.0,352900
2015-09-17,23.106990814208984,0.0,39.369998931884766,0.0,39.869998931884766,39.13999938964844,39.189998626708984,0.0,379600
2015-09-18,22.924962997436523,0.0,38.790000915527344,0.272,39.20000076293945,38.779998779296875,38.97999954223633,0.0,741900
2015-09-21,23.025428771972656,0.0,38.959999084472656,0.0,39.15999984741211,38.810001373291016,38.97999954223633,0.0,283500
2015-09-22,22.682653427124023,0.0,38.380001068115234,0.0,38.47999954223633,38.220001220703125,38.380001068115234,0.0,1171300
2015-09-23,22.605819702148438,0.0,38.25,0.0,38.52000045776367,38.20000076293945,38.45000076293945,0.0,304100
2015-09-24,22.824491500854492,0.0,38.619998931884766,0.0,38.70000076293945,38.25,38.34000015258789,0.0,426700
2015-09-25,23.13772964477539,0.0,39.150001525878906,0.0,39.47999954223633,39.04999923706055,39.31999969482422,0.0,670700
2015-09-28,22.78312110900879,0.0,38.54999923706055,0.0,39.220001220703125,38.529998779296875,38.95000076293945,0.0,367900
2015-09-29,22.859952926635742,0.0,38.68000030517578,0.0,38.79999923706055,38.5,38.61000061035156,0.0,717600
2015-09-30,23.250003814697266,0.0,39.34000015258789,0.0,39.400001525878906,39.0,39.189998626708984,0.0,568300
2015-10-01,23.285476684570312,0.0,39.400001525878906,0.0,39.779998779296875,39.11000061035156,39.650001525878906,0.0,636300
2015-10-02,23.551422119140625,0.0,39.849998474121094,0.0,39.900001525878906,39.06999969482422,39.16999816894531,0.0,724400
2015-10-05,24.083332061767578,0.0,40.75,0.0,40.779998779296875,40.439998626708984,40.439998626708984,0.0,1709300
2015-10-06,24.00649070739746,0.0,40.619998931884766,0.0,40.709999084472656,40.4900016784668,40.560001373291016,0.0,721900
2015-10-07,24.00649070739746,0.0,40.619998931884766,0.0,40.779998779296875,40.38999938964844,40.689998626708984,0.0,716200
2015-10-08,24.236984252929688,0.0,41.0099983215332,0.0,41.02000045776367,40.400001525878906,40.47999954223633,0.0,595000
2015-10-09,24.136512756347656,0.0,40.84000015258789,0.0,41.06999969482422,40.720001220703125,40.97999954223633,0.0,2508200
2015-10-12,24.089229583740234,0.0,40.7599983215332,0.0,40.90999984741211,40.7599983215332,40.79999923706055,0.0,313200
2015-10-13,23.852832794189453,0.0,40.36000061035156,0.0,40.630001068115234,40.310001373291016,40.369998931884766,0.0,424300
2015-10-14,24.077417373657227,0.0,40.7400016784668,0.0,40.83000183105469,40.560001373291016,40.599998474121094,0.0,370700
2015-10-15,24.390649795532227,0.0,41.27000045776367,0.0,41.290000915527344,40.91999816894531,40.97999954223633,0.0,353900
2015-10-16,24.46748161315918,0.0,41.400001525878906,0.0,41.439998626708984,41.220001220703125,41.310001373291016,0.0,357100
2015-10-19,24.491111755371094,0.0,41.439998626708984,0.0,41.439998626708984,41.2599983215332,41.27000045776367,0.0,237600
2015-10-20,24.46156120300293,0.0,41.38999938964844,0.0,41.4900016784668,41.310001373291016,41.31999969482422,0.0,295100
2015-10-21,24.33745574951172,0.0,41.18000030517578,0.0,41.560001373291016,41.16999816894531,41.470001220703125,0.0,441900
2015-10-22,24.774789810180664,0.0,41.91999816894531,0.0,41.939998626708984,41.52000045776367,41.52000045776367,0.0,1412200
2015-10-23,24.83389663696289,0.0,42.02000045776367,0.0,42.11000061035156,41.900001525878906,42.0099983215332,0.0,444900
2015-10-26,24.739330291748047,0.0,41.86000061035156,0.0,42.08000183105469,41.849998474121094,41.9900016784668,0.0,444900
2015-10-27,24.7156925201416,0.0,41.81999969482422,0.0,41.91999816894531,41.72999954223633,41.849998474121094,0.0,488900
2015-10-28,24.7156925201416,0.0,41.81999969482422,0.0,42.08000183105469,41.52000045776367,41.900001525878906,0.0,565400
2015-10-29,24.556127548217773,0.0,41.54999923706055,0.0,41.599998474121094,41.400001525878906,41.40999984741211,0.0,606600
2015-10-30,24.502933502197266,0.0,41.459999084472656,0.0,41.68000030517578,41.43000030517578,41.540000915527344,0.0,597000
2015-11-02,24.638866424560547,0.0,41.689998626708984,0.0,41.7599983215332,41.40999984741211,41.47999954223633,0.0,762200
2015-11-03,24.53839111328125,0.0,41.52000045776367,0.0,41.56999969482422,41.15999984741211,41.290000915527344,0.0,460100
2015-11-04,24.183795928955078,0.0,40.91999816894531,0.0,41.25,40.81999969482422,41.189998626708984,0.0,886200
2015-11-05,24.22516441345215,0.0,40.9900016784668,0.0,41.04999923706055,40.880001068115234,40.95000076293945,0.0,604700
2015-11-06,23.92375373840332,0.0,40.47999954223633,0.0,40.619998931884766,40.310001373291016,40.529998779296875,0.0,669100
2015-11-09,23.32683753967285,0.0,39.470001220703125,0.0,39.84000015258789,39.310001373291016,39.810001373291016,0.0,527300
2015-11-10,23.32683753967285,0.0,39.470001220703125,0.0,39.52000045776367,39.11000061035156,39.119998931884766,0.0,2101700
2015-11-11,23.51596450805664,0.0,39.790000915527344,0.0,39.939998626708984,39.7599983215332,39.86000061035156,0.0,275000
2015-11-12,23.32683753967285,0.0,39.470001220703125,0.0,39.70000076293945,39.459999084472656,39.650001525878906,0.0,232900
2015-11-13,23.21455192565918,0.0,39.279998779296875,0.0,39.4900016784668,39.2400016784668,39.41999816894531,0.0,354000
2015-11-16,23.521875381469727,0.0,39.79999923706055,0.0,39.810001373291016,39.33000183105469,39.38999938964844,0.0,316300
2015-11-17,23.63416290283203,0.0,39.9900016784668,0.0,40.130001068115234,39.88999938964844,40.0,0.0,453900
2015-11-18,23.805551528930664,0.0,40.279998779296875,0.0,40.29999923706055,39.88999938964844,40.0099983215332,0.0,316000
2015-11-19,23.941469192504883,0.0,40.5099983215332,0.0,40.70000076293945,40.470001220703125,40.52000045776367,0.0,739400
2015-11-20,24.047876358032227,0.0,40.689998626708984,0.0,40.869998931884766,40.66999816894531,40.7599983215332,0.0,280200
2015-11-23,23.793733596801758,0.0,40.2599983215332,0.0,40.61000061035156,40.220001220703125,40.54999923706055,0.0,735500
2015-11-24,23.776010513305664,0.0,40.22999954223633,0.0,40.31999969482422,39.88999938964844,39.88999938964844,0.0,422300
2015-11-25,23.78191566467285,0.0,40.2400016784668,0.0,40.34000015258789,40.13999938964844,40.310001373291016,0.0,307000
2015-11-27,23.669618606567383,0.0,40.04999923706055,0.0,40.11000061035156,39.9900016784668,40.029998779296875,0.0,70500
2015-11-30,23.68144989013672,0.0,40.06999969482422,0.0,40.15999984741211,39.86000061035156,40.0099983215332,0.0,748400
2015-12-01,24.12468910217285,0.0,40.81999969482422,0.0,40.81999969482422,40.5099983215332,40.56999969482422,0.0,450800
2015-12-02,23.78191566467285,0.0,40.2400016784668,0.0,40.599998474121094,40.15999984741211,40.540000915527344,0.0,771900
2015-12-03,23.62234878540039,0.0,39.970001220703125,0.0,40.40999984741211,39.86000061035156,40.40999984741211,0.0,864700
2015-12-04,23.823284149169922,0.0,40.310001373291016,0.0,40.31999969482422,39.810001373291016,39.849998474121094,0.0,609300
2015-12-07,23.616437911987305,0.0,39.959999084472656,0.0,40.27000045776367,39.849998474121094,40.15999984741211,0.0,391300
2015-12-08,23.374128341674805,0.0,39.54999923706055,0.0,39.77000045776367,39.540000915527344,39.59000015258789,0.0,742000
2015-12-09,23.30911636352539,0.0,39.439998626708984,0.0,39.880001068115234,39.310001373291016,39.599998474121094,0.0,1102400
2015-12-10,23.232280731201172,0.0,39.310001373291016,0.0,39.56999969482422,39.279998779296875,39.47999954223633,0.0,429200
2015-12-11,22.842226028442383,0.0,38.650001525878906,0.0,38.900001525878906,38.540000915527344,38.790000915527344,0.0,662200
2015-12-14,22.954511642456055,0.0,38.84000015258789,0.0,39.0,38.5,38.959999084472656,0.0,775800
2015-12-15,23.031343460083008,0.0,38.970001220703125,0.0,39.119998931884766,38.880001068115234,39.0,0.0,836100
2015-12-16,23.510051727294922,0.0,39.779998779296875,0.0,39.86000061035156,39.31999969482422,39.439998626708984,0.0,855200
2015-12-17,23.16727638244629,0.0,39.20000076293945,0.0,39.650001525878906,39.15999984741211,39.650001525878906,0.0,954700
2015-12-18,23.10186195373535,0.0,38.849998474121094,0.24,39.15999984741211,38.849998474121094,39.08000183105469,0.0,1085800
2015-12-21,23.185117721557617,0.0,38.9900016784668,0.0,39.279998779296875,38.83000183105469,39.2599983215332,0.0,643400
2015-12-22,23.298097610473633,0.0,39.18000030517578,0.0,39.25,38.9900016784668,39.13999938964844,0.0,760400
2015-12-23,23.530006408691406,0.0,39.56999969482422,0.0,39.599998474121094,39.310001373291016,39.369998931884766,0.0,903300
2015-12-24,23.5656795501709,0.0,39.630001068115234,0.0,39.7400016784668,39.41999816894531,39.459999084472656,0.0,283300
2015-12-28,23.41107749938965,0.0,39.369998931884766,0.0,39.5099983215332,39.220001220703125,39.34000015258789,0.0,1246300
2015-12-29,23.654878616333008,0.0,39.779998779296875,0.0,39.869998931884766,39.619998931884766,39.84000015258789,0.0,769700
2015-12-30,23.48837661743164,0.0,39.5,0.0,39.689998626708984,39.4900016784668,39.59000015258789,0.0,778000
2015-12-31,23.262418746948242,0.0,39.119998931884766,0.0,39.400001525878906,39.04999923706055,39.220001220703125,0.0,821900
2016-01-04,23.05428695678711,0.0,38.77000045776367,0.0,38.77000045776367,38.290000915527344,38.5,0.0,1013400
2016-01-05,23.089969635009766,0.0,38.83000183105469,0.0,38.869998931884766,38.59000015258789,38.7400016784668,0.0,360500
2016-01-06,22.85805320739746,0.0,38.439998626708984,0.0,38.47999954223633,38.22999954223633,38.2400016784668,0.0,1491200
2016-01-07,22.33477783203125,0.0,37.560001373291016,0.0,38.0,37.560001373291016,37.75,0.0,514800
2016-01-08,22.03150177001953,0.0,37.04999923706055,0.0,37.619998931884766,36.97999954223633,37.599998474121094,0.0,670300
2016-01-11,22.1147518157959,0.0,37.189998626708984,0.0,37.4900016784668,36.88999938964844,37.369998931884766,0.0,490600
2016-01-12,22.20989990234375,0.0,37.349998474121094,0.0,37.529998779296875,37.09000015258789,37.400001525878906,0.0,458100
2016-01-13,21.966100692749023,0.0,36.939998626708984,0.0,37.720001220703125,36.84000015258789,37.540000915527344,0.0,3128400
2016-01-14,22.162330627441406,0.0,37.27000045776367,0.0,37.470001220703125,36.88999938964844,37.16999816894531,0.0,528700
2016-01-15,21.4963321685791,0.0,36.150001525878906,0.0,36.40999984741211,35.939998626708984,36.220001220703125,0.0,788700
2016-01-19,21.615251541137695,0.0,36.349998474121094,0.0,36.720001220703125,36.060001373291016,36.619998931884766,0.0,782800
2016-01-20,21.139537811279297,0.0,35.54999923706055,0.0,35.95000076293945,34.54999923706055,35.79999923706055,0.0,5393300
2016-01-21,21.234683990478516,0.0,35.709999084472656,0.0,35.91999816894531,35.18000030517578,35.349998474121094,0.0,1912600
2016-01-22,21.722293853759766,0.0,36.529998779296875,0.0,36.59000015258789,36.220001220703125,36.279998779296875,0.0,1274800
2016-01-25,21.53795051574707,0.0,36.220001220703125,0.0,36.540000915527344,36.20000076293945,36.400001525878906,0.0,641800
2016-01-26,21.900686264038086,0.0,36.83000183105469,0.0,36.849998474121094,36.36000061035156,36.47999954223633,0.0,440500
2016-01-27,21.746076583862305,0.0,36.56999969482422,0.0,37.0099983215332,36.439998626708984,36.810001373291016,0.0,498500
2016-01-28,21.900686264038086,0.0,36.83000183105469,0.0,37.029998779296875,36.70000076293945,36.93000030517578,0.0,955700
2016-01-29,22.525068283081055,0.0,37.880001068115234,0.0,37.900001525878906,37.529998779296875,37.529998779296875,0.0,596700
2016-02-01,22.685609817504883,0.0,38.150001525878906,0.0,38.290000915527344,37.86000061035156,37.95000076293945,0.0,649200
2016-02-02,22.203948974609375,0.0,37.34000015258789,0.0,37.72999954223633,37.220001220703125,37.72999954223633,0.0,654000
2016-02-03,22.60830307006836,0.0,38.02000045776367,0.0,38.08000183105469,37.369998931884766,37.959999084472656,0.0,1459600
2016-02-04,22.661828994750977,0.0,38.11000061035156,0.0,38.29999923706055,37.959999084472656,38.02000045776367,0.0,463900
2016-02-05,22.27530288696289,0.0,37.459999084472656,0.0,38.04999923706055,37.38999938964844,37.95000076293945,0.0,903400
2016-02-08,21.942310333251953,0.0,36.900001525878906,0.0,37.209999084472656,36.63999938964844,37.08000183105469,0.0,518100
2016-02-09,21.853107452392578,0.0,36.75,0.0,36.84000015258789,36.31999969482422,36.36000061035156,0.0,2774100
2016-02-10,21.859052658081055,0.0,36.7599983215332,0.0,37.150001525878906,36.7400016784668,37.0,0.0,385700
2016-02-11,21.67472267150879,0.0,36.45000076293945,0.0,36.650001525878906,36.15999984741211,36.459999084472656,0.0,373800
2016-02-12,22.00177001953125,0.0,37.0,0.0,37.029998779296875,36.27000045776367,36.369998931884766,0.0,494000
2016-02-16,22.44775390625,0.0,37.75,0.0,37.88999938964844,37.43000030517578,37.75,0.0,480700
2016-02-17,22.73318862915039,0.0,38.22999954223633,0.0,38.33000183105469,37.900001525878906,37.900001525878906,0.0,510300
2016-02-18,22.643991470336914,0.0,38.08000183105469,0.0,38.369998931884766,38.0,38.22999954223633,0.0,290100
2016-02-19,22.8223819732666,0.0,38.380001068115234,0.0,38.439998626708984,38.040000915527344,38.119998931884766,0.0,228500
2016-02-22,23.06023597717285,0.0,38.779998779296875,0.0,38.790000915527344,38.560001373291016,38.56999969482422,0.0,1058100
2016-02-23,22.673725128173828,0.0,38.130001068115234,0.0,38.41999816894531,38.08000183105469,38.36000061035156,0.0,453200
2016-02-24,22.798593521118164,0.0,38.34000015258789,0.0,38.380001068115234,37.65999984741211,37.86000061035156,0.0,522500
2016-02-25,22.98887825012207,0.0,38.65999984741211,0.0,38.689998626708984,38.36000061035156,38.4900016784668,0.0,327300
2016-02-26,22.840225219726562,0.0,38.40999984741211,0.0,38.880001068115234,38.369998931884766,38.779998779296875,0.0,278900
2016-02-29,22.816434860229492,0.0,38.369998931884766,0.0,38.650001525878906,38.369998931884766,38.5099983215332,0.0,306900
2016-03-01,23.369449615478516,0.0,39.29999923706055,0.0,39.33000183105469,38.83000183105469,38.90999984741211,0.0,555800
2016-03-02,23.50621795654297,0.0,39.529998779296875,0.0,39.560001373291016,39.11000061035156,39.18000030517578,0.0,1172500
2016-03-03,23.613256454467773,0.0,39.709999084472656,0.0,39.77000045776367,39.439998626708984,39.529998779296875,0.0,546600
2016-03-04,23.684612274169922,0.0,39.83000183105469,0.0,39.97999954223633,39.70000076293945,39.720001220703125,0.0,392700
2016-03-07,23.547842025756836,0.0,39.599998474121094,0.0,39.689998626708984,39.220001220703125,39.369998931884766,0.0,528600
2016-03-08,23.47648048400879,0.0,39.47999954223633,0.0,39.58000183105469,39.31999969482422,39.459999084472656,0.0,604900
2016-03-09,23.48243522644043,0.0,39.4900016784668,0.0,39.7400016784668,39.459999084472656,39.599998474121094,0.0,1013000
2016-03-10,23.524063110351562,0.0,39.560001373291016,0.0,39.959999084472656,39.310001373291016,39.72999954223633,0.0,245200
2016-03-11,24.100860595703125,0.0,40.529998779296875,0.0,40.540000915527344,40.189998626708984,40.2599983215332,0.0,795000
2016-03-14,24.053281784057617,0.0,40.45000076293945,0.0,40.529998779296875,40.279998779296875,40.38999938964844,0.0,302400
2016-03-15,23.981929779052734,0.0,40.33000183105469,0.0,40.34000015258789,40.08000183105469,40.13999938964844,0.0,735500
2016-03-16,24.285205841064453,0.0,40.84000015258789,0.0,40.90999984741211,40.099998474121094,40.119998931884766,0.0,480400
2016-03-17,24.7074031829834,0.0,41.54999923706055,0.0,41.689998626708984,41.099998474121094,41.189998626708984,0.0,821700
2016-03-18,24.666208267211914,0.0,41.31999969482422,0.161,41.4900016784668,41.279998779296875,41.40999984741211,0.0,491300
2016-03-21,24.63636016845703,0.0,41.27000045776367,0.0,41.400001525878906,41.02000045776367,41.27000045776367,0.0,360700
2016-03-22,24.618457794189453,0.0,41.2400016784668,0.0,41.25,41.0,41.060001373291016,0.0,738300
2016-03-23,24.35578155517578,0.0,40.79999923706055,0.0,40.9900016784668,40.7400016784668,40.939998626708984,0.0,489900
2016-03-24,24.19460678100586,0.0,40.529998779296875,0.0,40.54999923706055,40.290000915527344,40.470001220703125,0.0,322500
2016-03-28,24.272212982177734,0.0,40.65999984741211,0.0,40.720001220703125,40.529998779296875,40.61000061035156,0.0,366700
2016-03-29,24.63636016845703,0.0,41.27000045776367,0.0,41.36000061035156,40.560001373291016,40.63999938964844,0.0,581100
2016-03-30,24.839323043823242,0.0,41.61000061035156,0.0,41.81999969482422,41.47999954223633,41.599998474121094,0.0,361800
2016-03-31,24.749773025512695,0.0,41.459999084472656,0.0,41.630001068115234,41.40999984741211,41.5,0.0,422100
2016-04-01,24.528905868530273,0.0,41.09000015258789,0.0,41.119998931884766,40.619998931884766,40.709999084472656,0.0,633700
2016-04-04,24.457279205322266,0.0,40.970001220703125,0.0,41.31999969482422,40.95000076293945,41.31999969482422,0.0,678000
2016-04-05,24.308040618896484,0.0,40.720001220703125,0.0,40.779998779296875,40.56999969482422,40.689998626708984,0.0,543400
2016-04-06,24.546825408935547,0.0,41.119998931884766,0.0,41.119998931884766,40.7599983215332,40.790000915527344,0.0,1873600
2016-04-07,24.337879180908203,0.0,40.77000045776367,0.0,40.95000076293945,40.59000015258789,40.88999938964844,0.0,1119600
2016-04-08,24.654264450073242,0.0,41.29999923706055,0.0,41.4900016784668,41.22999954223633,41.43000030517578,0.0,339200
2016-04-11,24.755752563476562,0.0,41.470001220703125,0.0,41.810001373291016,41.470001220703125,41.619998931884766,0.0,510100
2016-04-12,24.952733993530273,0.0,41.79999923706055,0.0,41.900001525878906,41.43000030517578,41.63999938964844,0.0,574000
2016-04-13,25.173620223999023,0.0,42.16999816894531,0.0,42.25,41.959999084472656,42.029998779296875,0.0,474500
2016-04-14,25.036319732666016,0.0,41.939998626708984,0.0,42.11000061035156,41.93000030517578,42.11000061035156,0.0,343000
2016-04-15,24.97663116455078,0.0,41.84000015258789,0.0,41.93000030517578,41.81999969482422,41.90999984741211,0.0,235300
2016-04-18,25.149747848510742,0.0,42.130001068115234,0.0,42.189998626708984,41.79999923706055,41.880001068115234,0.0,753300
2016-04-19,25.29898452758789,0.0,42.380001068115234,0.0,42.52000045776367,42.29999923706055,42.459999084472656,0.0,616200
2016-04-20,25.364648818969727,0.0,42.4900016784668,0.0,42.599998474121094,42.349998474121094,42.439998626708984,0.0,1598300
2016-04-21,25.078105926513672,0.0,42.0099983215332,0.0,42.220001220703125,41.900001525878906,42.20000076293945,0.0,790200
2016-04-22,25.06019401550293,0.0,41.97999954223633,0.0,42.13999938964844,41.84000015258789,42.04999923706055,0.0,514400
2016-04-25,25.287036895751953,0.0,42.36000061035156,0.0,42.38999938964844,42.20000076293945,42.33000183105469,0.0,393300
2016-04-26,25.484031677246094,0.0,42.689998626708984,0.0,42.849998474121094,42.66999816894531,42.689998626708984,0.0,419000
2016-04-27,25.442251205444336,0.0,42.619998931884766,0.0,42.68000030517578,42.400001525878906,42.4900016784668,0.0,294200
2016-04-28,25.28106689453125,0.0,42.349998474121094,0.0,42.63999938964844,42.22999954223633,42.36000061035156,0.0,662100
2016-04-29,25.287036895751953,0.0,42.36000061035156,0.0,42.45000076293945,42.13999938964844,42.400001525878906,0.0,1336300
2016-05-02,25.507909774780273,0.0,42.72999954223633,0.0,42.83000183105469,42.54999923706055,42.630001068115234,0.0,1208100
2016-05-03,25.227340698242188,0.0,42.2599983215332,0.0,42.58000183105469,42.20000076293945,42.47999954223633,0.0,716600
2016-05-04,25.084077835083008,0.0,42.02000045776367,0.0,42.08000183105469,41.900001525878906,41.959999084472656,0.0,748400
2016-05-05,25.078105926513672,0.0,42.0099983215332,0.0,42.150001525878906,41.900001525878906,42.150001525878906,0.0,518300
2016-05-06,25.119892120361328,0.0,42.08000183105469,0.0,42.08000183105469,41.7599983215332,41.7599983215332,0.0,734400
2016-05-09,25.137798309326172,0.0,42.11000061035156,0.0,42.34000015258789,42.04999923706055,42.22999954223633,0.0,712600
2016-05-10,25.442251205444336,0.0,42.619998931884766,0.0,42.63999938964844,42.36000061035156,42.36000061035156,0.0,441300
2016-05-11,25.149747848510742,0.0,42.130001068115234,0.0,42.31999969482422,42.099998474121094,42.209999084472656,0.0,308600
2016-05-12,24.994525909423828,0.0,41.869998931884766,0.0,42.150001525878906,41.720001220703125,42.150001525878906,0.0,374300
2016-05-13,24.743812561035156,0.0,41.45000076293945,0.0,41.68000030517578,41.36000061035156,41.59000015258789,0.0,1052300
2016-05-16,25.048254013061523,0.0,41.959999084472656,0.0,42.0,41.459999084472656,41.630001068115234,0.0,482700
2016-05-17,25.0064697265625,0.0,41.88999938964844,0.0,42.22999954223633,41.790000915527344,42.22999954223633,0.0,356100
2016-05-18,24.90498924255371,0.0,41.720001220703125,0.0,42.099998474121094,41.560001373291016,41.83000183105469,0.0,407200
2016-05-19,24.642324447631836,0.0,41.279998779296875,0.0,41.33000183105469,41.08000183105469,41.27000045776367,0.0,242900
2016-05-20,24.749773025512695,0.0,41.459999084472656,0.0,41.619998931884766,41.45000076293945,41.560001373291016,0.0,614100
2016-05-23,24.743812561035156,0.0,41.45000076293945,0.0,41.56999969482422,41.349998474121094,41.349998474121094,0.0,394200
2016-05-24,25.05422592163086,0.0,41.970001220703125,0.0,42.040000915527344,41.66999816894531,41.75,0.0,390200
2016-05-25,25.131834030151367,0.0,42.099998474121094,0.0,42.2599983215332,41.849998474121094,41.849998474121094,0.0,396500
2016-05-26,25.131834030151367,0.0,42.099998474121094,0.0,42.20000076293945,42.02000045776367,42.16999816894531,0.0,408000
2016-05-27,25.101980209350586,0.0,42.04999923706055,0.0,42.150001525878906,41.9900016784668,41.9900016784668,0.0,233400
2016-05-31,24.90498924255371,0.0,41.720001220703125,0.0,42.130001068115234,41.63999938964844,42.130001068115234,0.0,719300
2016-06-01,24.94080352783203,0.0,41.779998779296875,0.0,41.79999923706055,41.54999923706055,41.630001068115234,0.0,1505600
2016-06-02,24.916929244995117,0.0,41.7400016784668,0.0,41.75,41.4900016784668,41.4900016784668,0.0,528700
2016-06-03,25.322864532470703,0.0,42.41999816894531,0.0,42.47999954223633,42.06999969482422,42.06999969482422,0.0,477300
2016-06-06,25.490001678466797,0.0,42.70000076293945,0.0,42.779998779296875,42.560001373291016,42.560001373291016,0.0,338000
2016-06-07,25.615367889404297,0.0,42.90999984741211,0.0,42.9900016784668,42.790000915527344,42.790000915527344,0.0,223800
2016-06-08,25.734766006469727,0.0,43.11000061035156,0.0,43.13999938964844,43.0099983215332,43.119998931884766,0.0,722600
2016-06-09,25.64522361755371,0.0,42.959999084472656,0.0,42.97999954223633,42.79999923706055,42.90999984741211,0.0,828600
2016-06-10,25.161680221557617,0.0,42.150001525878906,0.0,42.540000915527344,42.029998779296875,42.5099983215332,0.0,375100
2016-06-13,24.916929244995117,0.0,41.7400016784668,0.0,42.06999969482422,41.66999816894531,41.83000183105469,0.0,556600
2016-06-14,24.594573974609375,0.0,41.20000076293945,0.0,41.40999984741211,41.040000915527344,41.40999984741211,0.0,367900
2016-06-15,24.678144454956055,0.0,41.34000015258789,0.0,41.61000061035156,41.310001373291016,41.459999084472656,0.0,957600
2016-06-16,24.660234451293945,0.0,41.310001373291016,0.0,41.31999969482422,40.599998474121094,41.0,0.0,626600
2016-06-17,24.754762649536133,0.0,41.119998931884766,0.347,41.209999084472656,40.84000015258789,40.959999084472656,0.0,383200
2016-06-20,25.368804931640625,0.0,42.13999938964844,0.0,42.31999969482422,42.11000061035156,42.25,0.0,563100
2016-06-21,25.567468643188477,0.0,42.470001220703125,0.0,42.70000076293945,42.34000015258789,42.45000076293945,0.0,577800
2016-06-22,25.48920440673828,0.0,42.34000015258789,0.0,42.59000015258789,42.310001373291016,42.369998931884766,0.0,1156600
2016-06-23,25.934694290161133,0.0,43.08000183105469,0.0,43.11000061035156,42.68000030517578,42.88999938964844,0.0,475300
2016-06-24,24.03233528137207,0.0,39.91999816894531,0.0,40.58000183105469,39.790000915527344,39.86000061035156,0.0,1359200
2016-06-27,23.478487014770508,0.0,39.0,0.0,39.400001525878906,38.66999816894531,39.25,0.0,1327500
2016-06-28,24.321313858032227,0.0,40.400001525878906,0.0,40.40999984741211,40.029998779296875,40.189998626708984,0.0,971900
2016-06-29,24.74873924255371,0.0,41.11000061035156,0.0,41.150001525878906,40.91999816894531,40.93000030517578,0.0,506200
2016-06-30,24.953418731689453,0.0,41.45000076293945,0.0,41.459999084472656,41.060001373291016,41.209999084472656,0.0,695800
2016-07-01,24.9654598236084,0.0,41.470001220703125,0.0,41.560001373291016,41.220001220703125,41.400001525878906,0.0,522000
2016-07-05,24.423641204833984,0.0,40.56999969482422,0.0,40.91999816894531,40.4900016784668,40.72999954223633,0.0,897800
2016-07-06,24.38752555847168,0.0,40.5099983215332,0.0,40.52000045776367,40.029998779296875,40.220001220703125,0.0,983800
2016-07-07,24.321313858032227,0.0,40.400001525878906,0.0,40.7400016784668,40.36000061035156,40.58000183105469,0.0,1191300
2016-07-08,24.730670928955078,0.0,41.08000183105469,0.0,41.119998931884766,40.790000915527344,40.810001373291016,0.0,592100
2016-07-11,25.055763244628906,0.0,41.619998931884766,0.0,41.7400016784668,41.529998779296875,41.529998779296875,0.0,485400
2016-07-12,25.290544509887695,0.0,42.0099983215332,0.0,42.20000076293945,41.939998626708984,42.0099983215332,0.0,544900
2016-07-13,25.236358642578125,0.0,41.91999816894531,0.0,42.08000183105469,41.869998931884766,42.0,0.0,533100
2016-07-14,25.392881393432617,0.0,42.18000030517578,0.0,42.2599983215332,42.060001373291016,42.060001373291016,0.0,338800
2016-07-15,25.109939575195312,0.0,41.709999084472656,0.0,41.779998779296875,41.599998474121094,41.779998779296875,0.0,514300
2016-07-18,25.188209533691406,0.0,41.84000015258789,0.0,41.900001525878906,41.70000076293945,41.790000915527344,0.0,339900
2016-07-19,25.1159610748291,0.0,41.720001220703125,0.0,41.72999954223633,41.619998931884766,41.68000030517578,0.0,239200
2016-07-20,25.380847930908203,0.0,42.15999984741211,0.0,42.2400016784668,42.06999969482422,42.13999938964844,0.0,267900
2016-07-21,25.332683563232422,0.0,42.08000183105469,0.0,42.189998626708984,41.959999084472656,42.06999969482422,0.0,1063800
2016-07-22,25.314620971679688,0.0,42.04999923706055,0.0,42.130001068115234,41.9900016784668,42.06999969482422,0.0,325400
2016-07-25,25.404924392700195,0.0,42.20000076293945,0.0,42.20000076293945,42.060001373291016,42.15999984741211,0.0,268700
2016-07-26,25.543392181396484,0.0,42.43000030517578,0.0,42.59000015258789,42.33000183105469,42.52000045776367,0.0,339100
2016-07-27,25.537376403808594,0.0,42.41999816894531,0.0,42.4900016784668,42.060001373291016,42.369998931884766,0.0,441000
2016-07-28,25.663789749145508,0.0,42.630001068115234,0.0,42.66999816894531,42.5,42.599998474121094,0.0,496500
2016-07-29,25.838376998901367,0.0,42.91999816894531,0.0,42.970001220703125,42.63999938964844,42.72999954223633,0.0,518900
2016-08-01,25.68787384033203,0.0,42.66999816894531,0.0,42.86000061035156,42.630001068115234,42.86000061035156,0.0,426400
2016-08-02,25.663789749145508,0.0,42.630001068115234,0.0,42.72999954223633,42.470001220703125,42.709999084472656,0.0,477100
2016-08-03,25.45308494567871,0.0,42.279998779296875,0.0,42.279998779296875,42.08000183105469,42.150001525878906,0.0,562200
2016-08-04,25.633689880371094,0.0,42.58000183105469,0.0,42.63999938964844,42.43000030517578,42.43000030517578,0.0,482700
2016-08-05,25.693891525268555,0.0,42.68000030517578,0.0,42.709999084472656,42.560001373291016,42.650001525878906,0.0,391500
2016-08-08,25.75409507751465,0.0,42.779998779296875,0.0,42.779998779296875,42.61000061035156,42.709999084472656,0.0,1109700
2016-08-09,25.693891525268555,0.0,42.68000030517578,0.0,42.81999969482422,42.54999923706055,42.54999923706055,0.0,537400
2016-08-10,25.802257537841797,0.0,42.86000061035156,0.0,43.060001373291016,42.86000061035156,42.970001220703125,0.0,522400
2016-08-11,25.80827522277832,0.0,42.869998931884766,0.0,42.939998626708984,42.83000183105469,42.86000061035156,0.0,290500
2016-08-12,25.760112762451172,0.0,42.790000915527344,0.0,42.91999816894531,42.709999084472656,42.88999938964844,0.0,349300
2016-08-15,25.862464904785156,0.0,42.959999084472656,0.0,43.09000015258789,42.95000076293945,42.95000076293945,0.0,383600
2016-08-16,25.796234130859375,0.0,42.849998474121094,0.0,42.93000030517578,42.790000915527344,42.91999816894531,0.0,210500
2016-08-17,25.79022216796875,0.0,42.84000015258789,0.0,42.93000030517578,42.560001373291016,42.689998626708984,0.0,216900
2016-08-18,25.88652992248535,0.0,43.0,0.0,43.0099983215332,42.810001373291016,42.84000015258789,0.0,486200
2016-08-19,25.705928802490234,0.0,42.70000076293945,0.0,42.70000076293945,42.470001220703125,42.54999923706055,0.0,254400
2016-08-22,25.651742935180664,0.0,42.61000061035156,0.0,42.66999816894531,42.40999984741211,42.4900016784668,0.0,1292300
2016-08-23,25.820310592651367,0.0,42.88999938964844,0.0,43.150001525878906,42.88999938964844,43.08000183105469,0.0,2311000
2016-08-24,25.723989486694336,0.0,42.72999954223633,0.0,42.880001068115234,42.709999084472656,42.880001068115234,0.0,1576200
2016-08-25,25.736034393310547,0.0,42.75,0.0,42.810001373291016,42.709999084472656,42.709999084472656,0.0,553100
2016-08-26,25.447071075439453,0.0,42.27000045776367,0.0,43.029998779296875,42.13999938964844,42.77000045776367,0.0,743100
2016-08-29,25.46512794494629,0.0,42.29999923706055,0.0,42.31999969482422,42.130001068115234,42.150001525878906,0.0,299200
2016-08-30,25.332683563232422,0.0,42.08000183105469,0.0,42.279998779296875,42.040000915527344,42.15999984741211,0.0,370900
2016-08-31,25.290544509887695,0.0,42.0099983215332,0.0,42.09000015258789,41.90999984741211,42.0099983215332,0.0,532100
2016-09-01,25.525327682495117,0.0,42.400001525878906,0.0,42.400001525878906,42.150001525878906,42.150001525878906,0.0,322100
2016-09-02,25.555419921875,0.0,42.45000076293945,0.0,42.58000183105469,42.369998931884766,42.56999969482422,0.0,299000
2016-09-06,25.934694290161133,0.0,43.08000183105469,0.0,43.099998474121094,42.66999816894531,42.66999816894531,0.0,596400
2016-09-07,25.78419303894043,0.0,42.83000183105469,0.0,43.150001525878906,42.790000915527344,43.150001525878906,0.0,464500
2016-09-08,25.717973709106445,0.0,42.720001220703125,0.0,42.970001220703125,42.720001220703125,42.88999938964844,0.0,1412900
2016-09-09,25.06177520751953,0.0,41.630001068115234,0.0,42.209999084472656,41.630001068115234,42.130001068115234,0.0,568100
2016-09-12,25.182186126708984,0.0,41.83000183105469,0.0,41.880001068115234,41.25,41.27000045776367,0.0,560400
2016-09-13,24.65842628479004,0.0,40.959999084472656,0.0,41.36000061035156,40.83000183105469,41.310001373291016,0.0,629100
2016-09-14,24.616291046142578,0.0,40.88999938964844,0.0,41.11000061035156,40.849998474121094,40.93000030517578,0.0,411900
2016-09-15,24.766788482666016,0.0,41.13999938964844,0.0,41.220001220703125,40.779998779296875,40.849998474121094,0.0,367600
2016-09-16,24.492897033691406,0.0,40.33000183105469,0.359,40.43000030517578,40.25,40.290000915527344,0.0,469300
2016-09-19,24.687238693237305,0.0,40.650001525878906,0.0,40.81999969482422,40.599998474121094,40.66999816894531,0.0,333300
2016-09-20,24.796546936035156,0.0,40.83000183105469,0.0,40.959999084472656,40.779998779296875,40.88999938964844,0.0,341000
2016-09-21,25.009111404418945,0.0,41.18000030517578,0.0,41.2599983215332,40.7599983215332,40.93000030517578,0.0,1171900
2016-09-22,25.294553756713867,0.0,41.650001525878906,0.0,41.810001373291016,41.59000015258789,41.72999954223633,0.0,571800
2016-09-23,25.191307067871094,0.0,41.47999954223633,0.0,41.58000183105469,41.439998626708984,41.5,0.0,324300
2016-09-26,25.191307067871094,0.0,41.47999954223633,0.0,41.54999923706055,41.41999816894531,41.4900016784668,0.0,594700
2016-09-27,25.385635375976562,0.0,41.79999923706055,0.0,41.83000183105469,41.5099983215332,41.5099983215332,0.0,372600
2016-09-28,25.470664978027344,0.0,41.939998626708984,0.0,41.95000076293945,41.529998779296875,41.77000045776367,0.0,366200
2016-09-29,25.051626205444336,0.0,41.25,0.0,41.650001525878906,41.130001068115234,41.619998931884766,0.0,496400
2016-09-30,25.330982208251953,0.0,41.709999084472656,0.0,41.790000915527344,41.4900016784668,41.4900016784668,0.0,473700
2016-10-03,25.215600967407227,0.0,41.52000045776367,0.0,41.560001373291016,41.380001068115234,41.380001068115234,0.0,2034700
2016-10-04,24.863359451293945,0.0,40.939998626708984,0.0,41.31999969482422,40.849998474121094,41.27000045776367,0.0,1123100
2016-10-05,24.52933692932129,0.0,40.38999938964844,0.0,40.529998779296875,40.36000061035156,40.5,0.0,2016300
2016-10-06,24.237825393676758,0.0,39.90999984741211,0.0,40.02000045776367,39.849998474121094,39.88999938964844,0.0,834600
2016-10-07,24.025270462036133,0.0,39.560001373291016,0.0,39.72999954223633,39.31999969482422,39.709999084472656,0.0,1052800
2016-10-10,24.025270462036133,0.0,39.560001373291016,0.0,39.70000076293945,39.5099983215332,39.5099983215332,0.0,294000
2016-10-11,23.6122989654541,0.0,38.880001068115234,0.0,39.209999084472656,38.79999923706055,39.209999084472656,0.0,926500
2016-10-12,23.575851440429688,0.0,38.81999969482422,0.0,38.91999816894531,38.72999954223633,38.779998779296875,0.0,462600
2016-10-13,23.830930709838867,0.0,39.2400016784668,0.0,39.310001373291016,38.880001068115234,38.970001220703125,0.0,602500
2016-10-14,23.764123916625977,0.0,39.130001068115234,0.0,39.369998931884766,39.119998931884766,39.33000183105469,0.0,382200
2016-10-17,23.63658332824707,0.0,38.91999816894531,0.0,39.0099983215332,38.869998931884766,38.90999984741211,0.0,275500
2016-10-18,23.934167861938477,0.0,39.40999984741211,0.0,39.4900016784668,39.380001068115234,39.380001068115234,0.0,346800
2016-10-19,24.067773818969727,0.0,39.630001068115234,0.0,39.709999084472656,39.4900016784668,39.4900016784668,0.0,488900
2016-10-20,24.128503799438477,0.0,39.72999954223633,0.0,39.83000183105469,39.63999938964844,39.70000076293945,0.0,487100
2016-10-21,24.073850631713867,0.0,39.63999938964844,0.0,39.63999938964844,39.400001525878906,39.400001525878906,0.0,313200
2016-10-24,24.128503799438477,0.0,39.72999954223633,0.0,39.810001373291016,39.650001525878906,39.709999084472656,0.0,360200
2016-10-25,24.15886878967285,0.0,39.779998779296875,0.0,39.79999923706055,39.560001373291016,39.650001525878906,0.0,514000
2016-10-26,23.90987205505371,0.0,39.369998931884766,0.0,39.5,39.33000183105469,39.41999816894531,0.0,717900
2016-10-27,23.642662048339844,0.0,38.93000030517578,0.0,39.130001068115234,38.93000030517578,39.130001068115234,0.0,542900
2016-10-28,23.49689483642578,0.0,38.689998626708984,0.0,38.790000915527344,38.619998931884766,38.72999954223633,0.0,565700
2016-10-31,23.673025131225586,0.0,38.97999954223633,0.0,39.04999923706055,38.84000015258789,38.84000015258789,0.0,639100
2016-11-01,23.581928253173828,0.0,38.83000183105469,0.0,38.9900016784668,38.68000030517578,38.880001068115234,0.0,1013200
2016-11-02,23.600143432617188,0.0,38.86000061035156,0.0,39.099998474121094,38.84000015258789,38.95000076293945,0.0,858600
2016-11-03,23.660879135131836,0.0,38.959999084472656,0.0,39.18000030517578,38.900001525878906,39.0099983215332,0.0,1752000
2016-11-04,23.478687286376953,0.0,38.65999984741211,0.0,38.81999969482422,38.65999984741211,38.7599983215332,0.0,615600
2016-11-07,23.697315216064453,0.0,39.02000045776367,0.0,39.040000915527344,38.849998474121094,38.90999984741211,0.0,498400
2016-11-08,23.758045196533203,0.0,39.119998931884766,0.0,39.2400016784668,38.91999816894531,38.93000030517578,0.0,934300
2016-11-09,23.654809951782227,0.0,38.95000076293945,0.0,39.209999084472656,38.65999984741211,38.65999984741211,0.0,645100
2016-11-10,23.017127990722656,0.0,37.900001525878906,0.0,38.209999084472656,37.77000045776367,38.09000015258789,0.0,1443100
2016-11-11,22.841005325317383,0.0,37.61000061035156,0.0,37.810001373291016,37.470001220703125,37.77000045776367,0.0,411000
2016-11-14,22.555564880371094,0.0,37.13999938964844,0.0,37.16999816894531,36.95000076293945,37.15999984741211,0.0,1033100
2016-11-15,22.713472366333008,0.0,37.400001525878906,0.0,37.41999816894531,37.18000030517578,37.18000030517578,0.0,479300
2016-11-16,22.415884017944336,0.0,36.90999984741211,0.0,36.970001220703125,36.810001373291016,36.91999816894531,0.0,420100
2016-11-17,22.749902725219727,0.0,37.459999084472656,0.0,37.52000045776367,37.34000015258789,37.349998474121094,0.0,956600
2016-11-18,22.555564880371094,0.0,37.13999938964844,0.0,37.34000015258789,37.11000061035156,37.2400016784668,0.0,679000
2016-11-21,22.604158401489258,0.0,37.220001220703125,0.0,37.2599983215332,37.130001068115234,37.130001068115234,0.0,1501500
2016-11-22,22.725622177124023,0.0,37.41999816894531,0.0,37.43000030517578,37.27000045776367,37.27000045776367,0.0,598200
2016-11-23,22.677034378051758,0.0,37.34000015258789,0.0,37.369998931884766,37.189998626708984,37.189998626708984,0.0,724300
2016-11-25,22.707393646240234,0.0,37.38999938964844,0.0,37.45000076293945,37.33000183105469,37.33000183105469,0.0,251100
2016-11-28,22.877443313598633,0.0,37.66999816894531,0.0,37.72999954223633,37.529998779296875,37.58000183105469,0.0,493400
2016-11-29,22.968538284301758,0.0,37.81999969482422,0.0,37.88999938964844,37.58000183105469,37.58000183105469,0.0,601800
2016-11-30,22.9746150970459,0.0,37.83000183105469,0.0,37.93000030517578,37.709999084472656,37.86000061035156,0.0,1269500
2016-12-01,22.677034378051758,0.0,37.34000015258789,0.0,37.540000915527344,37.25,37.439998626708984,0.0,610200
2016-12-02,22.841005325317383,0.0,37.61000061035156,0.0,37.72999954223633,37.47999954223633,37.47999954223633,0.0,752100
2016-12-05,22.944238662719727,0.0,37.779998779296875,0.0,37.81999969482422,37.619998931884766,37.650001525878906,0.0,1508600
2016-12-06,23.08393096923828,0.0,38.0099983215332,0.0,38.040000915527344,37.91999816894531,37.970001220703125,0.0,792500
2016-12-07,23.411876678466797,0.0,38.54999923706055,0.0,38.599998474121094,38.20000076293945,38.209999084472656,0.0,1195800
2016-12-08,23.39366340637207,0.0,38.52000045776367,0.0,38.58000183105469,38.38999938964844,38.439998626708984,0.0,1458300
2016-12-09,23.411876678466797,0.0,38.54999923706055,0.0,38.58000183105469,38.439998626708984,38.529998779296875,0.0,677500
2016-12-12,23.284343719482422,0.0,38.34000015258789,0.0,38.369998931884766,38.22999954223633,38.2400016784668,0.0,636000
2016-12-13,23.472620010375977,0.0,38.650001525878906,0.0,38.7400016784668,38.54999923706055,38.54999923706055,0.0,1040800
2016-12-14,23.08393096923828,0.0,38.0099983215332,0.0,38.599998474121094,37.95000076293945,38.459999084472656,0.0,1134100
2016-12-15,22.749902725219727,0.0,37.459999084472656,0.0,37.529998779296875,37.349998474121094,37.43000030517578,0.0,1015200
2016-12-16,22.7667293548584,0.0,35.20000076293945,2.286,35.33000183105469,35.119998931884766,35.15999984741211,0.0,1185200
2016-12-19,22.7667293548584,0.0,35.20000076293945,0.0,35.400001525878906,35.20000076293945,35.2599983215332,0.0,900600
2016-12-20,22.915483474731445,0.0,35.43000030517578,0.0,35.459999084472656,35.369998931884766,35.43000030517578,0.0,1740900
2016-12-21,22.92194938659668,0.0,35.439998626708984,0.0,35.529998779296875,35.40999984741211,35.41999816894531,0.0,2550700
2016-12-22,22.831405639648438,0.0,35.29999923706055,0.0,35.40999984741211,35.279998779296875,35.349998474121094,0.0,1490500
2016-12-23,22.941364288330078,0.0,35.470001220703125,0.0,35.52000045776367,35.43000030517578,35.43000030517578,0.0,1339500
2016-12-27,23.064247131347656,0.0,35.65999984741211,0.0,35.689998626708984,35.599998474121094,35.599998474121094,0.0,2154200
2016-12-28,22.902545928955078,0.0,35.40999984741211,0.0,35.529998779296875,35.36000061035156,35.47999954223633,0.0,1747700
2016-12-29,23.141862869262695,0.0,35.779998779296875,0.0,35.810001373291016,35.560001373291016,35.72999954223633,0.0,2100400
2016-12-30,23.335893630981445,0.0,36.08000183105469,0.0,36.15999984741211,35.970001220703125,36.09000015258789,0.0,2084600
2017-01-03,23.355304718017578,0.0,36.11000061035156,0.0,36.119998931884766,35.849998474121094,36.02000045776367,0.0,1654500
2017-01-04,23.60107421875,0.0,36.4900016784668,0.0,36.4900016784668,36.279998779296875,36.279998779296875,0.0,784800
2017-01-05,23.956806182861328,0.0,37.040000915527344,0.0,37.04999923706055,36.630001068115234,36.630001068115234,0.0,2208900
2017-01-06,23.950336456298828,0.0,37.029998779296875,0.0,37.150001525878906,37.0,37.08000183105469,0.0,747800
2017-01-09,23.90506362915039,0.0,36.959999084472656,0.0,36.9900016784668,36.88999938964844,36.88999938964844,0.0,877100
2017-01-10,23.89212417602539,0.0,36.939998626708984,0.0,37.040000915527344,36.900001525878906,36.939998626708984,0.0,582000
2017-01-11,23.83390998840332,0.0,36.849998474121094,0.0,36.93000030517578,36.540000915527344,36.63999938964844,0.0,1967200
2017-01-12,23.73689842224121,0.0,36.70000076293945,0.0,36.77000045776367,36.650001525878906,36.7400016784668,0.0,2956100
2017-01-13,23.711029052734375,0.0,36.65999984741211,0.0,36.689998626708984,36.5099983215332,36.58000183105469,0.0,781700
2017-01-17,23.717493057250977,0.0,36.66999816894531,0.0,36.709999084472656,36.56999969482422,36.650001525878906,0.0,630800
2017-01-18,23.730430603027344,0.0,36.689998626708984,0.0,36.790000915527344,36.599998474121094,36.689998626708984,0.0,4369700
2017-01-19,23.497587203979492,0.0,36.33000183105469,0.0,36.38999938964844,36.22999954223633,36.38999938964844,0.0,3563800
2017-01-20,23.588134765625,0.0,36.470001220703125,0.0,36.470001220703125,36.31999969482422,36.43000030517578,0.0,4002900
2017-01-23,23.77570152282715,0.0,36.7599983215332,0.0,36.810001373291016,36.59000015258789,36.61000061035156,0.0,786000
2017-01-24,23.801576614379883,0.0,36.79999923706055,0.0,36.81999969482422,36.70000076293945,36.72999954223633,0.0,706400
2017-01-25,23.814517974853516,0.0,36.81999969482422,0.0,36.83000183105469,36.619998931884766,36.619998931884766,0.0,1002000
2017-01-26,23.704565048217773,0.0,36.650001525878906,0.0,36.77000045776367,36.650001525878906,36.7400016784668,0.0,780100
2017-01-27,23.672212600708008,0.0,36.599998474121094,0.0,36.689998626708984,36.59000015258789,36.68000030517578,0.0,618800
2017-01-30,23.646350860595703,0.0,36.560001373291016,0.0,36.58000183105469,36.369998931884766,36.40999984741211,0.0,703800
2017-01-31,23.872718811035156,0.0,36.90999984741211,0.0,36.91999816894531,36.720001220703125,36.720001220703125,0.0,1185100
2017-02-01,23.917997360229492,0.0,36.97999954223633,0.0,37.060001373291016,36.880001068115234,37.02000045776367,0.0,1442000
2017-02-02,23.859785079956055,0.0,36.88999938964844,0.0,36.97999954223633,36.83000183105469,36.93000030517578,0.0,843200
2017-02-03,23.989139556884766,0.0,37.09000015258789,0.0,37.16999816894531,36.9900016784668,37.0099983215332,0.0,650300
2017-02-06,23.943862915039062,0.0,37.02000045776367,0.0,37.02000045776367,36.869998931884766,36.93000030517578,0.0,534200
2017-02-07,23.9956111907959,0.0,37.099998474121094,0.0,37.16999816894531,37.02000045776367,37.04999923706055,0.0,531300
2017-02-08,24.124963760375977,0.0,37.29999923706055,0.0,37.380001068115234,37.290000915527344,37.349998474121094,0.0,894700
2017-02-09,24.228445053100586,0.0,37.459999084472656,0.0,37.58000183105469,37.41999816894531,37.58000183105469,0.0,917800
2017-02-10,24.254323959350586,0.0,37.5,0.0,37.540000915527344,37.29999923706055,37.31999969482422,0.0,369400
2017-02-13,24.18317413330078,0.0,37.38999938964844,0.0,37.43000030517578,37.310001373291016,37.400001525878906,0.0,443700
2017-02-14,24.18964958190918,0.0,37.400001525878906,0.0,37.41999816894531,37.16999816894531,37.40999984741211,0.0,627000
2017-02-15,24.234926223754883,0.0,37.470001220703125,0.0,37.470001220703125,37.20000076293945,37.20000076293945,0.0,3006600
2017-02-16,24.254323959350586,0.0,37.5,0.0,37.529998779296875,37.349998474121094,37.369998931884766,0.0,1052200
2017-02-17,24.228445053100586,0.0,37.459999084472656,0.0,37.470001220703125,37.36000061035156,37.43000030517578,0.0,638700
2017-02-21,24.170244216918945,0.0,37.369998931884766,0.0,37.38999938964844,37.279998779296875,37.29999923706055,0.0,2890700
2017-02-22,24.228445053100586,0.0,37.459999084472656,0.0,37.470001220703125,37.2400016784668,37.2400016784668,0.0,1380500
2017-02-23,24.338401794433594,0.0,37.630001068115234,0.0,37.70000076293945,37.560001373291016,37.599998474121094,0.0,469600
2017-02-24,24.286666870117188,0.0,37.54999923706055,0.0,37.58000183105469,37.400001525878906,37.40999984741211,0.0,330000
2017-02-27,24.18964958190918,0.0,37.400001525878906,0.0,37.459999084472656,37.29999923706055,37.400001525878906,0.0,632200
2017-02-28,24.18964958190918,0.0,37.400001525878906,0.0,37.4900016784668,37.34000015258789,37.349998474121094,0.0,585100
2017-03-01,24.209047317504883,0.0,37.43000030517578,0.0,37.5099983215332,37.29999923706055,37.31999969482422,0.0,503000
2017-03-02,23.90506362915039,0.0,36.959999084472656,0.0,37.06999969482422,36.93000030517578,37.02000045776367,0.0,414800
2017-03-03,24.0020751953125,0.0,37.11000061035156,0.0,37.150001525878906,36.93000030517578,36.959999084472656,0.0,997600
2017-03-06,23.963274002075195,0.0,37.04999923706055,0.0,37.099998474121094,36.970001220703125,37.099998474121094,0.0,321700
2017-03-07,23.846847534179688,0.0,36.869998931884766,0.0,36.93000030517578,36.84000015258789,36.880001068115234,0.0,689900
2017-03-08,23.639883041381836,0.0,36.54999923706055,0.0,36.75,36.540000915527344,36.75,0.0,1292900
2017-03-09,23.652812957763672,0.0,36.56999969482422,0.0,36.650001525878906,36.52000045776367,36.56999969482422,0.0,585400
2017-03-10,23.65929412841797,0.0,36.58000183105469,0.0,36.599998474121094,36.459999084472656,36.529998779296875,0.0,504900
2017-03-13,23.704565048217773,0.0,36.650001525878906,0.0,36.70000076293945,36.599998474121094,36.599998474121094,0.0,1138900
2017-03-14,23.51051902770996,0.0,36.349998474121094,0.0,36.38999938964844,36.279998779296875,36.34000015258789,0.0,391500
2017-03-15,23.885656356811523,0.0,36.93000030517578,0.0,36.959999084472656,36.38999938964844,36.45000076293945,0.0,626000
2017-03-16,24.170244216918945,0.0,37.369998931884766,0.0,37.38999938964844,37.27000045776367,37.310001373291016,0.0,408800
2017-03-17,24.233966827392578,0.0,37.27000045776367,0.198,37.38999938964844,37.220001220703125,37.22999954223633,0.0,317100
2017-03-20,24.25347137451172,0.0,37.29999923706055,0.0,37.38999938964844,37.2400016784668,37.29999923706055,0.0,504300
2017-03-21,24.0714054107666,0.0,37.02000045776367,0.0,37.349998474121094,37.0099983215332,37.290000915527344,0.0,721100
2017-03-22,24.13642692565918,0.0,37.119998931884766,0.0,37.220001220703125,37.08000183105469,37.09000015258789,0.0,732800
2017-03-23,24.233966827392578,0.0,37.27000045776367,0.0,37.349998474121094,37.13999938964844,37.16999816894531,0.0,435000
2017-03-24,24.305492401123047,0.0,37.380001068115234,0.0,37.43000030517578,37.279998779296875,37.290000915527344,0.0,451500
2017-03-27,24.2924861907959,0.0,37.36000061035156,0.0,37.470001220703125,37.36000061035156,37.40999984741211,0.0,855500
2017-03-28,24.272985458374023,0.0,37.33000183105469,0.0,37.400001525878906,37.29999923706055,37.349998474121094,0.0,591100
2017-03-29,24.33799934387207,0.0,37.43000030517578,0.0,37.439998626708984,37.29999923706055,37.31999969482422,0.0,334500
2017-03-30,24.207956314086914,0.0,37.22999954223633,0.0,37.36000061035156,37.22999954223633,37.33000183105469,0.0,384000
2017-03-31,24.318500518798828,0.0,37.400001525878906,0.0,37.43000030517578,37.20000076293945,37.20000076293945,0.0,301600
2017-04-03,24.2924861907959,0.0,37.36000061035156,0.0,37.380001068115234,37.130001068115234,37.20000076293945,0.0,534300
2017-04-04,24.344501495361328,0.0,37.439998626708984,0.0,37.439998626708984,37.29999923706055,37.380001068115234,0.0,468800
2017-04-05,24.305492401123047,0.0,37.380001068115234,0.0,37.54999923706055,37.380001068115234,37.45000076293945,0.0,1684800
2017-04-06,24.52657127380371,0.0,37.720001220703125,0.0,37.7400016784668,37.619998931884766,37.619998931884766,0.0,1695300
2017-04-07,24.52657127380371,0.0,37.720001220703125,0.0,37.810001373291016,37.689998626708984,37.72999954223633,0.0,356800
2017-04-10,24.429031372070312,0.0,37.56999969482422,0.0,37.58000183105469,37.4900016784668,37.58000183105469,0.0,297000
2017-04-11,24.65011215209961,0.0,37.90999984741211,0.0,37.90999984741211,37.66999816894531,37.72999954223633,0.0,408500
2017-04-12,24.793169021606445,0.0,38.130001068115234,0.0,38.130001068115234,37.91999816894531,38.02000045776367,0.0,763200
2017-04-13,24.741146087646484,0.0,38.04999923706055,0.0,38.18000030517578,38.04999923706055,38.11000061035156,0.0,614700
2017-04-17,25.02073860168457,0.0,38.47999954223633,0.0,38.529998779296875,38.41999816894531,38.41999816894531,0.0,260000
2017-04-18,25.03374671936035,0.0,38.5,0.0,38.5099983215332,38.27000045776367,38.29999923706055,0.0,417200
2017-04-19,24.825666427612305,0.0,38.18000030517578,0.0,38.34000015258789,38.119998931884766,38.33000183105469,0.0,334900
2017-04-20,24.92321014404297,0.0,38.33000183105469,0.0,38.380001068115234,38.279998779296875,38.33000183105469,0.0,1691600
2017-04-21,24.799667358398438,0.0,38.13999938964844,0.0,38.18000030517578,38.08000183105469,38.15999984741211,0.0,453800
2017-04-24,24.92321014404297,0.0,38.33000183105469,0.0,38.41999816894531,38.27000045776367,38.34000015258789,0.0,517300
2017-04-25,25.027244567871094,0.0,38.4900016784668,0.0,38.560001373291016,38.459999084472656,38.470001220703125,0.0,277500
2017-04-26,24.936208724975586,0.0,38.349998474121094,0.0,38.439998626708984,38.29999923706055,38.33000183105469,0.0,302600
2017-04-27,24.968727111816406,0.0,38.400001525878906,0.0,38.400001525878906,38.25,38.31999969482422,0.0,294800
2017-04-28,24.825666427612305,0.0,38.18000030517578,0.0,38.189998626708984,38.099998474121094,38.150001525878906,0.0,627200
2017-05-01,24.825666427612305,0.0,38.18000030517578,0.0,38.31999969482422,38.18000030517578,38.29999923706055,0.0,1129100
2017-05-02,25.10526466369629,0.0,38.61000061035156,0.0,38.61000061035156,38.4900016784668,38.5,0.0,545600
2017-05-03,24.988222122192383,0.0,38.43000030517578,0.0,38.4900016784668,38.38999938964844,38.459999084472656,0.0,437100
2017-05-04,24.936208724975586,0.0,38.349998474121094,0.0,38.36000061035156,38.2599983215332,38.279998779296875,0.0,424700
2017-05-05,25.079259872436523,0.0,38.56999969482422,0.0,38.619998931884766,38.29999923706055,38.33000183105469,0.0,317200
2017-05-08,25.079259872436523,0.0,38.56999969482422,0.0,38.65999984741211,38.47999954223633,38.65999984741211,0.0,979400
2017-05-09,25.053251266479492,0.0,38.529998779296875,0.0,38.56999969482422,38.470001220703125,38.5,0.0,365400
2017-05-10,25.079259872436523,0.0,38.56999969482422,0.0,38.599998474121094,38.4900016784668,38.52000045776367,0.0,553700
2017-05-11,25.092260360717773,0.0,38.59000015258789,0.0,38.59000015258789,38.41999816894531,38.45000076293945,0.0,549800
2017-05-12,25.137779235839844,0.0,38.65999984741211,0.0,38.65999984741211,38.52000045776367,38.540000915527344,0.0,661100
2017-05-15,25.267826080322266,0.0,38.86000061035156,0.0,38.880001068115234,38.779998779296875,38.81999969482422,0.0,203400
2017-05-16,25.27432632446289,0.0,38.869998931884766,0.0,38.900001525878906,38.779998779296875,38.790000915527344,0.0,481500
2017-05-17,25.18329429626465,0.0,38.72999954223633,0.0,38.880001068115234,38.72999954223633,38.81999969482422,0.0,757900
2017-05-18,25.098766326904297,0.0,38.599998474121094,0.0,38.66999816894531,38.540000915527344,38.540000915527344,0.0,730300
2017-05-19,25.248321533203125,0.0,38.83000183105469,0.0,38.83000183105469,38.709999084472656,38.75,0.0,236700
2017-05-22,25.27432632446289,0.0,38.869998931884766,0.0,38.95000076293945,38.86000061035156,38.880001068115234,0.0,288500
2017-05-23,25.222309112548828,0.0,38.790000915527344,0.0,38.93000030517578,38.77000045776367,38.88999938964844,0.0,207700
2017-05-24,25.319841384887695,0.0,38.939998626708984,0.0,38.95000076293945,38.75,38.77000045776367,0.0,625800
2017-05-25,25.326351165771484,0.0,38.95000076293945,0.0,39.029998779296875,38.939998626708984,38.95000076293945,0.0,220300
2017-05-26,25.365360260009766,0.0,39.0099983215332,0.0,39.04999923706055,38.95000076293945,38.959999084472656,0.0,258400
2017-05-30,25.365360260009766,0.0,39.0099983215332,0.0,39.02000045776367,38.869998931884766,38.939998626708984,0.0,213900
2017-05-31,25.44339370727539,0.0,39.130001068115234,0.0,39.20000076293945,39.08000183105469,39.18000030517578,0.0,541100
2017-06-01,25.677474975585938,0.0,39.4900016784668,0.0,39.5,39.33000183105469,39.38999938964844,0.0,785300
2017-06-02,25.866029739379883,0.0,39.779998779296875,0.0,39.81999969482422,39.599998474121094,39.61000061035156,0.0,463400
2017-06-05,25.794511795043945,0.0,39.66999816894531,0.0,39.689998626708984,39.59000015258789,39.63999938964844,0.0,581100
2017-06-06,25.755495071411133,0.0,39.61000061035156,0.0,39.619998931884766,39.560001373291016,39.59000015258789,0.0,331900
2017-06-07,25.859539031982422,0.0,39.77000045776367,0.0,39.79999923706055,39.65999984741211,39.68000030517578,0.0,311400
2017-06-08,25.755495071411133,0.0,39.61000061035156,0.0,39.619998931884766,39.459999084472656,39.560001373291016,0.0,1328200
2017-06-09,25.56692886352539,0.0,39.31999969482422,0.0,39.400001525878906,39.16999816894531,39.25,0.0,473900
2017-06-12,25.573436737060547,0.0,39.33000183105469,0.0,39.34000015258789,39.220001220703125,39.310001373291016,0.0,265800
2017-06-13,25.827028274536133,0.0,39.720001220703125,0.0,39.720001220703125,39.59000015258789,39.66999816894531,0.0,261100
2017-06-14,25.89204978942871,0.0,39.81999969482422,0.0,40.060001373291016,39.720001220703125,40.0,0.0,570700
2017-06-15,25.761993408203125,0.0,39.619998931884766,0.0,39.630001068115234,39.470001220703125,39.54999923706055,0.0,410700
2017-06-16,25.851940155029297,0.0,39.380001068115234,0.377,39.380001068115234,39.209999084472656,39.29999923706055,0.0,208400
2017-06-19,25.81911849975586,0.0,39.33000183105469,0.0,39.349998474121094,39.25,39.279998779296875,0.0,227200
2017-06-20,25.398969650268555,0.0,38.689998626708984,0.0,38.900001525878906,38.66999816894531,38.880001068115234,0.0,410700
2017-06-21,25.333328247070312,0.0,38.59000015258789,0.0,38.650001525878906,38.52000045776367,38.619998931884766,0.0,290000
2017-06-22,25.228282928466797,0.0,38.43000030517578,0.0,38.540000915527344,38.40999984741211,38.459999084472656,0.0,1047600
2017-06-23,25.339887619018555,0.0,38.599998474121094,0.0,38.619998931884766,38.52000045776367,38.56999969482422,0.0,230600
2017-06-26,25.287363052368164,0.0,38.52000045776367,0.0,38.70000076293945,38.5099983215332,38.619998931884766,0.0,418300
2017-06-27,25.15607452392578,0.0,38.31999969482422,0.0,38.43000030517578,38.279998779296875,38.43000030517578,0.0,475400
2017-06-28,25.182331085205078,0.0,38.36000061035156,0.0,38.38999938964844,38.29999923706055,38.36000061035156,0.0,1256500
2017-06-29,25.06416130065918,0.0,38.18000030517578,0.0,38.34000015258789,38.029998779296875,38.34000015258789,0.0,439200
2017-06-30,25.011653900146484,0.0,38.099998474121094,0.0,38.15999984741211,37.97999954223633,38.029998779296875,0.0,646300
2017-07-03,24.7884521484375,0.0,37.7599983215332,0.0,37.86000061035156,37.75,37.7599983215332,0.0,824400
2017-07-05,24.74906349182129,0.0,37.70000076293945,0.0,37.72999954223633,37.52000045776367,37.54999923706055,0.0,521100
2017-07-06,24.624330520629883,0.0,37.5099983215332,0.0,37.66999816894531,37.5099983215332,37.56999969482422,0.0,1489800
2017-07-07,24.59807014465332,0.0,37.470001220703125,0.0,37.529998779296875,37.349998474121094,37.38999938964844,0.0,406900
2017-07-10,24.644023895263672,0.0,37.540000915527344,0.0,37.560001373291016,37.45000076293945,37.45000076293945,0.0,254800
2017-07-11,24.4930362701416,0.0,37.310001373291016,0.0,37.349998474121094,37.130001068115234,37.18000030517578,0.0,313300
2017-07-12,24.663713455200195,0.0,37.56999969482422,0.0,37.59000015258789,37.34000015258789,37.34000015258789,0.0,559100
2017-07-13,24.77532958984375,0.0,37.7400016784668,0.0,37.779998779296875,37.68000030517578,37.689998626708984,0.0,222300
2017-07-14,25.110122680664062,0.0,38.25,0.0,38.279998779296875,38.06999969482422,38.09000015258789,0.0,342200
2017-07-17,25.05103874206543,0.0,38.15999984741211,0.0,38.25,38.11000061035156,38.189998626708984,0.0,285600
2017-07-18,25.287363052368164,0.0,38.52000045776367,0.0,38.529998779296875,38.47999954223633,38.5,0.0,248500
2017-07-19,25.46462059020996,0.0,38.790000915527344,0.0,38.849998474121094,38.72999954223633,38.779998779296875,0.0,830200
2017-07-20,25.57621192932129,0.0,38.959999084472656,0.0,38.97999954223633,38.83000183105469,38.869998931884766,0.0,1485300
2017-07-21,25.56965446472168,0.0,38.95000076293945,0.0,38.959999084472656,38.81999969482422,38.900001525878906,0.0,329800
2017-07-24,25.57621192932129,0.0,38.959999084472656,0.0,39.02000045776367,38.83000183105469,38.93000030517578,0.0,368100
2017-07-25,25.536832809448242,0.0,38.900001525878906,0.0,39.04999923706055,38.900001525878906,39.040000915527344,0.0,326000
2017-07-26,25.648418426513672,0.0,39.06999969482422,0.0,39.119998931884766,38.81999969482422,38.84000015258789,0.0,392300
2017-07-27,25.69438934326172,0.0,39.13999938964844,0.0,39.310001373291016,39.029998779296875,39.279998779296875,0.0,233600
2017-07-28,25.79285430908203,0.0,39.290000915527344,0.0,39.33000183105469,39.09000015258789,39.150001525878906,0.0,705400
2017-07-31,25.832239151000977,0.0,39.349998474121094,0.0,39.380001068115234,39.189998626708984,39.25,0.0,403000
2017-08-01,25.917583465576172,0.0,39.47999954223633,0.0,39.54999923706055,39.40999984741211,39.45000076293945,0.0,688000
2017-08-02,25.851940155029297,0.0,39.380001068115234,0.0,39.41999816894531,39.290000915527344,39.29999923706055,0.0,277800
2017-08-03,25.884765625,0.0,39.43000030517578,0.0,39.470001220703125,39.310001373291016,39.34000015258789,0.0,347300
2017-08-04,25.832239151000977,0.0,39.349998474121094,0.0,39.439998626708984,39.220001220703125,39.36000061035156,0.0,399900
2017-08-07,25.740331649780273,0.0,39.209999084472656,0.0,39.22999954223633,39.11000061035156,39.119998931884766,0.0,275300
2017-08-08,25.64186668395996,0.0,39.060001373291016,0.0,39.150001525878906,39.0,39.09000015258789,0.0,711600
2017-08-09,25.64186668395996,0.0,39.060001373291016,0.0,39.099998474121094,38.91999816894531,38.939998626708984,0.0,347500
2017-08-10,25.392406463623047,0.0,38.68000030517578,0.0,38.970001220703125,38.68000030517578,38.900001525878906,0.0,652300
2017-08-11,25.392406463623047,0.0,38.68000030517578,0.0,38.79999923706055,38.630001068115234,38.689998626708984,0.0,189400
2017-08-14,25.563087463378906,0.0,38.939998626708984,0.0,38.97999954223633,38.83000183105469,38.849998474121094,0.0,230000
2017-08-15,25.438352584838867,0.0,38.75,0.0,38.790000915527344,38.650001525878906,38.650001525878906,0.0,187200
2017-08-16,25.65499496459961,0.0,39.08000183105469,0.0,39.150001525878906,38.91999816894531,38.939998626708984,0.0,665400
2017-08-17,25.49087905883789,0.0,38.83000183105469,0.0,39.130001068115234,38.83000183105469,39.029998779296875,0.0,366100
2017-08-18,25.589345932006836,0.0,38.97999954223633,0.0,39.04999923706055,38.93000030517578,39.0099983215332,0.0,265700
2017-08-21,25.582786560058594,0.0,38.970001220703125,0.0,39.029998779296875,38.900001525878906,38.90999984741211,0.0,148800
2017-08-22,25.628738403320312,0.0,39.040000915527344,0.0,39.099998474121094,38.9900016784668,39.029998779296875,0.0,604100
2017-08-23,25.609039306640625,0.0,39.0099983215332,0.0,39.0099983215332,38.84000015258789,38.84000015258789,0.0,196500
2017-08-24,25.517133712768555,0.0,38.869998931884766,0.0,38.9900016784668,38.83000183105469,38.91999816894531,0.0,177600
2017-08-25,25.484310150146484,0.0,38.81999969482422,0.0,38.90999984741211,38.630001068115234,38.689998626708984,0.0,317000
2017-08-28,25.563087463378906,0.0,38.939998626708984,0.0,38.97999954223633,38.869998931884766,38.90999984741211,0.0,317500
2017-08-29,25.51056480407715,0.0,38.86000061035156,0.0,38.970001220703125,38.86000061035156,38.869998931884766,0.0,246500
2017-08-30,25.47118377685547,0.0,38.79999923706055,0.0,38.849998474121094,38.75,38.790000915527344,0.0,223900
2017-08-31,25.746902465820312,0.0,39.220001220703125,0.0,39.22999954223633,38.9900016784668,39.02000045776367,0.0,506800
2017-09-01,25.648418426513672,0.0,39.06999969482422,0.0,39.18000030517578,39.040000915527344,39.150001525878906,0.0,373700
2017-09-05,25.622175216674805,0.0,39.029998779296875,0.0,39.150001525878906,38.880001068115234,39.060001373291016,0.0,522600
2017-09-06,25.77971839904785,0.0,39.27000045776367,0.0,39.29999923706055,39.130001068115234,39.130001068115234,0.0,721800
2017-09-07,25.989788055419922,0.0,39.59000015258789,0.0,39.650001525878906,39.52000045776367,39.52000045776367,0.0,1164500
2017-09-08,26.0029239654541,0.0,39.61000061035156,0.0,39.709999084472656,39.61000061035156,39.65999984741211,0.0,401500
2017-09-11,25.996355056762695,0.0,39.599998474121094,0.0,39.70000076293945,39.54999923706055,39.630001068115234,0.0,504800
2017-09-12,25.884765625,0.0,39.43000030517578,0.0,39.52000045776367,39.43000030517578,39.43000030517578,0.0,852900
2017-09-13,25.69438934326172,0.0,39.13999938964844,0.0,39.34000015258789,39.119998931884766,39.31999969482422,0.0,184000
2017-09-14,25.746902465820312,0.0,39.220001220703125,0.0,39.25,39.09000015258789,39.09000015258789,0.0,200300
2017-09-15,25.830331802368164,0.0,39.0099983215332,0.336,39.04999923706055,38.91999816894531,38.9900016784668,0.0,288400
2017-09-18,25.757497787475586,0.0,38.900001525878906,0.0,39.060001373291016,38.84000015258789,38.97999954223633,0.0,282400
2017-09-19,25.678041458129883,0.0,38.779998779296875,0.0,38.84000015258789,38.709999084472656,38.84000015258789,0.0,316000
2017-09-20,25.6118221282959,0.0,38.68000030517578,0.0,38.90999984741211,38.47999954223633,38.83000183105469,0.0,440100
2017-09-21,25.433048248291016,0.0,38.40999984741211,0.0,38.529998779296875,38.40999984741211,38.47999954223633,0.0,529100
2017-09-22,25.54559898376465,0.0,38.58000183105469,0.0,38.63999938964844,38.5099983215332,38.59000015258789,0.0,310500
2017-09-25,25.406557083129883,0.0,38.369998931884766,0.0,38.459999084472656,38.310001373291016,38.439998626708984,0.0,330100
2017-09-26,25.353588104248047,0.0,38.290000915527344,0.0,38.41999816894531,38.20000076293945,38.369998931884766,0.0,489300
2017-09-27,25.241016387939453,0.0,38.119998931884766,0.0,38.130001068115234,38.0,38.04999923706055,0.0,749400
2017-09-28,25.234405517578125,0.0,38.11000061035156,0.0,38.130001068115234,37.9900016784668,37.9900016784668,0.0,564000
2017-09-29,25.413179397583008,0.0,38.380001068115234,0.0,38.439998626708984,38.25,38.310001373291016,0.0,256000
2017-10-02,25.353588104248047,0.0,38.290000915527344,0.0,38.369998931884766,38.2400016784668,38.2599983215332,0.0,521700
2017-10-03,25.47277069091797,0.0,38.470001220703125,0.0,38.470001220703125,38.29999923706055,38.34000015258789,0.0,502700
2017-10-04,25.34033966064453,0.0,38.27000045776367,0.0,38.310001373291016,38.18000030517578,38.2599983215332,0.0,275900
2017-10-05,25.30723762512207,0.0,38.220001220703125,0.0,38.29999923706055,38.189998626708984,38.189998626708984,0.0,1277800
2017-10-06,25.260887145996094,0.0,38.150001525878906,0.0,38.15999984741211,37.93000030517578,38.0,0.0,264500
2017-10-09,25.267507553100586,0.0,38.15999984741211,0.0,38.2599983215332,38.13999938964844,38.220001220703125,0.0,429000
2017-10-10,25.4462890625,0.0,38.43000030517578,0.0,38.470001220703125,38.33000183105469,38.33000183105469,0.0,367300
2017-10-11,25.591957092285156,0.0,38.650001525878906,0.0,38.650001525878906,38.5,38.5,0.0,505900
2017-10-12,25.605199813842773,0.0,38.66999816894531,0.0,38.7400016784668,38.599998474121094,38.599998474121094,0.0,283500
2017-10-13,25.678041458129883,0.0,38.779998779296875,0.0,38.91999816894531,38.77000045776367,38.849998474121094,0.0,362100
2017-10-16,25.644929885864258,0.0,38.72999954223633,0.0,38.81999969482422,38.70000076293945,38.81999969482422,0.0,282400
2017-10-17,25.618444442749023,0.0,38.689998626708984,0.0,38.72999954223633,38.599998474121094,38.65999984741211,0.0,281900
2017-10-18,25.731006622314453,0.0,38.86000061035156,0.0,38.93000030517578,38.779998779296875,38.810001373291016,0.0,485700
2017-10-19,25.697898864746094,0.0,38.810001373291016,0.0,38.810001373291016,38.709999084472656,38.75,0.0,307200
2017-10-20,25.585330963134766,0.0,38.63999938964844,0.0,38.68000030517578,38.54999923706055,38.68000030517578,0.0,1667200
2017-10-23,25.360200881958008,0.0,38.29999923706055,0.0,38.439998626708984,38.290000915527344,38.439998626708984,0.0,419500
2017-10-24,25.399934768676758,0.0,38.36000061035156,0.0,38.43000030517578,38.310001373291016,38.400001525878906,0.0,258400
2017-10-25,25.2012939453125,0.0,38.060001373291016,0.0,38.15999984741211,37.900001525878906,38.11000061035156,0.0,466400
2017-10-26,25.161558151245117,0.0,38.0,0.0,38.18000030517578,38.0,38.11000061035156,0.0,471900
2017-10-27,25.274124145507812,0.0,38.16999816894531,0.0,38.20000076293945,38.0,38.04999923706055,0.0,358300
2017-10-30,25.300615310668945,0.0,38.209999084472656,0.0,38.209999084472656,38.04999923706055,38.04999923706055,0.0,576700
2017-10-31,25.47277069091797,0.0,38.470001220703125,0.0,38.470001220703125,38.27000045776367,38.279998779296875,0.0,462100
2017-11-01,25.360200881958008,0.0,38.29999923706055,0.0,38.45000076293945,38.279998779296875,38.38999938964844,0.0,505800
2017-11-02,25.45953369140625,0.0,38.45000076293945,0.0,38.47999954223633,38.380001068115234,38.41999816894531,0.0,387300
2017-11-03,25.49263572692871,0.0,38.5,0.0,38.560001373291016,38.380001068115234,38.52000045776367,0.0,321700
2017-11-06,25.499267578125,0.0,38.5099983215332,0.0,38.52000045776367,38.2400016784668,38.290000915527344,0.0,520400
2017-11-07,25.433048248291016,0.0,38.40999984741211,0.0,38.4900016784668,38.349998474121094,38.459999084472656,0.0,256800
2017-11-08,25.67142105102539,0.0,38.77000045776367,0.0,38.790000915527344,38.630001068115234,38.650001525878906,0.0,275000
2017-11-09,25.6118221282959,0.0,38.68000030517578,0.0,38.7599983215332,38.54999923706055,38.61000061035156,0.0,2157200
2017-11-10,25.56547737121582,0.0,38.61000061035156,0.0,38.68000030517578,38.560001373291016,38.599998474121094,0.0,601900
2017-11-13,25.439661026000977,0.0,38.41999816894531,0.0,38.45000076293945,38.2400016784668,38.29999923706055,0.0,194700
2017-11-14,25.45953369140625,0.0,38.45000076293945,0.0,38.47999954223633,38.36000061035156,38.43000030517578,0.0,324200
2017-11-15,25.426427841186523,0.0,38.400001525878906,0.0,38.400001525878906,38.22999954223633,38.279998779296875,0.0,644200
2017-11-16,25.664796829223633,0.0,38.7599983215332,0.0,38.810001373291016,38.61000061035156,38.65999984741211,0.0,235400
2017-11-17,25.658170700073242,0.0,38.75,0.0,38.849998474121094,38.7400016784668,38.79999923706055,0.0,318500
2017-11-20,25.724384307861328,0.0,38.849998474121094,0.0,38.95000076293945,38.849998474121094,38.90999984741211,0.0,283900
2017-11-21,25.876678466796875,0.0,39.08000183105469,0.0,39.209999084472656,39.08000183105469,39.09000015258789,0.0,1933700
2017-11-22,25.936277389526367,0.0,39.16999816894531,0.0,39.220001220703125,39.060001373291016,39.13999938964844,0.0,307900
2017-11-24,26.055461883544922,0.0,39.349998474121094,0.0,39.400001525878906,39.349998474121094,39.380001068115234,0.0,385600
2017-11-27,26.02897834777832,0.0,39.310001373291016,0.0,39.47999954223633,39.290000915527344,39.45000076293945,0.0,521100
2017-11-28,26.14153480529785,0.0,39.47999954223633,0.0,39.5,39.33000183105469,39.36000061035156,0.0,1195200
2017-11-29,25.969377517700195,0.0,39.220001220703125,0.0,39.380001068115234,39.150001525878906,39.349998474121094,0.0,529600
2017-11-30,26.095186233520508,0.0,39.40999984741211,0.0,39.529998779296875,39.38999938964844,39.40999984741211,0.0,399200
2017-12-01,26.095186233520508,0.0,39.40999984741211,0.0,39.41999816894531,39.2400016784668,39.31999969482422,0.0,614500
2017-12-04,25.99586296081543,0.0,39.2599983215332,0.0,39.45000076293945,39.22999954223633,39.439998626708984,0.0,422400
2017-12-05,26.095186233520508,0.0,39.40999984741211,0.0,39.560001373291016,39.38999938964844,39.45000076293945,0.0,377400
2017-12-06,26.14153480529785,0.0,39.47999954223633,0.0,39.540000915527344,39.41999816894531,39.4900016784668,0.0,323600
2017-12-07,26.161401748657227,0.0,39.5099983215332,0.0,39.52000045776367,39.290000915527344,39.34000015258789,0.0,1709100
2017-12-08,26.26072883605957,0.0,39.65999984741211,0.0,39.65999984741211,39.529998779296875,39.599998474121094,0.0,424200
2017-12-11,26.214365005493164,0.0,39.59000015258789,0.0,39.63999938964844,39.54999923706055,39.54999923706055,0.0,634600
2017-12-12,26.293827056884766,0.0,39.709999084472656,0.0,39.7599983215332,39.630001068115234,39.66999816894531,0.0,650700
2017-12-13,26.54545021057129,0.0,40.09000015258789,0.0,40.15999984741211,39.90999984741211,39.939998626708984,0.0,784000
2017-12-14,26.55206871032715,0.0,40.099998474121094,0.0,40.20000076293945,40.06999969482422,40.11000061035156,0.0,474600
2017-12-15,26.53276252746582,0.0,39.86000061035156,0.211,39.93000030517578,39.779998779296875,39.84000015258789,0.0,473000
2017-12-18,26.792369842529297,0.0,40.25,0.0,40.36000061035156,40.189998626708984,40.20000076293945,0.0,726300
2017-12-19,26.70583152770996,0.0,40.119998931884766,0.0,40.22999954223633,40.06999969482422,40.189998626708984,0.0,587400
2017-12-20,26.659238815307617,0.0,40.04999923706055,0.0,40.130001068115234,39.970001220703125,40.060001373291016,0.0,930500
2017-12-21,26.679210662841797,0.0,40.08000183105469,0.0,40.099998474121094,39.939998626708984,39.95000076293945,0.0,4239000
2017-12-22,26.665897369384766,0.0,40.060001373291016,0.0,40.060001373291016,39.880001068115234,39.900001525878906,0.0,329900
2017-12-26,26.70583152770996,0.0,40.119998931884766,0.0,40.130001068115234,40.029998779296875,40.060001373291016,0.0,323900
2017-12-27,26.878902435302734,0.0,40.380001068115234,0.0,40.400001525878906,40.25,40.279998779296875,0.0,347500
2017-12-28,26.972089767456055,0.0,40.52000045776367,0.0,40.59000015258789,40.47999954223633,40.52000045776367,0.0,466900
2017-12-29,26.95212745666504,0.0,40.4900016784668,0.0,40.66999816894531,40.439998626708984,40.650001525878906,0.0,1037100
2018-01-02,27.11187744140625,0.0,40.72999954223633,0.0,40.72999954223633,40.540000915527344,40.540000915527344,0.0,431200
2018-01-03,27.264984130859375,0.0,40.959999084472656,0.0,40.959999084472656,40.77000045776367,40.77000045776367,0.0,362200
2018-01-04,27.22504997253418,0.0,40.900001525878906,0.0,40.90999984741211,40.779998779296875,40.810001373291016,0.0,270900
2018-01-05,27.344860076904297,0.0,41.08000183105469,0.0,41.08000183105469,40.84000015258789,40.90999984741211,0.0,1356300
2018-01-08,27.35152244567871,0.0,41.09000015258789,0.0,41.099998474121094,41.0,41.060001373291016,0.0,259100
2018-01-09,27.39145278930664,0.0,41.150001525878906,0.0,41.20000076293945,41.08000183105469,41.11000061035156,0.0,457000
2018-01-10,27.205068588256836,0.0,40.869998931884766,0.0,40.88999938964844,40.75,40.88999938964844,0.0,1976500
2018-01-11,27.171781539916992,0.0,40.81999969482422,0.0,40.88999938964844,40.72999954223633,40.790000915527344,0.0,1272700
2018-01-12,27.364830017089844,0.0,41.11000061035156,0.0,41.119998931884766,40.88999938964844,40.90999984741211,0.0,372400
2018-01-16,27.45136070251465,0.0,41.2400016784668,0.0,41.36000061035156,41.20000076293945,41.25,0.0,366000
2018-01-17,27.6444034576416,0.0,41.529998779296875,0.0,41.709999084472656,41.369998931884766,41.45000076293945,0.0,584200
2018-01-18,27.61111831665039,0.0,41.47999954223633,0.0,41.52000045776367,41.380001068115234,41.380001068115234,0.0,570200
2018-01-19,27.6444034576416,0.0,41.529998779296875,0.0,41.599998474121094,41.45000076293945,41.560001373291016,0.0,307700
2018-01-22,27.82412338256836,0.0,41.79999923706055,0.0,41.810001373291016,41.47999954223633,41.47999954223633,0.0,1444000
2018-01-23,27.937280654907227,0.0,41.970001220703125,0.0,41.97999954223633,41.79999923706055,41.79999923706055,0.0,791400
2018-01-24,28.110353469848633,0.0,42.22999954223633,0.0,42.400001525878906,42.150001525878906,42.29999923706055,0.0,665200
2018-01-25,28.017168045043945,0.0,42.09000015258789,0.0,42.38999938964844,41.959999084472656,42.310001373291016,0.0,828900
2018-01-26,28.256799697875977,0.0,42.45000076293945,0.0,42.540000915527344,42.33000183105469,42.380001068115234,0.0,362900
2018-01-29,27.830780029296875,0.0,41.810001373291016,0.0,41.95000076293945,41.779998779296875,41.91999816894531,0.0,460600
2018-01-30,27.697656631469727,0.0,41.61000061035156,0.0,41.849998474121094,41.52000045776367,41.77000045776367,0.0,419000
2018-01-31,27.9971923828125,0.0,42.060001373291016,0.0,42.060001373291016,41.75,41.91999816894531,0.0,773700
2018-02-01,27.671024322509766,0.0,41.56999969482422,0.0,41.650001525878906,41.4900016784668,41.52000045776367,0.0,542400
2018-02-02,27.105224609375,0.0,40.720001220703125,0.0,41.06999969482422,40.68000030517578,41.0,0.0,753400
2018-02-05,26.15334701538086,0.0,39.290000915527344,0.0,40.29999923706055,39.20000076293945,40.119998931884766,0.0,1553300
2018-02-06,26.499483108520508,0.0,39.810001373291016,0.0,39.90999984741211,38.959999084472656,38.9900016784668,0.0,1047900
2018-02-07,26.239883422851562,0.0,39.41999816894531,0.0,39.91999816894531,39.41999816894531,39.630001068115234,0.0,1176500
2018-02-08,25.640806198120117,0.0,38.52000045776367,0.0,39.47999954223633,38.5099983215332,39.459999084472656,0.0,2161800
2018-02-09,25.86712074279785,0.0,38.86000061035156,0.0,39.04999923706055,38.06999969482422,38.86000061035156,0.0,1264700
2018-02-12,26.080127716064453,0.0,39.18000030517578,0.0,39.29999923706055,38.88999938964844,39.02000045776367,0.0,808400
2018-02-13,26.15999984741211,0.0,39.29999923706055,0.0,39.33000183105469,39.04999923706055,39.04999923706055,0.0,444900
2018-02-14,26.319765090942383,0.0,39.540000915527344,0.0,39.54999923706055,38.88999938964844,38.91999816894531,0.0,594000
2018-02-15,26.41295051574707,0.0,39.68000030517578,0.0,39.70000076293945,39.38999938964844,39.59000015258789,0.0,352500
2018-02-16,26.566043853759766,0.0,39.90999984741211,0.0,40.06999969482422,39.779998779296875,39.810001373291016,0.0,384900
2018-02-20,26.43292236328125,0.0,39.709999084472656,0.0,39.900001525878906,39.61000061035156,39.79999923706055,0.0,375400
2018-02-21,26.21991539001465,0.0,39.38999938964844,0.0,39.939998626708984,39.38999938964844,39.75,0.0,814700
2018-02-22,26.293132781982422,0.0,39.5,0.0,39.790000915527344,39.4900016784668,39.52000045776367,0.0,1428700
2018-02-23,26.692522048950195,0.0,40.099998474121094,0.0,40.130001068115234,39.90999984741211,39.93000030517578,0.0,340500
2018-02-26,26.97875213623047,0.0,40.529998779296875,0.0,40.540000915527344,40.22999954223633,40.310001373291016,0.0,380500
2018-02-27,26.392982482910156,0.0,39.650001525878906,0.0,40.16999816894531,39.63999938964844,40.11000061035156,0.0,854000
2018-02-28,26.12006187438965,0.0,39.2400016784668,0.0,39.689998626708984,39.2400016784668,39.61000061035156,0.0,957000
2018-03-01,26.04019546508789,0.0,39.119998931884766,0.0,39.540000915527344,38.93000030517578,39.349998474121094,0.0,608200
2018-03-02,26.29978370666504,0.0,39.5099983215332,0.0,39.529998779296875,39.119998931884766,39.189998626708984,0.0,501200
2018-03-05,26.3530330657959,0.0,39.59000015258789,0.0,39.65999984741211,39.2400016784668,39.25,0.0,537900
2018-03-06,26.359689712524414,0.0,39.599998474121094,0.0,39.689998626708984,39.5099983215332,39.630001068115234,0.0,335100
2018-03-07,26.49281883239746,0.0,39.79999923706055,0.0,39.84000015258789,39.54999923706055,39.65999984741211,0.0,318900
2018-03-08,26.605987548828125,0.0,39.970001220703125,0.0,39.97999954223633,39.779998779296875,39.880001068115234,0.0,1296700
2018-03-09,26.64592933654785,0.0,40.029998779296875,0.0,40.04999923706055,39.86000061035156,39.90999984741211,0.0,448900
2018-03-12,26.566043853759766,0.0,39.90999984741211,0.0,39.959999084472656,39.83000183105469,39.869998931884766,0.0,794200
2018-03-13,26.46620750427246,0.0,39.7599983215332,0.0,40.16999816894531,39.709999084472656,40.04999923706055,0.0,375700
2018-03-14,26.639266967773438,0.0,40.02000045776367,0.0,40.20000076293945,39.91999816894531,40.13999938964844,0.0,260700
2018-03-15,26.619300842285156,0.0,39.9900016784668,0.0,40.16999816894531,39.93000030517578,40.060001373291016,0.0,193800
2018-03-16,26.55306625366211,0.0,39.689998626708984,0.201,39.869998931884766,39.689998626708984,39.7599983215332,0.0,183600
2018-03-19,26.666793823242188,0.0,39.86000061035156,0.0,39.880001068115234,39.650001525878906,39.83000183105469,0.0,207300
2018-03-20,26.65342140197754,0.0,39.84000015258789,0.0,39.93000030517578,39.779998779296875,39.86000061035156,0.0,156100
2018-03-21,26.700252532958984,0.0,39.90999984741211,0.0,40.02000045776367,39.709999084472656,39.709999084472656,0.0,224300
2018-03-22,26.3724365234375,0.0,39.41999816894531,0.0,39.81999969482422,39.41999816894531,39.63999938964844,0.0,2007600
2018-03-23,26.19849395751953,0.0,39.15999984741211,0.0,39.77000045776367,39.15999984741211,39.66999816894531,0.0,1342600
2018-03-26,26.499542236328125,0.0,39.61000061035156,0.0,39.709999084472656,39.27000045776367,39.58000183105469,0.0,1477900
2018-03-27,26.345670700073242,0.0,39.380001068115234,0.0,39.7599983215332,39.2400016784668,39.650001525878906,0.0,489700
2018-03-28,26.546390533447266,0.0,39.68000030517578,0.0,39.880001068115234,39.52000045776367,39.619998931884766,0.0,284900
2018-03-29,26.77384376525879,0.0,40.02000045776367,0.0,40.20000076293945,39.900001525878906,39.939998626708984,0.0,641500
2018-04-02,26.546390533447266,0.0,39.68000030517578,0.0,40.04999923706055,39.5099983215332,40.029998779296875,0.0,1240400
2018-04-03,26.700252532958984,0.0,39.90999984741211,0.0,39.93000030517578,39.689998626708984,39.91999816894531,0.0,433000
2018-04-04,26.947778701782227,0.0,40.279998779296875,0.0,40.29999923706055,39.66999816894531,39.66999816894531,0.0,459400
2018-04-05,26.9210262298584,0.0,40.2400016784668,0.0,40.34000015258789,40.15999984741211,40.279998779296875,0.0,568600
2018-04-06,26.807296752929688,0.0,40.06999969482422,0.0,40.36000061035156,39.959999084472656,40.16999816894531,0.0,481100
2018-04-09,26.994619369506836,0.0,40.349998474121094,0.0,40.599998474121094,40.34000015258789,40.41999816894531,0.0,303700
2018-04-10,27.175243377685547,0.0,40.619998931884766,0.0,40.689998626708984,40.5,40.58000183105469,0.0,466200
2018-04-11,27.135101318359375,0.0,40.560001373291016,0.0,40.70000076293945,40.40999984741211,40.40999984741211,0.0,715200
2018-04-12,27.12841796875,0.0,40.54999923706055,0.0,40.63999938964844,40.5099983215332,40.5099983215332,0.0,675700
2018-04-13,27.108356475830078,0.0,40.52000045776367,0.0,40.560001373291016,40.400001525878906,40.529998779296875,0.0,319000
2018-04-16,27.094970703125,0.0,40.5,0.0,40.54999923706055,40.41999816894531,40.5,0.0,464600
2018-04-17,27.28228187561035,0.0,40.779998779296875,0.0,40.86000061035156,40.54999923706055,40.63999938964844,0.0,706900
2018-04-18,27.362567901611328,0.0,40.900001525878906,0.0,40.9900016784668,40.810001373291016,40.880001068115234,0.0,229900
2018-04-19,27.21538543701172,0.0,40.68000030517578,0.0,40.91999816894531,40.59000015258789,40.810001373291016,0.0,440600
2018-04-20,27.175243377685547,0.0,40.619998931884766,0.0,40.619998931884766,40.459999084472656,40.529998779296875,0.0,1867800
2018-04-23,26.994619369506836,0.0,40.349998474121094,0.0,40.439998626708984,40.2400016784668,40.439998626708984,0.0,390500
2018-04-24,26.954477310180664,0.0,40.290000915527344,0.0,40.47999954223633,40.18000030517578,40.45000076293945,0.0,455700
2018-04-25,26.874191284179688,0.0,40.16999816894531,0.0,40.25,40.06999969482422,40.18000030517578,0.0,435000
2018-04-26,27.11503791809082,0.0,40.529998779296875,0.0,40.599998474121094,40.41999816894531,40.470001220703125,0.0,471000
2018-04-27,27.262224197387695,0.0,40.75,0.0,40.779998779296875,40.56999969482422,40.61000061035156,0.0,246100
2018-04-30,27.302364349365234,0.0,40.810001373291016,0.0,40.97999954223633,40.7400016784668,40.869998931884766,0.0,676200
2018-05-01,27.248838424682617,0.0,40.72999954223633,0.0,40.79999923706055,40.540000915527344,40.70000076293945,0.0,864800
2018-05-02,27.034757614135742,0.0,40.40999984741211,0.0,40.720001220703125,40.38999938964844,40.61000061035156,0.0,499300
2018-05-03,27.161876678466797,0.0,40.599998474121094,0.0,40.61000061035156,40.22999954223633,40.40999984741211,0.0,488500
2018-05-04,27.12841796875,0.0,40.54999923706055,0.0,40.599998474121094,40.16999816894531,40.16999816894531,0.0,198400
2018-05-07,27.108356475830078,0.0,40.52000045776367,0.0,40.619998931884766,40.459999084472656,40.54999923706055,0.0,225800
2018-05-08,27.12841796875,0.0,40.54999923706055,0.0,40.56999969482422,40.369998931884766,40.459999084472656,0.0,1217800
2018-05-09,27.054828643798828,0.0,40.439998626708984,0.0,40.4900016784668,40.34000015258789,40.349998474121094,0.0,482800
2018-05-10,27.22877311706543,0.0,40.70000076293945,0.0,40.79999923706055,40.59000015258789,40.650001525878906,0.0,253800
2018-05-11,27.26890754699707,0.0,40.7599983215332,0.0,40.95000076293945,40.7599983215332,40.86000061035156,0.0,439500
2018-05-14,27.355880737304688,0.0,40.88999938964844,0.0,41.099998474121094,40.880001068115234,41.06999969482422,0.0,315200
2018-05-15,27.014686584472656,0.0,40.380001068115234,0.0,40.43000030517578,40.2400016784668,40.40999984741211,0.0,330000
2018-05-16,26.887569427490234,0.0,40.189998626708984,0.0,40.2400016784668,40.099998474121094,40.16999816894531,0.0,605600
2018-05-17,26.753768920898438,0.0,39.9900016784668,0.0,40.099998474121094,39.90999984741211,40.099998474121094,0.0,492100
2018-05-18,26.673494338989258,0.0,39.869998931884766,0.0,39.939998626708984,39.84000015258789,39.86000061035156,0.0,384700
2018-05-21,26.84743309020996,0.0,40.130001068115234,0.0,40.130001068115234,39.970001220703125,40.040000915527344,0.0,339900
2018-05-22,26.780529022216797,0.0,40.029998779296875,0.0,40.29999923706055,40.029998779296875,40.20000076293945,0.0,1060100
2018-05-23,26.82736587524414,0.0,40.099998474121094,0.0,40.099998474121094,39.849998474121094,39.86000061035156,0.0,480200
2018-05-24,26.874191284179688,0.0,40.16999816894531,0.0,40.220001220703125,40.0,40.150001525878906,0.0,248700
2018-05-25,26.84743309020996,0.0,40.130001068115234,0.0,40.16999816894531,40.04999923706055,40.09000015258789,0.0,286300
2018-05-29,26.586523056030273,0.0,39.7400016784668,0.0,39.84000015258789,39.54999923706055,39.709999084472656,0.0,547100
2018-05-30,26.860820770263672,0.0,40.150001525878906,0.0,40.20000076293945,39.939998626708984,39.97999954223633,0.0,944800
2018-05-31,26.747081756591797,0.0,39.97999954223633,0.0,40.099998474121094,39.88999938964844,39.959999084472656,0.0,580200
2018-06-01,26.74039077758789,0.0,39.970001220703125,0.0,40.08000183105469,39.90999984741211,39.97999954223633,0.0,775900
2018-06-04,26.967859268188477,0.0,40.310001373291016,0.0,40.54999923706055,40.29999923706055,40.400001525878906,0.0,512000
2018-06-05,26.941097259521484,0.0,40.27000045776367,0.0,40.349998474121094,40.220001220703125,40.25,0.0,402800
2018-06-06,27.11503791809082,0.0,40.529998779296875,0.0,40.529998779296875,40.40999984741211,40.529998779296875,0.0,435300
2018-06-07,26.90764045715332,0.0,40.220001220703125,0.0,40.459999084472656,40.220001220703125,40.41999816894531,0.0,626900
2018-06-08,26.96117401123047,0.0,40.29999923706055,0.0,40.349998474121094,40.16999816894531,40.290000915527344,0.0,128300
2018-06-11,26.90764045715332,0.0,40.220001220703125,0.0,40.349998474121094,40.20000076293945,40.20000076293945,0.0,259700
2018-06-12,26.787227630615234,0.0,40.040000915527344,0.0,40.189998626708984,39.97999954223633,40.09000015258789,0.0,454300
2018-06-13,26.74039077758789,0.0,39.970001220703125,0.0,40.119998931884766,39.779998779296875,40.04999923706055,0.0,331400
2018-06-14,26.640045166015625,0.0,39.81999969482422,0.0,39.9900016784668,39.790000915527344,39.959999084472656,0.0,343700
2018-06-15,26.619110107421875,0.0,39.43000030517578,0.359,39.459999084472656,39.31999969482422,39.349998474121094,0.0,411400
2018-06-18,26.477336883544922,0.0,39.220001220703125,0.0,39.2599983215332,39.119998931884766,39.20000076293945,0.0,411300
2018-06-19,26.335561752319336,0.0,39.0099983215332,0.0,39.029998779296875,38.81999969482422,38.81999969482422,0.0,237700
2018-06-20,26.409832000732422,0.0,39.119998931884766,0.0,39.2400016784668,39.09000015258789,39.2400016784668,0.0,266800
2018-06-21,26.288312911987305,0.0,38.939998626708984,0.0,39.11000061035156,38.93000030517578,39.040000915527344,0.0,824400
2018-06-22,26.53809356689453,0.0,39.310001373291016,0.0,39.45000076293945,39.279998779296875,39.43000030517578,0.0,303600
2018-06-25,26.362577438354492,0.0,39.04999923706055,0.0,39.209999084472656,38.9900016784668,39.13999938964844,0.0,274200
2018-06-26,26.470590591430664,0.0,39.209999084472656,0.0,39.310001373291016,39.18000030517578,39.279998779296875,0.0,501600
2018-06-27,26.153297424316406,0.0,38.7400016784668,0.0,39.15999984741211,38.7400016784668,39.06999969482422,0.0,573100
2018-06-28,26.234304428100586,0.0,38.86000061035156,0.0,38.900001525878906,38.709999084472656,38.77000045776367,0.0,1087300
2018-06-29,26.423330307006836,0.0,39.13999938964844,0.0,39.22999954223633,39.09000015258789,39.09000015258789,0.0,670600
2018-07-02,26.234304428100586,0.0,38.86000061035156,0.0,38.88999938964844,38.650001525878906,38.68000030517578,0.0,671900
2018-07-03,26.38957977294922,0.0,39.09000015258789,0.0,39.189998626708984,39.040000915527344,39.119998931884766,0.0,179000
2018-07-05,26.571861267089844,0.0,39.36000061035156,0.0,39.45000076293945,39.290000915527344,39.380001068115234,0.0,361300
2018-07-06,26.754133224487305,0.0,39.630001068115234,0.0,39.7400016784668,39.529998779296875,39.529998779296875,0.0,596100
2018-07-09,26.875646591186523,0.0,39.810001373291016,0.0,39.939998626708984,39.77000045776367,39.869998931884766,0.0,452000
2018-07-10,26.801387786865234,0.0,39.70000076293945,0.0,39.70000076293945,39.630001068115234,39.630001068115234,0.0,273400
2018-07-11,26.450342178344727,0.0,39.18000030517578,0.0,39.52000045776367,39.130001068115234,39.439998626708984,0.0,858900
2018-07-12,26.592117309570312,0.0,39.38999938964844,0.0,39.439998626708984,39.31999969482422,39.33000183105469,0.0,448900
2018-07-13,26.605613708496094,0.0,39.40999984741211,0.0,39.43000030517578,39.29999923706055,39.33000183105469,0.0,431300
2018-07-16,26.592117309570312,0.0,39.38999938964844,0.0,39.470001220703125,39.34000015258789,39.40999984741211,0.0,168500
2018-07-17,26.598859786987305,0.0,39.400001525878906,0.0,39.459999084472656,39.25,39.25,0.0,291400
2018-07-18,26.578603744506836,0.0,39.369998931884766,0.0,39.459999084472656,39.29999923706055,39.29999923706055,0.0,175600
2018-07-19,26.430089950561523,0.0,39.150001525878906,0.0,39.25,38.97999954223633,38.97999954223633,0.0,391000
2018-07-20,26.720369338989258,0.0,39.58000183105469,0.0,39.58000183105469,39.33000183105469,39.33000183105469,0.0,1236000
2018-07-23,26.592117309570312,0.0,39.38999938964844,0.0,39.40999984741211,39.310001373291016,39.36000061035156,0.0,353300
2018-07-24,26.67987823486328,0.0,39.52000045776367,0.0,39.68000030517578,39.459999084472656,39.529998779296875,0.0,405800
2018-07-25,26.841890335083008,0.0,39.7599983215332,0.0,39.869998931884766,39.5,39.560001373291016,0.0,393900
2018-07-26,26.619110107421875,0.0,39.43000030517578,0.0,39.56999969482422,39.380001068115234,39.47999954223633,0.0,349600
2018-07-27,26.659618377685547,0.0,39.4900016784668,0.0,39.65999984741211,39.459999084472656,39.560001373291016,0.0,204600
2018-07-30,26.706871032714844,0.0,39.560001373291016,0.0,39.68000030517578,39.54999923706055,39.54999923706055,0.0,184900
2018-07-31,26.82839012145996,0.0,39.7400016784668,0.0,39.83000183105469,39.68000030517578,39.75,0.0,235600
2018-08-01,26.666366577148438,0.0,39.5,0.0,39.54999923706055,39.36000061035156,39.54999923706055,0.0,469900
2018-08-02,26.592117309570312,0.0,39.38999938964844,0.0,39.41999816894531,39.189998626708984,39.189998626708984,0.0,268000
2018-08-03,26.70012092590332,0.0,39.54999923706055,0.0,39.560001373291016,39.310001373291016,39.310001373291016,0.0,325300
2018-08-06,26.578603744506836,0.0,39.369998931884766,0.0,39.41999816894531,39.25,39.27000045776367,0.0,268300
2018-08-07,26.666366577148438,0.0,39.5,0.0,39.619998931884766,39.27000045776367,39.27000045776367,0.0,370900
2018-08-08,26.6461181640625,0.0,39.470001220703125,0.0,39.56999969482422,39.40999984741211,39.40999984741211,0.0,1652000
2018-08-09,26.55160903930664,0.0,39.33000183105469,0.0,39.5,39.29999923706055,39.41999816894531,0.0,281400
2018-08-10,26.173547744750977,0.0,38.77000045776367,0.0,38.88999938964844,38.70000076293945,38.77000045776367,0.0,717600
2018-08-13,26.052026748657227,0.0,38.59000015258789,0.0,38.75,38.540000915527344,38.72999954223633,0.0,585000
2018-08-14,25.98452377319336,0.0,38.4900016784668,0.0,38.56999969482422,38.41999816894531,38.5099983215332,0.0,148400
2018-08-15,25.842758178710938,0.0,38.279998779296875,0.0,38.34000015258789,38.11000061035156,38.130001068115234,0.0,645400
2018-08-16,26.025026321411133,0.0,38.54999923706055,0.0,38.66999816894531,38.529998779296875,38.560001373291016,0.0,299200
2018-08-17,26.193803787231445,0.0,38.79999923706055,0.0,38.880001068115234,38.52000045776367,38.52000045776367,0.0,318400
2018-08-20,26.369333267211914,0.0,39.060001373291016,0.0,39.06999969482422,38.959999084472656,38.959999084472656,0.0,275300
2018-08-21,26.416584014892578,0.0,39.130001068115234,0.0,39.22999954223633,39.06999969482422,39.11000061035156,0.0,526800
2018-08-22,26.463844299316406,0.0,39.20000076293945,0.0,39.34000015258789,39.20000076293945,39.2400016784668,0.0,1002700
2018-08-23,26.30181121826172,0.0,38.959999084472656,0.0,39.150001525878906,38.91999816894531,39.06999969482422,0.0,1157800
2018-08-24,26.430089950561523,0.0,39.150001525878906,0.0,39.20000076293945,39.040000915527344,39.040000915527344,0.0,332200
2018-08-27,26.63936424255371,0.0,39.459999084472656,0.0,39.529998779296875,39.400001525878906,39.400001525878906,0.0,500400
2018-08-28,26.673114776611328,0.0,39.5099983215332,0.0,39.66999816894531,39.5,39.599998474121094,0.0,342100
2018-08-29,26.82164192199707,0.0,39.72999954223633,0.0,39.72999954223633,39.5099983215332,39.5099983215332,0.0,555700
2018-08-30,26.517841339111328,0.0,39.279998779296875,0.0,39.34000015258789,39.189998626708984,39.20000076293945,0.0,819600
2018-08-31,26.477336883544922,0.0,39.220001220703125,0.0,39.40999984741211,39.09000015258789,39.189998626708984,0.0,341700
2018-09-04,26.173547744750977,0.0,38.77000045776367,0.0,38.810001373291016,38.650001525878906,38.70000076293945,0.0,943800
2018-09-05,26.058780670166016,0.0,38.599998474121094,0.0,38.66999816894531,38.4900016784668,38.66999816894531,0.0,603700
2018-09-06,26.031776428222656,0.0,38.560001373291016,0.0,38.689998626708984,38.459999084472656,38.599998474121094,0.0,604500
2018-09-07,25.856252670288086,0.0,38.29999923706055,0.0,38.470001220703125,38.2599983215332,38.380001068115234,0.0,295900
2018-09-10,25.883256912231445,0.0,38.34000015258789,0.0,38.41999816894531,38.31999969482422,38.40999984741211,0.0,259100
2018-09-11,25.977764129638672,0.0,38.47999954223633,0.0,38.5,38.2400016784668,38.33000183105469,0.0,446600
2018-09-12,26.119529724121094,0.0,38.689998626708984,0.0,38.77000045776367,38.56999969482422,38.599998474121094,0.0,563000
2018-09-13,26.21404266357422,0.0,38.83000183105469,0.0,39.02000045776367,38.79999923706055,38.970001220703125,0.0,236000
2018-09-14,26.133033752441406,0.0,38.709999084472656,0.0,38.84000015258789,38.630001068115234,38.790000915527344,0.0,220200
2018-09-17,26.200550079345703,0.0,38.810001373291016,0.0,38.95000076293945,38.779998779296875,38.880001068115234,0.0,136500
2018-09-18,26.376075744628906,0.0,39.06999969482422,0.0,39.150001525878906,39.0099983215332,39.0099983215332,0.0,181000
2018-09-19,26.281570434570312,0.0,38.93000030517578,0.0,39.040000915527344,38.93000030517578,38.93000030517578,0.0,598900
2018-09-20,26.4908390045166,0.0,39.2400016784668,0.0,39.2400016784668,39.11000061035156,39.15999984741211,0.0,343500
2018-09-21,26.281570434570312,0.0,38.93000030517578,0.0,38.95000076293945,38.86000061035156,38.939998626708984,0.0,205100
2018-09-24,26.186065673828125,0.0,38.38999938964844,0.4,38.54999923706055,38.349998474121094,38.5099983215332,0.0,383200
2018-09-25,26.199708938598633,0.0,38.40999984741211,0.0,38.45000076293945,38.34000015258789,38.40999984741211,0.0,483900
2018-09-26,26.295204162597656,0.0,38.54999923706055,0.0,38.77000045776367,38.52000045776367,38.56999969482422,0.0,357500
2018-09-27,26.247453689575195,0.0,38.47999954223633,0.0,38.65999984741211,38.459999084472656,38.4900016784668,0.0,265300
2018-09-28,26.090574264526367,0.0,38.25,0.0,38.33000183105469,38.16999816894531,38.220001220703125,0.0,301500
2018-10-01,26.022367477416992,0.0,38.150001525878906,0.0,38.279998779296875,38.150001525878906,38.209999084472656,0.0,262700
2018-10-02,25.763154983520508,0.0,37.77000045776367,0.0,37.84000015258789,37.689998626708984,37.7400016784668,0.0,374500
2018-10-03,25.626741409301758,0.0,37.56999969482422,0.0,37.88999938964844,37.54999923706055,37.810001373291016,0.0,519100
2018-10-04,25.1424503326416,0.0,36.86000061035156,0.0,37.150001525878906,36.77000045776367,37.119998931884766,0.0,291000
2018-10-05,25.094703674316406,0.0,36.790000915527344,0.0,36.970001220703125,36.720001220703125,36.88999938964844,0.0,884900
2018-10-08,25.21065902709961,0.0,36.959999084472656,0.0,37.0099983215332,36.720001220703125,36.720001220703125,0.0,284000
2018-10-09,25.428924560546875,0.0,37.279998779296875,0.0,37.34000015258789,37.029998779296875,37.029998779296875,0.0,263100
2018-10-10,24.97191619873047,0.0,36.61000061035156,0.0,37.2400016784668,36.599998474121094,37.11000061035156,0.0,396200
2018-10-11,24.869596481323242,0.0,36.459999084472656,0.0,36.79999923706055,36.33000183105469,36.7599983215332,0.0,257300
2018-10-12,24.821853637695312,0.0,36.38999938964844,0.0,36.5,36.150001525878906,36.5,0.0,352600
2018-10-15,24.794574737548828,0.0,36.349998474121094,0.0,36.5099983215332,36.27000045776367,36.27000045776367,0.0,250700
2018-10-16,25.285688400268555,0.0,37.06999969482422,0.0,37.09000015258789,36.84000015258789,36.880001068115234,0.0,199700
2018-10-17,25.326614379882812,0.0,37.130001068115234,0.0,37.2599983215332,37.06999969482422,37.15999984741211,0.0,212800
2018-10-18,25.217479705810547,0.0,36.970001220703125,0.0,37.36000061035156,36.90999984741211,37.279998779296875,0.0,237700
2018-10-19,25.319791793823242,0.0,37.119998931884766,0.0,37.27000045776367,37.099998474121094,37.15999984741211,0.0,299200
2018-10-22,25.19701385498047,0.0,36.939998626708984,0.0,37.18000030517578,36.939998626708984,37.08000183105469,0.0,771200
2018-10-23,25.101518630981445,0.0,36.79999923706055,0.0,36.90999984741211,36.459999084472656,36.560001373291016,0.0,594100
2018-10-24,24.753639221191406,0.0,36.290000915527344,0.0,36.79999923706055,36.2400016784668,36.720001220703125,0.0,679400
2018-10-25,24.97873878479004,0.0,36.619998931884766,0.0,36.7400016784668,36.52000045776367,36.560001373291016,0.0,682400
2018-10-26,25.026487350463867,0.0,36.689998626708984,0.0,36.779998779296875,36.33000183105469,36.5,0.0,513400
2018-10-29,24.94463348388672,0.0,36.56999969482422,0.0,37.0,36.33000183105469,36.939998626708984,0.0,630100
2018-10-30,25.060592651367188,0.0,36.7400016784668,0.0,36.7400016784668,36.439998626708984,36.439998626708984,0.0,344000
2018-10-31,24.855955123901367,0.0,36.439998626708984,0.0,36.58000183105469,36.43000030517578,36.43000030517578,0.0,566500
2018-11-01,25.22429084777832,0.0,36.97999954223633,0.0,37.02000045776367,36.75,36.790000915527344,0.0,496500
2018-11-02,25.108341217041016,0.0,36.810001373291016,0.0,37.06999969482422,36.619998931884766,37.029998779296875,0.0,537200
2018-11-05,25.07423210144043,0.0,36.7599983215332,0.0,36.880001068115234,36.68000030517578,36.68000030517578,0.0,473800
2018-11-06,25.27203941345215,0.0,37.04999923706055,0.0,37.08000183105469,36.88999938964844,36.88999938964844,0.0,588700
2018-11-07,25.66767120361328,0.0,37.630001068115234,0.0,37.630001068115234,37.470001220703125,37.540000915527344,0.0,568600
2018-11-08,25.44257164001465,0.0,37.29999923706055,0.0,37.52000045776367,37.18000030517578,37.5099983215332,0.0,539700
2018-11-09,25.319791793823242,0.0,37.119998931884766,0.0,37.220001220703125,37.0,37.150001525878906,0.0,518800
2018-11-12,25.16973114013672,0.0,36.900001525878906,0.0,37.119998931884766,36.84000015258789,37.04999923706055,0.0,611300
2018-11-13,25.367536544799805,0.0,37.189998626708984,0.0,37.380001068115234,37.08000183105469,37.15999984741211,0.0,316000
2018-11-14,25.45621109008789,0.0,37.31999969482422,0.0,37.560001373291016,37.15999984741211,37.470001220703125,0.0,250800
2018-11-15,25.319791793823242,0.0,37.119998931884766,0.0,37.189998626708984,36.869998931884766,37.150001525878906,0.0,7309000
2018-11-16,25.415287017822266,0.0,37.2599983215332,0.0,37.31999969482422,36.81999969482422,36.81999969482422,0.0,3303400
2018-11-19,25.3607177734375,0.0,37.18000030517578,0.0,37.38999938964844,37.06999969482422,37.29999923706055,0.0,488600
2018-11-20,25.019662857055664,0.0,36.68000030517578,0.0,36.959999084472656,36.599998474121094,36.880001068115234,0.0,738700
2018-11-21,25.299335479736328,0.0,37.09000015258789,0.0,37.2599983215332,37.040000915527344,37.11000061035156,0.0,380300
2018-11-23,25.3607177734375,0.0,37.18000030517578,0.0,37.25,37.08000183105469,37.08000183105469,0.0,69700
2018-11-26,25.60627555847168,0.0,37.540000915527344,0.0,37.619998931884766,37.439998626708984,37.5,0.0,393700
2018-11-27,25.5858154296875,0.0,37.5099983215332,0.0,37.52000045776367,37.36000061035156,37.45000076293945,0.0,233600
2018-11-28,25.920042037963867,0.0,38.0,0.0,38.0,37.400001525878906,37.5,0.0,518300
2018-11-29,25.619916915893555,0.0,37.560001373291016,0.0,37.630001068115234,37.41999816894531,37.439998626708984,0.0,346100
2018-11-30,25.347076416015625,0.0,37.15999984741211,0.0,37.20000076293945,37.09000015258789,37.119998931884766,0.0,588600
2018-12-03,25.394824981689453,0.0,37.22999954223633,0.0,37.439998626708984,37.13999938964844,37.439998626708984,0.0,353300
2018-12-04,25.128803253173828,0.0,36.84000015258789,0.0,37.40999984741211,36.83000183105469,37.349998474121094,0.0,664000
2018-12-06,25.415287017822266,0.0,37.2599983215332,0.0,37.34000015258789,36.79999923706055,36.91999816894531,0.0,1095500
2018-12-07,25.374361038208008,0.0,37.20000076293945,0.0,37.61000061035156,37.119998931884766,37.43000030517578,0.0,688200
2018-12-10,25.162904739379883,0.0,36.88999938964844,0.0,37.0099983215332,36.619998931884766,36.95000076293945,0.0,773400
2018-12-11,25.19701385498047,0.0,36.939998626708984,0.0,37.119998931884766,36.790000915527344,37.060001373291016,0.0,610500
2018-12-12,25.381181716918945,0.0,37.209999084472656,0.0,37.47999954223633,37.20000076293945,37.34000015258789,0.0,993700
2018-12-13,25.299335479736328,0.0,37.09000015258789,0.0,37.22999954223633,37.04999923706055,37.060001373291016,0.0,472700
2018-12-14,25.21065902709961,0.0,36.959999084472656,0.0,37.150001525878906,36.880001068115234,36.9900016784668,0.0,395500
2018-12-17,25.026487350463867,0.0,36.689998626708984,0.0,37.060001373291016,36.599998474121094,36.97999954223633,0.0,617700
2018-12-18,25.053770065307617,0.0,36.72999954223633,0.0,36.9900016784668,36.66999816894531,36.849998474121094,0.0,551500
2018-12-19,24.930994033813477,0.0,36.54999923706055,0.0,37.13999938964844,36.400001525878906,36.900001525878906,0.0,1201100
2018-12-20,24.965087890625,0.0,36.599998474121094,0.0,36.849998474121094,36.54999923706055,36.68000030517578,0.0,1323500
2018-12-21,24.487627029418945,0.0,35.900001525878906,0.0,36.439998626708984,35.84000015258789,36.220001220703125,0.0,1320800
2018-12-24,24.30988121032715,0.0,34.7400016784668,0.906,35.20000076293945,34.7400016784668,35.20000076293945,0.0,551100
2018-12-26,24.764724731445312,0.0,35.38999938964844,0.0,35.459999084472656,35.0,35.06999969482422,0.0,1086700
2018-12-27,24.673770904541016,0.0,35.2599983215332,0.0,35.279998779296875,34.779998779296875,34.93000030517578,0.0,1262900
2018-12-28,24.72974395751953,0.0,35.34000015258789,0.0,35.56999969482422,35.2599983215332,35.43000030517578,0.0,968800
2018-12-31,24.72974395751953,0.0,35.34000015258789,0.0,35.439998626708984,35.209999084472656,35.36000061035156,0.0,1369200
2019-01-02,24.72974395751953,0.0,35.34000015258789,0.0,35.34000015258789,35.029998779296875,35.099998474121094,0.0,358200
2019-01-03,24.72974395751953,0.0,35.34000015258789,0.0,35.5,35.290000915527344,35.29999923706055,0.0,248500
2019-01-04,25.2475643157959,0.0,36.08000183105469,0.0,36.11000061035156,35.540000915527344,35.599998474121094,0.0,377500
2019-01-07,25.317546844482422,0.0,36.18000030517578,0.0,36.33000183105469,36.08000183105469,36.099998474121094,0.0,553000
2019-01-08,25.520475387573242,0.0,36.470001220703125,0.0,36.54999923706055,36.38999938964844,36.400001525878906,0.0,786500
2019-01-09,25.709415435791016,0.0,36.7400016784668,0.0,36.7599983215332,36.5099983215332,36.5099983215332,0.0,228900
2019-01-10,25.877351760864258,0.0,36.97999954223633,0.0,37.0099983215332,36.68000030517578,36.68000030517578,0.0,1996600
2019-01-11,25.933345794677734,0.0,37.060001373291016,0.0,37.11000061035156,36.93000030517578,36.9900016784668,0.0,577200
2019-01-14,25.926340103149414,0.0,37.04999923706055,0.0,37.15999984741211,36.86000061035156,37.040000915527344,0.0,598300
2019-01-15,25.926340103149414,0.0,37.04999923706055,0.0,37.119998931884766,36.869998931884766,37.060001373291016,0.0,291000
2019-01-16,26.003314971923828,0.0,37.15999984741211,0.0,37.310001373291016,37.130001068115234,37.310001373291016,0.0,316000
2019-01-17,26.101282119750977,0.0,37.29999923706055,0.0,37.349998474121094,37.029998779296875,37.029998779296875,0.0,297100
2019-01-18,26.17825698852539,0.0,37.40999984741211,0.0,37.459999084472656,37.34000015258789,37.459999084472656,0.0,392700
2019-01-22,26.038307189941406,0.0,37.209999084472656,0.0,37.34000015258789,37.029998779296875,37.290000915527344,0.0,1472800
2019-01-23,26.199251174926758,0.0,37.439998626708984,0.0,37.470001220703125,37.279998779296875,37.40999984741211,0.0,541200
2019-01-24,26.22024917602539,0.0,37.470001220703125,0.0,37.56999969482422,37.400001525878906,37.45000076293945,0.0,402700
2019-01-25,26.542131423950195,0.0,37.93000030517578,0.0,37.9900016784668,37.83000183105469,37.880001068115234,0.0,557200
2019-01-28,26.696094512939453,0.0,38.150001525878906,0.0,38.150001525878906,37.91999816894531,37.91999816894531,0.0,480000
2019-01-29,26.975994110107422,0.0,38.54999923706055,0.0,38.58000183105469,38.47999954223633,38.540000915527344,0.0,594200
2019-01-30,27.19291877746582,0.0,38.86000061035156,0.0,38.970001220703125,38.459999084472656,38.5,0.0,548800
2019-01-31,27.136938095092773,0.0,38.779998779296875,0.0,38.84000015258789,38.70000076293945,38.75,0.0,406800
2019-02-01,27.101953506469727,0.0,38.72999954223633,0.0,38.72999954223633,38.560001373291016,38.720001220703125,0.0,1579800
2019-02-04,27.157934188842773,0.0,38.810001373291016,0.0,38.81999969482422,38.54999923706055,38.619998931884766,0.0,547200
2019-02-05,27.199920654296875,0.0,38.869998931884766,0.0,38.869998931884766,38.689998626708984,38.7400016784668,0.0,919700
2019-02-06,27.031972885131836,0.0,38.630001068115234,0.0,38.790000915527344,38.59000015258789,38.709999084472656,0.0,572700
2019-02-07,26.947998046875,0.0,38.5099983215332,0.0,38.56999969482422,38.369998931884766,38.529998779296875,0.0,530700
2019-02-08,26.920001983642578,0.0,38.470001220703125,0.0,38.4900016784668,38.290000915527344,38.38999938964844,0.0,897500
2019-02-11,26.843036651611328,0.0,38.36000061035156,0.0,38.43000030517578,38.27000045776367,38.38999938964844,0.0,506000
2019-02-12,26.829036712646484,0.0,38.34000015258789,0.0,38.369998931884766,38.220001220703125,38.29999923706055,0.0,523000
2019-02-13,26.626113891601562,0.0,38.04999923706055,0.0,38.150001525878906,38.0099983215332,38.09000015258789,0.0,563600
2019-02-14,26.54913902282715,0.0,37.939998626708984,0.0,38.029998779296875,37.84000015258789,37.93000030517578,0.0,464300
2019-02-15,26.738073348999023,0.0,38.209999084472656,0.0,38.22999954223633,38.06999969482422,38.06999969482422,0.0,467500
2019-02-19,26.836042404174805,0.0,38.349998474121094,0.0,38.439998626708984,38.099998474121094,38.099998474121094,0.0,355000
2019-02-20,26.76606559753418,0.0,38.25,0.0,38.349998474121094,38.18000030517578,38.220001220703125,0.0,526500
2019-02-21,26.752063751220703,0.0,38.22999954223633,0.0,38.2400016784668,38.040000915527344,38.15999984741211,0.0,1385300
2019-02-22,26.836042404174805,0.0,38.349998474121094,0.0,38.45000076293945,38.29999923706055,38.310001373291016,0.0,216400
2019-02-25,26.86402702331543,0.0,38.38999938964844,0.0,38.5099983215332,38.349998474121094,38.43000030517578,0.0,276500
2019-02-26,26.982990264892578,0.0,38.560001373291016,0.0,38.619998931884766,38.459999084472656,38.459999084472656,0.0,584700
2019-02-27,26.86402702331543,0.0,38.38999938964844,0.0,38.470001220703125,38.34000015258789,38.380001068115234,0.0,313400
2019-02-28,26.738073348999023,0.0,38.209999084472656,0.0,38.34000015258789,38.20000076293945,38.2599983215332,0.0,601600
2019-03-01,26.794044494628906,0.0,38.290000915527344,0.0,38.400001525878906,38.16999816894531,38.36000061035156,0.0,557300
2019-03-04,26.696094512939453,0.0,38.150001525878906,0.0,38.279998779296875,38.029998779296875,38.209999084472656,0.0,272200
2019-03-05,26.843036651611328,0.0,38.36000061035156,0.0,38.36000061035156,38.20000076293945,38.27000045776367,0.0,584900
2019-03-06,26.682092666625977,0.0,38.130001068115234,0.0,38.33000183105469,38.130001068115234,38.279998779296875,0.0,769500
2019-03-07,26.6470947265625,0.0,38.08000183105469,0.0,38.31999969482422,38.04999923706055,38.2599983215332,0.0,389500
2019-03-08,26.836042404174805,0.0,38.349998474121094,0.0,38.349998474121094,38.15999984741211,38.15999984741211,0.0,401500
2019-03-11,26.982990264892578,0.0,38.560001373291016,0.0,38.560001373291016,38.349998474121094,38.349998474121094,0.0,824100
2019-03-12,27.04597282409668,0.0,38.650001525878906,0.0,38.709999084472656,38.560001373291016,38.560001373291016,0.0,249100
2019-03-13,27.199920654296875,0.0,38.869998931884766,0.0,38.869998931884766,38.68000030517578,38.68000030517578,0.0,190400
2019-03-14,27.199920654296875,0.0,38.869998931884766,0.0,38.939998626708984,38.83000183105469,38.83000183105469,0.0,189600
2019-03-15,27.339868545532227,0.0,39.06999969482422,0.0,39.099998474121094,38.939998626708984,38.939998626708984,0.0,291400
2019-03-18,27.420700073242188,0.0,39.0099983215332,0.175,39.0099983215332,38.880001068115234,38.880001068115234,0.0,338900
2019-03-19,27.469905853271484,0.0,39.08000183105469,0.0,39.220001220703125,39.040000915527344,39.18000030517578,0.0,222600
2019-03-20,27.638612747192383,0.0,39.31999969482422,0.0,39.41999816894531,38.95000076293945,39.029998779296875,0.0,1497900
2019-03-21,27.617523193359375,0.0,39.290000915527344,0.0,39.310001373291016,39.09000015258789,39.11000061035156,0.0,226100
2019-03-22,27.322303771972656,0.0,38.869998931884766,0.0,39.150001525878906,38.869998931884766,39.029998779296875,0.0,392600
2019-03-25,27.498027801513672,0.0,39.119998931884766,0.0,39.130001068115234,38.93000030517578,38.93000030517578,0.0,231700
2019-03-26,27.61048698425293,0.0,39.279998779296875,0.0,39.41999816894531,39.22999954223633,39.34000015258789,0.0,217200
2019-03-27,27.645645141601562,0.0,39.33000183105469,0.0,39.40999984741211,39.15999984741211,39.369998931884766,0.0,270100
2019-03-28,27.645645141601562,0.0,39.33000183105469,0.0,39.36000061035156,39.220001220703125,39.290000915527344,0.0,175300
2019-03-29,27.61048698425293,0.0,39.279998779296875,0.0,39.40999984741211,39.189998626708984,39.40999984741211,0.0,391200
2019-04-01,27.694847106933594,0.0,39.400001525878906,0.0,39.400001525878906,39.2400016784668,39.33000183105469,0.0,661200
2019-04-02,27.568309783935547,0.0,39.220001220703125,0.0,39.25,39.11000061035156,39.20000076293945,0.0,430900
2019-04-03,27.673755645751953,0.0,39.369998931884766,0.0,39.41999816894531,39.2400016784668,39.290000915527344,0.0,229600
2019-04-04,27.540205001831055,0.0,39.18000030517578,0.0,39.209999084472656,39.060001373291016,39.060001373291016,0.0,196700
2019-04-05,27.329330444335938,0.0,38.880001068115234,0.0,38.970001220703125,38.880001068115234,38.88999938964844,0.0,242500
2019-04-08,27.406641006469727,0.0,38.9900016784668,0.0,38.9900016784668,38.880001068115234,38.939998626708984,0.0,1262200
2019-04-09,27.23092269897461,0.0,38.7400016784668,0.0,38.83000183105469,38.68000030517578,38.77000045776367,0.0,263200
2019-04-10,27.469905853271484,0.0,39.08000183105469,0.0,39.130001068115234,39.0,39.0,0.0,262800
2019-04-11,27.37852668762207,0.0,38.95000076293945,0.0,39.08000183105469,38.880001068115234,39.08000183105469,0.0,175100
2019-04-12,27.364473342895508,0.0,38.93000030517578,0.0,39.060001373291016,38.90999984741211,39.0099983215332,0.0,392600
2019-04-15,27.25200653076172,0.0,38.77000045776367,0.0,38.88999938964844,38.72999954223633,38.81999969482422,0.0,262000
2019-04-16,27.27309799194336,0.0,38.79999923706055,0.0,39.0,38.79999923706055,38.880001068115234,0.0,371600
2019-04-17,27.12548065185547,0.0,38.59000015258789,0.0,38.720001220703125,38.529998779296875,38.630001068115234,0.0,382300
2019-04-18,27.16766357421875,0.0,38.650001525878906,0.0,38.650001525878906,38.54999923706055,38.59000015258789,0.0,154100
2019-04-22,27.12548065185547,0.0,38.59000015258789,0.0,38.630001068115234,38.5099983215332,38.52000045776367,0.0,432400
2019-04-23,27.12548065185547,0.0,38.59000015258789,0.0,38.59000015258789,38.41999816894531,38.41999816894531,0.0,140000
2019-04-24,27.181716918945312,0.0,38.66999816894531,0.0,38.790000915527344,38.599998474121094,38.65999984741211,0.0,255800
2019-04-25,27.160629272460938,0.0,38.63999938964844,0.0,38.70000076293945,38.58000183105469,38.65999984741211,0.0,200800
2019-04-26,27.23092269897461,0.0,38.7400016784668,0.0,38.79999923706055,38.63999938964844,38.63999938964844,0.0,122200
2019-04-29,27.188737869262695,0.0,38.68000030517578,0.0,38.83000183105469,38.66999816894531,38.790000915527344,0.0,371400
2019-04-30,27.118457794189453,0.0,38.58000183105469,0.0,38.68000030517578,38.529998779296875,38.599998474121094,0.0,530400
2019-05-01,27.041120529174805,0.0,38.470001220703125,0.0,38.79999923706055,38.40999984741211,38.59000015258789,0.0,651100
2019-05-02,26.710763931274414,0.0,38.0,0.0,38.689998626708984,38.0,38.63999938964844,0.0,363600
2019-05-03,27.25200653076172,0.0,38.77000045776367,0.0,38.810001373291016,38.630001068115234,38.630001068115234,0.0,233600
2019-05-06,27.139545440673828,0.0,38.61000061035156,0.0,38.63999938964844,38.290000915527344,38.290000915527344,0.0,118100
2019-05-07,27.083301544189453,0.0,38.529998779296875,0.0,38.709999084472656,38.40999984741211,38.63999938964844,0.0,226700
2019-05-08,27.005990982055664,0.0,38.41999816894531,0.0,38.560001373291016,38.380001068115234,38.400001525878906,0.0,335900
2019-05-09,26.998958587646484,0.0,38.40999984741211,0.0,38.5099983215332,38.220001220703125,38.25,0.0,588300
2019-05-10,27.188737869262695,0.0,38.68000030517578,0.0,38.72999954223633,38.400001525878906,38.4900016784668,0.0,330900
2019-05-13,27.01302146911621,0.0,38.43000030517578,0.0,38.470001220703125,38.31999969482422,38.31999969482422,0.0,234500
2019-05-14,27.139545440673828,0.0,38.61000061035156,0.0,38.65999984741211,38.540000915527344,38.560001373291016,0.0,225600
2019-05-15,27.153594970703125,0.0,38.630001068115234,0.0,38.7400016784668,38.5,38.540000915527344,0.0,148200
2019-05-16,27.308237075805664,0.0,38.849998474121094,0.0,38.97999954223633,38.79999923706055,38.810001373291016,0.0,154400
2019-05-17,27.12548065185547,0.0,38.59000015258789,0.0,38.70000076293945,38.540000915527344,38.599998474121094,0.0,167900
2019-05-20,27.259031295776367,0.0,38.779998779296875,0.0,38.84000015258789,38.689998626708984,38.689998626708984,0.0,174000
2019-05-21,27.357439041137695,0.0,38.91999816894531,0.0,38.95000076293945,38.79999923706055,38.79999923706055,0.0,186800
2019-05-22,27.16766357421875,0.0,38.650001525878906,0.0,38.7599983215332,38.650001525878906,38.66999816894531,0.0,222200
2019-05-23,27.146568298339844,0.0,38.619998931884766,0.0,38.619998931884766,38.439998626708984,38.459999084472656,0.0,171200
2019-05-24,27.37150001525879,0.0,38.939998626708984,0.0,38.959999084472656,38.869998931884766,38.869998931884766,0.0,272100
2019-05-28,27.048158645629883,0.0,38.47999954223633,0.0,38.7599983215332,38.470001220703125,38.689998626708984,0.0,344000
2019-05-29,27.02707290649414,0.0,38.45000076293945,0.0,38.65999984741211,38.41999816894531,38.5099983215332,0.0,321900
2019-05-30,26.977861404418945,0.0,38.380001068115234,0.0,38.45000076293945,38.29999923706055,38.33000183105469,0.0,122100
2019-05-31,26.984899520874023,0.0,38.38999938964844,0.0,38.45000076293945,38.130001068115234,38.130001068115234,0.0,550500
2019-06-03,27.216854095458984,0.0,38.720001220703125,0.0,38.7599983215332,38.560001373291016,38.630001068115234,0.0,423200
2019-06-04,27.329330444335938,0.0,38.880001068115234,0.0,38.880001068115234,38.66999816894531,38.75,0.0,134900
2019-06-05,27.216854095458984,0.0,38.720001220703125,0.0,38.86000061035156,38.720001220703125,38.7599983215332,0.0,165400
2019-06-06,27.308237075805664,0.0,38.849998474121094,0.0,38.959999084472656,38.810001373291016,38.810001373291016,0.0,689800
2019-06-07,27.462879180908203,0.0,39.06999969482422,0.0,39.220001220703125,38.91999816894531,38.970001220703125,0.0,194000
2019-06-10,27.469905853271484,0.0,39.08000183105469,0.0,39.220001220703125,39.08000183105469,39.189998626708984,0.0,136200
2019-06-11,27.61048698425293,0.0,39.279998779296875,0.0,39.290000915527344,39.18000030517578,39.220001220703125,0.0,400900
2019-06-12,27.37150001525879,0.0,38.939998626708984,0.0,39.029998779296875,38.91999816894531,38.95000076293945,0.0,272200
2019-06-13,27.455854415893555,0.0,39.060001373291016,0.0,39.15999984741211,39.040000915527344,39.09000015258789,0.0,174000
2019-06-14,27.343393325805664,0.0,38.900001525878906,0.0,38.9900016784668,38.86000061035156,38.939998626708984,0.0,203600
2019-06-17,27.357439041137695,0.0,38.91999816894531,0.0,38.93000030517578,38.849998474121094,38.93000030517578,0.0,219100
2019-06-18,27.540205001831055,0.0,39.18000030517578,0.0,39.290000915527344,39.11000061035156,39.11000061035156,0.0,345200
2019-06-19,27.617523193359375,0.0,39.290000915527344,0.0,39.34000015258789,39.06999969482422,39.06999969482422,0.0,285800
2019-06-20,27.828401565551758,0.0,39.59000015258789,0.0,39.599998474121094,39.459999084472656,39.52000045776367,0.0,908000
2019-06-21,27.744049072265625,0.0,39.470001220703125,0.0,39.529998779296875,39.36000061035156,39.36000061035156,0.0,175300
2019-06-24,27.736230850219727,0.0,39.02000045776367,0.439,39.09000015258789,38.97999954223633,39.09000015258789,0.0,111000
2019-06-25,27.764665603637695,0.0,39.060001373291016,0.0,39.33000183105469,39.029998779296875,39.16999816894531,0.0,267100
2019-06-26,27.622493743896484,0.0,38.86000061035156,0.0,39.0099983215332,38.810001373291016,39.0099983215332,0.0,464600
2019-06-27,27.551408767700195,0.0,38.7599983215332,0.0,38.77000045776367,38.66999816894531,38.709999084472656,0.0,189300
2019-06-28,27.54430389404297,0.0,38.75,0.0,38.81999969482422,38.65999984741211,38.709999084472656,0.0,361300
2019-07-01,27.636714935302734,0.0,38.880001068115234,0.0,39.189998626708984,38.81999969482422,38.9900016784668,0.0,350300
2019-07-02,27.77176856994629,0.0,39.06999969482422,0.0,39.09000015258789,38.93000030517578,38.93000030517578,0.0,202100
2019-07-03,28.141401290893555,0.0,39.59000015258789,0.0,39.59000015258789,39.459999084472656,39.459999084472656,0.0,243600
2019-07-05,28.1911563873291,0.0,39.65999984741211,0.0,39.68000030517578,39.5099983215332,39.59000015258789,0.0,204000
2019-07-08,28.091642379760742,0.0,39.52000045776367,0.0,39.540000915527344,39.36000061035156,39.369998931884766,0.0,501100
2019-07-09,27.999238967895508,0.0,39.38999938964844,0.0,39.45000076293945,39.29999923706055,39.29999923706055,0.0,198500
2019-07-10,28.05609893798828,0.0,39.470001220703125,0.0,39.59000015258789,39.43000030517578,39.47999954223633,0.0,129100
2019-07-11,28.04899024963379,0.0,39.459999084472656,0.0,39.619998931884766,39.40999984741211,39.560001373291016,0.0,283600
2019-07-12,28.070314407348633,0.0,39.4900016784668,0.0,39.5099983215332,39.38999938964844,39.45000076293945,0.0,73300
2019-07-15,28.013446807861328,0.0,39.40999984741211,0.0,39.459999084472656,39.380001068115234,39.459999084472656,0.0,118400
2019-07-16,27.92814826965332,0.0,39.290000915527344,0.0,39.41999816894531,39.22999954223633,39.310001373291016,0.0,155300
2019-07-17,27.92814826965332,0.0,39.290000915527344,0.0,39.43000030517578,39.2400016784668,39.290000915527344,0.0,230000
2019-07-18,28.04899024963379,0.0,39.459999084472656,0.0,39.54999923706055,39.220001220703125,39.220001220703125,0.0,124900
2019-07-19,27.935256958007812,0.0,39.29999923706055,0.0,39.470001220703125,39.27000045776367,39.41999816894531,0.0,166600
2019-07-22,27.77887535095215,0.0,39.08000183105469,0.0,39.209999084472656,39.0,39.08000183105469,0.0,366800
2019-07-23,27.793088912963867,0.0,39.099998474121094,0.0,39.220001220703125,39.029998779296875,39.04999923706055,0.0,130000
2019-07-24,27.835742950439453,0.0,39.15999984741211,0.0,39.2400016784668,39.09000015258789,39.09000015258789,0.0,159800
2019-07-25,27.67935562133789,0.0,38.939998626708984,0.0,39.18000030517578,38.880001068115234,39.09000015258789,0.0,131900
2019-07-26,27.693572998046875,0.0,38.959999084472656,0.0,39.08000183105469,38.86000061035156,38.880001068115234,0.0,211000
2019-07-29,27.59406852722168,0.0,38.81999969482422,0.0,38.900001525878906,38.7400016784668,38.810001373291016,0.0,170400
2019-07-30,27.41635513305664,0.0,38.56999969482422,0.0,38.68000030517578,38.540000915527344,38.540000915527344,0.0,187200
2019-07-31,27.110706329345703,0.0,38.13999938964844,0.0,38.52000045776367,37.95000076293945,38.40999984741211,0.0,658600
2019-08-01,27.096494674682617,0.0,38.119998931884766,0.0,38.47999954223633,38.09000015258789,38.119998931884766,0.0,356200
2019-08-02,27.366600036621094,0.0,38.5,0.0,38.619998931884766,38.45000076293945,38.470001220703125,0.0,321300
2019-08-05,26.819271087646484,0.0,37.72999954223633,0.0,38.16999816894531,37.66999816894531,38.09000015258789,0.0,664300
2019-08-06,26.947214126586914,0.0,37.90999984741211,0.0,38.09000015258789,37.810001373291016,37.9900016784668,0.0,593600
2019-08-07,27.0822696685791,0.0,38.099998474121094,0.0,38.20000076293945,37.83000183105469,37.83000183105469,0.0,268300
2019-08-08,27.22443962097168,0.0,38.29999923706055,0.0,38.349998474121094,38.13999938964844,38.150001525878906,0.0,933600
2019-08-09,27.124914169311523,0.0,38.15999984741211,0.0,38.349998474121094,38.150001525878906,38.16999816894531,0.0,192400
2019-08-12,27.00408172607422,0.0,37.9900016784668,0.0,38.09000015258789,37.900001525878906,37.90999984741211,0.0,188600
2019-08-13,27.068052291870117,0.0,38.08000183105469,0.0,38.209999084472656,37.90999984741211,37.90999984741211,0.0,438100
2019-08-14,26.613130569458008,0.0,37.439998626708984,0.0,37.720001220703125,37.41999816894531,37.56999969482422,0.0,287600
2019-08-15,26.876134872436523,0.0,37.810001373291016,0.0,37.880001068115234,37.72999954223633,37.75,0.0,383400
2019-08-16,27.238649368286133,0.0,38.31999969482422,0.0,38.369998931884766,38.13999938964844,38.13999938964844,0.0,332100
2019-08-19,27.316848754882812,0.0,38.43000030517578,0.0,38.540000915527344,38.380001068115234,38.380001068115234,0.0,190400
2019-08-20,27.395030975341797,0.0,38.540000915527344,0.0,38.56999969482422,38.45000076293945,38.459999084472656,0.0,277600
2019-08-21,27.487442016601562,0.0,38.66999816894531,0.0,38.779998779296875,38.650001525878906,38.709999084472656,0.0,109200
2019-08-22,27.387920379638672,0.0,38.529998779296875,0.0,38.650001525878906,38.470001220703125,38.560001373291016,0.0,534300
2019-08-23,27.331058502197266,0.0,38.45000076293945,0.0,38.849998474121094,38.41999816894531,38.56999969482422,0.0,999800
2019-08-26,27.473230361938477,0.0,38.650001525878906,0.0,38.720001220703125,38.560001373291016,38.619998931884766,0.0,216100
2019-08-27,27.45900535583496,0.0,38.630001068115234,0.0,38.72999954223633,38.599998474121094,38.650001525878906,0.0,259800
2019-08-28,27.522979736328125,0.0,38.720001220703125,0.0,38.81999969482422,38.619998931884766,38.619998931884766,0.0,152400
2019-08-29,27.537200927734375,0.0,38.7400016784668,0.0,38.900001525878906,38.720001220703125,38.720001220703125,0.0,120800
2019-08-30,27.658035278320312,0.0,38.90999984741211,0.0,38.93000030517578,38.7599983215332,38.779998779296875,0.0,247400
2019-09-03,27.501644134521484,0.0,38.689998626708984,0.0,38.689998626708984,38.43000030517578,38.43000030517578,0.0,266700
2019-09-04,27.85706329345703,0.0,39.189998626708984,0.0,39.25,39.04999923706055,39.04999923706055,0.0,440500
2019-09-05,27.85706329345703,0.0,39.189998626708984,0.0,39.189998626708984,39.06999969482422,39.11000061035156,0.0,960600
2019-09-06,27.835742950439453,0.0,39.15999984741211,0.0,39.220001220703125,39.09000015258789,39.09000015258789,0.0,540100
2019-09-09,27.77176856994629,0.0,39.06999969482422,0.0,39.2599983215332,39.04999923706055,39.18000030517578,0.0,160300
2019-09-10,27.686466217041016,0.0,38.95000076293945,0.0,38.9900016784668,38.79999923706055,38.79999923706055,0.0,135700
2019-09-11,27.67935562133789,0.0,38.939998626708984,0.0,38.9900016784668,38.84000015258789,38.84000015258789,0.0,114900
2019-09-12,27.636714935302734,0.0,38.880001068115234,0.0,38.970001220703125,38.84000015258789,38.849998474121094,0.0,163500
2019-09-13,27.86417579650879,0.0,39.20000076293945,0.0,39.36000061035156,39.18000030517578,39.18000030517578,0.0,186400
2019-09-16,27.743335723876953,0.0,39.029998779296875,0.0,39.08000183105469,38.970001220703125,39.02000045776367,0.0,452500
2019-09-17,27.9139404296875,0.0,39.27000045776367,0.0,39.290000915527344,38.97999954223633,38.97999954223633,0.0,198300
2019-09-18,27.92814826965332,0.0,39.290000915527344,0.0,39.38999938964844,39.11000061035156,39.33000183105469,0.0,155200
2019-09-19,28.098739624023438,0.0,39.529998779296875,0.0,39.56999969482422,39.41999816894531,39.41999816894531,0.0,830500
2019-09-20,28.077421188354492,0.0,39.5,0.0,39.619998931884766,39.459999084472656,39.459999084472656,0.0,335200
2019-09-23,28.10683822631836,0.0,39.16999816894531,0.371,39.16999816894531,38.939998626708984,38.939998626708984,0.0,125200
2019-09-24,28.006380081176758,0.0,39.029998779296875,0.0,39.189998626708984,39.0099983215332,39.09000015258789,0.0,204200
2019-09-25,28.10683822631836,0.0,39.16999816894531,0.0,39.25,39.029998779296875,39.029998779296875,0.0,138400
2019-09-26,28.286231994628906,0.0,39.41999816894531,0.0,39.5099983215332,39.349998474121094,39.43000030517578,0.0,103200
2019-09-27,28.192951202392578,0.0,39.290000915527344,0.0,39.560001373291016,39.27000045776367,39.4900016784668,0.0,301900
2019-09-30,28.357990264892578,0.0,39.52000045776367,0.0,39.529998779296875,39.41999816894531,39.41999816894531,0.0,298300
2019-10-01,28.171415328979492,0.0,39.2599983215332,0.0,39.290000915527344,39.099998474121094,39.290000915527344,0.0,273500
2019-10-02,28.013559341430664,0.0,39.040000915527344,0.0,39.119998931884766,38.900001525878906,39.0099983215332,0.0,599900
2019-10-03,28.228824615478516,0.0,39.34000015258789,0.0,39.369998931884766,39.11000061035156,39.119998931884766,0.0,226700
2019-10-04,28.56608772277832,0.0,39.810001373291016,0.0,39.810001373291016,39.47999954223633,39.54999923706055,0.0,382800
2019-10-07,28.472797393798828,0.0,39.68000030517578,0.0,39.83000183105469,39.630001068115234,39.630001068115234,0.0,328100
2019-10-08,28.386680603027344,0.0,39.560001373291016,0.0,39.63999938964844,39.459999084472656,39.560001373291016,0.0,1029100
2019-10-09,28.530200958251953,0.0,39.7599983215332,0.0,39.849998474121094,39.66999816894531,39.66999816894531,0.0,1011600
2019-10-10,28.558895111083984,0.0,39.79999923706055,0.0,39.79999923706055,39.529998779296875,39.63999938964844,0.0,372200
2019-10-11,28.845928192138672,0.0,40.20000076293945,0.0,40.349998474121094,40.0,40.0,0.0,541500
2019-10-14,28.810043334960938,0.0,40.150001525878906,0.0,40.189998626708984,40.029998779296875,40.11000061035156,0.0,84300
2019-10-15,29.010967254638672,0.0,40.43000030517578,0.0,40.54999923706055,40.18000030517578,40.18000030517578,0.0,443900
2019-10-16,29.211875915527344,0.0,40.709999084472656,0.0,40.7599983215332,40.5099983215332,40.529998779296875,0.0,406300
2019-10-17,29.254941940307617,0.0,40.77000045776367,0.0,40.900001525878906,40.7400016784668,40.77000045776367,0.0,399800
2019-10-18,29.247766494750977,0.0,40.7599983215332,0.0,40.849998474121094,40.66999816894531,40.810001373291016,0.0,285700
2019-10-21,29.41996955871582,0.0,41.0,0.0,41.02000045776367,40.86000061035156,40.90999984741211,0.0,1458900
2019-10-22,29.398452758789062,0.0,40.970001220703125,0.0,41.09000015258789,40.88999938964844,41.08000183105469,0.0,176800
2019-10-23,29.405622482299805,0.0,40.97999954223633,0.0,41.02000045776367,40.83000183105469,40.86000061035156,0.0,233700
2019-10-24,29.290821075439453,0.0,40.81999969482422,0.0,40.900001525878906,40.75,40.83000183105469,0.0,132200
2019-10-25,29.183176040649414,0.0,40.66999816894531,0.0,40.7400016784668,40.58000183105469,40.65999984741211,0.0,156100
2019-10-28,29.219058990478516,0.0,40.720001220703125,0.0,40.77000045776367,40.4900016784668,40.65999984741211,0.0,244800
2019-10-29,29.183176040649414,0.0,40.66999816894531,0.0,40.779998779296875,40.619998931884766,40.709999084472656,0.0,122600
2019-10-30,29.31234359741211,0.0,40.849998474121094,0.0,40.849998474121094,40.52000045776367,40.599998474121094,0.0,391700
2019-10-31,29.412809371948242,0.0,40.9900016784668,0.0,41.0,40.81999969482422,40.81999969482422,0.0,456500
2019-11-01,29.52760887145996,0.0,41.150001525878906,0.0,41.25,41.11000061035156,41.15999984741211,0.0,442200
2019-11-04,29.491729736328125,0.0,41.099998474121094,0.0,41.33000183105469,41.09000015258789,41.31999969482422,0.0,204300
2019-11-05,29.38410186767578,0.0,40.95000076293945,0.0,40.9900016784668,40.849998474121094,40.93000030517578,0.0,275500
2019-11-06,29.297996520996094,0.0,40.83000183105469,0.0,40.83000183105469,40.66999816894531,40.77000045776367,0.0,527700
2019-11-07,29.219058990478516,0.0,40.720001220703125,0.0,40.95000076293945,40.720001220703125,40.81999969482422,0.0,180000
2019-11-08,28.932035446166992,0.0,40.31999969482422,0.0,40.31999969482422,40.09000015258789,40.220001220703125,0.0,515900
2019-11-11,28.795692443847656,0.0,40.130001068115234,0.0,40.20000076293945,40.02000045776367,40.099998474121094,0.0,315800
2019-11-12,28.645002365112305,0.0,39.91999816894531,0.0,39.939998626708984,39.86000061035156,39.939998626708984,0.0,512600
2019-11-13,28.48714828491211,0.0,39.70000076293945,0.0,39.72999954223633,39.599998474121094,39.61000061035156,0.0,628400
2019-11-14,28.609130859375,0.0,39.869998931884766,0.0,39.91999816894531,39.72999954223633,39.72999954223633,0.0,271000
2019-11-15,28.831575393676758,0.0,40.18000030517578,0.0,40.25,40.08000183105469,40.08000183105469,0.0,223400
2019-11-18,29.046852111816406,0.0,40.47999954223633,0.0,40.5099983215332,40.33000183105469,40.33000183105469,0.0,195500
2019-11-19,29.15447998046875,0.0,40.630001068115234,0.0,40.7400016784668,40.630001068115234,40.689998626708984,0.0,613400
2019-11-20,29.132949829101562,0.0,40.599998474121094,0.0,40.68000030517578,40.4900016784668,40.59000015258789,0.0,246400
2019-11-21,28.989444732666016,0.0,40.400001525878906,0.0,40.560001373291016,40.369998931884766,40.38999938964844,0.0,475100
2019-11-22,28.881803512573242,0.0,40.25,0.0,40.380001068115234,40.2400016784668,40.290000915527344,0.0,152500
2019-11-25,29.039670944213867,0.0,40.470001220703125,0.0,40.560001373291016,40.36000061035156,40.36000061035156,0.0,235200
2019-11-26,29.161649703979492,0.0,40.63999938964844,0.0,40.650001525878906,40.5099983215332,40.5099983215332,0.0,224200
2019-11-27,29.219058990478516,0.0,40.720001220703125,0.0,40.77000045776367,40.63999938964844,40.63999938964844,0.0,458700
2019-11-29,29.132949829101562,0.0,40.599998474121094,0.0,40.709999084472656,40.599998474121094,40.599998474121094,0.0,275700
2019-12-02,29.054018020629883,0.0,40.4900016784668,0.0,40.52000045776367,40.349998474121094,40.47999954223633,0.0,454800
2019-12-03,28.99662208557129,0.0,40.40999984741211,0.0,40.41999816894531,40.09000015258789,40.09000015258789,0.0,229800
2019-12-04,29.061195373535156,0.0,40.5,0.0,40.529998779296875,40.36000061035156,40.36000061035156,0.0,178700
2019-12-05,29.08989715576172,0.0,40.540000915527344,0.0,40.689998626708984,40.439998626708984,40.439998626708984,0.0,289700
2019-12-06,29.28363800048828,0.0,40.810001373291016,0.0,40.90999984741211,40.790000915527344,40.790000915527344,0.0,896800
2019-12-09,29.254941940307617,0.0,40.77000045776367,0.0,40.83000183105469,40.689998626708984,40.689998626708984,0.0,115500
2019-12-10,29.2047061920166,0.0,40.70000076293945,0.0,40.7599983215332,40.65999984741211,40.75,0.0,1006900
2019-12-11,29.147306442260742,0.0,40.619998931884766,0.0,40.65999984741211,40.43000030517578,40.43000030517578,0.0,134800
2019-12-12,29.010967254638672,0.0,40.43000030517578,0.0,40.529998779296875,40.279998779296875,40.369998931884766,0.0,386300
2019-12-13,28.924856185913086,0.0,40.310001373291016,0.0,40.47999954223633,40.2599983215332,40.470001220703125,0.0,225100
2019-12-16,29.1042537689209,0.0,40.560001373291016,0.0,40.619998931884766,40.529998779296875,40.59000015258789,0.0,234000
2019-12-17,28.910507202148438,0.0,40.290000915527344,0.0,40.5099983215332,40.2599983215332,40.38999938964844,0.0,166500
2019-12-18,28.881803512573242,0.0,40.25,0.0,40.29999923706055,40.220001220703125,40.220001220703125,0.0,319500
2019-12-19,29.125776290893555,0.0,40.59000015258789,0.0,40.599998474121094,40.36000061035156,40.36000061035156,0.0,194700
2019-12-20,29.15447998046875,0.0,40.630001068115234,0.0,40.68000030517578,40.54999923706055,40.599998474121094,0.0,581600
2019-12-23,29.149890899658203,0.0,38.13999938964844,2.484,38.220001220703125,38.09000015258789,38.13999938964844,0.0,296500
2019-12-24,29.22632598876953,0.0,38.2400016784668,0.0,38.349998474121094,38.189998626708984,38.20000076293945,0.0,123600
2019-12-26,29.425039291381836,0.0,38.5,0.0,38.560001373291016,38.33000183105469,38.33000183105469,0.0,265600
2019-12-27,29.61610984802246,0.0,38.75,0.0,38.79999923706055,38.63999938964844,38.7400016784668,0.0,362000
2019-12-30,29.554964065551758,0.0,38.66999816894531,0.0,38.86000061035156,38.630001068115234,38.7599983215332,0.0,365000
2019-12-31,29.64668083190918,0.0,38.790000915527344,0.0,38.84000015258789,38.709999084472656,38.84000015258789,0.0,164900
2020-01-02,29.707822799682617,0.0,38.869998931884766,0.0,39.0,38.77000045776367,38.81999969482422,0.0,580900
2020-01-03,29.64668083190918,0.0,38.790000915527344,0.0,38.959999084472656,38.790000915527344,38.790000915527344,0.0,918200
2020-01-06,29.71546745300293,0.0,38.880001068115234,0.0,38.880001068115234,38.720001220703125,38.720001220703125,0.0,301200
2020-01-07,29.608463287353516,0.0,38.7400016784668,0.0,38.81999969482422,38.709999084472656,38.81999969482422,0.0,352500
2020-01-08,29.394458770751953,0.0,38.459999084472656,0.0,38.599998474121094,38.439998626708984,38.599998474121094,0.0,740600
2020-01-09,29.371538162231445,0.0,38.43000030517578,0.0,38.54999923706055,38.400001525878906,38.4900016784668,0.0,196300
2020-01-10,29.38681983947754,0.0,38.45000076293945,0.0,38.58000183105469,38.45000076293945,38.54999923706055,0.0,839000
2020-01-13,29.54732322692871,0.0,38.65999984741211,0.0,38.65999984741211,38.459999084472656,38.4900016784668,0.0,671400
2020-01-14,29.524394989013672,0.0,38.630001068115234,0.0,38.689998626708984,38.599998474121094,38.599998474121094,0.0,237500
2020-01-15,29.623750686645508,0.0,38.7599983215332,0.0,38.7599983215332,38.65999984741211,38.66999816894531,0.0,172200
2020-01-16,29.814823150634766,0.0,39.0099983215332,0.0,39.02000045776367,38.88999938964844,38.88999938964844,0.0,244400
2020-01-17,29.937110900878906,0.0,39.16999816894531,0.0,39.18000030517578,39.06999969482422,39.06999969482422,0.0,326000
2020-01-21,29.738391876220703,0.0,38.90999984741211,0.0,38.9900016784668,38.900001525878906,38.900001525878906,0.0,291500
2020-01-22,29.860673904418945,0.0,39.06999969482422,0.0,39.119998931884766,39.02000045776367,39.08000183105469,0.0,715200
2020-01-23,29.921829223632812,0.0,39.150001525878906,0.0,39.189998626708984,39.0099983215332,39.040000915527344,0.0,302100
2020-01-24,29.990610122680664,0.0,39.2400016784668,0.0,39.349998474121094,39.16999816894531,39.349998474121094,0.0,334600
2020-01-27,29.608463287353516,0.0,38.7400016784668,0.0,38.83000183105469,38.689998626708984,38.689998626708984,0.0,238300
2020-01-28,29.64668083190918,0.0,38.790000915527344,0.0,38.86000061035156,38.66999816894531,38.66999816894531,0.0,200700
2020-01-29,29.814823150634766,0.0,39.0099983215332,0.0,39.04999923706055,38.90999984741211,38.90999984741211,0.0,225600
2020-01-30,29.80717658996582,0.0,39.0,0.0,39.040000915527344,38.790000915527344,38.790000915527344,0.0,374300
2020-01-31,29.684894561767578,0.0,38.84000015258789,0.0,38.91999816894531,38.709999084472656,38.91999816894531,0.0,503000
2020-02-03,29.654325485229492,0.0,38.79999923706055,0.0,38.86000061035156,38.75,38.81999969482422,0.0,494500
2020-02-04,29.79953956604004,0.0,38.9900016784668,0.0,39.06999969482422,38.93000030517578,39.02000045776367,0.0,310100
2020-02-05,29.814823150634766,0.0,39.0099983215332,0.0,39.15999984741211,38.9900016784668,39.029998779296875,0.0,467300
2020-02-06,29.79953956604004,0.0,38.9900016784668,0.0,39.029998779296875,38.90999984741211,39.029998779296875,0.0,742400
2020-02-07,29.661964416503906,0.0,38.810001373291016,0.0,39.029998779296875,38.810001373291016,38.97999954223633,0.0,829100
2020-02-10,29.830102920532227,0.0,39.029998779296875,0.0,39.029998779296875,38.86000061035156,38.86000061035156,0.0,535100
2020-02-11,29.937110900878906,0.0,39.16999816894531,0.0,39.2400016784668,39.040000915527344,39.189998626708984,0.0,514200
2020-02-12,29.952392578125,0.0,39.189998626708984,0.0,39.2599983215332,39.15999984741211,39.20000076293945,0.0,1928200
2020-02-13,29.960033416748047,0.0,39.20000076293945,0.0,39.29999923706055,39.15999984741211,39.209999084472656,0.0,1356000
2020-02-14,30.219892501831055,0.0,39.540000915527344,0.0,39.540000915527344,39.40999984741211,39.470001220703125,0.0,1140800
2020-02-18,30.112895965576172,0.0,39.400001525878906,0.0,39.5099983215332,39.38999938964844,39.45000076293945,0.0,327700
2020-02-19,30.021169662475586,0.0,39.279998779296875,0.0,39.470001220703125,39.2400016784668,39.40999984741211,0.0,199100
2020-02-20,29.906530380249023,0.0,39.130001068115234,0.0,39.18000030517578,38.93000030517578,39.060001373291016,0.0,544400
2020-02-21,29.84539794921875,0.0,39.04999923706055,0.0,39.06999969482422,38.93000030517578,38.95000076293945,0.0,249700
2020-02-24,29.25689125061035,0.0,38.279998779296875,0.0,38.43000030517578,38.06999969482422,38.15999984741211,0.0,453900
2020-02-25,28.943531036376953,0.0,37.869998931884766,0.0,38.43000030517578,37.83000183105469,38.279998779296875,0.0,785900
2020-02-26,28.6378231048584,0.0,37.470001220703125,0.0,37.88999938964844,37.470001220703125,37.689998626708984,0.0,795500
2020-02-27,27.949968338012695,0.0,36.56999969482422,0.0,37.15999984741211,36.56999969482422,36.959999084472656,0.0,630400
2020-02-28,27.353822708129883,0.0,35.790000915527344,0.0,35.83000183105469,35.119998931884766,35.5,0.0,1809600
2020-03-02,27.506677627563477,0.0,35.9900016784668,0.0,36.08000183105469,35.599998474121094,35.68000030517578,0.0,1906900
2020-03-03,27.87353515625,0.0,36.470001220703125,0.0,36.959999084472656,36.31999969482422,36.5,0.0,1185500
2020-03-04,28.530820846557617,0.0,37.33000183105469,0.0,37.33000183105469,36.91999816894531,36.91999816894531,0.0,1226600
2020-03-05,28.423816680908203,0.0,37.189998626708984,0.0,37.380001068115234,37.0,37.16999816894531,0.0,1093300
2020-03-06,27.888818740844727,0.0,36.4900016784668,0.0,36.58000183105469,36.2400016784668,36.5099983215332,0.0,739300
2020-03-09,26.299104690551758,0.0,34.40999984741211,0.0,35.029998779296875,34.38999938964844,34.689998626708984,0.0,555600
2020-03-10,26.4596004486084,0.0,34.619998931884766,0.0,35.029998779296875,34.040000915527344,35.029998779296875,0.0,1320600
2020-03-11,25.71060562133789,0.0,33.63999938964844,0.0,34.43000030517578,33.5,34.290000915527344,0.0,894500
2020-03-12,23.050884246826172,0.0,30.15999984741211,0.0,31.200000762939453,29.760000228881836,31.200000762939453,0.0,808700
2020-03-13,22.737529754638672,0.0,29.75,0.0,30.389999389648438,28.899999618530273,30.389999389648438,0.0,1230000
2020-03-16,20.490522384643555,0.0,26.809999465942383,0.0,27.469999313354492,26.31999969482422,26.889999389648438,0.0,819000
2020-03-17,20.093097686767578,0.0,26.290000915527344,0.0,26.479999542236328,25.899999618530273,26.239999771118164,0.0,972500
2020-03-18,18.228240966796875,0.0,23.850000381469727,0.0,24.65999984741211,23.360000610351562,24.239999771118164,0.0,901200
2020-03-19,17.112380981445312,0.0,22.389999389648438,0.0,22.770000457763672,21.93000030517578,22.649999618530273,0.0,1797200
2020-03-20,17.517446517944336,0.0,22.920000076293945,0.0,23.799999237060547,22.790000915527344,22.860000610351562,0.0,1222500
2020-03-23,17.57608985900879,0.0,22.780000686645508,0.216,23.299999237060547,22.530000686645508,23.049999237060547,0.0,856100
2020-03-24,19.211788177490234,0.0,24.899999618530273,0.0,25.040000915527344,24.549999237060547,25.030000686645508,0.0,1339700
2020-03-25,20.461715698242188,0.0,26.520000457763672,0.0,26.8700008392334,25.6299991607666,25.799999237060547,0.0,743100
2020-03-26,21.040380477905273,0.0,27.270000457763672,0.0,27.360000610351562,25.899999618530273,26.06999969482422,0.0,1998500
2020-03-27,20.299692153930664,0.0,26.309999465942383,0.0,26.670000076293945,25.65999984741211,25.969999313354492,0.0,1153700
2020-03-30,20.46943473815918,0.0,26.530000686645508,0.0,26.639999389648438,25.899999618530273,26.149999618530273,0.0,755600
2020-03-31,20.654603958129883,0.0,26.770000457763672,0.0,26.8799991607666,26.239999771118164,26.329999923706055,0.0,1556700
2020-04-01,19.906190872192383,0.0,25.799999237060547,0.0,26.040000915527344,25.610000610351562,25.889999389648438,0.0,779000
2020-04-02,19.697874069213867,0.0,25.530000686645508,0.0,25.770000457763672,25.270000457763672,25.329999923706055,0.0,912500
2020-04-03,19.034332275390625,0.0,24.670000076293945,0.0,24.979999542236328,24.610000610351562,24.940000534057617,0.0,761900
2020-04-06,19.759597778320312,0.0,25.610000610351562,0.0,25.65999984741211,25.31999969482422,25.3799991607666,0.0,765200
2020-04-07,20.538869857788086,0.0,26.6200008392334,0.0,27.260000228881836,26.540000915527344,27.059999465942383,0.0,1937700
2020-04-08,20.95551109313965,0.0,27.15999984741211,0.0,27.270000457763672,26.850000381469727,26.969999313354492,0.0,599400
2020-04-09,21.503318786621094,0.0,27.8700008392334,0.0,28.049999237060547,27.420000076293945,27.600000381469727,0.0,754400
2020-04-13,21.349010467529297,0.0,27.670000076293945,0.0,27.889999389648438,27.510000228881836,27.81999969482422,0.0,718400
2020-04-14,21.46474266052246,0.0,27.81999969482422,0.0,28.030000686645508,27.700000762939453,27.739999771118164,0.0,562500
2020-04-15,20.84749412536621,0.0,27.020000457763672,0.0,27.280000686645508,26.90999984741211,27.280000686645508,0.0,432200
2020-04-16,20.693180084228516,0.0,26.81999969482422,0.0,27.149999618530273,26.68000030517578,26.950000762939453,0.0,494300
2020-04-17,21.30271339416504,0.0,27.610000610351562,0.0,27.670000076293945,27.43000030517578,27.520000457763672,0.0,832500
2020-04-20,21.02495574951172,0.0,27.25,0.0,27.540000915527344,27.139999389648438,27.31999969482422,0.0,528400
2020-04-21,20.46943473815918,0.0,26.530000686645508,0.0,26.780000686645508,26.40999984741211,26.59000015258789,0.0,414200
2020-04-22,20.67003631591797,0.0,26.790000915527344,0.0,26.829999923706055,26.6200008392334,26.799999237060547,0.0,667800
2020-04-23,20.7471923828125,0.0,26.889999389648438,0.0,27.260000228881836,26.799999237060547,26.989999771118164,0.0,497900
2020-04-24,20.739477157592773,0.0,26.8799991607666,0.0,26.93000030517578,26.65999984741211,26.799999237060547,0.0,407800
2020-04-27,21.094390869140625,0.0,27.34000015258789,0.0,27.43000030517578,27.290000915527344,27.290000915527344,0.0,390300
2020-04-28,21.2332706451416,0.0,27.520000457763672,0.0,27.850000381469727,27.399999618530273,27.719999313354492,0.0,489500
2020-04-29,21.750219345092773,0.0,28.190000534057617,0.0,28.360000610351562,27.959999084472656,27.969999313354492,0.0,667700
2020-04-30,21.61133575439453,0.0,28.010000228881836,0.0,28.280000686645508,27.940000534057617,28.25,0.0,593500
2020-05-01,21.179264068603516,0.0,27.450000762939453,0.0,27.65999984741211,27.31999969482422,27.65999984741211,0.0,659600
2020-05-04,21.063528060913086,0.0,27.299999237060547,0.0,27.3700008392334,27.0,27.110000610351562,0.0,374200
2020-05-05,21.140684127807617,0.0,27.399999618530273,0.0,27.690000534057617,27.3700008392334,27.479999542236328,0.0,516800
2020-05-06,20.901500701904297,0.0,27.09000015258789,0.0,27.5,27.06999969482422,27.43000030517578,0.0,684300
2020-05-07,21.28728485107422,0.0,27.59000015258789,0.0,27.770000457763672,27.40999984741211,27.5,0.0,731600
2020-05-08,21.76564598083496,0.0,28.209999084472656,0.0,28.329999923706055,28.0,28.0,0.0,424800
2020-05-11,21.819656372070312,0.0,28.280000686645508,0.0,28.3700008392334,28.100000381469727,28.170000076293945,0.0,748400
2020-05-12,21.21784210205078,0.0,27.5,0.0,28.020000457763672,27.5,28.020000457763672,0.0,2200600
2020-05-13,20.893789291381836,0.0,27.079999923706055,0.0,27.489999771118164,26.969999313354492,27.31999969482422,0.0,746800
2020-05-14,20.801204681396484,0.0,26.959999084472656,0.0,27.020000457763672,26.43000030517578,26.530000686645508,0.0,644000
2020-05-15,20.600597381591797,0.0,26.700000762939453,0.0,26.719999313354492,26.510000228881836,26.649999618530273,0.0,594400
2020-05-18,21.28728485107422,0.0,27.59000015258789,0.0,27.649999618530273,27.239999771118164,27.239999771118164,0.0,782900
2020-05-19,21.256418228149414,0.0,27.549999237060547,0.0,27.739999771118164,27.5,27.600000381469727,0.0,361900
2020-05-20,21.410734176635742,0.0,27.75,0.0,27.84000015258789,27.670000076293945,27.670000076293945,0.0,300900
2020-05-21,21.1947021484375,0.0,27.469999313354492,0.0,27.709999084472656,27.40999984741211,27.540000915527344,0.0,618200
2020-05-22,21.1252498626709,0.0,27.3799991607666,0.0,27.40999984741211,27.200000762939453,27.290000915527344,0.0,378100
2020-05-26,21.896812438964844,0.0,28.3799991607666,0.0,28.530000686645508,28.3700008392334,28.3700008392334,0.0,483900
2020-05-27,22.081989288330078,0.0,28.6200008392334,0.0,28.690000534057617,28.34000015258789,28.56999969482422,0.0,475400
2020-05-28,22.020261764526367,0.0,28.540000915527344,0.0,28.790000915527344,28.540000915527344,28.639999389648438,0.0,655500
2020-05-29,22.213153839111328,0.0,28.790000915527344,0.0,28.8700008392334,28.559999465942383,28.75,0.0,650500
2020-06-01,22.645225524902344,0.0,29.350000381469727,0.0,29.350000381469727,28.8799991607666,28.90999984741211,0.0,545800
2020-06-02,23.21617317199707,0.0,30.09000015258789,0.0,30.18000030517578,29.989999771118164,29.989999771118164,0.0,725700
2020-06-03,23.941442489624023,0.0,31.030000686645508,0.0,31.040000915527344,30.6200008392334,30.6200008392334,0.0,672400
2020-06-04,23.725404739379883,0.0,30.75,0.0,30.889999389648438,30.579999923706055,30.6299991607666,0.0,357900
2020-06-05,24.196062088012695,0.0,31.360000610351562,0.0,31.549999237060547,31.309999465942383,31.3700008392334,0.0,426000
2020-06-08,24.65899085998535,0.0,31.959999084472656,0.0,31.989999771118164,31.600000381469727,31.6200008392334,0.0,1429700
2020-06-09,24.327219009399414,0.0,31.530000686645508,0.0,31.639999389648438,31.40999984741211,31.530000686645508,0.0,423700
2020-06-10,24.149757385253906,0.0,31.299999237060547,0.0,31.510000228881836,31.09000015258789,31.3799991607666,0.0,347500
2020-06-11,22.75324058532715,0.0,29.489999771118164,0.0,30.299999237060547,29.489999771118164,30.170000076293945,0.0,1001100
2020-06-12,23.362775802612305,0.0,30.280000686645508,0.0,30.479999542236328,29.850000381469727,30.309999465942383,0.0,478000
2020-06-15,23.169883728027344,0.0,30.030000686645508,0.0,30.100000381469727,29.31999969482422,29.440000534057617,0.0,943700
2020-06-16,23.439929962158203,0.0,30.3799991607666,0.0,30.860000610351562,30.139999389648438,30.639999389648438,0.0,306700
2020-06-17,23.578807830810547,0.0,30.559999465942383,0.0,30.809999465942383,30.489999771118164,30.709999084472656,0.0,444700
2020-06-18,23.439929962158203,0.0,30.3799991607666,0.0,30.520000457763672,30.299999237060547,30.299999237060547,0.0,640900
2020-06-19,23.07729721069336,0.0,29.90999984741211,0.0,30.40999984741211,29.850000381469727,30.40999984741211,0.0,672900
2020-06-22,23.250999450683594,0.0,29.850000381469727,0.283,29.850000381469727,29.549999237060547,29.6200008392334,0.0,808200
2020-06-23,23.14974021911621,0.0,29.719999313354492,0.0,29.969999313354492,29.719999313354492,29.899999618530273,0.0,551500
2020-06-24,22.659011840820312,0.0,29.09000015258789,0.0,29.520000457763672,29.030000686645508,29.459999084472656,0.0,490100
2020-06-25,22.760271072387695,0.0,29.219999313354492,0.0,29.219999313354492,28.84000015258789,28.940000534057617,0.0,444900
2020-06-26,22.526596069335938,0.0,28.920000076293945,0.0,29.149999618530273,28.84000015258789,29.100000381469727,0.0,449900
2020-06-29,22.581119537353516,0.0,28.989999771118164,0.0,28.989999771118164,28.709999084472656,28.8700008392334,0.0,396100
2020-06-30,22.448701858520508,0.0,28.81999969482422,0.0,28.950000762939453,28.729999542236328,28.760000228881836,0.0,306900
2020-07-01,22.799217224121094,0.0,29.270000457763672,0.0,29.329999923706055,29.049999237060547,29.049999237060547,0.0,350300
2020-07-02,23.12636947631836,0.0,29.690000534057617,0.0,29.940000534057617,29.639999389648438,29.760000228881836,0.0,353600
2020-07-06,23.28994369506836,0.0,29.899999618530273,0.0,30.020000457763672,29.809999465942383,29.950000762939453,0.0,464400
2020-07-07,22.89269256591797,0.0,29.389999389648438,0.0,29.600000381469727,29.3799991607666,29.489999771118164,0.0,456500
2020-07-08,23.00953483581543,0.0,29.540000915527344,0.0,29.559999465942383,29.309999465942383,29.389999389648438,0.0,357900
2020-07-09,22.697959899902344,0.0,29.139999389648438,0.0,29.40999984741211,28.940000534057617,29.40999984741211,0.0,554700
2020-07-10,22.838165283203125,0.0,29.31999969482422,0.0,29.329999923706055,29.139999389648438,29.18000030517578,0.0,702800
2020-07-13,22.627853393554688,0.0,29.049999237060547,0.0,29.479999542236328,29.020000457763672,29.34000015258789,0.0,419300
2020-07-14,22.861530303955078,0.0,29.350000381469727,0.0,29.40999984741211,29.100000381469727,29.100000381469727,0.0,419900
2020-07-15,22.931638717651367,0.0,29.440000534057617,0.0,29.579999923706055,29.350000381469727,29.549999237060547,0.0,225200
2020-07-16,22.651227951049805,0.0,29.079999923706055,0.0,29.25,29.040000915527344,29.170000076293945,0.0,304100
2020-07-17,22.74469566345215,0.0,29.200000762939453,0.0,29.219999313354492,29.0,29.09000015258789,0.0,632500
2020-07-20,22.768054962158203,0.0,29.229999542236328,0.0,29.25,29.1200008392334,29.18000030517578,0.0,345500
2020-07-21,22.89269256591797,0.0,29.389999389648438,0.0,29.510000228881836,29.299999237060547,29.34000015258789,0.0,434300
2020-07-22,23.017316818237305,0.0,29.549999237060547,0.0,29.600000381469727,29.3700008392334,29.3700008392334,0.0,617000
2020-07-23,22.8070125579834,0.0,29.280000686645508,0.0,29.520000457763672,29.200000762939453,29.459999084472656,0.0,442100
2020-07-24,22.783639907836914,0.0,29.25,0.0,29.31999969482422,29.139999389648438,29.139999389648438,0.0,331600
2020-07-27,22.931638717651367,0.0,29.440000534057617,0.0,29.479999542236328,29.350000381469727,29.3799991607666,0.0,286000
2020-07-28,22.923847198486328,0.0,29.43000030517578,0.0,29.579999923706055,29.260000228881836,29.260000228881836,0.0,272700
2020-07-29,23.360050201416016,0.0,29.989999771118164,0.0,30.030000686645508,29.790000915527344,29.790000915527344,0.0,604300
2020-07-30,23.118576049804688,0.0,29.68000030517578,0.0,29.709999084472656,29.290000915527344,29.5,0.0,344000
2020-07-31,22.95500946044922,0.0,29.469999313354492,0.0,29.799999237060547,29.280000686645508,29.760000228881836,0.0,435600
2020-08-03,22.95500946044922,0.0,29.469999313354492,0.0,29.469999313354492,29.200000762939453,29.329999923706055,0.0,543800
2020-08-04,23.21983528137207,0.0,29.809999465942383,0.0,29.81999969482422,29.459999084472656,29.459999084472656,0.0,630000
2020-08-05,23.476884841918945,0.0,30.139999389648438,0.0,30.260000228881836,30.06999969482422,30.100000381469727,0.0,530800
2020-08-06,23.367839813232422,0.0,30.0,0.0,30.040000915527344,29.829999923706055,29.8700008392334,0.0,444500
2020-08-07,23.32110023498535,0.0,29.940000534057617,0.0,29.979999542236328,29.75,29.790000915527344,0.0,372800
2020-08-10,23.39899444580078,0.0,30.040000915527344,0.0,30.049999237060547,29.899999618530273,29.899999618530273,0.0,499600
2020-08-11,23.375621795654297,0.0,30.010000228881836,0.0,30.5,29.989999771118164,30.479999542236328,0.0,3049500
2020-08-12,23.617094039916992,0.0,30.31999969482422,0.0,30.440000534057617,30.270000457763672,30.3700008392334,0.0,452600
2020-08-13,23.51583480834961,0.0,30.190000534057617,0.0,30.450000762939453,30.139999389648438,30.350000381469727,0.0,500100
2020-08-14,23.43014907836914,0.0,30.079999923706055,0.0,30.200000762939453,30.030000686645508,30.100000381469727,0.0,811700
2020-08-17,23.593727111816406,0.0,30.290000915527344,0.0,30.31999969482422,30.219999313354492,30.219999313354492,0.0,337200
2020-08-18,23.5859317779541,0.0,30.280000686645508,0.0,30.520000457763672,30.25,30.399999618530273,0.0,247200
2020-08-19,23.250999450683594,0.0,29.850000381469727,0.0,30.18000030517578,29.790000915527344,30.170000076293945,0.0,628700
2020-08-20,23.55478286743164,0.0,30.239999771118164,0.0,30.280000686645508,29.8700008392334,29.8700008392334,0.0,757000
2020-08-21,23.687198638916016,0.0,30.40999984741211,0.0,30.420000076293945,30.229999542236328,30.270000457763672,0.0,387900
2020-08-24,23.77288246154785,0.0,30.520000457763672,0.0,30.559999465942383,30.43000030517578,30.559999465942383,0.0,300000
2020-08-25,23.718355178833008,0.0,30.450000762939453,0.0,30.559999465942383,30.31999969482422,30.510000228881836,0.0,609100
2020-08-26,23.85856056213379,0.0,30.6299991607666,0.0,30.68000030517578,30.56999969482422,30.56999969482422,0.0,848900
2020-08-27,23.593727111816406,0.0,30.290000915527344,0.0,30.549999237060547,30.209999084472656,30.459999084472656,0.0,613600
2020-08-28,23.96761131286621,0.0,30.770000457763672,0.0,30.780000686645508,30.6200008392334,30.68000030517578,0.0,1397900
2020-08-31,23.804033279418945,0.0,30.559999465942383,0.0,30.739999771118164,30.559999465942383,30.700000762939453,0.0,496600
2020-09-01,23.76508903503418,0.0,30.510000228881836,0.0,30.559999465942383,30.40999984741211,30.520000457763672,0.0,489800
2020-09-02,24.0377140045166,0.0,30.860000610351562,0.0,30.8700008392334,30.56999969482422,30.6299991607666,0.0,281000
2020-09-03,23.74172019958496,0.0,30.479999542236328,0.0,30.940000534057617,30.440000534057617,30.8799991607666,0.0,759700
2020-09-04,23.6248836517334,0.0,30.329999923706055,0.0,30.469999313354492,29.90999984741211,30.389999389648438,0.0,813600
2020-09-08,23.5002498626709,0.0,30.170000076293945,0.0,30.350000381469727,30.06999969482422,30.110000610351562,0.0,556700
2020-09-09,23.804033279418945,0.0,30.559999465942383,0.0,30.639999389648438,30.420000076293945,30.420000076293945,0.0,486300
2020-09-10,23.461305618286133,0.0,30.1200008392334,0.0,30.579999923706055,30.079999923706055,30.579999923706055,0.0,592400
2020-09-11,23.461305618286133,0.0,30.1200008392334,0.0,30.399999618530273,30.020000457763672,30.270000457763672,0.0,786200
2020-09-14,23.65604019165039,0.0,30.3700008392334,0.0,30.420000076293945,30.280000686645508,30.280000686645508,0.0,365300
2020-09-15,23.9520320892334,0.0,30.75,0.0,30.829999923706055,30.690000534057617,30.700000762939453,0.0,335100
2020-09-16,24.17013168334961,0.0,31.030000686645508,0.0,31.25,30.979999542236328,30.979999542236328,0.0,497200
2020-09-17,24.294757843017578,0.0,31.190000534057617,0.0,31.209999084472656,30.93000030517578,30.93000030517578,0.0,485100
2020-09-18,23.85077476501465,0.0,30.6200008392334,0.0,30.799999237060547,30.530000686645508,30.799999237060547,0.0,1177600
2020-09-21,23.244897842407227,0.0,29.579999923706055,0.269,29.690000534057617,29.389999389648438,29.690000534057617,0.0,464700
2020-09-22,23.197744369506836,0.0,29.520000457763672,0.0,29.579999923706055,29.299999237060547,29.540000915527344,0.0,314800
2020-09-23,22.82054901123047,0.0,29.040000915527344,0.0,29.489999771118164,29.020000457763672,29.43000030517578,0.0,935400
2020-09-24,22.94628143310547,0.0,29.200000762939453,0.0,29.389999389648438,29.049999237060547,29.110000610351562,0.0,444800
2020-09-25,23.048437118530273,0.0,29.329999923706055,0.0,29.329999923706055,28.979999542236328,29.020000457763672,0.0,403100
2020-09-28,23.425636291503906,0.0,29.809999465942383,0.0,29.829999923706055,29.700000762939453,29.75,0.0,644000
2020-09-29,23.20560073852539,0.0,29.530000686645508,0.0,29.6299991607666,29.43000030517578,29.56999969482422,0.0,257100
2020-09-30,23.3470516204834,0.0,29.709999084472656,0.0,29.8700008392334,29.59000015258789,29.59000015258789,0.0,612900
2020-10-01,23.598520278930664,0.0,30.030000686645508,0.0,30.06999969482422,29.850000381469727,29.889999389648438,0.0,290500
2020-10-02,23.62994956970215,0.0,30.06999969482422,0.0,30.1299991607666,29.719999313354492,29.729999542236328,0.0,511800
2020-10-05,23.936426162719727,0.0,30.459999084472656,0.0,30.459999084472656,30.290000915527344,30.299999237060547,0.0,488200
2020-10-06,23.755685806274414,0.0,30.229999542236328,0.0,30.56999969482422,30.209999084472656,30.420000076293945,0.0,371000
2020-10-07,23.771404266357422,0.0,30.25,0.0,30.3799991607666,30.209999084472656,30.31999969482422,0.0,259900
2020-10-08,23.834270477294922,0.0,30.329999923706055,0.0,30.350000381469727,30.260000228881836,30.299999237060547,0.0,284900
2020-10-09,23.88927459716797,0.0,30.399999618530273,0.0,30.440000534057617,30.290000915527344,30.329999923706055,0.0,225800
2020-10-12,23.983579635620117,0.0,30.520000457763672,0.0,30.56999969482422,30.389999389648438,30.389999389648438,0.0,469600
2020-10-13,23.77926254272461,0.0,30.260000228881836,0.0,30.3700008392334,30.219999313354492,30.360000610351562,0.0,354700
2020-10-14,23.69281768798828,0.0,30.149999618530273,0.0,30.329999923706055,30.1299991607666,30.270000457763672,0.0,369000
2020-10-15,23.661386489868164,0.0,30.110000610351562,0.0,30.139999389648438,29.860000610351562,29.8799991607666,0.0,348400
2020-10-16,23.362773895263672,0.0,29.729999542236328,0.0,29.780000686645508,29.690000534057617,29.780000686645508,0.0,388300
2020-10-19,23.35491371154785,0.0,29.719999313354492,0.0,30.030000686645508,29.709999084472656,29.959999084472656,0.0,483400
2020-10-20,23.47278594970703,0.0,29.8700008392334,0.0,30.030000686645508,29.8700008392334,29.8700008392334,0.0,249600
2020-10-21,23.464927673339844,0.0,29.860000610351562,0.0,30.0,29.809999465942383,29.809999465942383,0.0,299800
2020-10-22,23.464927673339844,0.0,29.860000610351562,0.0,29.920000076293945,29.729999542236328,29.860000610351562,0.0,339000
2020-10-23,23.567089080810547,0.0,29.989999771118164,0.0,30.040000915527344,29.8799991607666,30.010000228881836,0.0,253400
2020-10-26,23.182031631469727,0.0,29.5,0.0,29.649999618530273,29.360000610351562,29.639999389648438,0.0,278000
2020-10-27,22.993432998657227,0.0,29.260000228881836,0.0,29.40999984741211,29.25,29.3799991607666,0.0,216100
2020-10-28,22.28618621826172,0.0,28.360000610351562,0.0,28.59000015258789,28.31999969482422,28.540000915527344,0.0,307000
2020-10-29,22.474782943725586,0.0,28.600000381469727,0.0,28.68000030517578,28.3700008392334,28.450000762939453,0.0,571600
2020-10-30,22.43548583984375,0.0,28.549999237060547,0.0,28.559999465942383,28.360000610351562,28.510000228881836,0.0,510600
2020-11-02,22.639801025390625,0.0,28.809999465942383,0.0,28.809999465942383,28.610000610351562,28.690000534057617,0.0,432600
2020-11-03,23.12701988220215,0.0,29.43000030517578,0.0,29.510000228881836,29.280000686645508,29.280000686645508,0.0,360500
2020-11-04,23.457067489624023,0.0,29.850000381469727,0.0,30.06999969482422,29.579999923706055,29.600000381469727,0.0,819800
2020-11-05,24.093591690063477,0.0,30.65999984741211,0.0,30.719999313354492,30.510000228881836,30.510000228881836,0.0,385900
2020-11-06,24.030731201171875,0.0,30.579999923706055,0.0,30.700000762939453,30.559999465942383,30.670000076293945,0.0,490400
2020-11-09,24.78512954711914,0.0,31.540000915527344,0.0,32.130001068115234,31.510000228881836,32.06999969482422,0.0,650300
2020-11-10,25.217334747314453,0.0,32.09000015258789,0.0,32.2599983215332,32.0099983215332,32.0099983215332,0.0,733800
2020-11-11,25.563095092773438,0.0,32.529998779296875,0.0,32.540000915527344,32.34000015258789,32.34000015258789,0.0,334600
2020-11-12,25.12303352355957,0.0,31.969999313354492,0.0,32.20000076293945,31.899999618530273,32.09000015258789,0.0,298900
2020-11-13,25.2723388671875,0.0,32.15999984741211,0.0,32.20000076293945,31.860000610351562,31.889999389648438,0.0,305700
2020-11-16,25.60239028930664,0.0,32.58000183105469,0.0,32.689998626708984,32.4900016784668,32.58000183105469,0.0,303600
2020-11-17,25.680971145629883,0.0,32.68000030517578,0.0,32.790000915527344,32.56999969482422,32.59000015258789,0.0,315200
2020-11-18,25.555240631103516,0.0,32.52000045776367,0.0,32.84000015258789,32.52000045776367,32.689998626708984,0.0,282300
2020-11-19,25.66525650024414,0.0,32.65999984741211,0.0,32.66999816894531,32.380001068115234,32.400001525878906,0.0,1118700
2020-11-20,25.63382339477539,0.0,32.619998931884766,0.0,32.63999938964844,32.540000915527344,32.61000061035156,0.0,426800
2020-11-23,25.484514236450195,0.0,32.43000030517578,0.0,32.70000076293945,32.41999816894531,32.70000076293945,0.0,649900
2020-11-24,25.845998764038086,0.0,32.88999938964844,0.0,32.91999816894531,32.650001525878906,32.650001525878906,0.0,327800
2020-11-25,25.877429962158203,0.0,32.93000030517578,0.0,32.9900016784668,32.7599983215332,32.7599983215332,0.0,212700
2020-11-27,25.924585342407227,0.0,32.9900016784668,0.0,33.0099983215332,32.91999816894531,32.91999816894531,0.0,160100
2020-11-30,25.476655960083008,0.0,32.41999816894531,0.0,32.880001068115234,32.40999984741211,32.880001068115234,0.0,620100
2020-12-01,26.01888084411621,0.0,33.11000061035156,0.0,33.119998931884766,32.810001373291016,32.869998931884766,0.0,693200
2020-12-02,25.853853225708008,0.0,32.900001525878906,0.0,32.95000076293945,32.709999084472656,32.79999923706055,0.0,800300
2020-12-03,26.121042251586914,0.0,33.2400016784668,0.0,33.34000015258789,33.09000015258789,33.09000015258789,0.0,311000
2020-12-04,26.293922424316406,0.0,33.459999084472656,0.0,33.5099983215332,33.38999938964844,33.43000030517578,0.0,225600
2020-12-07,26.105321884155273,0.0,33.220001220703125,0.0,33.33000183105469,33.13999938964844,33.22999954223633,0.0,188100
2020-12-08,26.19961929321289,0.0,33.34000015258789,0.0,33.34000015258789,33.209999084472656,33.22999954223633,0.0,613700
2020-12-09,26.12889862060547,0.0,33.25,0.0,33.41999816894531,33.040000915527344,33.34000015258789,0.0,1164600
2020-12-10,26.21533966064453,0.0,33.36000061035156,0.0,33.40999984741211,33.02000045776367,33.06999969482422,0.0,340400
2020-12-11,26.23105812072754,0.0,33.380001068115234,0.0,33.380001068115234,33.209999084472656,33.220001220703125,0.0,263600
2020-12-14,26.27035140991211,0.0,33.43000030517578,0.0,33.70000076293945,33.40999984741211,33.630001068115234,0.0,231500
2020-12-15,26.55324935913086,0.0,33.790000915527344,0.0,33.810001373291016,33.4900016784668,33.529998779296875,0.0,424200
2020-12-16,26.733991622924805,0.0,34.02000045776367,0.0,34.060001373291016,33.869998931884766,33.93000030517578,0.0,289600
2020-12-17,26.90686798095703,0.0,34.2400016784668,0.0,34.34000015258789,34.220001220703125,34.2400016784668,0.0,264600
2020-12-18,26.52967071533203,0.0,33.7599983215332,0.0,34.0,33.650001525878906,34.0,0.0,432600
2020-12-21,26.069984436035156,0.0,32.95000076293945,0.229,33.04999923706055,32.56999969482422,32.77000045776367,0.0,493600
2020-12-22,26.18866539001465,0.0,33.099998474121094,0.0,33.15999984741211,32.959999084472656,33.0,0.0,485500
2020-12-23,26.560527801513672,0.0,33.56999969482422,0.0,33.61000061035156,33.4900016784668,33.52000045776367,0.0,421900
2020-12-24,26.62382698059082,0.0,33.650001525878906,0.0,33.720001220703125,33.630001068115234,33.65999984741211,0.0,133900
2020-12-28,26.78997802734375,0.0,33.86000061035156,0.0,34.02000045776367,33.779998779296875,34.02000045776367,0.0,195200
2020-12-29,27.01941680908203,0.0,34.150001525878906,0.0,34.310001373291016,34.09000015258789,34.2599983215332,0.0,339900
2020-12-30,27.146013259887695,0.0,34.310001373291016,0.0,34.52000045776367,34.29999923706055,34.380001068115234,0.0,287100
2020-12-31,26.97195053100586,0.0,34.09000015258789,0.0,34.279998779296875,34.04999923706055,34.279998779296875,0.0,653400
2021-01-04,26.679203033447266,0.0,33.720001220703125,0.0,34.27000045776367,33.63999938964844,34.27000045776367,0.0,508000
2021-01-05,27.05107307434082,0.0,34.189998626708984,0.0,34.25,33.9900016784668,34.0099983215332,0.0,317500
2021-01-06,27.146013259887695,0.0,34.310001373291016,0.0,34.45000076293945,34.029998779296875,34.09000015258789,0.0,200500
2021-01-07,26.813711166381836,0.0,33.88999938964844,0.0,33.939998626708984,33.79999923706055,33.900001525878906,0.0,445100
2021-01-08,26.916568756103516,0.0,34.02000045776367,0.0,34.02000045776367,33.709999084472656,33.97999954223633,0.0,270200
2021-01-11,26.489320755004883,0.0,33.47999954223633,0.0,33.540000915527344,33.380001068115234,33.439998626708984,0.0,298800
2021-01-12,26.513057708740234,0.0,33.5099983215332,0.0,33.56999969482422,33.29999923706055,33.40999984741211,0.0,426800
2021-01-13,26.48140525817871,0.0,33.470001220703125,0.0,33.54999923706055,33.40999984741211,33.459999084472656,0.0,256600
2021-01-14,26.782062530517578,0.0,33.849998474121094,0.0,33.90999984741211,33.689998626708984,33.689998626708984,0.0,222200
2021-01-15,26.54470443725586,0.0,33.54999923706055,0.0,33.619998931884766,33.36000061035156,33.5,0.0,275600
2021-01-19,26.74250030517578,0.0,33.79999923706055,0.0,33.869998931884766,33.689998626708984,33.81999969482422,0.0,387400
2021-01-20,26.908655166625977,0.0,34.0099983215332,0.0,34.04999923706055,33.77000045776367,33.779998779296875,0.0,246300
2021-01-21,26.647563934326172,0.0,33.68000030517578,0.0,33.86000061035156,33.529998779296875,33.790000915527344,0.0,339600
2021-01-22,26.560527801513672,0.0,33.56999969482422,0.0,33.63999938964844,33.47999954223633,33.47999954223633,0.0,128300
2021-01-25,26.489320755004883,0.0,33.47999954223633,0.0,33.54999923706055,33.16999816894531,33.41999816894531,0.0,167900
2021-01-26,26.7266788482666,0.0,33.779998779296875,0.0,33.79999923706055,33.619998931884766,33.619998931884766,0.0,207500
2021-01-27,26.560527801513672,0.0,33.56999969482422,0.0,33.83000183105469,33.45000076293945,33.529998779296875,0.0,391700
2021-01-28,26.782062530517578,0.0,33.849998474121094,0.0,33.970001220703125,33.56999969482422,33.56999969482422,0.0,416600
2021-01-29,26.61591339111328,0.0,33.63999938964844,0.0,33.880001068115234,33.470001220703125,33.790000915527344,0.0,326600
2021-02-01,26.62382698059082,0.0,33.650001525878906,0.0,33.72999954223633,33.470001220703125,33.65999984741211,0.0,607800
2021-02-02,26.734594345092773,0.0,33.790000915527344,0.0,33.810001373291016,33.529998779296875,33.689998626708984,0.0,148000
2021-02-03,26.734594345092773,0.0,33.790000915527344,0.0,33.849998474121094,33.68000030517578,33.77000045776367,0.0,153000
2021-02-04,26.70294189453125,0.0,33.75,0.0,33.790000915527344,33.63999938964844,33.689998626708984,0.0,148700
2021-02-05,26.86118507385254,0.0,33.95000076293945,0.0,33.970001220703125,33.83000183105469,33.849998474121094,0.0,227800
2021-02-08,26.86909294128418,0.0,33.959999084472656,0.0,34.04999923706055,33.900001525878906,34.04999923706055,0.0,384400
2021-02-09,27.00360107421875,0.0,34.130001068115234,0.0,34.20000076293945,33.959999084472656,34.0099983215332,0.0,124600
2021-02-10,27.011510848999023,0.0,34.13999938964844,0.0,34.380001068115234,34.099998474121094,34.380001068115234,0.0,270600
2021-02-11,27.035245895385742,0.0,34.16999816894531,0.0,34.209999084472656,34.09000015258789,34.15999984741211,0.0,91900
2021-02-12,27.185575485229492,0.0,34.36000061035156,0.0,34.400001525878906,34.16999816894531,34.20000076293945,0.0,202000
2021-02-16,27.383378982543945,0.0,34.61000061035156,0.0,34.779998779296875,34.560001373291016,34.720001220703125,0.0,404400
2021-02-17,27.233043670654297,0.0,34.41999816894531,0.0,34.459999084472656,34.220001220703125,34.2599983215332,0.0,156500
2021-02-18,26.94822120666504,0.0,34.060001373291016,0.0,34.099998474121094,33.86000061035156,33.959999084472656,0.0,195400
2021-02-19,27.01941680908203,0.0,34.150001525878906,0.0,34.310001373291016,34.130001068115234,34.189998626708984,0.0,387300
2021-02-22,27.11436653137207,0.0,34.27000045776367,0.0,34.45000076293945,34.130001068115234,34.130001068115234,0.0,97800
2021-02-23,27.517873764038086,0.0,34.779998779296875,0.0,34.86000061035156,34.41999816894531,34.58000183105469,0.0,228600
2021-02-24,27.739416122436523,0.0,35.060001373291016,0.0,35.119998931884766,34.79999923706055,34.79999923706055,0.0,235300
2021-02-25,27.327991485595703,0.0,34.540000915527344,0.0,35.25,34.4900016784668,35.099998474121094,0.0,213600
2021-02-26,26.979856491088867,0.0,34.099998474121094,0.0,34.369998931884766,34.029998779296875,34.369998931884766,0.0,370800
2021-03-01,27.343814849853516,0.0,34.560001373291016,0.0,34.66999816894531,34.38999938964844,34.439998626708984,0.0,290000
2021-03-02,27.288427352905273,0.0,34.4900016784668,0.0,34.540000915527344,34.2400016784668,34.41999816894531,0.0,508500
2021-03-03,27.011510848999023,0.0,34.13999938964844,0.0,34.29999923706055,34.099998474121094,34.290000915527344,0.0,204100
2021-03-04,27.00360107421875,0.0,34.130001068115234,0.0,34.619998931884766,34.029998779296875,34.380001068115234,0.0,227500
2021-03-05,26.86118507385254,0.0,33.95000076293945,0.0,34.040000915527344,33.560001373291016,33.939998626708984,0.0,321500
2021-03-08,26.813711166381836,0.0,33.88999938964844,0.0,34.09000015258789,33.849998474121094,33.95000076293945,0.0,356300
2021-03-09,26.96404457092285,0.0,34.08000183105469,0.0,34.150001525878906,34.029998779296875,34.09000015258789,0.0,137300
2021-03-10,27.066896438598633,0.0,34.209999084472656,0.0,34.27000045776367,34.040000915527344,34.25,0.0,126800
2021-03-11,27.248872756958008,0.0,34.439998626708984,0.0,34.470001220703125,34.2599983215332,34.2599983215332,0.0,151300
2021-03-12,27.33589744567871,0.0,34.54999923706055,0.0,34.54999923706055,34.22999954223633,34.22999954223633,0.0,149900
2021-03-15,27.422935485839844,0.0,34.65999984741211,0.0,34.65999984741211,34.41999816894531,34.41999816894531,0.0,203300
2021-03-16,27.715675354003906,0.0,35.029998779296875,0.0,35.13999938964844,35.0099983215332,35.06999969482422,0.0,222200
2021-03-17,27.794797897338867,0.0,35.130001068115234,0.0,35.16999816894531,34.81999969482422,34.86000061035156,0.0,97100
2021-03-18,27.399198532104492,0.0,34.630001068115234,0.0,34.869998931884766,34.630001068115234,34.77000045776367,0.0,183000
2021-03-19,27.50205421447754,0.0,34.7599983215332,0.0,34.81999969482422,34.59000015258789,34.650001525878906,0.0,334100
2021-03-22,27.427350997924805,0.0,34.5099983215332,0.156,34.61000061035156,34.40999984741211,34.5099983215332,0.0,314600
2021-03-23,27.339920043945312,0.0,34.400001525878906,0.0,34.599998474121094,34.36000061035156,34.5,0.0,96300
2021-03-24,27.300182342529297,0.0,34.349998474121094,0.0,34.56999969482422,34.31999969482422,34.34000015258789,0.0,171100
2021-03-25,27.21276092529297,0.0,34.2400016784668,0.0,34.31999969482422,33.97999954223633,34.11000061035156,0.0,197600
2021-03-26,27.618087768554688,0.0,34.75,0.0,34.77000045776367,34.52000045776367,34.560001373291016,0.0,114400
2021-03-29,27.427350997924805,0.0,34.5099983215332,0.0,34.54999923706055,34.369998931884766,34.47999954223633,0.0,153000
2021-03-30,27.538616180419922,0.0,34.650001525878906,0.0,34.689998626708984,34.540000915527344,34.540000915527344,0.0,131100
2021-03-31,27.379667282104492,0.0,34.45000076293945,0.0,34.599998474121094,34.349998474121094,34.52000045776367,0.0,522200
2021-04-01,27.618087768554688,0.0,34.75,0.0,34.7599983215332,34.5,34.5,0.0,375800
2021-04-05,27.912158966064453,0.0,35.119998931884766,0.0,35.16999816894531,34.91999816894531,34.91999816894531,0.0,471500
2021-04-06,27.848575592041016,0.0,35.040000915527344,0.0,35.06999969482422,34.869998931884766,34.88999938964844,0.0,448600
2021-04-07,28.047258377075195,0.0,35.290000915527344,0.0,35.34000015258789,35.189998626708984,35.189998626708984,0.0,139300
2021-04-08,28.158527374267578,0.0,35.43000030517578,0.0,35.540000915527344,35.380001068115234,35.40999984741211,0.0,306200
2021-04-09,28.07111358642578,0.0,35.31999969482422,0.0,35.41999816894531,35.25,35.36000061035156,0.0,454800
2021-04-12,28.023418426513672,0.0,35.2599983215332,0.0,35.290000915527344,35.16999816894531,35.279998779296875,0.0,320000
2021-04-13,28.261850357055664,0.0,35.560001373291016,0.0,35.56999969482422,35.29999923706055,35.29999923706055,0.0,177400
2021-04-14,28.476438522338867,0.0,35.83000183105469,0.0,35.90999984741211,35.77000045776367,35.79999923706055,0.0,223100
2021-04-15,28.635391235351562,0.0,36.029998779296875,0.0,36.060001373291016,35.83000183105469,35.900001525878906,0.0,205700
2021-04-16,28.88176155090332,0.0,36.34000015258789,0.0,36.349998474121094,36.220001220703125,36.2599983215332,0.0,236000
2021-04-19,28.78639793395996,0.0,36.220001220703125,0.0,36.279998779296875,36.11000061035156,36.22999954223633,0.0,154800
2021-04-20,28.643341064453125,0.0,36.040000915527344,0.0,36.130001068115234,35.93000030517578,35.959999084472656,0.0,185200
2021-04-21,28.691020965576172,0.0,36.099998474121094,0.0,36.099998474121094,35.83000183105469,35.83000183105469,0.0,159000
2021-04-22,28.62744140625,0.0,36.02000045776367,0.0,36.18000030517578,35.91999816894531,36.130001068115234,0.0,408900
2021-04-23,28.794343948364258,0.0,36.22999954223633,0.0,36.279998779296875,36.099998474121094,36.119998931884766,0.0,149900
2021-04-26,28.913557052612305,0.0,36.380001068115234,0.0,36.41999816894531,36.27000045776367,36.27000045776367,0.0,168100
2021-04-27,28.770496368408203,0.0,36.20000076293945,0.0,36.25,36.189998626708984,36.220001220703125,0.0,72400
2021-04-28,28.873821258544922,0.0,36.33000183105469,0.0,36.43000030517578,36.220001220703125,36.220001220703125,0.0,175000
2021-04-29,28.865867614746094,0.0,36.31999969482422,0.0,36.400001525878906,36.20000076293945,36.349998474121094,0.0,125400
2021-04-30,28.67513084411621,0.0,36.08000183105469,0.0,36.290000915527344,35.939998626708984,36.15999984741211,0.0,421000
2021-05-03,28.945350646972656,0.0,36.41999816894531,0.0,36.459999084472656,36.189998626708984,36.27000045776367,0.0,589100
2021-05-04,28.7069149017334,0.0,36.119998931884766,0.0,36.310001373291016,36.02000045776367,36.310001373291016,0.0,208200
2021-05-05,28.722816467285156,0.0,36.13999938964844,0.0,36.220001220703125,36.040000915527344,36.220001220703125,0.0,154200
2021-05-06,28.921510696411133,0.0,36.38999938964844,0.0,36.439998626708984,36.119998931884766,36.13999938964844,0.0,691300
2021-05-07,29.279155731201172,0.0,36.84000015258789,0.0,36.849998474121094,36.45000076293945,36.45000076293945,0.0,151200
2021-05-10,29.25530433654785,0.0,36.810001373291016,0.0,37.06999969482422,36.790000915527344,36.91999816894531,0.0,207800
2021-05-11,29.0009822845459,0.0,36.4900016784668,0.0,36.56999969482422,36.33000183105469,36.459999084472656,0.0,231200
2021-05-12,28.38106346130371,0.0,35.709999084472656,0.0,36.2400016784668,35.63999938964844,36.15999984741211,0.0,467800
2021-05-13,28.468490600585938,0.0,35.81999969482422,0.0,35.900001525878906,35.619998931884766,35.630001068115234,0.0,222000
2021-05-14,28.68307876586914,0.0,36.09000015258789,0.0,36.130001068115234,35.86000061035156,35.900001525878906,0.0,195200
2021-05-17,28.714866638183594,0.0,36.130001068115234,0.0,36.13999938964844,35.97999954223633,36.060001373291016,0.0,173900
2021-05-18,28.92945671081543,0.0,36.400001525878906,0.0,36.529998779296875,36.18000030517578,36.18000030517578,0.0,130300
2021-05-19,28.81818199157715,0.0,36.2599983215332,0.0,36.380001068115234,36.119998931884766,36.16999816894531,0.0,124000
2021-05-20,29.16788101196289,0.0,36.70000076293945,0.0,36.72999954223633,36.2599983215332,36.2599983215332,0.0,246600
2021-05-21,28.937406539916992,0.0,36.40999984741211,0.0,36.58000183105469,36.310001373291016,36.52000045776367,0.0,81000
2021-05-24,29.31093978881836,0.0,36.880001068115234,0.0,36.93000030517578,36.56999969482422,36.56999969482422,0.0,176800
2021-05-25,29.33478546142578,0.0,36.90999984741211,0.0,37.0,36.88999938964844,36.970001220703125,0.0,88300
2021-05-26,29.398365020751953,0.0,36.9900016784668,0.0,37.099998474121094,36.93000030517578,36.93000030517578,0.0,142900
2021-05-27,29.557313919067383,0.0,37.189998626708984,0.0,37.209999084472656,37.099998474121094,37.11000061035156,0.0,136300
2021-05-28,29.57320785522461,0.0,37.209999084472656,0.0,37.290000915527344,37.13999938964844,37.13999938964844,0.0,246500
2021-06-01,29.676532745361328,0.0,37.34000015258789,0.0,37.400001525878906,37.279998779296875,37.349998474121094,0.0,340200
2021-06-02,29.978551864624023,0.0,37.720001220703125,0.0,37.779998779296875,37.560001373291016,37.560001373291016,0.0,167600
2021-06-03,29.74010467529297,0.0,37.41999816894531,0.0,37.56999969482422,37.38999938964844,37.560001373291016,0.0,276100
2021-06-04,30.018278121948242,0.0,37.77000045776367,0.0,37.79999923706055,37.65999984741211,37.65999984741211,0.0,160400
2021-06-07,30.336183547973633,0.0,38.16999816894531,0.0,38.16999816894531,37.970001220703125,37.9900016784668,0.0,223500
2021-06-08,30.550765991210938,0.0,38.439998626708984,0.0,38.439998626708984,38.310001373291016,38.31999969482422,0.0,209400
2021-06-09,30.518983840942383,0.0,38.400001525878906,0.0,38.650001525878906,38.400001525878906,38.52000045776367,0.0,227900
2021-06-10,30.749465942382812,0.0,38.689998626708984,0.0,38.70000076293945,38.540000915527344,38.599998474121094,0.0,212400
2021-06-11,30.526927947998047,0.0,38.40999984741211,0.0,38.5099983215332,38.290000915527344,38.4900016784668,0.0,87000
2021-06-14,30.69383430480957,0.0,38.619998931884766,0.0,38.619998931884766,38.470001220703125,38.470001220703125,0.0,209200
2021-06-15,30.41566276550293,0.0,38.27000045776367,0.0,38.40999984741211,38.2599983215332,38.36000061035156,0.0,176200
2021-06-16,30.153392791748047,0.0,37.939998626708984,0.0,38.369998931884766,37.84000015258789,38.189998626708984,0.0,197200
2021-06-17,29.78780174255371,0.0,37.47999954223633,0.0,37.65999984741211,37.40999984741211,37.58000183105469,0.0,226300
2021-06-18,29.525531768798828,0.0,37.150001525878906,0.0,37.279998779296875,37.040000915527344,37.22999954223633,0.0,166900
2021-06-21,29.95645523071289,0.0,37.400001525878906,0.288,37.470001220703125,37.06999969482422,37.09000015258789,0.0,390200
2021-06-22,30.036550521850586,0.0,37.5,0.0,37.560001373291016,37.29999923706055,37.380001068115234,0.0,561200
2021-06-23,29.82028579711914,0.0,37.22999954223633,0.0,37.45000076293945,37.20000076293945,37.38999938964844,0.0,65000
2021-06-24,29.948442459106445,0.0,37.38999938964844,0.0,37.41999816894531,37.31999969482422,37.41999816894531,0.0,94400
2021-06-25,29.916397094726562,0.0,37.349998474121094,0.0,37.439998626708984,37.31999969482422,37.439998626708984,0.0,96500
2021-06-28,29.684120178222656,0.0,37.060001373291016,0.0,37.22999954223633,37.0099983215332,37.22999954223633,0.0,182200
2021-06-29,29.64407730102539,0.0,37.0099983215332,0.0,37.060001373291016,36.9900016784668,37.060001373291016,0.0,84000
2021-06-30,29.411788940429688,0.0,36.720001220703125,0.0,36.849998474121094,36.65999984741211,36.790000915527344,0.0,257400
2021-07-01,29.395767211914062,0.0,36.70000076293945,0.0,36.7599983215332,36.58000183105469,36.63999938964844,0.0,553800
2021-07-02,29.69213104248047,0.0,37.06999969482422,0.0,37.11000061035156,36.79999923706055,36.90999984741211,0.0,762700
2021-07-06,29.988492965698242,0.0,37.439998626708984,0.0,37.4900016784668,37.25,37.380001068115234,0.0,295000
2021-07-07,29.988492965698242,0.0,37.439998626708984,0.0,37.5,37.31999969482422,37.400001525878906,0.0,252700
2021-07-08,29.852325439453125,0.0,37.27000045776367,0.0,37.279998779296875,37.11000061035156,37.150001525878906,0.0,451600
2021-07-09,30.429035186767578,0.0,37.9900016784668,0.0,38.0,37.70000076293945,37.709999084472656,0.0,337500
2021-07-12,30.541162490844727,0.0,38.130001068115234,0.0,38.13999938964844,37.95000076293945,37.95000076293945,0.0,92700
2021-07-13,30.156702041625977,0.0,37.650001525878906,0.0,37.900001525878906,37.619998931884766,37.900001525878906,0.0,148400
2021-07-14,30.164701461791992,0.0,37.65999984741211,0.0,37.709999084472656,37.599998474121094,37.619998931884766,0.0,134500
2021-07-15,29.9404296875,0.0,37.380001068115234,0.0,37.43000030517578,37.20000076293945,37.369998931884766,0.0,83600
2021-07-16,29.836301803588867,0.0,37.25,0.0,37.560001373291016,37.25,37.54999923706055,0.0,243200
2021-07-19,29.363725662231445,0.0,36.65999984741211,0.0,37.0,36.58000183105469,36.97999954223633,0.0,429000
2021-07-20,29.69213104248047,0.0,37.06999969482422,0.0,37.099998474121094,36.70000076293945,36.77000045776367,0.0,393100
2021-07-21,29.932416915893555,0.0,37.369998931884766,0.0,37.400001525878906,37.150001525878906,37.150001525878906,0.0,262000
2021-07-22,29.9404296875,0.0,37.380001068115234,0.0,37.47999954223633,37.29999923706055,37.45000076293945,0.0,205200
2021-07-23,30.05256462097168,0.0,37.52000045776367,0.0,37.540000915527344,37.40999984741211,37.459999084472656,0.0,60000
2021-07-26,29.98048210144043,0.0,37.43000030517578,0.0,37.470001220703125,37.310001373291016,37.310001373291016,0.0,35200
2021-07-27,30.092613220214844,0.0,37.56999969482422,0.0,37.56999969482422,37.41999816894531,37.5099983215332,0.0,143400
2021-07-28,30.36495018005371,0.0,37.90999984741211,0.0,37.95000076293945,37.75,37.81999969482422,0.0,286700
2021-07-29,30.332908630371094,0.0,37.869998931884766,0.0,37.959999084472656,37.869998931884766,37.869998931884766,0.0,58600
2021-07-30,30.35694122314453,0.0,37.900001525878906,0.0,38.060001373291016,37.849998474121094,37.90999984741211,0.0,164300
2021-08-02,30.380971908569336,0.0,37.93000030517578,0.0,38.189998626708984,37.88999938964844,38.08000183105469,0.0,167000
2021-08-03,30.404998779296875,0.0,37.959999084472656,0.0,37.97999954223633,37.810001373291016,37.95000076293945,0.0,178900
2021-08-04,30.4610652923584,0.0,38.029998779296875,0.0,38.22999954223633,37.970001220703125,38.130001068115234,0.0,94700
2021-08-05,30.797470092773438,0.0,38.45000076293945,0.0,38.4900016784668,38.25,38.38999938964844,0.0,328900
2021-08-06,30.509122848510742,0.0,38.09000015258789,0.0,38.25,38.08000183105469,38.25,0.0,151100
2021-08-09,30.38897705078125,0.0,37.939998626708984,0.0,38.099998474121094,37.939998626708984,38.099998474121094,0.0,133900
2021-08-10,30.276832580566406,0.0,37.79999923706055,0.0,37.81999969482422,37.63999938964844,37.77000045776367,0.0,1124400
2021-08-11,30.485092163085938,0.0,38.060001373291016,0.0,38.099998474121094,37.90999984741211,37.970001220703125,0.0,137100
2021-08-12,30.36495018005371,0.0,37.90999984741211,0.0,37.970001220703125,37.83000183105469,37.970001220703125,0.0,138200
2021-08-13,30.57319450378418,0.0,38.16999816894531,0.0,38.20000076293945,38.02000045776367,38.08000183105469,0.0,85300
2021-08-16,30.533153533935547,0.0,38.119998931884766,0.0,38.16999816894531,38.060001373291016,38.08000183105469,0.0,71100
2021-08-17,30.156702041625977,0.0,37.650001525878906,0.0,37.7400016784668,37.5099983215332,37.68000030517578,0.0,210900
2021-08-18,30.268829345703125,0.0,37.790000915527344,0.0,37.9900016784668,37.7599983215332,37.810001373291016,0.0,102500
2021-08-19,29.97246551513672,0.0,37.41999816894531,0.0,37.47999954223633,37.290000915527344,37.38999938964844,0.0,95000
2021-08-20,30.188737869262695,0.0,37.689998626708984,0.0,37.70000076293945,37.41999816894531,37.41999816894531,0.0,455200
2021-08-23,30.10863494873047,0.0,37.59000015258789,0.0,37.59000015258789,37.40999984741211,37.470001220703125,0.0,347700
2021-08-24,30.10863494873047,0.0,37.59000015258789,0.0,37.61000061035156,37.439998626708984,37.4900016784668,0.0,32400
2021-08-25,29.948442459106445,0.0,37.38999938964844,0.0,37.439998626708984,37.290000915527344,37.33000183105469,0.0,62500
2021-08-26,29.964460372924805,0.0,37.40999984741211,0.0,37.4900016784668,37.34000015258789,37.459999084472656,0.0,227400
2021-08-27,30.533153533935547,0.0,38.119998931884766,0.0,38.18000030517578,37.779998779296875,37.779998779296875,0.0,181200
2021-08-30,30.613248825073242,0.0,38.220001220703125,0.0,38.22999954223633,38.13999938964844,38.16999816894531,0.0,127300
2021-08-31,30.469072341918945,0.0,38.040000915527344,0.0,38.119998931884766,38.029998779296875,38.04999923706055,0.0,266400
2021-09-01,30.6693115234375,0.0,38.290000915527344,0.0,38.349998474121094,38.099998474121094,38.16999816894531,0.0,351400
2021-09-02,30.709367752075195,0.0,38.34000015258789,0.0,38.45000076293945,38.29999923706055,38.380001068115234,0.0,278500
2021-09-03,30.76543426513672,0.0,38.40999984741211,0.0,38.47999954223633,38.25,38.369998931884766,0.0,107300
2021-09-07,30.57319450378418,0.0,38.16999816894531,0.0,38.209999084472656,38.060001373291016,38.189998626708984,0.0,139500
2021-09-08,30.092613220214844,0.0,37.56999969482422,0.0,37.83000183105469,37.540000915527344,37.77000045776367,0.0,393100
2021-09-09,30.228790283203125,0.0,37.7400016784668,0.0,37.900001525878906,37.720001220703125,37.7599983215332,0.0,186800
2021-09-10,30.020532608032227,0.0,37.47999954223633,0.0,37.869998931884766,37.43000030517578,37.869998931884766,0.0,115700
2021-09-13,30.172714233398438,0.0,37.66999816894531,0.0,37.689998626708984,37.4900016784668,37.54999923706055,0.0,124100
2021-09-14,30.092613220214844,0.0,37.56999969482422,0.0,37.7400016784668,37.5099983215332,37.7400016784668,0.0,75300
2021-09-15,30.100622177124023,0.0,37.58000183105469,0.0,37.58000183105469,37.34000015258789,37.45000076293945,0.0,108800
2021-09-16,29.98048210144043,0.0,37.43000030517578,0.0,37.5099983215332,37.29999923706055,37.349998474121094,0.0,59600
2021-09-17,29.684120178222656,0.0,37.060001373291016,0.0,37.369998931884766,37.029998779296875,37.34000015258789,0.0,246400
2021-09-20,29.22091293334961,0.0,36.209999084472656,0.276,36.2599983215332,35.95000076293945,36.220001220703125,0.0,218300
2021-09-21,29.592119216918945,0.0,36.66999816894531,0.0,36.77000045776367,36.58000183105469,36.63999938964844,0.0,97700
2021-09-22,29.64053726196289,0.0,36.72999954223633,0.0,36.959999084472656,36.68000030517578,36.709999084472656,0.0,150200
2021-09-23,29.89877700805664,0.0,37.04999923706055,0.0,37.16999816894531,36.939998626708984,37.0,0.0,266600
2021-09-24,29.42266273498535,0.0,36.459999084472656,0.0,36.54999923706055,36.400001525878906,36.47999954223633,0.0,182400
2021-09-27,29.5356388092041,0.0,36.599998474121094,0.0,36.7599983215332,36.560001373291016,36.650001525878906,0.0,93500
2021-09-28,28.978811264038086,0.0,35.90999984741211,0.0,36.06999969482422,35.79999923706055,36.0,0.0,134300
2021-09-29,28.769004821777344,0.0,35.650001525878906,0.0,35.88999938964844,35.619998931884766,35.869998931884766,0.0,79900
2021-09-30,28.64794921875,0.0,35.5,0.0,35.70000076293945,35.43000030517578,35.66999816894531,0.0,394300
2021-10-01,28.78514289855957,0.0,35.66999816894531,0.0,35.72999954223633,35.400001525878906,35.5,0.0,538100
2021-10-04,28.664093017578125,0.0,35.52000045776367,0.0,35.72999954223633,35.41999816894531,35.72999954223633,0.0,117000
2021-10-05,28.65602684020996,0.0,35.5099983215332,0.0,35.630001068115234,35.369998931884766,35.529998779296875,0.0,156100
2021-10-06,28.502695083618164,0.0,35.31999969482422,0.0,35.36000061035156,34.939998626708984,35.040000915527344,0.0,281900
2021-10-07,28.74478530883789,0.0,35.619998931884766,0.0,35.720001220703125,35.540000915527344,35.540000915527344,0.0,77900
2021-10-08,28.486553192138672,0.0,35.29999923706055,0.0,35.59000015258789,35.279998779296875,35.59000015258789,0.0,131900
2021-10-11,28.52690887451172,0.0,35.349998474121094,0.0,35.529998779296875,35.34000015258789,35.349998474121094,0.0,41400
2021-10-12,28.769004821777344,0.0,35.650001525878906,0.0,35.720001220703125,35.40999984741211,35.459999084472656,0.0,198100
2021-10-13,29.156356811523438,0.0,36.130001068115234,0.0,36.15999984741211,35.939998626708984,35.970001220703125,0.0,52100
2021-10-14,29.2531795501709,0.0,36.25,0.0,36.34000015258789,36.209999084472656,36.310001373291016,0.0,71400
2021-10-15,29.503353118896484,0.0,36.560001373291016,0.0,36.58000183105469,36.400001525878906,36.43000030517578,0.0,62800
2021-10-18,29.366168975830078,0.0,36.38999938964844,0.0,36.439998626708984,36.22999954223633,36.33000183105469,0.0,41800
2021-10-19,29.575984954833984,0.0,36.650001525878906,0.0,36.70000076293945,36.5,36.56999969482422,0.0,51900
2021-10-20,29.575984954833984,0.0,36.650001525878906,0.0,36.70000076293945,36.5,36.56999969482422,0.0,54100
2021-10-21,29.479145050048828,0.0,36.529998779296875,0.0,36.720001220703125,36.5,36.59000015258789,0.0,234000
2021-10-22,29.656686782836914,0.0,36.75,0.0,36.81999969482422,36.619998931884766,36.65999984741211,0.0,75100
2021-10-25,29.624404907226562,0.0,36.709999084472656,0.0,36.790000915527344,36.689998626708984,36.70000076293945,0.0,38500
2021-10-26,29.519502639770508,0.0,36.58000183105469,0.0,36.779998779296875,36.56999969482422,36.75,0.0,43100
2021-10-27,29.600194931030273,0.0,36.68000030517578,0.0,36.939998626708984,36.65999984741211,36.810001373291016,0.0,95100
2021-10-28,29.906843185424805,0.0,37.060001373291016,0.0,37.08000183105469,36.77000045776367,36.83000183105469,0.0,54400
2021-10-29,29.575984954833984,0.0,36.650001525878906,0.0,36.66999816894531,36.52000045776367,36.54999923706055,0.0,164900
2021-11-01,29.479145050048828,0.0,36.529998779296875,0.0,36.54999923706055,36.400001525878906,36.470001220703125,0.0,151000
2021-11-02,29.487215042114258,0.0,36.540000915527344,0.0,36.63999938964844,36.439998626708984,36.59000015258789,0.0,176600
2021-11-03,29.688961029052734,0.0,36.790000915527344,0.0,36.81999969482422,36.380001068115234,36.43000030517578,0.0,84400
2021-11-04,29.842281341552734,0.0,36.97999954223633,0.0,37.06999969482422,36.91999816894531,37.02000045776367,0.0,54600
2021-11-05,30.06017303466797,0.0,37.25,0.0,37.2599983215332,37.130001068115234,37.20000076293945,0.0,96500
2021-11-08,30.124732971191406,0.0,37.33000183105469,0.0,37.369998931884766,37.209999084472656,37.279998779296875,0.0,281800
2021-11-09,29.99561309814453,0.0,37.16999816894531,0.0,37.2599983215332,37.029998779296875,37.189998626708984,0.0,61400
2021-11-10,29.592119216918945,0.0,36.66999816894531,0.0,37.0099983215332,36.599998474121094,36.880001068115234,0.0,183100
2021-11-11,29.519502639770508,0.0,36.58000183105469,0.0,36.68000030517578,36.58000183105469,36.630001068115234,0.0,65600
2021-11-12,29.616334915161133,0.0,36.70000076293945,0.0,36.75,36.61000061035156,36.63999938964844,0.0,49100
2021-11-15,29.52756118774414,0.0,36.59000015258789,0.0,36.790000915527344,36.58000183105469,36.77000045776367,0.0,23500
2021-11-16,29.5356388092041,0.0,36.599998474121094,0.0,36.720001220703125,36.599998474121094,36.650001525878906,0.0,105600
2021-11-17,29.414581298828125,0.0,36.45000076293945,0.0,36.52000045776367,36.310001373291016,36.52000045776367,0.0,173200
2021-11-18,29.551769256591797,0.0,36.619998931884766,0.0,36.70000076293945,36.52000045776367,36.540000915527344,0.0,99500
2021-11-19,29.414581298828125,0.0,36.45000076293945,0.0,36.61000061035156,36.45000076293945,36.560001373291016,0.0,61000
2021-11-22,29.22091293334961,0.0,36.209999084472656,0.0,36.400001525878906,36.16999816894531,36.34000015258789,0.0,66300
2021-11-23,29.269332885742188,0.0,36.27000045776367,0.0,36.27000045776367,36.08000183105469,36.15999984741211,0.0,268500
2021-11-24,29.29354476928711,0.0,36.29999923706055,0.0,36.29999923706055,35.97999954223633,36.029998779296875,0.0,108900
2021-11-26,28.89004135131836,0.0,35.79999923706055,0.0,36.06999969482422,35.619998931884766,36.06999969482422,0.0,156600
2021-11-29,28.857763290405273,0.0,35.7599983215332,0.0,35.83000183105469,35.599998474121094,35.83000183105469,0.0,74100
2021-11-30,28.486553192138672,0.0,35.29999923706055,0.0,35.66999816894531,35.099998474121094,35.470001220703125,0.0,234900
2021-12-01,28.30901527404785,0.0,35.08000183105469,0.0,35.779998779296875,35.0,35.70000076293945,0.0,239800
2021-12-02,28.5753231048584,0.0,35.40999984741211,0.0,35.52000045776367,35.209999084472656,35.279998779296875,0.0,110700
2021-12-03,28.486553192138672,0.0,35.29999923706055,0.0,35.52000045776367,35.16999816894531,35.5,0.0,240700
2021-12-06,28.728649139404297,0.0,35.599998474121094,0.0,35.720001220703125,35.369998931884766,35.43000030517578,0.0,81500
2021-12-07,29.027231216430664,0.0,35.970001220703125,0.0,36.040000915527344,35.90999984741211,35.90999984741211,0.0,247900
2021-12-08,29.059513092041016,0.0,36.0099983215332,0.0,36.08000183105469,35.869998931884766,35.91999816894531,0.0,63600
2021-12-09,29.059513092041016,0.0,36.0099983215332,0.0,36.06999969482422,35.88999938964844,36.06999969482422,0.0,137800
2021-12-10,29.124067306518555,0.0,36.09000015258789,0.0,36.11000061035156,35.90999984741211,35.95000076293945,0.0,61100
2021-12-13,28.68023109436035,0.0,35.540000915527344,0.0,35.72999954223633,35.5,35.72999954223633,0.0,134000
2021-12-14,28.59145736694336,0.0,35.43000030517578,0.0,35.61000061035156,35.349998474121094,35.61000061035156,0.0,111700
2021-12-15,28.88197898864746,0.0,35.790000915527344,0.0,35.83000183105469,35.38999938964844,35.54999923706055,0.0,210800
2021-12-16,28.712512969970703,0.0,35.58000183105469,0.0,35.77000045776367,35.459999084472656,35.77000045776367,0.0,245900
2021-12-17,28.849700927734375,0.0,35.75,0.0,35.939998626708984,35.650001525878906,35.72999954223633,0.0,149100
2021-12-20,28.529939651489258,0.0,34.439998626708984,0.924,34.47999954223633,34.2599983215332,34.47999954223633,0.0,106200
2021-12-21,28.69561767578125,0.0,34.63999938964844,0.0,34.66999816894531,34.47999954223633,34.54999923706055,0.0,126000
2021-12-22,28.778465270996094,0.0,34.7400016784668,0.0,34.81999969482422,34.58000183105469,34.58000183105469,0.0,199400
2021-12-23,28.894432067871094,0.0,34.880001068115234,0.0,34.95000076293945,34.720001220703125,34.84000015258789,0.0,120200
2021-12-27,29.217506408691406,0.0,35.27000045776367,0.0,35.290000915527344,34.810001373291016,35.0099983215332,0.0,151400
2021-12-28,29.258928298950195,0.0,35.31999969482422,0.0,35.439998626708984,35.220001220703125,35.220001220703125,0.0,104500
2021-12-29,29.358333587646484,0.0,35.439998626708984,0.0,35.5,35.380001068115234,35.40999984741211,0.0,165300
2021-12-30,29.424604415893555,0.0,35.52000045776367,0.0,35.63999938964844,35.41999816894531,35.41999816894531,0.0,306600
2021-12-31,29.490875244140625,0.0,35.599998474121094,0.0,35.7400016784668,35.45000076293945,35.45000076293945,0.0,119900
2022-01-03,29.52401351928711,0.0,35.63999938964844,0.0,35.779998779296875,35.5099983215332,35.689998626708984,0.0,123100
2022-01-04,29.466020584106445,0.0,35.56999969482422,0.0,35.70000076293945,35.52000045776367,35.65999984741211,0.0,339100
2022-01-05,28.97727394104004,0.0,34.97999954223633,0.0,35.529998779296875,34.97999954223633,35.52000045776367,0.0,246800
2022-01-06,28.877864837646484,0.0,34.86000061035156,0.0,35.0,34.7400016784668,34.90999984741211,0.0,311600
2022-01-07,28.81987762451172,0.0,34.790000915527344,0.0,34.849998474121094,34.61000061035156,34.77000045776367,0.0,62500
2022-01-10,28.67076873779297,0.0,34.61000061035156,0.0,34.630001068115234,34.380001068115234,34.4900016784668,0.0,69300
2022-01-11,28.737035751342773,0.0,34.689998626708984,0.0,34.720001220703125,34.36000061035156,34.459999084472656,0.0,1836500
2022-01-12,28.869571685791016,0.0,34.849998474121094,0.0,34.900001525878906,34.66999816894531,34.75,0.0,121100
2022-01-13,28.737035751342773,0.0,34.689998626708984,0.0,35.0,34.68000030517578,34.90999984741211,0.0,58600
2022-01-14,28.753602981567383,0.0,34.709999084472656,0.0,34.75,34.5,34.61000061035156,0.0,210100
2022-01-18,28.206859588623047,0.0,34.04999923706055,0.0,34.2400016784668,34.029998779296875,34.2400016784668,0.0,744100
2022-01-19,28.297988891601562,0.0,34.15999984741211,0.0,34.31999969482422,34.099998474121094,34.150001525878906,0.0,133900
2022-01-20,27.86722183227539,0.0,33.63999938964844,0.0,34.150001525878906,33.63999938964844,34.040000915527344,0.0,230700
2022-01-21,27.933490753173828,0.0,33.720001220703125,0.0,33.959999084472656,33.709999084472656,33.900001525878906,0.0,45300
2022-01-24,27.809234619140625,0.0,33.56999969482422,0.0,33.59000015258789,32.849998474121094,33.40999984741211,0.0,232300
2022-01-25,27.726394653320312,0.0,33.470001220703125,0.0,33.650001525878906,33.150001525878906,33.310001373291016,0.0,150900
2022-01-26,27.684972763061523,0.0,33.41999816894531,0.0,33.90999984741211,33.31999969482422,33.7599983215332,0.0,81600
2022-01-27,27.626983642578125,0.0,33.349998474121094,0.0,33.720001220703125,33.290000915527344,33.560001373291016,0.0,164000
2022-01-28,27.751249313354492,0.0,33.5,0.0,33.5,33.119998931884766,33.290000915527344,0.0,53000
2022-01-31,28.223434448242188,0.0,34.06999969482422,0.0,34.08000183105469,33.5099983215332,33.5099983215332,0.0,95900
2022-02-01,28.07431983947754,0.0,33.88999938964844,0.0,33.9900016784668,33.630001068115234,33.9900016784668,0.0,522100
2022-02-02,28.281417846679688,0.0,34.13999938964844,0.0,34.310001373291016,34.0099983215332,34.189998626708984,0.0,854100
2022-02-03,28.05775260925293,0.0,33.869998931884766,0.0,34.099998474121094,33.77000045776367,34.02000045776367,0.0,938800
2022-02-04,27.825801849365234,0.0,33.59000015258789,0.0,33.709999084472656,33.38999938964844,33.70000076293945,0.0,79900
2022-02-07,27.709827423095703,0.0,33.45000076293945,0.0,33.54999923706055,33.34000015258789,33.4900016784668,0.0,80100
2022-02-08,27.527578353881836,0.0,33.22999954223633,0.0,33.310001373291016,33.209999084472656,33.27000045776367,0.0,282100
2022-02-09,28.15715980529785,0.0,33.9900016784668,0.0,34.0,33.66999816894531,33.7599983215332,0.0,158100
2022-02-10,28.032896041870117,0.0,33.84000015258789,0.0,34.29999923706055,33.689998626708984,33.689998626708984,0.0,111700
2022-02-11,27.61041831970215,0.0,33.33000183105469,0.0,33.7599983215332,33.25,33.70000076293945,0.0,125100
2022-02-14,27.50273323059082,0.0,33.20000076293945,0.0,33.33000183105469,33.029998779296875,33.209999084472656,0.0,52300
2022-02-15,27.900360107421875,0.0,33.68000030517578,0.0,33.72999954223633,33.400001525878906,33.41999816894531,0.0,92200
2022-02-16,28.380823135375977,0.0,34.2599983215332,0.0,34.2599983215332,33.880001068115234,33.880001068115234,0.0,109900
2022-02-17,28.124027252197266,0.0,33.95000076293945,0.0,34.119998931884766,33.86000061035156,34.119998931884766,0.0,84200
2022-02-18,27.925203323364258,0.0,33.709999084472656,0.0,33.97999954223633,33.70000076293945,33.91999816894531,0.0,154000
2022-02-22,27.74296760559082,0.0,33.4900016784668,0.0,33.619998931884766,33.279998779296875,33.470001220703125,0.0,149700
2022-02-23,27.453020095825195,0.0,33.13999938964844,0.0,33.689998626708984,33.11000061035156,33.56999969482422,0.0,120900
2022-02-24,27.353618621826172,0.0,33.02000045776367,0.0,33.06999969482422,32.22999954223633,32.5,0.0,218400
2022-02-25,27.925203323364258,0.0,33.709999084472656,0.0,33.720001220703125,33.25,33.41999816894531,0.0,161900
2022-02-28,27.726394653320312,0.0,33.470001220703125,0.0,33.68000030517578,33.279998779296875,33.459999084472656,0.0,171700
2022-03-01,27.30391502380371,0.0,32.959999084472656,0.0,33.75,32.779998779296875,33.75,0.0,163300
2022-03-02,27.693260192871094,0.0,33.43000030517578,0.0,33.5,33.119998931884766,33.20000076293945,0.0,58900
2022-03-03,27.378463745117188,0.0,33.04999923706055,0.0,33.380001068115234,32.900001525878906,33.380001068115234,0.0,111000
2022-03-04,26.848291397094727,0.0,32.40999984741211,0.0,32.56999969482422,32.29999923706055,32.5099983215332,0.0,198000
2022-03-07,26.268421173095703,0.0,31.709999084472656,0.0,32.369998931884766,31.6200008392334,32.27000045776367,0.0,115300
2022-03-08,26.49208641052246,0.0,31.979999542236328,0.0,32.41999816894531,31.760000228881836,31.989999771118164,0.0,70400
2022-03-09,27.21278953552246,0.0,32.849998474121094,0.0,32.970001220703125,32.540000915527344,32.59000015258789,0.0,91700
2022-03-10,27.0968074798584,0.0,32.709999084472656,0.0,32.939998626708984,32.599998474121094,32.689998626708984,0.0,78300
2022-03-11,27.01397132873535,0.0,32.61000061035156,0.0,33.04999923706055,32.56999969482422,33.04999923706055,0.0,52400
2022-03-14,27.080244064331055,0.0,32.689998626708984,0.0,33.029998779296875,32.619998931884766,32.79999923706055,0.0,70000
2022-03-15,27.14651870727539,0.0,32.77000045776367,0.0,32.810001373291016,32.529998779296875,32.77000045776367,0.0,122700
2022-03-16,27.834081649780273,0.0,33.599998474121094,0.0,33.599998474121094,32.959999084472656,33.25,0.0,289400
2022-03-17,28.00804901123047,0.0,33.810001373291016,0.0,33.90999984741211,33.45000076293945,33.470001220703125,0.0,41000
2022-03-18,28.355972290039062,0.0,34.22999954223633,0.0,34.2599983215332,33.65999984741211,33.77000045776367,0.0,83000
2022-03-21,28.129674911499023,0.0,33.810001373291016,0.148,34.0099983215332,33.689998626708984,34.0,0.0,55200
2022-03-22,28.45415496826172,0.0,34.20000076293945,0.0,34.25,34.060001373291016,34.060001373291016,0.0,70400
2022-03-23,27.805192947387695,0.0,33.41999816894531,0.0,33.66999816894531,33.369998931884766,33.66999816894531,0.0,52600
2022-03-24,27.91335678100586,0.0,33.54999923706055,0.0,33.63999938964844,33.439998626708984,33.5,0.0,48500
2022-03-25,28.204553604125977,0.0,33.900001525878906,0.0,33.91999816894531,33.68000030517578,33.68000030517578,0.0,73500
2022-03-28,28.204553604125977,0.0,33.900001525878906,0.0,33.939998626708984,33.650001525878906,33.77000045776367,0.0,148600
2022-03-29,28.811906814575195,0.0,34.630001068115234,0.0,34.650001525878906,34.349998474121094,34.41999816894531,0.0,111100
2022-03-30,28.58727264404297,0.0,34.36000061035156,0.0,34.5,34.29999923706055,34.43000030517578,0.0,58600
2022-03-31,28.379274368286133,0.0,34.11000061035156,0.0,34.41999816894531,34.040000915527344,34.36000061035156,0.0,122800
2022-04-01,28.737028121948242,0.0,34.540000915527344,0.0,34.540000915527344,34.2599983215332,34.34000015258789,0.0,173400
2022-04-04,28.66215705871582,0.0,34.45000076293945,0.0,34.470001220703125,34.29999923706055,34.43000030517578,0.0,644000
2022-04-05,28.50406837463379,0.0,34.2599983215332,0.0,34.52000045776367,34.099998474121094,34.40999984741211,0.0,260200
2022-04-06,28.204553604125977,0.0,33.900001525878906,0.0,33.97999954223633,33.779998779296875,33.970001220703125,0.0,198200
2022-04-07,28.18791389465332,0.0,33.880001068115234,0.0,33.939998626708984,33.650001525878906,33.77000045776367,0.0,580600
2022-04-08,28.029836654663086,0.0,33.689998626708984,0.0,33.7400016784668,33.54999923706055,33.56999969482422,0.0,58600
2022-04-11,27.888395309448242,0.0,33.52000045776367,0.0,33.689998626708984,33.52000045776367,33.59000015258789,0.0,64300
2022-04-12,27.697038650512695,0.0,33.290000915527344,0.0,33.54999923706055,33.2599983215332,33.54999923706055,0.0,1793700
2022-04-13,27.888395309448242,0.0,33.52000045776367,0.0,33.56999969482422,33.15999984741211,33.25,0.0,896900
2022-04-14,27.82183837890625,0.0,33.439998626708984,0.0,33.63999938964844,33.41999816894531,33.630001068115234,0.0,210800
2022-04-18,27.72199249267578,0.0,33.31999969482422,0.0,33.540000915527344,33.279998779296875,33.43000030517578,0.0,158800
2022-04-19,27.60551643371582,0.0,33.18000030517578,0.0,33.20000076293945,32.95000076293945,33.0099983215332,0.0,291200
2022-04-20,27.58055877685547,0.0,33.150001525878906,0.0,33.31999969482422,33.13999938964844,33.209999084472656,0.0,230300
2022-04-21,27.538955688476562,0.0,33.099998474121094,0.0,33.619998931884766,33.099998474121094,33.52000045776367,0.0,116700
2022-04-22,27.16456413269043,0.0,32.650001525878906,0.0,33.040000915527344,32.650001525878906,33.040000915527344,0.0,133300
2022-04-25,27.122962951660156,0.0,32.599998474121094,0.0,32.650001525878906,32.31999969482422,32.52000045776367,0.0,153200
2022-04-26,26.70696449279785,0.0,32.099998474121094,0.0,32.61000061035156,32.09000015258789,32.599998474121094,0.0,150100
2022-04-27,26.815120697021484,0.0,32.22999954223633,0.0,32.41999816894531,32.18000030517578,32.34000015258789,0.0,268400
2022-04-28,26.87335777282715,0.0,32.29999923706055,0.0,32.36000061035156,31.899999618530273,32.16999816894531,0.0,313800
2022-04-29,26.465688705444336,0.0,31.809999465942383,0.0,32.459999084472656,31.770000457763672,32.34000015258789,0.0,269200
2022-05-02,26.18280601501465,0.0,31.469999313354492,0.0,31.829999923706055,31.260000228881836,31.709999084472656,0.0,254100
2022-05-03,26.174489974975586,0.0,31.459999084472656,0.0,31.559999465942383,31.389999389648438,31.559999465942383,0.0,381800
2022-05-04,26.407451629638672,0.0,31.739999771118164,0.0,31.850000381469727,30.979999542236328,31.280000686645508,0.0,278000
2022-05-05,25.85001564025879,0.0,31.06999969482422,0.0,31.59000015258789,30.93000030517578,31.520000457763672,0.0,148400
2022-05-06,25.50057601928711,0.0,30.649999618530273,0.0,30.829999923706055,30.559999465942383,30.829999923706055,0.0,227100
2022-05-09,24.851625442504883,0.0,29.8700008392334,0.0,30.229999542236328,29.780000686645508,30.229999542236328,0.0,150300
2022-05-10,24.843305587768555,0.0,29.860000610351562,0.0,30.190000534057617,29.780000686645508,30.110000610351562,0.0,106000
2022-05-11,24.89322280883789,0.0,29.920000076293945,0.0,30.40999984741211,29.90999984741211,30.010000228881836,0.0,689300
2022-05-12,25.034658432006836,0.0,30.09000015258789,0.0,30.260000228881836,29.829999923706055,30.030000686645508,0.0,211400
2022-05-13,25.642013549804688,0.0,30.81999969482422,0.0,30.84000015258789,30.290000915527344,30.420000076293945,0.0,213400
2022-05-16,25.65865707397461,0.0,30.84000015258789,0.0,30.969999313354492,30.719999313354492,30.799999237060547,0.0,319400
2022-05-17,26.024730682373047,0.0,31.280000686645508,0.0,31.280000686645508,31.040000915527344,31.18000030517578,0.0,108500
2022-05-18,25.65865707397461,0.0,30.84000015258789,0.0,31.229999542236328,30.760000228881836,31.1299991607666,0.0,95700
2022-05-19,25.91657066345215,0.0,31.149999618530273,0.0,31.280000686645508,30.860000610351562,30.989999771118164,0.0,82500
2022-05-20,25.98313331604004,0.0,31.229999542236328,0.0,31.389999389648438,30.989999771118164,31.350000381469727,0.0,748900
2022-05-23,26.266008377075195,0.0,31.56999969482422,0.0,31.6299991607666,31.31999969482422,31.459999084472656,0.0,82300
2022-05-24,26.2077693939209,0.0,31.5,0.0,31.6299991607666,31.270000457763672,31.40999984741211,0.0,88000
2022-05-25,26.241052627563477,0.0,31.540000915527344,0.0,31.600000381469727,31.329999923706055,31.350000381469727,0.0,43500
2022-05-26,26.357526779174805,0.0,31.68000030517578,0.0,31.760000228881836,31.489999771118164,31.489999771118164,0.0,65800
2022-05-27,26.665367126464844,0.0,32.04999923706055,0.0,32.06999969482422,31.809999465942383,31.809999465942383,0.0,111000
2022-05-31,26.449045181274414,0.0,31.790000915527344,0.0,31.8799991607666,31.649999618530273,31.760000228881836,0.0,262500
2022-06-01,26.08297348022461,0.0,31.350000381469727,0.0,31.850000381469727,31.229999542236328,31.829999923706055,0.0,264800
2022-06-02,26.357526779174805,0.0,31.68000030517578,0.0,31.690000534057617,31.270000457763672,31.43000030517578,0.0,218500
2022-06-03,25.966489791870117,0.0,31.209999084472656,0.0,31.450000762939453,31.209999084472656,31.389999389648438,0.0,73500
2022-06-06,26.024730682373047,0.0,31.280000686645508,0.0,31.5,31.229999542236328,31.440000534057617,0.0,50800
2022-06-07,26.049694061279297,0.0,31.309999465942383,0.0,31.350000381469727,30.940000534057617,31.059999465942383,0.0,91200
2022-06-08,25.66697120666504,0.0,30.850000381469727,0.0,31.100000381469727,30.81999969482422,31.0,0.0,377000
2022-06-09,25.242656707763672,0.0,30.34000015258789,0.0,30.760000228881836,30.31999969482422,30.719999313354492,0.0,179300
2022-06-10,24.77674674987793,0.0,29.780000686645508,0.0,29.969999313354492,29.700000762939453,29.969999313354492,0.0,481200
2022-06-13,23.953073501586914,0.0,28.790000915527344,0.0,29.239999771118164,28.739999771118164,29.239999771118164,0.0,144000
2022-06-14,23.620269775390625,0.0,28.389999389648438,0.0,28.549999237060547,28.15999984741211,28.549999237060547,0.0,201600
2022-06-15,23.903146743774414,0.0,28.729999542236328,0.0,28.860000610351562,28.270000457763672,28.43000030517578,0.0,150000
2022-06-16,23.562030792236328,0.0,28.31999969482422,0.0,28.43000030517578,28.110000610351562,28.3700008392334,0.0,151500
2022-06-17,23.6036319732666,0.0,28.3700008392334,0.0,28.559999465942383,28.25,28.399999618530273,0.0,646300
2022-06-21,23.856657028198242,0.0,28.3799991607666,0.291,28.469999313354492,28.329999923706055,28.3700008392334,0.0,118000
2022-06-22,23.764192581176758,0.0,28.270000457763672,0.0,28.510000228881836,28.049999237060547,28.18000030517578,0.0,222100
2022-06-23,23.823034286499023,0.0,28.34000015258789,0.0,28.34000015258789,28.079999923706055,28.260000228881836,0.0,83200
2022-06-24,24.226531982421875,0.0,28.81999969482422,0.0,28.860000610351562,28.479999542236328,28.6200008392334,0.0,428700
2022-06-27,24.142465591430664,0.0,28.719999313354492,0.0,28.920000076293945,28.709999084472656,28.829999923706055,0.0,142900
2022-06-28,24.17609214782715,0.0,28.760000228881836,0.0,29.190000534057617,28.75,29.1299991607666,0.0,763600
2022-06-29,23.915502548217773,0.0,28.450000762939453,0.0,28.780000686645508,28.219999313354492,28.780000686645508,0.0,156100
2022-06-30,23.72216033935547,0.0,28.219999313354492,0.0,28.239999771118164,27.809999465942383,27.940000534057617,0.0,314700
2022-07-01,23.738969802856445,0.0,28.239999771118164,0.0,28.239999771118164,27.780000686645508,27.90999984741211,0.0,178800
2022-07-05,23.259817123413086,0.0,27.670000076293945,0.0,27.690000534057617,27.3799991607666,27.540000915527344,0.0,263800
2022-07-06,23.411128997802734,0.0,27.850000381469727,0.0,27.950000762939453,27.739999771118164,27.809999465942383,0.0,190100
2022-07-07,23.688535690307617,0.0,28.18000030517578,0.0,28.25,27.989999771118164,28.1200008392334,0.0,267400
2022-07-08,23.680130004882812,0.0,28.170000076293945,0.0,28.229999542236328,28.0,28.1200008392334,0.0,104500
2022-07-11,23.38591194152832,0.0,27.81999969482422,0.0,27.93000030517578,27.770000457763672,27.93000030517578,0.0,105200
2022-07-12,23.469972610473633,0.0,27.920000076293945,0.0,28.030000686645508,27.75,27.770000457763672,0.0,608200
2022-07-13,23.469972610473633,0.0,27.920000076293945,0.0,28.0,27.579999923706055,27.739999771118164,0.0,197700
2022-07-14,23.02444839477539,0.0,27.389999389648438,0.0,27.459999084472656,27.09000015258789,27.280000686645508,0.0,84800
2022-07-15,23.34388542175293,0.0,27.770000457763672,0.0,27.809999465942383,27.510000228881836,27.65999984741211,0.0,108900
2022-07-18,23.478382110595703,0.0,27.93000030517578,0.0,28.15999984741211,27.8799991607666,27.979999542236328,0.0,73600
2022-07-19,23.932315826416016,0.0,28.469999313354492,0.0,28.489999771118164,28.18000030517578,28.309999465942383,0.0,152000
2022-07-20,23.789411544799805,0.0,28.299999237060547,0.0,28.43000030517578,28.219999313354492,28.399999618530273,0.0,235200
2022-07-21,23.949127197265625,0.0,28.489999771118164,0.0,28.510000228881836,28.1200008392334,28.209999084472656,0.0,213900
2022-07-22,24.318994522094727,0.0,28.93000030517578,0.0,29.18000030517578,28.84000015258789,28.940000534057617,0.0,404900
2022-07-25,24.461902618408203,0.0,29.100000381469727,0.0,29.149999618530273,28.979999542236328,29.040000915527344,0.0,52600
2022-07-26,24.209714889526367,0.0,28.799999237060547,0.0,28.979999542236328,28.75,28.979999542236328,0.0,129200
2022-07-27,24.43668556213379,0.0,29.06999969482422,0.0,29.149999618530273,28.739999771118164,28.84000015258789,0.0,105900
2022-07-28,24.840177536010742,0.0,29.549999237060547,0.0,29.56999969482422,29.149999618530273,29.309999465942383,0.0,285200
2022-07-29,25.210050582885742,0.0,29.989999771118164,0.0,30.0,29.729999542236328,29.729999542236328,0.0,401300
2022-08-01,25.226858139038086,0.0,30.010000228881836,0.0,30.1299991607666,29.809999465942383,29.93000030517578,0.0,323100
2022-08-02,24.789737701416016,0.0,29.489999771118164,0.0,29.81999969482422,29.479999542236328,29.81999969482422,0.0,139700
2022-08-03,24.924238204956055,0.0,29.649999618530273,0.0,29.690000534057617,29.43000030517578,29.6200008392334,0.0,131900
2022-08-04,25.02511215209961,0.0,29.770000457763672,0.0,29.829999923706055,29.649999618530273,29.700000762939453,0.0,54500
2022-08-05,24.714086532592773,0.0,29.399999618530273,0.0,29.440000534057617,29.200000762939453,29.3700008392334,0.0,122300
2022-08-08,24.856985092163086,0.0,29.56999969482422,0.0,29.75,29.489999771118164,29.579999923706055,0.0,416400
2022-08-09,24.67205810546875,0.0,29.350000381469727,0.0,29.510000228881836,29.309999465942383,29.489999771118164,0.0,98900
2022-08-10,25.453826904296875,0.0,30.280000686645508,0.0,30.350000381469727,30.049999237060547,30.110000610351562,0.0,200900
2022-08-11,25.336139678955078,0.0,30.139999389648438,0.0,30.420000076293945,30.09000015258789,30.350000381469727,0.0,32800
2022-08-12,25.46223258972168,0.0,30.290000915527344,0.0,30.350000381469727,30.1299991607666,30.190000534057617,0.0,38000
2022-08-15,25.336139678955078,0.0,30.139999389648438,0.0,30.270000457763672,30.139999389648438,30.190000534057617,0.0,71900
2022-08-16,25.226858139038086,0.0,30.010000228881836,0.0,30.079999923706055,29.850000381469727,29.90999984741211,0.0,126000
2022-08-17,24.831771850585938,0.0,29.540000915527344,0.0,29.729999542236328,29.450000762939453,29.639999389648438,0.0,247800
2022-08-18,24.789737701416016,0.0,29.489999771118164,0.0,29.610000610351562,29.40999984741211,29.56999969482422,0.0,77100
2022-08-19,24.403057098388672,0.0,29.030000686645508,0.0,29.280000686645508,28.90999984741211,29.280000686645508,0.0,233300
2022-08-22,23.856657028198242,0.0,28.3799991607666,0.0,28.780000686645508,28.3799991607666,28.780000686645508,0.0,145900
2022-08-23,23.87346839904785,0.0,28.399999618530273,0.0,28.56999969482422,28.290000915527344,28.3700008392334,0.0,102800
2022-08-24,23.75578498840332,0.0,28.260000228881836,0.0,28.3799991607666,28.1200008392334,28.209999084472656,0.0,101000
2022-08-25,24.033185958862305,0.0,28.59000015258789,0.0,28.6200008392334,28.329999923706055,28.350000381469727,0.0,78000
2022-08-26,23.604473114013672,0.0,28.079999923706055,0.0,28.670000076293945,28.040000915527344,28.670000076293945,0.0,100800
2022-08-29,23.587657928466797,0.0,28.059999465942383,0.0,28.170000076293945,27.90999984741211,28.0,0.0,66100
2022-08-30,23.478382110595703,0.0,27.93000030517578,0.0,28.3799991607666,27.899999618530273,28.3799991607666,0.0,89800
2022-08-31,23.36910057067871,0.0,27.799999237060547,0.0,28.010000228881836,27.700000762939453,27.90999984741211,0.0,73400
2022-09-01,22.99082374572754,0.0,27.350000381469727,0.0,27.530000686645508,27.149999618530273,27.459999084472656,0.0,165300
2022-09-02,22.982418060302734,0.0,27.34000015258789,0.0,27.729999542236328,27.229999542236328,27.6200008392334,0.0,736500
2022-09-06,22.873136520385742,0.0,27.209999084472656,0.0,27.530000686645508,27.190000534057617,27.459999084472656,0.0,212400
2022-09-07,23.116918563842773,0.0,27.5,0.0,27.5,26.989999771118164,27.18000030517578,0.0,172100
2022-09-08,22.881542205810547,0.0,27.219999313354492,0.0,27.329999923706055,27.079999923706055,27.280000686645508,0.0,217300
2022-09-09,23.37750816345215,0.0,27.809999465942383,0.0,27.81999969482422,27.510000228881836,27.709999084472656,0.0,102300
2022-09-12,23.646503448486328,0.0,28.1299991607666,0.0,28.25,27.950000762939453,28.100000381469727,0.0,83300
2022-09-13,22.814294815063477,0.0,27.139999389648438,0.0,27.610000610351562,27.1200008392334,27.5,0.0,184500
2022-09-14,22.797483444213867,0.0,27.1200008392334,0.0,27.219999313354492,27.020000457763672,27.18000030517578,0.0,98800
2022-09-15,22.545299530029297,0.0,26.81999969482422,0.0,27.06999969482422,26.790000915527344,26.959999084472656,0.0,73900
2022-09-16,22.814294815063477,0.0,27.139999389648438,0.0,27.149999618530273,26.719999313354492,26.90999984741211,0.0,89300
2022-09-19,22.857763290405273,0.0,26.81999969482422,0.371,26.81999969482422,26.479999542236328,26.479999542236328,0.0,117700
2022-09-20,22.158905029296875,0.0,26.0,0.0,26.56999969482422,25.93000030517578,26.56999969482422,0.0,154700
2022-09-21,21.971403121948242,0.0,25.780000686645508,0.0,26.280000686645508,25.75,26.079999923706055,0.0,308100
2022-09-22,21.800949096679688,0.0,25.579999923706055,0.0,25.860000610351562,25.489999771118164,25.829999923706055,0.0,131700
2022-09-23,21.085050582885742,0.0,24.739999771118164,0.0,24.969999313354492,24.59000015258789,24.969999313354492,0.0,141800
2022-09-26,20.573688507080078,0.0,24.139999389648438,0.0,24.510000228881836,24.020000457763672,24.389999389648438,0.0,138700
2022-09-27,19.977100372314453,0.0,23.440000534057617,0.0,23.899999618530273,23.360000610351562,23.899999618530273,0.0,160900
2022-09-28,20.428802490234375,0.0,23.969999313354492,0.0,24.049999237060547,23.229999542236328,23.469999313354492,0.0,166900
2022-09-29,20.15607452392578,0.0,23.649999618530273,0.0,23.709999084472656,23.399999618530273,23.670000076293945,0.0,81400
2022-09-30,20.54812240600586,0.0,24.110000610351562,0.0,24.34000015258789,23.950000762939453,23.989999771118164,0.0,675500
2022-10-03,20.914592742919922,0.0,24.540000915527344,0.0,24.6299991607666,24.15999984741211,24.389999389648438,0.0,446900
2022-10-04,21.366296768188477,0.0,25.06999969482422,0.0,25.06999969482422,24.790000915527344,24.90999984741211,0.0,242100
2022-10-05,20.837892532348633,0.0,24.450000762939453,0.0,24.59000015258789,24.200000762939453,24.559999465942383,0.0,141000
2022-10-06,20.582212448120117,0.0,24.149999618530273,0.0,24.540000915527344,24.139999389648438,24.5,0.0,222400
2022-10-07,20.30948829650879,0.0,23.829999923706055,0.0,24.139999389648438,23.780000686645508,24.06999969482422,0.0,84300
2022-10-10,20.19869041442871,0.0,23.700000762939453,0.0,23.959999084472656,23.6200008392334,23.84000015258789,0.0,74700
2022-10-11,20.011194229125977,0.0,23.479999542236328,0.0,23.829999923706055,23.3799991607666,23.549999237060547,0.0,1282700
2022-10-12,19.908924102783203,0.0,23.360000610351562,0.0,23.43000030517578,23.229999542236328,23.360000610351562,0.0,149900
2022-10-13,20.096420288085938,0.0,23.579999923706055,0.0,23.59000015258789,22.899999618530273,22.969999313354492,0.0,174400
2022-10-14,19.73847007751465,0.0,23.15999984741211,0.0,23.68000030517578,23.139999389648438,23.68000030517578,0.0,138500
2022-10-17,20.318008422851562,0.0,23.84000015258789,0.0,23.959999084472656,23.719999313354492,23.739999771118164,0.0,91400
2022-10-18,20.241304397583008,0.0,23.75,0.0,24.049999237060547,23.670000076293945,24.010000228881836,0.0,123800
2022-10-19,19.789600372314453,0.0,23.219999313354492,0.0,23.40999984741211,23.15999984741211,23.40999984741211,0.0,73700
2022-10-20,19.951534271240234,0.0,23.40999984741211,0.0,23.709999084472656,23.260000228881836,23.399999618530273,0.0,192700
2022-10-21,20.06233024597168,0.0,23.540000915527344,0.0,23.59000015258789,22.989999771118164,23.059999465942383,0.0,107400
2022-10-24,19.908924102783203,0.0,23.360000610351562,0.0,23.399999618530273,23.190000534057617,23.309999465942383,0.0,239700
2022-10-25,20.590734481811523,0.0,24.15999984741211,0.0,24.170000076293945,23.520000457763672,23.649999618530273,0.0,224800
2022-10-26,20.897552490234375,0.0,24.520000457763672,0.0,24.690000534057617,24.350000381469727,24.399999618530273,0.0,265400
2022-10-27,21.05095863342285,0.0,24.700000762939453,0.0,24.989999771118164,24.579999923706055,24.84000015258789,0.0,136200
2022-10-28,21.187318801879883,0.0,24.860000610351562,0.0,24.860000610351562,24.59000015258789,24.639999389648438,0.0,84800
2022-10-31,20.846412658691406,0.0,24.459999084472656,0.0,24.59000015258789,24.40999984741211,24.510000228881836,0.0,394500
2022-11-01,21.246976852416992,0.0,24.93000030517578,0.0,25.18000030517578,24.81999969482422,25.18000030517578,0.0,171200
2022-11-02,20.92311668395996,0.0,24.549999237060547,0.0,25.149999618530273,24.510000228881836,24.920000076293945,0.0,72900
2022-11-03,20.650390625,0.0,24.229999542236328,0.0,24.280000686645508,24.0,24.059999465942383,0.0,134900
2022-11-04,21.289592742919922,0.0,24.979999542236328,0.0,25.0,24.610000610351562,24.760000228881836,0.0,62900
2022-11-07,21.28106689453125,0.0,24.969999313354492,0.0,25.059999465942383,24.899999618530273,25.059999465942383,0.0,76600
2022-11-08,21.528226852416992,0.0,25.260000228881836,0.0,25.34000015258789,24.920000076293945,25.020000457763672,0.0,228200
2022-11-09,21.23845672607422,0.0,24.920000076293945,0.0,25.15999984741211,24.90999984741211,25.079999923706055,0.0,284500
2022-11-10,22.559465408325195,0.0,26.469999313354492,0.0,26.479999542236328,25.889999389648438,25.940000534057617,0.0,205800
2022-11-11,23.04526138305664,0.0,27.040000915527344,0.0,27.100000381469727,26.68000030517578,26.860000610351562,0.0,55400
2022-11-14,22.602081298828125,0.0,26.520000457763672,0.0,26.790000915527344,26.510000228881836,26.690000534057617,0.0,146600
2022-11-15,22.789575576782227,0.0,26.739999771118164,0.0,26.969999313354492,26.5,26.8799991607666,0.0,231000
2022-11-16,22.57651138305664,0.0,26.489999771118164,0.0,26.579999923706055,26.43000030517578,26.530000686645508,0.0,153300
2022-11-17,22.585033416748047,0.0,26.5,0.0,26.579999923706055,26.079999923706055,26.239999771118164,0.0,204300
2022-11-18,22.63616943359375,0.0,26.559999465942383,0.0,26.6299991607666,26.420000076293945,26.549999237060547,0.0,267500
2022-11-21,22.508329391479492,0.0,26.40999984741211,0.0,26.40999984741211,26.170000076293945,26.280000686645508,0.0,117400
2022-11-22,22.550945281982422,0.0,26.459999084472656,0.0,26.5,26.31999969482422,26.34000015258789,0.0,148700
2022-11-23,22.602081298828125,0.0,26.520000457763672,0.0,26.559999465942383,26.139999389648438,26.190000534057617,0.0,90600
2022-11-25,22.891849517822266,0.0,26.860000610351562,0.0,26.90999984741211,26.530000686645508,26.739999771118164,0.0,31300
2022-11-28,22.5679874420166,0.0,26.479999542236328,0.0,26.860000610351562,26.239999771118164,26.760000228881836,0.0,256800
2022-11-29,22.806625366210938,0.0,26.760000228881836,0.0,26.81999969482422,26.540000915527344,26.56999969482422,0.0,71000
2022-11-30,22.90889549255371,0.0,26.8799991607666,0.0,26.940000534057617,26.459999084472656,26.68000030517578,0.0,143700
2022-12-01,23.036733627319336,0.0,27.030000686645508,0.0,27.139999389648438,26.84000015258789,26.989999771118164,0.0,162000
2022-12-02,23.079349517822266,0.0,27.079999923706055,0.0,27.139999389648438,26.719999313354492,26.809999465942383,0.0,137200
2022-12-05,22.942989349365234,0.0,26.920000076293945,0.0,27.149999618530273,26.790000915527344,27.1200008392334,0.0,107200
2022-12-06,22.815149307250977,0.0,26.770000457763672,0.0,27.059999465942383,26.68000030517578,26.959999084472656,0.0,162800
2022-12-07,22.857763290405273,0.0,26.81999969482422,0.0,26.920000076293945,26.719999313354492,26.770000457763672,0.0,200300
2022-12-08,23.036733627319336,0.0,27.030000686645508,0.0,27.09000015258789,26.790000915527344,26.899999618530273,0.0,150600
2022-12-09,22.994121551513672,0.0,26.979999542236328,0.0,27.190000534057617,26.969999313354492,26.989999771118164,0.0,123600
2022-12-12,22.917421340942383,0.0,26.889999389648438,0.0,27.15999984741211,26.719999313354492,26.989999771118164,0.0,114000
2022-12-13,23.420251846313477,0.0,27.479999542236328,0.0,27.8700008392334,27.299999237060547,27.6299991607666,0.0,117600
2022-12-14,23.607757568359375,0.0,27.700000762939453,0.0,27.8700008392334,27.459999084472656,27.6200008392334,0.0,146500
2022-12-15,23.164579391479492,0.0,27.18000030517578,0.0,27.5,26.969999313354492,27.3700008392334,0.0,194200
2022-12-16,22.832195281982422,0.0,26.790000915527344,0.0,26.959999084472656,26.700000762939453,26.889999389648438,0.0,981000
2022-12-19,22.722841262817383,0.0,26.389999389648438,0.273,26.6299991607666,26.31999969482422,26.510000228881836,0.0,365600
2022-12-20,22.34398078918457,0.0,25.950000762939453,0.0,26.329999923706055,25.899999618530273,26.1200008392334,0.0,418500
2022-12-21,22.808944702148438,0.0,26.489999771118164,0.0,26.530000686645508,26.079999923706055,26.25,0.0,163600
2022-12-22,22.688400268554688,0.0,26.350000381469727,0.0,26.420000076293945,26.190000534057617,26.399999618530273,0.0,249300
2022-12-23,22.826168060302734,0.0,26.510000228881836,0.0,26.510000228881836,26.229999542236328,26.329999923706055,0.0,135400
2022-12-27,22.826168060302734,0.0,26.510000228881836,0.0,26.59000015258789,26.079999923706055,26.389999389648438,0.0,107100
2022-12-28,22.602294921875,0.0,26.25,0.0,26.68000030517578,26.25,26.600000381469727,0.0,128500
2022-12-29,23.118921279907227,0.0,26.850000381469727,0.0,26.889999389648438,26.540000915527344,26.579999923706055,0.0,209900
2022-12-30,23.05003547668457,0.0,26.770000457763672,0.0,26.899999618530273,26.65999984741211,26.65999984741211,0.0,517500
2023-01-03,23.265296936035156,0.0,27.020000457763672,0.0,27.31999969482422,26.920000076293945,27.06999969482422,0.0,114300
2023-01-04,23.54082679748535,0.0,27.34000015258789,0.0,27.389999389648438,27.15999984741211,27.200000762939453,0.0,144100
2023-01-05,23.05864715576172,0.0,26.780000686645508,0.0,27.09000015258789,26.770000457763672,27.09000015258789,0.0,157600
2023-01-06,23.411672592163086,0.0,27.190000534057617,0.0,27.229999542236328,26.56999969482422,26.799999237060547,0.0,56700
2023-01-09,23.64415168762207,0.0,27.459999084472656,0.0,27.56999969482422,27.3700008392334,27.3799991607666,0.0,116200
2023-01-10,23.54082679748535,0.0,27.34000015258789,0.0,27.440000534057617,27.190000534057617,27.270000457763672,0.0,51900
2023-01-11,23.99717903137207,0.0,27.8700008392334,0.0,27.93000030517578,27.559999465942383,27.579999923706055,0.0,555700
2023-01-12,24.28132438659668,0.0,28.200000762939453,0.0,28.270000457763672,27.829999923706055,28.030000686645508,0.0,244600
2023-01-13,24.24688148498535,0.0,28.15999984741211,0.0,28.200000762939453,28.0,28.079999923706055,0.0,59100
2023-01-17,24.3846492767334,0.0,28.31999969482422,0.0,28.389999389648438,28.18000030517578,28.219999313354492,0.0,144400
2023-01-18,24.23827362060547,0.0,28.149999618530273,0.0,28.75,28.100000381469727,28.56999969482422,0.0,73600
2023-01-19,24.091896057128906,0.0,27.979999542236328,0.0,28.110000610351562,27.8700008392334,28.049999237060547,0.0,44100
2023-01-20,24.2554931640625,0.0,28.170000076293945,0.0,28.219999313354492,27.899999618530273,27.979999542236328,0.0,232200
2023-01-23,24.341598510742188,0.0,28.270000457763672,0.0,28.399999618530273,28.09000015258789,28.1299991607666,0.0,80500
2023-01-24,24.50519561767578,0.0,28.459999084472656,0.0,28.510000228881836,28.170000076293945,28.229999542236328,0.0,69300
2023-01-25,24.599905014038086,0.0,28.56999969482422,0.0,28.639999389648438,28.290000915527344,28.40999984741211,0.0,245200
2023-01-26,24.64295768737793,0.0,28.6200008392334,0.0,28.6299991607666,28.40999984741211,28.56999969482422,0.0,73800
2023-01-27,24.754894256591797,0.0,28.75,0.0,28.799999237060547,28.530000686645508,28.610000610351562,0.0,206300
2023-01-30,24.64295768737793,0.0,28.6200008392334,0.0,28.81999969482422,28.549999237060547,28.700000762939453,0.0,80500
2023-01-31,24.539634704589844,0.0,28.5,0.0,28.5,28.15999984741211,28.360000610351562,0.0,66100
2023-02-01,24.806554794311523,0.0,28.809999465942383,0.0,28.90999984741211,28.260000228881836,28.389999389648438,0.0,215900
2023-02-02,25.15097427368164,0.0,29.209999084472656,0.0,29.489999771118164,29.059999465942383,29.229999542236328,0.0,548300
2023-02-03,24.67740249633789,0.0,28.65999984741211,0.0,28.959999084472656,28.549999237060547,28.90999984741211,0.0,353800
2023-02-06,24.36742401123047,0.0,28.299999237060547,0.0,28.440000534057617,28.049999237060547,28.170000076293945,0.0,120200
2023-02-07,24.315763473510742,0.0,28.239999771118164,0.0,28.309999465942383,27.920000076293945,28.059999465942383,0.0,159800
2023-02-08,24.28993034362793,0.0,28.209999084472656,0.0,28.280000686645508,28.079999923706055,28.280000686645508,0.0,564400
2023-02-09,24.100502014160156,0.0,27.989999771118164,0.0,28.389999389648438,27.969999313354492,28.350000381469727,0.0,129200
2023-02-10,23.979957580566406,0.0,27.850000381469727,0.0,27.920000076293945,27.780000686645508,27.90999984741211,0.0,96900
2023-02-13,24.048843383789062,0.0,27.93000030517578,0.0,27.969999313354492,27.739999771118164,27.790000915527344,0.0,48000
2023-02-14,23.988569259643555,0.0,27.860000610351562,0.0,28.06999969482422,27.729999542236328,27.799999237060547,0.0,129000
2023-02-15,23.69581413269043,0.0,27.520000457763672,0.0,27.559999465942383,27.299999237060547,27.360000610351562,0.0,95800
2023-02-16,23.747478485107422,0.0,27.579999923706055,0.0,27.639999389648438,27.299999237060547,27.360000610351562,0.0,108300
2023-02-17,23.756086349487305,0.0,27.59000015258789,0.0,27.610000610351562,27.399999618530273,27.540000915527344,0.0,32400
2023-02-21,23.342788696289062,0.0,27.110000610351562,0.0,27.360000610351562,27.110000610351562,27.309999465942383,0.0,33700
2023-02-22,23.265296936035156,0.0,27.020000457763672,0.0,27.270000457763672,27.0,27.15999984741211,0.0,36700
2023-02-23,23.44611358642578,0.0,27.229999542236328,0.0,27.290000915527344,27.059999465942383,27.1200008392334,0.0,40000
2023-02-24,23.161970138549805,0.0,26.899999618530273,0.0,26.989999771118164,26.84000015258789,26.989999771118164,0.0,36900
2023-02-27,23.385841369628906,0.0,27.15999984741211,0.0,27.239999771118164,26.989999771118164,27.06999969482422,0.0,34900
2023-02-28,23.32556915283203,0.0,27.09000015258789,0.0,27.260000228881836,27.020000457763672,27.149999618530273,0.0,344900
2023-03-01,23.118921279907227,0.0,26.850000381469727,0.0,27.100000381469727,26.729999542236328,26.93000030517578,0.0,142700
2023-03-02,23.101699829101562,0.0,26.829999923706055,0.0,26.920000076293945,26.690000534057617,26.75,0.0,137500
2023-03-03,23.411672592163086,0.0,27.190000534057617,0.0,27.209999084472656,26.8799991607666,27.0,0.0,333600
2023-03-06,23.351402282714844,0.0,27.1200008392334,0.0,27.299999237060547,27.100000381469727,27.239999771118164,0.0,42000
2023-03-07,22.929489135742188,0.0,26.6299991607666,0.0,27.06999969482422,26.600000381469727,27.06999969482422,0.0,47600
2023-03-08,22.877826690673828,0.0,26.56999969482422,0.0,26.709999084472656,26.479999542236328,26.59000015258789,0.0,147800
2023-03-09,22.53341293334961,0.0,26.170000076293945,0.0,26.489999771118164,26.170000076293945,26.489999771118164,0.0,92600
2023-03-10,22.326763153076172,0.0,25.93000030517578,0.0,26.34000015258789,25.889999389648438,26.309999465942383,0.0,110400
2023-03-13,22.542022705078125,0.0,26.18000030517578,0.0,26.309999465942383,25.93000030517578,26.030000686645508,0.0,41600
2023-03-14,22.94670867919922,0.0,26.649999618530273,0.0,26.709999084472656,26.479999542236328,26.670000076293945,0.0,35400
2023-03-15,22.628128051757812,0.0,26.280000686645508,0.0,26.280000686645508,25.760000228881836,26.079999923706055,0.0,64400
2023-03-16,22.59368324279785,0.0,26.239999771118164,0.0,26.239999771118164,25.8700008392334,26.040000915527344,0.0,78700
2023-03-17,22.34398078918457,0.0,25.950000762939453,0.0,26.139999389648438,25.90999984741211,26.1299991607666,0.0,125500
2023-03-20,22.52904510498047,0.0,25.93000030517578,0.233,25.979999542236328,25.700000762939453,25.84000015258789,0.0,93100
2023-03-21,22.572486877441406,0.0,25.979999542236328,0.0,26.079999923706055,25.760000228881836,25.989999771118164,0.0,104300
2023-03-22,22.277082443237305,0.0,25.639999389648438,0.0,26.010000228881836,25.59000015258789,25.84000015258789,0.0,49600
2023-03-23,22.268394470214844,0.0,25.6299991607666,0.0,25.860000610351562,25.450000762939453,25.6200008392334,0.0,248700
2023-03-24,22.216264724731445,0.0,25.56999969482422,0.0,25.56999969482422,25.290000915527344,25.43000030517578,0.0,61800
2023-03-27,22.268394470214844,0.0,25.6299991607666,0.0,25.799999237060547,25.530000686645508,25.639999389648438,0.0,418100
2023-03-28,22.277082443237305,0.0,25.639999389648438,0.0,25.649999618530273,25.489999771118164,25.559999465942383,0.0,130500
2023-03-29,22.37265968322754,0.0,25.75,0.0,25.829999923706055,25.6200008392334,25.670000076293945,0.0,96700
2023-03-30,22.78969955444336,0.0,26.229999542236328,0.0,26.25,25.969999313354492,26.170000076293945,0.0,52200
2023-03-31,22.83314323425293,0.0,26.280000686645508,0.0,26.309999465942383,26.15999984741211,26.190000534057617,0.0,401500
2023-04-03,23.171985626220703,0.0,26.670000076293945,0.0,26.729999542236328,26.329999923706055,26.510000228881836,0.0,127700
2023-04-04,23.23280143737793,0.0,26.739999771118164,0.0,26.850000381469727,26.639999389648438,26.75,0.0,27100
2023-04-05,23.024282455444336,0.0,26.5,0.0,26.639999389648438,26.3700008392334,26.5,0.0,264400
2023-04-06,23.102479934692383,0.0,26.59000015258789,0.0,26.719999313354492,26.489999771118164,26.600000381469727,0.0,34400
2023-04-10,23.01559829711914,0.0,26.489999771118164,0.0,26.489999771118164,26.31999969482422,26.420000076293945,0.0,41400
2023-04-11,23.024282455444336,0.0,26.5,0.0,26.59000015258789,26.420000076293945,26.559999465942383,0.0,32900
2023-04-12,23.102479934692383,0.0,26.59000015258789,0.0,26.770000457763672,26.56999969482422,26.770000457763672,0.0,21300
2023-04-13,23.31968879699707,0.0,26.84000015258789,0.0,26.940000534057617,26.760000228881836,26.760000228881836,0.0,78100
2023-04-14,23.293621063232422,0.0,26.809999465942383,0.0,27.010000228881836,26.719999313354492,26.959999084472656,0.0,35500
2023-04-17,23.389198303222656,0.0,26.920000076293945,0.0,26.950000762939453,26.799999237060547,26.84000015258789,0.0,81100
2023-04-18,23.354440689086914,0.0,26.8799991607666,0.0,26.93000030517578,26.780000686645508,26.93000030517578,0.0,172900
2023-04-19,23.18067741394043,0.0,26.68000030517578,0.0,26.770000457763672,26.479999542236328,26.6200008392334,0.0,147600
2023-04-20,23.206741333007812,0.0,26.709999084472656,0.0,26.829999923706055,26.649999618530273,26.690000534057617,0.0,156300
2023-04-21,23.354440689086914,0.0,26.8799991607666,0.0,26.90999984741211,26.670000076293945,26.75,0.0,55300
2023-04-24,23.354440689086914,0.0,26.8799991607666,0.0,26.940000534057617,26.790000915527344,26.84000015258789,0.0,61400
2023-04-25,23.250186920166016,0.0,26.760000228881836,0.0,26.829999923706055,26.68000030517578,26.829999923706055,0.0,115700
2023-04-26,23.311002731323242,0.0,26.829999923706055,0.0,27.0,26.809999465942383,27.0,0.0,34200
2023-04-27,23.589033126831055,0.0,27.149999618530273,0.0,27.149999618530273,26.90999984741211,26.950000762939453,0.0,33100
2023-04-28,23.788864135742188,0.0,27.3799991607666,0.0,27.420000076293945,27.059999465942383,27.170000076293945,0.0,213100
2023-05-01,23.69329261779785,0.0,27.270000457763672,0.0,27.59000015258789,27.25,27.389999389648438,0.0,335300
2023-05-02,23.328378677368164,0.0,26.850000381469727,0.0,26.8799991607666,26.709999084472656,26.829999923706055,0.0,96900
2023-05-03,23.389198303222656,0.0,26.920000076293945,0.0,27.059999465942383,26.850000381469727,26.860000610351562,0.0,46600
2023-05-04,23.484771728515625,0.0,27.030000686645508,0.0,27.1299991607666,26.75,26.75,0.0,109300
2023-05-05,23.788864135742188,0.0,27.3799991607666,0.0,27.420000076293945,27.010000228881836,27.1200008392334,0.0,64600
2023-05-08,23.74542236328125,0.0,27.329999923706055,0.0,27.440000534057617,27.219999313354492,27.440000534057617,0.0,37600
2023-05-09,23.363134384155273,0.0,26.889999389648438,0.0,26.920000076293945,26.799999237060547,26.8799991607666,0.0,191300
2023-05-10,23.406574249267578,0.0,26.940000534057617,0.0,26.969999313354492,26.780000686645508,26.969999313354492,0.0,64200
2023-05-11,23.293621063232422,0.0,26.809999465942383,0.0,26.81999969482422,26.639999389648438,26.81999969482422,0.0,101500
2023-05-12,23.050352096557617,0.0,26.530000686645508,0.0,26.729999542236328,26.350000381469727,26.729999542236328,0.0,110000
2023-05-15,23.337068557739258,0.0,26.860000610351562,0.0,26.950000762939453,26.6299991607666,26.780000686645508,0.0,27800
2023-05-16,23.076416015625,0.0,26.559999465942383,0.0,26.700000762939453,26.459999084472656,26.690000534057617,0.0,69300
2023-05-17,23.01559829711914,0.0,26.489999771118164,0.0,26.510000228881836,26.280000686645508,26.40999984741211,0.0,57200
2023-05-18,22.659372329711914,0.0,26.079999923706055,0.0,26.139999389648438,25.8799991607666,26.139999389648438,0.0,44000
2023-05-19,22.74625587463379,0.0,26.18000030517578,0.0,26.209999084472656,26.06999969482422,26.139999389648438,0.0,344100
2023-05-22,22.737567901611328,0.0,26.170000076293945,0.0,26.260000228881836,26.100000381469727,26.100000381469727,0.0,48800
2023-05-23,22.702816009521484,0.0,26.1299991607666,0.0,26.25,26.0,26.149999618530273,0.0,43400
2023-05-24,22.29446029663086,0.0,25.65999984741211,0.0,25.90999984741211,25.649999618530273,25.90999984741211,0.0,41700
2023-05-25,22.042495727539062,0.0,25.3700008392334,0.0,25.610000610351562,25.31999969482422,25.610000610351562,0.0,50000
2023-05-26,22.216264724731445,0.0,25.56999969482422,0.0,25.56999969482422,25.40999984741211,25.5,0.0,74800
2023-05-30,22.15544319152832,0.0,25.5,0.0,25.56999969482422,25.420000076293945,25.530000686645508,0.0,29900
2023-05-31,22.103313446044922,0.0,25.440000534057617,0.0,25.489999771118164,25.170000076293945,25.34000015258789,0.0,218400
2023-06-01,22.172821044921875,0.0,25.520000457763672,0.0,25.579999923706055,25.290000915527344,25.420000076293945,0.0,392200
2023-06-02,22.659372329711914,0.0,26.079999923706055,0.0,26.139999389648438,25.639999389648438,26.010000228881836,0.0,83500
2023-06-05,22.572486877441406,0.0,25.979999542236328,0.0,26.059999465942383,25.8799991607666,25.969999313354492,0.0,114000
2023-06-06,22.798385620117188,0.0,26.239999771118164,0.0,26.239999771118164,25.790000915527344,25.979999542236328,0.0,63100
2023-06-07,22.641996383666992,0.0,26.059999465942383,0.0,26.209999084472656,26.010000228881836,26.170000076293945,0.0,34500
2023-06-08,22.61592674255371,0.0,26.030000686645508,0.0,26.049999237060547,25.90999984741211,26.0,0.0,61100
2023-06-09,22.720190048217773,0.0,26.149999618530273,0.0,26.239999771118164,26.110000610351562,26.15999984741211,0.0,31100
2023-06-12,22.589862823486328,0.0,26.0,0.0,26.15999984741211,25.920000076293945,26.15999984741211,0.0,1831400
2023-06-13,22.537736892700195,0.0,25.940000534057617,0.0,25.989999771118164,25.809999465942383,25.969999313354492,0.0,390900
2023-06-14,22.563800811767578,0.0,25.969999313354492,0.0,26.100000381469727,25.809999465942383,25.950000762939453,0.0,41000
2023-06-15,22.720190048217773,0.0,26.149999618530273,0.0,26.229999542236328,25.8700008392334,26.040000915527344,0.0,44800
2023-06-16,22.80707359313965,0.0,26.25,0.0,26.34000015258789,26.229999542236328,26.260000228881836,0.0,180700
2023-06-20,22.42333221435547,0.0,25.360000610351562,0.456,25.469999313354492,25.360000610351562,25.469999313354492,0.0,59500
2023-06-21,22.40564727783203,0.0,25.34000015258789,0.0,25.420000076293945,25.209999084472656,25.25,0.0,95600
2023-06-22,22.043127059936523,0.0,24.93000030517578,0.0,25.06999969482422,24.8700008392334,25.06999969482422,0.0,225100
2023-06-23,21.601024627685547,0.0,24.43000030517578,0.0,24.75,24.3700008392334,24.610000610351562,0.0,151300
2023-06-26,21.777868270874023,0.0,24.6299991607666,0.0,24.649999618530273,24.43000030517578,24.469999313354492,0.0,169400
2023-06-27,21.91933822631836,0.0,24.790000915527344,0.0,24.829999923706055,24.639999389648438,24.790000915527344,0.0,60300
2023-06-28,21.94586181640625,0.0,24.81999969482422,0.0,24.899999618530273,24.780000686645508,24.84000015258789,0.0,55000
2023-06-29,21.804391860961914,0.0,24.65999984741211,0.0,24.65999984741211,24.420000076293945,24.59000015258789,0.0,83000
2023-06-30,21.901653289794922,0.0,24.770000457763672,0.0,24.920000076293945,24.729999542236328,24.90999984741211,0.0,98300
2023-07-03,22.17575454711914,0.0,25.079999923706055,0.0,25.18000030517578,24.770000457763672,24.93000030517578,0.0,89200
2023-07-05,22.273019790649414,0.0,25.190000534057617,0.0,25.290000915527344,24.989999771118164,25.229999542236328,0.0,140500
2023-07-06,21.910493850708008,0.0,24.780000686645508,0.0,24.899999618530273,24.65999984741211,24.899999618530273,0.0,152400
2023-07-07,22.034284591674805,0.0,24.920000076293945,0.0,25.030000686645508,24.600000381469727,24.719999313354492,0.0,67900
2023-07-10,22.113861083984375,0.0,25.010000228881836,0.0,25.010000228881836,24.739999771118164,24.889999389648438,0.0,48900
2023-07-11,22.449853897094727,0.0,25.389999389648438,0.0,25.440000534057617,25.229999542236328,25.239999771118164,0.0,163200
2023-07-12,22.927324295043945,0.0,25.93000030517578,0.0,25.940000534057617,25.780000686645508,25.780000686645508,0.0,98100
2023-07-13,23.201427459716797,0.0,26.239999771118164,0.0,26.299999237060547,26.079999923706055,26.149999618530273,0.0,33800
2023-07-14,23.068798065185547,0.0,26.09000015258789,0.0,26.270000457763672,26.09000015258789,26.200000762939453,0.0,53800
2023-07-17,23.042272567749023,0.0,26.059999465942383,0.0,26.09000015258789,25.979999542236328,26.09000015258789,0.0,58000
2023-07-18,23.015743255615234,0.0,26.030000686645508,0.0,26.110000610351562,26.010000228881836,26.06999969482422,0.0,28200
2023-07-19,23.35173797607422,0.0,26.40999984741211,0.0,26.5,26.31999969482422,26.389999389648438,0.0,44000
2023-07-20,23.298688888549805,0.0,26.350000381469727,0.0,26.479999542236328,26.260000228881836,26.450000762939453,0.0,55700
2023-07-21,23.22795295715332,0.0,26.270000457763672,0.0,26.309999465942383,26.18000030517578,26.280000686645508,0.0,102800
2023-07-24,23.289846420288086,0.0,26.34000015258789,0.0,26.3700008392334,26.260000228881836,26.360000610351562,0.0,68300
2023-07-25,23.2191104888916,0.0,26.260000228881836,0.0,26.31999969482422,26.149999618530273,26.200000762939453,0.0,57200
2023-07-26,23.475528717041016,0.0,26.549999237060547,0.0,26.549999237060547,26.219999313354492,26.239999771118164,0.0,64700
2023-07-27,23.360584259033203,0.0,26.420000076293945,0.0,26.760000228881836,26.3700008392334,26.760000228881836,0.0,126700
2023-07-28,23.3429012298584,0.0,26.399999618530273,0.0,26.450000762939453,26.299999237060547,26.450000762939453,0.0,138900
2023-07-31,23.272165298461914,0.0,26.31999969482422,0.0,26.3799991607666,26.229999542236328,26.229999542236328,0.0,23400
2023-08-01,22.865432739257812,0.0,25.860000610351562,0.0,26.010000228881836,25.790000915527344,26.010000228881836,0.0,61200
2023-08-02,22.538278579711914,0.0,25.489999771118164,0.0,25.6299991607666,25.43000030517578,25.579999923706055,0.0,24900
2023-08-03,22.57364845275879,0.0,25.530000686645508,0.0,25.610000610351562,25.31999969482422,25.559999465942383,0.0,54000
2023-08-04,22.57364845275879,0.0,25.530000686645508,0.0,25.729999542236328,25.5,25.59000015258789,0.0,21500
2023-08-07,22.71511459350586,0.0,25.690000534057617,0.0,25.770000457763672,25.579999923706055,25.700000762939453,0.0,25600
2023-08-08,22.600170135498047,0.0,25.559999465942383,0.0,25.579999923706055,25.350000381469727,25.440000534057617,0.0,128000
2023-08-09,22.600170135498047,0.0,25.559999465942383,0.0,25.639999389648438,25.479999542236328,25.600000381469727,0.0,44100
2023-08-10,22.600170135498047,0.0,25.559999465942383,0.0,25.850000381469727,25.559999465942383,25.780000686645508,0.0,32400
2023-08-11,22.43217658996582,0.0,25.3700008392334,0.0,25.479999542236328,25.190000534057617,25.350000381469727,0.0,43700
2023-08-14,22.184600830078125,0.0,25.09000015258789,0.0,25.1299991607666,25.0,25.100000381469727,0.0,63600
2023-08-15,21.937021255493164,0.0,24.809999465942383,0.0,24.90999984741211,24.729999542236328,24.8799991607666,0.0,86900
2023-08-16,21.86628532409668,0.0,24.729999542236328,0.0,24.899999618530273,24.700000762939453,24.780000686645508,0.0,42400
2023-08-17,21.777868270874023,0.0,24.6299991607666,0.0,24.81999969482422,24.559999465942383,24.81999969482422,0.0,46500
2023-08-18,21.689441680908203,0.0,24.530000686645508,0.0,24.549999237060547,24.420000076293945,24.420000076293945,0.0,31900
2023-08-21,21.4860782623291,0.0,24.299999237060547,0.0,24.3799991607666,24.149999618530273,24.3799991607666,0.0,46500
2023-08-22,21.574499130249023,0.0,24.399999618530273,0.0,24.559999465942383,24.3799991607666,24.559999465942383,0.0,150600
2023-08-23,21.9547061920166,0.0,24.829999923706055,0.0,24.90999984741211,24.649999618530273,24.84000015258789,0.0,105000
2023-08-24,21.830913543701172,0.0,24.690000534057617,0.0,24.920000076293945,24.6200008392334,24.81999969482422,0.0,85700
2023-08-25,21.892812728881836,0.0,24.760000228881836,0.0,24.8799991607666,24.65999984741211,24.780000686645508,0.0,49100
2023-08-28,22.034284591674805,0.0,24.920000076293945,0.0,24.93000030517578,24.739999771118164,24.790000915527344,0.0,35500
2023-08-29,22.32607078552246,0.0,25.25,0.0,25.260000228881836,24.770000457763672,24.90999984741211,0.0,76900
2023-08-30,22.352596282958984,0.0,25.280000686645508,0.0,25.43000030517578,25.170000076293945,25.329999923706055,0.0,23000
2023-08-31,22.370281219482422,0.0,25.299999237060547,0.0,25.350000381469727,25.209999084472656,25.299999237060547,0.0,29000
2023-09-01,22.29953956604004,0.0,25.219999313354492,0.0,25.420000076293945,25.100000381469727,25.420000076293945,0.0,49400
2023-09-05,22.1403865814209,0.0,25.040000915527344,0.0,25.209999084472656,24.979999542236328,25.209999084472656,0.0,61400
2023-09-06,22.10502052307129,0.0,25.0,0.0,25.079999923706055,24.93000030517578,25.079999923706055,0.0,75900
2023-09-07,22.08733367919922,0.0,24.979999542236328,0.0,25.010000228881836,24.899999618530273,24.979999542236328,0.0,25000
2023-09-08,22.051969528198242,0.0,24.940000534057617,0.0,25.010000228881836,24.8700008392334,24.93000030517578,0.0,20000
2023-09-11,22.12270164489746,0.0,25.020000457763672,0.0,25.09000015258789,24.940000534057617,25.059999465942383,0.0,24200
2023-09-12,22.051969528198242,0.0,24.940000534057617,0.0,24.969999313354492,24.81999969482422,24.889999389648438,0.0,40000
2023-09-13,21.892812728881836,0.0,24.760000228881836,0.0,24.850000381469727,24.719999313354492,24.790000915527344,0.0,47700
2023-09-14,22.228805541992188,0.0,25.139999389648438,0.0,25.209999084472656,24.950000762939453,25.049999237060547,0.0,102900
2023-09-15,22.078493118286133,0.0,24.969999313354492,0.0,25.09000015258789,24.899999618530273,25.049999237060547,0.0,80400
2023-09-18,21.889894485473633,0.0,24.489999771118164,0.269,24.530000686645508,24.420000076293945,24.459999084472656,0.0,86700
2023-09-19,21.880958557128906,0.0,24.479999542236328,0.0,24.559999465942383,24.420000076293945,24.479999542236328,0.0,30600
2023-09-20,21.925647735595703,0.0,24.530000686645508,0.0,24.8799991607666,24.530000686645508,24.639999389648438,0.0,50800
2023-09-21,21.639623641967773,0.0,24.209999084472656,0.0,24.489999771118164,24.190000534057617,24.389999389648438,0.0,70000
2023-09-22,21.639623641967773,0.0,24.209999084472656,0.0,24.329999923706055,24.190000534057617,24.329999923706055,0.0,45100
2023-09-25,21.53236198425293,0.0,24.09000015258789,0.0,24.110000610351562,23.979999542236328,24.020000457763672,0.0,54900
2023-09-26,21.237398147583008,0.0,23.760000228881836,0.0,23.920000076293945,23.559999465942383,23.90999984741211,0.0,98500
2023-09-27,21.06757164001465,0.0,23.56999969482422,0.0,23.760000228881836,23.450000762939453,23.760000228881836,0.0,62200
2023-09-28,21.040760040283203,0.0,23.540000915527344,0.0,23.6299991607666,23.469999313354492,23.540000915527344,0.0,40100
2023-09-29,21.255277633666992,0.0,23.780000686645508,0.0,24.049999237060547,23.739999771118164,23.829999923706055,0.0,62700
2023-10-02,20.906679153442383,0.0,23.389999389648438,0.0,23.649999618530273,23.329999923706055,23.649999618530273,0.0,183300
2023-10-03,20.647470474243164,0.0,23.100000381469727,0.0,23.239999771118164,23.020000457763672,23.209999084472656,0.0,198100
2023-10-04,20.656410217285156,0.0,23.110000610351562,0.0,23.139999389648438,22.90999984741211,23.079999923706055,0.0,207900
2023-10-05,20.915620803833008,0.0,23.399999618530273,0.0,23.469999313354492,23.200000762939453,23.299999237060547,0.0,576200
2023-10-06,21.08544921875,0.0,23.59000015258789,0.0,23.6200008392334,23.200000762939453,23.329999923706055,0.0,32700
2023-10-09,21.08544921875,0.0,23.59000015258789,0.0,23.65999984741211,23.420000076293945,23.43000030517578,0.0,37800
2023-10-10,21.371477127075195,0.0,23.90999984741211,0.0,24.020000457763672,23.670000076293945,23.790000915527344,0.0,65200
2023-10-11,21.416162490844727,0.0,23.959999084472656,0.0,24.09000015258789,23.8700008392334,24.0,0.0,32500
2023-10-12,21.219520568847656,0.0,23.739999771118164,0.0,23.969999313354492,23.579999923706055,23.959999084472656,0.0,111500
2023-10-13,20.996065139770508,0.0,23.489999771118164,0.0,23.600000381469727,23.3700008392334,23.600000381469727,0.0,38100
2023-10-16,21.049694061279297,0.0,23.549999237060547,0.0,23.600000381469727,23.3799991607666,23.469999313354492,0.0,81400
2023-10-17,21.112262725830078,0.0,23.6200008392334,0.0,23.719999313354492,23.209999084472656,23.510000228881836,0.0,30300
2023-10-18,20.66534996032715,0.0,23.1200008392334,0.0,23.3799991607666,23.079999923706055,23.3700008392334,0.0,69500
2023-10-19,20.441890716552734,0.0,22.8700008392334,0.0,23.110000610351562,22.81999969482422,23.100000381469727,0.0,55200
2023-10-20,20.379323959350586,0.0,22.799999237060547,0.0,22.90999984741211,22.75,22.829999923706055,0.0,59700
2023-10-23,20.343570709228516,0.0,22.760000228881836,0.0,22.889999389648438,22.56999969482422,22.639999389648438,0.0,33400
2023-10-24,20.504457473754883,0.0,22.940000534057617,0.0,23.020000457763672,22.770000457763672,22.84000015258789,0.0,84600
2023-10-25,20.227371215820312,0.0,22.6299991607666,0.0,22.809999465942383,22.59000015258789,22.809999465942383,0.0,71500
2023-10-26,20.2005558013916,0.0,22.600000381469727,0.0,22.68000030517578,22.520000457763672,22.59000015258789,0.0,66700
2023-10-27,20.209491729736328,0.0,22.610000610351562,0.0,22.809999465942383,22.610000610351562,22.700000762939453,0.0,52700
2023-10-30,20.298879623413086,0.0,22.709999084472656,0.0,22.899999618530273,22.639999389648438,22.860000610351562,0.0,81500
2023-10-31,20.504457473754883,0.0,22.940000534057617,0.0,22.950000762939453,22.729999542236328,22.729999542236328,0.0,53400
2023-11-01,20.701099395751953,0.0,23.15999984741211,0.0,23.15999984741211,22.84000015258789,22.889999389648438,0.0,70200
2023-11-02,21.416162490844727,0.0,23.959999084472656,0.0,23.969999313354492,23.670000076293945,23.829999923706055,0.0,125200
2023-11-03,21.970340728759766,0.0,24.579999923706055,0.0,24.670000076293945,24.290000915527344,24.34000015258789,0.0,90400
2023-11-06,21.585994720458984,0.0,24.149999618530273,0.0,24.31999969482422,24.110000610351562,24.31999969482422,0.0,529600
2023-11-07,21.38935089111328,0.0,23.93000030517578,0.0,24.020000457763672,23.889999389648438,24.0,0.0,78800
2023-11-08,21.282094955444336,0.0,23.809999465942383,0.0,23.940000534057617,23.790000915527344,23.860000610351562,0.0,99000
2023-11-09,21.20164680480957,0.0,23.719999313354492,0.0,24.09000015258789,23.670000076293945,24.040000915527344,0.0,92500
2023-11-10,21.282094955444336,0.0,23.809999465942383,0.0,23.889999389648438,23.59000015258789,23.770000457763672,0.0,128300
2023-11-13,21.27315330505371,0.0,23.799999237060547,0.0,23.829999923706055,23.59000015258789,23.6200008392334,0.0,161700
2023-11-14,22.175918579101562,0.0,24.809999465942383,0.0,24.8799991607666,24.399999618530273,24.420000076293945,0.0,168200
2023-11-15,22.19379997253418,0.0,24.829999923706055,0.0,24.989999771118164,24.809999465942383,24.959999084472656,0.0,46200
2023-11-16,22.068660736083984,0.0,24.690000534057617,0.0,24.8799991607666,24.6299991607666,24.790000915527344,0.0,50600
2023-11-17,22.25636863708496,0.0,24.899999618530273,0.0,24.959999084472656,24.809999465942383,24.829999923706055,0.0,65000
2023-11-20,22.40831756591797,0.0,25.06999969482422,0.0,25.149999618530273,24.8799991607666,24.8799991607666,0.0,58200
2023-11-21,22.283180236816406,0.0,24.93000030517578,0.0,25.06999969482422,24.8799991607666,25.040000915527344,0.0,206900
2023-11-22,22.27424430847168,0.0,24.920000076293945,0.0,25.170000076293945,24.84000015258789,25.0,0.0,24800
2023-11-24,22.390438079833984,0.0,25.049999237060547,0.0,25.09000015258789,24.899999618530273,24.940000534057617,0.0,22600
2023-11-27,22.390438079833984,0.0,25.049999237060547,0.0,25.149999618530273,24.979999542236328,25.049999237060547,0.0,51500
2023-11-28,22.4530086517334,0.0,25.1200008392334,0.0,25.139999389648438,24.920000076293945,25.020000457763672,0.0,87100
2023-11-29,22.49770164489746,0.0,25.170000076293945,0.0,25.360000610351562,25.110000610351562,25.200000762939453,0.0,102900
2023-11-30,22.47982406616211,0.0,25.149999618530273,0.0,25.219999313354492,25.049999237060547,25.219999313354492,0.0,32500
2023-12-01,22.77478790283203,0.0,25.479999542236328,0.0,25.549999237060547,25.0,25.059999465942383,0.0,103700
2023-12-04,22.703279495239258,0.0,25.399999618530273,0.0,25.479999542236328,25.15999984741211,25.389999389648438,0.0,99100
2023-12-05,22.7300968170166,0.0,25.43000030517578,0.0,25.510000228881836,25.260000228881836,25.459999084472656,0.0,96000
2023-12-06,22.846290588378906,0.0,25.559999465942383,0.0,25.809999465942383,25.489999771118164,25.780000686645508,0.0,156000
2023-12-07,23.08762550354004,0.0,25.829999923706055,0.0,25.90999984741211,25.6200008392334,25.68000030517578,0.0,202800
2023-12-08,22.980365753173828,0.0,25.709999084472656,0.0,25.75,25.56999969482422,25.600000381469727,0.0,34400
2023-12-11,23.016124725341797,0.0,25.75,0.0,25.790000915527344,25.610000610351562,25.700000762939453,0.0,58000
2023-12-12,22.989303588867188,0.0,25.719999313354492,0.0,25.719999313354492,25.43000030517578,25.6299991607666,0.0,81100
2023-12-13,23.516664505004883,0.0,26.309999465942383,0.0,26.34000015258789,25.649999618530273,25.700000762939453,0.0,103400
2023-12-14,24.22279167175293,0.0,27.100000381469727,0.0,27.209999084472656,26.84000015258789,26.90999984741211,0.0,157500
2023-12-15,23.838441848754883,0.0,26.670000076293945,0.0,27.1200008392334,26.649999618530273,27.1200008392334,0.0,54600
2023-12-18,23.754091262817383,0.0,26.469999313354492,0.106,26.670000076293945,26.40999984741211,26.6299991607666,0.0,86400
2023-12-19,23.870750427246094,0.0,26.600000381469727,0.0,26.68000030517578,26.559999465942383,26.559999465942383,0.0,57700
2023-12-20,23.763059616088867,0.0,26.479999542236328,0.0,26.799999237060547,26.450000762939453,26.700000762939453,0.0,104400
2023-12-21,24.148941040039062,0.0,26.90999984741211,0.0,26.920000076293945,26.65999984741211,26.709999084472656,0.0,275700
2023-12-22,24.166893005371094,0.0,26.93000030517578,0.0,27.0,26.860000610351562,26.979999542236328,0.0,116100
2023-12-26,24.175867080688477,0.0,26.940000534057617,0.0,27.0,26.65999984741211,27.0,0.0,77200
2023-12-27,24.42713737487793,0.0,27.219999313354492,0.0,27.229999542236328,26.989999771118164,27.030000686645508,0.0,68000
2023-12-28,24.400211334228516,0.0,27.190000534057617,0.0,27.360000610351562,26.969999313354492,27.020000457763672,0.0,107200
2023-12-29,24.489953994750977,0.0,27.290000915527344,0.0,27.360000610351562,27.200000762939453,27.209999084472656,0.0,150700
2024-01-02,24.139968872070312,0.0,26.899999618530273,0.0,27.15999984741211,26.829999923706055,27.010000228881836,0.0,141300
2024-01-03,23.861780166625977,0.0,26.59000015258789,0.0,26.649999618530273,26.5,26.540000915527344,0.0,111500
2024-01-04,23.70024299621582,0.0,26.40999984741211,0.0,26.559999465942383,26.18000030517578,26.479999542236328,0.0,35700
2024-01-05,23.87972640991211,0.0,26.610000610351562,0.0,26.780000686645508,26.3799991607666,26.5,0.0,120300
2024-01-08,24.050230026245117,0.0,26.799999237060547,0.0,26.829999923706055,26.520000457763672,26.520000457763672,0.0,115300
2024-01-09,23.843828201293945,0.0,26.56999969482422,0.0,26.65999984741211,26.450000762939453,26.56999969482422,0.0,47900
2024-01-10,23.852802276611328,0.0,26.579999923706055,0.0,26.739999771118164,26.530000686645508,26.739999771118164,0.0,99800
2024-01-11,23.88869857788086,0.0,26.6200008392334,0.0,26.65999984741211,26.3799991607666,26.610000610351562,0.0,174200
2024-01-12,23.978435516357422,0.0,26.719999313354492,0.0,26.799999237060547,26.670000076293945,26.719999313354492,0.0,42300
2024-01-16,23.466922760009766,0.0,26.149999618530273,0.0,26.34000015258789,26.09000015258789,26.34000015258789,0.0,126100
2024-01-17,22.946430206298828,0.0,25.56999969482422,0.0,25.8799991607666,25.450000762939453,25.8799991607666,0.0,71500
2024-01-18,22.937456130981445,0.0,25.559999465942383,0.0,25.700000762939453,25.399999618530273,25.59000015258789,0.0,56100
2024-01-19,23.090017318725586,0.0,25.729999542236328,0.0,25.75,25.469999313354492,25.5,0.0,47300
2024-01-22,23.17975616455078,0.0,25.829999923706055,0.0,25.940000534057617,25.739999771118164,25.850000381469727,0.0,97800
2024-01-23,22.973352432250977,0.0,25.600000381469727,0.0,25.75,25.489999771118164,25.719999313354492,0.0,84100
2024-01-24,23.090017318725586,0.0,25.729999542236328,0.0,26.059999465942383,25.729999542236328,25.959999084472656,0.0,26800
2024-01-25,23.054121017456055,0.0,25.690000534057617,0.0,25.760000228881836,25.579999923706055,25.760000228881836,0.0,37800
2024-01-26,23.143861770629883,0.0,25.790000915527344,0.0,25.84000015258789,25.700000762939453,25.84000015258789,0.0,106400
2024-01-29,23.30539321899414,0.0,25.969999313354492,0.0,25.989999771118164,25.709999084472656,25.81999969482422,0.0,32700
2024-01-30,23.197702407836914,0.0,25.850000381469727,0.0,25.940000534057617,25.799999237060547,25.940000534057617,0.0,39900
2024-01-31,23.143861770629883,0.0,25.790000915527344,0.0,26.18000030517578,25.760000228881836,25.969999313354492,0.0,196300
2024-02-01,23.25154685974121,0.0,25.90999984741211,0.0,25.90999984741211,25.6200008392334,25.729999542236328,0.0,83800
2024-02-02,22.991300582885742,0.0,25.6200008392334,0.0,25.709999084472656,25.469999313354492,25.709999084472656,0.0,151100
2024-02-05,22.81182098388672,0.0,25.420000076293945,0.0,25.469999313354492,25.299999237060547,25.440000534057617,0.0,35300
2024-02-06,22.982332229614258,0.0,25.610000610351562,0.0,25.6299991607666,25.329999923706055,25.3799991607666,0.0,27000
2024-02-07,22.910537719726562,0.0,25.530000686645508,0.0,25.639999389648438,25.489999771118164,25.6200008392334,0.0,31500
2024-02-08,22.81182098388672,0.0,25.420000076293945,0.0,25.479999542236328,25.34000015258789,25.420000076293945,0.0,85900
2024-02-09,22.749008178710938,0.0,25.350000381469727,0.0,25.3700008392334,25.209999084472656,25.309999465942383,0.0,73700
2024-02-12,22.865665435791016,0.0,25.479999542236328,0.0,25.579999923706055,25.43000030517578,25.479999542236328,0.0,31000
2024-02-13,22.26441192626953,0.0,24.809999465942383,0.0,25.059999465942383,24.719999313354492,25.020000457763672,0.0,44600
2024-02-14,22.41696548461914,0.0,24.979999542236328,0.0,24.989999771118164,24.84000015258789,24.959999084472656,0.0,32700
2024-02-15,22.749008178710938,0.0,25.350000381469727,0.0,25.469999313354492,25.110000610351562,25.18000030517578,0.0,55100
2024-02-16,22.64131736755371,0.0,25.229999542236328,0.0,25.329999923706055,25.139999389648438,25.139999389648438,0.0,44900
2024-02-20,22.587474822998047,0.0,25.170000076293945,0.0,25.329999923706055,25.139999389648438,25.270000457763672,0.0,25200
2024-02-21,22.61439323425293,0.0,25.200000762939453,0.0,25.31999969482422,25.09000015258789,25.239999771118164,0.0,19000
2024-02-22,22.64131736755371,0.0,25.229999542236328,0.0,25.280000686645508,25.059999465942383,25.270000457763672,0.0,35000
2024-02-23,22.63234519958496,0.0,25.219999313354492,0.0,25.229999542236328,25.170000076293945,25.190000534057617,0.0,54500
2024-02-26,22.53363037109375,0.0,25.110000610351562,0.0,25.209999084472656,25.0,25.190000534057617,0.0,44900
2024-02-27,22.47978401184082,0.0,25.049999237060547,0.0,25.1200008392334,24.989999771118164,25.1200008392334,0.0,39400
2024-02-28,22.28236198425293,0.0,24.829999923706055,0.0,24.860000610351562,24.690000534057617,24.729999542236328,0.0,55800
2024-02-29,22.33620262145996,0.0,24.889999389648438,0.0,25.010000228881836,24.790000915527344,24.959999084472656,0.0,25500
2024-03-01,22.461841583251953,0.0,25.030000686645508,0.0,25.049999237060547,24.770000457763672,24.889999389648438,0.0,60500
2024-03-04,22.40799331665039,0.0,24.969999313354492,0.0,25.030000686645508,24.799999237060547,25.030000686645508,0.0,58100
2024-03-05,22.300304412841797,0.0,24.850000381469727,0.0,24.979999542236328,24.829999923706055,24.979999542236328,0.0,41200
2024-03-06,22.596445083618164,0.0,25.18000030517578,0.0,25.299999237060547,25.1299991607666,25.299999237060547,0.0,29500
2024-03-07,22.695159912109375,0.0,25.290000915527344,0.0,25.360000610351562,25.280000686645508,25.309999465942383,0.0,97800
2024-03-08,23.000274658203125,0.0,25.6299991607666,0.0,25.690000534057617,25.579999923706055,25.6200008392334,0.0,56000
2024-03-11,23.000274658203125,0.0,25.6299991607666,0.0,25.65999984741211,25.5,25.65999984741211,0.0,98200
2024-03-12,22.8746395111084,0.0,25.489999771118164,0.0,25.549999237060547,25.40999984741211,25.549999237060547,0.0,32900
2024-03-13,22.847715377807617,0.0,25.459999084472656,0.0,25.540000915527344,25.360000610351562,25.479999542236328,0.0,45900
2024-03-14,22.71310806274414,0.0,25.309999465942383,0.0,25.56999969482422,25.229999542236328,25.56999969482422,0.0,38100
2024-03-15,22.838743209838867,0.0,25.450000762939453,0.0,25.520000457763672,25.280000686645508,25.469999313354492,0.0,40100
2024-03-18,22.848691940307617,0.0,25.270000457763672,0.191,25.31999969482422,25.239999771118164,25.31999969482422,0.0,29900
2024-03-19,23.011442184448242,0.0,25.450000762939453,0.0,25.549999237060547,25.360000610351562,25.360000610351562,0.0,135600
2024-03-20,23.309823989868164,0.0,25.780000686645508,0.0,25.829999923706055,25.440000534057617,25.440000534057617,0.0,73900
2024-03-21,23.445451736450195,0.0,25.93000030517578,0.0,26.0,25.809999465942383,25.989999771118164,0.0,69500
2024-03-22,23.409282684326172,0.0,25.889999389648438,0.0,25.959999084472656,25.860000610351562,25.950000762939453,0.0,38000
2024-03-25,23.36407470703125,0.0,25.84000015258789,0.0,25.93000030517578,25.790000915527344,25.84000015258789,0.0,18100
2024-03-26,23.336950302124023,0.0,25.809999465942383,0.0,25.899999618530273,25.809999465942383,25.889999389648438,0.0,24700
2024-03-27,23.572036743164062,0.0,26.06999969482422,0.0,26.06999969482422,25.889999389648438,25.940000534057617,0.0,33300
2024-03-28,23.590118408203125,0.0,26.09000015258789,0.0,26.1299991607666,26.010000228881836,26.010000228881836,0.0,46300
2024-04-01,23.345991134643555,0.0,25.81999969482422,0.0,26.110000610351562,25.81999969482422,25.959999084472656,0.0,113200
2024-04-02,23.138031005859375,0.0,25.59000015258789,0.0,25.709999084472656,25.559999465942383,25.709999084472656,0.0,56600
2024-04-03,23.110902786254883,0.0,25.559999465942383,0.0,25.579999923706055,25.3700008392334,25.459999084472656,0.0,46500
2024-04-04,23.011442184448242,0.0,25.450000762939453,0.0,25.75,25.420000076293945,25.75,0.0,39100
2024-04-05,23.047611236572266,0.0,25.489999771118164,0.0,25.540000915527344,25.399999618530273,25.450000762939453,0.0,35600
2024-04-08,23.37311553955078,0.0,25.850000381469727,0.0,25.889999389648438,25.649999618530273,25.729999542236328,0.0,112800
2024-04-09,23.418325424194336,0.0,25.899999618530273,0.0,25.979999542236328,25.799999237060547,25.969999313354492,0.0,75900
2024-04-10,22.79444122314453,0.0,25.209999084472656,0.0,25.489999771118164,25.1299991607666,25.489999771118164,0.0,35300
2024-04-11,22.884857177734375,0.0,25.309999465942383,0.0,25.3700008392334,25.110000610351562,25.290000915527344,0.0,54000
2024-04-12,22.49605941772461,0.0,24.8799991607666,0.0,25.079999923706055,24.860000610351562,25.010000228881836,0.0,21200
2024-04-15,22.315223693847656,0.0,24.68000030517578,0.0,25.030000686645508,24.649999618530273,25.030000686645508,0.0,36500
2024-04-16,22.116302490234375,0.0,24.459999084472656,0.0,24.639999389648438,24.40999984741211,24.639999389648438,0.0,21300
2024-04-17,22.1524715423584,0.0,24.5,0.0,24.709999084472656,24.450000762939453,24.709999084472656,0.0,35700
2024-04-18,22.18863868713379,0.0,24.540000915527344,0.0,24.639999389648438,24.479999542236328,24.540000915527344,0.0,73800
2024-04-19,22.20672035217285,0.0,24.559999465942383,0.0,24.6299991607666,24.520000457763672,24.530000686645508,0.0,78100
2024-04-22,22.49605941772461,0.0,24.8799991607666,0.0,24.93000030517578,24.75,24.790000915527344,0.0,28700
2024-04-23,22.76731300354004,0.0,25.18000030517578,0.0,25.18000030517578,24.969999313354492,25.010000228881836,0.0,68300
2024-04-24,22.477977752685547,0.0,24.860000610351562,0.0,24.950000762939453,24.799999237060547,24.950000762939453,0.0,57700
2024-04-25,22.32426643371582,0.0,24.690000534057617,0.0,24.75,24.459999084472656,24.670000076293945,0.0,75600
2024-04-26,22.5322265625,0.0,24.920000076293945,0.0,24.959999084472656,24.850000381469727,24.889999389648438,0.0,24400
2024-04-29,22.76731300354004,0.0,25.18000030517578,0.0,25.219999313354492,25.030000686645508,25.030000686645508,0.0,21700
2024-04-30,22.39659881591797,0.0,24.770000457763672,0.0,25.06999969482422,24.639999389648438,24.979999542236328,0.0,51900
2024-05-01,22.459890365600586,0.0,24.84000015258789,0.0,25.079999923706055,24.729999542236328,24.729999542236328,0.0,44000
2024-05-02,23.08378028869629,0.0,25.530000686645508,0.0,25.56999969482422,25.25,25.270000457763672,0.0,71800
2024-05-03,23.210365295410156,0.0,25.670000076293945,0.0,25.760000228881836,25.59000015258789,25.700000762939453,0.0,21800
2024-05-06,23.282703399658203,0.0,25.75,0.0,25.770000457763672,25.670000076293945,25.739999771118164,0.0,23200
2024-05-07,23.22844886779785,0.0,25.690000534057617,0.0,25.799999237060547,25.6200008392334,25.760000228881836,0.0,42100
2024-05-08,23.074737548828125,0.0,25.520000457763672,0.0,25.530000686645508,25.25,25.459999084472656,0.0,61700
2024-05-09,23.201324462890625,0.0,25.65999984741211,0.0,25.670000076293945,25.299999237060547,25.530000686645508,0.0,38400
2024-05-10,23.020483016967773,0.0,25.459999084472656,0.0,25.809999465942383,25.399999618530273,25.59000015258789,0.0,41600
2024-05-13,23.020483016967773,0.0,25.459999084472656,0.0,25.559999465942383,25.399999618530273,25.559999465942383,0.0,19700
2024-05-14,23.08378028869629,0.0,25.530000686645508,0.0,25.780000686645508,25.43000030517578,25.56999969482422,0.0,22400
2024-05-15,23.490659713745117,0.0,25.979999542236328,0.0,25.989999771118164,25.739999771118164,25.850000381469727,0.0,26900
2024-05-16,23.4273681640625,0.0,25.90999984741211,0.0,26.049999237060547,25.899999618530273,25.989999771118164,0.0,24100
2024-05-17,23.391204833984375,0.0,25.8700008392334,0.0,25.920000076293945,25.809999465942383,25.8700008392334,0.0,25000
2024-05-20,23.264616012573242,0.0,25.729999542236328,0.0,25.84000015258789,25.700000762939453,25.84000015258789,0.0,20200
2024-05-21,23.192279815673828,0.0,25.649999618530273,0.0,25.739999771118164,25.600000381469727,25.639999389648438,0.0,17700
2024-05-22,23.02952766418457,0.0,25.469999313354492,0.0,25.56999969482422,25.40999984741211,25.5,0.0,119600
2024-05-23,22.622648239135742,0.0,25.020000457763672,0.0,25.360000610351562,24.93000030517578,25.360000610351562,0.0,31200
2024-05-24,22.75827407836914,0.0,25.170000076293945,0.0,25.239999771118164,25.139999389648438,25.18000030517578,0.0,91500
2024-05-28,22.76731300354004,0.0,25.18000030517578,0.0,25.360000610351562,25.1299991607666,25.360000610351562,0.0,18100
2024-05-29,22.387556076049805,0.0,24.760000228881836,0.0,24.899999618530273,24.729999542236328,24.860000610351562,0.0,77600
2024-05-30,22.704023361206055,0.0,25.110000610351562,0.0,25.200000762939453,24.969999313354492,25.020000457763672,0.0,54500
2024-05-31,22.86677360534668,0.0,25.290000915527344,0.0,25.299999237060547,25.09000015258789,25.239999771118164,0.0,22300
2024-06-03,22.966232299804688,0.0,25.399999618530273,0.0,25.40999984741211,25.299999237060547,25.299999237060547,0.0,37800
2024-06-04,23.09282112121582,0.0,25.540000915527344,0.0,25.600000381469727,25.290000915527344,25.40999984741211,0.0,81700
2024-06-05,23.183237075805664,0.0,25.639999389648438,0.0,25.68000030517578,25.459999084472656,25.68000030517578,0.0,47100
2024-06-06,23.09282112121582,0.0,25.540000915527344,0.0,25.610000610351562,25.450000762939453,25.549999237060547,0.0,100300
2024-06-07,22.595521926879883,0.0,24.989999771118164,0.0,25.200000762939453,24.969999313354492,25.200000762939453,0.0,34700
2024-06-10,22.640727996826172,0.0,25.040000915527344,0.0,25.040000915527344,24.8700008392334,24.8700008392334,0.0,13400
2024-06-11,22.242887496948242,0.0,24.600000381469727,0.0,24.639999389648438,24.5,24.6299991607666,0.0,38700
2024-06-12,22.44180679321289,0.0,24.81999969482422,0.0,25.059999465942383,24.81999969482422,25.059999465942383,0.0,29600
2024-06-13,22.288095474243164,0.0,24.649999618530273,0.0,24.790000915527344,24.540000915527344,24.790000915527344,0.0,26600
2024-06-14,22.161510467529297,0.0,24.510000228881836,0.0,24.510000228881836,24.389999389648438,24.469999313354492,0.0,13000
2024-06-17,22.053009033203125,0.0,24.389999389648438,0.0,24.469999313354492,24.260000228881836,24.389999389648438,0.0,22600
2024-06-18,22.18863868713379,0.0,24.540000915527344,0.0,24.540000915527344,24.469999313354492,24.479999542236328,0.0,32400
2024-06-20,22.125343322753906,0.0,24.469999313354492,0.0,24.510000228881836,24.350000381469727,24.479999542236328,0.0,19200
2024-06-21,21.980676651000977,0.0,24.309999465942383,0.0,24.3799991607666,24.270000457763672,24.360000610351562,0.0,18300
2024-06-24,22.18039894104004,0.0,24.209999084472656,0.318,24.329999923706055,24.1200008392334,24.139999389648438,0.0,44200
2024-06-25,22.162076950073242,0.0,24.190000534057617,0.0,24.299999237060547,24.1200008392334,24.25,0.0,28100
2024-06-26,21.933034896850586,0.0,23.940000534057617,0.0,24.010000228881836,23.799999237060547,24.010000228881836,0.0,37300
2024-06-27,21.942195892333984,0.0,23.950000762939453,0.0,23.979999542236328,23.860000610351562,23.90999984741211,0.0,23700
2024-06-28,21.98800277709961,0.0,24.0,0.0,24.09000015258789,23.959999084472656,23.979999542236328,0.0,18200
2024-07-01,21.87806510925293,0.0,23.8799991607666,0.0,24.1200008392334,23.84000015258789,24.1200008392334,0.0,91300
2024-07-02,22.01548957824707,0.0,24.030000686645508,0.0,24.049999237060547,23.84000015258789,23.889999389648438,0.0,37700
2024-07-03,22.299497604370117,0.0,24.34000015258789,0.0,24.3799991607666,24.110000610351562,24.110000610351562,0.0,14600
2024-07-05,22.436927795410156,0.0,24.489999771118164,0.0,24.540000915527344,24.399999618530273,24.469999313354492,0.0,17200
2024-07-08,22.326988220214844,0.0,24.3700008392334,0.0,24.56999969482422,24.329999923706055,24.56999969482422,0.0,68300
2024-07-09,22.345306396484375,0.0,24.389999389648438,0.0,24.40999984741211,24.309999465942383,24.360000610351562,0.0,35300
2024-07-10,22.620161056518555,0.0,24.690000534057617,0.0,24.719999313354492,24.610000610351562,24.65999984741211,0.0,37700
2024-07-11,23.01411247253418,0.0,25.1200008392334,0.0,25.200000762939453,25.0,25.010000228881836,0.0,62300
2024-07-12,23.417224884033203,0.0,25.559999465942383,0.0,25.649999618530273,25.43000030517578,25.43000030517578,0.0,50600
2024-07-15,23.30728530883789,0.0,25.440000534057617,0.0,25.510000228881836,25.360000610351562,25.489999771118164,0.0,18600
2024-07-16,23.398902893066406,0.0,25.540000915527344,0.0,25.540000915527344,25.329999923706055,25.389999389648438,0.0,40600
2024-07-17,23.44470977783203,0.0,25.59000015258789,0.0,25.639999389648438,25.450000762939453,25.450000762939453,0.0,48100
2024-07-18,23.197343826293945,0.0,25.31999969482422,0.0,25.6200008392334,25.260000228881836,25.6200008392334,0.0,45700
2024-07-19,22.99578857421875,0.0,25.100000381469727,0.0,25.15999984741211,25.020000457763672,25.15999984741211,0.0,29500
2024-07-22,23.105730056762695,0.0,25.219999313354492,0.0,25.34000015258789,25.100000381469727,25.270000457763672,0.0,80300
2024-07-23,22.931657791137695,0.0,25.030000686645508,0.0,25.1200008392334,25.0,25.1200008392334,0.0,26500
2024-07-24,22.720935821533203,0.0,24.799999237060547,0.0,24.989999771118164,24.770000457763672,24.959999084472656,0.0,36300
2024-07-25,22.720935821533203,0.0,24.799999237060547,0.0,24.969999313354492,24.729999542236328,24.729999542236328,0.0,19300
2024-07-26,22.940818786621094,0.0,25.040000915527344,0.0,25.09000015258789,24.93000030517578,25.0,0.0,34100
2024-07-29,22.92249870300293,0.0,25.020000457763672,0.0,25.110000610351562,24.989999771118164,25.100000381469727,0.0,25000
2024-07-30,23.041595458984375,0.0,25.149999618530273,0.0,25.200000762939453,25.040000915527344,25.100000381469727,0.0,82300
2024-07-31,23.389741897583008,0.0,25.530000686645508,0.0,25.690000534057617,25.459999084472656,25.56999969482422,0.0,216500
2024-08-01,23.14237403869629,0.0,25.260000228881836,0.0,25.610000610351562,25.170000076293945,25.489999771118164,0.0,52200
2024-08-02,23.31644630432129,0.0,25.450000762939453,0.0,25.579999923706055,25.270000457763672,25.280000686645508,0.0,36600
2024-08-05,22.931657791137695,0.0,25.030000686645508,0.0,25.200000762939453,24.399999618530273,24.709999084472656,0.0,56500
2024-08-06,23.11488914489746,0.0,25.229999542236328,0.0,25.399999618530273,24.860000610351562,24.920000076293945,0.0,60100
2024-08-07,23.09656524658203,0.0,25.209999084472656,0.0,25.610000610351562,25.209999084472656,25.530000686645508,0.0,31600
2024-08-08,23.398902893066406,0.0,25.540000915527344,0.0,25.6299991607666,25.290000915527344,25.420000076293945,0.0,103100
2024-08-09,23.563812255859375,0.0,25.719999313354492,0.0,25.719999313354492,25.559999465942383,25.639999389648438,0.0,30600
2024-08-12,23.362255096435547,0.0,25.5,0.0,25.579999923706055,25.440000534057617,25.510000228881836,0.0,26900
2024-08-13,23.811176300048828,0.0,25.989999771118164,0.0,26.0,25.799999237060547,25.809999465942383,0.0,22300
2024-08-14,23.866147994995117,0.0,26.049999237060547,0.0,26.100000381469727,25.989999771118164,25.989999771118164,0.0,30000
2024-08-15,23.893630981445312,0.0,26.079999923706055,0.0,26.149999618530273,26.049999237060547,26.049999237060547,0.0,18000
2024-08-16,23.939441680908203,0.0,26.1299991607666,0.0,26.170000076293945,26.0,26.059999465942383,0.0,18600
2024-08-19,24.287586212158203,0.0,26.510000228881836,0.0,26.559999465942383,26.290000915527344,26.3700008392334,0.0,16500
2024-08-20,24.205129623413086,0.0,26.420000076293945,0.0,26.479999542236328,26.360000610351562,26.43000030517578,0.0,25700
2024-08-21,24.38836097717285,0.0,26.6200008392334,0.0,26.6200008392334,26.399999618530273,26.420000076293945,0.0,19100
2024-08-22,24.351715087890625,0.0,26.579999923706055,0.0,26.719999313354492,26.469999313354492,26.690000534057617,0.0,96900
2024-08-23,24.809799194335938,0.0,27.079999923706055,0.0,27.1299991607666,26.670000076293945,26.670000076293945,0.0,27800
2024-08-26,25.05716323852539,0.0,27.350000381469727,0.0,27.450000762939453,27.280000686645508,27.280000686645508,0.0,41100
2024-08-27,25.10297203063965,0.0,27.399999618530273,0.0,27.450000762939453,27.280000686645508,27.329999923706055,0.0,20900
2024-08-28,24.96554946899414,0.0,27.25,0.0,27.360000610351562,27.15999984741211,27.239999771118164,0.0,32800
2024-08-29,24.800636291503906,0.0,27.06999969482422,0.0,27.200000762939453,26.969999313354492,27.200000762939453,0.0,20300
2024-08-30,24.88309097290039,0.0,27.15999984741211,0.0,27.200000762939453,26.969999313354492,27.149999618530273,0.0,52800
2024-09-03,24.626562118530273,0.0,26.8799991607666,0.0,27.06999969482422,26.850000381469727,27.040000915527344,0.0,238200
2024-09-04,24.754825592041016,0.0,27.020000457763672,0.0,27.170000076293945,26.729999542236328,26.8799991607666,0.0,93000
2024-09-05,25.10297203063965,0.0,27.399999618530273,0.0,27.549999237060547,27.09000015258789,27.420000076293945,0.0,51200
2024-09-06,25.048002243041992,0.0,27.34000015258789,0.0,27.59000015258789,27.200000762939453,27.479999542236328,0.0,79600
2024-09-09,25.130456924438477,0.0,27.43000030517578,0.0,27.540000915527344,27.3700008392334,27.3799991607666,0.0,40900
2024-09-10,25.313690185546875,0.0,27.6299991607666,0.0,27.68000030517578,27.420000076293945,27.510000228881836,0.0,48700
2024-09-11,25.313690185546875,0.0,27.6299991607666,0.0,27.68000030517578,27.309999465942383,27.5,0.0,49600
2024-09-12,25.460275650024414,0.0,27.790000915527344,0.0,27.790000915527344,27.56999969482422,27.610000610351562,0.0,25400
2024-09-13,25.63434600830078,0.0,27.979999542236328,0.0,28.079999923706055,27.90999984741211,28.06999969482422,0.0,18100
2024-09-16,25.826745986938477,0.0,28.190000534057617,0.0,28.190000534057617,28.049999237060547,28.18000030517578,0.0,60000
2024-09-17,25.579378128051758,0.0,27.920000076293945,0.0,28.149999618530273,27.8700008392334,28.149999618530273,0.0,24600
2024-09-18,25.40530776977539,0.0,27.729999542236328,0.0,28.100000381469727,27.709999084472656,27.8700008392334,0.0,17100
2024-09-19,25.762611389160156,0.0,28.1200008392334,0.0,28.170000076293945,27.93000030517578,28.100000381469727,0.0,46900
2024-09-20,25.40530776977539,0.0,27.729999542236328,0.0,27.84000015258789,27.649999618530273,27.84000015258789,0.0,36700
2024-09-23,25.5441837310791,0.0,27.59000015258789,0.29,27.729999542236328,27.530000686645508,27.579999923706055,0.0,21900
2024-09-24,25.636768341064453,0.0,27.690000534057617,0.0,27.739999771118164,27.540000915527344,27.610000610351562,0.0,39000
2024-09-25,25.39604949951172,0.0,27.43000030517578,0.0,27.739999771118164,27.43000030517578,27.739999771118164,0.0,20300
2024-09-26,25.812681198120117,0.0,27.8799991607666,0.0,28.010000228881836,27.780000686645508,27.93000030517578,0.0,25200
2024-09-27,25.79416275024414,0.0,27.860000610351562,0.0,28.06999969482422,27.81999969482422,27.920000076293945,0.0,24100
2024-09-30,25.52566909790039,0.0,27.56999969482422,0.0,27.649999618530273,27.479999542236328,27.639999389648438,0.0,66800
2024-10-01,25.52566909790039,0.0,27.56999969482422,0.0,27.709999084472656,27.440000534057617,27.690000534057617,0.0,107100
2024-10-02,25.37752914428711,0.0,27.40999984741211,0.0,27.530000686645508,27.34000015258789,27.440000534057617,0.0,241300
2024-10-03,25.136810302734375,0.0,27.149999618530273,0.0,27.25,27.049999237060547,27.190000534057617,0.0,38700
2024-10-04,25.136810302734375,0.0,27.149999618530273,0.0,27.290000915527344,26.969999313354492,27.06999969482422,0.0,44400
2024-10-07,24.747953414916992,0.0,26.729999542236328,0.0,26.860000610351562,26.649999618530273,26.84000015258789,0.0,38100
2024-10-08,24.655366897583008,0.0,26.6299991607666,0.0,26.700000762939453,26.559999465942383,26.639999389648438,0.0,39300
2024-10-09,24.627595901489258,0.0,26.600000381469727,0.0,26.6299991607666,26.450000762939453,26.56999969482422,0.0,134200
2024-10-10,24.5257511138916,0.0,26.489999771118164,0.0,26.489999771118164,26.3700008392334,26.43000030517578,0.0,15800
2024-10-11,24.68314552307129,0.0,26.65999984741211,0.0,26.670000076293945,26.520000457763672,26.520000457763672,0.0,21800
2024-10-14,24.60907554626465,0.0,26.579999923706055,0.0,26.610000610351562,26.399999618530273,26.399999618530273,0.0,9200
2024-10-15,24.479461669921875,0.0,26.440000534057617,0.0,26.489999771118164,26.34000015258789,26.450000762939453,0.0,17600
2024-10-16,24.63685417175293,0.0,26.610000610351562,0.0,26.6200008392334,26.530000686645508,26.579999923706055,0.0,11500
2024-10-17,24.488718032836914,0.0,26.450000762939453,0.0,26.549999237060547,26.389999389648438,26.549999237060547,0.0,28300
2024-10-18,24.544269561767578,0.0,26.510000228881836,0.0,26.549999237060547,26.420000076293945,26.520000457763672,0.0,14400
2024-10-21,24.06282615661621,0.0,25.989999771118164,0.0,26.389999389648438,25.989999771118164,26.25,0.0,25100
2024-10-22,23.923948287963867,0.0,25.84000015258789,0.0,25.93000030517578,25.809999465942383,25.90999984741211,0.0,81800
2024-10-23,23.803586959838867,0.0,25.709999084472656,0.0,25.739999771118164,25.600000381469727,25.6299991607666,0.0,54600
2024-10-24,23.73877716064453,0.0,25.639999389648438,0.0,25.719999313354492,25.559999465942383,25.709999084472656,0.0,33600
2024-10-25,23.590641021728516,0.0,25.479999542236328,0.0,25.729999542236328,25.469999313354492,25.709999084472656,0.0,15700
2024-10-28,23.76655387878418,0.0,25.670000076293945,0.0,25.700000762939453,25.6200008392334,25.670000076293945,0.0,18500
2024-10-29,23.535091400146484,0.0,25.420000076293945,0.0,25.530000686645508,25.350000381469727,25.530000686645508,0.0,25000
2024-10-30,23.525835037231445,0.0,25.40999984741211,0.0,25.649999618530273,25.34000015258789,25.479999542236328,0.0,48600
2024-10-31,23.2665958404541,0.0,25.1299991607666,0.0,25.190000534057617,24.969999313354492,25.18000030517578,0.0,136900
2024-11-01,23.22956085205078,0.0,25.09000015258789,0.0,25.329999923706055,25.0,25.290000915527344,0.0,178600
2024-11-04,23.331405639648438,0.0,25.200000762939453,0.0,25.360000610351562,25.149999618530273,25.309999465942383,0.0,68500
2024-11-05,23.488800048828125,0.0,25.3700008392334,0.0,25.389999389648438,25.1299991607666,25.270000457763672,0.0,28400
2024-11-06,22.905515670776367,0.0,24.739999771118164,0.0,24.790000915527344,24.540000915527344,24.790000915527344,0.0,49400
2024-11-07,23.1462345123291,0.0,25.0,0.0,25.040000915527344,24.81999969482422,24.959999084472656,0.0,54700
2024-11-08,23.099943161010742,0.0,24.950000762939453,0.0,24.950000762939453,24.790000915527344,24.93000030517578,0.0,47200
2024-11-11,22.849964141845703,0.0,24.68000030517578,0.0,24.829999923706055,24.68000030517578,24.829999923706055,0.0,130900
2024-11-12,22.553691864013672,0.0,24.360000610351562,0.0,24.56999969482422,24.290000915527344,24.56999969482422,0.0,56200
2024-11-13,22.35926055908203,0.0,24.149999618530273,0.0,24.389999389648438,24.100000381469727,24.389999389648438,0.0,45300
2024-11-14,22.340742111206055,0.0,24.1299991607666,0.0,24.309999465942383,24.1200008392334,24.309999465942383,0.0,29800
2024-11-15,22.479623794555664,0.0,24.280000686645508,0.0,24.280000686645508,24.139999389648438,24.260000228881836,0.0,110500
2024-11-18,22.498140335083008,0.0,24.299999237060547,0.0,24.329999923706055,24.15999984741211,24.229999542236328,0.0,65700
2024-11-19,22.51665687561035,0.0,24.31999969482422,0.0,24.329999923706055,24.149999618530273,24.239999771118164,0.0,65200
2024-11-20,22.303712844848633,0.0,24.09000015258789,0.0,24.190000534057617,24.0,24.1299991607666,0.0,67500
2024-11-21,22.27593421936035,0.0,24.059999465942383,0.0,24.1200008392334,24.0,24.079999923706055,0.0,97900
2024-11-22,22.442590713500977,0.0,24.239999771118164,0.0,24.290000915527344,24.139999389648438,24.149999618530273,0.0,52700
2024-11-25,22.618499755859375,0.0,24.43000030517578,0.0,24.479999542236328,24.350000381469727,24.40999984741211,0.0,62400
2024-11-26,22.553691864013672,0.0,24.360000610351562,0.0,24.510000228881836,24.239999771118164,24.469999313354492,0.0,38200
2024-11-27,22.8407039642334,0.0,24.670000076293945,0.0,24.719999313354492,24.479999542236328,24.649999618530273,0.0,28600
2024-11-29,22.914772033691406,0.0,24.75,0.0,24.75,24.6299991607666,24.6299991607666,0.0,8600
2024-12-02,22.729602813720703,0.0,24.549999237060547,0.0,24.610000610351562,24.43000030517578,24.610000610351562,0.0,22900
2024-12-03,22.738862991333008,0.0,24.559999465942383,0.0,24.65999984741211,24.479999542236328,24.59000015258789,0.0,94600
2024-12-04,22.683311462402344,0.0,24.5,0.0,24.59000015258789,24.440000534057617,24.5,0.0,142900
2024-12-05,22.599985122680664,0.0,24.40999984741211,0.0,24.530000686645508,24.350000381469727,24.530000686645508,0.0,58800
2024-12-06,22.562950134277344,0.0,24.3700008392334,0.0,24.510000228881836,24.329999923706055,24.510000228881836,0.0,100400
2024-12-09,22.35926055908203,0.0,24.149999618530273,0.0,24.399999618530273,24.149999618530273,24.34000015258789,0.0,31900
2024-12-10,22.174091339111328,0.0,23.950000762939453,0.0,24.059999465942383,23.93000030517578,24.059999465942383,0.0,53700
2024-12-11,22.183353424072266,0.0,23.959999084472656,0.0,24.059999465942383,23.899999618530273,24.049999237060547,0.0,82800
2024-12-12,21.988922119140625,0.0,23.75,0.0,23.90999984741211,23.739999771118164,23.770000457763672,0.0,63600
2024-12-13,21.8870792388916,0.0,23.639999389648438,0.0,23.760000228881836,23.6200008392334,23.700000762939453,0.0,38700
2024-12-16,21.748201370239258,0.0,23.489999771118164,0.0,23.59000015258789,23.440000534057617,23.549999237060547,0.0,124400
2024-12-17,21.748201370239258,0.0,23.489999771118164,0.0,23.540000915527344,23.399999618530273,23.420000076293945,0.0,86100
2024-12-18,21.266761779785156,0.0,22.969999313354492,0.0,23.549999237060547,22.940000534057617,23.549999237060547,0.0,56700
2024-12-19,21.044559478759766,0.0,22.729999542236328,0.0,22.950000762939453,22.729999542236328,22.950000762939453,0.0,189100
2024-12-20,21.42415428161621,0.0,23.139999389648438,0.0,23.290000915527344,22.959999084472656,23.049999237060547,0.0,196300
2024-12-23,21.43909454345703,0.0,22.959999084472656,0.196,23.0,22.829999923706055,22.90999984741211,0.0,110200
2024-12-24,21.579158782958984,0.0,23.110000610351562,0.0,23.110000610351562,23.040000915527344,23.040000915527344,0.0,29400
2024-12-26,21.653860092163086,0.0,23.190000534057617,0.0,23.260000228881836,23.040000915527344,23.209999084472656,0.0,99300
2024-12-27,21.66319465637207,0.0,23.200000762939453,0.0,23.219999313354492,23.030000686645508,23.079999923706055,0.0,97100
2024-12-30,21.495121002197266,0.0,23.020000457763672,0.0,23.110000610351562,22.959999084472656,22.989999771118164,0.0,158700
2024-12-31,21.513797760009766,0.0,23.040000915527344,0.0,23.1299991607666,22.989999771118164,23.0,0.0,120500
2025-01-02,21.42975616455078,0.0,22.950000762939453,0.0,23.139999389648438,22.93000030517578,23.059999465942383,0.0,55400
2025-01-03,21.551143646240234,0.0,23.079999923706055,0.0,23.1200008392334,23.020000457763672,23.040000915527344,0.0,36000
2025-01-06,21.653860092163086,0.0,23.190000534057617,0.0,23.31999969482422,23.190000534057617,23.280000686645508,0.0,135400
2025-01-07,21.457773208618164,0.0,22.979999542236328,0.0,23.299999237060547,22.979999542236328,23.299999237060547,0.0,78300
2025-01-08,21.20565414428711,0.0,22.709999084472656,0.0,22.739999771118164,22.579999923706055,22.690000534057617,0.0,99700
2025-01-10,20.925527572631836,0.0,22.40999984741211,0.0,22.579999923706055,22.3700008392334,22.5,0.0,58900
2025-01-13,20.90685272216797,0.0,22.389999389648438,0.0,22.40999984741211,22.270000457763672,22.290000915527344,0.0,1226800
2025-01-14,21.000228881835938,0.0,22.489999771118164,0.0,22.530000686645508,22.3700008392334,22.489999771118164,0.0,85800
2025-01-15,21.44843292236328,0.0,22.969999313354492,0.0,23.040000915527344,22.889999389648438,23.010000228881836,0.0,122300
2025-01-16,21.495121002197266,0.0,23.020000457763672,0.0,23.100000381469727,22.84000015258789,22.899999618530273,0.0,164600
2025-01-17,21.569820404052734,0.0,23.100000381469727,0.0,23.239999771118164,23.06999969482422,23.190000534057617,0.0,80300
2025-01-21,21.80326271057129,0.0,23.350000381469727,0.0,23.360000610351562,23.110000610351562,23.219999313354492,0.0,36000
2025-01-22,21.569820404052734,0.0,23.100000381469727,0.0,23.25,23.09000015258789,23.25,0.0,36800
2025-01-23,21.71922492980957,0.0,23.260000228881836,0.0,23.299999237060547,23.1299991607666,23.139999389648438,0.0,55400
2025-01-24,21.905973434448242,0.0,23.459999084472656,0.0,23.5,23.31999969482422,23.3700008392334,0.0,38000
2025-01-27,22.14875030517578,0.0,23.719999313354492,0.0,23.739999771118164,23.6299991607666,23.6299991607666,0.0,60200
2025-01-28,22.26080322265625,0.0,23.84000015258789,0.0,23.8700008392334,23.770000457763672,23.84000015258789,0.0,62800
2025-01-29,22.22344970703125,0.0,23.799999237060547,0.0,23.8700008392334,23.770000457763672,23.8700008392334,0.0,27800
2025-01-30,22.45688819885254,0.0,24.049999237060547,0.0,24.170000076293945,24.0,24.0,0.0,20000
2025-01-31,22.24212646484375,0.0,23.81999969482422,0.0,24.059999465942383,23.790000915527344,23.90999984741211,0.0,39800
2025-02-03,22.14875030517578,0.0,23.719999313354492,0.0,23.81999969482422,23.530000686645508,23.540000915527344,0.0,59400
2025-02-04,22.26080322265625,0.0,23.84000015258789,0.0,23.8700008392334,23.690000534057617,23.729999542236328,0.0,42300
2025-02-05,22.484905242919922,0.0,24.079999923706055,0.0,24.1299991607666,23.959999084472656,24.010000228881836,0.0,34400
2025-02-06,22.578279495239258,0.0,24.18000030517578,0.0,24.209999084472656,24.100000381469727,24.100000381469727,0.0,44800
2025-02-07,22.372854232788086,0.0,23.959999084472656,0.0,24.139999389648438,23.889999389648438,24.1200008392334,0.0,58200
2025-02-10,22.46622657775879,0.0,24.059999465942383,0.0,24.079999923706055,23.959999084472656,24.06999969482422,0.0,37700
2025-02-11,22.42888069152832,0.0,24.020000457763672,0.0,24.030000686645508,23.860000610351562,23.860000610351562,0.0,16700
2025-02-12,22.363515853881836,0.0,23.950000762939453,0.0,24.049999237060547,23.760000228881836,23.799999237060547,0.0,189900
2025-02-13,22.634307861328125,0.0,24.239999771118164,0.0,24.239999771118164,23.920000076293945,24.020000457763672,0.0,18400
2025-02-14,22.64364242553711,0.0,24.25,0.0,24.40999984741211,24.25,24.350000381469727,0.0,17900
2025-02-18,22.680992126464844,0.0,24.290000915527344,0.0,24.350000381469727,24.280000686645508,24.280000686645508,0.0,141600
2025-02-19,22.484905242919922,0.0,24.079999923706055,0.0,24.1200008392334,24.0,24.079999923706055,0.0,33200
2025-02-20,22.690332412719727,0.0,24.299999237060547,0.0,24.329999923706055,24.18000030517578,24.209999084472656,0.0,48100
2025-02-21,22.51291847229004,0.0,24.110000610351562,0.0,24.260000228881836,24.079999923706055,24.209999084472656,0.0,63000
2025-02-24,22.540929794311523,0.0,24.139999389648438,0.0,24.229999542236328,24.139999389648438,24.200000762939453,0.0,17400
2025-02-25,22.793045043945312,0.0,24.40999984741211,0.0,24.489999771118164,24.329999923706055,24.399999618530273,0.0,60300
2025-02-26,22.680992126464844,0.0,24.290000915527344,0.0,24.440000534057617,24.290000915527344,24.389999389648438,0.0,48400
2025-02-27,22.56894302368164,0.0,24.170000076293945,0.0,24.260000228881836,24.1299991607666,24.260000228881836,0.0,42400
2025-02-28,22.522254943847656,0.0,24.1200008392334,0.0,24.139999389648438,23.959999084472656,24.09000015258789,0.0,49100
2025-03-03,22.51291847229004,0.0,24.110000610351562,0.0,24.280000686645508,24.059999465942383,24.170000076293945,0.0,62800
2025-03-04,22.67165756225586,0.0,24.280000686645508,0.0,24.40999984741211,24.059999465942383,24.1200008392334,0.0,52100
2025-03-05,22.783708572387695,0.0,24.399999618530273,0.0,24.459999084472656,24.209999084472656,24.25,0.0,25300
2025-03-06,22.372854232788086,0.0,23.959999084472656,0.0,24.110000610351562,23.959999084472656,24.100000381469727,0.0,60300
2025-03-07,22.680992126464844,0.0,24.290000915527344,0.0,24.290000915527344,24.010000228881836,24.15999984741211,0.0,22900
2025-03-10,22.475568771362305,0.0,24.06999969482422,0.0,24.290000915527344,23.90999984741211,24.229999542236328,0.0,47000
2025-03-11,22.45688819885254,0.0,24.049999237060547,0.0,24.190000534057617,23.959999084472656,24.15999984741211,0.0,138300
2025-03-12,22.596954345703125,0.0,24.200000762939453,0.0,24.209999084472656,24.079999923706055,24.209999084472656,0.0,50400
2025-03-13,22.51291847229004,0.0,24.110000610351562,0.0,24.200000762939453,24.09000015258789,24.09000015258789,0.0,29600
2025-03-14,22.82105827331543,0.0,24.440000534057617,0.0,24.469999313354492,24.209999084472656,24.209999084472656,0.0,47000
2025-03-17,23.0638370513916,0.0,24.700000762939453,0.0,24.739999771118164,24.450000762939453,24.450000762939453,0.0,97500
2025-03-18,22.998472213745117,0.0,24.6299991607666,0.0,24.6299991607666,24.540000915527344,24.59000015258789,0.0,34400
2025-03-19,23.007808685302734,0.0,24.639999389648438,0.0,24.670000076293945,24.459999084472656,24.510000228881836,0.0,18100
2025-03-20,22.97979736328125,0.0,24.610000610351562,0.0,24.610000610351562,24.459999084472656,24.479999542236328,0.0,156100
2025-03-21,22.942447662353516,0.0,24.56999969482422,0.0,24.59000015258789,24.489999771118164,24.489999771118164,0.0,23300
2025-03-24,22.98480224609375,0.0,24.420000076293945,0.195,24.450000762939453,24.360000610351562,24.450000762939453,0.0,19200
2025-03-25,23.097749710083008,0.0,24.540000915527344,0.0,24.670000076293945,24.510000228881836,24.670000076293945,0.0,51200
2025-03-26,23.04127311706543,0.0,24.479999542236328,0.0,24.59000015258789,24.440000534057617,24.540000915527344,0.0,25900
2025-03-27,23.078922271728516,0.0,24.520000457763672,0.0,24.559999465942383,24.459999084472656,24.479999542236328,0.0,14700
2025-03-28,23.107162475585938,0.0,24.549999237060547,0.0,24.59000015258789,24.450000762939453,24.56999969482422,0.0,19900
2025-03-31,23.04127311706543,0.0,24.479999542236328,0.0,24.479999542236328,24.329999923706055,24.40999984741211,0.0,35800
2025-04-01,23.125986099243164,0.0,24.56999969482422,0.0,24.639999389648438,24.489999771118164,24.59000015258789,0.0,55500
2025-04-02,23.069509506225586,0.0,24.510000228881836,0.0,24.530000686645508,24.360000610351562,24.440000534057617,0.0,38400
2025-04-03,23.31422996520996,0.0,24.770000457763672,0.0,25.079999923706055,24.75,24.8700008392334,0.0,38700
2025-04-04,22.420063018798828,0.0,23.81999969482422,0.0,24.389999389648438,23.780000686645508,24.389999389648438,0.0,103800
2025-04-07,21.8741512298584,0.0,23.239999771118164,0.0,24.040000915527344,22.969999313354492,23.270000457763672,0.0,258400
2025-04-08,21.704729080200195,0.0,23.059999465942383,0.0,23.700000762939453,22.8700008392334,23.700000762939453,0.0,80200
2025-04-09,22.51418685913086,0.0,23.920000076293945,0.0,24.200000762939453,22.969999313354492,23.110000610351562,0.0,85600
2025-04-10,22.551836013793945,0.0,23.959999084472656,0.0,24.059999465942383,23.329999923706055,23.329999923706055,0.0,343700
2025-04-11,23.285995483398438,0.0,24.739999771118164,0.0,24.770000457763672,24.100000381469727,24.309999465942383,0.0,26200
2025-04-14,23.540124893188477,0.0,25.010000228881836,0.0,25.020000457763672,24.68000030517578,24.68000030517578,0.0,55700
2025-04-15,23.596599578857422,0.0,25.06999969482422,0.0,25.209999084472656,25.020000457763672,25.020000457763672,0.0,55600
2025-04-16,23.803668975830078,0.0,25.290000915527344,0.0,25.510000228881836,25.209999084472656,25.31999969482422,0.0,133600
2025-04-17,24.25545883178711,0.0,25.770000457763672,0.0,25.809999465942383,25.479999542236328,25.59000015258789,0.0,45800
2025-04-21,24.246044158935547,0.0,25.760000228881836,0.0,25.850000381469727,25.549999237060547,25.670000076293945,0.0,31300
2025-04-22,24.509592056274414,0.0,26.040000915527344,0.0,26.139999389648438,25.950000762939453,26.0,0.0,27500
2025-04-23,24.198984146118164,0.0,25.709999084472656,0.0,26.09000015258789,25.709999084472656,26.010000228881836,0.0,35000
2025-04-24,24.387229919433594,0.0,25.90999984741211,0.0,25.950000762939453,25.719999313354492,25.850000381469727,0.0,27300
2025-04-25,24.236637115478516,0.0,25.75,0.0,25.860000610351562,25.68000030517578,25.709999084472656,0.0,24400
2025-04-28,24.52841567993164,0.0,26.059999465942383,0.0,26.06999969482422,25.780000686645508,25.850000381469727,0.0,20300
2025-04-29,24.594303131103516,0.0,26.1299991607666,0.0,26.1299991607666,25.940000534057617,26.020000457763672,0.0,25500
2025-04-30,24.575477600097656,0.0,26.110000610351562,0.0,26.200000762939453,25.809999465942383,25.969999313354492,0.0,108400
2025-05-01,24.584890365600586,0.0,26.1200008392334,0.0,26.260000228881836,26.049999237060547,26.260000228881836,0.0,149300
2025-05-02,24.923728942871094,0.0,26.479999542236328,0.0,26.59000015258789,26.40999984741211,26.5,0.0,39600
2025-05-05,25.017854690551758,0.0,26.579999923706055,0.0,26.690000534057617,26.520000457763672,26.540000915527344,0.0,44300
2025-05-06,25.111976623535156,0.0,26.68000030517578,0.0,26.770000457763672,26.540000915527344,26.65999984741211,0.0,48100
2025-05-07,25.008440017700195,0.0,26.56999969482422,0.0,26.670000076293945,26.399999618530273,26.56999969482422,0.0,39000
2025-05-08,24.547239303588867,0.0,26.079999923706055,0.0,26.59000015258789,26.020000457763672,26.59000015258789,0.0,91400
2025-05-09,24.70724868774414,0.0,26.25,0.0,26.329999923706055,26.170000076293945,26.239999771118164,0.0,11100
2025-05-12,24.509592056274414,0.0,26.040000915527344,0.0,26.200000762939453,25.93000030517578,26.170000076293945,0.0,3720900
2025-05-13,24.302520751953125,0.0,25.81999969482422,0.0,25.90999984741211,25.760000228881836,25.829999923706055,0.0,108300
2025-05-14,24.189573287963867,0.0,25.700000762939453,0.0,25.93000030517578,25.690000534057617,25.860000610351562,0.0,46500
2025-05-15,24.45311737060547,0.0,25.979999542236328,0.0,26.059999465942383,25.899999618530273,26.049999237060547,0.0,229100
2025-05-16,24.61312484741211,0.0,26.149999618530273,0.0,26.190000534057617,26.010000228881836,26.06999969482422,0.0,141800
2025-05-19,24.726072311401367,0.0,26.270000457763672,0.0,26.31999969482422,26.020000457763672,26.09000015258789,0.0,19700
2025-05-20,24.85784339904785,0.0,26.40999984741211,0.0,26.420000076293945,26.229999542236328,26.290000915527344,0.0,44900
2025-05-21,24.763723373413086,0.0,26.309999465942383,0.0,26.440000534057617,26.25,26.40999984741211,0.0,47600
2025-05-22,24.61312484741211,0.0,26.149999618530273,0.0,26.200000762939453,26.010000228881836,26.1299991607666,0.0,22100
2025-05-23,24.829605102539062,0.0,26.3799991607666,0.0,26.43000030517578,26.170000076293945,26.170000076293945,0.0,9400
2025-05-27,25.036680221557617,0.0,26.600000381469727,0.0,26.65999984741211,26.56999969482422,26.6299991607666,0.0,15900
2025-05-28,25.046092987060547,0.0,26.610000610351562,0.0,26.65999984741211,26.530000686645508,26.59000015258789,0.0,17100
2025-05-29,25.159038543701172,0.0,26.729999542236328,0.0,26.809999465942383,26.639999389648438,26.670000076293945,0.0,27800
2025-05-30,25.28139877319336,0.0,26.860000610351562,0.0,26.93000030517578,26.65999984741211,26.790000915527344,0.0,30000
2025-06-02,25.507291793823242,0.0,27.100000381469727,0.0,27.100000381469727,26.790000915527344,26.920000076293945,0.0,159900
2025-06-03,25.28139877319336,0.0,26.860000610351562,0.0,26.90999984741211,26.739999771118164,26.90999984741211,0.0,27300
2025-06-04,25.290809631347656,0.0,26.8700008392334,0.0,26.8799991607666,26.700000762939453,26.729999542236328,0.0,199300
2025-06-05,25.253162384033203,0.0,26.829999923706055,0.0,26.93000030517578,26.75,26.93000030517578,0.0,131400
2025-06-06,25.271987915039062,0.0,26.850000381469727,0.0,26.8700008392334,26.760000228881836,26.829999923706055,0.0,16900
2025-06-09,25.309635162353516,0.0,26.889999389648438,0.0,26.979999542236328,26.799999237060547,26.850000381469727,0.0,13000
2025-06-10,25.48847007751465,0.0,27.079999923706055,0.0,27.1200008392334,26.979999542236328,27.049999237060547,0.0,893200
2025-06-11,25.507291793823242,0.0,27.100000381469727,0.0,27.18000030517578,27.010000228881836,27.15999984741211,0.0,24900
2025-06-12,25.686126708984375,0.0,27.290000915527344,0.0,27.290000915527344,27.18000030517578,27.200000762939453,0.0,19200
2025-06-13,25.469642639160156,0.0,27.059999465942383,0.0,27.1200008392334,26.899999618530273,27.0,0.0,25200
2025-06-16,25.375520706176758,0.0,26.959999084472656,0.0,27.270000457763672,26.959999084472656,27.239999771118164,0.0,107000
2025-06-17,25.3472843170166,0.0,26.93000030517578,0.0,27.18000030517578,26.920000076293945,27.139999389648438,0.0,20700
2025-06-18,25.516708374023438,0.0,27.110000610351562,0.0,27.25,27.040000915527344,27.1200008392334,0.0,22100
2025-06-20,25.375520706176758,0.0,26.959999084472656,0.0,27.229999542236328,26.959999084472656,27.190000534057617,0.0,16800
2025-06-23,25.658823013305664,0.0,26.989999771118164,0.268,27.049999237060547,26.6200008392334,26.65999984741211,0.0,25700
2025-06-24,25.782411575317383,0.0,27.1200008392334,0.0,27.190000534057617,27.0,27.020000457763672,0.0,18000
2025-06-25,25.658823013305664,0.0,26.989999771118164,0.0,27.100000381469727,26.899999618530273,27.040000915527344,0.0,26800
2025-06-26,25.91550636291504,0.0,27.260000228881836,0.0,27.360000610351562,27.219999313354492,27.270000457763672,0.0,16200
2025-06-27,25.934520721435547,0.0,27.280000686645508,0.0,27.3799991607666,27.280000686645508,27.299999237060547,0.0,13900
2025-06-30,26.048599243164062,0.0,27.399999618530273,0.0,27.43000030517578,27.25,27.299999237060547,0.0,93800
2025-07-01,26.14366912841797,0.0,27.5,0.0,27.56999969482422,27.43000030517578,27.459999084472656,0.0,101500
2025-07-02,26.13416290283203,0.0,27.489999771118164,0.0,27.489999771118164,27.309999465942383,27.350000381469727,0.0,58600
2025-07-03,26.07712173461914,0.0,27.43000030517578,0.0,27.489999771118164,27.40999984741211,27.459999084472656,0.0,9500
2025-07-07,25.772905349731445,0.0,27.110000610351562,0.0,27.360000610351562,27.059999465942383,27.260000228881836,0.0,22600
2025-07-08,25.62079620361328,0.0,26.950000762939453,0.0,27.020000457763672,26.799999237060547,26.90999984741211,0.0,237300
2025-07-09,25.734874725341797,0.0,27.06999969482422,0.0,27.1200008392334,26.940000534057617,27.010000228881836,0.0,12300
2025-07-10,25.5827693939209,0.0,26.90999984741211,0.0,27.010000228881836,26.850000381469727,27.010000228881836,0.0,3971200
2025-07-11,25.364112854003906,0.0,26.68000030517578,0.0,26.850000381469727,26.559999465942383,26.799999237060547,0.0,259700
2025-07-14,25.5067138671875,0.0,26.829999923706055,0.0,26.899999618530273,26.729999542236328,26.729999542236328,0.0,177900
2025-07-15,25.28805923461914,0.0,26.600000381469727,0.0,26.920000076293945,26.540000915527344,26.920000076293945,0.0,39900
2025-07-16,25.40213966369629,0.0,26.719999313354492,0.0,26.719999313354492,26.479999542236328,26.530000686645508,0.0,112000
2025-07-17,25.44016456604004,0.0,26.760000228881836,0.0,26.760000228881836,26.65999984741211,26.670000076293945,0.0,20200
2025-07-18,25.364112854003906,0.0,26.68000030517578,0.0,26.829999923706055,26.6299991607666,26.829999923706055,0.0,33400
2025-07-21,25.68734359741211,0.0,27.020000457763672,0.0,27.079999923706055,26.920000076293945,26.959999084472656,0.0,41500
2025-07-22,25.91550636291504,0.0,27.260000228881836,0.0,27.260000228881836,27.059999465942383,27.09000015258789,0.0,46600
2025-07-23,26.01057243347168,0.0,27.360000610351562,0.0,27.360000610351562,27.149999618530273,27.209999084472656,0.0,13800
2025-07-24,25.72536849975586,0.0,27.059999465942383,0.0,27.219999313354492,26.90999984741211,27.110000610351562,0.0,41700
2025-07-25,25.6683292388916,0.0,27.0,0.0,27.059999465942383,26.829999923706055,26.969999313354492,0.0,20500
2025-07-28,25.5067138671875,0.0,26.829999923706055,0.0,26.959999084472656,26.799999237060547,26.959999084472656,0.0,29200
2025-07-29,25.573261260986328,0.0,26.899999618530273,0.0,26.899999618530273,26.780000686645508,26.860000610351562,0.0,18300
2025-07-30,25.44016456604004,0.0,26.760000228881836,0.0,26.950000762939453,26.729999542236328,26.889999389648438,0.0,24500
2025-07-31,25.26904296875,0.0,26.579999923706055,0.0,26.75,26.549999237060547,26.75,0.0,48500
2025-08-01,25.478191375732422,0.0,26.799999237060547,0.0,26.920000076293945,26.729999542236328,26.770000457763672,0.0,182700
2025-08-04,25.9060001373291,0.0,27.25,0.0,27.290000915527344,27.1299991607666,27.190000534057617,0.0,28400
2025-08-05,25.934520721435547,0.0,27.280000686645508,0.0,27.31999969482422,27.209999084472656,27.239999771118164,0.0,12100
2025-08-06,26.2957763671875,0.0,27.65999984741211,0.0,27.65999984741211,27.440000534057617,27.559999465942383,0.0,7900
2025-08-07,26.324296951293945,0.0,27.690000534057617,0.0,27.75,27.610000610351562,27.75,0.0,13000
2025-08-08,26.400352478027344,0.0,27.770000457763672,0.0,27.829999923706055,27.75,27.829999923706055,0.0,37600
2025-08-11,26.2957763671875,0.0,27.65999984741211,0.0,27.780000686645508,27.600000381469727,27.780000686645508,0.0,310700
2025-08-12,26.438379287719727,0.0,27.809999465942383,0.0,27.809999465942383,27.700000762939453,27.770000457763672,0.0,22900
2025-08-13,26.523941040039062,0.0,27.899999618530273,0.0,27.90999984741211,27.760000228881836,27.860000610351562,0.0,38200
2025-08-14,26.314790725708008,0.0,27.68000030517578,0.0,27.739999771118164,27.649999618530273,27.719999313354492,0.0,3600
2025-08-15,26.35281753540039,0.0,27.719999313354492,0.0,27.84000015258789,27.649999618530273,27.760000228881836,0.0,15300
2025-08-18,26.286272048950195,0.0,27.649999618530273,0.0,27.719999313354492,27.600000381469727,27.690000534057617,0.0,69300
2025-08-19,26.476408004760742,0.0,27.850000381469727,0.0,27.8700008392334,27.670000076293945,27.81999969482422,0.0,242200
2025-08-20,26.638023376464844,0.0,28.020000457763672,0.0,28.079999923706055,27.889999389648438,27.959999084472656,0.0,24600
2025-08-21,26.41936683654785,0.0,27.790000915527344,0.0,27.899999618530273,27.739999771118164,27.84000015258789,0.0,9300
2025-08-22,26.790130615234375,0.0,28.18000030517578,0.0,28.260000228881836,27.81999969482422,27.81999969482422,0.0,50900
2025-08-25,26.552461624145508,0.0,27.93000030517578,0.0,28.149999618530273,27.90999984741211,28.149999618530273,0.0,10500
2025-08-26,26.495420455932617,0.0,27.8700008392334,0.0,27.940000534057617,27.84000015258789,27.889999389648438,0.0,12700
2025-08-27,26.619007110595703,0.0,28.0,0.0,28.0,27.760000228881836,27.760000228881836,0.0,24100
2025-08-28,26.571475982666016,0.0,27.950000762939453,0.0,28.0,27.899999618530273,27.959999084472656,0.0,58400
2025-08-29,26.495420455932617,0.0,27.8700008392334,0.0,27.969999313354492,27.84000015258789,27.850000381469727,0.0,13500
2025-09-02,26.14366912841797,0.0,27.5,0.0,27.530000686645508,27.309999465942383,27.34000015258789,0.0,133700
2025-09-03,26.162683486938477,0.0,27.520000457763672,0.0,27.520000457763672,27.350000381469727,27.420000076293945,0.0,22900
2025-09-04,26.124656677246094,0.0,27.479999542236328,0.0,27.479999542236328,27.360000610351562,27.459999084472656,0.0,7700
2025-09-05,26.466901779174805,0.0,27.84000015258789,0.0,27.889999389648438,27.760000228881836,27.8799991607666,0.0,22800
2025-09-08,26.619007110595703,0.0,28.0,0.0,28.010000228881836,27.8700008392334,28.010000228881836,0.0,10200
2025-09-09,26.609500885009766,0.0,27.989999771118164,0.0,28.059999465942383,27.969999313354492,28.049999237060547,0.0,8200
2025-09-10,26.533447265625,0.0,27.90999984741211,0.0,28.110000610351562,27.90999984741211,28.040000915527344,0.0,253000
2025-09-11,26.828157424926758,0.0,28.219999313354492,0.0,28.219999313354492,28.030000686645508,28.030000686645508,0.0,22700
2025-09-12,26.799636840820312,0.0,28.190000534057617,0.0,28.290000915527344,28.079999923706055,28.200000762939453,0.0,24300
2025-09-15,26.98977279663086,0.0,28.389999389648438,0.0,28.440000534057617,28.329999923706055,28.3700008392334,0.0,14700
2025-09-16,26.894704818725586,0.0,28.290000915527344,0.0,28.40999984741211,28.260000228881836,28.3799991607666,0.0,67700
2025-09-17,26.799636840820312,0.0,28.190000534057617,0.0,28.440000534057617,28.190000534057617,28.309999465942383,0.0,9400
2025-09-18,26.68555450439453,0.0,28.06999969482422,0.0,28.149999618530273,28.040000915527344,28.139999389648438,0.0,14300
2025-09-19,26.599992752075195,0.0,27.979999542236328,0.0,28.059999465942383,27.959999084472656,28.010000228881836,0.0,7400
2025-09-22,26.55100440979004,0.0,27.639999389648438,0.289,27.690000534057617,27.520000457763672,27.6299991607666,0.0,13600
2025-09-23,26.704700469970703,0.0,27.799999237060547,0.0,27.860000610351562,27.690000534057617,27.780000686645508,0.0,24400
2025-09-24,26.368492126464844,0.0,27.450000762939453,0.0,27.690000534057617,27.450000762939453,27.59000015258789,0.0,50100
2025-09-25,26.15715789794922,0.0,27.229999542236328,0.0,27.350000381469727,27.190000534057617,27.350000381469727,0.0,10600
2025-09-26,26.474157333374023,0.0,27.559999465942383,0.0,27.600000381469727,27.31999969482422,27.450000762939453,0.0,64700
2025-09-29,26.522186279296875,0.0,27.610000610351562,0.0,27.649999618530273,27.520000457763672,27.540000915527344,0.0,15500
2025-09-30,26.714305877685547,0.0,27.809999465942383,0.0,27.81999969482422,27.59000015258789,27.690000534057617,0.0,20900
2025-10-01,26.723913192749023,0.0,27.81999969482422,0.0,27.899999618530273,27.760000228881836,27.850000381469727,0.0,116000
2025-10-02,26.57982063293457,0.0,27.670000076293945,0.0,27.770000457763672,27.559999465942383,27.770000457763672,0.0,13100
2025-10-03,26.675884246826172,0.0,27.770000457763672,0.0,27.850000381469727,27.690000534057617,27.739999771118164,0.0,15500
2025-10-06,26.714305877685547,0.0,27.809999465942383,0.0,27.8799991607666,27.729999542236328,27.860000610351562,0.0,9700
2025-10-07,26.474157333374023,0.0,27.559999465942383,0.0,27.719999313354492,27.530000686645508,27.700000762939453,0.0,14500
2025-10-08,26.28203582763672,0.0,27.360000610351562,0.0,27.440000534057617,27.309999465942383,27.440000534057617,0.0,12500
2025-10-09,26.089916229248047,0.0,27.15999984741211,0.0,27.40999984741211,27.1299991607666,27.40999984741211,0.0,90500
2025-10-10,26.003461837768555,0.0,27.06999969482422,0.0,27.299999237060547,27.010000228881836,27.290000915527344,0.0,25000
2025-10-13,26.28203582763672,0.0,27.360000610351562,0.0,27.459999084472656,27.329999923706055,27.350000381469727,0.0,10800
2025-10-14,26.53179359436035,0.0,27.6200008392334,0.0,27.670000076293945,27.389999389648438,27.389999389648438,0.0,62800
2025-10-15,26.474157333374023,0.0,27.559999465942383,0.0,27.68000030517578,27.489999771118164,27.579999923706055,0.0,43100
2025-10-16,26.723913192749023,0.0,27.81999969482422,0.0,27.8799991607666,27.670000076293945,27.799999237060547,0.0,52300
2025-10-17,26.771944046020508,0.0,27.8700008392334,0.0,27.920000076293945,27.719999313354492,27.809999465942383,0.0,21600
2025-10-20,26.88721466064453,0.0,27.989999771118164,0.0,28.0,27.90999984741211,28.0,0.0,11100
2025-10-21,26.829578399658203,0.0,27.93000030517578,0.0,27.979999542236328,27.829999923706055,27.850000381469727,0.0,10800
2025-10-22,27.012094497680664,0.0,28.1200008392334,0.0,28.1299991607666,27.93000030517578,28.0,0.0,8400
2025-10-23,27.2330322265625,0.0,28.350000381469727,0.0,28.3799991607666,28.219999313354492,28.309999465942383,0.0,11300
2025-10-24,27.127365112304688,0.0,28.239999771118164,0.0,28.299999237060547,28.170000076293945,28.219999313354492,0.0,9000
2025-10-27,27.14657974243164,0.0,28.260000228881836,0.0,28.309999465942383,28.149999618530273,28.200000762939453,0.0,13500
2025-10-28,27.165788650512695,0.0,28.280000686645508,0.0,28.299999237060547,28.110000610351562,28.200000762939453,0.0,51000
2025-10-29,26.76233673095703,0.0,27.860000610351562,0.0,28.139999389648438,27.790000915527344,28.139999389648438,0.0,28200
2025-10-30,26.647066116333008,0.0,27.739999771118164,0.0,27.790000915527344,27.600000381469727,27.600000381469727,0.0,5000
2025-10-31,26.49336814880371,0.0,27.579999923706055,0.0,27.600000381469727,27.5,27.540000915527344,0.0,5900
2025-11-03,26.378097534179688,0.0,27.459999084472656,0.0,27.549999237060547,27.3700008392334,27.389999389648438,0.0,37700
2025-11-04,26.358882904052734,0.0,27.440000534057617,0.0,27.549999237060547,27.360000610351562,27.43000030517578,0.0,13400
2025-11-05,26.57021713256836,0.0,27.65999984741211,0.0,27.65999984741211,27.520000457763672,27.540000915527344,0.0,19000
2025-11-06,26.76233673095703,0.0,27.860000610351562,0.0,27.860000610351562,27.670000076293945,27.809999465942383,0.0,25900
2025-11-07,27.012094497680664,0.0,28.1200008392334,0.0,28.139999389648438,27.780000686645508,27.829999923706055,0.0,22800
2025-11-10,26.94485092163086,0.0,28.049999237060547,0.0,28.059999465942383,27.8799991607666,27.989999771118164,0.0,20000
2025-11-11,27.242639541625977,0.0,28.360000610351562,0.0,28.360000610351562,28.200000762939453,28.219999313354492,0.0,8000
2025-11-12,27.21381950378418,0.0,28.329999923706055,0.0,28.389999389648438,28.209999084472656,28.260000228881836,0.0,35600
2025-11-13,26.916032791137695,0.0,28.020000457763672,0.0,28.190000534057617,28.010000228881836,28.139999389648438,0.0,11600
2025-11-14,26.877609252929688,0.0,27.979999542236328,0.0,28.040000915527344,27.959999084472656,27.969999313354492,0.0,16300
2025-11-17,26.752731323242188,0.0,27.850000381469727,0.0,28.049999237060547,27.780000686645508,27.979999542236328,0.0,14900
2025-11-18,26.57982063293457,0.0,27.670000076293945,0.0,27.81999969482422,27.56999969482422,27.670000076293945,0.0,58200
2025-11-19,26.3877010345459,0.0,27.469999313354492,0.0,27.690000534057617,27.469999313354492,27.65999984741211,0.0,11800
2025-11-20,26.214794158935547,0.0,27.290000915527344,0.0,27.600000381469727,27.18000030517578,27.540000915527344,0.0,35800
2025-11-21,26.435733795166016,0.0,27.520000457763672,0.0,27.520000457763672,27.329999923706055,27.360000610351562,0.0,15700
2025-11-24,26.502975463867188,0.0,27.59000015258789,0.0,27.600000381469727,27.420000076293945,27.520000457763672,0.0,25600
2025-11-25,26.733518600463867,0.0,27.829999923706055,0.0,27.920000076293945,27.6299991607666,27.6299991607666,0.0,17100
2025-11-26,26.983274459838867,0.0,28.09000015258789,0.0,28.100000381469727,27.829999923706055,27.959999084472656,0.0,15400
2025-11-28,27.05051612854004,0.0,28.15999984741211,0.0,28.200000762939453,28.049999237060547,28.049999237060547,0.0,2100
2025-12-01,26.723913192749023,0.0,27.81999969482422,0.0,28.030000686645508,27.81999969482422,27.899999618530273,0.0,70100
2025-12-02,26.771944046020508,0.0,27.8700008392334,0.0,28.030000686645508,27.760000228881836,28.030000686645508,0.0,24100
2025-12-03,26.858394622802734,0.0,27.959999084472656,0.0,28.059999465942383,27.829999923706055,27.959999084472656,0.0,8100
2025-12-04,26.743125915527344,0.0,27.84000015258789,0.0,27.950000762939453,27.84000015258789,27.950000762939453,0.0,7600
2025-12-05,26.57982063293457,0.0,27.670000076293945,0.0,27.850000381469727,27.65999984741211,27.829999923706055,0.0,10500
2025-12-08,26.349281311035156,0.0,27.43000030517578,0.0,27.65999984741211,27.43000030517578,27.65999984741211,0.0,20200
2025-12-09,26.32046127319336,0.0,27.399999618530273,0.0,27.579999923706055,27.399999618530273,27.459999084472656,0.0,41600
2025-12-10,26.541399002075195,0.0,27.6299991607666,0.0,27.639999389648438,27.459999084472656,27.459999084472656,0.0,6800
2025-12-11,26.58942985534668,0.0,27.68000030517578,0.0,27.860000610351562,27.68000030517578,27.709999084472656,0.0,26500
2025-12-12,26.675884246826172,0.0,27.770000457763672,0.0,27.850000381469727,27.700000762939453,27.760000228881836,0.0,15100
2025-12-15,26.695096969604492,0.0,27.790000915527344,0.0,27.969999313354492,27.770000457763672,27.81999969482422,0.0,9900
2025-12-16,26.704700469970703,0.0,27.799999237060547,0.0,27.950000762939453,27.799999237060547,27.950000762939453,0.0,50100
2025-12-17,26.733518600463867,0.0,27.829999923706055,0.0,27.940000534057617,27.729999542236328,27.889999389648438,0.0,10400
2025-12-18,26.877609252929688,0.0,27.979999542236328,0.0,28.110000610351562,27.950000762939453,27.950000762939453,0.0,18400
2025-12-19,26.896821975708008,0.0,28.0,0.0,28.09000015258789,27.959999084472656,28.0,0.0,28800
2025-12-22,26.93562126159668,0.0,27.770000457763672,0.27,27.799999237060547,27.610000610351562,27.709999084472656,0.0,22700
2025-12-23,27.061710357666016,0.0,27.899999618530273,0.0,27.979999542236328,27.809999465942383,27.93000030517578,0.0,43800
2025-12-24,27.275104522705078,0.0,28.1200008392334,0.0,28.1299991607666,27.860000610351562,28.059999465942383,0.0,29100
2025-12-26,27.284801483154297,0.0,28.1299991607666,0.0,28.1299991607666,27.969999313354492,28.100000381469727,0.0,28400
2025-12-29,27.236305236816406,0.0,28.079999923706055,0.0,28.18000030517578,28.0,28.06999969482422,0.0,34500
2025-12-30,27.26540184020996,0.0,28.110000610351562,0.0,28.239999771118164,28.110000610351562,28.18000030517578,0.0,13700
2025-12-31,27.158708572387695,0.0,28.0,0.0,28.200000762939453,28.0,28.09000015258789,0.0,11400
2026-01-02,27.352699279785156,0.0,28.200000762939453,0.0,28.239999771118164,28.040000915527344,28.239999771118164,0.0,163300
2026-01-05,27.48849105834961,0.0,28.34000015258789,0.0,28.34000015258789,28.020000457763672,28.059999465942383,0.0,39700
2026-01-06,27.391496658325195,0.0,28.239999771118164,0.0,28.329999923706055,28.149999618530273,28.309999465942383,0.0,36800
2026-01-07,27.67278480529785,0.0,28.530000686645508,0.0,28.59000015258789,28.420000076293945,28.530000686645508,0.0,30900
2026-01-08,27.82797622680664,0.0,28.690000534057617,0.0,28.75,28.59000015258789,28.59000015258789,0.0,22700
2026-01-09,27.798877716064453,0.0,28.65999984741211,0.0,28.719999313354492,28.40999984741211,28.610000610351562,0.0,287800
2026-01-12,27.86677360534668,0.0,28.729999542236328,0.0,28.799999237060547,28.690000534057617,28.75,0.0,24500
2026-01-13,27.575788497924805,0.0,28.43000030517578,0.0,28.790000915527344,28.43000030517578,28.600000381469727,0.0,39300
2026-01-14,27.653385162353516,0.0,28.510000228881836,0.0,28.510000228881836,28.399999618530273,28.450000762939453,0.0,47400
2026-01-15,27.82797622680664,0.0,28.690000534057617,0.0,28.729999542236328,28.610000610351562,28.65999984741211,0.0,98100
2026-01-16,27.983171463012695,0.0,28.850000381469727,0.0,28.8700008392334,28.709999084472656,28.850000381469727,0.0,21200
2026-01-20,27.546688079833984,0.0,28.399999618530273,0.0,28.639999389648438,28.399999618530273,28.6299991607666,0.0,26300
2026-01-21,27.536989212036133,0.0,28.389999389648438,0.0,28.420000076293945,28.200000762939453,28.399999618530273,0.0,18900
2026-01-22,27.740678787231445,0.0,28.600000381469727,0.0,28.690000534057617,28.530000686645508,28.579999923706055,0.0,18500
2026-01-23,27.82797622680664,0.0,28.690000534057617,0.0,28.700000762939453,28.469999313354492,28.540000915527344,0.0,13600
2026-01-26,27.963769912719727,0.0,28.829999923706055,0.0,29.049999237060547,28.829999923706055,29.0,0.0,45400
2026-01-27,28.2547550201416,0.0,29.1299991607666,0.0,29.149999618530273,28.950000762939453,28.979999542236328,0.0,29900
2026-01-28,28.303253173828125,0.0,29.18000030517578,0.0,29.18000030517578,28.989999771118164,29.1200008392334,0.0,51100
2026-01-29,28.642736434936523,0.0,29.530000686645508,0.0,29.530000686645508,29.149999618530273,29.440000534057617,0.0,45300
2026-01-30,28.23535919189453,0.0,29.110000610351562,0.0,29.309999465942383,29.0,29.309999465942383,0.0,18800
2026-02-02,28.02196502685547,0.0,28.889999389648438,0.0,29.010000228881836,28.889999389648438,28.969999313354492,0.0,65300
2026-02-03,28.196557998657227,0.0,29.06999969482422,0.0,29.06999969482422,28.899999618530273,28.899999618530273,0.0,36600
2026-02-04,28.448745727539062,0.0,29.329999923706055,0.0,29.420000076293945,29.170000076293945,29.31999969482422,0.0,32800
2026-02-05,28.118961334228516,0.0,28.989999771118164,0.0,29.170000076293945,28.989999771118164,29.06999969482422,0.0,14600
2026-02-06,28.4681453704834,0.0,29.350000381469727,0.0,29.360000610351562,29.25,29.25,0.0,35800
2026-02-09,28.80763053894043,0.0,29.700000762939453,0.0,29.739999771118164,29.5,29.540000915527344,0.0,28700
2026-02-10,29.040420532226562,0.0,29.940000534057617,0.0,30.079999923706055,29.829999923706055,29.899999618530273,0.0,34800
2026-02-11,29.273208618164062,0.0,30.18000030517578,0.0,30.260000228881836,30.09000015258789,30.09000015258789,0.0,18200
2026-02-12,29.127716064453125,0.0,30.030000686645508,0.0,30.18000030517578,30.030000686645508,30.18000030517578,0.0,4700
2026-02-13,29.098615646362305,0.0,30.0,0.0,30.09000015258789,29.799999237060547,30.030000686645508,0.0,17300
2026-02-17,29.302305221557617,0.0,30.209999084472656,0.0,30.219999313354492,29.860000610351562,29.979999542236328,0.0,49300
2026-02-18,29.050119400024414,0.0,29.950000762939453,0.0,30.1200008392334,29.829999923706055,30.110000610351562,0.0,21900
2026-02-19,29.011320114135742,0.0,29.90999984741211,0.0,29.90999984741211,29.68000030517578,29.81999969482422,0.0,22000
2026-02-20,29.263507843017578,0.0,30.170000076293945,0.0,30.219999313354492,29.899999618530273,29.940000534057617,0.0,32300
2026-02-23,29.19561004638672,0.0,30.100000381469727,0.0,30.239999771118164,30.059999465942383,30.15999984741211,0.0,43500
2026-02-24,29.23440933227539,0.0,30.139999389648438,0.0,30.25,30.1200008392334,30.139999389648438,0.0,8200
2026-02-25,29.389602661132812,0.0,30.299999237060547,0.0,30.360000610351562,30.139999389648438,30.139999389648438,0.0,11200
2026-02-26,29.5447940826416,0.0,30.459999084472656,0.0,30.469999313354492,30.329999923706055,30.40999984741211,0.0,13100
2026-02-27,29.5253963470459,0.0,30.440000534057617,0.0,30.450000762939453,30.290000915527344,30.31999969482422,0.0,10300
2026-03-02,28.856128692626953,0.0,29.75,0.0,29.899999618530273,29.510000228881836,29.770000457763672,0.0,185700
2026-03-03,28.264455795288086,0.0,29.139999389648438,0.0,29.170000076293945,28.549999237060547,28.940000534057617,0.0,44500
2026-03-04,28.342050552368164,0.0,29.219999313354492,0.0,29.31999969482422,28.989999771118164,29.149999618530273,0.0,34800
2026-03-05,27.963769912719727,0.0,28.829999923706055,0.0,29.0,28.68000030517578,29.0,0.0,15300
2026-03-06,27.798877716064453,0.0,28.65999984741211,0.0,28.770000457763672,28.549999237060547,28.549999237060547,0.0,18500
2026-03-09,27.70188331604004,0.0,28.559999465942383,0.0,28.639999389648438,28.0,28.139999389648438,0.0,25800
2026-03-10,27.769777297973633,0.0,28.6299991607666,0.0,28.940000534057617,28.6299991607666,28.739999771118164,0.0,8600
2026-03-11,27.37209701538086,0.0,28.219999313354492,0.0,28.389999389648438,28.170000076293945,28.350000381469727,0.0,12600
2026-03-12,26.90652084350586,0.0,27.739999771118164,0.0,27.920000076293945,27.700000762939453,27.920000076293945,0.0,26300
2026-03-13,26.625234603881836,0.0,27.450000762939453,0.0,27.920000076293945,27.399999618530273,27.770000457763672,0.0,24800
2026-03-16,27.168407440185547,0.0,28.010000228881836,0.0,28.1200008392334,27.899999618530273,27.959999084472656,0.0,55200
2026-03-17,27.362398147583008,0.0,28.209999084472656,0.0,28.450000762939453,28.200000762939453,28.34000015258789,0.0,11300
2026-03-18,27.013214111328125,0.0,27.850000381469727,0.0,28.200000762939453,27.850000381469727,28.190000534057617,0.0,30900
2026-03-19,26.87742042541504,0.0,27.709999084472656,0.0,27.8700008392334,27.479999542236328,27.479999542236328,0.0,21200
2026-03-20,26.14995574951172,0.0,26.959999084472656,0.0,27.6200008392334,26.959999084472656,27.6200008392334,0.0,228500
2026-03-23,26.324804306030273,0.0,26.950000762939453,0.189,27.280000686645508,26.920000076293945,27.079999923706055,0.0,44100
2026-03-24,26.17828369140625,0.0,26.799999237060547,0.0,26.959999084472656,26.65999984741211,26.770000457763672,0.0,11900
2026-03-25,26.383413314819336,0.0,27.010000228881836,0.0,27.059999465942383,26.8799991607666,27.040000915527344,0.0,10500
2026-03-26,25.826635360717773,0.0,26.440000534057617,0.0,26.75,26.3700008392334,26.639999389648438,0.0,27000
2026-03-27,25.572668075561523,0.0,26.18000030517578,0.0,26.280000686645508,26.079999923706055,26.219999313354492,0.0,27500
2026-03-30,25.533594131469727,0.0,26.139999389648438,0.0,26.360000610351562,26.06999969482422,26.209999084472656,0.0,64600
2026-03-31,26.002460479736328,0.0,26.6200008392334,0.0,26.719999313354492,26.280000686645508,26.43000030517578,0.0,33100
2026-04-01,26.442020416259766,0.0,27.06999969482422,0.0,27.290000915527344,26.84000015258789,27.170000076293945,0.0,84800
2026-04-02,26.34433937072754,0.0,26.969999313354492,0.0,27.079999923706055,26.6200008392334,26.829999923706055,0.0,30700
2026-04-06,26.412717819213867,0.0,27.040000915527344,0.0,27.200000762939453,26.959999084472656,27.020000457763672,0.0,14400
2026-04-07,26.4029483795166,0.0,27.030000686645508,0.0,27.110000610351562,26.84000015258789,27.020000457763672,0.0,115200
2026-04-08,27.36998176574707,0.0,28.020000457763672,0.0,28.479999542236328,27.950000762939453,28.290000915527344,0.0,22300
2026-04-09,27.28207015991211,0.0,27.93000030517578,0.0,28.059999465942383,27.700000762939453,27.75,0.0,18100
2026-04-10,27.45789337158203,0.0,28.110000610351562,0.0,28.139999389648438,27.950000762939453,28.079999923706055,0.0,72400
2026-04-13,27.4481258392334,0.0,28.100000381469727,0.0,28.110000610351562,27.719999313354492,27.809999465942383,0.0,14900
2026-04-14,27.916990280151367,0.0,28.579999923706055,0.0,28.649999618530273,28.420000076293945,28.440000534057617,0.0,12800
2026-04-15,27.936527252197266,0.0,28.600000381469727,0.0,28.690000534057617,28.459999084472656,28.56999969482422,0.0,14800
2026-04-16,27.916990280151367,0.0,28.579999923706055,0.0,28.739999771118164,28.540000915527344,28.739999771118164,0.0,12000
2026-04-17,28.20026397705078,0.0,28.8700008392334,0.0,29.149999618530273,28.8700008392334,28.989999771118164,0.0,10300
2026-04-20,28.073278427124023,0.0,28.739999771118164,0.0,28.790000915527344,28.670000076293945,28.760000228881836,0.0,14900
2026-04-21,27.604415893554688,0.0,28.260000228881836,0.0,28.700000762939453,28.239999771118164,28.65999984741211,0.0,12600
2026-04-22,27.721630096435547,0.0,28.3799991607666,0.0,28.559999465942383,28.329999923706055,28.520000457763672,0.0,26700
2026-04-23,27.53603744506836,0.0,28.190000534057617,0.0,28.489999771118164,28.1200008392334,28.389999389648438,0.0,18200
2026-04-24,27.584877014160156,0.0,28.239999771118164,0.0,28.34000015258789,28.15999984741211,28.270000457763672,0.0,7000
2026-04-27,27.496965408325195,0.0,28.149999618530273,0.0,28.299999237060547,28.139999389648438,28.260000228881836,0.0,12800
2026-04-28,27.321142196655273,0.0,27.969999313354492,0.0,28.079999923706055,27.920000076293945,27.920000076293945,0.0,16400
2026-04-29,27.008563995361328,0.0,27.649999618530273,0.0,27.81999969482422,27.6299991607666,27.81999969482422,0.0,16300
2026-04-30,27.584877014160156,0.0,28.239999771118164,0.0,28.309999465942383,28.020000457763672,28.020000457763672,0.0,19700
2026-05-01,27.545806884765625,0.0,28.200000762939453,0.0,28.3700008392334,28.18000030517578,28.209999084472656,0.0,18700
2026-05-04,27.20392417907715,0.0,27.850000381469727,0.0,28.059999465942383,27.790000915527344,28.059999465942383,0.0,31400
2026-05-05,27.38951873779297,0.0,28.040000915527344,0.0,28.15999984741211,27.959999084472656,27.959999084472656,0.0,16800
2026-05-06,27.907222747802734,0.0,28.56999969482422,0.0,28.670000076293945,28.510000228881836,28.510000228881836,0.0,20600
2026-05-07,27.487197875976562,0.0,28.139999389648438,0.0,28.540000915527344,28.139999389648438,28.540000915527344,0.0,17300
2026-05-08,27.594646453857422,0.0,28.25,0.0,28.450000762939453,28.190000534057617,28.299999237060547,0.0,14900
2026-05-11,27.52627182006836,0.0,28.18000030517578,0.0,28.350000381469727,28.139999389648438,28.280000686645508,0.0,9800
2026-05-12,27.17462158203125,0.0,27.81999969482422,0.0,27.950000762939453,27.760000228881836,27.920000076293945,0.0,21200
2026-05-13,27.096477508544922,0.0,27.739999771118164,0.0,27.860000610351562,27.68000030517578,27.75,0.0,18000
2026-05-14,26.910884857177734,0.0,27.549999237060547,0.0,27.719999313354492,27.530000686645508,27.700000762939453,0.0,12000
2026-05-15,26.529932022094727,0.0,27.15999984741211,0.0,27.309999465942383,27.110000610351562,27.280000686645508,0.0,49200
2026-05-18,26.59830665588379,0.0,27.229999542236328,0.0,27.399999618530273,27.1200008392334,27.260000228881836,0.0,39800
2026-05-19,26.676450729370117,0.0,27.309999465942383,0.0,27.34000015258789,27.110000610351562,27.34000015258789,0.0,8700
2026-05-20,26.9499568939209,0.0,27.59000015258789,0.0,27.65999984741211,27.059999465942383,27.25,0.0,42000
2026-05-21,26.930419921875,0.0,27.56999969482422,0.0,27.75,27.360000610351562,27.479999542236328,0.0,16900
2026-05-22,26.76436424255371,0.0,27.399999618530273,0.0,27.459999084472656,27.299999237060547,27.459999084472656,0.0,7500
2026-05-26,26.95972442626953,0.0,27.600000381469727,0.0,27.729999542236328,27.540000915527344,27.68000030517578,0.0,16600
2026-05-27,26.940189361572266,0.0,27.579999923706055,0.0,27.760000228881836,27.579999923706055,27.760000228881836,0.0,12500
2026-05-28,27.028100967407227,0.0,27.670000076293945,0.0,27.770000457763672,27.549999237060547,27.549999237060547,0.0,42900
2026-05-29,27.008563995361328,0.0,27.649999618530273,0.0,27.8799991607666,27.649999618530273,27.809999465942383,0.0,16700
2026-06-01,26.608076095581055,0.0,27.239999771118164,0.0,27.399999618530273,27.09000015258789,27.309999465942383,0.0,39100
2026-06-02,26.52016258239746,0.0,27.149999618530273,0.0,27.290000915527344,27.100000381469727,27.290000915527344,0.0,47100
2026-06-03,26.256427764892578,0.0,26.8799991607666,0.0,26.979999542236328,26.75,26.979999542236328,0.0,11200
2026-06-04,26.275962829589844,0.0,26.899999618530273,0.0,27.09000015258789,26.8799991607666,26.940000534057617,0.0,13300
2026-06-05,25.807100296020508,0.0,26.420000076293945,0.0,26.829999923706055,26.420000076293945,26.829999923706055,0.0,394100
2026-06-08,25.9536190032959,0.0,26.56999969482422,0.0,27.059999465942383,26.559999465942383,26.90999984741211,0.0,34500
2026-06-09,26.217355728149414,0.0,26.84000015258789,0.0,26.969999313354492,26.649999618530273,26.850000381469727,0.0,282500
2026-06-10,26.363876342773438,0.0,26.989999771118164,0.0,27.190000534057617,26.860000610351562,27.040000915527344,0.0,19000
2026-06-11,26.754596710205078,0.0,27.389999389648438,0.0,27.510000228881836,26.950000762939453,27.1200008392334,0.0,21700
2026-06-12,27.018333435058594,0.0,27.65999984741211,0.0,27.700000762939453,27.5,27.56999969482422,0.0,60600
2026-06-15,26.862045288085938,0.0,27.5,0.0,27.690000534057617,27.459999084472656,27.6299991607666,0.0,51100
2026-06-16,26.70575714111328,0.0,27.34000015258789,0.0,27.559999465942383,27.34000015258789,27.420000076293945,0.0,9200
2026-06-17,26.305269241333008,0.0,26.93000030517578,0.0,27.40999984741211,26.93000030517578,27.3700008392334,0.0,11000
2026-06-18,26.26619529724121,0.0,26.889999389648438,0.0,26.969999313354492,26.81999969482422,26.969999313354492,0.0,11400
2026-06-22,26.115888595581055,0.0,26.40999984741211,0.328,26.59000015258789,26.40999984741211,26.489999771118164,0.0,13600
2026-06-23,26.007112503051758,0.0,26.299999237060547,0.0,26.43000030517578,26.25,26.309999465942383,0.0,21000
2026-06-24,26.392770767211914,0.0,26.690000534057617,0.0,26.780000686645508,26.600000381469727,26.700000762939453,0.0,31700
2026-06-25,26.65976333618164,0.0,26.959999084472656,0.0,26.989999771118164,26.81999969482422,26.950000762939453,0.0,8600
2026-06-26,26.837759017944336,0.0,27.139999389648438,0.0,27.200000762939453,27.040000915527344,27.09000015258789,0.0,16500
2026-06-29,26.887203216552734,0.0,27.190000534057617,0.0,27.209999084472656,26.969999313354492,27.059999465942383,0.0,24300
2026-06-30,26.70920753479004,0.0,27.010000228881836,0.0,27.010000228881836,26.8799991607666,26.8799991607666,0.0,35500
2026-07-01,26.600431442260742,0.0,26.899999618530273,0.0,27.030000686645508,26.739999771118164,26.770000457763672,0.0,31500
2026-07-02,27.0058650970459,0.0,27.309999465942383,0.0,27.309999465942383,27.1299991607666,27.299999237060547,0.0,20800
2026-07-06,27.035531997680664,0.0,27.34000015258789,0.0,27.43000030517578,27.239999771118164,27.309999465942383,0.0,11400
2026-07-07,27.045421600341797,0.0,27.350000381469727,0.0,27.489999771118164,27.299999237060547,27.489999771118164,0.0,22900
2026-07-08,26.728984832763672,0.0,27.030000686645508,0.0,27.219999313354492,26.920000076293945,27.219999313354492,0.0,11900
2026-07-09,26.738874435424805,0.0,27.040000915527344,0.0,27.18000030517578,27.020000457763672,27.1200008392334,0.0,549200
2026-07-10,26.8674259185791,0.0,27.170000076293945,0.0,27.329999923706055,27.170000076293945,27.239999771118164,0.0,11700
2026-07-13,26.8674259185791,0.0,27.170000076293945,0.0,27.25,27.040000915527344,27.18000030517578,0.0,28000
2026-07-14,27.06519889831543,0.0,27.3700008392334,0.0,27.420000076293945,27.239999771118164,27.34000015258789,0.0,10700
2026-07-15,27.302526473999023,0.0,27.610000610351562,0.0,27.610000610351562,27.3799991607666,27.420000076293945,0.0,18400
2026-07-16,27.223417282104492,0.0,27.530000686645508,0.0,27.559999465942383,27.329999923706055,27.399999618530273,0.0,58000
2026-07-17,27.391523361206055,0.0,27.700000762939453,0.0,27.739999771118164,27.549999237060547,27.610000610351562,0.0,5900
2026-07-20,27.223417282104492,0.0,27.530000686645508,0.0,27.639999389648438,27.469999313354492,27.56999969482422,0.0,16400
2026-07-21,27.262969970703125,0.0,27.56999969482422,0.0,27.6299991607666,27.510000228881836,27.6299991607666,0.0,8600
2026-07-22,27.29263687133789,0.0,27.600000381469727,0.0,27.700000762939453,27.59000015258789,27.649999618530273,0.0,7000
2026-07-23,27.06519889831543,0.0,27.3700008392334,0.0,27.520000457763672,27.299999237060547,27.520000457763672,0.0,6600
2026-07-24,27.29263687133789,0.0,27.600000381469727,0.0,27.649999618530273,27.350000381469727,27.459999084472656,0.0,22300
2026-07-27,27.381635665893555,0.0,27.690000534057617,0.0,27.829999923706055,27.6299991607666,27.719999313354492,0.0,22000
2026-07-28,27.57940673828125,0.0,27.889999389648438,0.0,28.079999923706055,27.75,27.799999237060547,0.0,66700
2026-07-29,27.58929443359375,0.0,27.899999618530273,0.0,28.1299991607666,27.81999969482422,27.899999618530273,0.0,6000
2026-07-30,28.13317108154297,0.0,28.450000762939453,0.0,28.450000762939453,28.1299991607666,28.149999618530273,0.0,13800
2026-07-31,27.737625122070312,0.0,28.049999237060547,0.0,28.229999542236328,27.8700008392334,28.229999542236328,0.0,15200
2026-08-03,27.698070526123047,0.0,28.010000228881836,0.0,28.1200008392334,27.729999542236328,27.989999771118164,0.0,78700
2026-08-04,27.876066207885742,0.0,28.190000534057617,0.0,28.190000534057617,27.979999542236328,28.049999237060547,0.0,33000
2026-08-05,27.737625122070312,0.0,28.049999237060547,0.0,28.149999618530273,27.959999084472656,28.149999618530273,0.0,13500
2026-08-06,27.57940673828125,0.0,27.889999389648438,0.0,28.0,27.850000381469727,28.0,0.0,17700
2026-08-07,27.806846618652344,0.0,28.1200008392334,0.0,28.18000030517578,27.90999984741211,28.06999969482422,0.0,10600
2026-08-10,27.549741744995117,0.0,27.860000610351562,0.0,27.979999542236328,27.799999237060547,27.90999984741211,0.0,12900
2026-08-11,27.569517135620117,0.0,27.8799991607666,0.0,27.959999084472656,27.75,27.959999084472656,0.0,12300
2026-08-12,27.55963134765625,0.0,27.8700008392334,0.0,27.950000762939453,27.760000228881836,27.950000762939453,0.0,15600
2026-08-13,27.58929443359375,0.0,27.899999618530273,0.0,27.979999542236328,27.790000915527344,27.90999984741211,0.0,18500
2026-08-14,27.470632553100586,0.0,27.780000686645508,0.0,27.8700008392334,27.6299991607666,27.809999465942383,0.0,12800
2026-08-17,27.16408348083496,0.0,27.469999313354492,0.0,27.709999084472656,27.450000762939453,27.709999084472656,0.0,14500
2026-08-18,27.134418487548828,0.0,27.440000534057617,0.0,27.469999313354492,27.290000915527344,27.360000610351562,0.0,25400
2026-08-19,27.193750381469727,0.0,27.5,0.0,27.690000534057617,27.43000030517578,27.549999237060547,0.0,32800
2026-08-20,27.29263687133789,0.0,27.600000381469727,0.0,27.780000686645508,27.600000381469727,27.610000610351562,0.0,13900
2026-08-21,27.51018714904785,0.0,27.81999969482422,0.0,27.969999313354492,27.770000457763672,27.81999969482422,0.0,18700
2026-08-24,27.549741744995117,0.0,27.860000610351562,0.0,27.979999542236328,27.81999969482422,27.860000610351562,0.0,9900
2026-08-25,27.57940673828125,0.0,27.889999389648438,0.0,27.940000534057617,27.81999969482422,27.860000610351562,0.0,10600
2026-08-26,27.51018714904785,0.0,27.81999969482422,0.0,27.93000030517578,27.790000915527344,27.90999984741211,0.0,10500
2026-08-27,27.401411056518555,0.0,27.709999084472656,0.0,27.760000228881836,27.540000915527344,27.700000762939453,0.0,20800
2026-08-28,27.16408348083496,0.0,27.469999313354492,0.0,27.6299991607666,27.389999389648438,27.6299991607666,0.0,23900
2026-08-31,26.9959774017334,0.0,27.299999237060547,0.0,27.459999084472656,27.219999313354492,27.459999084472656,0.0,27600
2026-09-01,26.926755905151367,0.0,27.229999542236328,0.0,27.3700008392334,27.110000610351562,27.219999313354492,0.0,34600
2026-09-02,26.976200103759766,0.0,27.280000686645508,0.0,27.290000915527344,27.209999084472656,27.280000686645508,0.0,12300
2026-09-03,27.223417282104492,0.0,27.530000686645508,0.0,27.549999237060547,27.399999618530273,27.440000534057617,0.0,11400
2026-09-04,27.223417282104492,0.0,27.530000686645508,0.0,27.6200008392334,27.43000030517578,27.43000030517578,0.0,20800
2026-09-08,27.08497428894043,0.0,27.389999389648438,0.0,27.540000915527344,27.34000015258789,27.459999084472656,0.0,21300
2026-09-09,26.738874435424805,0.0,27.040000915527344,0.0,27.34000015258789,27.040000915527344,27.34000015258789,0.0,17500
2026-09-10,26.501544952392578,0.0,26.799999237060547,0.0,26.989999771118164,26.780000686645508,26.889999389648438,0.0,85400
2026-09-11,26.57076644897461,0.0,26.8700008392334,0.0,27.040000915527344,26.8700008392334,27.0,0.0,55400
2026-09-14,26.422435760498047,0.0,26.719999313354492,0.0,26.90999984741211,26.65999984741211,26.670000076293945,0.0,14800
2026-09-15,26.343326568603516,0.0,26.639999389648438,0.0,26.700000762939453,26.59000015258789,26.700000762939453,0.0,25500
2026-09-16,26.264217376708984,0.0,26.559999465942383,0.0,26.729999542236328,26.350000381469727,26.729999542236328,0.0,79700
2026-09-17,26.333438873291016,0.0,26.6299991607666,0.0,26.850000381469727,26.6200008392334,26.850000381469727,0.0,23000
2026-09-18,26.105998992919922,0.0,26.399999618530273,0.0,26.40999984741211,26.31999969482422,26.389999389648438,0.0,8700
2026-09-21,26.110000610351562,0.0,26.110000610351562,0.294,26.260000228881836,26.100000381469727,26.239999771118164,0.0,19300
2026-09-23,25.850000381469727,0.0,25.850000381469727,0.0,26.202800750732422,25.850000381469727,26.149999618530273,0.0,29113
